X,Y,Z
0.020670145750045776,-0.05878010392189026,-0.0007302761077880859
-0.01088877022266388,-0.06709146499633789,-0.015558123588562012
-0.008414864540100098,-0.013322114944458008,-0.09498077630996704
0.0600694939494133,0.01976102590560913,-0.14771497249603271
0.07565239816904068,-0.015323013067245483,-0.2006000280380249
0.06844314187765121,-0.027459561824798584,-0.17430585622787476
0.09509667009115219,-0.015854626893997192,-0.11000537872314453
0.13723155856132507,-0.016183853149414062,-0.036723792552948
0.228060781955719,-0.10425221920013428,0.05290842056274414
0.21280553936958313,-0.26209795475006104,0.2730526924133301
0.14923489093780518,-0.13897579908370972,0.42830032110214233
0.10949532687664032,0.051721274852752686,0.4425109624862671
0.05708688497543335,0.14385417103767395,0.4065723419189453
-0.014378622174263,0.18411308526992798,0.4809628129005432
-0.03177884593605995,0.2946909964084625,0.44399112462997437
-0.21500404179096222,0.20419085025787354,0.38549959659576416
-0.49660634994506836,0.0565548837184906,0.4976835250854492
-0.5556109547615051,-0.04598584771156311,0.517765462398529
-0.5327921509742737,-0.09511536359786987,0.5615503787994385
-0.4912036061286926,0.019503802061080933,0.6070243120193481
-0.24797195196151733,0.16023334860801697,0.47916632890701294
-0.19124886393547058,0.30621907114982605,0.44594424962997437
-0.1282118409872055,0.3055199384689331,0.5212525725364685
-0.29662245512008667,0.20767100155353546,0.6864320635795593
-0.6479840874671936,0.27582865953445435,0.9020687341690063
-0.8721780776977539,0.3588155508041382,1.0216866731643677
-1.0156972408294678,0.39870139956474304,1.0738215446472168
-1.244999885559082,0.46751901507377625,1.1002862453460693
-1.626573920249939,0.5442017912864685,1.0245954990386963
-2.0213468074798584,0.584807813167572,0.9086111783981323
-2.1031455993652344,0.6748194694519043,0.7259199023246765
-1.8624458312988281,0.8046478033065796,0.4534907341003418
-1.6262238025665283,0.8763443231582642,0.25215935707092285
-1.5364782810211182,0.8707966804504395,0.017343103885650635
-1.5923148393630981,0.7947349548339844,-0.20702838897705078
-1.8355448246002197,0.6644237637519836,-0.2758527994155884
-2.1042323112487793,0.5245134830474854,-0.3296353816986084
-2.3515403270721436,0.46816593408584595,-0.46595972776412964
-2.4803285598754883,0.5057224035263062,-0.5858836770057678
-2.418151617050171,0.6317278146743774,-0.8348377346992493
-2.2148029804229736,0.7112421989440918,-1.3766045570373535
-2.069930076599121,0.7552080154418945,-2.0401456356048584
-2.009653091430664,0.9364109635353088,-2.49660325050354
-2.1738128662109375,1.1583675146102905,-2.7728819847106934
-2.534785747528076,1.4194213151931763,-2.845346212387085
-2.8498449325561523,1.7536436319351196,-2.6666979789733887
-2.9252281188964844,2.151089668273926,-2.4734315872192383
-2.842501401901245,2.5887694358825684,-2.2834055423736572
-2.6278178691864014,2.971238613128662,-1.9773499965667725
-2.4249565601348877,3.294121265411377,-1.6738379001617432
-2.3748693466186523,3.509913444519043,-1.5359036922454834
-2.481207847595215,3.6796703338623047,-1.543727159500122
-2.5373854637145996,3.9137585163116455,-1.6419782638549805
-2.4940037727355957,4.177898406982422,-1.7344439029693604
-2.314514398574829,4.409151077270508,-1.8066434860229492
-1.9547693729400635,4.590625762939453,-1.876406192779541
-1.4209637641906738,4.690349102020264,-1.959576964378357
-0.8868517279624939,4.675705909729004,-2.142124652862549
-0.46181005239486694,4.5806498527526855,-2.4306418895721436
-0.22820234298706055,4.390617370605469,-2.802839756011963
-0.03281688690185547,4.214997291564941,-3.1258716583251953
0.09034663438796997,4.042185306549072,-3.2224574089050293
0.0897316038608551,3.7851595878601074,-3.069715976715088
-0.0651131272315979,3.5196056365966797,-2.7932538986206055
-0.4175693392753601,3.214287042617798,-2.472508430480957
-1.0015432834625244,2.911585807800293,-2.2364437580108643
-1.5081380605697632,2.672576427459717,-2.141948699951172
-1.768618106842041,2.542125701904297,-2.2465479373931885
-1.7768137454986572,2.497574806213379,-2.3277881145477295
-1.579294204711914,2.5650556087493896,-2.3262717723846436
-1.4482452869415283,2.558870315551758,-2.164487600326538
-1.5771781206130981,2.5204381942749023,-1.9043171405792236
-1.8974337577819824,2.5031280517578125,-1.786157488822937
-2.3253722190856934,2.438926935195923,-1.6396304368972778
-2.6294753551483154,2.460824728012085,-1.433213233947754
-3.0186567306518555,2.5075502395629883,-1.187637209892273
-3.577894687652588,2.5830845832824707,-0.9921189546585083
-3.870213508605957,2.7555465698242188,-0.8843488097190857
-3.7103939056396484,2.950984239578247,-0.5895844101905823
-3.4193642139434814,2.858924627304077,0.11467456817626953
-3.332401752471924,2.501408576965332,0.5459157824516296
-3.2027511596679688,2.2075226306915283,0.3273959755897522
-3.067491054534912,2.166483163833618,-0.1295347809791565
-3.09574818611145,2.3812904357910156,-0.5302412509918213
-3.1040728092193604,2.720372200012207,-0.7421084642410278
-3.046761989593506,3.163818836212158,-0.606752872467041
-3.0256640911102295,3.6263010501861572,-0.19702935218811035
-2.8946127891540527,3.9007554054260254,0.24313640594482422
-2.691406726837158,3.913564682006836,0.5026072859764099
-2.446805477142334,3.7729270458221436,0.5557654500007629
-2.3137290477752686,3.678100824356079,0.40902334451675415
-2.1750500202178955,3.748866081237793,0.10922300815582275
-1.9846843481063843,4.045957088470459,-0.17867028713226318
-1.8245840072631836,4.570330619812012,-0.3840087950229645
-1.5408475399017334,5.077298164367676,-0.5421596765518188
-1.2606745958328247,5.400110244750977,-0.4997226595878601
-1.0724372863769531,5.581449508666992,-0.35141390562057495
-0.893261730670929,5.571432113647461,-0.14908990263938904
-0.7899771332740784,5.389087677001953,0.06921049952507019
-0.8991279006004333,5.169099807739258,0.24659189581871033
-1.1328718662261963,5.104374885559082,0.49686717987060547
-1.2416763305664062,5.0419793128967285,0.7551956176757812
-1.2874555587768555,4.976632118225098,0.9354038834571838
-1.3868765830993652,4.9344096183776855,0.9357413649559021
-1.6333465576171875,4.839966297149658,0.7404527068138123
-1.737730622291565,4.732536315917969,0.5171358585357666
-2.031742811203003,4.7411322593688965,0.4888155162334442
-2.393092632293701,4.703942775726318,0.6989457607269287
-2.5540871620178223,4.858707427978516,1.1948137283325195
-2.33134388923645,5.179356098175049,1.845890760421753
-1.7643626928329468,5.403337478637695,2.3336057662963867
-1.2059553861618042,5.1311845779418945,2.306297779083252
-1.2062050104141235,4.539596080780029,1.5858948230743408
-1.8256547451019287,4.111337661743164,0.6303107142448425
-2.465299606323242,3.983760356903076,-0.04944336414337158
-2.758619785308838,4.20384407043457,0.03127354383468628
-2.6555519104003906,4.324118137359619,0.4532555341720581
-2.373765230178833,4.592179775238037,0.41804105043411255
-1.7422382831573486,4.547637939453125,0.2479768991470337
-1.4632941484451294,4.336970806121826,-0.2781466841697693
-1.794858455657959,4.3083271980285645,-0.9122456312179565
-2.022857189178467,4.50485897064209,-1.7267203330993652
-1.9753539562225342,4.519041538238525,-2.794567108154297
-1.866708517074585,4.373371124267578,-3.8520336151123047
-1.5256010293960571,4.165515899658203,-4.639824867248535
-0.9345427751541138,3.8566620349884033,-5.008181095123291
-0.6296607255935669,3.250781536102295,-4.619306564331055
-0.9220454692840576,2.4895899295806885,-3.512911319732666
-1.388044834136963,1.9014662504196167,-2.3195395469665527
-1.7722821235656738,1.5743826627731323,-1.5281956195831299
-2.0203685760498047,1.4678997993469238,-1.2300639152526855
-2.150369167327881,1.5282487869262695,-1.35885488986969
-2.2143735885620117,1.776383399963379,-1.8245514631271362
-2.2924447059631348,2.132951259613037,-2.4671571254730225
-2.482990264892578,2.4630239009857178,-3.062998056411743
-2.640920877456665,2.8185415267944336,-3.353891134262085
-2.7428715229034424,3.2308084964752197,-3.2589540481567383
-2.7404391765594482,3.6257872581481934,-2.897442579269409
-2.6152939796447754,4.006021499633789,-2.4844706058502197
-2.4650886058807373,4.373010158538818,-2.0310301780700684
-2.2785351276397705,4.6396331787109375,-1.8158373832702637
-1.985285758972168,4.832931995391846,-1.957234501838684
-1.6663873195648193,5.017392635345459,-2.1457390785217285
-1.2515735626220703,5.134005546569824,-2.2708659172058105
-0.9375330209732056,5.202192306518555,-2.5221805572509766
-0.7874286770820618,5.247347831726074,-2.8560924530029297
-0.5530080795288086,5.289224147796631,-3.115732192993164
-0.19045278429985046,5.250990390777588,-3.3412132263183594
0.25134527683258057,5.008637428283691,-3.2619946002960205
0.5199793577194214,4.690933704376221,-3.447460651397705
0.6152792572975159,4.2612457275390625,-3.441824197769165
0.24809366464614868,3.90226411819458,-3.142678737640381
-0.3091820478439331,3.544069290161133,-2.717015504837036
-0.9497432708740234,3.16981840133667,-2.2851781845092773
-1.419237494468689,2.838170051574707,-2.0508599281311035
-1.4849016666412354,2.5810699462890625,-1.9361318349838257
-1.3743281364440918,2.404210090637207,-1.8528860807418823
-1.2907826900482178,2.3707659244537354,-2.0008692741394043
-1.364153265953064,2.4882943630218506,-2.1868748664855957
-1.6412770748138428,2.5962564945220947,-2.091427803039551
-2.1722421646118164,2.583311080932617,-1.8466134071350098
-2.5847411155700684,2.5007009506225586,-1.5141441822052002
-2.8593387603759766,2.375979423522949,-1.0260154008865356
-3.142666816711426,2.144014835357666,-0.3827921748161316
-3.239478349685669,1.9205141067504883,0.28562915325164795
-3.109744071960449,1.80624520778656,0.7351104617118835
-2.7650094032287598,1.7316681146621704,0.7033870816230774
-2.4386961460113525,1.6872127056121826,0.19240081310272217
-2.3060336112976074,1.7234220504760742,-0.5737936496734619
-2.255145788192749,1.8052728176116943,-1.3031057119369507
-2.3091881275177,1.9587922096252441,-1.7646772861480713
-2.4156553745269775,2.256636619567871,-1.7731170654296875
-2.5601327419281006,2.5917577743530273,-1.3246715068817139
-2.582397937774658,2.8072099685668945,-0.5757626295089722
-2.560880422592163,2.748455762863159,0.11734318733215332
-2.5751380920410156,2.650026321411133,0.5951707363128662
-2.5732569694519043,2.578839063644409,0.7728918790817261
-2.440446138381958,2.592776298522949,0.7418889999389648
-2.2283525466918945,2.741629123687744,0.5441896915435791
-2.002000570297241,3.1713144779205322,0.20099815726280212
-1.7007763385772705,3.6828927993774414,-0.1685064733028412
-1.3292735815048218,4.150485038757324,-0.370391845703125
-0.9313727617263794,4.446292877197266,-0.567983090877533
-0.6343417167663574,4.573074817657471,-0.7545918822288513
-0.4852607846260071,4.623766899108887,-0.7097322940826416
-0.4754016399383545,4.532199382781982,-0.3795000910758972
-0.6790412068367004,4.306028842926025,0.03747445344924927
-0.9655941128730774,4.1176838874816895,0.29574352502822876
-1.1460590362548828,4.020808696746826,0.364393413066864
-1.3638224601745605,4.0395402908325195,0.21622055768966675
-1.6556692123413086,4.140868186950684,-0.09351176023483276
-1.9512611627578735,4.3487162590026855,-0.3667665719985962
-2.227681875228882,4.654296398162842,-0.48555314540863037
-2.49385142326355,5.148983001708984,-0.3014950752258301
-2.412529706954956,5.678107261657715,0.3254430890083313
-1.86343514919281,5.964005470275879,1.1687960624694824
-1.1306610107421875,5.603415489196777,1.8446656465530396
-0.8015212416648865,4.789231300354004,1.8722476959228516
-1.039670467376709,4.169253826141357,1.3764156103134155
-1.4261308908462524,3.741212844848633,0.7483201622962952
-1.996774673461914,3.541423797607422,0.35120466351509094
-2.4758641719818115,3.6326773166656494,0.5069427490234375
-2.4969258308410645,3.8774423599243164,0.9005872011184692
-2.1980690956115723,4.076879978179932,1.1721773147583008
-1.8044242858886719,3.883009433746338,1.1260093450546265
-1.8921165466308594,4.318607330322266,0.7608277797698975
-1.3285155296325684,4.04190731048584,0.1210443377494812
-1.3211297988891602,3.830517292022705,-0.6337603330612183
-1.7066694498062134,3.803981304168701,-1.204872965812683
-1.885259747505188,3.911482810974121,-1.5793085098266602
-1.6042895317077637,3.9959394931793213,-1.930229902267456
-1.0892726182937622,4.040560245513916,-2.287869930267334
-0.5693614482879639,3.9674105644226074,-2.7839863300323486
-0.17864833772182465,3.6437106132507324,-3.3128790855407715
0.12772653996944427,3.357771158218384,-3.6417555809020996
0.2572116553783417,2.9663619995117188,-3.73325777053833
-0.19967785477638245,2.339888334274292,-3.53102445602417
-1.0286331176757812,1.83357572555542,-3.0397815704345703
-1.6365317106246948,1.593264102935791,-2.5922389030456543
-1.9480717182159424,1.5408936738967896,-2.456733226776123
-2.105184316635132,1.5823591947555542,-2.5466065406799316
-2.1776230335235596,1.7493853569030762,-2.7748048305511475
-2.2706780433654785,2.0568718910217285,-3.0951075553894043
-2.397583484649658,2.395826816558838,-3.4161550998687744
-2.461259126663208,2.788552761077881,-3.420544147491455
-2.4884395599365234,3.21950101852417,-3.1649186611175537
-2.5145153999328613,3.6494410037994385,-2.7540433406829834
-2.5435068607330322,4.0352020263671875,-2.324324369430542
-2.4903788566589355,4.3964457511901855,-2.009535312652588
-2.335287094116211,4.703190326690674,-1.9152698516845703
-2.049837827682495,4.945785999298096,-2.0873990058898926
-1.6412696838378906,5.114027500152588,-2.3088603019714355
-1.2353980541229248,5.204829216003418,-2.509246826171875
-0.9647204279899597,5.222438812255859,-2.779134511947632
-0.798835277557373,5.204800128936768,-2.967313528060913
-0.5590746402740479,5.171896934509277,-3.029270648956299
-0.2877078950405121,5.061618804931641,-2.98791766166687
0.06288138031959534,4.721456050872803,-2.9713735580444336
0.4096677899360657,4.2499680519104,-3.0557894706726074
0.5903601050376892,3.720006227493286,-3.0970382690429688
0.3319460153579712,3.277756690979004,-3.128803253173828
-0.31864768266677856,2.892327308654785,-3.0171656608581543
-1.1835658550262451,2.6425867080688477,-2.709657907485962
-1.7711873054504395,2.49489164352417,-2.3417985439300537
-1.9428857564926147,2.34261417388916,-2.0627551078796387
-1.8402562141418457,2.31567645072937,-1.781131386756897
-1.5912600755691528,2.2362170219421387,-1.566239595413208
-1.4959070682525635,2.1630406379699707,-1.4163647890090942
-1.6506640911102295,2.0700578689575195,-1.3398157358169556
-2.0019330978393555,1.9694186449050903,-1.3135828971862793
-2.322896718978882,1.8966920375823975,-1.3258748054504395
-2.5707039833068848,1.8431974649429321,-1.2940833568572998
-2.7339658737182617,1.9019505977630615,-1.114938735961914
-2.9099807739257812,1.9743543863296509,-0.7225273251533508
-3.013925313949585,1.9630038738250732,-0.14042925834655762
-2.935788154602051,1.905613660812378,0.37611567974090576
-2.706569194793701,1.803107500076294,0.4470607042312622
-2.535637855529785,1.6767044067382812,0.12555313110351562
-2.472017288208008,1.7124536037445068,-0.35406771302223206
-2.529463529586792,1.8491476774215698,-0.7960355281829834
-2.699019432067871,2.0044283866882324,-1.0145491361618042
-2.82346510887146,2.2768568992614746,-0.8842300176620483
-2.8650169372558594,2.7686924934387207,-0.47936224937438965
-2.773725986480713,3.2166967391967773,-0.052126288414001465
-2.5684971809387207,3.4028115272521973,0.4309543967247009
-2.395277500152588,3.3926031589508057,0.8015271425247192
-2.268322229385376,3.362131118774414,0.8486377596855164
-2.129328966140747,3.419050931930542,0.6344565153121948
-1.9975807666778564,3.5866129398345947,0.3018306493759155
-1.777026891708374,3.930561065673828,0.0904848575592041
-1.5012927055358887,4.368501663208008,-0.05365002155303955
-1.2211720943450928,4.776778697967529,-0.21216106414794922
-0.9057515859603882,5.029445171356201,-0.30654317140579224
-0.7050459980964661,5.062435626983643,-0.4065784811973572
-0.7367611527442932,4.951169967651367,-0.3785710334777832
-0.9862642288208008,4.823760509490967,-0.08543795347213745
-1.253890037536621,4.654414176940918,0.11500799655914307
-1.6553053855895996,4.736799716949463,0.3508144021034241
-1.8145309686660767,4.917510986328125,0.5465221405029297
-1.7563703060150146,5.105576992034912,0.6253870129585266
-1.6841710805892944,5.089871883392334,0.6313701868057251
-1.7571481466293335,4.9424591064453125,0.5563434362411499
-1.555630087852478,4.782164096832275,0.5038167238235474
-1.765030860900879,4.740874290466309,0.6785889267921448
-1.9037278890609741,4.541591644287109,0.9614763259887695
-2.0640311241149902,4.57328987121582,1.1918622255325317
-2.1676876544952393,4.7350921630859375,1.389225721359253
-2.085268497467041,4.725417613983154,1.3613159656524658
-2.1573474407196045,4.587404251098633,1.1202536821365356
-2.290729522705078,4.558526992797852,0.8502581715583801
-2.2742528915405273,4.593539714813232,0.8118776082992554
-2.204331874847412,4.531904697418213,0.758065938949585
-2.0901570320129395,4.393694877624512,0.5101248621940613
-1.791534423828125,4.270820140838623,0.18159103393554688
-1.4924798011779785,4.119487762451172,0.24428153038024902
-1.354184865951538,4.12465238571167,0.04197978973388672
-1.3504023551940918,3.8482484817504883,-0.2495574951171875
-1.241378903388977,3.810093641281128,-0.7230117917060852
-0.9524900913238525,3.715141534805298,-1.4172837734222412
-0.6969606876373291,3.5182220935821533,-2.090974807739258
-0.584754467010498,3.3941702842712402,-2.5832297801971436
-0.3720358908176422,3.2019224166870117,-2.9356842041015625
-0.1395241916179657,2.983661413192749,-3.1541473865509033
-0.07263016700744629,2.6792800426483154,-3.2524237632751465
-0.396213173866272,2.239064931869507,-3.145413398742676
-0.9396127462387085,1.7752048969268799,-2.864305257797241
-1.485335111618042,1.4559857845306396,-2.55228590965271
-2.1081714630126953,1.3173466920852661,-2.3648886680603027
-2.651517391204834,1.324695348739624,-2.456099033355713
-2.9614858627319336,1.558390498161316,-2.7301769256591797
-3.054486036300659,1.934876561164856,-3.0915160179138184
-2.9290401935577393,2.3366217613220215,-3.3047103881835938
-2.731571674346924,2.6879665851593018,-3.304553985595703
-2.450198173522949,2.9849767684936523,-3.1719741821289062
-2.181580066680908,3.241213321685791,-2.942720651626587
-1.976224660873413,3.4810259342193604,-2.675833225250244
-1.7886927127838135,3.7569632530212402,-2.481208086013794
-1.6233439445495605,4.0531487464904785,-2.4357454776763916
-1.4105178117752075,4.420182228088379,-2.4598889350891113
-0.9697560667991638,4.736018657684326,-2.468763589859009
-0.44683125615119934,4.934506416320801,-2.521019220352173
0.1366761028766632,4.9505085945129395,-2.733793258666992
0.6970715522766113,4.8144378662109375,-2.910839319229126
1.0075994729995728,4.579135894775391,-2.919548511505127
1.0210068225860596,4.3218464851379395,-3.0150108337402344
0.890633225440979,4.003059387207031,-2.9472174644470215
0.763002872467041,3.651691436767578,-2.8211653232574463
0.7460740804672241,3.351290702819824,-2.8773720264434814
0.7174174785614014,3.1652090549468994,-3.0490429401397705
0.540945827960968,2.9560508728027344,-2.9818029403686523
0.09123247861862183,2.679711103439331,-2.6940736770629883
-0.5123881697654724,2.4855215549468994,-2.5063228607177734
-0.9941367506980896,2.278266668319702,-2.1969518661499023
-1.2959978580474854,1.9888484477996826,-1.786338448524475
-1.5339927673339844,1.676293969154358,-1.4165072441101074
-1.7275530099868774,1.418605923652649,-1.1708070039749146
-1.8088831901550293,1.2330543994903564,-1.0533907413482666
-1.87266206741333,1.0914461612701416,-0.9390242099761963
-1.7817274332046509,1.0059469938278198,-0.7710025310516357
-1.614023208618164,0.977006196975708,-0.5701826214790344
-1.4973689317703247,0.9697392582893372,-0.3902696967124939
-1.5421706438064575,0.9728453159332275,-0.2572309374809265
-1.8417528867721558,0.9965549111366272,-0.28503817319869995
-2.321399450302124,1.0762677192687988,-0.5164971947669983
-2.6639492511749268,1.254969596862793,-0.8774803876876831
-2.7433888912200928,1.5141990184783936,-1.1892200708389282
-2.7320199012756348,1.7470754384994507,-1.357840657234192
-2.705778121948242,1.9544382095336914,-1.3536685705184937
-2.635918140411377,2.136975049972534,-1.1447681188583374
-2.632256507873535,2.3290855884552,-0.8046839237213135
-2.6078243255615234,2.543996810913086,-0.4469761848449707
-2.526113986968994,2.759126663208008,-0.10296183824539185
-2.45930814743042,2.931118965148926,0.1727471947669983
-2.4409451484680176,3.092252731323242,0.3116776943206787
-2.374164342880249,3.296093702316284,0.40469345450401306
-2.2078890800476074,3.4773545265197754,0.5222152471542358
-2.0464000701904297,3.6878280639648438,0.5562183260917664
-1.9363524913787842,3.9825525283813477,0.473160982131958
-1.6931583881378174,4.366101264953613,0.3212689161300659
-1.3531800508499146,4.7369513511657715,0.04217708110809326
-1.09906804561615,4.967306137084961,-0.3018888831138611
-0.9343961477279663,5.1291584968566895,-0.2783873677253723
-0.7797225117683411,5.041849613189697,-0.10804140567779541
-0.8001706004142761,4.777040004730225,0.11071085929870605
-1.048816442489624,4.555784702301025,0.3199422359466553
-1.358945608139038,4.368643760681152,0.47506046295166016
-1.60049307346344,4.2848920822143555,0.5877979397773743
-1.7495148181915283,4.377161026000977,0.6481856107711792
-1.783397912979126,4.612427711486816,0.4231538772583008
-1.753981590270996,4.877718925476074,0.16702735424041748
-1.7193504571914673,4.947004318237305,0.013450860977172852
-1.9815196990966797,4.896742820739746,0.12830829620361328
-2.2728538513183594,4.802767753601074,0.6461158990859985
-2.371718645095825,4.80234432220459,1.242928147315979
-2.2862842082977295,4.862149715423584,1.6784822940826416
-1.9346178770065308,4.813696384429932,2.176692485809326
-1.805990219116211,4.49073600769043,2.236111640930176
-1.9623277187347412,4.0093512535095215,1.604338526725769
-2.344470977783203,3.765577554702759,0.8756237030029297
-2.761794328689575,3.874922752380371,0.6386426687240601
-3.044950246810913,4.166176795959473,0.6945247650146484
-3.023371934890747,4.402225494384766,0.7711959481239319
-2.4701344966888428,4.529358863830566,0.7933454513549805
-1.923868179321289,4.441620826721191,1.0107835531234741
-1.6885015964508057,4.423633098602295,0.7510359883308411
-1.5660502910614014,4.212413787841797,0.2575710415840149
-1.6039140224456787,4.041680335998535,-0.40318650007247925
-1.5384235382080078,3.8839285373687744,-1.2309393882751465
-1.3428932428359985,3.6355865001678467,-2.0417628288269043
-1.1991451978683472,3.4406166076660156,-2.655059576034546
-0.8370815515518188,3.2687392234802246,-3.1043434143066406
-0.47875940799713135,3.006227731704712,-3.4068288803100586
-0.4236988127231598,2.649984836578369,-3.2592084407806396
-0.5957484245300293,2.213657855987549,-2.7268881797790527
-0.9156608581542969,1.7993805408477783,-2.2186810970306396
-1.2285332679748535,1.4685022830963135,-1.910391092300415
-1.4768702983856201,1.253098726272583,-1.831500768661499
-1.7376558780670166,1.1525342464447021,-2.0234782695770264
-2.0431010723114014,1.114715337753296,-2.430802822113037
-2.3743245601654053,1.1720528602600098,-2.903235912322998
-2.612536668777466,1.3772627115249634,-3.2814645767211914
-2.754746913909912,1.6376599073410034,-3.4586808681488037
-2.793178081512451,1.9719642400741577,-3.427778959274292
-2.67549991607666,2.372514486312866,-3.220545530319214
-2.4974277019500732,2.7196450233459473,-2.9011998176574707
-2.3578689098358154,3.0194926261901855,-2.573594808578491
-2.2652904987335205,3.2292184829711914,-2.4405269622802734
-2.1145071983337402,3.4143471717834473,-2.5078985691070557
-1.9283802509307861,3.5789437294006348,-2.6432313919067383
-1.7229855060577393,3.698498249053955,-2.818298816680908
-1.3715953826904297,3.8119664192199707,-3.0128931999206543
-0.9895907640457153,3.951911449432373,-3.1881890296936035
-0.5705257058143616,4.021712303161621,-3.446314573287964
-0.15781962871551514,4.143024444580078,-3.9588277339935303
0.306669145822525,4.151528358459473,-4.0052409172058105
0.6800262928009033,4.045185565948486,-3.797511100769043
0.8780293464660645,3.766826868057251,-3.4091696739196777
0.9860920906066895,3.382463216781616,-3.055634021759033
0.9314897060394287,2.9583873748779297,-2.9399566650390625
0.5126487612724304,2.4762234687805176,-2.8683128356933594
-0.21853762865066528,2.0379366874694824,-2.7585549354553223
-0.969648003578186,1.736060619354248,-2.6445224285125732
-1.5610692501068115,1.5824191570281982,-2.4644124507904053
-1.8588203191757202,1.4526697397232056,-2.265796661376953
-1.9725089073181152,1.363990068435669,-1.98533034324646
-1.8924927711486816,1.3022205829620361,-1.6351993083953857
-1.7432332038879395,1.2219645977020264,-1.3242815732955933
-1.5269243717193604,1.1537320613861084,-1.0091331005096436
-1.3389161825180054,1.1225144863128662,-0.7142226696014404
-1.3201686143875122,1.073851227760315,-0.46871984004974365
-1.4542889595031738,1.0469238758087158,-0.3258427381515503
-1.762742519378662,1.0591275691986084,-0.2915610671043396
-2.1326234340667725,1.0721683502197266,-0.32561224699020386
-2.41078519821167,1.1611679792404175,-0.39414846897125244
-2.6239049434661865,1.3456761837005615,-0.5452340841293335
-2.704460620880127,1.5279972553253174,-0.7090516090393066
-2.700296640396118,1.6542352437973022,-0.7549238204956055
-2.677539587020874,1.8042433261871338,-0.7053065299987793
-2.6390485763549805,2.003912925720215,-0.5665971040725708
-2.6893465518951416,2.3160057067871094,-0.3558700680732727
-2.675297260284424,2.740082263946533,-0.1214519739151001
-2.5353219509124756,3.0615055561065674,0.25345170497894287
-2.3268003463745117,3.2597992420196533,0.6487363576889038
-2.0960779190063477,3.3246548175811768,0.9481246471405029
-1.8994582891464233,3.2946834564208984,1.076648235321045
-1.7173449993133545,3.2905538082122803,0.9321394562721252
-1.574189305305481,3.3988075256347656,0.5002515316009521
-1.4416241645812988,3.619948625564575,-0.15848630666732788
-1.2810924053192139,3.928537368774414,-0.7792612314224243
-1.1146643161773682,4.314744472503662,-1.2153785228729248
-0.901029646396637,4.61431360244751,-1.2585110664367676
-0.7038055658340454,4.817679405212402,-0.9250032901763916
-0.4808276891708374,4.8483123779296875,-0.5224446058273315
-0.2812333106994629,4.709136009216309,-0.18653863668441772
-0.21312963962554932,4.468669414520264,0.10340738296508789
-0.22322553396224976,4.049191474914551,0.3431636691093445
-0.3354705572128296,3.6985769271850586,0.5403404235839844
-0.5181227922439575,3.6174802780151367,0.7226064801216125
-0.4030001163482666,3.3929083347320557,0.7574211359024048
-0.5963373184204102,3.2066640853881836,0.6640970706939697
-1.074183702468872,3.051436424255371,0.4277957081794739
-1.4244253635406494,2.9718918800354004,0.22069406509399414
-1.9573760032653809,3.0390665531158447,0.0879092812538147
-2.3631482124328613,3.248380661010742,0.09142690896987915
-2.444211959838867,3.5517263412475586,0.21209615468978882
-2.438232183456421,3.88960599899292,0.36931073665618896
-2.134589910507202,4.070561408996582,0.7982085943222046
-1.7606450319290161,3.977837562561035,1.2613797187805176
-1.7150921821594238,3.7386016845703125,1.4093387126922607
-1.8084701299667358,3.557738780975342,1.298477053642273
-2.114863395690918,3.5227034091949463,1.0176682472229004
-2.4152798652648926,3.60132098197937,0.8171893358230591
-2.6767430305480957,3.7430944442749023,0.7782995700836182
-2.6577231884002686,3.9814000129699707,0.938624382019043
-2.3564038276672363,4.100183010101318,1.136641025543213
-1.9829661846160889,4.186253547668457,1.037907361984253
-1.5263051986694336,4.056970596313477,0.5365331172943115
-1.212998628616333,3.8050854206085205,0.2832033336162567
-1.018263578414917,3.648975372314453,-0.004354327917098999
-1.2355656623840332,3.330601692199707,-0.35083985328674316
-1.3459622859954834,3.468402862548828,-0.7557582259178162
-0.7327004671096802,3.3188185691833496,-0.9682757258415222
-0.2887890338897705,3.32912278175354,-1.2905184030532837
0.16832135617733002,3.1457204818725586,-1.5938853025436401
0.5440370440483093,2.773318290710449,-1.71309232711792
0.42907238006591797,2.525224208831787,-1.6540870666503906
0.1133543998003006,2.2968480587005615,-1.569990634918213
-0.12227924168109894,2.139455795288086,-1.5909514427185059
-0.31506744027137756,2.028282880783081,-1.6469569206237793
-0.41600221395492554,1.9400229454040527,-1.7584247589111328
-0.520858883857727,1.835024118423462,-1.9284663200378418
-0.6369293928146362,1.7025651931762695,-2.1650400161743164
-0.7490517497062683,1.6362398862838745,-2.4364612102508545
-0.8904049396514893,1.6837679147720337,-2.6175432205200195
-1.034898281097412,1.8511672019958496,-2.755951404571533
-1.1085655689239502,2.0656850337982178,-2.902567148208618
-1.2248769998550415,2.2624990940093994,-2.9242045879364014
-1.27958083152771,2.3713057041168213,-2.7832069396972656
-1.3218176364898682,2.4964840412139893,-2.5197412967681885
-1.3265228271484375,2.662743091583252,-2.1447651386260986
-1.316199541091919,2.821305751800537,-1.671975016593933
-1.3095667362213135,2.9811320304870605,-1.1537821292877197
-1.2742316722869873,3.113912582397461,-0.6831017136573792
-1.2530486583709717,3.2105941772460938,-0.22223830223083496
-1.2180845737457275,3.3115148544311523,0.21456551551818848
-1.1736385822296143,3.3790924549102783,0.5688880681991577
-1.0422306060791016,3.4449384212493896,0.7987237572669983
-0.8045555949211121,3.499328136444092,0.9164071679115295
-0.5574168562889099,3.469766616821289,0.9975082278251648
-0.35191765427589417,3.3915131092071533,1.0368657112121582
-0.1896696388721466,3.290928363800049,1.0429577827453613
-0.02935042977333069,3.1812305450439453,1.0328073501586914
0.1467646360397339,3.0825142860412598,1.0011444091796875
0.3195103108882904,2.9479305744171143,0.9868514537811279
0.4076843857765198,2.7829959392547607,0.9805519580841064
0.4469250440597534,2.5985209941864014,0.9936940670013428
0.44128209352493286,2.4227397441864014,0.9399497509002686
0.3961917757987976,2.270075798034668,0.7963624000549316
0.3116323947906494,2.1432220935821533,0.6462371349334717
0.23154997825622559,2.0509371757507324,0.4995536208152771
0.17426973581314087,2.03183650970459,0.38374531269073486
0.13534176349639893,1.9906113147735596,0.28974437713623047
0.09497886896133423,1.9560796022415161,0.2387700080871582
0.03750878572463989,1.973987340927124,0.24247193336486816
-0.05490708351135254,2.0128839015960693,0.29251956939697266
-0.20471912622451782,2.026723861694336,0.3255664110183716
-0.40329208970069885,2.0624842643737793,0.3345540761947632
-0.5853284597396851,2.077763557434082,0.30974575877189636
-0.7280443906784058,2.0119781494140625,0.22991478443145752
-0.8892147541046143,1.911185383796692,0.11361740529537201
-1.0426439046859741,1.822331428527832,-0.009389743208885193
-1.0268384218215942,1.7185544967651367,-0.14427447319030762
-0.8658158183097839,1.6238446235656738,-0.27400636672973633
-0.627719521522522,1.5305020809173584,-0.3392493724822998
-0.38074660301208496,1.4379277229309082,-0.25810909271240234
-0.21875885128974915,1.3845272064208984,-0.0716332197189331
-0.18772441148757935,1.3145461082458496,0.04466056451201439
-0.25907713174819946,1.2133612632751465,0.07300883531570435
-0.4625229835510254,1.0757665634155273,0.004473034292459488
-0.6960223317146301,0.8391159176826477,-0.18640218675136566
-0.8452390432357788,0.5836696028709412,-0.4322453737258911
-0.9071969389915466,0.32012104988098145,-0.6254514455795288
-0.9465454816818237,0.03980553150177002,-0.7443405985832214
-0.979958713054657,-0.19573336839675903,-0.7965790629386902
-0.9846263527870178,-0.39615023136138916,-0.7804923057556152
-1.0177171230316162,-0.5810754299163818,-0.7580512762069702
-1.073718786239624,-0.7002089619636536,-0.7474356889724731
-1.0905430316925049,-0.776184618473053,-0.7058197259902954
-1.0645970106124878,-0.823607325553894,-0.6459804773330688
-0.9998676180839539,-0.8347551822662354,-0.5776345729827881
-0.8877153992652893,-0.8308407664299011,-0.4457510709762573
-0.7495609521865845,-0.8028225302696228,-0.2702755928039551
-0.592890739440918,-0.7607631683349609,-0.11812132596969604
-0.472245991230011,-0.7156690359115601,-0.04725748300552368
-0.4141940474510193,-0.6716680526733398,-0.047309041023254395
-0.41534000635147095,-0.639847993850708,-0.04327458143234253
-0.4207099378108978,-0.5981535315513611,-0.01978325843811035
-0.3804531693458557,-0.5548030138015747,0.06886374950408936
-0.3248176574707031,-0.49346548318862915,0.19588375091552734
-0.25369977951049805,-0.4410555362701416,0.27661365270614624
-0.20009854435920715,-0.3813680410385132,0.2696860432624817
-0.13919582962989807,-0.3211063742637634,0.2515110969543457
-0.07896411418914795,-0.2721969485282898,0.2522585093975067
-0.045664429664611816,-0.22136825323104858,0.25863149762153625
-0.05720074474811554,-0.1988871693611145,0.2899206280708313
-0.1117880791425705,-0.1824876070022583,0.34665417671203613
-0.12881974875926971,-0.1517689824104309,0.3715818524360657
-0.08649235963821411,-0.1264481544494629,0.35335057973861694
-0.03161422908306122,-0.10504943132400513,0.30599504709243774
0.031647175550460815,-0.07424789667129517,0.23845690488815308
0.11104816198348999,-0.023649930953979492,0.17425638437271118
0.176472470164299,0.007516682147979736,0.13571953773498535
0.1961759477853775,0.02641969919204712,0.13564223051071167
0.16558554768562317,0.03602355718612671,0.14470446109771729
0.09443779289722443,0.040032148361206055,0.16001665592193604
0.03618805110454559,0.037287116050720215,0.17248797416687012
-0.02565985918045044,0.027550101280212402,0.19001972675323486
-0.08301816880702972,0.036711156368255615,0.243608295917511
-0.11140395700931549,0.03968781232833862,0.30029386281967163
-0.12756745517253876,0.043107688426971436,0.3187904953956604
-0.14739134907722473,0.056437909603118896,0.3093221187591553
-0.16749480366706848,0.07087105512619019,0.2934715747833252
-0.17530634999275208,0.08388447761535645,0.29211294651031494
-0.1872035712003708,0.10697704553604126,0.30004507303237915
-0.1979701966047287,0.13631057739257812,0.31987130641937256
-0.20997534692287445,0.1634616255760193,0.353751540184021
-0.2607869803905487,0.18230557441711426,0.39563775062561035
-0.31705448031425476,0.15988636016845703,0.4396345019340515
-0.31731894612312317,0.12760961055755615,0.483234167098999
-0.28025245666503906,0.09021556377410889,0.5307403802871704
-0.17981117963790894,0.14214420318603516,0.5381724238395691
-0.1339835524559021,0.145734965801239,0.5105496048927307
-0.19673624634742737,-0.004764676094055176,0.4404052495956421
-0.2411995232105255,-0.06180506944656372,0.3673396110534668
-0.28196367621421814,-0.05240070819854736,0.3451409935951233
-0.30945730209350586,-0.03064185380935669,0.3510063588619232
-0.3077612519264221,-0.028443217277526855,0.3413240313529968
-0.28035783767700195,-0.06143373250961304,0.3187207281589508
-0.21651768684387207,-0.07573860883712769,0.30177322030067444
-0.09417599439620972,-0.07227325439453125,0.25858333706855774
0.002107560634613037,-0.06690168380737305,0.17545253038406372
0.04294419288635254,-0.06700962781906128,0.04131418466567993
0.07243996858596802,-0.09577953815460205,-0.1099008321762085
0.084686279296875,-0.11524206399917603,-0.21185320615768433
0.11903524398803711,-0.1368929147720337,-0.24259257316589355
0.24130308628082275,-0.1504955291748047,-0.22482669353485107
0.4405573606491089,-0.10280865430831909,-0.15802717208862305
0.637594997882843,-0.0340537428855896,-0.06258606910705566
0.7738486528396606,0.03586381673812866,-0.0009620189666748047
0.8232432007789612,0.11932271718978882,0.0023316144943237305
0.7989957332611084,0.2134174108505249,-0.06523573398590088
0.7479793429374695,0.2727547883987427,-0.18077713251113892
0.6074373722076416,0.3080819249153137,-0.3387067914009094
0.4296573996543884,0.32855379581451416,-0.5290650725364685
0.23149600625038147,0.3451208472251892,-0.6368122100830078
-0.023422569036483765,0.34572213888168335,-0.577898383140564
-0.21801182627677917,0.31028932332992554,-0.3775315284729004
-0.3300834894180298,0.2574180066585541,-0.17512303590774536
-0.4364972412586212,0.19162100553512573,-0.017711997032165527
-0.5056160688400269,0.12948983907699585,0.07368594408035278
-0.5135856866836548,0.06266802549362183,0.07382369041442871
-0.5564054250717163,0.04308086633682251,-0.013020634651184082
-0.8247256278991699,0.03386276960372925,-0.06819629669189453
-1.1965208053588867,-0.06600587069988251,0.04063689708709717
-1.467620611190796,-0.1760101318359375,0.2821580171585083
-1.5788242816925049,-0.39552098512649536,0.5940732955932617
-1.5239412784576416,-0.5570659041404724,0.8536351919174194
-1.3320664167404175,-0.5602377653121948,0.9015213251113892
-1.1067922115325928,-0.5814947485923767,0.7363631129264832
-0.8869160413742065,-0.5612232685089111,0.5175924897193909
-0.766767144203186,-0.5071938633918762,0.3788418769836426
-0.7496597170829773,-0.4903212785720825,0.3371819853782654
-0.809876024723053,-0.533911406993866,0.3626302480697632
-0.769015908241272,-0.5234836339950562,0.38580024242401123
-0.7392507791519165,-0.5845681428909302,0.37520426511764526
-0.7488860487937927,-0.6241098642349243,0.35784912109375
-0.6070787310600281,-0.5591096878051758,0.3126254677772522
-0.5145986080169678,-0.5328711867332458,0.26177269220352173
-0.42396146059036255,-0.49939247965812683,0.21429932117462158
-0.36118820309638977,-0.4407936930656433,0.16483771800994873
-0.3419671058654785,-0.45422565937042236,0.09931749105453491
-0.4017220735549927,-0.469011515378952,0.0777508020401001
-0.5351978540420532,-0.4777993857860565,0.0908132791519165
-0.7322292327880859,-0.5664259791374207,0.13928252458572388
-0.8274986743927002,-0.5911964178085327,0.494814395904541
-0.9158703088760376,-0.649776816368103,1.0621824264526367
-0.7877422571182251,-0.6543306708335876,0.8443483114242554
-0.580643892288208,-0.4809367060661316,0.15305078029632568
-0.45434486865997314,-0.4428552985191345,-0.27898621559143066
-0.4377099275588989,-0.3770548701286316,-0.44418537616729736
-0.41674402356147766,-0.2744106948375702,-0.46303504705429077
-0.3213694989681244,-0.1773332953453064,-0.4093233346939087
-0.2786882519721985,-0.10249064862728119,-0.22410297393798828
-0.25394535064697266,-0.09494316577911377,0.17856085300445557
-0.23424512147903442,-0.11622151732444763,0.6220734119415283
-0.37149888277053833,-0.12951542437076569,0.5916453003883362
-0.33742213249206543,-0.19893042743206024,0.3044232726097107
-0.25222185254096985,-0.1895681768655777,0.025796234607696533
-0.24247169494628906,-0.1025933027267456,-0.14529848098754883
-0.38023290038108826,-0.15353000164031982,-0.19289273023605347
-0.38216274976730347,-0.20062392950057983,-0.1664637327194214
-0.3604986369609833,-0.07589638233184814,0.15393853187561035
-0.4066048860549927,-0.15585052967071533,0.30029916763305664
-0.329059362411499,-0.11519044637680054,0.09203553199768066
-0.2713838517665863,-0.15738974511623383,-0.11797749996185303
-0.18061313033103943,-0.3146362602710724,-0.2887120842933655
-0.01048251986503601,-0.2624548673629761,-0.5930097103118896
-0.04895851016044617,-0.002702057361602783,-0.6758898496627808
0.05427369475364685,-0.3011578321456909,-0.14317792654037476
0.28763246536254883,-0.4775485396385193,0.16489863395690918
0.04442837834358215,-0.15848010778427124,0.6250647306442261
-0.1920355260372162,0.07708129286766052,-0.011590003967285156
-0.6344106197357178,0.13584096729755402,0.07283139228820801
-0.9202622175216675,0.12127506732940674,0.08321249485015869
-0.8992141485214233,0.11641176044940948,0.06329900026321411
-0.7178219556808472,-0.02749551832675934,0.07367479801177979
-0.46784114837646484,-0.08241628110408783,0.06211590766906738
-0.404211163520813,-0.1598416566848755,0.08268004655838013
-0.3452136814594269,-0.22367911040782928,0.0617070198059082
-0.29086458683013916,-0.2723708748817444,0.07866382598876953
-0.23523467779159546,-0.17983637750148773,0.06257188320159912
-0.28432032465934753,-0.05387329310178757,0.07772129774093628
-0.44482526183128357,-0.0010977387428283691,0.06593090295791626
-0.5722427368164062,0.025772899389266968,0.07155096530914307
-0.705851674079895,0.025089330971240997,0.06739175319671631
-0.7582166194915771,-0.014600340276956558,0.07532787322998047
-0.6326786279678345,-0.05336995795369148,0.06528723239898682
-0.44857358932495117,-0.012965984642505646,0.07498681545257568
-0.33796581625938416,0.040072254836559296,0.06853199005126953
-0.24235710501670837,0.05022465065121651,0.07246726751327515
-0.15499764680862427,0.06334428489208221,0.07082027196884155
-0.14789816737174988,0.0504789873957634,0.06983041763305664
-0.19468292593955994,0.022647185251116753,0.06912726163864136
-0.24504515528678894,-0.00221957266330719,0.0736994743347168
-0.26446887850761414,-0.04027286544442177,0.06890416145324707
-0.22438806295394897,-0.0560150146484375,0.07086712121963501
-0.19924962520599365,-0.06027480959892273,0.07169735431671143
-0.2267005741596222,-0.03787097707390785,0.06641542911529541
-0.34008142352104187,0.029890894889831543,0.07424724102020264
-0.33724164962768555,0.032799407839775085,0.07192093133926392
-0.3610228896141052,0.04513596370816231,0.07229530811309814
-0.3492681384086609,0.007158920168876648,0.07313811779022217
-0.29453718662261963,-0.09296730160713196,0.07208043336868286
-0.29165512323379517,-0.15740537643432617,0.06849789619445801
-0.24014326930046082,-0.19024184346199036,0.07311224937438965
-0.1741214096546173,-0.21494057774543762,0.07131648063659668
-0.17901405692100525,-0.16860878467559814,0.0682152509689331
-0.2065015435218811,-0.08621449768543243,0.07107162475585938
-0.23363423347473145,-0.022585958242416382,0.07206892967224121
-0.30102434754371643,0.01152827963232994,0.07119226455688477
-0.37604352831840515,0.023107457906007767,0.07062649726867676
-0.40751519799232483,0.04370209947228432,0.07000601291656494
-0.48107102513313293,0.062039606273174286,0.07056379318237305
-0.4868089556694031,0.07966583967208862,0.0709272027015686
-0.45801371335983276,0.1703188121318817,0.07132375240325928
-0.43125230073928833,0.23891130089759827,0.07032108306884766
-0.4879341721534729,0.23457928001880646,0.0704922080039978
-0.520941436290741,0.18156440556049347,0.07050478458404541
-0.5499367713928223,0.1992453932762146,0.0700526237487793
-0.6497215628623962,0.2561003565788269,0.07180643081665039
-0.6662618517875671,0.24806231260299683,0.06922644376754761
-0.4832004904747009,0.10018546879291534,0.07163989543914795
-0.456172376871109,0.07874224334955215,0.06963813304901123
-0.5586395263671875,0.08817243576049805,0.06863713264465332
-0.582648754119873,0.06508879363536835,0.06824862957000732
-0.48573145270347595,0.03662046417593956,0.07297992706298828
-0.3507098853588104,0.01918947696685791,0.07102447748184204
-0.2433536946773529,-0.016621220856904984,0.06929224729537964
-0.155239075422287,-0.033788248896598816,0.07014882564544678
-0.11000952124595642,-0.008897338062524796,0.07191932201385498
-0.1677609384059906,0.04734997823834419,0.07139444351196289
-0.35835447907447815,0.05972287803888321,0.070747971534729
-0.35454729199409485,0.038758937269449234,0.0705786943435669
-0.3392612934112549,0.0444781519472599,0.06950956583023071
-0.36464154720306396,0.037654150277376175,0.06856298446655273
-0.3776138126850128,0.038428328931331635,0.06871801614761353
-0.3644358515739441,0.03420913219451904,0.0712965726852417
-0.3511531352996826,0.030773431062698364,0.06870508193969727
-0.34316909313201904,0.029453694820404053,0.07044374942779541
-0.35117098689079285,0.03992476686835289,0.07003533840179443
-0.36586126685142517,0.037511177361011505,0.07078886032104492
-0.36731621623039246,0.037586428225040436,0.06956744194030762
-0.3547384738922119,0.03556711599230766,0.07024496793746948
-0.35706156492233276,0.036595847457647324,0.0687108039855957
-0.3596324324607849,0.03675088286399841,0.06895744800567627
-0.3592461943626404,0.03572811931371689,0.06889402866363525
-0.3527927100658417,0.035776712000370026,0.06694567203521729
-0.3439749777317047,0.033781908452510834,0.06225097179412842
-0.33530256152153015,0.03268047794699669,0.06195181608200073
-0.32813894748687744,0.031661368906497955,0.05943870544433594
-0.3219769597053528,0.029688987880945206,0.058354854583740234
-0.318072110414505,0.030725795775651932,0.055320024490356445
-0.3153075575828552,0.03094918467104435,0.05622076988220215
-0.31268221139907837,0.03170415014028549,0.05139422416687012
-0.30819275975227356,0.030092937871813774,0.04957735538482666
-0.30385622382164,0.028554195538163185,0.051162004470825195
-0.29757505655288696,0.02812878228724003,0.04463684558868408
-0.29151323437690735,0.028014373034238815,0.04732680320739746
-0.28540128469467163,0.02771170251071453,0.044130802154541016
-0.28001153469085693,0.026913711801171303,0.045883119106292725
-0.2761288285255432,0.025342851877212524,0.04240703582763672
-0.2721638083457947,0.023401392623782158,0.0426175594329834
-0.2705146074295044,0.02411622554063797,0.0341188907623291
-0.27030667662620544,0.022985052317380905,0.03907501697540283
-0.2666260004043579,0.024433298036456108,0.04481750726699829
-0.262465238571167,0.025791095569729805,0.03751111030578613
-0.2576012909412384,0.02793632633984089,0.03510099649429321
-0.25284668803215027,0.026455676183104515,0.03038930892944336
-0.24843409657478333,0.02323988452553749,0.03479158878326416
-0.24596405029296875,0.020500807091593742,0.032315850257873535
-0.24508291482925415,0.018266350030899048,0.03537607192993164
-0.24195966124534607,0.019315674901008606,0.030567049980163574
-0.23879054188728333,0.02160295657813549,0.0304986834526062
-0.23595458269119263,0.022813430055975914,0.031939029693603516
-0.23251959681510925,0.022678134962916374,0.03014516830444336
-0.2296050637960434,0.021244702860713005,0.026091337203979492
-0.2280128002166748,0.0195101760327816,0.02917879819869995
-0.22627975046634674,0.019264278933405876,0.028535127639770508
-0.22322715818881989,0.019002242013812065,0.025768637657165527
-0.221011221408844,0.018673358485102654,0.02677708864212036
-0.21703700721263885,0.018394190818071365,0.025238513946533203
-0.2138991355895996,0.018550852313637733,0.0255509614944458
-0.20917102694511414,0.017437011003494263,0.02592945098876953
-0.20697124302387238,0.018506651744246483,0.02254629135131836
-0.2052014023065567,0.018402371555566788,0.019799113273620605
-0.2050730288028717,0.018857816234230995,0.02980738878250122
-0.2065025120973587,0.018304213881492615,0.02535426616668701
-0.20622219145298004,0.01626409962773323,0.012505590915679932
-0.20348341763019562,0.014810437336564064,0.024912595748901367
-0.20102064311504364,0.015422562137246132,0.019866228103637695
-0.1945234090089798,0.01489810086786747,0.020055055618286133
-0.18974721431732178,0.016128920018672943,0.01746135950088501
-0.18740269541740417,0.01572265475988388,0.023915410041809082
-0.18687330186367035,0.015237445943057537,0.018181264400482178
-0.186842679977417,0.014557377435266972,0.022081434726715088
-0.1880825310945511,0.014758465811610222,0.016727447509765625
-0.18725650012493134,0.013344542123377323,0.018401384353637695
-0.18639138340950012,0.013580651953816414,0.016885042190551758
-0.18413609266281128,0.015619348734617233,0.01907944679260254
-0.17895245552062988,0.01574847847223282,0.01544487476348877
-0.17626318335533142,0.014022957533597946,0.01851630210876465
-0.1737859547138214,0.013364586979150772,0.017476260662078857
-0.17212502658367157,0.012267853133380413,0.015097558498382568
-0.1721082627773285,0.012116470374166965,0.015497922897338867
-0.17172415554523468,0.013617463409900665,0.01576942205429077
-0.16992539167404175,0.0136014549061656,0.013785839080810547
-0.1693788319826126,0.013509650714695454,0.01606762409210205
-0.16748838126659393,0.014094624668359756,0.014944851398468018
-0.1653405725955963,0.013504436239600182,0.011816203594207764
-0.1648109406232834,0.013202180154621601,0.014951586723327637
-0.16287292540073395,0.013625710271298885,0.013744950294494629
-0.1617577075958252,0.013443000614643097,0.01277172565460205
-0.15982221066951752,0.011273889802396297,0.014257371425628662
-0.1580667495727539,0.011981796473264694,0.012713432312011719
-0.1560046225786209,0.011458399705588818,0.013401627540588379
-0.15454497933387756,0.011585335247218609,0.014019012451171875
-0.15342222154140472,0.012829112820327282,0.010981500148773193
-0.15357156097888947,0.01316209975630045,0.011883258819580078
-0.15300773084163666,0.012214609421789646,0.012945175170898438
-0.15167848765850067,0.012121126987040043,0.012576460838317871
-0.15087881684303284,0.010694044642150402,0.011542201042175293
-0.15070846676826477,0.010709742084145546,0.011977314949035645
-0.14826014637947083,0.010969920083880424,0.011273801326751709
-0.1471523642539978,0.010041402652859688,0.010482072830200195
-0.14548803865909576,0.010578916408121586,0.011920690536499023
-0.14346067607402802,0.010590626858174801,0.011120438575744629
-0.1419364959001541,0.011056862771511078,0.009970486164093018
-0.14211153984069824,0.01095493882894516,0.011253595352172852
-0.14163897931575775,0.010534800589084625,0.009164810180664062
-0.14079293608665466,0.011071797460317612,0.009735703468322754
-0.13963252305984497,0.010365307331085205,0.011333346366882324
-0.13840609788894653,0.009889299049973488,0.010265827178955078
-0.13615632057189941,0.010370239615440369,0.009122729301452637
-0.13541989028453827,0.010015775449573994,0.00976872444152832
-0.1336784064769745,0.010336210951209068,0.009520411491394043
-0.13292498886585236,0.010676907375454903,0.008875608444213867
-0.1341022402048111,0.008445458486676216,0.008950233459472656
-0.1345282793045044,0.007761107757687569,0.007178783416748047
-0.13249844312667847,0.00926692970097065,0.011150240898132324
-0.13139325380325317,0.010593188926577568,0.009035646915435791
-0.12962587177753448,0.011371823959052563,0.007670879364013672
-0.12764441967010498,0.010126164183020592,0.008445262908935547
-0.1292041540145874,0.00830988958477974,0.009482026100158691
-0.12816086411476135,0.007629557512700558,0.006708025932312012
-0.12870609760284424,0.008637331426143646,0.0076102614402771
-0.12677638232707977,0.009677886962890625,0.00741422176361084
-0.1242789626121521,0.008883781731128693,0.007144272327423096
-0.12306393682956696,0.009303202852606773,0.007502913475036621
-0.1206771731376648,0.00976412370800972,0.007620513439178467
-0.11932127177715302,0.009373310953378677,0.006946563720703125
-0.12008552253246307,0.007809184025973082,0.007236599922180176
-0.12127149105072021,0.007923353463411331,0.007208108901977539
-0.1223674863576889,0.00791487842798233,0.007790803909301758
-0.12230154871940613,0.008884040638804436,0.007948577404022217
-0.12076359987258911,0.009493781253695488,0.006523191928863525
-0.11819827556610107,0.009187262505292892,0.007769942283630371
-0.11540204286575317,0.007807773072272539,0.007004857063293457
-0.11431257426738739,0.0077438815496861935,0.00677800178527832
-0.11459980905056,0.007797494530677795,0.0061991214752197266
-0.11437112092971802,0.008201150223612785,0.0066263675689697266
-0.11409549415111542,0.008880192413926125,0.006763935089111328
-0.11506171524524689,0.0077115437015891075,0.008077740669250488
-0.11466793715953827,0.006234903819859028,0.006507813930511475
-0.11391282081604004,0.006592141464352608,0.006117820739746094
-0.11295850574970245,0.007003358565270901,0.006250977516174316
-0.11101818084716797,0.008733467198908329,0.0065531134605407715
-0.10966397076845169,0.009936776012182236,0.006244182586669922
-0.10997438430786133,0.008418922312557697,0.005188107490539551
-0.10879826545715332,0.0076092444360256195,0.0057375431060791016
-0.1089412122964859,0.006590940058231354,0.0068967342376708984
-0.10753411799669266,0.006418930366635323,0.005783677101135254
-0.10725618898868561,0.006761433091014624,0.005662739276885986
-0.1061055064201355,0.006288471631705761,0.0040787458419799805
-0.10584011673927307,0.00741779338568449,0.004587531089782715
-0.10550903528928757,0.008264835923910141,0.004273891448974609
-0.10531621426343918,0.008177393116056919,0.005440831184387207
-0.10432003438472748,0.007404783740639687,0.005037128925323486
-0.10311657190322876,0.007124185096472502,0.004649817943572998
-0.10323516279459,0.006396859884262085,0.0050269365310668945
-0.10317031294107437,0.005889528896659613,0.005755186080932617
-0.1015469878911972,0.006964422296732664,0.005157887935638428
-0.10115600377321243,0.006592119112610817,0.005140244960784912
-0.10026980936527252,0.007054545916616917,0.00478816032409668
-0.1000937819480896,0.00674545019865036,0.0053375959396362305
-0.09993036836385727,0.005978560075163841,0.003796517848968506
-0.09998098760843277,0.0068716565147042274,0.004132747650146484
-0.10045300424098969,0.007256859447807074,0.004546523094177246
-0.09943997114896774,0.007045811973512173,0.004458308219909668
-0.09904876351356506,0.005620550364255905,0.004554629325866699
-0.09806923568248749,0.005393337458372116,0.004467129707336426
-0.096368707716465,0.005920920986682177,0.004457592964172363
-0.09563492238521576,0.006313297897577286,0.004313230514526367
-0.09503793716430664,0.006171582266688347,0.004550457000732422
-0.0943513959646225,0.007088696584105492,0.004755973815917969
-0.09636060148477554,0.007162570953369141,0.0036031007766723633
-0.09587432444095612,0.006225322373211384,0.003948330879211426
-0.09479162842035294,0.006886068265885115,0.004186809062957764
-0.09458518028259277,0.006831774488091469,0.002900362014770508
-0.09363120049238205,0.006901667453348637,0.0028668642044067383
-0.09260214120149612,0.006561195477843285,0.003261089324951172
-0.09186108410358429,0.006738851312547922,0.0034873485565185547
-0.09114067256450653,0.006126273423433304,0.003760397434234619
-0.09110158681869507,0.0056355842389166355,0.0038803815841674805
-0.0907207578420639,0.006235779263079166,0.0037726163864135742
-0.09084787219762802,0.005713080056011677,0.004565834999084473
-0.09038227796554565,0.0058233244344592094,0.003955721855163574
-0.0895966961979866,0.0055427877232432365,0.003805100917816162
-0.09059801697731018,0.006623317953199148,0.004478931427001953
-0.08880958706140518,0.006557655520737171,0.003856062889099121
-0.08844401687383652,0.006045573856681585,0.003233790397644043
-0.0880344808101654,0.004902875982224941,0.003663301467895508
-0.08823920786380768,0.005367038305848837,0.003957509994506836
-0.08737916499376297,0.004536823369562626,0.003915011882781982
-0.08647527545690536,0.005596771836280823,0.0037981271743774414
-0.08589451760053635,0.005060752388089895,0.0037900209426879883
-0.08657822757959366,0.0047801798209548,0.003154754638671875
-0.08665921539068222,0.0058716279454529285,0.0033458471298217773
-0.08521061390638351,0.005735322367399931,0.003857254981994629
-0.08498300611972809,0.005178804509341717,0.0028734207153320312
-0.08463823795318604,0.005722147412598133,0.002744734287261963
-0.08438928425312042,0.005498681217432022,0.003686189651489258
-0.0832081288099289,0.0055603464134037495,0.001940608024597168
-0.0821954682469368,0.004905774258077145,0.00396573543548584
-0.0816478356719017,0.005009039770811796,0.003182530403137207
-0.08137743175029755,0.005522814113646746,0.002752065658569336
-0.08179999887943268,0.0049944063648581505,0.0025956034660339355
-0.08311814069747925,0.005910194478929043,0.002180814743041992
-0.08374135941267014,0.005801564548164606,0.003536820411682129
-0.08218572288751602,0.006606167182326317,0.0036711692810058594
-0.08088280260562897,0.006586133502423763,0.003226637840270996
-0.0797884613275528,0.0053461771458387375,0.0037596821784973145
-0.0798632800579071,0.003941640257835388,0.00546717643737793
-0.08068457990884781,0.003132594283670187,0.00390934944152832
-0.08198213577270508,0.004094071686267853,0.001909494400024414
-0.08489219099283218,0.0034659327939152718,0.0018027424812316895
-0.08411787450313568,0.004553608130663633,0.0022128820419311523
-0.08182290196418762,0.006640590727329254,0.002335071563720703
-0.07892406731843948,0.007098778150975704,6.097555160522461e-05
-0.0739213153719902,0.007078635971993208,0.002930760383605957
-0.0712607130408287,0.005399853456765413,0.0021849870681762695
-0.07165119796991348,0.0025965184904634953,0.0034825801849365234
-0.07359270006418228,0.003053776454180479,0.0010552406311035156
-0.07635478675365448,0.004000401124358177,0.003129124641418457
-0.07734894007444382,0.004852070473134518,0.0018476247787475586
-0.07766611874103546,0.0046558678150177,0.002138853073120117
-0.0769333764910698,0.005962763912975788,0.0013788938522338867
-0.07541478425264359,0.007569791749119759,0.0030167698860168457
-0.07420482486486435,0.008218035101890564,0.001740574836730957
-0.07349339872598648,0.006783319637179375,0.0025697946548461914
-0.07380133122205734,0.00447232136502862,0.0019047260284423828
-0.07483916729688644,0.0032583894208073616,0.001985907554626465
-0.0753987580537796,0.002256541047245264,0.0015937089920043945
-0.07364529371261597,0.002346271649003029,0.0024977922439575195
-0.07372678816318512,0.003677078289911151,0.0011758208274841309
-0.07293662428855896,0.004433656111359596,0.0031648874282836914
-0.07235211879014969,0.0058477772399783134,0.0017685890197753906
-0.07336129248142242,0.006011974066495895,0.0013329386711120605
-0.07459481805562973,0.006890678778290749,0.0020261406898498535
-0.07537467777729034,0.004681433085352182,0.0015600919723510742
-0.07474330812692642,0.0035153627395629883,0.002175569534301758
-0.07278946042060852,0.002967064268887043,0.0029746294021606445
-0.06946086883544922,0.0030766346026211977,0.00209653377532959
-0.06725180894136429,0.004382390063256025,0.002256631851196289
-0.06718457490205765,0.005087958183139563,0.0019136667251586914
-0.06743955612182617,0.005711149889975786,0.0022728443145751953
-0.06949339807033539,0.005759970750659704,0.0018079280853271484
-0.07111518830060959,0.005874117836356163,0.0007171034812927246
-0.07257023453712463,0.00497478898614645,0.001762688159942627
-0.07314801961183548,0.004095275886356831,0.0011903047561645508
-0.07009531557559967,0.004781195893883705,0.002131223678588867
-0.06845074146986008,0.005263975355774164,0.0008307695388793945
-0.06638407707214355,0.004450436681509018,0.0015283823013305664
-0.06397821754217148,0.0042483024299144745,0.0017235279083251953
-0.06447325646877289,0.0037924523930996656,0.0017943382263183594
-0.06618769466876984,0.003666448872536421,0.0019413232803344727
-0.06862219423055649,0.004589722491800785,0.0017224550247192383
-0.07059333473443985,0.0051565212197601795,0.0011687874794006348
-0.07082521915435791,0.004923065658658743,0.002157449722290039
-0.07032197713851929,0.004174775909632444,0.002154231071472168
-0.06842205673456192,0.0048302942886948586,0.0008393526077270508
-0.06727778911590576,0.005060194525867701,0.0015545487403869629
-0.06545789539813995,0.004703093785792589,0.0024831295013427734
-0.06464362144470215,0.0032817136961966753,-5.334615707397461e-05
-0.06488566845655441,0.0031851069070398808,0.002154707908630371
-0.06371255964040756,0.0017018072539940476,-0.0016030073165893555
0.006828755140304565,-0.08675526082515717,0.00299072265625
0.09579984843730927,-0.21458740532398224,0.003661036491394043
-0.06947796046733856,-0.0731528252363205,0.0032029151916503906
-0.22140777111053467,0.12402531504631042,-0.0015579462051391602
-0.16548681259155273,0.17319002747535706,0.0009446144104003906
-0.04978211224079132,0.1157275140285492,0.0029144883155822754
-0.060104504227638245,0.0010379967279732227,0.0021368861198425293
-0.0814928263425827,0.04336843267083168,-0.0015690326690673828
-0.06259017437696457,0.12334975600242615,0.0019725561141967773
-0.02997651696205139,0.2146834135055542,0.00328671932220459
0.0161045640707016,0.279649555683136,0.002007424831390381
0.08203580975532532,0.2708371877670288,0.0005310773849487305
0.09056694805622101,0.14861755073070526,0.0033129453659057617
0.02238623797893524,0.17468681931495667,0.002462625503540039
-0.004336647689342499,0.246021568775177,0.000956118106842041
0.043997831642627716,0.3926181197166443,0.0027175545692443848
0.13295984268188477,0.4909582734107971,0.0035463571548461914
0.21289964020252228,0.4759303331375122,0.002113819122314453
0.21810659766197205,0.4434168338775635,0.0013666749000549316
0.15846186876296997,0.40381887555122375,0.003734290599822998
0.1672825813293457,0.440766304731369,0.0015412569046020508
0.16115422546863556,0.42553746700286865,0.0041141510009765625
0.10371874272823334,0.36293891072273254,0.002840876579284668
0.004688255488872528,0.29415765404701233,0.002222299575805664
-0.05693352222442627,0.25489023327827454,0.0007606744766235352
-0.08082307875156403,0.19128210842609406,0.0019230842590332031
-0.10308562219142914,0.11590579152107239,0.0016202926635742188
-0.14164745807647705,0.01331800501793623,0.002749323844909668
-0.11278747022151947,-0.04535354673862457,-0.0022339820861816406
-0.14062592387199402,-0.11844746768474579,-0.001925051212310791
-0.20701062679290771,-0.2253316044807434,0.003399491310119629
-0.2608323097229004,-0.30795818567276,-0.0033658742904663086
-0.3396904170513153,-0.36116915941238403,-5.9723854064941406e-05
-0.3907567858695984,-0.3889686167240143,0.0006434917449951172
-0.3607419729232788,-0.3718469738960266,0.01268625259399414
-0.24153567850589752,-0.2998691201210022,-0.004958152770996094
-0.1984739601612091,-0.41269451379776,0.005743980407714844
-0.31197309494018555,-0.4272458851337433,-0.008055567741394043
-0.9610802531242371,-0.6439047455787659,-0.004229426383972168
-0.8890279531478882,-0.6837480664253235,0.0054672956466674805
-0.30691254138946533,-0.2652563452720642,0.016615629196166992
-0.03220725804567337,0.04091807082295418,-0.013039469718933105
-0.16187632083892822,0.0002767769619822502,-0.05292320251464844
-0.035249367356300354,-0.040456511080265045,0.0157892107963562
0.26668739318847656,-0.06866410374641418,0.040705204010009766
0.39666831493377686,-0.2053680121898651,0.015121757984161377
0.3272494375705719,-0.13832132518291473,0.1296566128730774
0.22580276429653168,-0.06957150995731354,0.3203146457672119
0.1252373903989792,-0.08583221584558487,0.47327184677124023
0.061544276773929596,-0.025976089760661125,0.542817234992981
0.03175973892211914,0.020635981112718582,0.4770512580871582
0.007886707782745361,-0.002028129994869232,0.39769601821899414
0.04724659025669098,-0.019986018538475037,0.3761937618255615
0.11161595582962036,-0.04149001091718674,0.39794349670410156
0.14420923590660095,-0.06097026169300079,0.4403773546218872
0.13806027173995972,-0.06845393776893616,0.49927330017089844
0.07446750998497009,-0.06747071444988251,0.5191235542297363
-0.001919388771057129,-0.0630209743976593,0.48534953594207764
-0.049749553203582764,-0.0512101948261261,0.4231206774711609
-0.0642244815826416,-0.032093584537506104,0.37326860427856445
-0.04560789465904236,0.00195351243019104,0.37408679723739624
-0.02433982491493225,-0.008416473865509033,0.41066038608551025
-0.011834383010864258,-0.01617458462715149,0.352077841758728
-0.006330281496047974,0.017682522535324097,0.30425024032592773
0.006499826908111572,0.028087228536605835,0.28200215101242065
0.00888940691947937,0.03819841146469116,0.26409637928009033
-0.014497131109237671,0.05579012632369995,0.22156018018722534
-0.044040828943252563,0.07126161456108093,0.1789882779121399
-0.06016477942466736,0.094891756772995,0.16081440448760986
-0.08315035700798035,0.1266247034072876,0.15033435821533203
-0.13834333419799805,0.14556962251663208,0.13087177276611328
-0.19893532991409302,0.15291768312454224,0.09724843502044678
-0.19798603653907776,0.19270354509353638,0.07213401794433594
-0.17032431066036224,0.2315223217010498,0.055912673473358154
-0.13491952419281006,0.24974244832992554,0.041453003883361816
-0.10662534832954407,0.28117120265960693,0.025197923183441162
-0.1613008975982666,0.39684295654296875,-0.010160088539123535
-0.1360267698764801,0.37870150804519653,-0.06841695308685303
-0.057503312826156616,0.2977192997932434,-0.12147492170333862
-0.05010393261909485,0.31117409467697144,-0.17160028219223022
-0.052456557750701904,0.33610957860946655,-0.2350832223892212
-0.07745914161205292,0.3401768207550049,-0.2933945655822754
-0.1088315099477768,0.34041839838027954,-0.33944934606552124
-0.11173973977565765,0.38295984268188477,-0.3753834366798401
-0.1576153039932251,0.4502038359642029,-0.38323378562927246
-0.1869300752878189,0.38077616691589355,-0.35213977098464966
-0.1742524951696396,0.27231866121292114,-0.3201051950454712
-0.1794363260269165,0.22797733545303345,-0.28650951385498047
-0.1529996693134308,0.19756829738616943,-0.2869703769683838
-0.11124886572360992,0.17309385538101196,-0.29384589195251465
-0.08231590688228607,0.15025591850280762,-0.30311596393585205
-0.05907917022705078,0.12581467628479004,-0.2916867136955261
-0.046351104974746704,0.10669952630996704,-0.2590022683143616
-0.058214426040649414,0.10634464025497437,-0.22746717929840088
-0.076146200299263,0.1066582202911377,-0.1962791085243225
-0.07791563868522644,0.10011869668960571,-0.15605813264846802
-0.06427447497844696,0.09374326467514038,-0.1263812780380249
-0.07095013558864594,0.09079563617706299,-0.1095392107963562
-0.0958782508969307,0.08788710832595825,-0.08911383152008057
-0.10724803060293198,0.09210389852523804,-0.06640094518661499
-0.11355996131896973,0.09027606248855591,-0.047151386737823486
-0.1181439608335495,0.08138644695281982,-0.03422623872756958
-0.1125730574131012,0.07478213310241699,-0.02895873785018921
-0.1237063780426979,0.050082623958587646,-0.028432905673980713
-0.1519852578639984,0.007923901081085205,-0.028181612491607666
-0.15848076343536377,-0.029400646686553955,-0.022280216217041016
-0.14173132181167603,-0.040318965911865234,-0.010942280292510986
-0.1245448887348175,-0.027092933654785156,0.01854032278060913
-0.10787536203861237,-0.004500687122344971,0.06165039539337158
-0.08576623350381851,0.0022622346878051758,0.10489791631698608
-0.04531259834766388,0.001162707805633545,0.13807731866836548
0.008221536874771118,0.01557004451751709,0.14752358198165894
0.03372540324926376,0.0376816987991333,0.12717002630233765
0.02605976164340973,0.050192415714263916,0.09485924243927002
0.01761198788881302,0.05045515298843384,0.06592303514480591
0.0010818615555763245,0.04078257083892822,0.04567158222198486
-0.030558384954929352,0.03635638952255249,0.024623334407806396
-0.048171937465667725,0.03794342279434204,0.0025523900985717773
-0.05580595135688782,0.024936974048614502,-0.014744758605957031
-0.06643199920654297,0.01559293270111084,-0.03608429431915283
-0.07809486985206604,0.016758263111114502,-0.051979780197143555
-0.06968444585800171,0.011273980140686035,-0.04868316650390625
-0.052507683634757996,-0.0038838982582092285,-0.032821595668792725
-0.04807928204536438,-0.0006758570671081543,-0.009705126285552979
-0.06426747143268585,0.006279289722442627,0.01576918363571167
-0.0806257575750351,0.011036872863769531,0.033695340156555176
-0.08972355723381042,0.016206324100494385,0.043343186378479004
-0.09123340249061584,0.0121840238571167,0.04470187425613403
-0.09083597362041473,0.01355600357055664,0.03815275430679321
-0.0930953174829483,0.015102207660675049,0.033151984214782715
-0.0866561233997345,0.018043577671051025,0.032165467739105225
-0.06953981518745422,0.018266916275024414,0.035727739334106445
-0.0633450299501419,0.01929652690887451,0.04652220010757446
-0.06992855668067932,0.023527026176452637,0.05525761842727661
-0.07222108542919159,0.02431190013885498,0.06379967927932739
-0.07335472106933594,0.02299422025680542,0.06998789310455322
-0.07554437220096588,0.02222287654876709,0.07186728715896606
-0.06947006285190582,0.01343303918838501,0.0771375298500061
-0.06839841604232788,0.0061907172203063965,0.07994991540908813
-0.07812011241912842,0.0024724602699279785,0.07884538173675537
-0.07570788264274597,0.0014991164207458496,0.07680720090866089
-0.06859952211380005,0.0022449493408203125,0.07393568754196167
-0.06042039394378662,0.003600478172302246,0.07142525911331177
-0.05352464318275452,0.003777921199798584,0.07179152965545654
-0.05176810920238495,0.004535079002380371,0.06988072395324707
-0.05465717613697052,0.009187459945678711,0.06557154655456543
-0.06310154497623444,0.013292014598846436,0.0641888976097107
-0.07257024943828583,0.01778697967529297,0.06459701061248779
-0.0824226438999176,0.025847256183624268,0.06029200553894043
-0.09512603282928467,0.034379780292510986,0.061799049377441406
-0.10868778824806213,0.04176217317581177,0.06969660520553589
-0.12520618736743927,0.04707932472229004,0.07205486297607422
-0.1330125629901886,0.05390125513076782,0.06675046682357788
-0.14110276103019714,0.06111252307891846,0.05422621965408325
-0.15360812842845917,0.06922310590744019,0.04509627819061279
-0.1527528315782547,0.07757502794265747,0.04304558038711548
-0.13908667862415314,0.0873945951461792,0.03937810659408569
-0.11136448383331299,0.08264297246932983,0.04565364122390747
-0.08856219053268433,0.06177288293838501,0.04944330453872681
-0.0878930538892746,0.05103641748428345,0.04467898607254028
-0.09602434933185577,0.05275613069534302,0.04205942153930664
-0.12334311008453369,0.043831586837768555,0.05037409067153931
-0.14761343598365784,0.03891676664352417,0.06331658363342285
-0.15806806087493896,0.04386407136917114,0.06574994325637817
-0.1413145214319229,0.04192894697189331,0.049175381660461426
-0.10500632226467133,0.02405792474746704,0.027223825454711914
-0.07139687240123749,0.009832799434661865,0.018296539783477783
-0.038707435131073,0.0011425018310546875,0.013876676559448242
-0.017722681164741516,-0.005781590938568115,0.0130348801612854
-0.007794797420501709,-0.004702270030975342,0.030806362628936768
-0.007634356617927551,-0.0036087632179260254,0.060253143310546875
-0.00957690179347992,-0.002040863037109375,0.07811397314071655
-0.01796013116836548,0.005911350250244141,0.07926660776138306
-0.008497685194015503,0.013256549835205078,0.07800573110580444
-0.010117143392562866,0.009310245513916016,0.0682191252708435
-0.023537546396255493,0.01181870698928833,0.04936784505844116
-0.02116146683692932,0.014952242374420166,0.03181290626525879
-0.020286187529563904,0.013677000999450684,0.02220052480697632
-0.016135811805725098,0.014998853206634521,0.013876378536224365
-0.01880083978176117,0.017808377742767334,0.010177552700042725
-0.027626216411590576,0.01882690191268921,0.007626175880432129
-0.02048291265964508,0.01639688014984131,0.011630356311798096
-0.00227925181388855,0.012964606285095215,0.009982883930206299
0.013625308871269226,0.011940360069274902,-0.005630433559417725
0.026010185480117798,0.007873356342315674,-0.025531768798828125
0.030216485261917114,0.005101323127746582,-0.049143970012664795
0.027739763259887695,0.0061051249504089355,-0.06217014789581299
0.011471062898635864,0.007307529449462891,-0.05740839242935181
-0.0062087178230285645,0.004196286201477051,-0.04704463481903076
-0.02625700831413269,0.0033631324768066406,-0.04305750131607056
-0.04797811806201935,0.007325589656829834,-0.03504747152328491
-0.04978609085083008,0.008534729480743408,-0.016874194145202637
-0.047164544463157654,0.0030673742294311523,0.0024468302726745605
-0.04294227063655853,-0.0017731785774230957,0.02925211191177368
-0.039763957262039185,0.0015154480934143066,0.06049215793609619
-0.04006551206111908,0.0069678425788879395,0.08122646808624268
-0.033922746777534485,0.008616209030151367,0.08738589286804199
-0.033678218722343445,0.012347102165222168,0.0822761058807373
-0.038482919335365295,0.016796350479125977,0.07080870866775513
-0.036968767642974854,0.012133002281188965,0.05816245079040527
-0.0423128604888916,0.009378552436828613,0.05277174711227417
-0.04926955699920654,0.008521318435668945,0.04735124111175537
-0.0449521541595459,0.004042863845825195,0.04421889781951904
-0.026338770985603333,0.0011098384857177734,0.04333913326263428
-0.01139727234840393,-0.006139695644378662,0.040195465087890625
-0.007583737373352051,-0.007770955562591553,0.030292153358459473
-0.017035067081451416,-0.008292853832244873,0.016675233840942383
-0.02123159170150757,-0.0048236846923828125,0.009240806102752686
-0.024193257093429565,-0.0023960471153259277,0.012915194034576416
-0.026151150465011597,-0.008351445198059082,0.027970612049102783
-0.023823201656341553,-0.01333928108215332,0.0461883544921875
-0.015358030796051025,-0.01662236452102661,0.05688124895095825
-0.013229072093963623,-0.012822747230529785,0.056793153285980225
-0.011453241109848022,-0.012509763240814209,0.05068939924240112
-0.01855158805847168,-0.008871674537658691,0.040937840938568115
-0.034226447343826294,-0.0050092339515686035,0.035336315631866455
-0.04354262351989746,-0.0031394362449645996,0.029026150703430176
-0.04653501510620117,6.455183029174805e-05,0.007165968418121338
-0.05265021324157715,-0.0025292038917541504,-0.01301431655883789
-0.04895925521850586,-0.004863381385803223,-0.018818676471710205
-0.052055805921554565,-0.00025081634521484375,-0.0003527998924255371
-0.05507254600524902,0.0024051666259765625,0.02756136655807495
-0.06266346573829651,0.007568657398223877,0.05428522825241089
-0.06836393475532532,0.018940329551696777,0.07619279623031616
-0.10020798444747925,0.02817559242248535,0.08946412801742554
-0.08831760287284851,0.03106790781021118,0.09058767557144165
-0.0678642988204956,0.024932026863098145,0.07750362157821655
-0.07006731629371643,0.020383715629577637,0.06422561407089233
-0.07445281744003296,0.02987051010131836,0.04590409994125366
-0.08972179889678955,0.03078979253768921,0.03783923387527466
-0.08413219451904297,0.01978379487991333,0.030753135681152344
-0.05742424726486206,0.00637894868850708,0.04136532545089722
-0.05385267734527588,0.0009351968765258789,0.09196615219116211
-0.02868199348449707,-0.01743769645690918,0.27947163581848145
0.24687311053276062,0.03613537549972534,-0.9371233582496643
-0.08744704723358154,-0.18675190210342407,-0.6268944144248962
-0.04562366008758545,0.08643972873687744,0.3208961486816406
-0.19404610991477966,0.06589394807815552,0.2949819564819336
-0.2104652225971222,0.016215622425079346,0.17322266101837158
-0.0924517810344696,0.058942317962646484,0.1420537829399109
-0.08750289678573608,0.03911125659942627,0.08414953947067261
-0.0874740481376648,0.022180676460266113,0.040186285972595215
-0.06562745571136475,0.02023935317993164,0.04774707555770874
-0.03146204352378845,0.009946227073669434,0.06949323415756226
-0.023402422666549683,0.0048583149909973145,0.0982242226600647
-0.027645140886306763,0.0046454668045043945,0.10964065790176392
-0.03809407353401184,0.0046117305755615234,0.09759324789047241
-0.05418190360069275,0.010293006896972656,0.07279670238494873
-0.07110881805419922,0.011036157608032227,0.05237632989883423
-0.06725385785102844,0.007634878158569336,0.05109363794326782
-0.055936217308044434,0.01040107011795044,0.05952799320220947
-0.05937337875366211,0.01566392183303833,0.06360208988189697
-0.058822453022003174,0.017770051956176758,0.062115609645843506
-0.05976384878158569,0.02258831262588501,0.049484193325042725
-0.06857717037200928,0.02994096279144287,0.030042946338653564
-0.08143764734268188,0.03844249248504639,0.009220302104949951
-0.08631837368011475,0.039990246295928955,-0.009925484657287598
-0.0686112642288208,0.028627455234527588,-0.0571901798248291
-0.049105703830718994,0.026144206523895264,-0.10626423358917236
-0.07496094703674316,0.044738590717315674,-0.11926621198654175
-0.09055191278457642,0.04713475704193115,-0.09505409002304077
-0.07597330212593079,0.06429833173751831,-0.07355165481567383
-0.07433000206947327,0.06648564338684082,-0.09622049331665039
-0.06007847189903259,0.09521812200546265,-0.17118918895721436
-0.091520756483078,0.14729607105255127,-0.31636887788772583
-0.2320842742919922,0.17993438243865967,-0.5018123984336853
-0.3604772090911865,0.24213600158691406,-0.4927480220794678
-0.5960395336151123,0.2619357705116272,-0.23134845495224
-0.7012402415275574,0.24411511421203613,-0.16984325647354126
-0.5453775525093079,0.21477049589157104,-0.330388605594635
-0.3441963195800781,0.17011487483978271,-0.5205164551734924
-0.1706855148077011,0.12874817848205566,-0.6807246804237366
-0.05149143934249878,0.08749514818191528,-0.7971336841583252
-0.004820972681045532,0.14448493719100952,-0.8004537224769592
-0.04321959614753723,0.18674921989440918,-0.5999529361724854
-0.02179718017578125,0.22280579805374146,-0.3878052234649658
0.012053102254867554,0.21488168835639954,-0.24759012460708618
0.014025360345840454,0.23346811532974243,-0.1113440990447998
-0.02336294949054718,0.22821196913719177,0.10237085819244385
-0.1058332622051239,0.2082957625389099,0.2788655161857605
-0.15381260216236115,0.17239347100257874,0.3293110132217407
-0.156431645154953,0.11668509244918823,0.33373165130615234
-0.09031730890274048,0.0686531662940979,0.3145875930786133
0.020402267575263977,0.009630143642425537,0.30311834812164307
0.1102822870016098,-0.04688495397567749,0.33936524391174316
0.13420405983924866,-0.06940874457359314,0.40806150436401367
0.13731440901756287,-0.08103534579277039,0.4773731231689453
0.13787026703357697,-0.09074537456035614,0.5192981958389282
0.10864906013011932,-0.07898139953613281,0.5146175622940063
0.05383370816707611,-0.06989791989326477,0.47477012872695923
0.04488559067249298,-0.08841052651405334,0.41337108612060547
0.07345697283744812,-0.0915277898311615,0.3437776565551758
0.09995493292808533,-0.08663690090179443,0.2768838405609131
0.12158352136611938,-0.06732694059610367,0.24216115474700928
0.10503436625003815,-0.05639681965112686,0.25731372833251953
0.0943707674741745,-0.04335750639438629,0.27923786640167236
0.0686345100402832,-0.01960376650094986,0.2679010033607483
-0.005611121654510498,0.013151861727237701,0.26701653003692627
-0.0590149462223053,0.01758839190006256,0.26136529445648193
-0.09033326804637909,0.036979593336582184,0.22104555368423462
-0.11944624781608582,0.04719853401184082,0.1504051685333252
-0.08285601437091827,0.02190414071083069,0.11491644382476807
-0.03038938343524933,0.01698368415236473,0.07277131080627441
-0.0043984055519104,-0.0035623759031295776,0.0186387300491333
0.013071030378341675,-0.007213614881038666,-0.021831035614013672
0.01725199818611145,-0.01806066930294037,-0.005964398384094238
-0.011066466569900513,-0.0028440020978450775,0.012554168701171875
-0.03653034567832947,0.0013941004872322083,0.024022042751312256
-0.05110660940408707,0.01949322409927845,0.09025096893310547
-0.08550894260406494,0.03265855461359024,0.5120879411697388
-0.09036315232515335,0.06007721275091171,0.16387951374053955
-0.11378928273916245,0.022793328389525414,0.07124459743499756
-0.07867453247308731,0.031130654737353325,0.06614351272583008
-0.0469687283039093,-0.01929807849228382,-0.0034655332565307617
-0.03644715994596481,-0.047317638993263245,-0.0760655403137207
-0.044529028236866,-0.03189251571893692,-0.06787335872650146
-0.05703155696392059,-0.040669769048690796,-0.009370684623718262
-0.0404256135225296,-0.06245233491063118,-0.0031037330627441406
-0.012605510652065277,-0.09803427010774612,-0.03192925453186035
0.0006177127361297607,-0.09798447787761688,-0.062108516693115234
-0.05189729481935501,-0.0637090802192688,0.14614200592041016
-0.029261671006679535,-0.07694046944379807,0.07052838802337646
-0.039690613746643066,-0.14864268898963928,0.03722071647644043
-0.03888508677482605,-0.18997395038604736,-0.007803559303283691
-0.002010740339756012,-0.1059470921754837,0.049725353717803955
-0.014729008078575134,-0.5402525067329407,0.007144272327423096
-0.06308016926050186,-0.7463973760604858,-0.008145570755004883
-0.174812451004982,-0.6464695334434509,-0.007782459259033203
-0.2724995017051697,-0.42587193846702576,0.006438612937927246
-0.30690503120422363,-0.2927841246128082,-0.0030449628829956055
-0.34575316309928894,-0.2240203619003296,-0.0035876035690307617
-0.3389059007167816,-0.16219384968280792,0.0005677938461303711
-0.29801684617996216,-0.08168461918830872,-0.000638127326965332
-0.17757640779018402,-0.08337455242872238,-0.0002856254577636719
-0.05347609519958496,-0.05417575314640999,0.0055013298988342285
-0.026829950511455536,0.02563309669494629,-0.0032982230186462402
-0.07308249175548553,0.05624882131814957,0.0009608268737792969
-0.10524257272481918,0.09899506717920303,0.0006076693534851074
-0.10834997147321701,0.19242095947265625,0.0006619691848754883
-0.035753242671489716,0.31822481751441956,-0.002228975296020508
0.05239629000425339,0.40365901589393616,0.003594636917114258
0.056054599583148956,0.440185546875,0.002985835075378418
0.00596802681684494,0.3749743103981018,0.002257704734802246
-0.003847166895866394,0.24406617879867554,0.003145456314086914
-0.04599997401237488,0.19357897341251373,0.0013447403907775879
-0.07404883205890656,0.1924809217453003,0.0004906654357910156
-0.002016618847846985,0.23764179646968842,0.003732442855834961
0.07242761552333832,0.6133545637130737,-0.0007202029228210449
0.3037859797477722,0.8084325194358826,0.0051386356353759766
0.2569589614868164,0.5610066056251526,0.0030013322830200195
-0.11220880597829819,0.12134826183319092,0.0009410381317138672
-0.14343500137329102,-0.026880444958806038,0.005825400352478027
-0.05215279757976532,0.005398610141128302,-0.001726984977722168
-0.06422959268093109,-0.0014182887971401215,-0.0009799003601074219
-0.06659528613090515,0.01199209876358509,0.0035812854766845703
-0.08484988659620285,0.06457864493131638,0.002862095832824707
-0.11169658601284027,0.1119755282998085,-0.0010623931884765625
-0.09076371043920517,0.048899486660957336,0.0009323358535766602
0.015317775309085846,-0.12402010709047318,0.00018352270126342773
0.0005678385496139526,-0.12230518460273743,-0.0014658570289611816
-0.06090949475765228,0.003944343887269497,0.000899195671081543
-0.06330740451812744,0.0027344790287315845,0.00038057565689086914
-0.060857027769088745,-0.0007753719110041857,0.0009151697158813477
-0.061098016798496246,0.0007038870826363564,0.0007776021957397461
-0.059814997017383575,0.0018214641604572535,0.0020602941513061523
-0.05765320360660553,0.001654038904234767,-0.000245511531829834
-0.05671899765729904,-0.0002407529391348362,0.0018902420997619629
-0.05651412159204483,-0.0009901614394038916,0.0008214712142944336
-0.056728146970272064,-0.0005236933939158916,-0.00030982494354248047
-0.05793062597513199,0.0006988579407334328,0.0009694099426269531
-0.059154972434043884,0.001425530994310975,0.00019049644470214844
-0.06008026748895645,0.0012155934236943722,-0.0010164976119995117
-0.05986117571592331,0.0010258061811327934,0.001284956932067871
-0.05967530608177185,-0.0002976402174681425,0.0014046430587768555
-0.059447839856147766,0.0007332712411880493,-0.0010890960693359375
-0.0582171306014061,0.0015797254163771868,0.0014920830726623535
-0.05854266136884689,0.0010640998370945454,0.0015240907669067383
-0.0579615980386734,-1.7254846170544624e-05,-0.00038230419158935547
-0.056778885424137115,-0.00024096923880279064,0.0015877485275268555
-0.056722886860370636,-0.0003445185720920563,0.000353395938873291
-0.057396598160266876,0.00029448559507727623,0.001073002815246582
-0.05826284736394882,0.00031000678427517414,0.0016243457794189453
-0.05829326808452606,0.0006968614179641008,-0.0002511739730834961
-0.05872632563114166,0.0001517126802355051,0.00043714046478271484
-0.058015577495098114,0.000865082023665309,0.001049339771270752
-0.05783700942993164,0.0006941286846995354,0.0009900331497192383
-0.057126887142658234,0.0002823157701641321,0.0012676715850830078
-0.05573823302984238,-0.0005495622754096985,0.0013922452926635742
-0.05487614870071411,-0.001484135165810585,0.0009975433349609375
-0.05399470776319504,-0.0009944529738277197,0.0008020401000976562
-0.05421315133571625,0.0006443723104894161,0.0011712312698364258
-0.054968684911727905,0.0015760741662234068,0.001448988914489746
-0.05550017207860947,0.0007090121507644653,9.34600830078125e-05
-0.056368231773376465,0.0002776745241135359,0.0005538463592529297
-0.05704479664564133,-0.00038805766962468624,0.00029754638671875
-0.05568673461675644,0.0006441790610551834,0.001154780387878418
-0.056269571185112,0.00043498724699020386,0.0006227493286132812
-0.054752886295318604,0.001142414752393961,-9.107589721679688e-05
-0.05332404375076294,0.0014470855239778757,0.0007972121238708496
-0.052326470613479614,0.0006681052036583424,0.0011670589447021484
-0.05281385779380798,-0.0002993023954331875,0.0007132887840270996
-0.052774690091609955,5.46241644769907e-05,0.0010075569152832031
-0.05343040078878403,-0.0007234001532196999,-0.0001938343048095703
-0.055143892765045166,0.0007713539525866508,0.0004513263702392578
-0.05543319880962372,0.0008292822167277336,0.0008521080017089844
-0.05445775389671326,0.0014129572082310915,0.0008267760276794434
-0.05426990985870361,0.0010655592195689678,0.00070953369140625
-0.053800225257873535,-5.4771313443779945e-05,-0.0002015829086303711
-0.0516006276011467,-0.00028966995887458324,0.0003985166549682617
-0.05151568353176117,0.0003791314084082842,0.0002658367156982422
-0.05183505266904831,-0.00014136871322989464,0.0006219148635864258
-0.051449090242385864,0.000102596590295434,1.3113021850585938e-06
-0.05163199454545975,7.347366772592068e-05,-0.0006047487258911133
-0.052257828414440155,9.430618956685066e-05,0.0005145072937011719
-0.0519985631108284,0.0004629457835108042,0.0007020235061645508
-0.052825674414634705,0.001139096450060606,0.0005092620849609375
-0.052459247410297394,0.0010703678708523512,-0.00026345252990722656
-0.052082374691963196,0.001813910435885191,-0.0007318258285522461
-0.05130978673696518,0.0010100125800818205,-2.396106719970703e-05
-0.04999719560146332,-0.00021124002523720264,0.0006833076477050781
-0.049667105078697205,0.00017849658615887165,0.0010706186294555664
-0.04971005767583847,-0.0008729177061468363,5.459785461425781e-05
-0.04943195730447769,-0.0002547348849475384,0.000578761100769043
-0.04971122741699219,0.000383216654881835,0.00043195486068725586
-0.05074577033519745,0.0011497004888951778,0.00042307376861572266
-0.05102046579122543,0.000487062381580472,0.0004134178161621094
-0.05184544622898102,-0.0004764727782458067,-0.0005115866661071777
-0.05193476378917694,-0.0002995764371007681,-0.00027620792388916016
-0.0503583624958992,0.0007194967474788427,-0.0005761384963989258
-0.04866790771484375,0.00026470283046364784,0.0004674196243286133
-0.049154940992593765,-0.0003367557656019926,-4.482269287109375e-05
-0.04765485227108002,0.0007425912190228701,0.0007407665252685547
-0.04697725176811218,0.001178960083052516,0.00016826391220092773
-0.04776110500097275,0.00015360768884420395,-9.930133819580078e-05
-0.04830668866634369,-0.0005934883374720812,0.0015550851821899414
-0.04954015091061592,0.0006308229640126228,5.245208740234375e-06
-0.04931275174021721,0.0006191383581608534,-0.00011086463928222656
-0.049307677894830704,0.000752938911318779,0.0014215707778930664
-0.04851333051919937,0.0013574238400906324,0.00023818016052246094
-0.04853232949972153,-0.00033826427534222603,-0.00018197298049926758
-0.048271745443344116,-0.0008974848315119743,-0.0005108118057250977
-0.0475502572953701,2.4233711883425713e-05,4.601478576660156e-05
-0.046543072909116745,0.0004493722226470709,0.0008931159973144531
-0.0463186539709568,3.226893022656441e-05,0.0004119873046875
-0.04703785106539726,5.734199658036232e-05,3.8504600524902344e-05
-0.04806371033191681,0.0002649209927767515,0.0005348920822143555
-0.04785287007689476,0.0010100184008479118,0.00029790401458740234
-0.047929320484399796,0.0007587813306599855,0.0001989603042602539
-0.04713112860918045,0.0003877368289977312,-0.00041991472244262695
-0.04754693806171417,-0.00016343919560313225,-6.175041198730469e-05
-0.04673220217227936,-0.00024165306240320206,0.00020521879196166992
-0.046221617609262466,-0.0005974811501801014,0.0019521713256835938
-0.04604491591453552,-0.00013361172750592232,0.00032788515090942383
-0.04604615643620491,-0.00013955123722553253,-9.047985076904297e-05
-0.04574907571077347,0.000715609872713685,-0.0002802610397338867
-0.045676909387111664,0.0003393732476979494,-2.866983413696289e-05
-0.04609207808971405,-0.00015043094754219055,0.000284731388092041
-0.04696984589099884,0.0004287108313292265,-0.0003180503845214844
-0.046357836574316025,0.000669343862682581,-0.000844120979309082
-0.04697879031300545,0.0002328928094357252,-0.00039374828338623047
-0.0463763028383255,0.0002516827080398798,-0.001316070556640625
-0.04566078260540962,0.00016323011368513107,-0.0004684925079345703
-0.04519509896636009,-0.000419356394559145,-0.0005667209625244141
-0.04424376040697098,-0.0003311512991786003,9.816884994506836e-05
-0.0441560372710228,2.2510066628456116e-05,-0.0006258487701416016
-0.04452086240053177,-0.0004042871296405792,-0.0007398128509521484
-0.04480364918708801,-0.00017514964565634727,-0.0005174875259399414
-0.0448153056204319,0.00042363349348306656,0.0003306269645690918
-0.04625226929783821,0.0006657103076577187,-0.0003019571304321289
-0.04536984860897064,0.0008976110257208347,-0.0010412931442260742
-0.044192343950271606,9.177718311548233e-05,-0.00043720006942749023
-0.043406710028648376,0.00029758270829916,0.0006090402603149414
-0.04412585124373436,3.6776065826416016e-05,-0.0008465051651000977
-0.04345379397273064,0.00039543909952044487,0.0006113052368164062
-0.04298492148518562,-6.27441331744194e-05,2.467632293701172e-05
-0.04408661276102066,0.00013845344074070454,-0.000714421272277832
-0.04385386034846306,-0.00024292804300785065,-0.0001112222671508789
-0.043773505836725235,0.00014208722859621048,6.556510925292969e-05
-0.04389875382184982,-0.0001100362278521061,-0.00030732154846191406
-0.04381971433758736,-4.539266228675842e-06,-0.0004049539566040039
-0.043811358511447906,0.0004772408865392208,-0.0005182027816772461
-0.04375636205077171,0.00036253081634640694,-0.001257181167602539
-0.04297543689608574,0.0010197949595749378,-0.0009268522262573242
-0.042435336858034134,0.0006577195599675179,-0.0003991127014160156
-0.041399192065000534,-0.0006942525506019592,-0.0005568265914916992
-0.04181737080216408,-0.0008143601007759571,-0.0006234645843505859
-0.04145779460668564,0.0001729307696223259,-0.0007215738296508789
-0.04192603379487991,0.0006095611024647951,-0.0006057024002075195
-0.042854659259319305,0.0015526947099715471,-0.0005049705505371094
-0.04230967536568642,0.0003813931252807379,-0.0004037618637084961
-0.04182848706841469,7.505458779633045e-05,-0.0013248920440673828
-0.041717857122421265,-0.0001564440317451954,-0.0008273720741271973
-0.04087522625923157,-0.0004557820502668619,0.00021946430206298828
-0.04079264774918556,3.065052442252636e-05,0.0002894401550292969
-0.040638864040374756,0.0010545849800109863,-0.0011508464813232422
-0.04098769649863243,0.001072868937626481,-0.000392913818359375
-0.04123368859291077,0.00013834144920110703,-0.0012989044189453125
-0.04157267138361931,-0.0001760600134730339,-0.0003584623336791992
-0.041135549545288086,0.00041664065793156624,-0.00036406517028808594
-0.041721511632204056,0.0006652653682976961,0.00022554397583007812
-0.04258827492594719,0.00039656623266637325,-8.463859558105469e-06
-0.041498877108097076,-0.00043178233318030834,-0.0011436939239501953
-0.04028070345520973,0.00036535458639264107,-0.0007067322731018066
-0.03989797458052635,0.0005324920639395714,0.00012826919555664062
-0.04007035121321678,3.9748381823301315e-05,-0.00024259090423583984
-0.040496714413166046,5.905516445636749e-06,0.00019502639770507812
-0.03996328264474869,-0.0001947782002389431,-0.0001302957534790039
-0.04070665314793587,-0.0008429894223809242,-0.00012099742889404297
-0.040795642882585526,0.00046867504715919495,0.00010204315185546875
-0.04013022035360336,0.0008397949859499931,8.14199447631836e-05
-0.04099396616220474,3.769528120756149e-05,0.00019752979278564453
-0.039614055305719376,0.0003440743312239647,-0.00040280818939208984
-0.04022837057709694,-0.000430903397500515,-0.0011704564094543457
-0.04005076736211777,-0.00045753316953778267,-0.0004426240921020508
-0.0394258014857769,-0.00020348327234387398,-0.000767827033996582
-0.038607705384492874,0.00025191204622387886,-0.0009706020355224609
-0.03908979892730713,4.36282716691494e-05,-0.0007766485214233398
-0.03951245918869972,-0.00023184902966022491,-0.0011623501777648926
-0.039408329874277115,-1.1699739843606949e-05,0.0007708072662353516
-0.03940904140472412,-0.0005828728899359703,-0.0006530284881591797
-0.03917998448014259,0.00044947280548512936,-0.0006586909294128418
-0.038827165961265564,0.001182460691779852,-0.0005261898040771484
-0.03956608474254608,0.0009062369354069233,-0.0005459785461425781
-0.039224330335855484,0.00033200671896338463,0.00019657611846923828
-0.03915230929851532,-0.0002602154854685068,-0.000402987003326416
-0.03901407867670059,-0.000902075320482254,0.00020253658294677734
-0.03834407404065132,-0.0002760977949947119,-0.00015306472778320312
-0.037719327956438065,0.0002349198330193758,-0.0009970664978027344
-0.03732496500015259,0.00027857720851898193,-0.00016248226165771484
-0.03839411586523056,-3.984593786299229e-05,-0.0006706714630126953
-0.03771417215466499,0.0006307810544967651,-0.0005682110786437988
-0.03778668865561485,0.0010783798061311245,-0.00035947561264038086
-0.038657788187265396,0.0008752939756959677,-0.0007760524749755859
-0.03818759322166443,0.00014261179603636265,0.00033408403396606445
-0.037652574479579926,4.8286980018019676e-05,0.00019276142120361328
-0.037785738706588745,9.835697710514069e-06,0.0001436471939086914
-0.03710845485329628,0.0003045140765607357,3.337860107421875e-05
-0.03753410652279854,0.00033501163125038147,-0.000672459602355957
-0.03737277537584305,-0.00020971172489225864,-0.0009819269180297852
-0.03709806874394417,-8.483813144266605e-05,-0.0005127191543579102
-0.037649624049663544,-8.777715265750885e-05,-0.00018072128295898438
-0.03769947588443756,0.0010480782948434353,-0.0002759695053100586
-0.038290273398160934,0.0005398737266659737,-0.0013947486877441406
-0.03716977685689926,-3.619259223341942e-05,-0.001414954662322998
-0.03688341751694679,-0.00018236413598060608,-0.0007166862487792969
-0.03657514229416847,0.00025097327306866646,-0.001422584056854248
-0.036755580455064774,-8.970825001597404e-05,-0.0014418363571166992
-0.037286411970853806,0.0006715368945151567,-0.0006219148635864258
-0.03575258329510689,0.00016134674660861492,0.0005800724029541016
-0.036106519401073456,-0.00017807353287935257,-0.0007358193397521973
-0.035691868513822556,-9.786291047930717e-05,-0.0004955530166625977
-0.03685552999377251,0.00015188613906502724,-0.0018883943557739258
-0.03690221905708313,0.0010007810778915882,-0.0002593994140625
-0.03647486865520477,0.0002054767683148384,5.7220458984375e-05
-0.0369860865175724,0.00015780795365571976,0.0005267858505249023
-0.037184130400419235,-7.462850771844387e-05,-0.0009570121765136719
-0.0371706485748291,4.738103598356247e-06,-0.0007165670394897461
-0.03619799762964249,0.0005267937667667866,-0.00046074390411376953
-0.03573377802968025,0.00011031096801161766,-0.0007394552230834961
-0.03521823137998581,0.0009063105098903179,-0.0005752444267272949
-0.03514209762215614,0.0003881638403981924,-0.0006095767021179199
-0.03573406860232353,-0.0006838159170001745,-0.0007964372634887695
-0.035372715443372726,-0.0004111500456929207,-0.0011814236640930176
-0.03573125600814819,0.00017929193563759327,-0.0013991594314575195
-0.03636365011334419,0.0005057554226368666,0.00013780593872070312
-0.03586021810770035,0.0007544970139861107,-0.0001557469367980957
-0.035986654460430145,1.525459811091423e-05,0.00017642974853515625
-0.034807078540325165,0.0007770992815494537,-0.0012007951736450195
-0.03438485786318779,0.0003833270166069269,-0.0010364055633544922
-0.036114271730184555,-0.00045269401744008064,-0.0011161565780639648
-0.03545520827174187,3.1471019610762596e-05,-0.0012420415878295898
-0.03488299995660782,0.00038025458343327045,-0.0012918710708618164
-0.034695737063884735,0.0008722790516912937,-0.0012957453727722168
-0.03533986583352089,-0.00012001115828752518,-0.0009177923202514648
-0.035126496106386185,-4.250137135386467e-05,-0.0006163120269775391
-0.03477712720632553,0.00016338308341801167,-0.0006198883056640625
-0.035530999302864075,0.00021127727814018726,-0.0013709068298339844
-0.03470806032419205,0.00021252105943858624,-0.0012677907943725586
-0.034331317991018295,-0.0003291764296591282,-0.0006150007247924805
-0.0329977422952652,-0.00040919031016528606,-0.0010302066802978516
-0.034024905413389206,9.782030247151852e-05,-0.0010488629341125488
-0.03453031927347183,0.0007702023722231388,-0.0007777214050292969
-0.03400353342294693,0.0008447654545307159,8.869171142578125e-05
-0.03450862318277359,0.00012236926704645157,-0.0006618499755859375
-0.034738585352897644,0.0008450888562947512,-0.00010073184967041016
-0.03391895443201065,-0.0006240592338144779,0.00027740001678466797
-0.03364371880888939,-0.0011491330806165934,-0.0005952119827270508
-0.034439511597156525,0.0005389554426074028,-0.00038433074951171875
-0.03468156233429909,0.0006058381404727697,-0.000555872917175293
-0.032971739768981934,-0.0002501287963241339,-0.0005441904067993164
-0.03390511870384216,0.0005363547243177891,-0.00044083595275878906
-0.03320416435599327,0.0008032186888158321,-0.000687718391418457
-0.03234512731432915,6.218068301677704e-05,-0.0011180639266967773
-0.03242235630750656,-8.066673763096333e-05,-0.0004501938819885254
-0.03348150476813316,0.0001730099320411682,-0.0003313422203063965
-0.03387388214468956,-2.9363902285695076e-05,-0.0008074045181274414
-0.033869970589876175,0.0004016787279397249,-0.0005967617034912109
-0.033367425203323364,0.00015502958558499813,-0.0008131265640258789
-0.03395784646272659,0.00014625070616602898,-0.0008466839790344238
-0.03270922601222992,0.0001284964382648468,-0.0014597177505493164
-0.03303388133645058,0.000450091902166605,-0.0003789663314819336
-0.03413141891360283,-0.00027681514620780945,-0.0008091330528259277
-0.03294464573264122,-5.777273327112198e-05,-0.00027763843536376953
-0.03420072793960571,-0.0003131427802145481,-0.0013636350631713867
-0.032949063926935196,-0.00011811545118689537,-0.0006645917892456055
-0.033355407416820526,0.0007862327620387077,1.9073486328125e-05
-0.032880689948797226,-0.0001839660108089447,-0.0011136531829833984
-0.032516203820705414,0.00029867980629205704,-0.0006281137466430664
-0.031951017677783966,4.963483661413193e-06,-0.0009063482284545898
-0.03228040039539337,0.00017251865938305855,-0.0012908577919006348
-0.03217528760433197,0.0004313020035624504,-0.0012636780738830566
-0.03196654096245766,0.0006220708601176739,-0.0005955696105957031
-0.032400332391262054,0.0002076537348330021,-0.0009185075759887695
-0.03155933693051338,0.0003165346570312977,-0.0014706850051879883
-0.03165275231003761,0.0003731984179466963,-0.0011682510375976562
-0.032085612416267395,0.0012161654885858297,0.00023305416107177734
-0.031956322491168976,0.00019449624232947826,-0.0009137392044067383
-0.03116985782980919,0.0001746751368045807,-0.0017560720443725586
-0.03193126991391182,0.00011203065514564514,-0.0015757083892822266
-0.031735196709632874,0.0001002294011414051,-0.00020503997802734375
-0.03204654902219772,0.00043620052747428417,6.568431854248047e-05
-0.031290747225284576,-0.00032173050567507744,-0.0007461309432983398
-0.03101957216858864,0.0007949979044497013,-0.0005655288696289062
-0.030453070998191833,0.0008779359050095081,-0.0005829334259033203
-0.03208432346582413,8.187908679246902e-05,-0.0007376670837402344
-0.03139372915029526,-0.00037464266642928123,-0.0007857084274291992
-0.031551722437143326,0.00046093063428997993,-0.0013679265975952148
-0.03075045347213745,0.000314563512802124,-0.0006080865859985352
-0.03067079931497574,0.0008235396817326546,-0.0004279017448425293
-0.030536122620105743,0.00040732137858867645,-0.0009493231773376465
-0.0307270847260952,-0.0002990725915879011,-0.0012415647506713867
-0.030698738992214203,-0.0011949585750699043,-0.0002981424331665039
-0.03075646236538887,0.0002960111014544964,-0.00023925304412841797
-0.031160898506641388,0.001183349173516035,-0.0010960102081298828
-0.031042616814374924,0.0014509072061628103,-0.0011284351348876953
-0.030518926680088043,0.0012703652027994394,-0.0008255243301391602
-0.03082393854856491,-0.0004467207472771406,-0.0006444454193115234
-0.03054209053516388,-0.0007885165978223085,-0.0008757114410400391
-0.031436674296855927,-0.0004252565558999777,-0.0002523660659790039
-0.03086089715361595,0.001034376909956336,-0.00024020671844482422
-0.031063701957464218,0.0012490160297602415,-0.0003647804260253906
-0.03035886213183403,-4.2530009523034096e-05,-0.0011146068572998047
-0.030244208872318268,0.0002578680869191885,0.0009276866912841797
-0.030701197683811188,-0.0005349155981093645,-0.0006306767463684082
-0.029604878276586533,-0.0007253054063767195,-0.0003281235694885254
-0.03075939044356346,0.0002551325596868992,-0.001992940902709961
-0.030922967940568924,0.0005241082981228828,-0.000820159912109375
-0.031042229384183884,0.0009376604575663805,-0.001280069351196289
-0.030757851898670197,0.0007648896425962448,-0.0010224580764770508
-0.030064962804317474,-0.0005726933013647795,-0.001619100570678711
-0.030030224472284317,-0.000518671004101634,-0.000782012939453125
-0.02950599044561386,-0.00016465922817587852,-0.0012579560279846191
-0.029322445392608643,5.8463308960199356e-05,-0.001824498176574707
-0.0295950248837471,0.0004434871952980757,-0.0010178089141845703
-0.030887272208929062,0.00041144294664263725,-0.0019202232360839844
-0.029943134635686874,-0.00012407847680151463,-0.001555800437927246
-0.029965505003929138,-5.346722900867462e-06,-0.0012063980102539062
-0.03040109947323799,0.0006727022118866444,-0.0007051229476928711
-0.029448799788951874,-0.0002461746335029602,-0.0011040568351745605
-0.029402192682027817,0.0007377606816589832,-0.0007399320602416992
-0.029547009617090225,0.00041030673310160637,-0.001276254653930664
-0.029939282685518265,0.00023992173373699188,-0.0007138252258300781
-0.029449190944433212,-0.00015833182260394096,-0.0009294748306274414
-0.02945602685213089,-0.0003421436995267868,-0.000931859016418457
-0.028999820351600647,-0.0002415736671537161,-0.0014067292213439941
-0.02933289110660553,-0.0002722425851970911,-0.0007679462432861328
-0.029884591698646545,-0.0002515846863389015,-0.0008925199508666992
-0.02944336086511612,-0.0005986669566482306,-0.0015810728073120117
-0.028393972665071487,5.567423067986965e-05,-0.001050114631652832
-0.02984064817428589,0.0004561706446111202,-0.0013421177864074707
-0.029515627771615982,0.0005137370899319649,-0.0013900399208068848
-0.029509425163269043,0.0008967649191617966,-0.0007056593894958496
-0.029139671474695206,0.0005630357190966606,0.0002688169479370117
-0.02845221385359764,0.0004294200334697962,-0.0009385347366333008
-0.028209980577230453,0.0011761055793613195,-0.0013834834098815918
-0.028493858873844147,0.0004347437061369419,-0.00018084049224853516
-0.02818065509200096,0.000791485421359539,-0.0008996725082397461
-0.028447136282920837,1.6032718122005463e-05,-0.001161336898803711
-0.02826085314154625,-5.666911602020264e-05,-0.0005987286567687988
-0.028841715306043625,0.00035397522151470184,-0.002080678939819336
-0.02897544950246811,0.0009384152945131063,-0.00145721435546875
-0.029038630425930023,-0.00015785172581672668,-0.0005434751510620117
-0.028525330126285553,0.0003347410820424557,-0.001064002513885498
-0.028513196855783463,-0.0005153215024620295,-0.0006232261657714844
-0.028572171926498413,0.0002670828253030777,-0.00021326541900634766
-0.02895830199122429,0.00020490936003625393,-0.0010089874267578125
-0.028703447431325912,0.00029321317560970783,-0.0005224943161010742
-0.028614483773708344,0.0001002142671495676,-0.001393437385559082
-0.026355691254138947,0.0006119390018284321,-0.0007850527763366699
-0.027690302580595016,0.0011236413847655058,-0.0010008811950683594
-0.02832743152976036,7.334654219448566e-05,-0.001064002513885498
-0.02772073820233345,-7.292372174561024e-05,-0.0011274218559265137
-0.027453258633613586,-0.0001533369068056345,-0.0011296272277832031
-0.02830386534333229,0.00035895779728889465,-0.0012232065200805664
-0.02789830043911934,0.0006930420640856028,-0.002064049243927002
-0.027630411088466644,0.00030400860123336315,-0.0010433197021484375
-0.02836740016937256,9.231432341039181e-05,-0.0015028119087219238
-0.02783464640378952,-0.0003603880759328604,-0.001352071762084961
-0.027886763215065002,0.00021524610929191113,-0.001063704490661621
-0.027776606380939484,-0.00033551943488419056,-0.0015839338302612305
-0.02766883373260498,0.0004836104344576597,-0.001479029655456543
-0.027437876909971237,0.0007852339185774326,-0.00041222572326660156
-0.027671050280332565,-1.2100208550691605e-05,-0.0011005401611328125
-0.027200888842344284,-1.4305813238024712e-05,-0.0014989376068115234
-0.027233608067035675,0.000513486098498106,-0.0008897781372070312
-0.026509303599596024,-2.812291495501995e-05,-0.0004335641860961914
-0.02812529355287552,0.0007619806565344334,-0.0002676248550415039
-0.027892544865608215,0.0006867616903036833,-0.0002244710922241211
-0.02707696706056595,0.0001619141548871994,-0.0008668303489685059
-0.027052100747823715,0.00044982018880546093,-0.0014788508415222168
-0.027068082243204117,7.683574222028255e-05,-0.0018926262855529785
-0.02737928181886673,0.0010797595605254173,-0.000978708267211914
-0.027504388242959976,0.0009378762915730476,-0.001316070556640625
-0.027690961956977844,0.0002652592957019806,-0.00026494264602661133
-0.027154594659805298,-0.0010410088580101728,-0.0008766651153564453
-0.026469070464372635,0.00020215078257024288,-0.001901388168334961
-0.02690206840634346,0.0003441732842475176,-0.001415252685546875
-0.02744998410344124,-0.0003789891488850117,-0.0022106170654296875
-0.027563177049160004,-0.0014890660531818867,-0.0006862878799438477
-0.028138063848018646,-0.0007255170494318008,-0.0011307597160339355
-0.027903057634830475,0.0010264446027576923,-0.0005828142166137695
-0.025642476975917816,0.0014376104809343815,-0.001347661018371582
-0.025861579924821854,0.0014364086091518402,0.0003134012222290039
-0.025394756346940994,0.0005219592712819576,-0.0018091201782226562
-0.0263093039393425,0.0006117955781519413,-0.0013532042503356934
-0.026740942150354385,5.513336509466171e-05,-0.0006986856460571289
-0.026932988315820694,0.0001164926216006279,-0.0002728700637817383
-0.02681317925453186,-0.00037898262962698936,-0.0010368824005126953
-0.026215579360723495,-0.0006001647561788559,0.0006854534149169922
-0.026295069605112076,0.0005597169511020184,-0.0015898942947387695
-0.025583241134881973,0.001348176971077919,-0.0029348134994506836
0.01489182561635971,-0.03191934525966644,-0.008412718772888184
0.5478317737579346,-0.43854793906211853,0.007869720458984375
0.2588239908218384,-0.2538919448852539,0.005856037139892578
-0.03811338543891907,-0.008304033428430557,-0.006853461265563965
-0.09706301242113113,0.1744401603937149,0.0003959536552429199
-0.16649237275123596,0.23873676359653473,-0.0001366138458251953
-0.22388190031051636,0.26081469655036926,6.258487701416016e-05
-0.07472723722457886,0.1982519030570984,-0.003919243812561035
0.003464397042989731,0.1272803395986557,0.0027341842651367188
0.08942483365535736,0.16964344680309296,-0.0016140937805175781
0.13102908432483673,0.19423292577266693,0.0016052722930908203
0.14593832194805145,0.2152460217475891,-0.0035826563835144043
0.14729547500610352,0.25978079438209534,0.0017734766006469727
0.11813202500343323,0.2728743255138397,-0.003428816795349121
0.08409719169139862,0.19833427667617798,0.0023250579833984375
-0.00781962275505066,-0.0045092422515153885,-0.0008771419525146484
-0.21185818314552307,-0.1414860337972641,0.0006467103958129883
-0.26448822021484375,0.023194288834929466,-0.0025742053985595703
-0.18450109660625458,0.05021838843822479,-0.0003922581672668457
-0.08670240640640259,0.0771866887807846,-0.001536250114440918
-0.03305468708276749,0.12027415633201599,0.0014252066612243652
0.03216332197189331,0.17004933953285217,-0.0032886266708374023
0.08003010600805283,0.1805431991815567,6.890296936035156e-05
0.07913185656070709,0.17179889976978302,-0.00044929981231689453
0.06616263091564178,0.16424427926540375,0.0002696514129638672
0.07237741351127625,0.18762585520744324,-0.0006898641586303711
0.053601279854774475,0.22893163561820984,0.00013518333435058594
-0.000646643340587616,0.2613369822502136,-0.0006726980209350586
-0.03411822393536568,0.2513718008995056,0.0015720129013061523
-0.010460857301950455,0.26168835163116455,-8.761882781982422e-05
0.02984410896897316,0.24552801251411438,-0.00125962495803833
0.09367737174034119,0.2698020040988922,-0.0013659000396728516
0.12190565466880798,0.3013889491558075,-0.0025730133056640625
0.09845593571662903,0.2557692229747772,-0.0011256933212280273
0.061704136431217194,0.19043676555156708,0.0007170438766479492
0.011309947818517685,0.11928362399339676,-0.003420233726501465
-0.13152220845222473,-0.03495900705456734,-0.0015147924423217773
-0.4402110278606415,-0.34014302492141724,-6.139278411865234e-06
-0.5148486495018005,-0.4730274975299835,-0.006433248519897461
-0.5584784746170044,-0.5032030940055847,-0.00338590145111084
-0.472961962223053,-0.4471648037433624,-0.0020159482955932617
-0.33489692211151123,-0.3392013907432556,-0.0001246333122253418
-0.23553672432899475,-0.30792295932769775,-0.004337191581726074
-0.14533302187919617,-0.3894347846508026,0.0011851787567138672
-0.10494394600391388,-0.44089066982269287,0.004696011543273926
0.11414279043674469,-0.2575068771839142,0.012710809707641602
0.18329733610153198,-0.08304831385612488,0.018161773681640625
-0.014832630753517151,-0.009027445688843727,-0.0071048736572265625
-0.16762104630470276,-0.050776686519384384,0.04955744743347168
-0.18207547068595886,-0.09319187700748444,0.15262556076049805
-0.11200372874736786,-0.11666321754455566,0.22380447387695312
0.09221217781305313,-0.12717776000499725,0.3332709074020386
0.06629987061023712,-0.128952294588089,0.34842920303344727
0.07151755690574646,-0.06619811058044434,0.38216161727905273
0.023414239287376404,-0.00962473452091217,0.45197081565856934
0.1776438057422638,-0.022620487958192825,0.7979583740234375
0.3101018965244293,-0.0011219754815101624,1.033462643623352
0.3235097825527191,0.08749926835298538,1.0668890476226807
0.2512604296207428,0.15248490869998932,1.0207643508911133
0.18396764993667603,0.22930657863616943,0.9392848014831543
0.13454249501228333,0.26251766085624695,0.8547294735908508
0.1527949869632721,0.14307278394699097,0.7670719623565674
0.27922794222831726,0.03153026103973389,0.5529448986053467
0.3664863705635071,0.17192885279655457,0.5312330722808838
0.22777506709098816,0.11677312850952148,0.5602565407752991
-0.02695411443710327,0.2957063913345337,0.434054970741272
-0.04350244998931885,0.2451077699661255,0.2961805462837219
0.025260508060455322,0.1417369246482849,0.16588205099105835
0.07311278581619263,0.13888412714004517,0.09160196781158447
0.06485685706138611,0.21571362018585205,0.006412625312805176
-0.014474272727966309,0.25181519985198975,-0.03905969858169556
-0.049619466066360474,0.32511383295059204,-0.07505679130554199
-0.04015475511550903,0.376182496547699,-0.09830743074417114
-0.043290019035339355,0.34884852170944214,-0.08826106786727905
-0.0696319043636322,0.26793229579925537,-0.07845887541770935
-0.13114216923713684,0.22948193550109863,-0.08528277277946472
-0.2437487244606018,0.2998543977737427,-0.11486175656318665
-0.3860872685909271,0.4130935072898865,-0.15209031105041504
-0.42005765438079834,0.42130500078201294,-0.16146615147590637
-0.4218413829803467,0.37863248586654663,-0.14883705973625183
-0.40156838297843933,0.32639485597610474,-0.12513220310211182
-0.3331288695335388,0.3056475520133972,-0.0987386405467987
-0.2674230933189392,0.3530287742614746,-0.07687351107597351
-0.2406943142414093,0.3928423523902893,-0.05478450655937195
-0.20114409923553467,0.35692673921585083,-0.09034717082977295
-0.08243998885154724,0.24540197849273682,-0.19254139065742493
0.07816135883331299,0.2378290295600891,-0.25170469284057617
0.07085779309272766,0.24381953477859497,-0.2193402349948883
-0.029441073536872864,0.23434674739837646,-0.12045349180698395
-0.1185993105173111,0.26574552059173584,0.03667593002319336
-0.13143044710159302,0.34126102924346924,0.13084709644317627
0.009491533041000366,0.4637436270713806,0.022400856018066406
-0.25341159105300903,0.08130663633346558,-0.24906766414642334
-0.34518057107925415,0.2425018548965454,-0.32611870765686035
-0.36980146169662476,0.24072927236557007,-0.3074989318847656
-0.37933874130249023,0.19754695892333984,-0.2187875360250473
-0.39365264773368835,0.15119731426239014,-0.19262994825839996
-0.38030296564102173,0.14772891998291016,-0.1687903255224228
-0.33723533153533936,0.13593250513076782,-0.1368011087179184
-0.2585291266441345,0.16270524263381958,-0.17117033898830414
-0.16855008900165558,0.1742861270904541,-0.24485228955745697
-0.07748088240623474,0.1571100354194641,-0.26329565048217773
-0.010978668928146362,0.12923091650009155,-0.20916877686977386
0.0028371810913085938,0.09465891122817993,-0.16389991343021393
0.012546643614768982,0.06274569034576416,-0.1582719087600708
0.035735517740249634,0.03177642822265625,-0.16718460619449615
0.09711767733097076,0.009773731231689453,-0.15744328498840332
0.14297150075435638,-0.06750750541687012,-0.22643116116523743
0.11171671748161316,0.009355306625366211,-0.3813953399658203
0.07210668921470642,0.02439260482788086,-0.4418686032295227
-0.08242383599281311,-0.044037580490112305,-0.325266569852829
-0.04476378858089447,0.05287313461303711,-0.17437860369682312
0.023578345775604248,0.053197503089904785,-0.13845321536064148
0.0094708651304245,0.01246410608291626,-0.27419313788414
-0.008327841758728027,0.05903846025466919,-0.42098352313041687
-0.024673879146575928,0.12227857112884521,-0.37382304668426514
-0.07925805449485779,0.14202851057052612,-0.27272725105285645
-0.15455572307109833,0.14979642629623413,-0.17410048842430115
-0.2485937625169754,0.1732890009880066,-0.09518322348594666
-0.3415225148200989,0.2081398367881775,-0.04942360520362854
-0.39216503500938416,0.2037419080734253,0.035327404737472534
-0.36391115188598633,0.18880242109298706,0.10892373323440552
-0.2401045858860016,0.19325870275497437,0.11377641558647156
-0.09847366809844971,0.19846171140670776,0.006067901849746704
-0.009704232215881348,0.21961402893066406,-0.20440027117729187
0.04380440711975098,0.18210715055465698,-0.2826583981513977
0.058863162994384766,0.19092673063278198,-0.22707539796829224
0.009019047021865845,0.18778914213180542,-0.12860488891601562
-0.027527660131454468,0.1549491286277771,-0.00837033987045288
-0.03477780520915985,0.1672775149345398,0.07263356447219849
-0.026585489511489868,0.15894842147827148,0.16668730974197388
-0.044046491384506226,0.14004379510879517,0.2514180541038513
-0.10774554312229156,0.16692233085632324,0.27019304037094116
-0.12578833103179932,0.1734253168106079,0.3004949688911438
-0.1725062131881714,0.14601737260818481,0.3037734627723694
-0.239952951669693,0.1622888445854187,0.19624340534210205
-0.18877145648002625,0.1529141068458557,0.058724939823150635
-0.09616716206073761,0.10077738761901855,-0.047538816928863525
-0.08235077559947968,0.06724542379379272,-0.10459494590759277
-0.12153753638267517,0.055862605571746826,-0.11906898021697998
-0.14828717708587646,0.04084324836730957,-0.110562264919281
-0.1425618976354599,0.026118576526641846,-0.08113682270050049
-0.12620918452739716,0.01930832862854004,-0.039707958698272705
-0.05667589604854584,0.029131591320037842,0.005468130111694336
-0.02139371633529663,0.008889496326446533,0.03988957405090332
-0.04381188750267029,0.0025134682655334473,0.05181312561035156
-0.09191550314426422,-0.0007762312889099121,0.06232732534408569
-0.13611318171024323,-0.009740710258483887,0.07127881050109863
-0.13008631765842438,-0.008149176836013794,0.07748210430145264
-0.09044310450553894,-0.007833093404769897,0.07835441827774048
-0.059347003698349,-0.01544719934463501,0.08219039440155029
-0.034907177090644836,-0.015244722366333008,0.09617960453033447
-0.0059853196144104,-0.010914832353591919,0.13845735788345337
0.015310600399971008,-0.02086976170539856,0.19171667098999023
0.07011418044567108,-0.023402780294418335,0.24575871229171753
0.11143191158771515,-0.012214511632919312,0.2952510118484497
0.0852779895067215,-0.0036263763904571533,0.31617438793182373
0.02228027582168579,-0.0016853511333465576,0.31483179330825806
-0.030048638582229614,0.0004839599132537842,0.2880967855453491
-0.03652511537075043,-0.0021141767501831055,0.23996901512145996
-0.02255930006504059,-0.012363344430923462,0.18570542335510254
0.0025159865617752075,-0.02588513493537903,0.13077235221862793
0.032531946897506714,-0.034212857484817505,0.07943540811538696
0.0416843444108963,-0.03661811351776123,0.035174012184143066
0.04092879593372345,-0.029876142740249634,-0.0022606849670410156
0.045750051736831665,-0.02149076759815216,-0.029113054275512695
0.043135106563568115,-0.007909327745437622,-0.04696059226989746
0.021498359739780426,-0.0011927932500839233,-0.0586237907409668
-0.01716437190771103,0.010220497846603394,-0.0827627182006836
-0.07413894683122635,0.030812323093414307,-0.05396890640258789
-0.11547981947660446,0.02273552119731903,0.020803987979888916
-0.13591325283050537,0.024776816368103027,0.0906686782836914
-0.1396765559911728,0.018440894782543182,0.1318831443786621
-0.13820257782936096,0.021210357546806335,0.15064138174057007
-0.12148088216781616,0.016616076231002808,0.15625214576721191
-0.09644366800785065,0.013376671820878983,0.15700769424438477
-0.08006196469068527,0.010536100715398788,0.1499142050743103
-0.07970787584781647,0.01185695081949234,0.14174628257751465
-0.07757800817489624,0.016014037653803825,0.13824188709259033
-0.05204211175441742,0.012591153383255005,0.13230836391448975
-0.025449611246585846,0.009139398112893105,0.1204218864440918
-0.007935948669910431,0.018088508397340775,0.10191380977630615
-0.012893162667751312,0.02950890362262726,0.0820000171661377
-0.038307446986436844,0.027905099093914032,0.07224249839782715
-0.06274400651454926,0.018622664734721184,0.06149756908416748
-0.07735784351825714,0.01420636847615242,0.04920613765716553
-0.08120697736740112,0.012284601107239723,0.03079986572265625
-0.07031632959842682,0.0003971979022026062,0.0032259225845336914
-0.04061071574687958,-0.012905493378639221,-0.02362358570098877
-0.007445469498634338,-0.017442483454942703,-0.04636496305465698
0.02159714698791504,-0.023199036717414856,-0.06023085117340088
0.046746209263801575,-0.030133798718452454,-0.05390512943267822
0.06299072504043579,-0.02915048599243164,-0.03311276435852051
0.05959568917751312,-0.019493818283081055,-0.0030547380447387695
0.027230558916926384,-0.005289867520332336,0.03194260597229004
-0.007051103748381138,-0.006458692252635956,0.047476768493652344
-0.026762502267956734,0.0026483312249183655,0.026746273040771484
-0.03288096562027931,0.013755276799201965,0.05396080017089844
0.009143618866801262,0.0569203644990921,0.8176345825195312
-0.05147254094481468,0.03555643558502197,-0.02912890911102295
0.014461647719144821,0.021205909550189972,0.022003889083862305
0.03094669058918953,-0.023125357925891876,0.02953922748565674
0.04104643315076828,0.0031554028391838074,0.026691317558288574
0.049007851630449295,0.0023386776447296143,0.008869528770446777
0.053242553025484085,-0.014009341597557068,0.011571407318115234
0.06223303824663162,0.0025754719972610474,0.004603862762451172
0.04105580970644951,0.012399628758430481,-0.019795894622802734
0.01862623542547226,0.006167411804199219,-0.023717820644378662
0.008204787969589233,0.010691024363040924,0.009427428245544434
-0.001294601708650589,0.027321889996528625,0.030189931392669678
-0.013954997062683105,0.006879247725009918,0.004912614822387695
0.3059581518173218,-0.5589733719825745,-0.13782042264938354
0.5978353023529053,-0.48584479093551636,-0.008347749710083008
0.3632415533065796,-0.4839082360267639,0.004368185997009277
0.37961140275001526,-0.42202210426330566,0.04619431495666504
0.011455323547124863,-0.0006819195114076138,0.0015898942947387695
-0.3175162374973297,0.1698378324508667,0.2224407196044922
-0.7155418992042542,-0.6192160844802856,0.010225415229797363
-0.49000003933906555,-0.3874433934688568,-0.02021336555480957
-0.3476017415523529,-0.12249117344617844,0.0095139741897583
-0.22903844714164734,-0.07320938259363174,-0.006612062454223633
-0.19897237420082092,-0.04881571978330612,0.01173257827758789
-0.24984940886497498,-0.08200949430465698,-0.01658499240875244
-0.09293810278177261,-0.09670086205005646,0.012392520904541016
-0.05226505175232887,-0.14763696491718292,-0.011546790599822998
0.0020090900361537933,-0.1008106917142868,0.01001816987991333
0.005766797810792923,-0.016222357749938965,-0.012534022331237793
-0.01010693609714508,-0.009642912074923515,0.0051340460777282715
-0.039509035646915436,0.0004741121083498001,-0.007411837577819824
-0.06667882204055786,0.029344160109758377,0.003906369209289551
-0.061853744089603424,0.08901382982730865,-0.003894805908203125
-0.03087405115365982,0.1781734675168991,0.0004981160163879395
-0.018649451434612274,0.20818546414375305,-0.0006462931632995605
-0.06587478518486023,0.19109821319580078,0.0004954338073730469
-0.09239751100540161,0.18374651670455933,-0.0026958584785461426
-0.07566087692975998,0.21246010065078735,0.002155780792236328
-0.06991659104824066,0.2083473801612854,-0.0017200708389282227
-0.04230823367834091,0.23035521805286407,-0.0013849735260009766
-0.020925000309944153,0.28661084175109863,0.0012083053588867188
0.09887992590665817,0.6713413000106812,0.0002453923225402832
0.38562050461769104,0.8320017457008362,0.0010385513305664062
0.298330694437027,0.5166975855827332,0.0005054473876953125
-0.044471923261880875,-0.0004288153722882271,-0.00042510032653808594
-0.05346657708287239,-0.013154571875929832,0.0024739503860473633
-0.03324118256568909,0.00026603229343891144,-0.0029738545417785645
-0.03051399439573288,-0.009137073531746864,-0.0038137435913085938
-0.03579488396644592,-0.007086002267897129,0.0025634765625
-0.032730042934417725,-0.004387489520013332,0.0010223388671875
-0.02913067862391472,-0.0018825642764568329,-0.0038001537322998047
-0.030866045504808426,-0.0003880588337779045,-0.001420140266418457
-0.06584684550762177,-0.004932119511067867,0.0011276006698608398
-0.04851371794939041,-0.0026161186397075653,-0.002397894859313965
-0.026423417031764984,-0.010595425963401794,-0.0030396580696105957
-0.023182369768619537,-0.007198251783847809,0.0007597208023071289
-0.00014627352356910706,-0.003293737769126892,-0.0011479854583740234
0.010274328291416168,-0.0038780709728598595,-0.00026345252990722656
-0.029791370034217834,-0.004030453972518444,-0.0008128881454467773
-0.028866209089756012,-0.0037135398015379906,-0.0006929636001586914
-0.025318540632724762,-0.003416556864976883,-0.0005456805229187012
-0.024380233138799667,-0.004418267868459225,-0.00018340349197387695
-0.02417052909731865,-0.0061563970521092415,-0.002230048179626465
-0.02600596472620964,-0.0063041746616363525,-0.0005840063095092773
-0.028287015855312347,-0.005047669634222984,-0.001103222370147705
-0.02939525619149208,-0.00385934766381979,-0.0018341541290283203
-0.028810035437345505,-0.0035520782694220543,-0.0005239248275756836
-0.02791915088891983,-0.004437471739947796,-0.00020569562911987305
-0.025866635143756866,-0.004210904240608215,-0.0020847320556640625
-0.024466857314109802,-0.0032414812594652176,0.0002168416976928711
-0.02412853017449379,-0.0026419293135404587,0.0010846853256225586
-0.024570878595113754,-0.0032350225374102592,-0.003555774688720703
-0.025930196046829224,-0.004960241727530956,-0.0016356706619262695
-0.02898683398962021,-0.005995041690766811,-0.0005857944488525391
-0.027611739933490753,-0.006153002381324768,-0.00048160552978515625
-0.025974959135055542,-0.005226439796388149,-0.0019480586051940918
-0.025709811598062515,-0.0033496087417006493,-0.0005310773849487305
-0.025891169905662537,-0.0029238397255539894,-0.0016614794731140137
-0.025075044482946396,-0.0034371446818113327,-0.001846015453338623
-0.025995001196861267,-0.0026901159435510635,-0.0012373924255371094
-0.028313536196947098,-0.003492354415357113,-0.0006449222564697266
-0.028435595333576202,-0.004965048283338547,-0.0011655092239379883
-0.027978934347629547,-0.0066087692975997925,-0.0002824068069458008
-0.026967205107212067,-0.00539864506572485,-0.00036084651947021484
-0.025622021406888962,-0.004825690761208534,-0.0010799169540405273
-0.024299129843711853,-0.003084789961576462,-0.00024306774139404297
-0.024052154272794724,-0.0019028186798095703,-2.384185791015625e-07
-0.02567443624138832,-0.002720109187066555,-0.0012376904487609863
-0.026465371251106262,-0.003924199379980564,-0.00035452842712402344
-0.027152996510267258,-0.005073326639831066,-0.0012717247009277344
-0.02779224142432213,-0.005536307580769062,-0.0016245841979980469
-0.02610274776816368,-0.004725939594209194,-0.0005892515182495117
-0.025705594569444656,-0.003935110755264759,-0.0016285181045532227
-0.023797407746315002,-0.002550561912357807,-0.0018892288208007812
-0.02254912629723549,-0.0030813803896307945,6.222724914550781e-05
-0.023351680487394333,-0.00287078320980072,-0.0021829605102539062
-0.02372198924422264,-0.00308030191808939,-0.0008271932601928711
-0.026303626596927643,-0.0039282310754060745,-0.00023376941680908203
-0.02777215465903282,-0.0051489053294062614,-0.0017925500869750977
-0.027747992426156998,-0.004720151424407959,-0.0014590024948120117
-0.02662663906812668,-0.004185676574707031,-0.001323699951171875
-0.025232702493667603,-0.0039017479866743088,-0.0004712343215942383
-0.023621920496225357,-0.003834336996078491,-0.0008848905563354492
-0.023669060319662094,-0.004264401271939278,-0.00039768218994140625
-0.023662999272346497,-0.004827583208680153,-0.0013451576232910156
-0.0245104618370533,-0.004237706772983074,-0.002003312110900879
-0.025493044406175613,-0.004444095306098461,-0.002417445182800293
-0.02584023028612137,-0.0038552358746528625,-0.0021294355392456055
-0.02618289366364479,-0.0042787473648786545,-0.0012308359146118164
-0.02500169351696968,-0.004082369618117809,-0.0015985369682312012
-0.0252397283911705,-0.004193279892206192,-0.0006539821624755859
-0.02417369931936264,-0.003024430014193058,-4.470348358154297e-05
-0.024025768041610718,-0.003520684316754341,-0.0016790032386779785
-0.02497085928916931,-0.003310319036245346,-0.0008414983749389648
-0.024720996618270874,-0.0036391736939549446,-0.0014233589172363281
-0.024835843592882156,-0.004293977282941341,-0.0013789534568786621
-0.02411574497818947,-0.004717166535556316,-0.0010445117950439453
-0.02488343045115471,-0.0050058793276548386,-0.0005573034286499023
-0.02426263689994812,-0.0044255247339606285,-0.001550137996673584
-0.024481337517499924,-0.0043410202488303185,-0.0004990696907043457
-0.02403987944126129,-0.0037391865625977516,-0.001767277717590332
-0.024509496986865997,-0.004201953299343586,-0.001295626163482666
-0.025333702564239502,-0.0036687729880213737,-0.0009769797325134277
-0.024794328957796097,-0.004105541855096817,-0.0014055967330932617
-0.024982258677482605,-0.004555277526378632,-0.0011014938354492188
-0.02400137111544609,-0.004492607899010181,-0.0012552738189697266
-0.02354472130537033,-0.0043076155707240105,-0.0006766319274902344
-0.02406039834022522,-0.0032040104269981384,-0.001059412956237793
-0.024139106273651123,-0.0035906219854950905,-0.0004811286926269531
-0.024385862052440643,-0.003411564975976944,-0.0009557604789733887
-0.024561163038015366,-0.004308332689106464,-0.0016744136810302734
-0.024981830269098282,-0.004694200120866299,-0.001233220100402832
-0.023441437631845474,-0.003969457000494003,-0.001891016960144043
-0.023321636021137238,-0.00482107512652874,-0.0005652308464050293
-0.02324797958135605,-0.0045039718970656395,-0.0008561611175537109
-0.023245908319950104,-0.003153975121676922,-0.0010251998901367188
-0.023603450506925583,-0.0035013314336538315,-0.0015450716018676758
-0.023532629013061523,-0.0029838718473911285,-0.0018665194511413574
-0.024007514119148254,-0.0033045094460248947,-0.001807093620300293
-0.024738583713769913,-0.0037383921444416046,-0.0007561445236206055
-0.024531777948141098,-0.004882426932454109,-0.0005739927291870117
-0.024141259491443634,-0.003852490335702896,-0.0008198022842407227
-0.023988638073205948,-0.0025190701708197594,-0.0009279251098632812
-0.023690760135650635,-0.004011308774352074,-8.96453857421875e-05
-0.02260664850473404,-0.004245029762387276,-0.0010216236114501953
-0.022141102701425552,-0.003667617216706276,0.0003349781036376953
-0.022657223045825958,-0.003848911263048649,-0.0021997690200805664
-0.023232966661453247,-0.0036665210500359535,-0.0009192228317260742
-0.023400738835334778,-0.0038504600524902344,-0.0024003982543945312
-0.024072717875242233,-0.003884570673108101,-0.0013338923454284668
-0.023583833128213882,-0.003042813390493393,-0.0005117058753967285
-0.023760095238685608,-0.0038695819675922394,-0.0009555220603942871
-0.024142082780599594,-0.0037361206486821175,-0.0013540983200073242
-0.023229163140058517,-0.0029499847441911697,-0.0012788772583007812
-0.02325420454144478,-0.004172535613179207,-0.0018758773803710938
-0.023245062679052353,-0.0034795328974723816,-0.0008093118667602539
-0.0228414349257946,-0.003403501585125923,-0.0018634796142578125
-0.023112710565328598,-0.003110668621957302,-0.0014227628707885742
-0.022690676152706146,-0.0031528985127806664,-0.0013021230697631836
-0.02347225695848465,-0.0037588896229863167,-8.302927017211914e-05
-0.02439364790916443,-0.0032220715656876564,-0.0008473992347717285
-0.022381342947483063,-0.003927094861865044,-0.0009558796882629395
-0.022746849805116653,-0.003097040578722954,-0.0007586479187011719
-0.023214958608150482,-0.003569399006664753,-0.0010493993759155273
-0.02328883856534958,-0.003377918154001236,-0.0006387233734130859
-0.023208647966384888,-0.0044448599219322205,-0.0008538961410522461
-0.021862901747226715,-0.003810475580394268,-0.002274751663208008
-0.022275522351264954,-0.003292955458164215,-0.0010094642639160156
-0.023475009948015213,-0.0033694058656692505,-0.0012097954750061035
-0.02202162891626358,-0.003421270288527012,-0.0014094114303588867
-0.022488020360469818,-0.003066481091082096,-0.0006632208824157715
-0.021856438368558884,-0.002924296073615551,-0.00148850679397583
-0.023409493267536163,-0.0034332266077399254,-0.0012460947036743164
-0.02237118035554886,-0.0037587201222777367,-0.00027048587799072266
-0.022061839699745178,-0.003477979451417923,-0.0009889602661132812
-0.02202683314681053,-0.0031079715117812157,-0.001249551773071289
-0.02232394739985466,-0.003275304101407528,-0.000549018383026123
-0.022860024124383926,-0.003411266952753067,-0.0003974437713623047
-0.022190332412719727,-0.0041140662506222725,-0.0007036328315734863
-0.021777331829071045,-0.0028423406183719635,-0.0010246634483337402
-0.022366102784872055,-0.0029064882546663284,-0.0010565519332885742
-0.022233083844184875,-0.0036184219643473625,-0.0012722015380859375
-0.022638913244009018,-0.00359317846596241,-0.0019150972366333008
-0.021643050014972687,-0.0031758155673742294,-0.0024352669715881348
-0.022074639797210693,-0.0035008788108825684,-0.0027567148208618164
-0.022246044129133224,-0.0034809429198503494,-0.0014765262603759766
-0.02210085093975067,-0.0027397312223911285,-0.0005018711090087891
-0.021728936582803726,-0.0030716247856616974,-0.0008083581924438477
-0.022304613143205643,-0.0027504339814186096,-0.0012069940567016602
-0.021181028336286545,-0.0027329707518219948,-0.0010862946510314941
-0.02147083356976509,-0.003649609163403511,-0.0006607770919799805
-0.02151317521929741,-0.003291696310043335,-0.001347959041595459
-0.021881211549043655,-0.00355659332126379,-0.0012122392654418945
-0.02248772606253624,-0.0034178979694843292,-0.0011067390441894531
-0.02184615656733513,-0.002880854532122612,-0.001947164535522461
-0.022033855319023132,-0.004313332960009575,-0.00043785572052001953
-0.021918166428804398,-0.0032570650801062584,3.3795833587646484e-05
-0.02119731903076172,-0.003553355112671852,-0.0012491941452026367
-0.021412912756204605,-0.0033563440665602684,-0.0009908676147460938
-0.02089749276638031,-0.002818901091814041,-0.0013126134872436523
-0.021788686513900757,-0.0030514420941472054,-0.0012225508689880371
-0.021853357553482056,-0.003414785023778677,-0.002063274383544922
-0.021781347692012787,-0.0030552437528967857,-0.0012096762657165527
-0.021313875913619995,-0.003106351476162672,-2.086162567138672e-05
-0.020825382322072983,-0.0026272772811353207,-0.0006632804870605469
-0.020058035850524902,-0.002898944541811943,-0.0010612010955810547
-0.02025808021426201,-0.0027844374999403954,-0.00036084651947021484
-0.021152682602405548,-0.003567703068256378,-0.001307666301727295
-0.021177269518375397,-0.0035513127222657204,-0.0008969306945800781
-0.020977500826120377,-0.0034345658496022224,-0.001416921615600586
-0.022025562822818756,-0.0034155286848545074,-0.0007613897323608398
-0.021163195371627808,-0.0030733137391507626,-0.0010677576065063477
-0.020851053297519684,-0.0035631400533020496,-0.0011142492294311523
-0.02010570839047432,-0.002986292354762554,-0.0015270709991455078
-0.020073965191841125,-0.0036140005104243755,-0.0016654133796691895
-0.0210089273750782,-0.0024098241701722145,-0.0006746053695678711
-0.020871032029390335,-0.0032006055116653442,-0.0006451606750488281
-0.020616501569747925,-0.003129049204289913,-0.0027822256088256836
-0.020168092101812363,-0.003954348620027304,-0.0017153024673461914
-0.01994585245847702,-0.0032641091383993626,-0.00017547607421875
-0.020663250237703323,-0.0032061301171779633,-0.00011557340621948242
-0.020335551351308823,-0.003442392684519291,-0.0013370513916015625
-0.021135132759809494,-0.003471969161182642,-0.00043761730194091797
-0.021318554878234863,-0.0028274250216782093,-0.001903533935546875
-0.021993637084960938,-0.004258020780980587,-0.0011115670204162598
-0.021133247762918472,-0.003775480668991804,-0.0006397366523742676
-0.02000720053911209,-0.0031633288599550724,-0.0015410184860229492
-0.019966062158346176,-0.0030554099939763546,-0.00099259614944458
-0.02002791315317154,-0.0028409999795258045,-0.0008105039596557617
-0.020190779119729996,-0.003228521905839443,-0.0010704994201660156
-0.019686639308929443,-0.0035942611284554005,-0.001269996166229248
-0.020713772624731064,-0.0028725266456604004,-0.0016376376152038574
-0.020427756011486053,-0.002487726043909788,-0.001394510269165039
-0.020120475441217422,-0.003199825994670391,-0.001975417137145996
-0.019749891012907028,-0.0027511492371559143,-0.001793503761291504
-0.02055111899971962,-0.0027045723982155323,-0.0019167661666870117
-0.020706456154584885,-0.0028869183734059334,-0.0006666183471679688
-0.020401932299137115,-0.0029731132090091705,-0.0019035935401916504
-0.020089291036128998,-0.0021329261362552643,-0.0016455650329589844
-0.020804110914468765,-0.0030555487610399723,-0.0010510683059692383
-0.019966676831245422,-0.003705632407218218,-0.000838935375213623
-0.019429415464401245,-0.0024210065603256226,-0.0008858442306518555
-0.020994815975427628,-0.0030954433605074883,-0.0014816522598266602
-0.019282784312963486,-0.0034140734933316708,-0.001955747604370117
-0.02048923447728157,-0.003056600224226713,-0.0013463497161865234
-0.01974371075630188,-0.002895498648285866,-0.001408219337463379
-0.02084929868578911,-0.002875673584640026,-0.001607358455657959
-0.02093026041984558,-0.0028304732404649258,-0.0020508170127868652
-0.02010836824774742,-0.0029728556983172894,-0.0010142326354980469
-0.02032265067100525,-0.003446738701313734,-0.0021143555641174316
-0.02012798562645912,-0.003490673378109932,-0.0006046295166015625
-0.02055630087852478,-0.0028254780918359756,-0.0004988312721252441
-0.02062748372554779,-0.002111024223268032,-0.0011714696884155273
-0.01939426362514496,-0.00332957087084651,-0.0010350942611694336
-0.018890324980020523,-0.003155900165438652,-0.0007309913635253906
-0.01900196075439453,-0.003015364520251751,-0.0011592507362365723
-0.01894252374768257,-0.0025472259148955345,-0.0013437271118164062
-0.019426092505455017,-0.0027284789830446243,-0.002092599868774414
-0.01997355744242668,-0.0037436364218592644,-0.001468062400817871
-0.019701648503541946,-0.0032443543896079063,-0.0015610456466674805
-0.019847404211759567,-0.0030327849090099335,-0.0013179779052734375
-0.019751686602830887,-0.0028115990571677685,-0.0010745525360107422
-0.019501101225614548,-0.0025330977514386177,-0.0008012056350708008
-0.018562383949756622,-0.002810975071042776,-0.0010312795639038086
-0.020197387784719467,-0.002924063242971897,-0.001535654067993164
-0.01947183907032013,-0.004016105085611343,-0.00010216236114501953
-0.019431110471487045,-0.0037092487327754498,-1.1563301086425781e-05
-0.02002442255616188,-0.002545568160712719,-0.002225160598754883
-0.0196353979408741,-0.003537464886903763,-0.0012340545654296875
-0.01986776292324066,-0.0030678515322506428,-0.0009454488754272461
-0.019502293318510056,-0.002554965205490589,-0.0017247200012207031
-0.019560787826776505,-0.0026742983609437943,-0.0019389986991882324
-0.019825797528028488,-0.002206957433372736,-0.0009175539016723633
-0.019294634461402893,-0.0028971643187105656,-0.0011321306228637695
-0.018485896289348602,-0.0026693688705563545,-0.0022622346878051758
-0.018912170082330704,-0.00275782635435462,-0.000737309455871582
-0.01880956068634987,-0.00318281352519989,-0.0008144974708557129
-0.017827533185482025,-0.003157335799187422,-0.00116652250289917
-0.01906687766313553,-0.0034101237542927265,-0.00177764892578125
-0.018657203763723373,-0.0039696781896054745,-0.0011681318283081055
-0.018070541322231293,-0.0027871020138263702,-0.001627206802368164
-0.019097037613391876,-0.0027233525179326534,-0.0021163225173950195
-0.019664451479911804,-0.003555240575224161,-0.0011401176452636719
-0.019032035022974014,-0.0027712443843483925,-0.0015371441841125488
-0.019266702234745026,-0.003582566976547241,-0.0015225410461425781
-0.018044497817754745,-0.002483947202563286,-0.0015383362770080566
-0.018473755568265915,-0.002234376035630703,-0.0008831024169921875
-0.018178604543209076,-0.002492917701601982,-0.0011584758758544922
-0.018978379666805267,-0.0030734105966985226,-0.00015223026275634766
-0.019175700843334198,-0.0036416850052773952,-0.0009618997573852539
-0.019274305552244186,-0.00272127753123641,-0.0016494989395141602
-0.0187109112739563,-0.0032777972519397736,-0.0008569955825805664
-0.018588168546557426,-0.003082882147282362,-0.0021086931228637695
-0.017727473750710487,-0.0027682813815772533,-0.0022308826446533203
-0.018250854685902596,-0.0031747748143970966,-0.0006142854690551758
-0.018544286489486694,-0.0025048465467989445,-0.0016984939575195312
-0.018989386036992073,-0.002519437111914158,-0.0008907318115234375
-0.018572703003883362,-0.0030510807409882545,-0.0025092363357543945
-0.018277795985341072,-0.0030906442552804947,-0.00038880109786987305
-0.017697952687740326,-0.002397757489234209,-0.0009696483612060547
-0.018540600314736366,-0.0012849518097937107,-0.001260519027709961
-0.018134402111172676,-0.0023012286983430386,-0.0016123056411743164
-0.018461251631379128,-0.0027623064815998077,-0.0013231635093688965
-0.018043415620923042,-0.0032034791074693203,-0.0015527009963989258
-0.018379447981715202,-0.003464335575699806,-0.00043976306915283203
-0.018147071823477745,-0.003259122371673584,-0.0014017224311828613
-0.01808083802461624,-0.002577622886747122,-0.0010360479354858398
-0.019182300195097923,-0.0021564047783613205,-0.0013263225555419922
-0.01825111359357834,-0.0018878565169870853,-0.0009458065032958984
-0.018710078671574593,-0.0029727276414632797,-0.0016484260559082031
-0.01902635209262371,-0.0036017275415360928,-0.001755833625793457
-0.018544776365160942,-0.004197164438664913,-0.0021074414253234863
-0.017674699425697327,-0.004569333046674728,-0.0013759136199951172
-0.01773494854569435,-0.0030635069124400616,-0.001880347728729248
-0.01774669997394085,-0.002017487306147814,-0.0013318061828613281
-0.018420597538352013,-0.002172342501580715,-0.0017751455307006836
-0.01815374381840229,-0.0021819807589054108,-0.0009827613830566406
-0.017513729631900787,-0.0034662550315260887,-0.0015482902526855469
-0.017600461840629578,-0.0032938960939645767,-0.0013352632522583008
-0.01762968674302101,-0.002869649790227413,-0.002114534378051758
-0.01753612607717514,-0.003192933276295662,-0.001184701919555664
-0.01790868304669857,-0.0021085618063807487,-0.0007734894752502441
-0.017922664061188698,-0.0028111347928643227,-0.00019413232803344727
-0.01692592352628708,-0.002064127940684557,-0.0021936893463134766
-0.018544133752584457,-0.002249483484774828,-0.001355290412902832
-0.017838571220636368,-0.0032538394443690777,-0.001905202865600586
-0.018039913848042488,-0.003249657806009054,-0.0019360780715942383
-0.018979057669639587,-0.00353561295196414,-0.001631021499633789
-0.017754070460796356,-0.002998604904860258,-0.00048720836639404297
-0.017740385606884956,-0.002692851237952709,-0.0014493465423583984
-0.017550216987729073,-0.003120788373053074,-0.0007787942886352539
-0.017009790986776352,-0.00298164039850235,-0.0003980398178100586
-0.017187442630529404,-0.0029092440381646156,-0.0009632110595703125
-0.017609307542443275,-0.002341517712920904,-0.0017572641372680664
-0.018125193193554878,-0.0026638545095920563,-0.0023682713508605957
-0.017508359625935555,-0.0031867320649325848,-0.0020485520362854004
-0.0179694015532732,-0.002808620221912861,-0.0008133649826049805
-0.018556198105216026,-0.003117733635008335,-0.0007230043411254883
-0.0179605670273304,-0.003144708462059498,-0.0004793405532836914
-0.01730809547007084,-0.0030408622696995735,-0.0013653039932250977
-0.017154114320874214,-0.0023145517334342003,-0.0015950202941894531
-0.01709982007741928,-0.0023799235932528973,-0.0017484426498413086
-0.016392135992646217,-0.003248419612646103,-0.0010019540786743164
-0.016954459249973297,-0.0031894822604954243,-0.0013842582702636719
-0.018115650862455368,-0.0031568119302392006,-0.0010800361633300781
-0.018270855769515038,-0.0023730513639748096,-0.0005773305892944336
-0.01712675206363201,-0.002410389017313719,-0.0015848875045776367
-0.017967719584703445,-0.003029787912964821,-0.0010821819305419922
-0.017204931005835533,-0.0036979056894779205,-0.0021817684173583984
-0.016633467748761177,-0.0030128238722682,-0.0007938146591186523
-0.016391048207879066,-0.0031057968735694885,-0.0001537799835205078
-0.01777903363108635,-0.002522943075746298,-0.0008718967437744141
-0.017584947869181633,-0.002689917106181383,-0.0020171403884887695
-0.01728946343064308,-0.002432549837976694,-0.0022771358489990234
-0.017467480152845383,-0.002543448470532894,-0.0010265111923217773
-0.017188051715493202,-0.003302949946373701,-0.0008438825607299805
-0.01775890775024891,-0.003399686887860298,-0.001806020736694336
-0.017175763845443726,-0.0025596129707992077,-0.0009063482284545898
-0.016892317682504654,-0.003512090537697077,-0.0015937089920043945
-0.015809649601578712,-0.0031709293834865093,-0.0018234848976135254
-0.016650302335619926,-0.0028066798113286495,-0.0016108155250549316
-0.017171233892440796,-0.003270302899181843,-0.0020689964294433594
-0.016992397606372833,-0.0026305904611945152,-0.0009101629257202148
-0.01669246330857277,-0.0024708681739866734,-0.0019638538360595703
-0.016924206167459488,-0.0026255734264850616,-0.0017205476760864258
-0.01754918321967125,-0.0028908848762512207,-0.001782536506652832
-0.01701599545776844,-0.0026225033216178417,-0.0018140077590942383
-0.018195608630776405,-0.0027937013655900955,-0.0008382797241210938
-0.017548149451613426,-0.0020947763696312904,-0.0005336999893188477
-0.016837531700730324,-0.0032353475689888,-0.0012059211730957031
-0.01663680374622345,-0.0030197487212717533,-0.0012371540069580078
-0.01602836512029171,-0.003402130678296089,-0.0004597306251525879
-0.016119634732604027,-0.003411353100091219,-0.0015134811401367188
-0.01666935533285141,-0.0017997389659285545,-0.001087188720703125
-0.016682716086506844,-0.002134183421730995,-0.001331925392150879
-0.01694437302649021,-0.0025889393873512745,-0.001286625862121582
-0.016402965411543846,-0.0028458423912525177,-0.0013788938522338867
-0.01795666664838791,-0.003074140753597021,-0.000510096549987793
-0.01744653284549713,-0.002370414324104786,-0.0014873147010803223
-0.016500728204846382,-0.0026798248291015625,0.00014442205429077148
-0.015487110242247581,-0.002966510131955147,-0.0009554028511047363
-0.015550414100289345,-0.0026116599328815937,-0.0012619495391845703
-0.015765240415930748,-0.0027323178946971893,-0.0017207860946655273
-0.016000615432858467,-0.0031147063709795475,-0.001843571662902832
-0.0164087675511837,-0.0030863569118082523,-0.0013564229011535645
-0.01675599440932274,-0.003211480099707842,-0.0004115104675292969
-0.01684013195335865,-0.0030441759154200554,-0.001953423023223877
-0.01714697666466236,-0.0028237742371857166,-0.0019843578338623047
-0.01714909076690674,-0.0023675705306231976,-0.001481771469116211
-0.016098231077194214,-0.0013615889474749565,-0.0008418560028076172
-0.017154598608613014,-0.0019380752928555012,-0.0016666650772094727
-0.016450006514787674,-0.0022556218318641186,-0.0011031627655029297
-0.015986889600753784,-0.0022279927507042885,-0.0007832646369934082
-0.016569172963500023,-0.002732172142714262,-0.0021112561225891113
-0.015655599534511566,-0.0027609202079474926,-0.002524137496948242
-0.015627941116690636,-0.0035219495184719563,-0.0010448694229125977
-0.015049383044242859,-0.0031378651037812233,-0.0006643533706665039
-0.015622982755303383,-0.002270232420414686,-0.0013674497604370117
-0.01562914066016674,-0.00202431483194232,0.000661313533782959
-0.016390111297369003,-0.001675737090408802,-0.0013992786407470703
-0.01643206924200058,-0.0018876735121011734,-0.003063499927520752
-0.014863790944218636,-0.001903308555483818,-0.0010197162628173828
-0.0017160288989543915,-0.0014104447327554226,-0.0006237626075744629
0.0750613659620285,0.005834890063852072,0.00010818243026733398
0.05629574880003929,-0.005832098424434662,-0.001875758171081543
0.015099184587597847,-0.0032851495780050755,-0.0018451809883117676
-0.052710533142089844,0.0057484861463308334,-0.0002276897430419922
-0.09544647485017776,-0.0029190857894718647,-0.0027756690979003906
-0.06480467319488525,-0.013825519010424614,-0.002134859561920166
-0.04200933128595352,-0.009101305156946182,0.0001233816146850586
-0.020367691293358803,-0.0021688691340386868,0.00039839744567871094
-0.014349168166518211,-0.0014731627888977528,-0.0018132328987121582
-0.018295293673872948,-0.000949561595916748,-0.002926349639892578
-0.019833488389849663,-8.748238906264305e-05,-0.000759124755859375
-0.01872357726097107,-0.0008745701052248478,-0.0011560916900634766
-0.016247818246483803,0.000741184689104557,-0.0009883642196655273
-0.005822427570819855,0.010160516947507858,-0.0009579658508300781
0.0019275546073913574,0.022599944844841957,-0.002499103546142578
0.0108177550137043,0.03192758932709694,-0.0015076398849487305
0.029238631948828697,0.06688827276229858,-0.00018024444580078125
0.042988844215869904,0.10839330404996872,0.00020122528076171875
0.03641403466463089,0.07626176625490189,-0.0005772113800048828
0.004597201943397522,0.10193702578544617,0.0005977749824523926
0.0012745540589094162,0.12412963062524796,-0.0022553205490112305
0.02271781675517559,0.17564034461975098,-0.0002409219741821289
0.07058475911617279,0.22241410613059998,0.007205605506896973
0.12021813541650772,0.26457929611206055,-0.010386824607849121
0.09293604642152786,0.39213261008262634,-0.001245737075805664
0.12864992022514343,0.4565572142601013,0.0033941268920898438
0.16970250010490417,0.44293013215065,0.0023881196975708008
0.12974277138710022,0.38029319047927856,-0.0027217864990234375
0.04468651860952377,0.24869465827941895,0.000453948974609375
-0.018274487927556038,0.14378857612609863,-0.0006272792816162109
-0.023107560351490974,0.16109925508499146,-0.002473115921020508
-0.011338546872138977,0.17797227203845978,0.0021511316299438477
-0.03106595389544964,0.15018633008003235,-0.0033084750175476074
-0.036443956196308136,0.07121343165636063,0.0016080141067504883
-0.0858461856842041,0.004945597145706415,-0.0009225606918334961
-0.09108079969882965,0.04442066699266434,-0.0036984682083129883
-0.06365504860877991,0.0738464966416359,-0.003119349479675293
-0.01287846639752388,0.14926734566688538,0.0004951357841491699
-0.023147910833358765,0.10220249742269516,0.001881241798400879
-0.04353712126612663,0.019068492576479912,-0.005079329013824463
-0.054728128015995026,-0.027561064809560776,0.0003815293312072754
-0.06226275861263275,-0.09036912769079208,-0.0011617541313171387
-0.07210570573806763,-0.10157289355993271,-0.006733536720275879
-0.09676556289196014,-0.14036023616790771,0.003015458583831787
-0.09964537620544434,-0.13053637742996216,-0.004707515239715576
-0.08516021072864532,-0.10518687963485718,-0.002069711685180664
-0.06461918354034424,-0.09347403049468994,-0.0022232532501220703
-0.04231465607881546,-0.07443713396787643,-0.0013852119445800781
-0.0262682493776083,-0.1029299646615982,0.001676797866821289
0.05660059303045273,-0.1326112151145935,0.008044719696044922
0.10796952992677689,-0.18906477093696594,-0.005405783653259277
-0.14789944887161255,-0.3158523142337799,-0.004592299461364746
-0.9377900958061218,-0.6978896260261536,-0.012964606285095215
-0.8073698282241821,-0.8521818518638611,0.010853171348571777
-0.47964856028556824,-0.4304850101470947,-0.020139336585998535
0.033221304416656494,0.10725130885839462,0.01894688606262207
0.0835549607872963,0.028951268643140793,0.07585775852203369
0.08567479252815247,-0.18274761736392975,0.2719188928604126
0.23250719904899597,-0.11884603649377823,0.3971722722053528
0.4394949674606323,-0.009688470512628555,0.6585550308227539
0.5622948408126831,-0.03533845394849777,0.9645824432373047
0.5215243697166443,-0.003009803593158722,1.0438148975372314
0.3364046812057495,0.05387541651725769,0.9244624376296997
0.1458101123571396,0.09220153093338013,0.7212508916854858
0.046942874789237976,0.1196182370185852,0.5256715416908264
0.015519246459007263,0.11305034160614014,0.38185805082321167
0.028777360916137695,0.09636583924293518,0.27259838581085205
0.05646008253097534,0.08091297745704651,0.2005544900894165
0.08931303024291992,0.0668448805809021,0.17149370908737183
0.07605239748954773,0.0770411491394043,0.13548380136489868
0.03039032220840454,0.10613143444061279,0.06153601408004761
0.027584820985794067,0.15640759468078613,-0.04451310634613037
-0.05051696300506592,0.22967344522476196,-0.11840260028839111
-0.13794541358947754,0.19108426570892334,-0.12820011377334595
-0.12238600850105286,0.09899955987930298,-0.12731587886810303
-0.09131088852882385,0.02224940061569214,-0.10877424478530884
-0.03963002562522888,-0.03596264123916626,-0.07977205514907837
-0.019828706979751587,-0.06693047285079956,-0.06614851951599121
-0.037211596965789795,-0.0765610933303833,-0.06174212694168091
-0.045061588287353516,-0.043009042739868164,-0.062005817890167236
-0.05995890498161316,0.025571763515472412,-0.07038462162017822
-0.10321280360221863,0.093780517578125,-0.08599025011062622
-0.1372615396976471,0.12738841772079468,-0.10637730360031128
-0.1384941041469574,0.1401691436767578,-0.11758142709732056
-0.11605377495288849,0.14415770769119263,-0.1198607087135315
-0.07907609641551971,0.13966578245162964,-0.13690513372421265
-0.057801395654678345,0.13584405183792114,-0.16245895624160767
-0.06801462173461914,0.13561588525772095,-0.16700440645217896
-0.07774311304092407,0.14953595399856567,-0.1706487536430359
-0.1128852367401123,0.16566157341003418,-0.16990214586257935
-0.1295495480298996,0.18250399827957153,-0.16723096370697021
-0.05610473453998566,0.233873188495636,-0.17583602666854858
0.056423693895339966,0.28698551654815674,-0.17311900854110718
-0.07047556340694427,0.15409398078918457,-0.15373080968856812
-0.13299395143985748,0.10328716039657593,-0.16116410493850708
-0.0745467096567154,0.1459609866142273,-0.16808491945266724
-0.07375042140483856,0.11920702457427979,-0.17102378606796265
-0.09681262075901031,0.09187376499176025,-0.161726176738739
-0.10606901347637177,0.08265930414199829,-0.14143294095993042
-0.08538982272148132,0.08258944749832153,-0.12405484914779663
-0.0688030868768692,0.09288573265075684,-0.11162245273590088
-0.08717639744281769,0.09336727857589722,-0.10198193788528442
-0.09278275072574615,0.10684418678283691,-0.10612297058105469
-0.06805688142776489,0.12210017442703247,-0.09498041868209839
-0.048829659819602966,0.10324138402938843,-0.06643283367156982
-0.031674012541770935,0.08367550373077393,-0.05372738838195801
-0.03413054347038269,0.08835083246231079,-0.06786686182022095
-0.052793532609939575,0.09010350704193115,-0.09338170289993286
-0.0670270174741745,0.08161133527755737,-0.10893076658248901
-0.06662951409816742,0.07232916355133057,-0.10156607627868652
-0.05116204917430878,0.06509983539581299,-0.08013761043548584
-0.03625185787677765,0.05452895164489746,-0.06642276048660278
-0.03322792053222656,0.046944260597229004,-0.06974160671234131
-0.03845107555389404,0.041094303131103516,-0.07176846265792847
-0.03606797754764557,0.040667831897735596,-0.06167405843734741
-0.02971966564655304,0.0404510498046875,-0.036734163761138916
-0.035669878125190735,0.03394037485122681,-0.01495969295501709
-0.03727123141288757,0.027965843677520752,0.00027424097061157227
-0.03917977213859558,0.0183677077293396,0.009785473346710205
-0.041789308190345764,0.012402236461639404,0.011072874069213867
-0.03775325417518616,0.012687981128692627,0.0013257861137390137
-0.027092114090919495,0.008950114250183105,-0.01440209150314331
-0.01785007119178772,0.003514111042022705,-0.03006821870803833
-0.018228694796562195,0.0008789300918579102,-0.0422092080116272
-0.02641107141971588,0.002396225929260254,-0.04439204931259155
-0.03101789951324463,0.003923892974853516,-0.023273468017578125
-0.032188862562179565,0.0005418062210083008,0.0066612958908081055
-0.040321677923202515,0.001380324363708496,0.024819672107696533
-0.048093751072883606,0.0026121139526367188,0.02902078628540039
-0.0525888055562973,0.0027640461921691895,0.029777944087982178
-0.04691140353679657,0.00033092498779296875,0.02834033966064453
-0.03982338309288025,-0.004965603351593018,0.02095407247543335
-0.03999170660972595,-0.003051578998565674,0.017300128936767578
-0.04664374887943268,0.0027484893798828125,0.0316922664642334
-0.06365323066711426,0.010199308395385742,0.042735934257507324
-0.08430975675582886,0.02085787057876587,0.0582767128944397
-0.10259926319122314,0.026444673538208008,0.07199209928512573
-0.1195734441280365,0.027099907398223877,0.07594722509384155
-0.123716801404953,0.026510655879974365,0.0684632658958435
-0.11087021231651306,0.02205711603164673,0.04638773202896118
-0.09877772629261017,0.017933309078216553,0.017346441745758057
-0.08057169616222382,0.01649552583694458,0.001216292381286621
-0.07210151851177216,0.01834017038345337,0.008287668228149414
-0.07375811040401459,0.029679715633392334,0.0338587760925293
-0.07508914172649384,0.03618621826171875,0.06602472066879272
-0.055927976965904236,0.02680283784866333,0.10501658916473389
-0.03174501657485962,0.01970815658569336,0.14339202642440796
-0.006266400218009949,0.010983586311340332,0.16442042589187622
0.006138965487480164,0.004413187503814697,0.16011887788772583
0.002127036452293396,0.00965029001235962,0.1401422619819641
0.0033710747957229614,0.00882953405380249,0.11775213479995728
0.008577466011047363,0.00828486680984497,0.10319095849990845
0.025337353348731995,0.0045067667961120605,0.09425485134124756
0.0462326854467392,-0.006884157657623291,0.0832703709602356
0.053737565875053406,-0.009107589721679688,0.06565815210342407
0.05989086627960205,-0.005433320999145508,0.04937255382537842
0.052698224782943726,-0.006149172782897949,0.04100316762924194
0.039259910583496094,-0.00769120454788208,0.038446247577667236
0.041874393820762634,-0.0030570030212402344,0.035309016704559326
0.050811752676963806,-0.00459975004196167,0.042247235774993896
0.06211291253566742,-0.014818310737609863,0.04414498805999756
0.06526064872741699,-0.013032257556915283,0.035178959369659424
0.05357830226421356,-0.00842827558517456,0.02508401870727539
0.04597838222980499,-0.007041752338409424,0.013784468173980713
0.03541561961174011,-0.00529789924621582,0.002894103527069092
0.02379019558429718,-0.002633512020111084,-0.005064666271209717
0.02265767753124237,0.0037847161293029785,-0.007929742336273193
0.02332662045955658,0.006609439849853516,-0.002572953701019287
0.025572791695594788,0.0053961873054504395,0.001608431339263916
0.024310842156410217,0.002842545509338379,-0.005246520042419434
0.02749006450176239,0.0038780570030212402,-0.021798431873321533
0.02249884605407715,0.00710529088973999,-0.039686739444732666
0.014239117503166199,0.013955235481262207,-0.04931807518005371
0.002976164221763611,0.020353376865386963,-0.04525846242904663
-0.007248282432556152,0.028220415115356445,-0.03209817409515381
-0.012366488575935364,0.03089374303817749,-0.01939767599105835
-0.017591729760169983,0.031637489795684814,-0.01878488063812256
-0.014249652624130249,0.030614256858825684,-0.022394835948944092
-0.005560427904129028,0.026643216609954834,-0.03175884485244751
-0.007175996899604797,0.022777915000915527,-0.041993021965026855
0.001696363091468811,0.02252596616744995,-0.051269352436065674
0.013467147946357727,0.023861408233642578,-0.051788270473480225
0.010467633605003357,0.01733410358428955,-0.0439378023147583
0.007948920130729675,0.01768583059310913,-0.03130936622619629
0.006634458899497986,0.02281564474105835,-0.007113099098205566
0.0017237812280654907,0.025355279445648193,0.019695699214935303
-0.009970620274543762,0.03253704309463501,0.03652113676071167
-0.022310659289360046,0.03817373514175415,0.049497127532958984
-0.026635095477104187,0.03332740068435669,0.06197851896286011
-0.022184118628501892,0.019778192043304443,0.08831524848937988
-0.011799678206443787,-0.025346696376800537,-0.09911864995956421
-0.04482021927833557,-0.16076427698135376,-0.6651559472084045
0.1814453899860382,0.02694016695022583,-0.6983177065849304
0.17863774299621582,0.01030874252319336,-0.04776269197463989
-0.01951780915260315,0.07622534036636353,0.11222165822982788
-0.16510610282421112,0.04320746660232544,0.14974939823150635
-0.13835473358631134,0.08036667108535767,0.19686657190322876
-0.05931644141674042,0.08564704656600952,0.18947875499725342
-0.027112379670143127,0.06382721662521362,0.10685896873474121
-0.021975606679916382,0.05153095722198486,0.03102654218673706
-0.012564584612846375,0.046626269817352295,-0.0007553696632385254
-0.017430782318115234,0.031055569648742676,-0.031109929084777832
-0.03477051854133606,0.031964004039764404,-0.05745750665664673
-0.04562421143054962,0.03740924596786499,-0.06433671712875366
-0.04940979182720184,0.03217172622680664,-0.06139284372329712
-0.04701338708400726,0.026789844036102295,-0.0598483681678772
-0.04799133539199829,0.025145649909973145,-0.05427592992782593
-0.04848393797874451,0.02477395534515381,-0.04045671224594116
-0.04446837306022644,0.023705363273620605,-0.025986194610595703
-0.03732801973819733,0.022721052169799805,-0.02442479133605957
-0.025729119777679443,0.01669454574584961,-0.015449583530426025
-0.028204485774040222,0.030238628387451172,-0.020824551582336426
-0.04600082337856293,0.04129040241241455,-0.04109877347946167
-0.03942471742630005,0.07029867172241211,-0.06174081563949585
-0.0186832994222641,0.09783327579498291,-0.07013708353042603
-0.0022929757833480835,0.1408454179763794,-0.06634747982025146
0.00563029944896698,0.20169967412948608,-0.08645063638687134
-0.030154749751091003,0.1960664987564087,-0.20389550924301147
-0.14763672649860382,0.1285807490348816,-0.30196434259414673
-0.11973722279071808,-0.037879884243011475,-0.35532277822494507
-0.05066004395484924,0.02309095859527588,-0.3027806878089905
-0.1282454878091812,0.11699378490447998,-0.2769418954849243
-0.2006087303161621,0.12502235174179077,-0.2767886519432068
-0.17756985127925873,0.1410735845565796,-0.19185465574264526
-0.14441099762916565,0.13135242462158203,-0.11793118715286255
-0.09322662651538849,0.11244440078735352,-0.10727310180664062
-0.04851502180099487,0.08606618642807007,-0.13366186618804932
-0.038776904344558716,0.06006777286529541,-0.19117826223373413
-0.0440995991230011,0.04773324728012085,-0.25570356845855713
-0.04540716111660004,0.03854167461395264,-0.28161025047302246
-0.03599373996257782,0.00962764024734497,-0.2571343779563904
-0.03699851036071777,0.0007858872413635254,-0.20153164863586426
-0.044126421213150024,0.010120689868927002,-0.15094071626663208
-0.06413888931274414,0.012114018201828003,-0.09504377841949463
-0.10314193367958069,0.015404194593429565,-0.04575800895690918
-0.13906802237033844,0.02519729733467102,0.0050656795501708984
-0.11197467148303986,0.034528493881225586,0.051035284996032715
-0.06525132060050964,0.045258134603500366,0.09333181381225586
-0.009800493717193604,0.03776964545249939,0.13695621490478516
0.06312696635723114,0.02331918478012085,0.1760556697845459
0.09642519056797028,0.008583366870880127,0.2226952314376831
0.10469900071620941,0.042059361934661865,0.2744075655937195
0.0763276219367981,0.022278517484664917,0.20190608501434326
-0.02432180941104889,-0.02468191087245941,0.21474820375442505
-0.06500265002250671,0.03599981963634491,0.2553786039352417
-0.05600458383560181,0.040736302733421326,0.24787074327468872
-0.0767848938703537,-0.005464881658554077,0.23161613941192627
-0.06855835020542145,0.007113009691238403,0.19887059926986694
-0.039506226778030396,0.026575088500976562,0.1637803316116333
-0.004675239324569702,0.004450157284736633,0.1234281063079834
0.08669619262218475,-0.0019442886114120483,0.10134482383728027
0.14230386912822723,-0.019189029932022095,0.10321986675262451
0.15148892998695374,-0.022634580731391907,0.1576383113861084
0.1341516226530075,-0.013318106532096863,0.22013533115386963
0.09591794013977051,-0.0030547529458999634,0.27417922019958496
0.026414349675178528,0.0030300095677375793,0.3004477620124817
-0.023580029606819153,-0.005582109093666077,0.26503169536590576
-0.045080289244651794,-0.012443788349628448,0.2047802209854126
-0.04757411777973175,-0.021129503846168518,0.14903759956359863
-0.038899242877960205,-0.012804165482521057,0.09018874168395996
-0.02916671335697174,-0.019246511161327362,0.04150557518005371
-0.0008843094110488892,-0.03409625589847565,0.01810508966445923
0.048460155725479126,-0.012936990708112717,-0.015497803688049316
0.03530416637659073,0.00011028721928596497,-0.047225356101989746
0.016341961920261383,0.0021199211478233337,-0.04101675748825073
0.001386195421218872,0.012322695925831795,-0.01959407329559326
-0.0059729889035224915,0.00877247005701065,0.007615089416503906
0.02085011452436447,-0.0013493811711668968,0.12617534399032593
0.23325896263122559,0.010328831151127815,0.6740436553955078
0.07582777738571167,-0.04922463372349739,0.12343508005142212
-0.062219567596912384,-0.05791658163070679,0.07970845699310303
0.013932257890701294,-0.010658705607056618,0.16249912977218628
0.04886944964528084,-0.034297578036785126,0.006951868534088135
0.07247376441955566,-0.0405786894261837,-0.00660097599029541
0.07446395605802536,-0.053563110530376434,-0.022398829460144043
0.03310605511069298,-0.040797919034957886,-0.01186436414718628
0.006158284842967987,-0.04814370349049568,-0.003813505172729492
0.016761647537350655,-0.08908990770578384,0.1372186541557312
-0.11194469034671783,-0.13594236969947815,0.0777938961982727
-0.14939995110034943,-0.1434946209192276,0.0010620355606079102
-0.2775592803955078,-0.3624245822429657,-0.0022851228713989258
-0.14992573857307434,-0.35857027769088745,0.007754325866699219
-0.1119266003370285,-0.27232199907302856,-0.009321331977844238
0.04410378634929657,-0.39248886704444885,0.0077522993087768555
0.0021012648940086365,-0.390384316444397,-0.009016573429107666
-0.08156478404998779,-0.20508334040641785,0.0017116069793701172
-0.016155654564499855,-0.15695258975028992,-0.007533431053161621
0.050685033202171326,-0.16947829723358154,0.003943502902984619
0.07690495997667313,-0.17633648216724396,-0.00934457778930664
0.05468869209289551,-0.14349544048309326,0.0032005906105041504
0.006858380511403084,-0.09134247899055481,-0.003724336624145508
-0.02185468003153801,-0.050643205642700195,-0.0010362863540649414
-0.05005820095539093,-0.01197036076337099,-0.0021012425422668457
-0.08589550852775574,0.06273769587278366,-0.0016872882843017578
-0.07451209425926208,0.10278870910406113,-0.0024808645248413086
-0.03769976273179054,0.11959817260503769,-0.0013833045959472656
-0.043967362493276596,0.10846181958913803,-0.0008821487426757812
-0.09561540186405182,0.16020511090755463,-0.00262451171875
-0.10096485912799835,0.1746218502521515,0.0007151961326599121
-0.12117454409599304,0.16480425000190735,-0.0008728504180908203
-0.13650280237197876,0.20790357887744904,-0.004948854446411133
-0.12291059643030167,0.1924239993095398,0.0022665858268737793
-0.10972826927900314,0.20806550979614258,-0.0021289587020874023
-0.09075761586427689,0.19951537251472473,-0.002236485481262207
-0.03305501490831375,0.2284640371799469,0.0012570023536682129
-0.0021747928112745285,0.24329450726509094,-0.0008342266082763672
0.0158846452832222,0.25361141562461853,-0.0016283392906188965
0.07375314086675644,0.37781450152397156,0.001530766487121582
0.2161199450492859,0.45249682664871216,-0.0020394325256347656
0.3165237307548523,0.4909168481826782,8.177757263183594e-05
0.21261483430862427,0.4028678834438324,0.0024161934852600098
-0.01963607594370842,0.03968755155801773,0.0006002187728881836
-0.024219483137130737,0.003767142305150628,-0.0023747682571411133
-0.027830317616462708,0.0021641473285853863,-0.0021303892135620117
-0.009986348450183868,-0.03927413001656532,-0.002496480941772461
-0.012945957481861115,-0.008527785539627075,-0.0013364553451538086
-0.01780386082828045,0.0034792637452483177,-0.0014274120330810547
-0.014344137161970139,0.0020618285052478313,-0.001534581184387207
-0.012240666896104813,0.0022184138651937246,6.771087646484375e-05
-0.012155052274465561,0.0008755321614444256,0.00044929981231689453
-0.012134481221437454,0.0008894102647900581,-0.0011072158813476562
-0.014146853238344193,-0.0004084401298314333,0.00035756826400756836
-0.017080243676900864,-0.0020498863887041807,-0.0036095380783081055
-0.018901284784078598,-0.0013787567149847746,-0.0013511180877685547
-0.018537962809205055,0.0008172022644430399,-0.0018246173858642578
-0.016912348568439484,0.0020925235003232956,-0.0006803274154663086
-0.014478445053100586,0.0030169954989105463,-0.003000319004058838
-0.012389659881591797,0.0007609599269926548,-0.0012159347534179688
-0.01290677860379219,-0.0011017031501978636,-0.001766204833984375
-0.012920018285512924,0.0003997941967099905,-0.0008820295333862305
-0.014063473790884018,0.0021160130854696035,-0.0021036863327026367
-0.015625298023223877,0.0015638030599802732,-0.0019975900650024414
-0.016283128410577774,0.0008224439807236195,-0.0009913444519042969
-0.016384731978178024,0.0004504402168095112,-0.0018925666809082031
-0.01529756747186184,0.0004915099125355482,-0.0011759400367736816
-0.013698086142539978,0.0014562509022653103,-0.0013750791549682617
-0.013529736548662186,0.0022326246835291386,-0.00020062923431396484
-0.0141875259578228,0.0012747766450047493,-0.0017726421356201172
-0.01303347758948803,0.0015307979192584753,-0.0022002458572387695
-0.014567354694008827,0.0007495516911149025,-0.0018346309661865234
-0.014492237940430641,-0.00015699956566095352,-0.002018570899963379
-0.01449725404381752,0.00024617905728518963,-0.0026906728744506836
-0.014739394187927246,-0.0002666392829269171,-0.0015009641647338867
-0.014218956232070923,0.000789223937317729,-0.0011504292488098145
-0.01503467932343483,0.00168374995701015,-0.0002503395080566406
-0.015067072585225105,0.0017698223236948252,-0.0010442733764648438
-0.015326658263802528,0.0014085231814533472,-0.001258254051208496
-0.01519516110420227,0.0005355877801775932,-0.0014878511428833008
-0.015870586037635803,-0.0004525166004896164,-0.0021141767501831055
-0.015028532594442368,0.0001542989630252123,-0.0016573667526245117
-0.013856679201126099,0.0005687770899385214,-0.0012766122817993164
-0.013890434056520462,0.0004223114810883999,-0.00031566619873046875
-0.013458555564284325,0.001667678589001298,-0.0007587671279907227
-0.01308639720082283,0.0011822625529021025,-0.0019190311431884766
-0.013882426545023918,0.0014687706716358662,-0.002285599708557129
-0.014243016019463539,0.0005724525544792414,-0.0022246837615966797
-0.015618978068232536,0.0006330166943371296,-0.0016147494316101074
-0.01557878777384758,0.0011883846018463373,-0.0013102293014526367
-0.01459299772977829,0.0010347855277359486,-0.0028063058853149414
-0.014935998246073723,0.001103225164115429,-0.00048720836639404297
-0.012948084622621536,0.0012709966395050287,-0.0010218024253845215
-0.013330889865756035,0.0003302544355392456,-0.0013425946235656738
-0.013059278950095177,-0.0002923638094216585,-0.0017858147621154785
-0.013449335470795631,0.00017372914589941502,-0.001572728157043457
-0.015017110854387283,-0.00030375714413821697,-0.0015121698379516602
-0.015547655522823334,0.0006173052825033665,-0.0008718967437744141
-0.015480229631066322,0.0010133169125765562,-0.001162409782409668
-0.015726253390312195,3.3267075195908546e-05,-0.0028721094131469727
-0.015632452443242073,0.00010396656580269337,-0.002400040626525879
-0.014231594279408455,2.662884071469307e-06,-0.0012410879135131836
-0.013560375198721886,0.0006534045096486807,-0.0008757710456848145
-0.013413727283477783,0.0014754501171410084,-0.0008153915405273438
-0.013728572055697441,0.001023599412292242,-0.0017467141151428223
-0.014074668288230896,0.0010472980793565512,-0.001839280128479004
-0.014352694153785706,0.0005806935951113701,-0.0022367238998413086
-0.013879325240850449,-0.00035353354178369045,-0.0005285739898681641
-0.013171060010790825,0.00016235304065048695,-0.001078486442565918
-0.013362135738134384,0.0013515297323465347,-0.002223491668701172
-0.014729589223861694,0.0018413164652884007,-0.0014611482620239258
-0.014106011018157005,0.0013288266491144896,-0.0014162063598632812
-0.013450827449560165,0.0020951589103788137,-0.0006388425827026367
-0.013338606804609299,0.0006348795723170042,-0.000960230827331543
-0.012995652854442596,0.00016524153761565685,-0.002288341522216797
-0.012997092679142952,0.0006008858326822519,-0.0023196935653686523
-0.013384778052568436,0.0009485222399234772,-0.0012369751930236816
-0.013431945815682411,0.0016439738683402538,-0.0011305809020996094
-0.013269161805510521,0.0018283347599208355,-0.0016804933547973633
-0.013357695192098618,0.0011581843718886375,-0.0014063119888305664
-0.013563795015215874,0.000160926952958107,-0.002200484275817871
-0.014126800000667572,0.0003362288698554039,-0.0013772845268249512
-0.015280462801456451,0.0008535576052963734,-0.0018360614776611328
-0.014201635494828224,0.00138058140873909,-0.0013183355331420898
-0.01365099661052227,0.0010506724938750267,-0.0008462071418762207
-0.012716010212898254,0.0002444102428853512,-0.0016859769821166992
-0.012468598783016205,0.00021433597430586815,-0.0014117956161499023
-0.012775814160704613,3.8269441574811935e-05,-0.0016562938690185547
-0.013107668608427048,0.0008888242300599813,-0.0013821125030517578
-0.013002224266529083,0.0009067740757018328,-0.002374708652496338
-0.01379479467868805,0.00019359472207725048,-0.001017451286315918
-0.014817655086517334,0.0006701818201690912,-0.0017349720001220703
-0.013756759464740753,0.0012811124324798584,-0.0006827712059020996
-0.012603538110852242,0.0009544380009174347,-0.002010941505432129
-0.012687912210822105,0.0005420478992164135,-0.0013707280158996582
-0.012010814622044563,0.00030466122552752495,-0.0015085935592651367
-0.01298152469098568,-0.00014340016059577465,-0.0003342628479003906
-0.012894757091999054,0.0007377851288765669,-0.0010062456130981445
-0.012700801715254784,0.001058909809216857,-0.0018309354782104492
-0.01347305253148079,0.0007249272894114256,-0.0012821555137634277
-0.014396864920854568,0.0011886463034898043,-0.001313328742980957
-0.013291159644722939,0.0007273263763636351,-0.0018631219863891602
-0.013355761766433716,0.0005946718156337738,-0.0016349554061889648
-0.0131894052028656,0.00136415078304708,-0.001238703727722168
-0.012724749743938446,0.0014853449538350105,-0.002551436424255371
-0.013050597161054611,0.0013826754875481129,-0.0015755891799926758
-0.013011440634727478,0.0011600437574088573,-0.0006148815155029297
-0.012492431327700615,0.0008242325857281685,-0.0015922188758850098
-0.012106558308005333,0.0007024130318313837,-0.0014554262161254883
-0.012446027249097824,0.000324807595461607,-0.002051234245300293
-0.01309208944439888,0.0004223361611366272,-0.0006175637245178223
-0.012989671900868416,0.0013792964164167643,-0.0012133121490478516
-0.013547958806157112,0.001735457917675376,-0.0008933544158935547
-0.013034513220191002,0.002023840555921197,-0.0011229515075683594
-0.013370644301176071,0.001267013605684042,-0.0012149214744567871
-0.012982441112399101,0.00047265063039958477,-0.0019631385803222656
-0.012638792395591736,-0.00029338221065700054,-0.0015666484832763672
-0.012989571318030357,0.00101503636687994,-0.0015522241592407227
-0.011885430663824081,0.001972281839698553,-0.002178370952606201
-0.01285434328019619,0.001009645638987422,-0.0011257529258728027
-0.012409340590238571,0.0009193907026201487,-0.0006836652755737305
-0.012699181213974953,0.0002548396587371826,-0.0011570453643798828
-0.013292908668518066,0.00048770010471343994,-0.002301931381225586
-0.01301502250134945,0.0008482153061777353,-0.002073526382446289
-0.012242170050740242,0.0013398441951721907,-0.0020890235900878906
-0.012457644566893578,0.0010243935976177454,-0.0011589527130126953
-0.012477276846766472,0.0006821833085268736,-0.00201416015625
-0.012837355956435204,0.0005052310880273581,-0.0018315911293029785
-0.012548770755529404,0.00044359173625707626,-0.0013893842697143555
-0.012332642450928688,0.0006600364577025175,-0.0020765066146850586
-0.011890584602952003,0.0007980887312442064,-0.0008562207221984863
-0.01214812695980072,0.001368074445053935,-0.0018336772918701172
-0.012673255056142807,0.00043539167381823063,-0.0015897750854492188
-0.013269947841763496,0.0009048189967870712,-0.001666426658630371
-0.012314990162849426,0.0011790988501161337,-0.0018497705459594727
-0.012764427810907364,0.0017577060498297215,-0.0018957853317260742
-0.013817021623253822,0.00046998518519103527,-0.0011179447174072266
-0.012149801477789879,-8.790101855993271e-05,-0.0018508434295654297
-0.011858103796839714,0.00044733542017638683,-0.0010731220245361328
-0.012381881475448608,0.0007064975798130035,-0.0012110471725463867
-0.012507947161793709,0.0016536330804228783,-0.001745462417602539
-0.011729700490832329,0.0007674675434827805,-0.0012881159782409668
-0.013005359098315239,0.0006055813282728195,-0.0015022754669189453
-0.011787455528974533,0.0005501548293977976,-0.0030895471572875977
-0.012638090178370476,0.0021282522939145565,-0.0008165240287780762
-0.011782366782426834,0.0016203983686864376,-0.0014116764068603516
-0.011902514845132828,0.0013830082025378942,-0.0017015933990478516
-0.011739596724510193,0.0005049067549407482,-0.0013818740844726562
-0.012397460639476776,0.0007498739287257195,-0.0013515949249267578
-0.012568838894367218,0.0004702869337052107,-0.0017334222793579102
-0.011901309713721275,0.00017116288654506207,-0.0020388364791870117
-0.011828100308775902,0.0017013712786138058,-0.0019472241401672363
-0.012268615886569023,0.0008922689594328403,-0.001215219497680664
-0.01223365031182766,0.0009345035068690777,-0.001566767692565918
-0.012153763324022293,0.0012400404084473848,-0.001124262809753418
-0.012644026428461075,0.0014646630734205246,-0.0014751553535461426
-0.012609891593456268,0.0010957943741232157,-0.0011857151985168457
-0.012584473937749863,0.0003705087583512068,-0.002223491668701172
-0.011858034878969193,0.0005532777868211269,-0.0011407136917114258
-0.012333538383245468,0.0007745577022433281,-0.0010193586349487305
-0.012765787541866302,0.0005171543452888727,-0.001431584358215332
-0.012276364490389824,0.0007397891022264957,-0.0024700164794921875
-0.011253299191594124,0.0004727388732135296,-0.0014632940292358398
-0.011916536837816238,0.0008321467321366072,-0.000685274600982666
-0.01192304864525795,0.0004033392760902643,-0.0008995532989501953
-0.012008853256702423,0.0004908118862658739,-0.0023802518844604492
-0.012475909665226936,0.0005105002783238888,-0.001190185546875
-0.011630438268184662,-5.788169801235199e-07,-0.0018311738967895508
-0.011104734614491463,0.00033442769199609756,-0.0013434886932373047
-0.011034630239009857,0.0012314112391322851,-0.0010846853256225586
-0.01157592236995697,0.0015625625383108854,-0.0018631219863891602
-0.011174477636814117,0.0012510938104242086,-0.0019246339797973633
-0.011576371267437935,0.0011882917024195194,-0.0016044378280639648
-0.012147927656769753,0.0009849665220826864,-0.001711428165435791
-0.011484650894999504,0.0009549213573336601,-0.002337634563446045
-0.011660145595669746,0.000613614683970809,-0.001315474510192871
-0.012429125607013702,0.000480505870655179,-0.0020328760147094727
-0.012358708307147026,0.0006818876136094332,-0.0015596747398376465
-0.011501409113407135,0.0009867714252322912,-0.0025976896286010742
-0.011271068826317787,0.0012920049484819174,-0.002643108367919922
-0.01155131496489048,-0.0001718960702419281,-0.0007517337799072266
-0.011714562773704529,0.0005557907279580832,-0.0016982555389404297
-0.010940156877040863,0.0010059447959065437,-0.001607060432434082
-0.011972403153777122,0.0010348844807595015,-0.0010730624198913574
-0.011799471452832222,0.0010223989374935627,-0.001012563705444336
-0.0114130899310112,0.0006072488613426685,-0.0016844868659973145
-0.011809704825282097,0.0015523938927799463,-0.0018374323844909668
-0.012318423017859459,0.0006651065777987242,-0.0027531981468200684
-0.011414330452680588,0.001066988566890359,-0.0024179816246032715
-0.011051325127482414,0.0005799897480756044,-0.001991093158721924
-0.011613402515649796,0.0007356125861406326,-0.00015997886657714844
-0.01091207005083561,0.001221619313582778,-0.0013505220413208008
-0.010392619296908379,0.0008552558720111847,-0.0018849968910217285
-0.011556938290596008,0.0005029556341469288,-0.00188523530960083
-0.011153750121593475,0.0010176391806453466,-0.0014276504516601562
-0.011333005502820015,0.00032200152054429054,-0.001779019832611084
-0.011623473837971687,-5.299923941493034e-06,-0.0012910962104797363
-0.010965915396809578,0.0008170688524842262,-0.0014589428901672363
-0.0124464500695467,0.0015286230482161045,-0.0023595690727233887
-0.0122325848788023,0.000854723621159792,-0.001199960708618164
-0.010818317532539368,0.001258090604096651,-0.001230776309967041
-0.010744079947471619,0.0013837285805493593,-0.002055048942565918
-0.011168086901307106,0.000532201025635004,-0.002314925193786621
-0.011342840269207954,0.0008747212123125792,-0.0024067163467407227
-0.011044500395655632,0.000643841689452529,-0.000896453857421875
-0.011170737445354462,0.0005564007442444563,-0.0021021366119384766
-0.010073183104395866,0.0015211186837404966,-0.0027890801429748535
-0.010599834844470024,0.0012126762885600328,-0.0010501742362976074
-0.010537084192037582,0.0010866543743759394,-0.0010811090469360352
-0.010588578879833221,0.0015164485666900873,-0.001569986343383789
-0.01159743033349514,0.0013627707958221436,-0.0017839670181274414
-0.0111884456127882,0.001421166118234396,-0.0017074942588806152
-0.010971687734127045,0.0006482284516096115,-0.0025472640991210938
-0.010065851733088493,0.0005012692417949438,-0.0026236772537231445
-0.01048772968351841,0.001493111252784729,-0.001585841178894043
-0.011641085147857666,-8.484441787004471e-05,-0.002470672130584717
-0.009848393499851227,3.7509482353925705e-05,-0.001860499382019043
-0.011210411787033081,0.0008828442078083754,-0.0016014575958251953
-0.010834082961082458,0.0012354673817753792,-0.0015105009078979492
-0.011204060167074203,0.0020033717155456543,-0.0005189776420593262
-0.011794105172157288,0.000656916992738843,-0.0009925365447998047
-0.010976230725646019,-0.00019348924979567528,-0.0012674331665039062
-0.0116924699395895,-0.00017455359920859337,-0.0013289451599121094
-0.010866256430745125,0.00044607766903936863,-0.0013598203659057617
-0.011231658980250359,0.0011937569361180067,-0.0016348958015441895
-0.012070877477526665,0.0013307160697877407,-0.0014979839324951172
-0.01146601140499115,0.0010271207429468632,-0.00020110607147216797
-0.01115187257528305,0.0005197436548769474,-0.0007201433181762695
-0.011739211156964302,0.0014088763855397701,-0.0019567012786865234
-0.010573767125606537,0.0019521773792803288,-0.002170860767364502
-0.010845700278878212,0.0008535028900951147,-0.0019118785858154297
-0.010342840105295181,0.0008460043463855982,-0.000737309455871582
-0.011804791167378426,0.0010062057990580797,-0.002385258674621582
-0.011111391708254814,0.0010679278057068586,-0.0022478103637695312
-0.010754749178886414,0.0019787168130278587,-0.001057744026184082
-0.010757038369774818,0.0019379069563001394,-0.0016375184059143066
-0.0112985260784626,0.0005228545051068068,-0.0014240741729736328
-0.0113410335034132,0.0007636747322976589,-0.0021108388900756836
-0.010635538026690483,0.0008824788965284824,-0.0016835927963256836
-0.010515917092561722,0.0007850700058043003,-0.002370595932006836
-0.010374890640377998,0.0009599009063094854,-0.0010737180709838867
-0.011168230324983597,0.0016150495503097773,-0.0006315112113952637
-0.011299854144454002,0.0005960881244391203,-0.0017154216766357422
-0.011230815201997757,0.0008546612225472927,-0.0026006698608398438
-0.011025398969650269,0.0004963094834238291,-0.0008766055107116699
-0.010771939530968666,0.0014482871629297733,-0.0008005499839782715
-0.010210096836090088,0.0014693266712129116,-0.0024030208587646484
-0.010053085163235664,0.0007817831356078386,-0.0021288394927978516
-0.011449765413999557,0.0016297516413033009,-0.0011829733848571777
-0.011489922180771828,0.0018395197112113237,-0.0017327070236206055
-0.01080123521387577,0.0013281779829412699,-0.002129852771759033
-0.010785721242427826,0.0009730129968374968,-0.0007874965667724609
-0.010520745068788528,0.00035917735658586025,-0.0015200972557067871
-0.010912848636507988,0.0009154074359685183,-0.0014900565147399902
-0.009571343660354614,0.0018231666181236506,-0.001307666301727295
-0.01031048595905304,0.001551613211631775,-0.0016283988952636719
-0.01017330214381218,5.165766924619675e-05,-0.0012778043746948242
-0.010378321632742882,0.00014541740529239178,-0.0016903877258300781
-0.01068660244345665,0.0007142480462789536,-0.0020873546600341797
-0.010461291298270226,0.0013529171701520681,-0.0011420249938964844
-0.011603862047195435,0.0016879253089427948,-0.0017222166061401367
-0.01034979522228241,0.0012524963822215796,-0.002607285976409912
-0.010964756831526756,0.001304952660575509,-0.001783609390258789
-0.011490503326058388,0.0011631606612354517,-0.0012192130088806152
-0.011212620884180069,0.0011452429462224245,-0.0011429786682128906
-0.010921929031610489,0.0006762964185327291,-0.0015553832054138184
-0.010986385866999626,0.0015781784895807505,-0.001570582389831543
-0.009854894131422043,0.0007497323676943779,-0.002440333366394043
-0.011001262813806534,0.0009723012335598469,-0.0016925930976867676
-0.010543832555413246,0.0010525977704674006,-0.00169295072555542
-0.010586123913526535,0.0010495216120034456,-0.0024102330207824707
-0.01130334846675396,0.0015927518252283335,-0.002166152000427246
-0.01137055829167366,0.0017415776383131742,-0.00047266483306884766
-0.010715242475271225,0.001101864269003272,-0.0020141005516052246
-0.010683691129088402,0.0003372000064700842,-0.0015411376953125
-0.01051231101155281,0.0006625880487263203,-0.0009766817092895508
-0.009749213233590126,0.0009071233216673136,-0.002075672149658203
-0.00949653796851635,0.0013434216380119324,-0.0014349818229675293
-0.01091093011200428,0.0013455620501190424,-0.0015727877616882324
-0.010062629356980324,0.0010063694790005684,-0.001389920711517334
-0.010380424559116364,0.0009411238133907318,-0.0009783506393432617
-0.010568520054221153,0.0006758838426321745,-0.0017876625061035156
-0.01084122434258461,0.0009022888261824846,-0.001986384391784668
-0.011168267577886581,0.0009920303709805012,-0.0014528632164001465
-0.011604998260736465,0.00019318005070090294,-0.0026890039443969727
-0.010612759739160538,0.000944008119404316,-0.0017277002334594727
-0.010871941223740578,0.0015397947281599045,-0.002201080322265625
-0.010335452854633331,0.0006820119451731443,-0.0017132163047790527
-0.011068509891629219,0.0003513537812978029,-0.0011336207389831543
-0.011151313781738281,0.000715253408998251,-0.0008286237716674805
-0.011292224749922752,0.001001929398626089,-0.0011646151542663574
-0.011493733152747154,0.0004429747350513935,-0.0027823448181152344
-0.009797992184758186,0.0007368568331003189,-0.0016994476318359375
-0.01050303690135479,0.0007211468182504177,-0.0011962056159973145
-0.01016981340944767,0.0004598167724907398,-0.0011812448501586914
-0.01056027039885521,0.00018550315871834755,-0.0008915066719055176
-0.010213302448391914,0.0012030266225337982,-0.0013800859451293945
-0.010119769722223282,0.0009376802481710911,-0.002616405487060547
-0.010190987959504128,0.0009545735083520412,-0.0009990930557250977
-0.010052205994725227,0.0011490359902381897,-0.00127410888671875
-0.010645268484950066,0.0012747677974402905,-0.0019150376319885254
-0.011131417006254196,0.0008497047238051891,-0.0009389519691467285
-0.010209199041128159,0.0009512749966233969,-0.0019916296005249023
-0.010520385578274727,0.0007088258862495422,-0.002480149269104004
-0.01083291694521904,0.0004696615505963564,-0.001107335090637207
-0.010835964232683182,0.0007716713007539511,-0.0015958547592163086
-0.010111423209309578,0.0010675098747015,-0.0014129877090454102
-0.009811744093894958,0.001177075318992138,-0.0010622143745422363
-0.010950660333037376,0.0009889164939522743,-0.0015354156494140625
-0.010665802285075188,0.0006616935133934021,-0.0010169148445129395
-0.010880980640649796,-0.00015492504462599754,-0.0007727146148681641
-0.01076650619506836,0.0005504211876541376,-0.0009102225303649902
-0.010010434314608574,0.0007495994213968515,-0.002635061740875244
-0.010284220799803734,0.00030714203603565693,-0.0015825629234313965
-0.009799886494874954,0.0012104697525501251,-0.001537024974822998
-0.009458605200052261,0.0009111647959798574,-0.002071559429168701
-0.00993364118039608,0.0012139498721808195,-0.002956867218017578
-0.010683903470635414,0.0006602276116609573,-0.0016753673553466797
-0.010024752467870712,0.0009816379752010107,-0.0012787580490112305
-0.01115371286869049,0.0007242397405207157,-0.0008209943771362305
-0.00960344634950161,0.0009357586968690157,-0.0017214417457580566
-0.009656742215156555,0.0005192747339606285,-0.0017979145050048828
-0.010225577279925346,0.0008698923047631979,-0.0015387535095214844
-0.010609785094857216,0.0016658066306263208,-0.0008676648139953613
-0.009883221238851547,0.0013633116614073515,-0.00033348798751831055
-0.010889092460274696,0.0008128683548420668,-0.0010052919387817383
-0.009660322219133377,0.0013051400892436504,-0.0010665059089660645
-0.009482420980930328,0.0012336985673755407,-0.002379000186920166
-0.010892478749155998,0.0008695835713297129,-0.0015093684196472168
-0.009922854602336884,0.00027321348898112774,-5.9604644775390625e-05
-0.010286940261721611,0.001056379871442914,-0.0016618967056274414
-0.010595003142952919,0.0013611954636871815,-0.0017690062522888184
-0.009435059502720833,0.0012313257902860641,-0.000822901725769043
-0.00873170793056488,0.0014095043297857046,-0.001387476921081543
-0.009563889354467392,0.001753402641043067,-0.00048744678497314453
-0.010108424350619316,0.0009864079765975475,-0.0017691850662231445
-0.01025049202144146,0.0008913774508982897,-0.0015711188316345215
-0.010738106444478035,0.0010313158854842186,-0.0012049674987792969
-0.010055918246507645,0.0016572263557463884,-0.0008847713470458984
-0.01029675267636776,0.0012815690133720636,-0.0009917020797729492
-0.010561496019363403,0.0010985205881297588,-0.0017548203468322754
-0.009654575958848,0.0006395096424967051,-0.0009920597076416016
-0.009826608002185822,0.0008469042368233204,-0.0010685920715332031
-0.01009407639503479,0.0011304623913019896,-0.0021369457244873047
-0.00936347059905529,0.0018898195121437311,-0.0010538697242736816
-0.008841555565595627,0.0012730448506772518,-0.002762913703918457
-0.009993940591812134,0.00041229440830647945,-0.0023511648178100586
-0.011034119874238968,0.0006228610873222351,-0.0008102655410766602
-0.010528994724154472,0.00128658814355731,-0.00267183780670166
-0.00916624441742897,0.0007762170862406492,-0.001283407211303711
-0.00975566916167736,0.0014110540505498648,-0.0015887022018432617
-0.010658437386155128,0.0010983252432197332,-0.001329660415649414
-0.00978114828467369,0.0006180556956678629,-0.0009635686874389648
-0.009175587445497513,0.0008946345187723637,-0.0010553598403930664
-0.009262911975383759,0.0015817538369446993,-0.0018638372421264648
-0.00976564735174179,0.0017304508946835995,-0.0012687444686889648
-0.010550659149885178,0.001260335324332118,-0.0013910531997680664
-0.010763851925730705,0.00048532825894653797,-0.0023374557495117188
-0.010514045134186745,0.0007990875747054815,-0.0013152360916137695
-0.009901221841573715,0.0007417786400765181,-0.0014682412147521973
-0.009627239778637886,0.00037303054705262184,-0.001773834228515625
-0.009885849431157112,0.0011741516645997763,-0.0013316869735717773
-0.010554157197475433,0.0017107401508837938,-0.0009350776672363281
-0.00919944979250431,0.001130640972405672,-0.0022319555282592773
-0.009043341502547264,0.000953946728259325,-0.0025833845138549805
-0.009428786113858223,0.00041108601726591587,-0.0019275546073913574
-0.009733831509947777,0.0017321452032774687,-0.0009360909461975098
-0.01019582524895668,0.0017077010124921799,-0.0012415051460266113
-0.010631371289491653,0.0009250652510672808,-0.0015468001365661621
-0.00933273695409298,0.001401805318892002,-0.0014251470565795898
-0.010481124743819237,0.0013933992013335228,-0.002081573009490967
-0.010308954864740372,0.001009613974019885,-0.0013489127159118652
-0.009417233988642693,0.0005533567164093256,-0.0017461776733398438
-0.0097965057939291,0.0004536476917564869,-0.0017766952514648438
-0.010310722514986992,0.0006582709029316902,-0.0016394257545471191
-0.009765200316905975,0.0007832879200577736,-0.0020821690559387207
-0.009150275960564613,0.0012961893808096647,-0.0012128949165344238
-0.009617842733860016,0.0008539564441889524,-0.0022810697555541992
-0.009495999664068222,0.0008172113448381424,-0.0009694695472717285
-0.009573245421051979,0.0010587610304355621,-0.0011377334594726562
-0.009669441729784012,0.0011834152974188328,-0.0014126300811767578
-0.009871741756796837,0.0007214292418211699,-0.0010007619857788086
-0.00930774211883545,0.0006881465669721365,-0.002038717269897461
-0.009630652144551277,0.0011585750617086887,-0.0011692047119140625
-0.009209869429469109,0.00048248423263430595,-0.002405405044555664
-0.008659347891807556,0.0005073710344731808,-0.002115488052368164
-0.009468922391533852,0.001279917312785983,-0.0018107295036315918
-0.010343419387936592,0.0013558384962379932,-0.001612544059753418
-0.009733054786920547,0.0008719486650079489,-0.0013229846954345703
-0.009637454524636269,0.0013129604049026966,-0.002467513084411621
-0.009119441732764244,0.0013280401472002268,-0.001811385154724121
-0.010317621752619743,0.0011683371849358082,-0.0018122196197509766
-0.010296987369656563,0.0012060992885380983,-0.0012176036834716797
-0.009450366720557213,0.0012440674472600222,-0.0014164447784423828
-0.009632818400859833,0.0010477579198777676,-0.0025765299797058105
-0.00889943540096283,0.0004018614999949932,-0.0019055008888244629
-0.009138001129031181,0.000725775258615613,-0.000761568546295166
-0.009533567354083061,0.0012682785745710135,-0.0010973215103149414
-0.00944581814110279,0.00030212709680199623,-0.002409815788269043
-0.00833476148545742,0.0011904546990990639,-0.002119898796081543
-0.009743321686983109,0.0014567570760846138,-0.0012656450271606445
-0.009421141818165779,0.0021144459024071693,-0.0014948844909667969
-0.009410586208105087,0.0007581100799143314,-0.0012971162796020508
-0.01023397408425808,0.0006817071698606014,-0.0011295676231384277
-0.01054002158343792,0.0005107594188302755,-0.00181657075881958
-0.010202646255493164,0.0008073167409747839,-0.0020302534103393555
-0.008589262142777443,0.0015566954389214516,-0.0012979507446289062
-0.008666403591632843,0.001338612288236618,-0.0007489919662475586
-0.009476803243160248,0.0007344421464949846,-0.0018017292022705078
-0.009132662788033485,0.0013918464537709951,-0.0006880760192871094
-0.009897608309984207,0.001125262351706624,-0.0005204677581787109
-0.00934082455933094,0.0009932979010045528,-0.0014667510986328125
-0.010132433846592903,0.0009704495314508677,-0.0012534260749816895
-0.009503832086920738,0.0006731136236339808,-0.002474486827850342
-0.008350128307938576,9.355065412819386e-05,-0.0014066100120544434
-0.009497681632637978,0.0008296845480799675,-0.0023071765899658203
-0.009476052597165108,-0.00013528717681765556,-0.0016820430755615234
-0.00910208560526371,0.0010717057157307863,-0.0015451908111572266
-0.009064435958862305,0.0011761034838855267,-0.0010879039764404297
-0.009484512731432915,0.0011217030696570873,-0.0015916824340820312
-0.009106466546654701,0.0002765478566288948,-0.0009510517120361328
-0.01009352132678032,0.0011617611162364483,-0.0009053945541381836
-0.009901534765958786,0.0014754394069314003,-0.0013786554336547852
-0.010317187756299973,0.000724331708624959,-0.0008448362350463867
-0.009103981778025627,-0.0006149616092443466,-0.0017147660255432129
-0.008341271430253983,0.0008734120056033134,-0.0016998052597045898
-0.008350346237421036,0.0020814193412661552,-0.0018219947814941406
-0.00979655236005783,0.0032978118397295475,-0.00043386220932006836
-0.009584369137883186,0.0019710955675691366,-0.0030128955841064453
-0.008093390613794327,0.0011024454142898321,-0.003272533416748047
-0.008231058716773987,0.0014218052383512259,-0.0013198256492614746
-0.008133631199598312,0.0013829029630869627,-0.0011372566223144531
-0.008414233103394508,0.0009548468515276909,-2.3484230041503906e-05
-0.009740136563777924,-0.00011390191502869129,-0.0019919276237487793
-0.00977027416229248,-0.0004038284532725811,-0.0027243494987487793
-0.008538326248526573,0.0003699962981045246,-0.0016263127326965332
-0.008794214576482773,0.0012647430412471294,0.00021970272064208984
-0.008462373167276382,0.0016653521452099085,-0.0030001401901245117
-0.00823383778333664,0.0020899621304124594,-0.0012459754943847656
-0.009637730196118355,0.0019196383655071259,-0.001154780387878418
-0.009908657521009445,0.0009595353621989489,-0.0012464523315429688
-0.010110517963767052,0.0008826241828501225,-0.0020706653594970703
-0.009677009657025337,-0.00014753639698028564,-0.0010945796966552734
-0.009318184107542038,-1.1923257261514664e-05,-0.002422630786895752
-0.008236084133386612,0.00020191282965242863,-0.0017058253288269043
-0.007771298289299011,0.0007658079266548157,-0.002117931842803955
-0.00788174383342266,0.0014352761209011078,-0.0020263195037841797
-0.007435979321599007,0.0007051681168377399,-0.001187145709991455
-0.009030153974890709,0.0013263062573969364,-0.0009889602661132812
-0.009488873183727264,0.0005355069879442453,-0.002652406692504883
-0.008968286216259003,0.00018149870447814465,-0.0011726617813110352
-0.010362112894654274,0.0014043455012142658,-0.0015235543251037598
-0.009247489273548126,0.0006168559193611145,-0.0008064508438110352
-0.007589420303702354,0.0007462522480636835,-0.001111745834350586
-0.007924379780888557,0.0013467809185385704,-0.0016160011291503906
-0.007226595655083656,0.001072330167517066,-0.0021350979804992676
-0.00817934051156044,0.0009224461391568184,-0.0009908676147460938
-0.009310025721788406,0.0009979126043617725,-0.001540541648864746
-0.01029483787715435,0.0017108703032135963,-0.0009455680847167969
-0.009608255699276924,0.0009685598779469728,-0.0025480985641479492
-0.010085735470056534,0.0002513737417757511,-0.0016175508499145508
-0.009476937353610992,0.0008929078467190266,-0.001190185546875
-0.008099110797047615,0.0010154633782804012,-0.0018311738967895508
-0.007405277341604233,2.3827888071537018e-05,-0.0011752843856811523
-0.007527923211455345,0.0007893557194620371,-0.001190781593322754
-0.008206769824028015,0.0008994205854833126,-0.0009312033653259277
-0.00878651812672615,0.0009107759688049555,-0.0010074973106384277
-0.009728183969855309,0.00015596416778862476,-0.0019994378089904785
-0.010039223358035088,0.001338333822786808,-0.0005653500556945801
-0.009282920509576797,0.0017333091236650944,-0.0013437271118164062
-0.009012442082166672,0.00020363484509289265,-0.002595186233520508
-0.008277595043182373,-0.00015900633297860622,-0.001573324203491211
-0.009239241480827332,0.0019769512582570314,-0.0016495585441589355
-0.008664418011903763,0.0012002086732536554,-0.0012984871864318848
-0.009133091196417809,0.0002661233302205801,-0.00209200382232666
-0.007834812626242638,-0.0001826456282287836,-0.0005813837051391602
-0.007831024006009102,0.0007545142434537411,-0.0014821290969848633
-0.007357226684689522,0.0008220621384680271,-0.0012688636779785156
-0.007411792874336243,0.0009913521353155375,-0.0022150278091430664
-0.008203798905014992,0.0010538899805396795,0.0002416372299194336
-0.00971144437789917,0.0003775686491280794,-0.0031305551528930664
-0.009568845853209496,0.0010214317589998245,-0.0016967058181762695
-0.009159810841083527,0.0017970777116715908,-0.0015898942947387695
-0.00838349387049675,0.001294535119086504,-0.001193404197692871
-0.006663784384727478,0.001015283865854144,-0.0028263330459594727
-0.007133983075618744,0.001031592022627592,-0.000797271728515625
-0.007668275386095047,0.0010846485383808613,-0.0028264522552490234
0.12413027882575989,-0.04128442704677582,-0.009126245975494385
0.06845039874315262,-0.11897394806146622,0.007063150405883789
-0.09844257682561874,0.015857625752687454,0.009215056896209717
-0.12667666375637054,0.17441725730895996,-0.012208104133605957
0.028620274737477303,0.1467469185590744,-0.0006723403930664062
0.05774703621864319,0.38939809799194336,0.0011899471282958984
0.05224553868174553,0.5026041269302368,0.0007024407386779785
0.030787743628025055,0.4412520229816437,-0.007399439811706543
0.07385832071304321,0.05054116249084473,0.0060274600982666016
0.044089145958423615,0.2704191505908966,-0.0021059513092041016
0.07240781933069229,0.2994411885738373,0.0020748376846313477
0.07062989473342896,0.27391985058784485,-0.0016176700592041016
0.059747204184532166,0.27116742730140686,0.0011289119720458984
0.05380718782544136,0.2643282413482666,-0.0020903348922729492
0.029593508690595627,0.23395760357379913,0.0004903078079223633
0.016390889883041382,0.20868439972400665,-0.0018582344055175781
0.0072504673153162,0.19794519245624542,-0.0015981197357177734
0.00792701356112957,0.2159736305475235,-0.0002999305725097656
0.030391035601496696,0.2810993194580078,-0.001991748809814453
0.057636648416519165,0.23885175585746765,-0.001777052879333496
0.07280850410461426,0.20102214813232422,-0.0015172958374023438
0.07230211049318314,0.20433999598026276,-0.0026317834854125977
0.044449858367443085,0.18578188121318817,-0.006371736526489258
-0.004952389746904373,0.10143205523490906,0.005513548851013184
-0.046041958034038544,-0.0037876947317272425,-0.005277156829833984
-0.08016537129878998,-0.08556517213582993,-0.0018157958984375
-0.08619758486747742,-0.1305079162120819,-0.002550482749938965
-0.08802159875631332,-0.17263571918010712,-0.0040024518966674805
-0.07573132961988449,-0.2105027437210083,-0.0023565292358398438
-0.07194501161575317,-0.24499236047267914,2.193450927734375e-05
-0.024146191775798798,-0.2477605640888214,-0.0009440183639526367
0.018357910215854645,-0.2446281611919403,-0.0073667168617248535
-0.03260163217782974,-0.4274687170982361,0.007158637046813965
-0.1921059638261795,-0.5765047073364258,-0.0016446709632873535
-0.5492474436759949,-0.7256138324737549,-0.005496501922607422
-0.5125096440315247,-0.6282628178596497,0.007233619689941406
-0.38899028301239014,-0.34027907252311707,0.004415273666381836
-0.04668218642473221,0.09809748828411102,0.08444666862487793
-0.04317216947674751,0.08297666162252426,0.3392012119293213
-0.04113389551639557,-0.0026810532435774803,0.46973681449890137
-0.008383572101593018,0.026651162654161453,0.37685704231262207
-0.017556004226207733,0.027751265093684196,0.32050037384033203
0.10980916023254395,0.040962375700473785,0.5053439736366272
0.3824841380119324,0.06142234802246094,0.7400845289230347
0.5278077721595764,0.015486475080251694,0.8914000988006592
0.5533643960952759,-0.017038121819496155,0.9691847562789917
0.4968944191932678,-0.03658313304185867,0.9409655332565308
0.36401131749153137,-0.05486461520195007,0.777690052986145
0.20600485801696777,-0.048716142773628235,0.4654092788696289
0.3081674873828888,-0.07540470361709595,0.48422861099243164
0.31148624420166016,-0.06271646916866302,0.548735499382019
0.20358172059059143,-0.02272436022758484,0.48079878091812134
0.19199177622795105,-0.00960657000541687,0.4814768433570862
0.24732494354248047,0.04760423302650452,0.46694207191467285
0.23871174454689026,0.10751551389694214,0.44838905334472656
0.183273047208786,0.1473352313041687,0.4265434741973877
0.1295371651649475,0.21163547039031982,0.3791578412055969
0.07705536484718323,0.2749858498573303,0.29653400182724
0.013370990753173828,0.326565682888031,0.2010723352432251
-0.07341384887695312,0.3757023811340332,0.11241495609283447
-0.16579079627990723,0.4283546805381775,0.04076296091079712
-0.23846009373664856,0.48847496509552,-0.0181695818901062
-0.2698618769645691,0.5740468502044678,-0.07847440242767334
-0.3451251685619354,0.5512322783470154,-0.11639350652694702
-0.3920733630657196,0.5266732573509216,-0.1494309902191162
-0.4095885157585144,0.5038690567016602,-0.17121726274490356
-0.395596444606781,0.48638176918029785,-0.17648351192474365
-0.3171425461769104,0.4900248050689697,-0.18532514572143555
-0.2505299746990204,0.4907103180885315,-0.1763955056667328
-0.2411101758480072,0.4432884454727173,-0.18433743715286255
-0.25857725739479065,0.4387233853340149,-0.20064285397529602
-0.3011144697666168,0.4640544056892395,-0.16855594515800476
-0.3289262354373932,0.4100114703178406,-0.19952145218849182
-0.313943088054657,0.3486900329589844,-0.258628249168396
-0.25669625401496887,0.3126019239425659,-0.2803078293800354
-0.18901470303535461,0.3027990460395813,-0.2829953730106354
-0.1212649941444397,0.27152520418167114,-0.3188892900943756
-0.030203714966773987,0.23111259937286377,-0.3908555507659912
0.04544179141521454,0.17705672979354858,-0.4663463830947876
-0.04934312403202057,0.1628016233444214,-0.5120902061462402
-0.20101042091846466,0.21527129411697388,-0.4983285665512085
-0.24785557389259338,0.22051352262496948,-0.4307965040206909
-0.20222802460193634,0.19584310054779053,-0.3138127326965332
-0.14185498654842377,0.16322487592697144,-0.17015480995178223
-0.1292613297700882,0.12220126390457153,-0.05306968092918396
-0.1565628945827484,0.11327612400054932,-0.0024085938930511475
-0.21265870332717896,0.1347142457962036,-0.013053655624389648
-0.24121540784835815,0.1337730884552002,-0.0553414523601532
-0.1857488751411438,0.1160309910774231,-0.11776793003082275
-0.10886050760746002,0.09835350513458252,-0.18252933025360107
-0.05928844213485718,0.06124776601791382,-0.23888863623142242
-0.0076561421155929565,0.05069226026535034,-0.25357362627983093
0.03984415531158447,0.0278395414352417,-0.21976901590824127
0.057143181562423706,-0.013282418251037598,-0.153762549161911
0.06247785687446594,-0.018332362174987793,-0.058625102043151855
0.05815812945365906,-0.018539130687713623,0.06030717492103577
0.03635948896408081,-0.018887221813201904,0.18033096194267273
-0.03196147084236145,-0.03160738945007324,0.20534217357635498
-0.11874984204769135,-0.20975905656814575,-0.04225921630859375
0.0028959959745407104,-0.11819922924041748,-0.4290538728237152
0.07959473133087158,0.16448283195495605,-0.5391530990600586
-0.0808754563331604,-0.07868105173110962,-0.3592015206813812
-0.0795050859451294,0.0010015368461608887,-0.15722587704658508
-0.0032481104135513306,0.025189757347106934,-0.14284661412239075
0.010864600539207458,-0.01608562469482422,-0.3479039669036865
0.0528235137462616,0.027514219284057617,-0.4664611220359802
0.11957922577857971,0.07204854488372803,-0.43264976143836975
0.09311777353286743,0.04690861701965332,-0.3342961370944977
0.0017924308776855469,0.07535302639007568,-0.24020600318908691
-0.09836213290691376,0.12143272161483765,-0.16848862171173096
-0.1738106608390808,0.13487476110458374,-0.09551900625228882
-0.18468104302883148,0.13121771812438965,-0.03656566143035889
-0.14712373912334442,0.13399124145507812,-0.007393002510070801
-0.07226835191249847,0.14487224817276,0.011074483394622803
0.06432102620601654,0.1322481632232666,0.034723639488220215
0.15594804286956787,0.1332436203956604,0.05016624927520752
0.12614689767360687,0.12428814172744751,0.05997258424758911
0.03246186673641205,0.10036611557006836,0.06614351272583008
-0.016061007976531982,0.12912201881408691,0.07125836610794067
-0.06973645091056824,0.1327204704284668,0.12856805324554443
-0.1852901428937912,0.09786194562911987,0.24311470985412598
-0.2019372582435608,0.12117105722427368,0.2767180800437927
-0.14379826188087463,0.10517853498458862,0.24213260412216187
-0.07128216326236725,0.07210743427276611,0.15680503845214844
0.001895710825920105,0.06322842836380005,0.029269397258758545
0.009591177105903625,0.07291382551193237,-0.08725851774215698
-0.03703729808330536,0.0824652910232544,-0.13725119829177856
-0.12126177549362183,0.09243887662887573,-0.11766624450683594
-0.18990345299243927,0.10608857870101929,-0.06081748008728027
-0.22368524968624115,0.10541343688964844,-0.01544886827468872
-0.2394050806760788,0.10675573348999023,-0.03317701816558838
-0.18867237865924835,0.11706018447875977,-0.0950702428817749
-0.07884617149829865,0.10111463069915771,-0.12735038995742798
0.01680082082748413,0.07557624578475952,-0.10876566171646118
0.051124632358551025,0.05442899465560913,-0.057769775390625
0.0477684885263443,0.04018986225128174,-0.009163081645965576
0.014222264289855957,0.041728973388671875,0.03163796663284302
-0.032773882150650024,0.04125121235847473,0.07425147294998169
-0.06358049809932709,0.04513821005821228,0.1161988377571106
-0.06363287568092346,0.051291853189468384,0.14693987369537354
-0.08904397487640381,0.042206406593322754,0.14618778228759766
-0.1097911149263382,0.04453599452972412,0.12834477424621582
-0.11245719343423843,0.036305516958236694,0.12370240688323975
-0.08801139146089554,0.016092419624328613,0.11410486698150635
-0.04184269160032272,0.0042670369148254395,0.07844352722167969
-0.007651366293430328,-0.006364583969116211,0.044081807136535645
0.012487046420574188,-0.018357545137405396,0.024815380573272705
0.02425464242696762,-0.020507335662841797,0.017229795455932617
0.016585104167461395,-0.021789252758026123,0.02993953227996826
-0.00254695862531662,-0.0310380756855011,0.05760180950164795
-0.006718114018440247,-0.03210291266441345,0.07505285739898682
-0.0051857903599739075,-0.02460169792175293,0.08636355400085449
-0.020059794187545776,-0.021820515394210815,0.09403830766677856
-0.036882124841213226,-0.018592804670333862,0.0986335277557373
-0.045235149562358856,-0.00612407922744751,0.08838164806365967
-0.04558102786540985,-0.0016566365957260132,0.07291054725646973
-0.03670230507850647,-0.008642807602882385,0.04970574378967285
-0.022757522761821747,-0.006447732448577881,0.024119138717651367
-0.016574129462242126,-0.0021991580724716187,0.020841002464294434
-0.016357846558094025,-0.007107153534889221,0.03730809688568115
-0.013198375701904297,-0.005030393600463867,0.06514871120452881
-0.012016341090202332,0.006055951118469238,0.09759652614593506
-0.011683516204357147,0.005359634757041931,0.11865508556365967
-0.0006122514605522156,0.01080012321472168,0.11115646362304688
-0.0008783340454101562,0.022190004587173462,0.0926138162612915
-0.0012913718819618225,0.0238361656665802,0.08163589239120483
0.0210607647895813,0.025038421154022217,0.07653331756591797
0.037506334483623505,0.023468315601348877,0.07699644565582275
0.024004824459552765,0.0196523517370224,0.07840317487716675
0.0007378160953521729,0.016315609216690063,0.089377760887146
-0.005507573485374451,0.013916745781898499,0.10844242572784424
-0.011304706335067749,0.010359115898609161,0.12543678283691406
-0.01696164906024933,0.005187340080738068,0.13318830728530884
-0.012302085757255554,0.003971420228481293,0.11795210838317871
0.00453735888004303,-0.004741281270980835,0.07983803749084473
0.024022385478019714,-0.011927686631679535,0.04009026288986206
0.028389587998390198,-0.006834045052528381,0.024981319904327393
0.008617691695690155,-0.0054776631295681,0.03640484809875488
-0.032985489815473557,-0.00879993662238121,0.060570716857910156
-0.06043777987360954,-0.00932781770825386,0.0757819414138794
-0.06675994396209717,0.0013005025684833527,0.0785219669342041
-0.06558230519294739,0.0023763924837112427,0.07713258266448975
-0.061395157128572464,-0.011487189680337906,0.05355656147003174
-0.05692949891090393,-0.0123441182076931,0.018480658531188965
-0.05245836824178696,-0.014376204460859299,0.00019299983978271484
-0.04630670323967934,-0.012564526870846748,-0.0072438716888427734
-0.039972469210624695,-0.008005611598491669,-0.007603645324707031
-0.027344681322574615,-0.015773409977555275,-0.0021632909774780273
0.004320472478866577,-0.02294677123427391,-0.0025310516357421875
0.047354478389024734,-0.02806522324681282,-0.019334793090820312
0.06922701001167297,-0.025576863437891006,-0.028886914253234863
0.06641314923763275,-0.026311129331588745,-0.025861263275146484
0.048028215765953064,-0.01960953325033188,-0.0140724778175354
0.03315860033035278,-0.007785366848111153,0.0013732314109802246
0.02434471994638443,-0.0007739495486021042,0.016966938972473145
0.02263248711824417,-2.0233914256095886e-05,0.017327070236206055
0.038153983652591705,-2.582930028438568e-05,-0.004370629787445068
0.04656551033258438,0.0012687668204307556,-0.02014017105102539
0.04723917692899704,-0.005657032132148743,-0.02115863561630249
0.04836118221282959,-0.007828466594219208,-0.01637709140777588
0.058078501373529434,0.019621673971414566,0.17424023151397705
0.03797067701816559,0.056869685649871826,0.6160622835159302
-0.031976368278265,0.01996764913201332,0.12687742710113525
-0.00036644190549850464,0.031206253916025162,-0.04671001434326172
0.03816346451640129,0.039411142468452454,-0.051775336265563965
0.06763757765293121,0.023455176502466202,0.012665390968322754
0.08143121004104614,0.012331856414675713,0.02013307809829712
0.06913088262081146,0.024980947375297546,0.021243810653686523
0.04092618077993393,0.05472646653652191,0.04620492458343506
0.011650867760181427,0.06462575495243073,0.04566919803619385
0.14671644568443298,0.036667898297309875,0.011043310165405273
0.19602711498737335,-0.06284081190824509,-0.02513587474822998
0.020555749535560608,-0.04698804020881653,-0.01148688793182373
0.15037281811237335,-0.06607484072446823,-0.11025857925415039
0.009743988513946533,-0.00478479964658618,0.040082573890686035
-0.008683037012815475,-0.07807323336601257,-0.041071414947509766
0.10290662199258804,-0.5985352993011475,-0.09632730484008789
0.21367448568344116,-0.3307914137840271,-0.11213839054107666
0.17368312180042267,-0.11740429699420929,0.30979907512664795
-0.29063647985458374,-0.33269253373146057,-0.005963563919067383
-0.6321220397949219,-0.5195047855377197,-0.0010806918144226074
-0.46393725275993347,-0.2695937752723694,-0.0017666220664978027
-0.37922465801239014,-0.1955924779176712,-0.004192948341369629
-0.23138287663459778,-0.13418789207935333,-0.00022405385971069336
-0.1038101315498352,-0.09807886928319931,-0.006098389625549316
-0.0257146917283535,-0.036465808749198914,0.0009976029396057129
-0.0036238618195056915,-0.08393456786870956,-0.0008015036582946777
-0.0072134509682655334,-0.11506446450948715,-0.0016400814056396484
-0.029222659766674042,-0.1034255251288414,-0.005957841873168945
-0.039806462824344635,-0.06053460016846657,-0.0009053945541381836
-0.06899391114711761,-0.016708359122276306,-0.0006750226020812988
-0.09947828948497772,0.016768651083111763,-0.000734865665435791
-0.10777152329683304,0.038439881056547165,-0.0024433135986328125
-0.07317109405994415,0.08597995340824127,-0.0008876323699951172
-0.020669009536504745,0.11449079215526581,-0.0005687475204467773
0.03611522912979126,0.13817018270492554,-0.0001430511474609375
0.08009663969278336,0.15583616495132446,-0.002447962760925293
0.09259264171123505,0.15870989859104156,-0.00026673078536987305
0.10540822893381119,0.15166577696800232,-0.00035816431045532227
0.11673855781555176,0.13858290016651154,-0.0023723244667053223
0.09916716814041138,0.11183640360832214,-0.0008465051651000977
0.09483222663402557,0.10950863361358643,-0.00040471553802490234
0.08958384394645691,0.10153975337743759,-0.0014884471893310547
0.07204825431108475,0.11602228879928589,-0.00023674964904785156
0.04602982848882675,0.24596592783927917,-0.0022656917572021484
0.1229313537478447,0.35931432247161865,-0.0012736320495605469
0.17856748402118683,0.4268341362476349,-0.00025069713592529297
0.09437360614538193,0.5169340372085571,-9.763240814208984e-05
-0.023886267095804214,0.35914236307144165,-0.0018824338912963867
-0.10038083791732788,0.16611796617507935,-0.0027060508728027344
-0.15480181574821472,0.05910103768110275,-0.001851797103881836
-0.17957162857055664,-0.010075190104544163,0.0032898783683776855
-0.043767012655735016,-0.002821350935846567,6.985664367675781e-05
0.006024247035384178,0.022902995347976685,-0.006950020790100098
-0.0014952737838029861,-0.014997188001871109,-0.0041588544845581055
-0.005093850195407867,-0.04423019662499428,0.0009669065475463867
-0.0037046093493700027,-0.01772964559495449,-0.0011093616485595703
-0.005441561341285706,0.0003265943378210068,-0.0009124279022216797
-0.008422650396823883,-0.0018915357068181038,-0.0007001161575317383
-0.010890541598200798,-0.000810256227850914,-0.001952826976776123
-0.011292045935988426,-0.0012460341677069664,-0.0013437271118164062
-0.011143539100885391,-0.000976871233433485,-0.0018790960311889648
-0.009536532685160637,-0.0006719282828271389,-0.0012854337692260742
-0.009619822725653648,0.00011665234342217445,-0.0021712183952331543
-0.008496114984154701,-0.0013645854778587818,-0.0017902851104736328
-0.00837947241961956,-0.002595992758870125,-0.0012412071228027344
-0.007331527769565582,-0.004010980948805809,-0.0008449554443359375
-0.007245175540447235,-0.0038646385073661804,-0.0002962350845336914
-0.006593061611056328,-0.002270225901156664,-0.0035622119903564453
-0.007056150585412979,-0.0005517918616533279,-0.0021742582321166992
-0.008184386417269707,-0.0006598616018891335,-0.0003896355628967285
-0.009785231202840805,-0.0008245110511779785,-0.0013055801391601562
-0.011169377714395523,0.00012401025742292404,-0.0020993947982788086
-0.011203045025467873,-0.0003173644654452801,-0.0017948746681213379
-0.011005394160747528,-0.0011124256998300552,-0.0027870535850524902
-0.009475475177168846,-0.001098110806196928,-0.0008798837661743164
-0.006939385086297989,-0.0020310571417212486,-0.002009153366088867
-0.004610175266861916,-0.0018356149084866047,-0.0010786056518554688
-0.004282930865883827,-0.0016156695783138275,-0.001765429973602295
-0.005416698753833771,-0.0014474657364189625,-0.0005143880844116211
-0.006838919594883919,-0.0015910384245216846,-0.002010345458984375
-0.009378921240568161,-0.0016477257013320923,-0.0014001727104187012
-0.011264381930232048,-0.0011462811380624771,-0.0016444921493530273
-0.011662356555461884,-0.0012337323278188705,-0.001186966896057129
-0.010544385761022568,-0.0007602693513035774,-0.0021331310272216797
-0.009152283892035484,-0.002095569856464863,-0.0019348859786987305
-0.007855921983718872,-0.0012530037201941013,-0.0007599592208862305
-0.006701350212097168,-0.0019051437266170979,-0.0006380677223205566
-0.0051074642688035965,-0.0014045368880033493,-0.0003026723861694336
-0.006457284092903137,-0.001860699150711298,-0.0015081167221069336
-0.007806563749909401,-0.0014336504973471165,-0.000973820686340332
-0.008931493386626244,-0.0013310015201568604,-0.0022713541984558105
-0.010503243654966354,-0.0011733034625649452,-0.002805769443511963
-0.01084720715880394,-8.8435597717762e-05,-0.002119302749633789
-0.01008073054254055,-6.599957123398781e-05,-0.00041031837463378906
-0.009875277057290077,0.0004490339197218418,-0.0009902715682983398
-0.007811024785041809,-0.0007007531821727753,-0.001616358757019043
-0.007567489519715309,-0.000799302477389574,-0.002104640007019043
-0.00703512504696846,-0.002299428451806307,-0.0020132064819335938
-0.006999993696808815,-0.0035997475497424603,-0.0028681159019470215
-0.0074691250920295715,-0.0022322176955640316,-0.0017086267471313477
-0.00760439969599247,-0.001601015217602253,-0.0020446181297302246
-0.008036041632294655,-0.0006468379870057106,-0.0013581514358520508
-0.008199380710721016,-0.00015113456174731255,-0.0008091926574707031
-0.008769461885094643,0.0002607526257634163,-0.0010535717010498047
-0.009788675233721733,-0.001308598555624485,-0.0009773969650268555
-0.009199924767017365,-0.0008362852968275547,-0.001679539680480957
-0.008066007867455482,-0.002019126433879137,-0.00209200382232666
-0.007639134302735329,-0.0022617862559854984,-0.0014209747314453125
-0.007439600303769112,-0.0015153586864471436,-0.002687811851501465
-0.007253710180521011,-0.001538940705358982,-0.0014064908027648926
-0.007022606208920479,-0.0007558534853160381,-0.001360774040222168
-0.008424542844295502,-0.00013908790424466133,-0.002306818962097168
-0.009862285107374191,-0.0005778660997748375,-0.0012543201446533203
-0.00966079905629158,-0.000394411850720644,-0.002093672752380371
-0.008903438225388527,-0.001486301887780428,-0.002277076244354248
-0.008403077721595764,-0.0021021533757448196,-0.001621246337890625
-0.009086431935429573,-0.0011324998922646046,-0.0012091994285583496
-0.0080958791077137,-0.0014368006959557533,-0.0026130080223083496
-0.005919555202126503,-0.0017153224907815456,-0.0029485225677490234
-0.005847316235303879,-0.0013197241351008415,-0.001804351806640625
-0.0066495295614004135,-0.0007397853769361973,-0.0014687776565551758
-0.007069764658808708,-0.00033926358446478844,-0.0024454593658447266
-0.007795700803399086,-0.0009028506465256214,-0.0022627711296081543
-0.00951942428946495,-0.0012281509116292,-0.002141118049621582
-0.009035451337695122,-0.0005162111483514309,-0.0014547109603881836
-0.009169153869152069,-0.000103809405118227,-9.679794311523438e-05
-0.00896037183701992,-0.0010557849891483784,-0.001439809799194336
-0.007368549704551697,-0.0011847438290715218,-0.0014549493789672852
-0.006799438968300819,-0.0028346008621156216,-0.0015465021133422852
-0.0062357354909181595,-0.0017248839139938354,-0.0009670257568359375
-0.00600077398121357,-0.001901986077427864,-0.001775979995727539
-0.007340628653764725,-0.0006181937642395496,-0.0015169382095336914
-0.008184764534235,-0.0011053597554564476,-0.002356410026550293
-0.00889887660741806,-0.0015536979772150517,-0.002432703971862793
-0.009238161146640778,-0.001246690284460783,-0.00142592191696167
-0.00901705026626587,-0.0012263618409633636,-0.001960158348083496
-0.00894552655518055,-0.0004121796227991581,-0.0018383264541625977
-0.0082771647721529,-0.000538733322173357,-0.0009230971336364746
-0.007263911888003349,-0.0011474653147161007,-0.0012285113334655762
-0.007191935554146767,-0.0016346410848200321,-0.0021442174911499023
-0.0063371676951646805,-0.0015285080298781395,-0.0028461217880249023
-0.0067095644772052765,-0.0014673257246613503,-0.0019307732582092285
-0.008327217772603035,-0.000986328348517418,-0.0017785429954528809
-0.00811733677983284,-0.0010840990580618382,-0.0006040334701538086
-0.008618354797363281,-0.0010122302919626236,-0.0008027553558349609
-0.00848451443016529,-0.000758076086640358,-0.0009399652481079102
-0.007947690784931183,-0.0010957876220345497,-0.0016270279884338379
-0.008601156994700432,-0.0001932918094098568,-0.002146303653717041
-0.008128682151436806,-0.0008613956160843372,-0.002390444278717041
-0.0071939099580049515,-0.0008805962279438972,-0.0026346445083618164
-0.006453344598412514,-0.0014566313475370407,-0.001490473747253418
-0.0069808196276426315,-0.0013380409218370914,-0.0024362802505493164
-0.006266089156270027,-0.0010062153451144695,-0.0019631385803222656
-0.006968950852751732,-0.0011418545618653297,-0.002283811569213867
-0.007570061832666397,-0.0019466844387352467,-0.0006055831909179688
-0.008862711489200592,-0.0010631713084876537,-0.0007429122924804688
-0.008600909262895584,-0.0006334795616567135,-0.0019332170486450195
-0.009149853140115738,-0.0011364654637873173,-0.0007737874984741211
-0.00914057157933712,-0.0008389297872781754,-0.0021469593048095703
-0.008236641064286232,-0.0016617383807897568,-0.0016891956329345703
-0.007259951904416084,-0.0018599783070385456,-0.0017044544219970703
-0.006817622110247612,-0.0013890177942812443,-0.00037723779678344727
-0.006708405911922455,-0.0008456367067992687,-0.001216590404510498
-0.00682389922440052,-0.00040806643664836884,-0.0008809566497802734
-0.00819041021168232,-0.0002784924581646919,-0.002178192138671875
-0.007876880466938019,-0.00043297652155160904,-0.0020563602447509766
-0.009016549214720726,-0.0013286462053656578,-0.0022548437118530273
-0.008001210168004036,-0.0009446647018194199,-0.0011719465255737305
-0.007845023646950722,-0.0012180372141301632,-0.0011415481567382812
-0.007859688252210617,-0.000893863383680582,-0.0004247426986694336
-0.007203774526715279,-0.0006256722845137119,-0.002149343490600586
-0.005765646696090698,-0.0012849755585193634,-0.002713918685913086
-0.006389344111084938,-0.0013663279823958874,-0.0019358396530151367
-0.007315078750252724,-0.0007561640813946724,-0.0021953582763671875
-0.007327266037464142,-0.00023034028708934784,-0.002210855484008789
-0.00817837193608284,-0.0016612489707767963,-0.001310586929321289
-0.007541721686720848,-0.0031823301687836647,-0.001081705093383789
-0.007349926978349686,-0.0012786672450602055,-0.001753091812133789
-0.008633263409137726,0.00017906399443745613,-0.0023328661918640137
-0.007588816806674004,0.0003901687450706959,-0.00259244441986084
-0.006829297170042992,-0.0003957943990826607,-0.0009447336196899414
-0.007625138387084007,-0.0021555027924478054,-0.0007462501525878906
-0.00759040005505085,-0.001594670582562685,-0.001798868179321289
-0.008489606902003288,-0.00037422822788357735,-0.002592325210571289
-0.007874822244048119,-0.00029053306207060814,-0.00234830379486084
-0.007905671373009682,-0.0009246794506907463,-0.0014789104461669922
-0.007080648094415665,-0.0007313834503293037,-0.001845240592956543
-0.007553638890385628,-0.0015233294107019901,-0.001311182975769043
-0.00763312540948391,-0.0008800607174634933,-0.000563502311706543
-0.007268855348229408,-0.0007351795211434364,-0.001845240592956543
-0.0078642088919878,-0.0015281704254448414,-0.0023335814476013184
-0.00811024196445942,-0.0019788751378655434,-0.0014793872833251953
-0.007369836792349815,-0.0012537958100438118,-0.0008386373519897461
-0.007690314203500748,-0.0010731453076004982,-0.0010984539985656738
-0.006472695618867874,-0.0010894443839788437,-0.0016328096389770508
-0.005916031077504158,-0.0017130211926996708,-0.0015567541122436523
-0.006471442058682442,-0.0011696182191371918,-0.0013585090637207031
-0.008071519434452057,-0.0008340738713741302,-0.0024574995040893555
-0.007769690826535225,-0.0014248066581785679,-0.002411961555480957
-0.007245341315865517,-0.001381413545459509,-0.0019849538803100586
-0.007918722927570343,-0.0009456551633775234,2.9206275939941406e-05
-0.008493535220623016,-0.001259025651961565,-0.00206148624420166
-0.0074226632714271545,-0.0012181433849036694,-0.0007187724113464355
-0.006489202380180359,-0.00028480496257543564,-0.001069784164428711
-0.00677395798265934,-0.0008796867914497852,-0.0022143125534057617
-0.006370261311531067,-0.0015838034451007843,-0.0021687746047973633
-0.00734071247279644,-0.0008193175308406353,-0.001009523868560791
-0.00762610137462616,-0.0009219236671924591,-0.0024286508560180664
-0.00780765525996685,-0.0006643426604568958,-0.0011469125747680664
-0.008314186707139015,-0.0010635829530656338,-0.000857234001159668
-0.008183039724826813,-0.0004276670515537262,-0.0016355514526367188
-0.007721776142716408,-0.0010042977519333363,-0.0020171403884887695
-0.006920717656612396,-0.0007891161367297173,-0.0015289783477783203
-0.00645214319229126,-0.0015662796795368195,-0.0013613700866699219
-0.006097437813878059,-0.0005426858551800251,-0.0017276406288146973
-0.007016094401478767,-0.0012455880641937256,-0.0023533105850219727
-0.007346745580434799,-0.0008210414089262486,-0.0010868310928344727
-0.006498321890830994,-0.0006579314358532429,-0.0017126798629760742
-0.0072106532752513885,-0.0010255640372633934,-0.0022773146629333496
-0.006845410913228989,-0.0004703644663095474,-0.0019415616989135742
-0.007000962272286415,-0.00026628095656633377,-0.0018808245658874512
-0.0056967660784721375,-0.0006834124214947224,-0.0030558109283447266
-0.007544761523604393,-0.00040478911250829697,-0.002339005470275879
-0.006580837070941925,-0.001181726809591055,-0.001759171485900879
-0.006719579920172691,-0.0018795672804117203,-0.0020188093185424805
-0.007237376645207405,-0.0008314028382301331,-0.001728653907775879
-0.007077379152178764,-0.0004767361097037792,-0.000980973243713379
-0.008222734555602074,-0.00043059932067990303,-0.0023088455200195312
-0.008029630407691002,-0.0011010575108230114,-0.0026599764823913574
-0.007149603217840195,-0.00090823695063591,-0.0023854970932006836
-0.007649172097444534,-0.0013441420160233974,-0.0017904043197631836
-0.008371658623218536,-0.0008602021262049675,-0.0014854669570922852
-0.006550183519721031,-0.0006433585658669472,0.00022304058074951172
-0.006953597068786621,-0.00033353641629219055,-0.0008757114410400391
-0.0072232987731695175,-0.0007828371599316597,-0.001104593276977539
-0.007157048210501671,-0.001372437458485365,-0.0017150640487670898
-0.006612367928028107,-0.0018495493568480015,-0.0012421607971191406
-0.007187550887465477,-0.0017482563853263855,-0.0017766952514648438
-0.007499299943447113,-0.001676531508564949,-0.0015022754669189453
-0.007200634106993675,-0.0010657170787453651,-0.0013652443885803223
-0.0072207022458314896,-0.0004800013266503811,-0.0017468929290771484
-0.007669564336538315,-0.001221969723701477,-0.00196075439453125
-0.007032020017504692,-0.0011394009925425053,-0.0015947222709655762
-0.006832551211118698,-0.0015048137865960598,-0.001854538917541504
-0.007116762921214104,-0.0005087889730930328,-0.0005272626876831055
-0.006176082417368889,-0.0008258731104433537,-0.0005731582641601562
-0.007167976349592209,-0.0012060352601110935,-0.0011991262435913086
-0.007093789055943489,-0.0012353388592600822,-0.0006199479103088379
-0.007363935932517052,-0.0012033767998218536,-0.0022988319396972656
-0.007478503510355949,-0.001073228195309639,-0.0021619796752929688
-0.007618589326739311,-0.0011508557945489883,-0.0015823841094970703
-0.006882445886731148,-0.0008219005540013313,-0.0019791722297668457
-0.006522243842482567,-0.0016918531619012356,-0.0019333362579345703
-0.006803099066019058,-0.0015972224064171314,-0.002040386199951172
-0.007323067635297775,-0.0006200759671628475,-0.0014760494232177734
-0.0064454637467861176,-0.0009091650135815144,-0.0006220340728759766
-0.006122170016169548,-0.0005721943452954292,-0.00034749507904052734
-0.007153443992137909,-0.0007628756575286388,-0.0010495185852050781
-0.007236482575535774,-0.0004997076466679573,-0.0020110011100769043
-0.007798610255122185,-0.0008857008069753647,-0.0016601085662841797
-0.0070523470640182495,-0.0016558878123760223,-0.0018737316131591797
-0.0066093094646930695,-0.0013073324225842953,-0.0009579658508300781
-0.006870431825518608,-0.001001608557999134,-0.0021480321884155273
-0.006863389164209366,-0.000525972805917263,-0.002331376075744629
-0.0059989579021930695,-0.0005256920121610165,-0.0011870861053466797
-0.006068218499422073,-0.0009141215123236179,-0.0015230178833007812
-0.006237709894776344,-0.0014381525106728077,-0.0017822980880737305
-0.006173977628350258,-0.0012398362159729004,-0.0022401809692382812
-0.0065637025982141495,-0.00014885189011693,-0.000973820686340332
-0.007125956937670708,-0.0004078289493918419,-0.0016913414001464844
-0.006741495802998543,-0.001615213230252266,-0.002210259437561035
-0.0074853673577308655,-0.001403316855430603,-0.002744436264038086
-0.006626885384321213,-0.0016929744742810726,-0.001249074935913086
-0.0067671313881874084,-0.0012231972068548203,-0.0020734071731567383
-0.0071362461894750595,-0.00025346316397190094,-0.0012344121932983398
-0.006890453398227692,-0.0006345477886497974,-0.0008685588836669922
-0.005326973274350166,-0.0011309059336781502,-0.0015248656272888184
-0.006560264155268669,-0.00067085400223732,-0.0012658238410949707
-0.0064863599836826324,-0.0006223735399544239,-0.002013683319091797
-0.006111348047852516,-0.0009271739982068539,-0.0015106201171875
-0.006380883976817131,-0.0004317397251725197,-0.0020142793655395508
-0.007512230426073074,-0.00024563074111938477,-0.0025940537452697754
-0.006819939240813255,-0.0005374406464397907,-0.0011903047561645508
-0.006703285500407219,-0.0015968498773872852,-0.0019229650497436523
-0.006860595196485519,-0.00024287216365337372,-0.002167344093322754
-0.006568474695086479,-0.0011432403698563576,-0.001846909523010254
-0.006409374997019768,-0.002061493694782257,-0.0015572309494018555
-0.006551953032612801,-0.0010338453575968742,-0.000764012336730957
-0.006883788853883743,0.0006178859621286392,-0.00030672550201416016
-0.006123168393969536,-0.0016188258305191994,-0.0015426874160766602
-0.006934951990842819,-0.001952336635440588,-0.001924276351928711
-0.006165025755763054,-0.0013051331043243408,-0.0022296905517578125
-0.006861239671707153,-0.0005459045059978962,-0.0014821290969848633
-0.006463637575507164,-0.0005219951272010803,-0.0023828744888305664
-0.006917472928762436,-0.0011948766186833382,-0.002139151096343994
-0.0065234992653131485,-0.0006786221638321877,-0.0021544694900512695
-0.006647668778896332,-0.0009824596345424652,-0.002032756805419922
-0.005724998190999031,-0.0012293867766857147,-0.0025364160537719727
-0.005993833765387535,-0.00037404242902994156,-0.0014226436614990234
-0.006797075271606445,-0.0006190254352986813,-0.0021704435348510742
-0.007005332037806511,-0.0008003232069313526,-0.0017436742782592773
-0.00629698671400547,-0.0004065348766744137,-0.0014691352844238281
-0.006084449589252472,1.582130789756775e-05,-0.0018658638000488281
-0.006725190207362175,0.0002052048221230507,-0.0011031627655029297
-0.00730842724442482,-0.0010678567923605442,-0.0013017654418945312
-0.0073358844965696335,-0.0014252476394176483,-0.001744389533996582
-0.006787315011024475,-0.0006779450923204422,-0.001378178596496582
-0.0056997667998075485,-0.001021033152937889,-0.0014545917510986328
-0.006493087857961655,-0.000771139282733202,-0.0018055438995361328
-0.0071824900805950165,-0.0008200863376259804,-0.001958310604095459
-0.006459768861532211,-0.0012501496821641922,-0.0016685128211975098
-0.0059524159878492355,-0.00040391553193330765,-0.0014393329620361328
-0.00690220482647419,-0.0011107889004051685,-0.0011496543884277344
-0.0068979766219854355,-0.000193797517567873,-0.0023707151412963867
-0.007011298090219498,-0.0003331894986331463,-0.00276792049407959
-0.006393257528543472,-0.0007705655880272388,-0.001272737979888916
-0.006759818643331528,-0.0006472575478255749,-0.002279520034790039
-0.006126530468463898,-0.0013351626694202423,-0.0014095902442932129
-0.006092103198170662,-0.0009144684299826622,-0.0011503100395202637
-0.005986200645565987,-0.0005267527885735035,-0.0011655092239379883
-0.0061598364263772964,0.0001062401570379734,-0.0007537603378295898
-0.006987934932112694,-7.062172517180443e-05,-0.0015778541564941406
-0.007174450904130936,-0.0006612199358642101,-0.0019134283065795898
-0.006130915135145187,-0.0007545077241957188,-0.0022950172424316406
-0.006767136976122856,-0.0008488432504236698,-0.001486361026763916
-0.006452299654483795,-0.000820918008685112,-0.0017459392547607422
-0.006492896005511284,-0.0012220018543303013,-0.002188563346862793
-0.0061568208038806915,0.00015069171786308289,-0.001288294792175293
-0.006003573536872864,0.00017133215442299843,-0.001974821090698242
-0.005860386416316032,-0.00037512555718421936,-0.0026922225952148438
-0.005812536925077438,-0.0009466633200645447,-0.0015630722045898438
-0.006590409204363823,-0.001245921477675438,-0.0016088485717773438
-0.0066757649183273315,-0.0012921490706503391,-0.0023717880249023438
-0.007674941793084145,-0.0005203778855502605,-0.0015326738357543945
-0.007477929815649986,-0.00019554607570171356,-0.0009073615074157715
-0.006470911204814911,-0.001030072569847107,-0.0013654232025146484
-0.005657581612467766,-0.0010663378052413464,-0.0016860365867614746
-0.005466759204864502,-0.000932278111577034,-0.0023120641708374023
-0.0050813183188438416,-0.0004564747214317322,-0.0013660192489624023
-0.005732983350753784,-0.0014556911773979664,-0.0014271736145019531
-0.006327791139483452,-0.0007293857634067535,-0.00248032808303833
-0.006788315251469612,1.537008211016655e-05,-0.0021143555641174316
-0.00676250085234642,-0.0014491886831820011,-0.0011078119277954102
-0.007583100348711014,-0.00141203124076128,-0.0013827681541442871
-0.006952373310923576,-0.000658335629850626,-0.0019474029541015625
-0.006493428722023964,-0.00023397104814648628,-0.0005897283554077148
-0.006586242467164993,0.00011526187881827354,-0.0014903545379638672
-0.006475994363427162,-0.0010601547546684742,-0.0024366378784179688
-0.005557870492339134,-5.08185476064682e-05,-0.0010786056518554688
-0.006064081564545631,-0.0008817967027425766,-0.0010632872581481934
-0.0063144974410533905,-0.0008066454902291298,-0.00031578540802001953
-0.006833024322986603,-0.00037166429683566093,-0.002314925193786621
-0.005873410031199455,-0.0002676546573638916,-0.002589881420135498
-0.0052763931453228,-0.00030324002727866173,-0.002803206443786621
-0.005891663953661919,0.00027710478752851486,-0.0022845864295959473
-0.005865784361958504,-0.000490706879645586,-0.0018422603607177734
-0.0072495900094509125,-0.0008986229076981544,-0.0018423795700073242
-0.006159037351608276,-0.00031765643507242203,-0.0014767646789550781
-0.006405601277947426,-5.5155716836452484e-05,-0.0022398829460144043
-0.006703844293951988,-0.00115200225263834,-0.0008971691131591797
-0.00603906624019146,-0.0010302597656846046,-0.001156449317932129
-0.005786055698990822,-0.0006633098237216473,-0.0019192695617675781
-0.005150891840457916,-0.0001746942289173603,-0.0016142725944519043
-0.006021605804562569,-0.0008522812277078629,-0.0019960403442382812
-0.00630008801817894,-0.0011618845164775848,-0.002408266067504883
-0.0062557365745306015,-0.0004620589315891266,-0.0013861656188964844
-0.006762707605957985,-0.0011588088236749172,-0.001752614974975586
-0.006408674642443657,-0.0012523028999567032,-0.002286970615386963
-0.006338540464639664,-0.00016607856377959251,-0.001859903335571289
-0.006257791072130203,-4.502013325691223e-05,-0.0017991065979003906
-0.0054547954350709915,-0.0006138226017355919,-0.0015703439712524414
-0.006476312875747681,3.149360418319702e-05,-0.0017532110214233398
-0.006185442209243774,-2.9467977583408356e-05,-0.0009750127792358398
-0.004685711115598679,-0.0005724392831325531,-0.0016773343086242676
-0.005462681874632835,-0.0008218074217438698,-0.0023796558380126953
-0.005952522158622742,-0.0008939760737121105,-0.0011439323425292969
-0.006814751774072647,-0.0011049052700400352,-0.0024565458297729492
-0.006770472973585129,-0.0006048041395843029,-0.0011899471282958984
-0.006397346034646034,-0.001002300065010786,-0.0019533634185791016
-0.00577208399772644,-0.0007892916910350323,-0.0009919404983520508
-0.005611047148704529,-0.001585500780493021,-0.0010836124420166016
-0.005738023668527603,-0.001264931634068489,-0.0013585090637207031
-0.0062362030148506165,7.04638659954071e-05,-0.001739799976348877
-0.006633147597312927,-0.0014042351394891739,-0.0007178783416748047
-0.006733942776918411,-0.0011781919747591019,-0.0017864704132080078
-0.006304578855633736,-0.0009821318089962006,-0.0013900995254516602
-0.006077239289879799,-0.0004209163598716259,-0.0016651153564453125
-0.006275400519371033,-0.0007209572941064835,-0.0010547637939453125
-0.0063640400767326355,-0.0004707062616944313,-0.0020161867141723633
-0.006578132510185242,-0.0013411897234618664,-0.0017415285110473633
-0.006653076037764549,-0.0012945234775543213,-0.0014211535453796387
-0.005940312519669533,-0.0009082900360226631,-0.0018947124481201172
-0.006104437634348869,-0.0009445706382393837,-0.0016047954559326172
-0.005829796195030212,-0.0009631374850869179,-0.001101374626159668
-0.006307667121291161,-0.0007632393389940262,-0.0013457536697387695
-0.005850331857800484,-0.0005598384886980057,-0.0019866228103637695
-0.00716116838157177,-0.00037789251655340195,-0.0012084245681762695
-0.007197380065917969,-8.228933438658714e-05,-0.001819014549255371
-0.007059769704937935,-0.0008263788186013699,-0.0016971826553344727
-0.00626290962100029,-0.0008985237218439579,-0.001880347728729248
-0.0055279601365327835,-0.00036408333107829094,-0.0010411739349365234
-0.00560801662504673,-0.0005178600549697876,-0.0015296339988708496
-0.00558754988014698,-0.0008092583157122135,-0.0017738938331604004
-0.005620688199996948,-0.0005950233899056911,-0.002826988697052002
-0.005601499229669571,-0.0009297817014157772,-0.0020335912704467773
-0.00544760562479496,-0.0014568604528903961,-0.0009961128234863281
-0.0064560845494270325,-0.0005888799205422401,-0.0015761852264404297
-0.006630124524235725,-0.0007396242581307888,-0.001240372657775879
-0.006530115380883217,-0.00034132180735468864,-0.0019878745079040527
-0.006638249382376671,-0.0006339498795568943,-0.0021401047706604004
-0.006338126957416534,-0.0006148358806967735,-0.0014841556549072266
-0.005605814978480339,-0.0009095221757888794,-0.0014230012893676758
-0.004805080592632294,-0.0006737080402672291,-0.002002716064453125
-0.005417944863438606,-0.0006733858026564121,-0.0017740130424499512
-0.005382789298892021,-8.729146793484688e-05,-0.001438736915588379
-0.004779325798153877,-4.800735041499138e-05,-0.0020946264266967773
-0.0054791513830423355,-0.0008779857307672501,-0.0030711889266967773
-0.0063890814781188965,-0.0013451925478875637,-0.0018200874328613281
-0.005776071920990944,-0.0007779281586408615,-0.0020341873168945312
-0.005903827026486397,-7.301336154341698e-05,-0.0013020038604736328
-0.005729516968131065,-0.00017111143097281456,-0.0018055438995361328
-0.005510684102773666,-0.0013387594372034073,-0.0009206533432006836
-0.0049613043665885925,-0.0010254019871354103,-0.0015310049057006836
-0.004892535507678986,-0.0005108308978378773,-0.0021567344665527344
-0.004950502887368202,-0.0007914113812148571,-0.002385735511779785
-0.005198603495955467,-0.001238735392689705,-0.0015158653259277344
-0.005274266004562378,-0.0009450516663491726,-0.0002493858337402344
-0.005962863564491272,-0.00019282102584838867,-0.0027211904525756836
-0.006996436044573784,-0.0011418648064136505,-0.001744389533996582
-0.006984282284975052,-0.0008875550702214241,-0.0008285045623779297
-0.007241260260343552,-0.0005070152692496777,-0.0014384984970092773
-0.0050564296543598175,-0.0005256165750324726,-0.0018805265426635742
-0.0022886432707309723,0.00949086807668209,-0.0013758540153503418
0.020584143698215485,0.12491635233163834,-0.0019698143005371094
0.039933763444423676,0.20010793209075928,-0.0005336999893188477
0.07603432983160019,0.17405030131340027,-0.0008676052093505859
0.08371305465698242,0.10316318273544312,-0.0013543963432312012
0.02489902824163437,0.009982805699110031,-0.001200556755065918
-0.05684105306863785,-0.0564824603497982,-0.0028476715087890625
-0.08838821947574615,-0.11563306301832199,-0.0030298233032226562
-0.060389526188373566,-0.003031817264854908,-0.0032578706741333008
-0.018948258832097054,0.06201484054327011,-0.0025702714920043945
-0.0018857400864362717,0.10331660509109497,-0.001608133316040039
0.03414344787597656,0.17711466550827026,-0.0004018545150756836
0.07759697735309601,0.30333396792411804,-0.0012865066528320312
0.1864459216594696,0.4351337254047394,-0.0004316568374633789
0.2574162483215332,0.48151659965515137,0.0016748309135437012
0.3188898265361786,0.5304416418075562,0.00030362606048583984
0.32882827520370483,0.4709877371788025,0.002227962017059326
0.28933024406433105,0.35115697979927063,-0.0005627870559692383
0.16895578801631927,0.26471972465515137,-0.013713419437408447
-0.025580843910574913,0.294927179813385,0.009115159511566162
-0.08097489923238754,0.25104522705078125,-0.006188392639160156
-0.061826929450035095,0.1951919049024582,0.005241990089416504
-0.11677554249763489,0.16745473444461823,-0.006628632545471191
-0.10360092669725418,0.13773128390312195,0.004221200942993164
-0.02372763492166996,0.18191204965114594,-0.010168075561523438
-0.026825008913874626,0.14582134783267975,0.004754424095153809
-0.1382676213979721,0.0013089885469526052,-0.00392758846282959
-0.1601283699274063,-0.12832042574882507,0.0031690597534179688
-0.1722738891839981,-0.17316478490829468,-0.005986690521240234
-0.16247440874576569,-0.16740351915359497,-0.0047991275787353516
-0.17658016085624695,-0.1766212284564972,-0.004892587661743164
-0.17340534925460815,-0.20593591034412384,0.0001550912857055664
-0.15823613107204437,-0.2592197060585022,-0.0005644559860229492
-0.12783558666706085,-0.23900645971298218,-0.00345003604888916
-0.10534472018480301,-0.21926747262477875,-0.0021240711212158203
-0.29064038395881653,-0.3380714952945709,-0.0005985498428344727
-0.3491635322570801,-0.44356074929237366,-0.0009931325912475586
-0.28159210085868835,-0.3965413570404053,-0.004242300987243652
-0.1751445084810257,-0.3113257884979248,-0.003021717071533203
-0.05253199115395546,-0.1730956882238388,-0.0024271011352539062
0.03507889062166214,-0.08948183059692383,0.005446791648864746
0.11393312364816666,-0.06397563219070435,-0.009450435638427734
0.19009940326213837,-0.13130810856819153,0.01810634136199951
0.03917819261550903,-0.18634659051895142,0.012971997261047363
-0.08686135709285736,-0.15120814740657806,-0.0034900903701782227
-0.10635221004486084,-0.11719806492328644,0.02048623561859131
-0.021580418571829796,0.03963766619563103,0.08853399753570557
-0.008702754974365234,0.06851783394813538,0.11238902807235718
-0.03081434965133667,-0.054806265980005264,0.14906060695648193
-0.0793338194489479,-0.14733971655368805,0.2144913673400879
0.049886271357536316,-0.161321759223938,0.14126694202423096
0.1773177683353424,-0.17849229276180267,0.15668034553527832
0.17726442217826843,-0.06437370181083679,0.36104339361190796
0.22151046991348267,-0.017049483954906464,0.48834729194641113
0.24184605479240417,0.0075164176523685455,0.5453910827636719
0.23359759151935577,0.035484593361616135,0.5430246591567993
0.2135952264070511,0.043339803814888,0.5176905393600464
0.18497051298618317,0.03870346397161484,0.4691023826599121
0.12534099817276,0.030734166502952576,0.3929325342178345
0.04228377342224121,0.021082594990730286,0.31000733375549316
0.008873596787452698,0.04209010303020477,0.231702983379364
-0.027303531765937805,0.12553948163986206,0.18220818042755127
-0.03275658190250397,0.13559620082378387,0.16943228244781494
-0.05090224742889404,0.08546881377696991,0.17414498329162598
-0.07484273612499237,0.06182694435119629,0.16218829154968262
-0.03504092991352081,0.05714651942253113,0.15193521976470947
0.008394286036491394,0.046885281801223755,0.1478271484375
0.03319196403026581,0.021768957376480103,0.12812650203704834
0.05182352662086487,-0.014568120241165161,0.08125406503677368
0.06352853775024414,-0.04991346597671509,0.015864849090576172
0.07985305786132812,-0.07012742757797241,-0.05170488357543945
0.03740359842777252,-0.04466947913169861,-0.10389924049377441
-0.022866979241371155,-0.0019077062606811523,-0.1743839979171753
-0.07665440440177917,0.03026294708251953,-0.24116981029510498
-0.12443242967128754,0.04388517141342163,-0.26065462827682495
-0.12973660230636597,0.04530954360961914,-0.2258782982826233
-0.1186579018831253,0.043173909187316895,-0.15733641386032104
-0.11746883392333984,0.04691857099533081,-0.1005624532699585
-0.12210923433303833,0.06994396448135376,-0.06756967306137085
-0.11334384977817535,0.08839714527130127,-0.06281828880310059
-0.10081565380096436,0.0920097827911377,-0.07871830463409424
-0.08132605254650116,0.0917397141456604,-0.11483603715896606
-0.008640289306640625,0.132479727268219,-0.17028355598449707
0.08413314819335938,0.20359843969345093,-0.20027291774749756
0.11419913172721863,0.22576618194580078,-0.21389663219451904
-0.002874612808227539,0.15152519941329956,-0.20269346237182617
-0.09852896630764008,0.0872388482093811,-0.1828155517578125
-0.12284018099308014,0.1038435697555542,-0.15952181816101074
-0.12277847528457642,0.10539102554321289,-0.13069307804107666
-0.1209559291601181,0.08571475744247437,-0.07883882522583008
-0.09548170864582062,0.07593375444412231,-0.04046374559402466
-0.05589112639427185,0.07873690128326416,-0.018294155597686768
-0.01169603317975998,0.08739966154098511,-0.012633025646209717
0.009273022413253784,0.09936267137527466,-0.020525455474853516
0.0050371140241622925,0.11414068937301636,-0.04442763328552246
-0.024418048560619354,0.1293414831161499,-0.07149142026901245
-0.06641596555709839,0.1360797882080078,-0.10213154554367065
-0.08498172461986542,0.14721858501434326,-0.1211276650428772
-0.07080991566181183,0.15757668018341064,-0.11650592088699341
-0.04629957675933838,0.15368014574050903,-0.09753555059432983
-0.02283763885498047,0.1603177785873413,-0.08482229709625244
-0.004556000232696533,0.17029207944869995,-0.08503484725952148
0.00896909087896347,0.16623765230178833,-0.09006881713867188
0.01759999990463257,0.15849411487579346,-0.10391706228256226
0.022395074367523193,0.15175628662109375,-0.11187875270843506
-0.0005722492933273315,0.11911189556121826,-0.10983961820602417
-0.06687700748443604,0.059603214263916016,-0.11251896619796753
-0.1412123739719391,0.015055835247039795,-0.122955322265625
-0.17979592084884644,0.005867362022399902,-0.12457054853439331
-0.17267321050167084,0.02129310369491577,-0.09603464603424072
-0.13825201988220215,0.031360626220703125,-0.035011470317840576
-0.06486375629901886,0.06913489103317261,0.03877657651901245
-0.02335096150636673,0.059038639068603516,0.08323729038238525
-0.0072808414697647095,0.022222518920898438,0.0997573733329773
0.0343405157327652,0.02232271432876587,0.09543359279632568
0.0645998865365982,0.02510058879852295,0.07997560501098633
0.07909969985485077,0.0034943222999572754,0.06152874231338501
0.08274608850479126,-0.008193492889404297,0.014661252498626709
0.07115146517753601,-0.013195455074310303,-0.04521661996841431
0.050727084279060364,-0.014551043510437012,-0.09802311658859253
0.04355257749557495,-0.015619277954101562,-0.12436968088150024
0.04874609410762787,-0.021171927452087402,-0.12093710899353027
0.04732237756252289,-0.03371226787567139,-0.10857641696929932
0.026242166757583618,-0.04355275630950928,-0.09711498022079468
-0.00013968348503112793,-0.04597872495651245,-0.09339183568954468
-0.029606521129608154,-0.04323667287826538,-0.09382927417755127
-0.04955516755580902,-0.04412949085235596,-0.08272737264633179
-0.05604352056980133,-0.05267214775085449,-0.056890785694122314
-0.05433081090450287,-0.05637234449386597,-0.031688690185546875
-0.051479190587997437,-0.05539494752883911,-0.010235071182250977
-0.04421359300613403,-0.04142850637435913,0.0006688237190246582
-0.0336683988571167,-0.021675169467926025,0.011448442935943604
-0.02430090308189392,-0.012695372104644775,0.02749854326248169
-0.008508443832397461,-0.010914146900177002,0.035325825214385986
-0.003440171480178833,-0.00677114725112915,0.03501158952713013
-0.0031073391437530518,0.000981450080871582,0.03247123956680298
-0.0052231550216674805,0.013704359531402588,0.03878968954086304
-0.006291970610618591,0.020796358585357666,0.04879802465438843
-0.011227443814277649,0.020440340042114258,0.052703678607940674
-0.02252282202243805,0.02421414852142334,0.050932109355926514
-0.033936306834220886,0.031571269035339355,0.04896491765975952
-0.04250545799732208,0.03476512432098389,0.051486074924468994
-0.047314926981925964,0.03199368715286255,0.0570676326751709
-0.04461206495761871,0.02946174144744873,0.06339168548583984
-0.042565494775772095,0.03308933973312378,0.06492656469345093
-0.03575769066810608,0.03337341547012329,0.0687529444694519
-0.013715848326683044,0.02868795394897461,0.07418686151504517
0.00856521725654602,0.023041844367980957,0.08050179481506348
0.026544570922851562,0.014621973037719727,0.079082190990448
0.03294268250465393,0.011502444744110107,0.05937814712524414
0.03158494830131531,0.011420726776123047,0.03691822290420532
0.03143051266670227,0.008325755596160889,0.021371960639953613
0.035170778632164,0.0009279847145080566,0.017362356185913086
0.0338350385427475,-0.0057939887046813965,0.015121042728424072
0.03250209987163544,-0.007216393947601318,0.004828512668609619
0.03774245083332062,-0.009890496730804443,-0.007505655288696289
0.042787402868270874,-0.013443350791931152,-0.02028369903564453
0.04534851014614105,-0.013934791088104248,-0.027902066707611084
0.0458269864320755,-0.011478602886199951,-0.02772611379623413
0.037396714091300964,-0.005789637565612793,-0.024596750736236572
0.022386565804481506,-0.0002504587173461914,-0.017166733741760254
0.018999621272087097,0.005790591239929199,-0.0053771138191223145
0.014021262526512146,0.008976638317108154,-0.0002595186233520508
0.005433633923530579,0.009883284568786621,-0.00215226411819458
0.00270669162273407,0.011726796627044678,-0.011660635471343994
0.006660178303718567,0.01321786642074585,-0.021279335021972656
0.01295614242553711,0.011155545711517334,-0.02476215362548828
0.0025478005409240723,0.010108888149261475,-0.023013591766357422
-0.004345789551734924,0.021817028522491455,-0.01734215021133423
-0.00999896228313446,0.0327494740486145,-0.009559094905853271
-0.021005168557167053,0.03072458505630493,-0.0003706216812133789
-0.029657676815986633,0.031016647815704346,0.006231725215911865
-0.03911368548870087,0.03240424394607544,0.002556025981903076
-0.03842519223690033,0.031579554080963135,-0.009941935539245605
-0.02885344624519348,0.030037105083465576,-0.014643609523773193
-0.02073386311531067,0.02371591329574585,-0.017085254192352295
-0.015990808606147766,0.02425408363342285,-0.022041141986846924
-0.020347654819488525,0.02512151002883911,-0.02719295024871826
-0.023114874958992004,0.024037480354309082,-0.03079754114151001
-0.012729480862617493,0.02186983823776245,-0.02264302968978882
-0.0031760036945343018,0.017593026161193848,-0.010228931903839111
-0.0003663599491119385,0.01606661081314087,0.0008530020713806152
-0.01102977991104126,0.01643151044845581,0.00813823938369751
-0.018426746129989624,0.020293772220611572,0.012311160564422607
-0.020349472761154175,0.023313462734222412,0.015880048274993896
-0.011662140488624573,0.02038562297821045,0.026191532611846924
0.008985936641693115,0.018669605255126953,0.045932233333587646
0.0263969749212265,0.017415642738342285,0.061625003814697266
0.02741605043411255,0.019765615463256836,0.061916887760162354
0.021969154477119446,0.02423912286758423,0.05307954549789429
0.0154656320810318,0.025416553020477295,0.04721492528915405
0.0014369338750839233,0.023470282554626465,0.044113993644714355
-0.000902324914932251,0.026117146015167236,0.0423126220703125
0.012329235672950745,0.027065813541412354,0.0436975359916687
0.02256600558757782,0.020864009857177734,0.04601794481277466
0.005424708127975464,0.020289301872253418,0.049990177154541016
-0.006693094968795776,0.022815167903900146,0.04962211847305298
-0.0050393640995025635,0.01956319808959961,0.05031400918960571
0.001181572675704956,0.012839436531066895,0.06132084131240845
0.004405289888381958,0.005093634128570557,0.07070380449295044
0.00619177520275116,0.00010037422180175781,0.06902343034744263
0.012902230024337769,-0.0010924935340881348,0.058460235595703125
0.0211573988199234,-0.004732608795166016,0.04624253511428833
0.03050774335861206,-0.008266270160675049,0.035537004470825195
0.02945934236049652,-0.008794665336608887,0.02651292085647583
0.01931697130203247,-0.009130656719207764,0.022212088108062744
0.00995086133480072,-0.010648548603057861,0.018053114414215088
0.005395948886871338,-0.010732948780059814,0.012351691722869873
0.007316961884498596,-0.013126075267791748,0.011609256267547607
0.014001235365867615,-0.017451226711273193,0.01171720027923584
0.020132020115852356,-0.013416886329650879,0.009141087532043457
0.014805778861045837,-0.006702423095703125,0.008189618587493896
0.009467706084251404,-0.0013063549995422363,0.009241580963134766
0.008143678307533264,0.002751469612121582,0.008251488208770752
0.016197189688682556,0.0008590817451477051,0.007969796657562256
0.01865476369857788,-0.0018097162246704102,0.005025923252105713
0.009094983339309692,0.003165721893310547,-0.0018828511238098145
0.005226254463195801,0.004476666450500488,-0.006080210208892822
0.011086001992225647,0.0055994391441345215,-0.005912840366363525
0.006451144814491272,0.009695649147033691,-0.007847905158996582
0.0009336322546005249,0.010654449462890625,-0.010393798351287842
0.00019453465938568115,0.007961511611938477,-0.015202581882476807
0.004391983151435852,0.0030515193939208984,-0.02867358922958374
0.004880979657173157,-0.0001386404037475586,-0.043499529361724854
0.004770830273628235,0.0005906820297241211,-0.039028823375701904
-0.0031235069036483765,0.0037803053855895996,-0.019630372524261475
-0.023456469178199768,0.0174790620803833,-0.005636394023895264
-0.03238491714000702,0.021145284175872803,0.006209254264831543
-0.022991880774497986,0.018515169620513916,0.02274399995803833
-0.01070888340473175,0.01770949363708496,0.033735692501068115
-0.0072109997272491455,0.019106030464172363,0.0253790020942688
-0.0014947503805160522,0.015537023544311523,2.086162567138672e-06
0.008375391364097595,0.01186835765838623,-0.026917338371276855
0.02197358012199402,0.0028901100158691406,-0.03896456956863403
0.02242155373096466,-0.006628692150115967,-0.045251548290252686
0.01903986930847168,-0.0073168277740478516,-0.038728177547454834
0.014486178755760193,-0.004425525665283203,-0.018298864364624023
0.008905559778213501,-0.0033231377601623535,0.011906206607818604
0.001026257872581482,0.0011630058288574219,0.03841733932495117
-0.010079294443130493,0.007870197296142578,0.06887674331665039
-0.008791744709014893,0.011701464653015137,0.09069603681564331
-0.0042021870613098145,0.011991560459136963,0.11020475625991821
-0.006876155734062195,-0.005792438983917236,0.17451882362365723
-0.03540197014808655,-0.017507553100585938,-0.9971312880516052
0.0919865071773529,-0.05386167764663696,-1.159041404724121
0.047745734453201294,-0.005917906761169434,0.25733858346939087
-0.06105263531208038,0.11757659912109375,0.293337881565094
-0.1497306227684021,0.021986424922943115,0.18145275115966797
-0.1336028128862381,0.0927666425704956,0.08330005407333374
-0.09341210126876831,0.0776870846748352,0.06025683879852295
-0.0536087304353714,0.02918720245361328,0.05554324388504028
-0.016400635242462158,0.011669576168060303,0.041875600814819336
-0.001162305474281311,0.006782114505767822,0.031931936740875244
-0.0028520971536636353,-0.00583118200302124,0.026281535625457764
-0.006694287061691284,-0.01362544298171997,0.02606421709060669
-0.01010066270828247,-0.01310431957244873,0.01510852575302124
-0.01546885073184967,-0.012050449848175049,-0.0015019774436950684
-0.021746516227722168,-0.004548192024230957,-0.014881312847137451
-0.03200143575668335,0.009465515613555908,-0.026707112789154053
-0.049367889761924744,0.01272118091583252,-0.029460370540618896
-0.06139463186264038,0.01022881269454956,-0.029144585132598877
-0.07632438838481903,0.01912623643875122,-0.03485459089279175
-0.10057404637336731,0.023124217987060547,-0.0499609112739563
-0.11727239191532135,0.022163689136505127,-0.08521246910095215
-0.11032570898532867,0.03373277187347412,-0.12852942943572998
-0.06982672214508057,0.054751038551330566,-0.17197203636169434
-0.025726303458213806,0.09615433216094971,-0.2255353331565857
-0.047842562198638916,0.13188105821609497,-0.26925480365753174
-0.14465291798114777,0.1170649528503418,-0.32492029666900635
-0.20334231853485107,0.1545918583869934,-0.4082813262939453
-0.2842888832092285,0.03351205587387085,-0.394575834274292
-0.19592233002185822,0.011400103569030762,-0.34607934951782227
-0.11742725968360901,0.06053614616394043,-0.3694934844970703
-0.09359763562679291,0.05794292688369751,-0.3581300973892212
-0.06187887489795685,0.06582355499267578,-0.27658331394195557
-0.03700929880142212,0.0649227499961853,-0.19655191898345947
-0.05231035500764847,0.0761837363243103,-0.13137227296829224
-0.07182314991950989,0.0892537534236908,-0.08293259143829346
-0.07965687662363052,0.0844103991985321,-0.05978238582611084
-0.07240612804889679,0.06800287961959839,-0.07707923650741577
-0.04302375763654709,0.04281231760978699,-0.12788128852844238
-0.02489554136991501,0.028081297874450684,-0.16628092527389526
-0.03472144156694412,0.02635657787322998,-0.1704401969909668
-0.0836438462138176,0.04677373170852661,-0.12419450283050537
-0.11680841445922852,0.05195510387420654,-0.13584572076797485
-0.10318435728549957,0.06734153628349304,-0.10590839385986328
-0.051275499165058136,0.0933915376663208,-0.03177899122238159
0.00915709137916565,0.09997931122779846,0.08284318447113037
0.03951409459114075,0.0909910500049591,0.13639116287231445
0.05467379838228226,0.09362168610095978,0.13486206531524658
0.049768976867198944,0.10452726483345032,0.1446707844734192
0.05899304896593094,0.10015225410461426,0.1735566258430481
0.08005280792713165,0.08276970684528351,0.21929776668548584
0.09146558493375778,0.05876968801021576,0.24066734313964844
0.11133627593517303,0.05594797432422638,0.22591030597686768
0.11888757348060608,0.0521734282374382,0.21919047832489014
0.11777380853891373,0.03896509110927582,0.2315407395362854
0.10275187343358994,0.03889243304729462,0.24968206882476807
0.072684146463871,0.05663816258311272,0.2754805088043213
0.024361051619052887,0.06486047059297562,0.31160569190979004
-0.00019146502017974854,0.036469973623752594,0.31004273891448975
0.01995588093996048,0.030486010015010834,0.29054421186447144
0.03703172504901886,0.005239322315901518,0.261397123336792
0.02128935605287552,0.013001499697566032,0.21645164489746094
0.022238589823246002,0.01921674981713295,0.16393136978149414
0.025729559361934662,-0.00324413925409317,0.11289572715759277
0.03513186424970627,-0.008512675762176514,0.08329242467880249
0.1099383533000946,-0.006727300584316254,0.4040086269378662
0.19502022862434387,0.005865674465894699,0.64496910572052
0.14398562908172607,-0.001974988728761673,0.30670714378356934
0.10678771883249283,0.012334892526268959,0.07330149412155151
0.12289606034755707,0.0025566592812538147,-0.04384458065032959
0.08999114483594894,-0.01484554260969162,0.07466733455657959
0.023894526064395905,-0.04057735949754715,0.01416158676147461
-0.0047979578375816345,-0.050767991691827774,-0.021527409553527832
0.002963591367006302,-0.05010594055056572,-0.008635401725769043
0.034164607524871826,-0.06603686511516571,-0.015271782875061035
0.04788784310221672,-0.09203388541936874,-0.013514876365661621
0.040047675371170044,-0.11366385966539383,0.00048094987869262695
0.143971785902977,-0.18938228487968445,0.010048329830169678
-0.06004583090543747,-0.2944977581501007,0.08820915222167969
-0.21946753561496735,-0.4890210032463074,0.007170200347900391
-0.14731913805007935,-0.5481988191604614,-0.014696002006530762
-0.1765497326850891,-0.5518178343772888,6.0677528381347656e-05
-0.1398012936115265,-0.42457911372184753,-0.004456520080566406
-0.11491924524307251,-0.315481036901474,-0.00035125017166137695
-0.13564327359199524,-0.24522121250629425,-0.00671309232711792
-0.15449108183383942,-0.18634027242660522,0.0012844204902648926
-0.17008677124977112,-0.13608601689338684,-0.005688190460205078
-0.15376552939414978,-0.0942685604095459,-0.00031566619873046875
-0.08623688668012619,-0.11706512421369553,-0.006616652011871338
0.0027293823659420013,-0.1266402304172516,0.0022354722023010254
0.037733353674411774,-0.07896766811609268,-0.003072679042816162
-0.0006715226918458939,-0.022233862429857254,-0.00047713518142700195
-0.05923793464899063,0.01320912130177021,-0.0037119388580322266
-0.09050354361534119,0.03698788583278656,-0.001973867416381836
-0.09928358346223831,0.07284922152757645,-0.0009993910789489746
-0.08447124063968658,0.07659793645143509,-0.002253711223602295
-0.06651532649993896,0.05187926068902016,-0.0014325380325317383
-0.058177053928375244,0.09260889142751694,0.0004118680953979492
-0.022975072264671326,0.1397102028131485,-0.003632664680480957
-0.015509558841586113,0.1645035445690155,-0.0016036033630371094
-0.10489799082279205,0.33524182438850403,0.0006392598152160645
0.13920101523399353,0.6962843537330627,-0.005113363265991211
0.5074796676635742,0.6178121566772461,0.005553185939788818
0.32278233766555786,0.759486198425293,0.009033441543579102
0.09267061203718185,0.7508673667907715,-0.0031873583793640137
0.034921348094940186,0.48541897535324097,-0.002989053726196289
-0.011013273149728775,0.1542680412530899,0.0007647275924682617
-0.08981414139270782,0.0009658616036176682,-0.0027140378952026367
-0.10877863317728043,-0.008165190927684307,-0.003293752670288086
-0.01296776719391346,0.0016496293246746063,0.0006433725357055664
-0.02029637061059475,0.03309844061732292,-0.003690004348754883
-0.037794746458530426,0.05394408851861954,-0.0008062124252319336
-0.06874571740627289,0.08139926195144653,-0.0007297992706298828
-0.05043228715658188,0.05300702154636383,-0.0028351545333862305
0.05913901701569557,-0.11909287422895432,-0.002163410186767578
0.059995584189891815,-0.13126777112483978,4.0531158447265625e-06
-0.0067198071628808975,-0.02349601313471794,-0.005000710487365723
-0.020719293504953384,0.006603537127375603,-0.00036215782165527344
-0.013804832473397255,-0.0032750237733125687,-0.001902937889099121
-0.0119265615940094,-0.0025244886055588722,-0.00017821788787841797
-0.008932575583457947,-0.005364813841879368,-0.003397524356842041
-0.0087741669267416,-0.005990596488118172,4.76837158203125e-06
-0.008969813585281372,-0.006653170101344585,-0.0026503801345825195
-0.009817106649279594,-0.005221374332904816,0.0004162788391113281
-0.012519372627139091,-0.00428344588726759,-0.0028798580169677734
-0.012362491339445114,-0.0018167970702052116,-0.002559065818786621
-0.014209756627678871,-0.0017006509006023407,-0.002101421356201172
-0.01501629687845707,-0.002045920118689537,-0.00040787458419799805
-0.01487763226032257,-0.002660001628100872,-0.0020406246185302734
-0.014024289324879646,-0.0038473019376397133,-0.0003466606140136719
-0.011140553280711174,-0.004255011677742004,-0.0006061196327209473
-0.008551651611924171,-0.0050530144944787025,-0.0029410719871520996
-0.008174916729331017,-0.004298564046621323,-0.0010802149772644043
-0.007990770041942596,-0.0032878899946808815,-0.001446843147277832
-0.008053578436374664,-0.0032361354678869247,-0.0027441978454589844
-0.010809680446982384,-0.004127269610762596,-0.0014476776123046875
-0.012972192838788033,-0.0038936054334044456,-0.0012802481651306152
-0.015312004834413528,-0.003675837069749832,-0.0020433664321899414
-0.01657227985560894,-0.002716132439672947,-0.001784205436706543
-0.015828706324100494,-0.0021399324759840965,-0.0018302202224731445
-0.013898581266403198,-0.0023533329367637634,-0.0013117790222167969
-0.01160665974020958,-0.005098613910377026,-0.001251220703125
-0.008414288982748985,-0.006017883308231831,-0.0014804601669311523
-0.0071177128702402115,-0.005284198559820652,-0.0020455121994018555
-0.00767870619893074,-0.0048125991597771645,-0.0014810562133789062
-0.010243959724903107,-0.003851296380162239,-0.0012066960334777832
-0.012351056560873985,-0.0030108001083135605,-0.0016801953315734863
-0.014855712652206421,-0.003597601316869259,-0.0009942054748535156
-0.015780046582221985,-0.0036593107506632805,-0.0022917985916137695
-0.015265559777617455,-0.003094397485256195,-0.001712799072265625
-0.013701584190130234,-0.002899313345551491,-0.0012705326080322266
-0.011512238532304764,-0.0035024937242269516,-0.0019268989562988281
-0.009459231048822403,-0.004027221351861954,-0.0018658638000488281
-0.008991742506623268,-0.004543928429484367,-0.0006148219108581543
-0.007571982219815254,-0.004414387047290802,-0.0017901062965393066
-0.008392592892050743,-0.005229399539530277,-0.0013633966445922852
-0.010277992114424706,-0.004416145384311676,-0.0009672641754150391
-0.011569313704967499,-0.0035010287538170815,-0.0006625652313232422
-0.014018697664141655,-0.003025088459253311,-0.0026466846466064453
-0.014818228781223297,-0.0023900922387838364,-0.0007703304290771484
-0.013963976874947548,-0.002742839977145195,-0.0016402006149291992
-0.012982586398720741,-0.003172505646944046,-0.00066375732421875
-0.0123977679759264,-0.0038718385621905327,-0.0013811588287353516
-0.01020035333931446,-0.004614288918673992,-0.001716911792755127
-0.009328588843345642,-0.004444415681064129,-0.002525925636291504
-0.009308092296123505,-0.00463530607521534,-0.0009392499923706055
-0.009794129058718681,-0.004156753420829773,-0.0015649199485778809
-0.011075517162680626,-0.003248699940741062,-0.0010312795639038086
-0.012681318446993828,-0.0037767868489027023,-0.002115011215209961
-0.013718174770474434,-0.0038563041016459465,-0.0011845827102661133
-0.014027277007699013,-0.0026181936264038086,-0.0010933279991149902
-0.013576528057456017,-0.003010958433151245,-0.0014597177505493164
-0.011802023276686668,-0.0027874531224370003,-0.002512693405151367
-0.010903021320700645,-0.003505406901240349,-0.0016585588455200195
-0.010020708665251732,-0.004046744666993618,-0.001185774803161621
-0.008088285103440285,-0.0042626094073057175,-0.0021625757217407227
-0.007687658071517944,-0.004223859868943691,-0.001995086669921875
-0.009021162986755371,-0.003791126422584057,-0.0010035037994384766
-0.010911917313933372,-0.003396911546587944,-0.0018584728240966797
-0.012775776907801628,-0.0021701883524656296,-0.001096189022064209
-0.01386711373925209,-0.003022029995918274,-0.0009739398956298828
-0.013324368745088577,-0.003629733808338642,-0.0007605552673339844
-0.012950647622346878,-0.0036107897758483887,-0.0014020204544067383
-0.011778000742197037,-0.004256042651832104,-0.0005017518997192383
-0.01051413081586361,-0.0045501068234443665,-0.0017072558403015137
-0.008687334135174751,-0.0037092361599206924,-0.0020432472229003906
-0.008421631529927254,-0.003548797219991684,-0.0011126995086669922
-0.010177064687013626,-0.0035760710015892982,-0.0005027651786804199
-0.009688725695014,-0.003923136740922928,-0.0007476806640625
-0.01126924715936184,-0.004435263574123383,-0.001480698585510254
-0.012639576569199562,-0.0038910498842597008,-0.0016181468963623047
-0.013547779992222786,-0.0033468008041381836,-0.0009008646011352539
-0.013040542602539062,-0.0030914926901459694,-0.0012062788009643555
-0.012049034237861633,-0.002855176106095314,-0.0018166303634643555
-0.010252805426716805,-0.002897443249821663,-0.0018779635429382324
-0.008476445451378822,-0.0036233002319931984,-0.0018780231475830078
-0.009333265945315361,-0.004430786706507206,-0.0013138055801391602
-0.009469883516430855,-0.0045818155631423,-0.0008565783500671387
-0.009333934634923935,-0.0034386785700917244,-0.0012232065200805664
-0.010624028742313385,-0.0033094659447669983,-0.0013763904571533203
-0.012171482667326927,-0.0025780629366636276,-0.0015600919723510742
-0.012849947437644005,-0.0031116437166929245,-0.0015149116516113281
-0.012930914759635925,-0.003008089028298855,-0.0001876354217529297
-0.011753048747777939,-0.0034554284065961838,-0.0016983747482299805
-0.011286307126283646,-0.003036145120859146,-0.001073002815246582
-0.009634850546717644,-0.0029627038165926933,-0.0015922784805297852
-0.0089772529900074,-0.0037173395976424217,-0.0014552474021911621
-0.009158652275800705,-0.004270930774509907,-0.0019438862800598145
-0.009881634265184402,-0.004220957867801189,-0.00038737058639526367
-0.010370416566729546,-0.004194312728941441,-0.002005279064178467
-0.010903583839535713,-0.00370919331908226,-0.0018224716186523438
-0.012034250423312187,-0.0030384473502635956,-0.0018534660339355469
-0.012658901512622833,-0.002749010920524597,-0.00193023681640625
-0.012129079550504684,-0.002992134541273117,-0.0014573931694030762
-0.012134410440921783,-0.0032805083319544792,-0.0018544197082519531
-0.010513396933674812,-0.002373555675148964,-0.0015950798988342285
-0.010181903839111328,-0.0031130947172641754,-0.0011834502220153809
-0.00922326184809208,-0.004898115061223507,-0.0018551349639892578
-0.00829092413187027,-0.0042856670916080475,-0.0021452903747558594
-0.009819814935326576,-0.003274025395512581,-0.0013973712921142578
-0.010766495019197464,-0.003928077407181263,-0.002190828323364258
-0.011300159618258476,-0.002836884930729866,-0.0011993646621704102
-0.01212579570710659,-0.0027844374999403954,-0.0006960630416870117
-0.01251334697008133,-0.003211093135178089,-0.0020085573196411133
-0.012072794139385223,-0.002668551169335842,-0.0023599863052368164
-0.011411601677536964,-0.0034404080361127853,-0.0010936856269836426
-0.010184109210968018,-0.0038467450067400932,-0.0008341073989868164
-0.009834088385105133,-0.003961294889450073,-0.0006513595581054688
-0.010208366438746452,-0.003997824154794216,-0.002619922161102295
-0.009954219684004784,-0.0034471414983272552,-0.0024680495262145996
-0.00995723158121109,-0.0031199920922517776,-0.0010184049606323242
-0.010740388184785843,-0.004108230583369732,-0.0011407732963562012
-0.011521648615598679,-0.003064253367483616,-0.0016445517539978027
-0.011734148487448692,-0.0027453210204839706,-0.0014004111289978027
-0.011540953069925308,-0.0030189426615834236,-0.0015227198600769043
-0.010712934657931328,-0.0028787460178136826,-0.0022400617599487305
-0.01028948463499546,-0.0033372044563293457,-0.001797795295715332
-0.009659061208367348,-0.003522119950503111,-0.00042510032653808594
-0.009797120466828346,-0.004222932271659374,-0.002134382724761963
-0.009811269119381905,-0.0038397526368498802,-0.0013566017150878906
-0.009578999131917953,-0.004013763274997473,-0.0007769465446472168
-0.010099479928612709,-0.0039346120320260525,-0.001036524772644043
-0.011128576472401619,-0.003915704786777496,-0.0010215044021606445
-0.012546999379992485,-0.0027186344377696514,-0.00208967924118042
-0.012762436643242836,-0.0031501399353146553,-0.0022270679473876953
-0.01203804463148117,-0.0033091623336076736,-0.0013272762298583984
-0.01085122860968113,-0.0028192060999572277,-0.0012359023094177246
-0.01076386496424675,-0.0038713966496288776,-0.0015567541122436523
-0.009627433493733406,-0.0043428088538348675,-0.002182483673095703
-0.009334424510598183,-0.0032146135345101357,-0.001419663429260254
-0.009129514917731285,-0.0029494683258235455,-0.0018166303634643555
-0.009947475045919418,-0.0030684680677950382,-0.0012983083724975586
-0.009858908131718636,-0.00474955327808857,-0.0008714199066162109
-0.011084919795393944,-0.002394814509898424,-0.003786146640777588
-0.011719772592186928,-0.0022735237143933773,-0.00023132562637329102
-0.011597614735364914,-0.0023868917487561703,-0.0030393600463867188
-0.011204665526747704,-0.0035913391038775444,-0.0008732080459594727
-0.011188875883817673,-0.003187835216522217,-0.0021092891693115234
-0.010367706418037415,-0.0034266063012182713,-0.0011483430862426758
-0.010319177061319351,-0.003379563335329294,-0.002048969268798828
-0.00975087471306324,-0.002902774140238762,-0.0005540847778320312
-0.00938667543232441,-0.0037397416308522224,-0.002538442611694336
-0.008896822109818459,-0.003871218767017126,-0.00015854835510253906
-0.010454865172505379,-0.002510353922843933,-0.0023863911628723145
-0.011508092284202576,-0.0022644875571131706,-0.0015472769737243652
-0.011554788798093796,-0.003508055116981268,-0.001562952995300293
-0.011896234005689621,-0.003025905229151249,-0.0010745525360107422
-0.011550653725862503,-0.0028860652819275856,-0.0014107227325439453
-0.010577771812677383,-0.0030415374785661697,-0.0005255937576293945
-0.0103702861815691,-0.003416046965867281,-0.0004800558090209961
-0.00877867266535759,-0.003792011644691229,-0.0020979642868041992
-0.008340606465935707,-0.0034526041708886623,-0.001549065113067627
-0.0083857960999012,-0.003403478767722845,-0.00112229585647583
-0.010051967576146126,-0.0031498288735747337,-0.0015652179718017578
-0.011386478319764137,-0.003142381552606821,-0.0013060569763183594
-0.011607032269239426,-0.002838004846125841,-0.0011993646621704102
-0.011098988354206085,-0.003431168384850025,-0.001229703426361084
-0.01095125824213028,-0.002546554896980524,-0.000939786434173584
-0.010799393057823181,-0.0029954151250422,-0.001260221004486084
-0.01056131161749363,-0.0035335011780261993,-0.00208437442779541
-0.00974811427295208,-0.0026984834112226963,-0.0009402036666870117
-0.009886356070637703,-0.0034161536023020744,-0.001047372817993164
-0.009365973994135857,-0.0048039755783975124,-0.002100229263305664
-0.009397825226187706,-0.0042611705139279366,-0.0011392831802368164
-0.009007344022393227,-0.0037613450549542904,0.000661015510559082
-0.010216280817985535,-0.0033541019074618816,-0.0015822649002075195
-0.011077525094151497,-0.0027142944745719433,-0.0021320581436157227
-0.011562958359718323,-0.003117784857749939,-0.001643836498260498
-0.010742928832769394,-0.0035111596807837486,-0.0014148950576782227
-0.010164296254515648,-0.003307849634438753,-0.002101898193359375
-0.010094225406646729,-0.0032353955321013927,-0.0012323856353759766
-0.009744556620717049,-0.0028405063785612583,-0.0007598400115966797
-0.009160924702882767,-0.003657230641692877,-0.0009125471115112305
-0.008271155878901482,-0.003479111474007368,-0.002286255359649658
-0.008765513077378273,-0.003514474257826805,-0.0010509490966796875
-0.009625451639294624,-0.003459941130131483,-0.0011276006698608398
-0.011332236230373383,-0.0025776498951017857,-0.0021198391914367676
-0.010724889114499092,-0.002901041880249977,-0.0014486312866210938
-0.01041833870112896,-0.0031283115968108177,-0.001357436180114746
-0.010127218440175056,-0.0035921698436141014,-0.002089977264404297
-0.009825995191931725,-0.003068170975893736,-0.0017087459564208984
-0.00873909704387188,-0.002331445924937725,-0.0020754337310791016
-0.009482787922024727,-0.00313221151009202,-0.00128251314163208
-0.009100193157792091,-0.0034012743271887302,-0.002564668655395508
-0.009108481928706169,-0.0037222281098365784,-0.0015270709991455078
-0.009630773216485977,-0.003445541486144066,-0.002045869827270508
-0.009834755212068558,-0.003103019203990698,-0.0018171072006225586
-0.010575788095593452,-0.0024717552587389946,-0.0018932819366455078
-0.009978704154491425,-0.0021166005171835423,-0.0010235309600830078
-0.010069029405713081,-0.002856605686247349,-0.0017255544662475586
-0.011184267699718475,-0.002227494027465582,-0.0011919736862182617
-0.010760229080915451,-0.003276257310062647,-0.0017870664596557617
-0.00937163457274437,-0.0031611602753400803,-0.001802682876586914
-0.00997096486389637,-0.0034474250860512257,-0.001238405704498291
-0.009835002943873405,-0.003456976730376482,-0.0016356110572814941
-0.009172558784484863,-0.002376544289290905,-0.0013614892959594727
-0.008129123598337173,-0.0031536337919533253,-0.0012396574020385742
-0.010523097589612007,-0.0028861803002655506,-0.001667022705078125
-0.009989861398935318,-0.0036102700978517532,-0.0006604194641113281
-0.00907934457063675,-0.0022823093459010124,-0.0023696422576904297
-0.010055029764771461,-0.0024468349292874336,-0.0018203258514404297
-0.010545458644628525,-0.0030678906477987766,-0.0016374588012695312
-0.011049866676330566,-0.0034258277155458927,-0.0004323720932006836
-0.009550388902425766,-0.0028156288899481297,-0.000935971736907959
-0.008667303249239922,-0.0035135066136717796,-0.0013785362243652344
-0.00813424400985241,-0.0032004956156015396,-0.0020044445991516113
-0.009840546175837517,-0.002772257197648287,-5.1856040954589844e-05
-0.009528232738375664,-0.0028650006279349327,-0.0017912983894348145
-0.010218396782875061,-0.0033998857252299786,-0.0013490915298461914
-0.010935945436358452,-0.002280791290104389,-0.0012426376342773438
-0.010841330513358116,-0.0025996705517172813,-0.0008002519607543945
-0.01095174066722393,-0.0032783690840005875,-0.0027077198028564453
-0.010344274342060089,-0.0026485086418688297,-0.0010601282119750977
-0.009004635736346245,-0.00307970168069005,-0.00215911865234375
-0.008622055873274803,-0.0030954917892813683,-0.0010303258895874023
-0.009586146101355553,-0.003292799461632967,-0.0028311610221862793
-0.007806617766618729,-0.003164585679769516,-0.0016874074935913086
-0.008177397772669792,-0.0028979433700442314,-0.00217592716217041
-0.00996273010969162,-0.0029896898195147514,-0.002206861972808838
-0.010454127565026283,-0.0027544591575860977,-0.00033032894134521484
-0.010389916598796844,-0.003500145860016346,-0.0011086463928222656
-0.009221749380230904,-0.0029210620559751987,-0.0008800625801086426
-0.009929312393069267,-0.0030502821318805218,-0.0010176897048950195
-0.009886935353279114,-0.0037191985175013542,-0.0018267035484313965
-0.008774388581514359,-0.00337041262537241,-0.002223789691925049
-0.008784361183643341,-0.004076467826962471,-0.001491844654083252
-0.009255602955818176,-0.003305971622467041,-0.0008661746978759766
-0.009059270843863487,-0.003909753169864416,-0.0018579959869384766
-0.008945746347308159,-0.002843031659722328,-0.0019040107727050781
-0.00943579152226448,-0.002221176400780678,-0.0010346174240112305
-0.008737681433558464,-0.003206369001418352,-0.00043964385986328125
-0.009470963850617409,-0.0026387572288513184,-0.0009889602661132812
-0.010105164721608162,-0.0027927844785153866,-0.0006225705146789551
-0.010822007432579994,-0.003025987185537815,-0.000592350959777832
-0.009295964613556862,-0.003717633429914713,-0.0012178421020507812
-0.008787114173173904,-0.0033657648600637913,-0.002438664436340332
-0.009377891197800636,-0.0026596952229738235,-0.0006382465362548828
-0.00906313955783844,-0.002760486677289009,-0.00021123886108398438
-0.008739231154322624,-0.0025560567155480385,-0.0013709068298339844
-0.008574429899454117,-0.0026213363744318485,-0.0022257566452026367
-0.010429088026285172,-0.0033058812841773033,-0.001417398452758789
-0.010464068502187729,-0.003353719599545002,-0.0019513964653015137
-0.008922865614295006,-0.002683544997125864,-0.0012952685356140137
-0.009138859808444977,-0.0025895624421536922,-0.0015240907669067383
-0.009672388434410095,-0.0021604043431580067,-0.0018907785415649414
-0.009309610351920128,-0.002486327663064003,-0.0011889934539794922
-0.008484045043587685,-0.0029105613939464092,-0.0009757876396179199
-0.007841834798455238,-0.0037838383577764034,-0.0013881921768188477
-0.008750122040510178,-0.003038248047232628,-0.001159071922302246
-0.008903717622160912,-0.0031271190382540226,-0.002502143383026123
-0.008895566686987877,-0.0025026281364262104,-0.0013275146484375
-0.009883103892207146,-0.002398500684648752,-0.0010832548141479492
-0.011245697736740112,-0.0029933624900877476,-0.0016175508499145508
-0.01013059914112091,-0.0031021004542708397,-0.001297593116760254
-0.009072773158550262,-0.0019207922741770744,-0.00013840198516845703
-0.009252354502677917,-0.0027749412693083286,-0.00262606143951416
-0.008686002343893051,-0.002888656221330166,-0.0019091367721557617
-0.008680962026119232,-0.0023555057123303413,-0.0020618438720703125
-0.00909171998500824,-0.002770001068711281,-0.0014820098876953125
-0.009681375697255135,-0.003125866875052452,-0.002062201499938965
-0.009626287966966629,-0.0030343662947416306,-0.0019403696060180664
-0.00890495628118515,-0.0030540423467755318,-0.0006129741668701172
-0.008771736174821854,-0.0022019390016794205,-0.0014219284057617188
-0.0090913325548172,-0.0021005766466259956,-0.002612173557281494
-0.008882079273462296,-0.002914820332080126,-0.0023987293243408203
-0.008597657084465027,-0.002915233839303255,-0.0017428398132324219
-0.009480241686105728,-0.0022243931889533997,-0.0014224052429199219
-0.009979482740163803,-0.003142707981169224,-0.0015445351600646973
-0.009806014597415924,-0.003054281696677208,-0.0015599727630615234
-0.00883449986577034,-0.002889137715101242,-0.001819610595703125
-0.009154414758086205,-0.0030068508349359035,-0.0011485815048217773
-0.008871063590049744,-0.002584510948508978,-0.0019121170043945312
-0.008919090032577515,-0.003266883548349142,-0.0011644363403320312
-0.008714666590094566,-0.003489429596811533,-0.0012102723121643066
-0.0086345374584198,-0.0019818260334432125,-0.0011190176010131836
-0.009728603065013885,-0.0026051821187138557,-0.0019741058349609375
-0.009664181619882584,-0.003012364264577627,-0.0016995668411254883
-0.008967308327555656,-0.00247505446895957,-0.0018371343612670898
-0.008713409304618835,-0.002447753679007292,-0.0022034645080566406
-0.007924254983663559,-0.0026714964769780636,-0.0015628337860107422
-0.007989343255758286,-0.00293184956535697,-0.0010900497436523438
-0.007979689165949821,-0.002768415492027998,-0.0020058155059814453
-0.008578071370720863,-0.0027764667756855488,-0.0017162561416625977
-0.00974876806139946,-0.002737143076956272,-0.0027538537979125977
-0.00904356874525547,-0.002842287067323923,-0.0018079280853271484
-0.00854034535586834,-0.0029938542284071445,-0.0009229183197021484
-0.009680155664682388,-0.003457291517406702,-0.0005416274070739746
-0.009228819981217384,-0.0025132792070508003,-0.0015794038772583008
-0.008504442870616913,-0.0028610187582671642,-0.0012742877006530762
-0.008476540446281433,-0.0029002646915614605,-0.0021289587020874023
-0.00931883230805397,-0.0022364123724400997,-0.0017474889755249023
-0.00865061953663826,-0.0028887265361845493,-0.0024192333221435547
-0.010031640529632568,-0.0026503661647439003,-0.0013664960861206055
-0.008510921150445938,-0.003111391793936491,-0.0026636719703674316
-0.008798833936452866,-0.0026531326584517956,-0.0005580782890319824
-0.009589865803718567,-0.0026112073101103306,-0.0019773244857788086
-0.00891694612801075,-0.002345364075154066,-0.001611173152923584
-0.009079210460186005,-0.0027443026192486286,-0.0014590024948120117
-0.009075002744793892,-0.0029608584009110928,-0.0010169744491577148
-0.009210852906107903,-0.002738521434366703,-0.0019632577896118164
-0.008800016716122627,-0.002052603755146265,-0.0017497539520263672
-0.007800685241818428,-0.002697406802326441,-0.002482771873474121
-0.00849858671426773,-0.003166944719851017,-0.0014148354530334473
-0.009196240454912186,-0.0022309296764433384,-0.0019032955169677734
-0.008369313552975655,-0.0022738855332136154,-0.0016592741012573242
-0.008411223068833351,-0.002817667555063963,-0.0012018084526062012
-0.008748086169362068,-0.002338048070669174,-0.0005764961242675781
-0.00946819968521595,-0.0029390817508101463,-0.0013245344161987305
-0.008773544803261757,-0.0031353244557976723,-0.0008521080017089844
-0.008544454351067543,-0.0031747575849294662,1.728534698486328e-05
-0.00856764242053032,-0.00249481201171875,-0.0014633536338806152
-0.008609211072325706,-0.002563689835369587,-0.0015398263931274414
-0.009035304188728333,-0.002835993655025959,-0.0013414621353149414
-0.00903242640197277,-0.002982392441481352,-0.001982450485229492
-0.00881275162100792,-0.002767745405435562,-0.0021505355834960938
-0.009670315310359001,-0.0028417804278433323,-0.0013267993927001953
-0.009685840457677841,-0.002302921377122402,-0.00016742944717407227
-0.008635936304926872,-0.0020483890548348427,-0.0009913444519042969
-0.00842919573187828,-0.002493781503289938,-0.0015410184860229492
-0.007985353469848633,-0.002156083472073078,-0.0014803409576416016
-0.006998764351010323,-0.0028076712042093277,-0.0012210607528686523
-0.0074916258454322815,-0.0033869114704430103,-0.001999378204345703
-0.008185550570487976,-0.002925294451415539,-0.001114487648010254
-0.008341243490576744,-0.0026949667371809483,-0.002014636993408203
-0.00854671373963356,-0.0019614389166235924,-0.0021827220916748047
-0.008836410939693451,-0.0026623019948601723,-0.004303991794586182
-0.007490204647183418,-0.005956370383501053,-0.0009319782257080078
-0.009317200630903244,-0.0011660992167890072,0.009382963180541992
-0.00957038626074791,-0.0036304695531725883,-0.023057878017425537
-0.00951685756444931,-0.002370172645896673,0.018094897270202637
-0.012065606191754341,-0.001992955803871155,-0.009737491607666016
-0.007053283974528313,-0.002671182621270418,0.002057313919067383
-0.007050458341836929,-0.0020519248209893703,-0.008395075798034668
-0.009881686419248581,-0.0037823407910764217,0.012204289436340332
-0.008097514510154724,-0.0011241547763347626,-0.015887439250946045
-0.008543383330106735,-0.0034553389996290207,0.0066800713539123535
-0.010463008657097816,-0.0014545549638569355,-0.008395791053771973
-0.008053358644247055,-0.0020800665952265263,0.004483044147491455
-0.007491232827305794,-0.003682631067931652,-0.007464885711669922
-0.009102636948227882,-0.003043216187506914,0.003933310508728027
-0.006481554359197617,-0.001256745308637619,-0.004199862480163574
-0.00869595818221569,-0.004308007191866636,-0.00017184019088745117
-0.00798310898244381,-0.0023939935490489006,-0.0018657445907592773
-0.006934814155101776,-0.0018227850086987019,-0.001255631446838379
-0.009661037474870682,-0.00400118064135313,-0.002339482307434082
-0.007886895909905434,-0.0033101513981819153,0.0007274150848388672
-0.007738746702671051,-0.0027566198259592056,-0.003758549690246582
-0.008531326428055763,-0.0026633692905306816,-0.0003712773323059082
-0.009083215147256851,-0.0016303039155900478,0.0003306269645690918
-0.008227813988924026,-0.0018860585987567902,-0.003713369369506836
-0.009190522134304047,-0.0026527121663093567,0.0001468658447265625
-0.007746381685137749,-0.0027098162099719048,-0.0005095005035400391
-0.008761197328567505,-0.0031506228260695934,-0.004797458648681641
-0.00866374559700489,-0.003955848980695009,0.0004972219467163086
-0.00841011106967926,-0.00198552617803216,-0.00014388561248779297
-0.007606286555528641,-0.0022388072684407234,-0.0054999589920043945
-0.007884221151471138,-0.0027254982851445675,-0.0004953145980834961
-0.0075782109051942825,-0.0017852024175226688,-0.0019140243530273438
-0.00838611088693142,-0.0014971671625971794,-0.0035619735717773438
-0.008072515949606895,-0.0026051360182464123,-0.0009068846702575684
-0.008084380999207497,-0.0023173391819000244,-0.002768576145172119
-0.00957890972495079,-0.0022697760723531246,-0.0026007890701293945
-0.008791027590632439,-0.001978995744138956,-0.00028133392333984375
-0.007696649059653282,-0.0024303197860717773,-0.0020669102668762207
-0.00806303508579731,-0.0023189419880509377,-0.0009075403213500977
-0.009034289047122002,-0.002774621360003948,-0.000816047191619873
-0.00740780308842659,-0.0027545695193111897,-0.0024338960647583008
-0.008538490161299706,-0.0029536900110542774,-0.0013352632522583008
-0.008829304948449135,-0.002805102150887251,-0.0010605454444885254
-0.008960399776697159,-0.0018153307028114796,-0.0023270845413208008
-0.007887177169322968,-0.002415756229311228,-0.0017778873443603516
-0.008678590878844261,-0.002641406375914812,0.0002357959747314453
-0.007628479972481728,-0.0021947729401290417,-0.0020074844360351562
-0.008084015920758247,-0.0023703547194600105,-0.0011380910873413086
-0.008671781048178673,-0.0028550378046929836,-0.0009398460388183594
-0.0075498223304748535,-0.002809463534504175,-0.0006501674652099609
-0.008008094504475594,-0.0025951750576496124,-0.001489400863647461
-0.008831990882754326,-0.0023908880539238453,-0.0011233091354370117
-0.007704125717282295,-0.0024360124953091145,-0.0020388364791870117
-0.0076103415340185165,-0.0020434181205928326,-0.003107011318206787
-0.007553428411483765,-0.0021541346795856953,-0.0002841353416442871
-0.006939347833395004,-0.0023711714893579483,-0.0025429129600524902
-0.008212143555283546,-0.002219188492745161,-8.64267349243164e-05
-0.007342478260397911,-0.0020705852657556534,-0.0005598068237304688
-0.008055081591010094,-0.003394892904907465,-0.0017348527908325195
-0.00913063995540142,-0.0042328182607889175,-0.0021932125091552734
-0.009778397157788277,-0.0039397901855409145,-0.0009269118309020996
-0.007905278354883194,-0.0020745540969073772,-0.0028040409088134766
-0.008445652201771736,-0.0022477065213024616,-0.00048530101776123047
-0.007947957143187523,-0.0013387161307036877,-0.001736760139465332
-0.00809217244386673,-0.002347275149077177,-0.0011723041534423828
-0.008571524173021317,-0.003416578285396099,-0.001203000545501709
-0.009465379640460014,-0.0029282458126544952,-0.0010047554969787598
-0.008866718038916588,-0.0033322484232485294,-0.0017524957656860352
-0.009135862812399864,-0.003435875754803419,-0.0008827447891235352
-0.00878937914967537,-0.0023210784420371056,-0.0015238523483276367
-0.007739510387182236,-0.0020781359635293484,-0.0022870302200317383
-0.007547363638877869,-0.0024937987327575684,-0.0016160011291503906
-0.008522551506757736,-0.0015209601260721684,-0.0012042522430419922
-0.007525300607085228,-0.002496070694178343,-0.001555323600769043
-0.009068792685866356,-0.002882341854274273,-0.0017538070678710938
-0.009050516411662102,-0.0021880646236240864,-0.0010367631912231445
-0.0085603017359972,-0.002015776000916958,-0.0003197193145751953
-0.008877718821167946,-0.0025029690004885197,-0.0005944967269897461
-0.008018912747502327,-0.002157743088901043,-0.0013420581817626953
-0.007273336872458458,-0.002132012974470854,-0.0025017261505126953
-0.008052868768572807,-0.0026761754415929317,-0.0012813806533813477
-0.007314538583159447,-0.0020069004967808723,-0.0012816190719604492
-0.007572568953037262,-0.0026768133975565434,-0.002151191234588623
-0.008687462657690048,-0.0023802826181054115,-0.0018155574798583984
-0.008994631469249725,-0.0032445727847516537,-0.0008087158203125
-0.008354557678103447,-0.003508108202368021,-0.0024113059043884277
-0.008485490456223488,-0.0022924495860934258,-0.0015416145324707031
-0.008791310712695122,-0.0025225160643458366,-0.002029895782470703
-0.007382756099104881,-0.0032191025093197823,-0.001480698585510254
-0.00730934739112854,-0.0019664629362523556,-0.0006723403930664062
-0.007915977388620377,-0.0015073674730956554,-0.0014660358428955078
-0.006876297295093536,-0.001772298477590084,-0.0017257332801818848
-0.006926020607352257,-0.0025174580514431,-0.0016191601753234863
-0.007746763527393341,-0.0028158635832369328,-0.0012684464454650879
-0.009282603859901428,-0.0024946643970906734,-0.002580881118774414
-0.008320121094584465,-0.002665712498128414,-0.0015131235122680664
-0.007872302085161209,-0.002729089930653572,-0.0013610124588012695
-0.007356399670243263,-0.0020406460389494896,-0.001010298728942871
-0.00658072903752327,-0.001571408472955227,-0.0036046504974365234
-0.0034262798726558685,-0.005912172608077526,-0.018147706985473633
-0.006993748247623444,-0.005007756873965263,0.03150475025177002
-0.011215904727578163,0.0013937298208475113,0.0020401477813720703
-0.005277212709188461,0.0007146308198571205,-0.030614256858825684
-0.008633475750684738,0.000620989128947258,0.01267462968826294
-0.014369774609804153,-0.003582482226192951,0.008188843727111816
-0.006167486310005188,-0.005299204960465431,-0.015904664993286133
-0.004831226542592049,-0.001585706602782011,-0.0030878782272338867
-0.010969271883368492,0.00010990165174007416,0.0064334869384765625
-0.007584588602185249,-0.0006239451467990875,-0.007162511348724365
-0.0060658641159534454,-0.004305720794945955,0.0014432668685913086
-0.0080594252794981,-0.0016063828952610493,-0.005942046642303467
-0.005013681948184967,-0.002615543082356453,0.001793980598449707
-0.006141833961009979,-0.00568342162296176,-0.0028603672981262207
-0.008987626060843468,-0.0013795699924230576,0.0005574226379394531
-0.007433172315359116,5.859788507223129e-05,-0.0031660795211791992
-0.010712569579482079,-0.0021685194224119186,0.0005261898040771484
-0.00952409952878952,-0.0027727363631129265,-0.0004959702491760254
-0.0068901777267456055,-0.0018689981661736965,-0.004432559013366699
-0.00796038843691349,-0.004336985759437084,-0.00330352783203125
-0.0068129077553749084,-0.003208111971616745,0.00220489501953125
-0.005425749346613884,-0.0017121220007538795,-0.005150258541107178
-0.007657995447516441,-0.0013626953586935997,-0.0012748241424560547
-0.006309963762760162,-0.0019073067232966423,0.0010596513748168945
-0.007496889680624008,-0.002319086343050003,-0.0056084394454956055
-0.008756132796406746,-0.002715808805078268,-0.0009244680404663086
-0.008746778592467308,-0.002103945706039667,0.0019898414611816406
-0.00921696424484253,-0.0017866436392068863,-0.004907488822937012
-0.009169643744826317,-0.0028380481526255608,-0.00046706199645996094
-0.0060912128537893295,-0.0018335734494030476,-3.987550735473633e-05
-0.006347600370645523,-0.0026309583336114883,-0.0050144195556640625
-0.007047969847917557,-0.003509922418743372,0.00041735172271728516
-0.006049575284123421,-0.0024663652293384075,-1.0013580322265625e-05
-0.00710110180079937,-0.0023976024240255356,-0.005167603492736816
-0.008708503097295761,-0.0025259549729526043,-4.0471553802490234e-05
-0.008396442979574203,-0.0022530481219291687,-0.0018868446350097656
-0.00876287929713726,-0.0018264735117554665,-0.003076791763305664
-0.009283263236284256,-0.0017636646516621113,3.600120544433594e-05
-0.007828077301383018,-0.0013432200066745281,-0.0010017156600952148
-0.008065963163971901,-0.0020411298610270023,-0.0015513300895690918
-0.008558474481105804,-0.002735711634159088,-0.0007123947143554688
-0.0065659284591674805,-0.0030434895306825638,-0.0019942522048950195
-0.0064833685755729675,-0.002921009436249733,-0.0013381242752075195
-0.0077613722532987595,-0.003165530040860176,-0.000636756420135498
-0.006517574191093445,-0.00320343766361475,-0.0011252164840698242
-0.007950149476528168,-0.002505508717149496,-0.0015067458152770996
-0.007847772911190987,-0.001368178054690361,-0.0022389888763427734
-0.007812079042196274,-0.001383208204060793,-0.0021933317184448242
-0.008436942473053932,-0.002468856517225504,-0.0023916959762573242
-0.008798686787486076,-0.0022097588516771793,-0.000530242919921875
-0.0077673811465501785,-0.0018273070454597473,-0.0013849139213562012
-0.006965314969420433,-0.0015537654981017113,-0.0016292333602905273
-0.00645190104842186,-0.001950414851307869,-0.0010186433792114258
-0.00628373958170414,-0.002429962158203125,-0.0009270906448364258
-0.006295459344983101,-0.0033897561952471733,-0.002819240093231201
-0.006464146077632904,-0.002162344753742218,-0.0009427070617675781
-0.006731681525707245,-0.00151461036875844,-0.001568436622619629
-0.00896635465323925,-0.0011912868358194828,-0.0014923810958862305
-0.009631332010030746,-0.0019957884214818478,-0.0014162063598632812
-0.00852111354470253,-0.002842117566615343,-0.0013554096221923828
-0.008716817945241928,-0.0031809089705348015,-0.0018135309219360352
-0.007713645696640015,-0.0027375658974051476,-0.0012033581733703613
-0.006232840940356255,-0.002572254277765751,-0.0014322996139526367
-0.006097722798585892,-0.002353479154407978,-0.0017375946044921875
-0.005923481658101082,-0.0030118231661617756,-0.0018445253372192383
-0.007343027740716934,-0.002037839498370886,-0.0014783143997192383
-0.008303716778755188,-0.0030742064118385315,-0.001234292984008789
-0.007570205256342888,-0.0018013222143054008,-0.0006853342056274414
-0.008132781833410263,-0.0018138852901756763,-0.0019674301147460938
-0.008865561336278915,-0.0022615022026002407,-0.001220107078552246
-0.008153010159730911,-0.0012496835552155972,-0.0018154382705688477
-0.00737493671476841,-0.0014203358441591263,-0.00164794921875
-0.007225288078188896,-0.0021650297567248344,-0.002227783203125
-0.0070144496858119965,-0.0024371021427214146,-0.0012511014938354492
-0.00597035139799118,-0.0018370267935097218,-0.0003663301467895508
-0.006263697519898415,-0.0023689880035817623,-0.0021671056747436523
-0.007092239335179329,-0.0025604721158742905,-0.0022737979888916016
-0.007626242935657501,-0.0019730939529836178,-0.0017091035842895508
-0.008206268772482872,-0.0019679064862430096,-0.0014191865921020508
-0.008397867903113365,-0.002149352338165045,-0.0025635361671447754
-0.008277485147118568,-0.0023976494558155537,-0.0010224580764770508
-0.008364973589777946,-0.0018841135315597057,-0.0017094612121582031
-0.007972827181220055,-0.0012940452434122562,-0.00164872407913208
-0.007156703621149063,-0.00213142903521657,-0.002945542335510254
-0.007075410336256027,-0.0021201521158218384,-0.0015265941619873047
-0.006853243336081505,-0.0025888285599648952,-0.0018929839134216309
-0.007067732512950897,-0.0020050755701959133,-0.0015419721603393555
-0.007890287786722183,-0.0018929368816316128,-0.0008705854415893555
-0.008016839623451233,-0.002290892880409956,-0.002885103225708008
-0.008364122360944748,-0.002530162688344717,-0.0015271902084350586
-0.008270956575870514,-0.0014947210438549519,-0.0003370046615600586
-0.00755675882101059,-0.0020640711300075054,-0.0015121698379516602
-0.0077751073986291885,-0.0018393313512206078,-0.0017717480659484863
-0.007329847663640976,-0.0014193858951330185,-0.0011919736862182617
-0.007687704637646675,-0.002815752290189266,-0.001176595687866211
-0.006227487698197365,-0.0029848841950297356,-0.0009628534317016602
-0.007113972678780556,-0.002405830193310976,-0.0016342401504516602
-0.007069682702422142,-0.002583722583949566,-0.0011917352676391602
-0.007374843582510948,-0.0011384403333067894,-0.0016497373580932617
-0.006929485127329826,-0.002390833105891943,-0.002641916275024414
-0.0072924550622701645,-0.002039138227701187,-0.0005823373794555664
-0.007694326341152191,-0.0014095855876803398,-0.000887751579284668
-0.008065974339842796,-0.0023355036973953247,-0.0020781755447387695
-0.007137823849916458,-0.0021293731406331062,-0.0030394792556762695
-0.00686865858733654,-0.0027949227951467037,-0.0007051229476928711
-0.0072154756635427475,-0.0024729929864406586,-0.001727461814880371
-0.004934053868055344,-0.0014714798890054226,-0.0010257363319396973
-0.005822209641337395,-0.0020762616768479347,-0.0014380216598510742
-0.007292317226529121,-0.002305973321199417,-0.0005074143409729004
-0.0072007011622190475,-0.001825117040425539,-0.0018658638000488281
-0.007659194990992546,-0.002241942100226879,-0.0011794567108154297
-0.008690394461154938,-0.0015541743487119675,-0.0016834139823913574
-0.008193101733922958,-0.002651320770382881,-0.002309143543243408
-0.007292907685041428,-0.0025134445168077946,-0.002370178699493408
-0.007164515554904938,-0.002430287655442953,-0.0006305575370788574
-0.006263498216867447,-0.0015950114466249943,-0.000828862190246582
-0.006958166137337685,-0.002039750572293997,-0.0004780292510986328
-0.007071811705827713,-0.0022430499084293842,-0.001347959041595459
-0.0070798080414533615,-0.0022346563637256622,-0.0009512901306152344
-0.006265213713049889,-0.002502264454960823,-0.0013023614883422852
-0.007381182163953781,-0.002822713926434517,-0.0015925168991088867
-0.007550543174147606,-0.0020949561148881912,-0.0014399290084838867
-0.007939048111438751,-0.0019553061574697495,-0.0009670257568359375
-0.007446372881531715,-0.0018626428209245205,-0.0012723207473754883
-0.0071240998804569244,-0.002536950632929802,-0.0008298158645629883
-0.007138067856431007,-0.002546232659369707,-0.00020432472229003906
-0.006894413381814957,-0.002462428528815508,-0.002126932144165039
-0.006957650184631348,-0.0021326392889022827,-0.0007536411285400391
-0.00790698267519474,-0.002763044089078903,-0.0022035837173461914
-0.007277710363268852,-0.002937838900834322,-0.0012880563735961914
-0.007508264854550362,-0.0027320696972310543,-0.0010746121406555176
-0.0073880404233932495,-0.0017377599142491817,-0.001669764518737793
-0.006832612678408623,-0.0014390363357961178,-0.0014255046844482422
-0.007813241332769394,-0.0013843877241015434,-0.0020052194595336914
-0.00807284563779831,-0.001161731779575348,-0.0012884140014648438
-0.007269090041518211,-0.002179670613259077,-0.001959860324859619
-0.0072850920259952545,-0.002464920748025179,-0.0015172958374023438
-0.006576482206583023,-0.002477023284882307,-0.0014106035232543945
-0.006957778707146645,-0.002834482118487358,-0.0012123584747314453
-0.0069396477192640305,-0.0027029733173549175,-0.0004495382308959961
-0.007379135116934776,-0.0017063724808394909,-0.0013193488121032715
-0.007226146757602692,-0.000951611902564764,-0.002036452293395996
-0.007404698058962822,-0.001991881523281336,-0.0013957023620605469
-0.0076339878141880035,-0.002863297238945961,-0.0020821690559387207
-0.007054880261421204,-0.0026152380742132664,-0.002158522605895996
-0.006547488272190094,-0.0026658992283046246,-0.002692699432373047
-0.007593456655740738,-0.002195598091930151,-0.0020368099212646484
-0.007349736988544464,-0.0007519428618252277,-0.0020524263381958008
-0.006602661684155464,-0.0021687853150069714,-0.0012589693069458008
-0.00600387342274189,-0.0029503018595278263,-0.0013508796691894531
-0.00718500092625618,-0.0023766472004354,-0.0020831823348999023
-0.007259730249643326,-0.0022028712555766106,-0.002449512481689453
-0.00761825405061245,-0.0027402318082749844,-0.001106858253479004
-0.007414074614644051,-0.001971018500626087,-0.00219041109085083
-0.006677089259028435,-0.001713454257696867,-0.0013664960861206055
-0.007944639772176743,-0.0012394841760396957,-0.002434968948364258
-0.006393885239958763,-0.0016503781080245972,-0.0015195608139038086
-0.007032359018921852,-0.0025031291879713535,-0.0015044212341308594
-0.006809001788496971,-0.0018854225054383278,-0.0013822317123413086
-0.006610354408621788,-0.001783147919923067,-0.0027097463607788086
-0.005560113117098808,-0.00031759077683091164,-0.01154470443725586
-0.005896948277950287,-0.0026556099765002728,-5.519390106201172e-05
-0.010572018101811409,-0.0032528885640203953,0.01955258846282959
-0.0102335624396801,-0.002730940468609333,-0.012674093246459961
-0.005839793011546135,-0.0019443435594439507,-0.006692647933959961
-0.005170799791812897,-0.00036452896893024445,-0.0003908872604370117
-0.0049173831939697266,-0.002215313259512186,0.004965066909790039
-0.0021524447947740555,-0.0017916611395776272,-0.009958028793334961
-0.004481460899114609,-0.0018111090175807476,0.0019589662551879883
-0.00799497589468956,-0.0019306526519358158,-0.0030458569526672363
-0.00788978859782219,-0.004432403948158026,0.003057718276977539
-0.00900210440158844,-0.0034242975525557995,-0.004282236099243164
-0.007808880880475044,-0.0012688073329627514,-0.00022345781326293945
-0.0065350402146577835,-0.0009914804250001907,-0.002100348472595215
-0.007159516215324402,-0.001779329963028431,0.0006615519523620605
-0.006067374721169472,-0.0006971391849219799,-0.0016121864318847656
-0.006607649847865105,-0.0021767965517938137,-0.002390742301940918
-0.007704488933086395,-0.0036625592038035393,-0.001170039176940918
-0.007890988141298294,-0.003199657890945673,-0.001902461051940918
-0.007088422775268555,-0.00261872261762619,-0.0036269426345825195
-0.007165085524320602,-0.0032295375131070614,-0.0002702474594116211
-0.00686614029109478,-0.002211940474808216,-0.0014758110046386719
-0.006483143195509911,-0.0009180600754916668,-0.0038260221481323242
-0.006133591756224632,-0.00123119680210948,0.0004004240036010742
-0.0065943654626607895,-0.0019664382562041283,-0.002620995044708252
-0.007281605154275894,-0.002722859848290682,-0.0025447607040405273
-0.006618397310376167,-0.0031003011390566826,-0.0016751289367675781
-0.0075754523277282715,-0.001736259087920189,-0.0028499364852905273
-0.006657831370830536,-0.0030686967074871063,-0.0037350058555603027
-0.0067930687218904495,-0.0027361856773495674,7.963180541992188e-05
-0.005441997200250626,-0.001224734354764223,-0.0024683475494384766
-0.00582142174243927,-0.0010839272290468216,-0.0015985965728759766
-0.0060435570776462555,-0.0007465719245374203,-0.0010649561882019043
-0.005887884646654129,-0.0009657214395701885,-0.0016753673553466797
-0.006721368059515953,-0.001987575553357601,-0.001873612403869629
-0.007860429584980011,-0.002823443152010441,-0.000744938850402832
-0.007393751293420792,-0.002153705805540085,-0.002118706703186035
-0.006988154724240303,-0.0026102098636329174,-0.0003947019577026367
-0.006185917183756828,-0.001451181247830391,-0.0017528533935546875
-0.00589318573474884,-0.0017957049421966076,-0.0014476776123046875
-0.005184022709727287,-0.0023434958420693874,-0.0014781951904296875
-0.006223922595381737,-0.0028919591568410397,-0.0007457733154296875
-0.006740741431713104,-0.0013635172508656979,-0.0013407468795776367
-0.008060352876782417,-0.0014216904528439045,-0.0014630556106567383
-0.008542187511920929,-0.0019959057681262493,-0.001569986343383789
-0.007172646000981331,-0.0021520773880183697,-0.0030504465103149414
-0.0071818213909864426,-0.0025234390050172806,-0.0020433664321899414
-0.007096549496054649,-0.002589960116893053,-0.001234889030456543
-0.006869764998555183,-0.0019790073856711388,-0.00141829252243042
-0.006767898797988892,-0.0014318972826004028,-0.001876235008239746
-0.006531856954097748,-0.0023327935487031937,-0.0003656744956970215
-0.006449218839406967,-0.0010621673427522182,-0.0012816190719604492
-0.00503915548324585,-0.002192620187997818,-0.0020751953125
-0.004960810765624046,-0.0024341214448213577,-0.0019687414169311523
-0.004753505811095238,-0.0019809273071587086,-0.002960681915283203
-0.006757941097021103,-0.0022633252665400505,-0.0028696060180664062
-0.007983680814504623,-0.0024818433448672295,-0.0016948580741882324
-0.008716600015759468,-0.0022232402116060257,-0.0014659762382507324
-0.009331626817584038,-0.0025267223827540874,-0.002976536750793457
-0.007720647379755974,-0.0025319247506558895,-0.002152740955352783
-0.006427876651287079,-0.001328364945948124,-0.0014810562133789062
-0.005473148077726364,-0.0011936910450458527,-0.001556992530822754
-0.005191398784518242,-0.002308077644556761,-0.00155717134475708
-0.004987092688679695,-0.0027478327974677086,-0.003587007522583008
-0.006162310019135475,-0.002968686632812023,0.00036466121673583984
-0.006437163800001144,-0.003686206880956888,-0.001604318618774414
-0.007254600524902344,-0.0033770035952329636,-0.001971006393432617
-0.006842436268925667,-0.001968046650290489,-0.002596735954284668
-0.006798043847084045,-0.001654555555433035,-0.0012694001197814941
-0.007155133411288261,-0.0006309584714472294,-0.0017731189727783203
-0.0061634499579668045,-0.0009681251831352711,-0.0011475086212158203
-0.006492214277386665,-0.0015490148216485977,-0.002383291721343994
-0.006038390100002289,-0.001829714048653841,-0.0016052722930908203
-0.0057020243257284164,-0.0021083010360598564,-0.0005524158477783203
-0.005359558388590813,-0.002322941552847624,-0.001086592674255371
-0.005927747115492821,-0.001920605544000864,-0.001757979393005371
-0.0060012806206941605,-0.0024613691493868828,-0.001254439353942871
-0.006793664768338203,-0.0028447038494050503,-0.0005983114242553711
-0.007175581529736519,-0.0015823342837393284,-0.002765178680419922
-0.007197439670562744,-0.0016253753565251827,-0.0014072656631469727
-0.00837026908993721,-0.0019400175660848618,-0.0022621750831604004
-0.006817948073148727,-0.0021651042625308037,-0.003055751323699951
-0.006290340796113014,-0.0023580575361847878,-0.0018962621688842773
-0.006100442260503769,-0.0032425220124423504,-0.0010111331939697266
-0.005008775740861893,-0.0033069737255573273,-0.0006450414657592773
-0.005165237933397293,-0.0023721028119325638,-0.001118302345275879
-0.006263786926865578,-0.0022854413837194443,-0.0015611648559570312
-0.006963672116398811,-0.0019919131882488728,-0.000920414924621582
-0.007635388523340225,-0.0022041313350200653,-0.001088261604309082
-0.00884757936000824,-0.0016902820207178593,-0.0003865361213684082
-0.008834898471832275,-0.0007461681962013245,-0.002309560775756836
-0.008464731276035309,-0.0009193518199026585,-0.0016687512397766113
-0.007165638729929924,-0.002288906369358301,-0.0016689300537109375
-0.005684664472937584,-0.001517674420028925,-0.0015163421630859375
-0.0043378304690122604,-0.001396159641444683,-0.0016232728958129883
-0.003906339406967163,-0.0017998847179114819,-0.0012419819831848145
-0.004581589251756668,-0.002367960289120674,-0.001562356948852539
-0.0052639190107584,-0.002745994832366705,-0.0018066167831420898
-0.007629673928022385,-0.002840492408722639,-0.0009066462516784668
-0.00739113986492157,-0.001657548826187849,-0.0011357665061950684
-0.007823007181286812,-0.0026487386785447598,-0.0022040605545043945
-0.008785001933574677,-0.0027841217815876007,-0.0012736320495605469
-0.007723769173026085,-0.002404251601547003,-0.0012127161026000977
-0.007076142355799675,-0.002332883421331644,-0.0009534955024719238
-0.006131963804364204,-0.001697795931249857,-0.0020521879196166992
-0.005486341193318367,-0.0009503774344921112,-0.0011062026023864746
-0.0038276351988315582,-0.003310560714453459,-0.0015947818756103516
-0.004651959985494614,-0.0033868812024593353,-0.001473069190979004
-0.008142447099089622,-0.004012761637568474,-0.0004507899284362793
-0.008877001702785492,-0.0013699163682758808,-0.002983570098876953
-0.007521012797951698,-0.0004459354095160961,-0.0032891035079956055
-0.007673339918255806,-0.0010249121114611626,0.0007085800170898438
-0.0072779301553964615,-0.0021215775050222874,-0.0019007325172424316
-0.006470644846558571,-0.0028633149340748787,-0.0014736652374267578
-0.007100064307451248,-0.0027940208092331886,-0.0013210773468017578
-0.0056936852633953094,-0.0018653660081326962,-0.0009091496467590332
-0.002889098599553108,-0.00047959014773368835,-0.0017485618591308594
-0.0027953721582889557,0.0009326441213488579,-0.0006502866744995117
-0.002959158271551132,-7.594143971800804e-05,-0.0028475522994995117
-0.0038016773760318756,-0.0014687352813780308,-0.0020848512649536133
-0.006620852276682854,-0.0018245521932840347,-0.001429140567779541
-0.007054651156067848,1.9231345504522324e-05,-0.0020546317100524902
-0.009383635595440865,-0.0027607157826423645,-0.003229498863220215
-0.00880548357963562,-0.0027405801229178905,-0.001138925552368164
-0.007053550332784653,-0.002483667340129614,-0.0005440711975097656
-0.003682853654026985,-0.00013373931869864464,-0.0014290809631347656
-0.001112915575504303,-0.00010263733565807343,-0.002313852310180664
-0.0031257327646017075,-0.002229152712970972,-0.002649545669555664
-0.0064203254878520966,-0.0043970318511128426,-0.0063727498054504395
-0.012176819145679474,-0.006776171736419201,-0.0013834834098815918
-0.01649882271885872,-0.004935111850500107,0.0011339187622070312
-0.015181902796030045,-0.0026227859780192375,0.0003254413604736328
-0.007647614926099777,-0.0003801039420068264,-0.004145622253417969
-0.0020345188677310944,0.002193246502429247,0.0011336803436279297
0.0014385562390089035,0.002288657706230879,-0.0016280412673950195
0.001972835510969162,-0.0004663378931581974,-0.0019637346267700195
-0.003692883998155594,-0.0036236406303942204,-0.003123641014099121
-0.009200328961014748,-0.005518790800124407,-0.0008656978607177734
-0.012140559032559395,-0.00483835581690073,-0.002102196216583252
-0.011783398687839508,-0.0020182901062071323,-0.002407848834991455
-0.007751474156975746,0.0012329607270658016,-0.0007295608520507812
-0.0045961979776620865,0.0019079241901636124,-0.0018284320831298828
-0.001195266842842102,0.0031270980834960938,-0.002255558967590332
0.0016236118972301483,0.0025259670801460743,-0.001858830451965332
-0.0010788347572088242,-0.0011357557959854603,-0.000622868537902832
-0.005692346021533012,-0.0056236982345581055,-0.0029267072677612305
-0.007520446553826332,-0.006289880722761154,-0.0019199848175048828
-0.007934199646115303,-0.004681439138948917,-0.0011572837829589844
-0.007971514016389847,-0.0018045371398329735,-0.0023931264877319336
-0.005095886066555977,-0.0001283464953303337,-0.002133607864379883
-0.005101840943098068,-0.0006769336760044098,-0.0006837844848632812
-0.006312277168035507,-0.001375208143144846,0.0004457235336303711
-0.009279927238821983,-0.0013446430675685406,-0.0012784004211425781
-0.01102280430495739,-0.0019171899184584618,-0.0010192394256591797
-0.011020706966519356,-0.002670181915163994,-0.002041935920715332
-0.008655581623315811,-0.004374811425805092,-0.0015996694564819336
-0.005910884588956833,-0.005140476394444704,-0.002790093421936035
-0.00259968638420105,-0.0039029857143759727,-0.0006080865859985352
-0.0022217538207769394,-0.0022729840129613876,-0.0006236433982849121
-0.002664344385266304,-0.0007254490628838539,-0.0016766786575317383
-0.004804061725735664,-0.00014607282355427742,-0.0011577606201171875
-0.006271706894040108,-0.0008112015202641487,-1.3589859008789062e-05
-0.00796208344399929,-0.0021957498975098133,-0.0023023486137390137
-0.00803958810865879,-0.001847829669713974,-0.0020738840103149414
-0.007021782919764519,-0.0017684735357761383,1.7881393432617188e-06
-0.00585586205124855,-0.002358699683099985,-0.0015239715576171875
-0.004693120718002319,-0.0015323832631111145,-0.0023021697998046875
-0.003497812896966934,-0.0014755930751562119,-0.0022107362747192383
-0.0028942227363586426,-0.0007245293818414211,-0.001402139663696289
-0.0024898629635572433,0.0004906724207103252,-0.0009598731994628906
-0.00542670302093029,-0.001650526188313961,-0.0007619857788085938
-0.007138771936297417,-0.0030673490837216377,-0.000975489616394043
-0.00884421356022358,-0.003465610556304455,-0.00028890371322631836
-0.008362546563148499,-0.0015739803202450275,-0.0018759965896606445
-0.0054804012179374695,-0.0005578771233558655,-0.0032187700271606445
-0.005826894193887711,-0.0014116470701992512,-0.0009300708770751953
-0.004575416445732117,-0.0020216377452015877,-2.9802322387695312e-05
-0.003428477793931961,-0.0016163685359060764,-0.002440810203552246
-0.005224842578172684,-0.0018009673804044724,-0.0017843246459960938
-0.007664795964956284,-0.0015889322385191917,-0.0010061264038085938
-0.008002372458577156,-0.0016696578823029995,-0.004057884216308594
-0.00753280334174633,-0.0011306079104542732,-0.0023183822631835938
-0.006931368261575699,-0.0012521417811512947,-0.0016775727272033691
-0.004719512537121773,-0.00047347601503133774,-0.0014941692352294922
-0.00576474703848362,-0.0012683230452239513,0.0005356669425964355
-0.00869709812104702,-0.002661515958607197,-0.001386880874633789
-0.007151219993829727,-0.002224637195467949,-0.003721177577972412
-0.0053850021213293076,-0.0018233153969049454,-0.0007762312889099121
-0.0029532331973314285,-0.0004268060438334942,-0.0018139481544494629
-0.003738274797797203,-0.0026720170862972736,-0.002851724624633789
-0.006559580564498901,-0.003929158207029104,-0.0004105567932128906
-0.00912264734506607,-0.004004757851362228,-0.001540064811706543
-0.008362356573343277,-0.0019481847994029522,-0.0029746294021606445
-0.007775953039526939,-0.0006322530098259449,-0.0005637407302856445
-0.0070676300674676895,-0.0020550191402435303,0.0007639527320861816
-0.00848977081477642,-0.002318022772669792,-0.0007007122039794922
-0.009620130062103271,-0.002020630519837141,-0.00388944149017334
-0.010115530341863632,-0.001802702434360981,-0.003080308437347412
-0.007653249427676201,-0.002436821348965168,-0.0030652284622192383
-0.003918066620826721,-0.0034980704076588154,-0.00196683406829834
-0.0024559367448091507,-0.002425762824714184,-0.0008379817008972168
-0.0013725757598876953,-0.000831367913633585,-0.0016314387321472168
-0.0028957054018974304,0.0003359410911798477,-0.0013873577117919922
-0.004589550197124481,-0.00020451517775654793,-0.0014182329177856445
-0.006506992504000664,-0.001603773795068264,-0.002318859100341797
-0.007449556142091751,-0.002771998755633831,-0.0018917322158813477
-0.008534595370292664,-0.0022283578291535378,-0.002227783203125
-0.00725398026406765,-0.0001369793899357319,-0.0028536319732666016
-0.00577487051486969,0.0003667930141091347,-0.0008244514465332031
-0.00484362430870533,-0.0002622739411890507,-0.002060413360595703
-0.0036706551909446716,-0.0017422595992684364,-0.001770615577697754
-0.004151163622736931,-0.005966788623481989,-0.0024573802947998047
-0.00406423956155777,-0.0005132947117090225,-0.0005041956901550293
-0.006013279780745506,-0.0005759615451097488,-0.004089832305908203
-0.0077675506472587585,-0.0020377980545163155,-0.00022941827774047852
-0.008582066744565964,-0.0034901355393230915,0.0004112720489501953
-0.00755389966070652,-0.0036790072917938232,-0.0007939934730529785
-0.007387109100818634,-0.002146264538168907,-0.0023807883262634277
-0.008465085178613663,0.00024409545585513115,-0.000564873218536377
-0.007347920909523964,-0.000670908484607935,-0.0007634162902832031
-0.005581457167863846,-0.0029343971982598305,-0.002853870391845703
-0.004494160413742065,-0.002188625745475292,-0.001389145851135254
-0.004206124693155289,-0.0024734782055020332,-0.0003974437713623047
-0.0038719959557056427,-0.0019825631752610207,-0.0014960765838623047
-0.00487164780497551,-0.0012594014406204224,-0.0024423599243164062
0.016147321090102196,-0.009984984993934631,-0.0074155330657958984
0.2839568257331848,-0.08923365920782089,-0.011123061180114746
0.2866860330104828,-0.16409102082252502,0.0205838680267334
-0.10330516844987869,0.25136837363243103,-0.006820857524871826
-0.1176045835018158,0.44164127111434937,-0.0038448572158813477
-0.014388227835297585,0.468855082988739,-0.00022792816162109375
0.006014019250869751,0.5202735662460327,0.0017109513282775879
0.09720876067876816,0.4973571300506592,-0.006191730499267578
0.16446176171302795,0.4021519124507904,0.0036658048629760742
0.20842136442661285,0.2495749592781067,-0.0012649297714233398
0.07993240654468536,0.10166462510824203,0.0024890899658203125
0.053749606013298035,0.39419859647750854,-0.003385305404663086
0.12326508015394211,0.42701587080955505,1.7762184143066406e-05
0.1367601752281189,0.4064643681049347,-0.001370549201965332
0.08551095426082611,0.3330715298652649,-0.0012006759643554688
0.012188686057925224,0.24712878465652466,0.0009071826934814453
-0.021715249866247177,0.24687249958515167,-0.005941867828369141
-0.02803344652056694,0.2605088949203491,-0.0019873380661010742
-0.043450623750686646,0.1631457507610321,-0.0005057454109191895
-0.023373471572995186,0.10160408914089203,-0.0038930177688598633
-0.006472701206803322,0.06956179440021515,-0.00400090217590332
0.017669422551989555,0.034891776740550995,0.0012934207916259766
-0.020422477275133133,-0.036609865725040436,-0.006765842437744141
-0.07353626936674118,-0.07545381039381027,0.003241300582885742
-0.06177469342947006,-0.1307944357395172,0.0020185112953186035
-0.02243177779018879,-0.13987213373184204,-0.010221242904663086
-0.050165943801403046,-0.14037561416625977,0.0013127326965332031
-0.03577934950590134,-0.18846584856510162,-0.0029317736625671387
-0.017368104308843613,-0.22090166807174683,-0.002659320831298828
-0.03236605226993561,-0.25039348006248474,-0.0026928186416625977
-0.14917238056659698,-0.3370678424835205,0.01402425765991211
-0.298440158367157,-0.3783518970012665,0.07213985919952393
-0.7834768891334534,-0.4750250279903412,0.07166868448257446
-0.6483518481254578,-0.5558563470840454,-0.04308050870895386
-0.2645922601222992,-0.2877645492553711,0.018611550331115723
0.07516777515411377,-0.20635578036308289,0.24283969402313232
0.25204920768737793,-0.2940329909324646,0.15088492631912231
0.005359478294849396,-0.12870298326015472,-0.038749516010284424
-0.15124037861824036,-0.10757488012313843,-0.16775822639465332
-0.1553821861743927,-0.18444016575813293,-0.17527616024017334
-0.009051278233528137,-0.14818227291107178,-0.004144430160522461
0.10408416390419006,-0.15915951132774353,0.2519550323486328
0.09061278402805328,-0.16586175560951233,0.32768797874450684
0.07885131239891052,-0.11056782305240631,0.3573615550994873
0.10197056829929352,-0.1436697542667389,0.5410562753677368
0.0974445641040802,-0.1853242665529251,0.6149899363517761
0.10340745747089386,-0.13375160098075867,0.5930325984954834
0.07168686389923096,-0.027298755943775177,0.5870417356491089
0.06035467982292175,0.03324928879737854,0.5679373741149902
0.19144397974014282,0.02020058035850525,0.45120203495025635
0.11235025525093079,0.050642773509025574,0.36954641342163086
-0.02261275053024292,0.09988130629062653,0.30014288425445557
-0.008091956377029419,0.07722282409667969,0.2389560341835022
0.18029171228408813,-0.01062747836112976,0.28219181299209595
0.19025853276252747,0.0025859475135803223,0.2323780059814453
0.10751041769981384,0.044142305850982666,0.1459650993347168
0.06442680954933167,0.043668508529663086,0.08480328321456909
0.047948598861694336,0.043704330921173096,0.027042150497436523
0.050240397453308105,0.05888766050338745,0.009831428527832031
0.08252966403961182,0.05191093683242798,0.032219767570495605
0.09382838010787964,0.05442434549331665,0.06095343828201294
0.03800913691520691,0.06853073835372925,0.09038126468658447
-0.04571491479873657,0.09534555673599243,0.10776412487030029
-0.10861444473266602,0.12295675277709961,0.11345350742340088
-0.1497713029384613,0.15139853954315186,0.1268724799156189
-0.15440887212753296,0.20234590768814087,0.15145856142044067
-0.11168339848518372,0.2428281307220459,0.19835710525512695
-0.08085000514984131,0.23921740055084229,0.24885636568069458
-0.08840185403823853,0.2630961537361145,0.2566757798194885
-0.0984727144241333,0.29263395071029663,0.23934215307235718
-0.12195339798927307,0.3131580352783203,0.28146326541900635
-0.14435920119285583,0.3324509263038635,0.3119891881942749
-0.17172080278396606,0.3516319990158081,0.18784749507904053
-0.16690713167190552,0.38433152437210083,0.06954944133758545
-0.12136971950531006,0.4133368730545044,-0.016653776168823242
-0.08360955119132996,0.37686169147491455,-0.11691108345985413
0.0017268955707550049,0.24549823999404907,-0.3092123568058014
0.05685359239578247,0.16187554597854614,-0.46882200241088867
0.02053171396255493,0.15420693159103394,-0.48566335439682007
-0.001040622591972351,0.1366991400718689,-0.41003793478012085
-0.020720288157463074,0.12119662761688232,-0.3278144299983978
-0.04441100358963013,0.1333402395248413,-0.26569387316703796
-0.0498986691236496,0.19446194171905518,-0.2449330985546112
-0.04362960159778595,0.23067396879196167,-0.22398829460144043
-0.06264390051364899,0.2103891372680664,-0.14091923832893372
-0.15435926616191864,0.09464460611343384,-0.12077251076698303
-0.23322154581546783,-0.0329439640045166,-0.24967066943645477
-0.2041856050491333,0.3641718029975891,-0.1982804536819458
-0.2608500123023987,0.1804509162902832,-0.14735570549964905
-0.17958715558052063,0.12779611349105835,-0.005357235670089722
-0.08303951472043991,0.08023607730865479,0.09456060826778412
-0.03102443367242813,0.11489671468734741,0.17293956875801086
-0.0670214518904686,0.11943048238754272,0.18719278275966644
-0.087370865046978,0.13144630193710327,0.14848074316978455
-0.05812012404203415,0.13231432437896729,0.07525835931301117
-0.0011303052306175232,0.10152310132980347,-0.015506640076637268
0.1122269555926323,0.058353424072265625,-0.10198163986206055
0.19638898968696594,-0.0018732547760009766,-0.2004309892654419
0.13964007794857025,-0.008147716522216797,-0.25880059599876404
0.0018416568636894226,0.03525060415267944,-0.27847063541412354
-0.132460817694664,0.04644280672073364,-0.2642495632171631
-0.1722804605960846,-0.028906941413879395,-0.2719176709651947
-0.10651873052120209,-0.12747901678085327,-0.42621132731437683
-0.016161806881427765,-0.0062264204025268555,-0.5560811758041382
0.003650858998298645,-0.16075420379638672,-0.6307882070541382
0.015323624014854431,-0.10872292518615723,-0.5478388071060181
-0.015496432781219482,-0.06665283441543579,-0.39949917793273926
-0.03026294708251953,-0.04741942882537842,-0.3323621451854706
0.012055829167366028,-0.07463085651397705,-0.4931260347366333
0.038011401891708374,-0.05543714761734009,-0.5122313499450684
0.0363922119140625,-0.0020337700843811035,-0.38738664984703064
0.038347020745277405,0.002509593963623047,-0.24468472599983215
0.018252864480018616,0.02103215456008911,-0.13415923714637756
-0.0314595103263855,0.06103485822677612,-0.0655403733253479
-0.09433445334434509,0.09919571876525879,0.002433300018310547
-0.127035990357399,0.11752361059188843,0.07801556587219238
-0.09528207778930664,0.12457746267318726,0.12668725848197937
-0.035357341170310974,0.15898609161376953,0.08854430913925171
0.03288067877292633,0.21083682775497437,0.001994222402572632
0.05566444993019104,0.20998704433441162,-0.07958006858825684
0.055791452527046204,0.1986866593360901,-0.1645525097846985
0.029785186052322388,0.23802924156188965,-0.2289559245109558
-0.019439205527305603,0.2806001901626587,-0.17594939470291138
-0.033923134207725525,0.21673446893692017,-0.06130242347717285
0.01094849407672882,0.19203460216522217,-0.04730093479156494
0.16264671087265015,0.25902020931243896,-0.06862670183181763
0.22049576044082642,0.23156672716140747,-0.08943986892700195
0.1464890092611313,0.2627801299095154,-0.06930333375930786
0.022009938955307007,0.2646068334579468,0.016099393367767334
-0.07154795527458191,0.2517123222351074,0.06052088737487793
-0.11589706689119339,0.22390735149383545,0.05407041311264038
-0.1585950255393982,0.17475515604019165,0.05145686864852905
-0.1891205757856369,0.1322774887084961,0.01073676347732544
-0.199649378657341,0.11766093969345093,-0.05236971378326416
-0.2305232286453247,0.1082531213760376,-0.06509941816329956
-0.2803671061992645,0.10882067680358887,-0.015522122383117676
-0.2940884232521057,0.10898405313491821,0.04115867614746094
-0.2558526396751404,0.11308759450912476,0.07482326030731201
-0.2034008502960205,0.11038422584533691,0.0845022201538086
-0.14893560111522675,0.1054764986038208,0.08854556083679199
-0.13001221418380737,0.07608205080032349,0.08214342594146729
-0.13123391568660736,0.04336744546890259,0.059854745864868164
-0.14788007736206055,0.006384611129760742,0.04306834936141968
-0.15575659275054932,-0.025213539600372314,0.048737168312072754
-0.1381324827671051,-0.03862449526786804,0.07769489288330078
-0.1106494814157486,-0.04755747318267822,0.13296711444854736
-0.07857199013233185,-0.056756019592285156,0.2015150785446167
-0.040472473949193954,-0.061243414878845215,0.25704336166381836
0.004534744657576084,-0.06143882870674133,0.2855041027069092
0.0734420120716095,-0.06119146943092346,0.28485047817230225
0.11850956827402115,-0.053562045097351074,0.27469050884246826
0.10212577879428864,-0.043405622243881226,0.25702011585235596
0.061844684183597565,-0.02453160285949707,0.21584749221801758
0.02313123270869255,-0.011605829000473022,0.1513790488243103
-0.01331267785280943,-0.02154037356376648,0.07194507122039795
-0.031556908041238785,-0.04492291808128357,-0.013727188110351562
-0.03072381764650345,-0.058250248432159424,-0.07047462463378906
-0.02413083054125309,-0.06003639101982117,-0.08302533626556396
-0.00347930402494967,-0.06476756930351257,-0.08092772960662842
0.0437554195523262,-0.06694531440734863,-0.09476304054260254
0.10261137783527374,-0.06199610233306885,-0.11239099502563477
0.14172738790512085,-0.05110001564025879,-0.11463379859924316
0.1416182816028595,-0.037598609924316406,-0.07555311918258667
0.12762796878814697,-0.022448360919952393,-0.016050100326538086
0.10430949181318283,-0.007459178566932678,0.045578837394714355
0.069551981985569,-0.0034349262714385986,0.10607075691223145
0.04038449749350548,-0.006134942173957825,0.14281463623046875
0.04433465749025345,-0.005071520805358887,0.13610780239105225
0.048185475170612335,-0.007095038890838623,0.12006253004074097
0.042380981147289276,-0.007624313235282898,0.11521220207214355
0.03880539909005165,-0.0022483468055725098,0.12622714042663574
0.03947683423757553,0.002302616834640503,0.15542423725128174
0.026187777519226074,0.003634542226791382,0.18320703506469727
0.019666071981191635,0.0041159987449646,0.1881839632987976
0.0230589359998703,-0.001078382134437561,0.17206615209579468
0.023241110146045685,-0.01782919466495514,0.13908827304840088
0.0133773572742939,-0.026302650570869446,0.10126543045043945
-0.00905141606926918,-0.022897861897945404,0.06357681751251221
-0.028142664581537247,-0.025594882667064667,0.031822800636291504
-0.02185722440481186,-0.02785399556159973,0.015969157218933105
-0.01074378564953804,-0.024445556104183197,0.00714421272277832
-0.004517301917076111,-0.023689694702625275,-0.007518887519836426
-0.013699565082788467,-0.018919311463832855,-0.03351461887359619
-0.038589682430028915,-0.016322851181030273,-0.06404411792755127
-0.06791427731513977,-0.015288613736629486,-0.0901218056678772
-0.10694888979196548,-0.009633474051952362,-0.11188387870788574
-0.1363954097032547,-0.013061374425888062,-0.13094419240951538
-0.12988434731960297,-0.019414640963077545,-0.15019464492797852
-0.0651276484131813,-0.020127706229686737,-0.17711257934570312
0.014339162036776543,-0.013538561761379242,-0.18992608785629272
0.049207136034965515,-0.00509067066013813,-0.1636602282524109
0.05255591869354248,0.013368947431445122,-0.11094421148300171
0.03525809198617935,0.03843938186764717,-0.04754483699798584
0.023462781682610512,0.04694107174873352,0.012101292610168457
0.0067542921751737595,0.04146255925297737,0.052032291889190674
-0.02374224364757538,0.03599963337182999,0.07466524839401245
-0.04074784740805626,0.0325377956032753,0.08108878135681152
-0.044907085597515106,0.02062368020415306,0.08221495151519775
-0.13292771577835083,0.04088783636689186,0.6121798753738403
-0.052726663649082184,0.18026159703731537,0.9995514154434204
0.007546756416559219,0.16067111492156982,-0.07928347587585449
-0.034617502242326736,0.049301180988550186,0.0017765164375305176
-0.06762227416038513,0.02446797490119934,-0.028334498405456543
-0.025784019380807877,0.12042634189128876,-0.11706018447875977
-0.07449682056903839,-0.037472162395715714,-0.07965600490570068
-0.17144067585468292,-0.21730193495750427,0.1970299482345581
-0.12190576642751694,-0.06962382048368454,0.10233795642852783
-0.062385138124227524,-0.023829517886042595,-0.023871541023254395
0.006917964667081833,-0.01932768151164055,-0.026575565338134766
0.022398270666599274,-0.056864529848098755,-0.0035740137100219727
0.08614043891429901,-0.075049988925457,-0.07980608940124512
0.020444322377443314,-0.056782882660627365,-0.05845928192138672
0.009870219975709915,-0.047199271619319916,0.009909391403198242
0.02171267196536064,-0.02378854900598526,2.980232238769531e-07
0.020043395459651947,-0.02016621269285679,-0.025390267372131348
0.02058923803269863,-0.018297161906957626,-0.02046644687652588
0.030472436919808388,-0.014594976790249348,0.0016962289810180664
0.044857751578092575,-0.008340979926288128,0.022355258464813232
0.04412298649549484,0.0038319602608680725,0.050089478492736816
0.04018415883183479,0.004059280268847942,0.025899052619934082
0.04084599018096924,0.008741306141018867,0.018445968627929688
0.06456427276134491,-0.054612256586551666,0.02312779426574707
0.10326138883829117,-0.39901968836784363,0.11604684591293335
0.38466450572013855,-0.30207502841949463,0.0732729434967041
0.5744978189468384,-0.317175030708313,-0.05493760108947754
0.5380905866622925,-0.20793761312961578,-0.01724100112915039
0.1961968094110489,-0.1395871341228485,-0.012409389019012451
-0.20938868820667267,-0.46050217747688293,0.0485917329788208
-0.3022255599498749,-0.6866704225540161,-0.15141797065734863
-0.20305737853050232,-0.44451093673706055,-0.17814284563064575
-0.13058501482009888,-0.31680750846862793,-0.18932998180389404
-0.0320722721517086,-0.19075459241867065,-0.3464084267616272
0.010632326826453209,-0.2930845320224762,0.5045139789581299
-0.03319156914949417,-0.03387756645679474,0.16532212495803833
-0.14317207038402557,0.2657276690006256,-0.04668164253234863
-0.32036492228507996,0.3358251452445984,0.012799501419067383
-0.3979783058166504,0.2910413444042206,-0.004411220550537109
-0.3808433413505554,0.15652254223823547,-0.0039373040199279785
-0.2936246395111084,0.02681625820696354,-0.002792179584503174
-0.20201970636844635,-0.025237953290343285,-0.0027458667755126953
-0.17089325189590454,0.002004289999604225,-0.001403212547302246
-0.11790461093187332,0.09429691731929779,0.0004723668098449707
-0.06193159520626068,0.22125783562660217,-0.002046525478363037
-0.030483854934573174,0.14985433220863342,-0.0022913217544555664
0.006440004333853722,0.12590745091438293,0.0014008283615112305
0.018669379875063896,0.10187963396310806,-0.002871870994567871
0.008936822414398193,0.12042165547609329,-0.0018647313117980957
0.01806792803108692,0.14770463109016418,0.0005921125411987305
-0.024076085537672043,0.11898377537727356,-0.0003364086151123047
-0.05979042872786522,0.1619405448436737,-0.0036927461624145508
-0.012110386043787003,0.5205541849136353,0.0010370612144470215
0.21229325234889984,0.2912903428077698,0.004927992820739746
0.30831488966941833,0.14022991061210632,-0.006363987922668457
0.1978253424167633,0.12501466274261475,0.001005411148071289
0.09163159132003784,0.2475796937942505,-0.0012835860252380371
0.12428037822246552,0.3210681676864624,0.0031715035438537598
0.17589683830738068,0.32078856229782104,-0.0030242204666137695
0.13337871432304382,0.25274458527565,0.0014765262603759766
0.05479888617992401,0.1152556911110878,-0.0011943578720092773
-0.04642711579799652,0.025645297020673752,-0.0018512606620788574
0.053269825875759125,-0.04379346966743469,-0.00447690486907959
0.06306123733520508,-0.053508348762989044,-0.0005563497543334961
0.009302651509642601,-0.0073911105282604694,-0.0025254487991333008
0.032646894454956055,-0.019356533885002136,-0.001824021339416504
-0.006258392706513405,-0.0005040550604462624,-0.002984166145324707
-0.0056438930332660675,-0.0014617298729717731,-0.000985264778137207
-0.00495520606637001,-0.002749525010585785,-0.0006804466247558594
-0.005024062469601631,-0.004612706135958433,-0.0013368725776672363
-0.005678605288267136,-0.005539095960557461,-0.002512037754058838
-0.006613980978727341,-0.005560082383453846,0.00014281272888183594
-0.006831057369709015,-0.005112184211611748,-0.0024968385696411133
-0.006341950967907906,-0.003994765225797892,-0.0023441314697265625
-0.004737909883260727,-0.003645571880042553,-0.0016120672225952148
-0.004288755357265472,-0.0036886991001665592,-0.0015511512756347656
-0.0029189269989728928,-0.005386884789913893,-0.002360105514526367
-0.003385670483112335,-0.004537650384008884,-0.0010938644409179688
-0.0046167317777872086,-0.004212696570903063,-0.0014754533767700195
-0.006571831181645393,-0.0034984899684786797,-0.0010634660720825195
-0.006306298077106476,-0.002949240617454052,-0.002162456512451172
-0.0061538126319646835,-0.002914444077759981,-0.0034445524215698242
-0.006204962730407715,-0.004637344274669886,-0.0018731355667114258
-0.004492957144975662,-0.005021364893764257,-0.001689910888671875
-0.0029226336628198624,-0.004442544188350439,-0.0021019577980041504
-0.003111066296696663,-0.003676121588796377,-0.001125335693359375
-0.0042266640812158585,-0.0035181883722543716,-0.002071380615234375
-0.005002889782190323,-0.003163682296872139,-0.0018731951713562012
-0.006692610681056976,-0.0034723160788416862,-0.001354515552520752
-0.006148220971226692,-0.0037713851779699326,-0.0017209053039550781
-0.0063604507595300674,-0.0040097529999911785,-0.0016293525695800781
-0.0063223205506801605,-0.004915181547403336,-0.0018734931945800781
-0.004283903166651726,-0.0042679025791585445,-0.001705467700958252
-0.004273733124136925,-0.004179967567324638,-0.002697169780731201
-0.004075445234775543,-0.0031819576397538185,-0.0015985965728759766
-0.004021994769573212,-0.003660275135189295,-0.0019954442977905273
-0.0044710878282785416,-0.003978910855948925,-0.0021024346351623535
-0.005348283797502518,-0.00438487296923995,-0.0011565685272216797
-0.005888175219297409,-0.004634019453078508,-0.0009125471115112305
-0.005867240950465202,-0.003986990079283714,-0.001156926155090332
-0.0053106639534235,-0.003214692696928978,-0.0016605854034423828
-0.004736674949526787,-0.0022979718632996082,-0.002088010311126709
-0.003504239022731781,-0.003017872106283903,-0.001752614974975586
-0.004537371918559074,-0.004036405123770237,-0.001493215560913086
-0.004964131861925125,-0.004761059768497944,-0.002088308334350586
-0.004666825756430626,-0.005227824207395315,-0.002607285976409912
-0.005004655569791794,-0.004056112375110388,-0.0019358396530151367
-0.005058225244283676,-0.0032318648882210255,-0.0021952390670776367
-0.0045373328030109406,-0.003511343616992235,-0.0012340545654296875
-0.004447638988494873,-0.0037111807614564896,-0.0018599629402160645
-0.005143802613019943,-0.0035780700854957104,-0.0008987188339233398
-0.005038103088736534,-0.004085066262632608,-0.00248563289642334
-0.004980629310011864,-0.003729858435690403,-0.0036149024963378906
-0.005492109805345535,-0.0033510951325297356,-0.0013263225555419922
-0.005610186606645584,-0.0041807107627391815,-0.001662135124206543
-0.005181778222322464,-0.0040169283747673035,-0.002272486686706543
-0.005821553990244865,-0.004010214935988188,-0.0020741820335388184
-0.004549719393253326,-0.0035814791917800903,-0.0006706118583679199
-0.004903411492705345,-0.00518985977396369,-0.002334117889404297
-0.004444869235157967,-0.0038985260762274265,-0.0012050867080688477
-0.004535635933279991,-0.003481906373053789,-0.0013271570205688477
-0.006047789007425308,-0.003556667361408472,-0.0010676383972167969
-0.00599217414855957,-0.003999622073024511,-0.002135932445526123
-0.005411570891737938,-0.004065198823809624,-0.0009308457374572754
-0.0046004969626665115,-0.004029568750411272,-0.0018010139465332031
-0.0045563820749521255,-0.004711591172963381,-0.0012363195419311523
-0.004764210432767868,-0.003768282476812601,-0.0021821260452270508
-0.004669073969125748,-0.003406108357012272,-0.0012667179107666016
-0.003966920077800751,-0.003833870869129896,-0.0017855167388916016
-0.0036840494722127914,-0.004135120194405317,-0.0021975040435791016
-0.004522012546658516,-0.0038680830039083958,-0.0015872716903686523
-0.004623329266905785,-0.004474760964512825,-0.0013279914855957031
-0.0057181380689144135,-0.0034029814414680004,-0.0025487542152404785
-0.004764547571539879,-0.0034353993833065033,-0.0004125833511352539
-0.004447571933269501,-0.003698269836604595,-0.00100785493850708
-0.004553293809294701,-0.00350019009783864,-0.002640843391418457
-0.004384920001029968,-0.003817893099039793,-0.001542210578918457
-0.003430670127272606,-0.003554106689989567,-0.0016036033630371094
-0.004181951284408569,-0.0039333985187113285,-0.0017102956771850586
-0.0033899787813425064,-0.003523065708577633,-0.0014508962631225586
-0.003759089857339859,-0.003217112272977829,-0.0014813542366027832
-0.005113765597343445,-0.0037455768324434757,-0.001420438289642334
-0.005828365683555603,-0.00326518714427948,-0.0006575584411621094
-0.005128011107444763,-0.004234284162521362,-0.0011916160583496094
-0.004793725907802582,-0.0040579624474048615,-0.00233614444732666
-0.004537038505077362,-0.0037370454519987106,-0.002519369125366211
-0.004454992711544037,-0.0038430909626185894,-0.0017107725143432617
-0.004141146317124367,-0.0034543797373771667,-0.0015431046485900879
-0.0040098559111356735,-0.00429906602948904,-0.001116037368774414
-0.0045160576701164246,-0.003916454501450062,-0.0015282630920410156
-0.004661181941628456,-0.003291300032287836,-0.0017112493515014648
-0.0042076315730810165,-0.003593169152736664,-0.0011619925498962402
-0.004578046500682831,-0.004089643247425556,-0.0014367103576660156
-0.005142414942383766,-0.0036438805982470512,-0.0023064017295837402
-0.005387667566537857,-0.003575943410396576,-0.002245306968688965
-0.005854170769453049,-0.0033151032403111458,-0.0015586018562316895
-0.004546577110886574,-0.0033714808523654938,-0.002230048179626465
-0.004056084901094437,-0.003773548174649477,-0.0013453364372253418
-0.004865797236561775,-0.004708419553935528,-0.0018949508666992188
-0.0048035625368356705,-0.004100257996469736,-0.002505183219909668
-0.0037938859313726425,-0.003058173693716526,-0.001650691032409668
-0.005178362131118774,-0.003446152899414301,-0.0016050338745117188
-0.004907386377453804,-0.004388479515910149,-9.47713851928711e-05
-0.004658658057451248,-0.003524455241858959,-0.0022922754287719727
-0.0034321676939725876,-0.0030503305606544018,-0.0007052421569824219
-0.0037990324199199677,-0.0036068037152290344,-0.001056075096130371
-0.00536213256418705,-0.00378035893663764,-0.0018650293350219727
-0.005701757967472076,-0.0038436665199697018,-0.002002239227294922
-0.00544033944606781,-0.0042359484359622,-0.0023685693740844727
-0.004047499969601631,-0.0036471588537096977,-0.0018192529678344727
-0.0036089103668928146,-0.0030741202645003796,-0.000690460205078125
-0.003925450146198273,-0.0036499337293207645,-0.0016057491302490234
-0.00440254807472229,-0.0036828499287366867,-0.0008733272552490234
-0.00469626672565937,-0.004131473135203123,-0.001850128173828125
-0.005717003718018532,-0.003544909879565239,-0.0016211271286010742
-0.0059774816036224365,-0.004543208051472902,-0.001087188720703125
-0.006721381098031998,-0.00448948610574007,-0.0011483430862426758
-0.004432030022144318,-0.0037159393541514874,-0.0014230012893676758
-0.004322504624724388,-0.0036840559914708138,-0.001071929931640625
-0.004163609817624092,-0.0034801987931132317,-0.0023384690284729004
-0.003653865307569504,-0.004199044778943062,-0.0014535784721374512
-0.0055114831775426865,-0.0036441003903746605,-0.001407921314239502
-0.005381518974900246,-0.0043407161720097065,-0.0010876655578613281
-0.005697019398212433,-0.004057712387293577,-0.0015301704406738281
-0.004476834088563919,-0.003997747786343098,-0.0005386471748352051
-0.004728773608803749,-0.0033870795741677284,-0.0009969472885131836
-0.004333555698394775,-0.0028279274702072144,-0.0009514689445495605
-0.004340736195445061,-0.003621648531407118,-0.0018671154975891113
-0.004611970856785774,-0.003172696568071842,-0.0018212199211120605
-0.005200574174523354,-0.003616293426603079,-0.0010737180709838867
-0.005098085850477219,-0.0039770957082509995,-0.0014096498489379883
-0.0042632389813661575,-0.004318522289395332,-3.635883331298828e-05
-0.004981251433491707,-0.0043276515789330006,-0.001409769058227539
-0.0052322279661893845,-0.004790646024048328,-0.0012573003768920898
-0.004888150840997696,-0.0040775383822619915,-0.0015473365783691406
-0.003808237612247467,-0.0034551210701465607,-0.0008605718612670898
-0.0038604456931352615,-0.003397855442017317,-0.001226961612701416
-0.004169803112745285,-0.003961256239563227,-0.00145643949508667
-0.004926180467009544,-0.0037039904855191708,-0.0020978450775146484
-0.0045457687228918076,-0.004130110144615173,-0.0024643540382385254
-0.004577456042170525,-0.004726428538560867,-0.0022663474082946777
-0.0046346429735422134,-0.004201013129204512,-0.001717209815979004
-0.004327906295657158,-0.003695483785122633,-0.001106858253479004
-0.003883734345436096,-0.004049571231007576,-0.001656174659729004
-0.003633769229054451,-0.0035562999546527863,-0.002251148223876953
-0.004339486360549927,-0.002597423270344734,-0.0015646815299987793
-0.004224877804517746,-0.003457822371274233,-0.002022385597229004
-0.005066074430942535,-0.004044574685394764,-0.0006646513938903809
-0.0038269832730293274,-0.0030788700096309185,-0.0019464492797851562
-0.004806291311979294,-0.002920201513916254,-0.0021144747734069824
-0.005193719640374184,-0.004121518228203058,-0.001870274543762207
-0.004161018878221512,-0.0038922782987356186,-0.0020227432250976562
-0.0035025738179683685,-0.003866839222609997,-0.0020836591720581055
-0.004206802695989609,-0.003983583766967058,-0.0019462108612060547
-0.004443608224391937,-0.003832627087831497,-0.0007559061050415039
-0.0034840796142816544,-0.003483597654849291,-0.0014119148254394531
-0.004351889714598656,-0.0033048768527805805,-0.0005574226379394531
-0.004555484279990196,-0.004562826827168465,-0.0009846687316894531
-0.0047034602612257,-0.003227034118026495,-0.0015339851379394531
-0.004928894340991974,-0.003788992762565613,-0.002403736114501953
-0.005051948130130768,-0.00442479457706213,-0.001915574073791504
-0.004784662276506424,-0.0034344876185059547,-0.0015494227409362793
-0.004022877663373947,-0.003119662869721651,-0.0018395781517028809
-0.0035797636955976486,-0.003077221568673849,-0.0014429092407226562
-0.00401843897998333,-0.0030706129036843777,-0.0017025470733642578
-0.004639429971575737,-0.004022139124572277,-0.0022825002670288086
-0.004721438512206078,-0.003637198358774185,-0.0018094778060913086
-0.003173988312482834,-0.0036213104613125324,-0.0001766681671142578
-0.004089532420039177,-0.0037560383789241314,-0.002190828323364258
-0.004411550238728523,-0.0031743315048515797,-0.002389192581176758
-0.003629300743341446,-0.00366152822971344,-0.0015653371810913086
-0.004629375413060188,-0.0029314346611499786,-0.0006346702575683594
-0.004893956705927849,-0.0034122797660529613,-0.0010162591934204102
-0.004982875660061836,-0.003814698662608862,-0.0010010600090026855
-0.0039533935487270355,-0.0038662119768559933,-0.0013675093650817871
-0.00429750420153141,-0.0036571426317095757,-0.0020235180854797363
-0.004928141832351685,-0.004164296202361584,-0.0017491579055786133
-0.0045539624989032745,-0.003928973339498043,-0.0014438629150390625
-0.005037600174546242,-0.003212577197700739,-0.0015355944633483887
-0.004830030724406242,-0.0023132814094424248,-0.0019783973693847656
-0.004614844918251038,-0.003073653671890497,-0.0015969276428222656
-0.005112739279866219,-0.0033447653986513615,-0.0014292001724243164
-0.0037899035960435867,-0.003999900072813034,-0.002390623092651367
-0.004031011834740639,-0.003687477670609951,-0.0014443397521972656
-0.0039232391864061356,-0.0037682349793612957,-0.001459658145904541
-0.004405023530125618,-0.0032295873388648033,-0.0024517178535461426
-0.0040224529802799225,-0.003320037852972746,-0.0019791126251220703
-0.004501841962337494,-0.003257004078477621,-0.0010333061218261719
-0.004301812499761581,-0.0034268684685230255,-0.0017047524452209473
-0.004178669303655624,-0.0032805628143250942,-0.0012927651405334473
-0.004241935908794403,-0.0035194167867302895,-0.0015521049499511719
-0.003275388851761818,-0.003452692646533251,-0.001567542552947998
-0.004321090877056122,-0.00322860199958086,-0.0013844966888427734
-0.003962617367506027,-0.0038561434485018253,-0.0011862516403198242
-0.004135670140385628,-0.0036162743344902992,-0.0007436275482177734
-0.00368446484208107,-0.0036655073054134846,-0.0014914274215698242
-0.003982404246926308,-0.0035890620201826096,-0.0012169480323791504
-0.004133319482207298,-0.003928615711629391,-0.0024071931838989258
-0.00408409908413887,-0.003305674996227026,-0.002300441265106201
-0.004197239875793457,-0.003271563909947872,-0.0020717382431030273
-0.004840303212404251,-0.0032773567363619804,-0.002300739288330078
-0.004474390298128128,-0.0034157754853367805,-0.0011258125305175781
-0.004527747631072998,-0.002599024213850498,-0.002010941505432129
-0.004120849072933197,-0.0025582141242921352,-0.002255082130432129
-0.0038467999547719955,-0.003188233356922865,-0.0010803937911987305
-0.004150737076997757,-0.003766679670661688,-0.0019349455833435059
-0.0041830651462078094,-0.004020408261567354,-0.0017521381378173828
-0.005032595247030258,-0.0038521578535437584,-0.0011419057846069336
-0.004690920934081078,-0.002566168550401926,-0.0012183189392089844
-0.004176516085863113,-0.00334161426872015,-0.0014775991439819336
-0.0038817189633846283,-0.00392337329685688,-0.0018134117126464844
-0.004636680707335472,-0.0036933780647814274,-0.0011879205703735352
-0.0038206279277801514,-0.0043739150278270245,-0.0020577311515808105
-0.004059366881847382,-0.003266294486820698,-0.002652883529663086
-0.004058860242366791,-0.002771387342363596,-0.001081228256225586
-0.004028310999274254,-0.002498266287147999,-0.0018290281295776367
-0.004336999729275703,-0.003922586794942617,-0.001844167709350586
-0.0046609751880168915,-0.004502073395997286,-0.0008827447891235352
-0.0040852781385183334,-0.0035316399298608303,-0.0014324188232421875
-0.003968294709920883,-0.004123175982385874,-0.0009288787841796875
-0.004691213369369507,-0.0028787553310394287,-0.0005320906639099121
-0.0048351772129535675,-0.0035078474320471287,-0.0019968748092651367
-0.004281327128410339,-0.0033900137059390545,-0.0010814070701599121
-0.003937367349863052,-0.00425033550709486,-0.002393484115600586
-0.003912987187504768,-0.003741864114999771,-0.0022560954093933105
-0.004031039774417877,-0.003881902899593115,-0.0009744763374328613
-0.0033649206161499023,-0.0033637764863669872,-0.0009441375732421875
-0.0029850974678993225,-0.002625879365950823,-0.0020732879638671875
-0.0036923009902238846,-0.003467397764325142,-0.0008525848388671875
-0.0042887963354587555,-0.0034424737095832825,-0.0019969940185546875
-0.00395253486931324,-0.0044746422208845615,-0.0022870302200317383
-0.004031801596283913,-0.003970119170844555,-0.0024242401123046875
-0.004375580698251724,-0.0027044564485549927,-0.0017832517623901367
-0.004248792305588722,-0.002325656358152628,-0.0009594559669494629
-0.004107270389795303,-0.0020857127383351326,-8.976459503173828e-05
-0.00340932235121727,-0.004039626102894545,-0.0022258758544921875
-0.004010375589132309,-0.0038161366246640682,-0.0018747448921203613
-0.004252832382917404,-0.004005390219390392,-0.0014628171920776367
-0.004921954125165939,-0.003853016532957554,-0.0016307830810546875
-0.005143534392118454,-0.00271856551989913,-0.0011115074157714844
-0.005268625915050507,-0.003070380073040724,-0.001447141170501709
-0.004869963973760605,-0.0028613200411200523,-0.0011267662048339844
-0.003267219290137291,-0.003921589348465204,-0.001767575740814209
-0.004466574639081955,-0.003532614093273878,-0.0017982721328735352
-0.003457929939031601,-0.0028868955560028553,-0.0019355416297912598
-0.0036697741597890854,-0.0023011774756014347,-0.0015843510627746582
-0.004692861810326576,-0.002908925525844097,-0.0016911029815673828
-0.003988053649663925,-0.0034623262472450733,-0.0012180805206298828
-0.004130655899643898,-0.003367029130458832,-0.0021491050720214844
-0.003442874178290367,-0.0032791560515761375,-0.0021033883094787598
-0.004141421988606453,-0.003511493094265461,-0.000958859920501709
-0.004397274926304817,-0.003130996599793434,-0.002087831497192383
-0.0037346091121435165,-0.003133764024823904,-0.0018284320831298828
-0.003945475444197655,-0.003483408596366644,-0.0006687641143798828
-0.004914203658699989,-0.0032249181531369686,-0.0010657310485839844
-0.004309484735131264,-0.003280441276729107,-0.0016301870346069336
-0.004710555076599121,-0.0036891037598252296,-0.0012028813362121582
-0.004256164655089378,-0.0037192492745816708,-0.0012333989143371582
-0.004295773804187775,-0.0036686472594738007,-0.0017675161361694336
-0.0038760434836149216,-0.002646357286721468,-0.002164125442504883
-0.0037993937730789185,-0.002854482736438513,-0.001981019973754883
-0.0033389832824468613,-0.00354425935074687,-0.0014013051986694336
-0.004864940419793129,-0.004061736166477203,-0.0014929771423339844
-0.005077540874481201,-0.004245830699801445,-0.0010504722595214844
-0.0046374741941690445,-0.002830921672284603,-0.001310110092163086
-0.004543829709291458,-0.0025858310982584953,-0.0022867321968078613
-0.003925502300262451,-0.0035034227184951305,-0.0005626082420349121
-0.004001256078481674,-0.0040008253417909145,-0.0020579099655151367
-0.0036361515522003174,-0.003530245739966631,-0.0017069578170776367
-0.0034450404345989227,-0.0028488258831202984,-0.003141164779663086
-0.004012804478406906,-0.002339922823011875,-0.001127004623413086
-0.004786964505910873,-0.0026876977644860744,-0.0006238222122192383
-0.004459109157323837,-0.003279136959463358,-0.0022414326667785645
-0.004206394776701927,-0.004015803802758455,-0.001265108585357666
-0.004719570279121399,-0.003510784823447466,-0.0007768869400024414
-0.00398598425090313,-0.0030678948387503624,-0.0013567209243774414
-0.0037909988313913345,-0.003355918452143669,-0.0017994046211242676
-0.003815252333879471,-0.0030413814820349216,-0.0008226633071899414
-0.0046424660831689835,-0.0036523123271763325,-0.000624239444732666
-0.0036376025527715683,-0.003553536254912615,-0.000822603702545166
-0.0033897776156663895,-0.0038821850903332233,-0.002104461193084717
-0.004917832091450691,-0.0034562083892524242,-0.0014787912368774414
-0.005210926756262779,-0.002766628749668598,-0.001173853874206543
-0.0045680515468120575,-0.0029594614170491695,-0.0019980669021606445
-0.0032408908009529114,-0.0034695197828114033,-0.001922011375427246
-0.004856705665588379,-0.003272435162216425,-0.002303481101989746
-0.004637649282813072,-0.0037553422152996063,-0.0009911060333251953
-0.004289308562874794,-0.002653094008564949,-0.0006859302520751953
-0.005330365151166916,-0.003509445581585169,-0.0011283159255981445
-0.003516959026455879,-0.0034099891781806946,-0.0018454790115356445
-0.0039286017417907715,-0.003105395007878542,-0.0017695426940917969
-0.00369972363114357,-0.002542753703892231,-0.0015868544578552246
-0.003384403884410858,-0.004065938759595156,-0.0005644559860229492
-0.004392566159367561,-0.0040352605283260345,-0.0017088651657104492
-0.00399106927216053,-0.0035717077553272247,-0.0009001493453979492
-0.003963930532336235,-0.003235025331377983,-0.0009763240814208984
-0.004750758409500122,-0.0033821044489741325,-0.0011138916015625
-0.00418119877576828,-0.0038972776383161545,-0.0017240047454833984
-0.003902686759829521,-0.004522875417023897,-0.0011745095252990723
-0.00410173274576664,-0.004291079472750425,-0.0018154382705688477
-0.0036107581108808517,-0.0032694204710423946,-0.0012814998626708984
-0.003606058657169342,-0.0027775373309850693,-0.0022734403610229492
-0.004285378381609917,-0.002465332392603159,-0.0014801025390625
-0.00439278781414032,-0.003222064580768347,-0.002334892749786377
-0.0049440618604421616,-0.00213098106905818,-0.001388847827911377
-0.004346821457147598,-0.0036499351263046265,-0.001938164234161377
-0.0041196104139089584,-0.0026945266872644424,-0.0012819766998291016
-0.004231497645378113,-0.002181572839617729,-0.0017092227935791016
-0.0033264290541410446,-0.003368660807609558,-0.0012210607528686523
-0.0036425385624170303,-0.0034398455172777176,-0.001587510108947754
-0.0041761212050914764,-0.004102724604308605,-0.0018929243087768555
-0.003428591415286064,-0.003764296416193247,-0.0021677017211914062
-0.005204016342759132,-0.0031951339915394783,-0.0016030669212341309
-0.0038208607584238052,-0.003963583614677191,-0.000855565071105957
-0.0044076330959796906,-0.003435137216001749,-0.0005199909210205078
-0.00418158620595932,-0.002913461532443762,-0.0018019676208496094
-0.003958040848374367,-0.0023535662330687046,-0.0011764764785766602
-0.004704995080828667,-0.0034491829574108124,-0.0019546151161193848
-0.004289537668228149,-0.0031055770814418793,-0.0005051493644714355
-0.004810910671949387,-0.002469872124493122,-0.0019090771675109863
-0.004955597221851349,-0.0028015198186039925,-0.0015124678611755371
-0.004573190584778786,-0.002982236910611391,-0.0014361143112182617
-0.004465823993086815,-0.0027915360406041145,-0.0003070235252380371
-0.004721643403172493,-0.0031193015165627003,-0.001558542251586914
-0.004629047587513924,-0.003425091039389372,-0.0016959309577941895
-0.004449514672160149,-0.003380279988050461,-0.0022452473640441895
-0.004375683143734932,-0.004301443696022034,-0.0007654428482055664
-0.0046761129051446915,-0.0034609492868185043,-0.0024591684341430664
-0.004432836547493935,-0.0032747131772339344,-0.0008115768432617188
-0.0044424086809158325,-0.0035430011339485645,-0.0016666054725646973
-0.003697359934449196,-0.0037524919025599957,-0.002383708953857422
-0.004150277003645897,-0.003533945418894291,-0.0016514062881469727
-0.004002062603831291,-0.0027507301419973373,-0.0025061368942260742
-0.00468582846224308,-0.0033127889037132263,-0.0011025667190551758
-0.004550734534859657,-0.0027227988466620445,-0.0010567903518676758
-0.004654387012124062,-0.0038530672900378704,-0.0017281770706176758
-0.0039566196501255035,-0.003273577429354191,-0.0012398958206176758
-0.004492705687880516,-0.003214712720364332,-0.001605987548828125
-0.0038456469774246216,-0.0025280285626649857,-0.0020182132720947266
-0.00458734855055809,-0.0026145102456212044,-0.0024605393409729004
-0.003656359389424324,-0.0029950831085443497,-0.002338409423828125
-0.0038167275488376617,-0.0032914532348513603,-0.0022011995315551758
-0.003680247813463211,-0.002855566330254078,-0.0019418001174926758
-0.004309682175517082,-0.00274795014411211,-0.0009655356407165527
-0.004507197067141533,-0.003436493221670389,-0.0006607770919799805
-0.0034546442329883575,-0.002884867135435343,-0.00038623809814453125
-0.0037675704807043076,-0.003442545887082815,-0.002217113971710205
-0.004122678190469742,-0.0024885390885174274,-0.0017592906951904297
-0.004688998684287071,-0.0023757959716022015,-0.0019118189811706543
-0.004226617515087128,-0.0031124064698815346,-0.0016980171203613281
-0.0048368461430072784,-0.002661605831235647,-0.0003399848937988281
-0.003326728940010071,-0.003732390236109495,-0.0014386177062988281
-0.0037640202790498734,-0.003559315111488104,-0.0017590522766113281
-0.0046510156244039536,-0.0034419866278767586,-0.0019421577453613281
-0.004579629749059677,-0.0031399019062519073,-0.0022014975547790527
-0.0036203712224960327,-0.0019955262541770935,-0.0015453696250915527
-0.0037537068128585815,-0.0030873925425112247,-0.0026288628578186035
-0.004382200539112091,-0.0023649255745112896,-0.0013315677642822266
-0.004754450172185898,-0.0030572284013032913,-0.0014233589172363281
-0.004443036392331123,-0.00347331166267395,-0.0018201470375061035
-0.0030041709542274475,-0.0031367475166916847,-0.0013622045516967773
-0.003960665315389633,-0.0025591268204152584,-0.0016674399375915527
-0.0038980450481176376,-0.0025654337368905544,-0.0008282661437988281
-0.003355827182531357,-0.003457144368439913,-0.001545548439025879
-0.004663942381739616,-0.003557702526450157,-0.0023391246795654297
-0.004477454349398613,-0.0034476183354854584,-0.002232491970062256
-0.004830460995435715,-0.002894060220569372,-0.002141237258911133
-0.0034312251955270767,-0.0028194733895361423,-0.0022177696228027344
-0.004085371270775795,-0.003070143051445484,-0.0015314817428588867
-0.003817254677414894,-0.0030750874429941177,-0.0009669065475463867
-0.003207806497812271,-0.0029479041695594788,-0.0024164915084838867
-0.0038506966084241867,-0.0029378244653344154,-0.0011194944381713867
-0.004725692793726921,-0.002760946284979582,-0.0011959075927734375
-0.0046042390167713165,-0.002299015410244465,-0.0018829107284545898
-0.00445946678519249,-0.003660195041447878,-0.0022644996643066406
-0.0044039394706487656,-0.0036067143082618713,-0.0018068552017211914
-0.004182238131761551,-0.0027623632922768593,-0.001364588737487793
-0.004705540835857391,-0.002665978856384754,-0.002921164035797119
-0.003662237897515297,-0.002503114752471447,-0.0013191699981689453
-0.0036910194903612137,-0.0027689659036695957,-0.0011208057403564453
-0.0041921716183424,-0.0032394444569945335,-0.0017311573028564453
-0.0033641140908002853,-0.0031829713843762875,-0.0015938282012939453
-0.004026869311928749,-0.00268200458958745,-0.001823127269744873
-0.003939615562558174,-0.00261607114225626,-0.0020064115524291992
-0.003715936094522476,-0.0026156981475651264,-0.0015639066696166992
-0.003508172929286957,-0.0035956003703176975,-0.00153350830078125
-0.0036021433770656586,-0.0029293489642441273,-0.0018998980522155762
-0.004056345671415329,-0.0031110048294067383,-0.0016254186630249023
-0.004409413784742355,-0.002968398854136467,-0.001595139503479004
-0.004298396408557892,-0.0031424490734934807,-0.0022055506706237793
-0.003499990329146385,-0.003829591441899538,-0.0012290477752685547
-0.0032483693212270737,-0.0027460558339953423,-0.001549363136291504
-0.003854004666209221,-0.002644810825586319,-0.0016254186630249023
-0.0033620409667491913,-0.0024186791852116585,-0.0014881491661071777
-0.00432707741856575,-0.0021456354297697544,-0.0020526647567749023
-0.004371544346213341,-0.003044423181563616,-0.0016559362411499023
-0.004272054880857468,-0.0028642001561820507,-0.0006792545318603516
-0.004059318453073502,-0.0033700447529554367,-0.0016252398490905762
-0.004150766879320145,-0.003077403176575899,-0.0015034675598144531
-0.002831071615219116,-0.0030870563350617886,-0.001350998878479004
-0.003592727705836296,-0.0028984746895730495,-0.002769947052001953
-0.003696087747812271,-0.0029428554698824883,-0.0011980533599853516
-0.0034029223024845123,-0.0030760359950363636,-0.00118255615234375
-0.0037929676473140717,-0.002684551291167736,-0.0020521879196166992
-0.004105720669031143,-0.0028611645102500916,-0.0012891292572021484
-0.0045602042227983475,-0.0025531924329698086,-0.0013654232025146484
-0.0036275628954172134,-0.002812835853546858,-0.0014722347259521484
-0.0038530901074409485,-0.0032327603548765182,-0.0017621517181396484
-0.0032612811774015427,-0.0034259334206581116,-0.0016858577728271484
-0.0037673059850931168,-0.0023801997303962708,-0.0012280941009521484
-0.003995951265096664,-0.0030209249816834927,-0.0024186372756958008
-0.003758378326892853,-0.0027513541281223297,-0.0009539127349853516
-0.0035253316164016724,-0.0031289993785321712,-0.0008623600006103516
-0.004644639790058136,-0.0035934466868638992,-0.0008624792098999023
-0.0037865769118070602,-0.002501827199012041,-0.0018849372863769531
-0.0046531520783901215,-0.0025162077508866787,-0.001900315284729004
-0.004695063456892967,-0.0027923760935664177,-0.0019156932830810547
-0.003624679520726204,-0.0027877818793058395,-0.0007713437080383301
-0.003972902894020081,-0.0031259176321327686,-0.0018853545188903809
-0.004092426970601082,-0.0038494220934808254,-0.001412510871887207
-0.0026648100465536118,-0.003557683899998665,-0.0008938312530517578
-0.002975156530737877,-0.003843477927148342,-0.0017943382263183594
-0.003479905426502228,-0.0030060824938118458,-0.0022063255310058594
-0.0033495649695396423,-0.0027131550014019012,-0.0014127492904663086
-0.004236636683344841,-0.002173206303268671,-0.002038717269897461
-0.004320384934544563,-0.0023642810992896557,-0.0018708109855651855
-0.004201376810669899,-0.0033790068700909615,-0.0009860396385192871
-0.003661874681711197,-0.003927497658878565,-0.002313673496246338
-0.0036645587533712387,-0.0034680929966270924,-0.0020999908447265625
-0.004890426993370056,-0.0025562304072082043,-0.0011081695556640625
-0.003741169348359108,-0.0032131937332451344,-0.0013371109962463379
-0.004822811111807823,-0.0028088106773793697,-0.0014137625694274902
-0.004152735695242882,-0.0036497940309345722,-0.0014747381210327148
-0.00295414961874485,-0.0027178465388715267,-0.0019175410270690918
-0.003955008462071419,-0.0026566111482679844,-0.0013988018035888672
-0.003507521003484726,-0.003107569646090269,-0.0010175704956054688
-0.003216186538338661,-0.0028718244284391403,-0.001704096794128418
-0.003990964964032173,-0.0021956157870590687,-0.0013074874877929688
-0.004609700292348862,-0.0024035233072936535,-0.0007430911064147949
-0.003930369392037392,-0.003563916776329279,-0.0011247992515563965
-0.0038971230387687683,-0.003244096413254738,-0.0017505288124084473
-0.00372958742082119,-0.00285686319693923,-0.0017045140266418457
-0.0034406613558530807,-0.002183714881539345,-0.0010944604873657227
-0.00361688993871212,-0.0025295792147517204,-0.002208232879638672
-0.003921095281839371,-0.0026032705791294575,-0.0015826225280761719
-0.004258759319782257,-0.0031181974336504936,-0.0012316703796386719
-0.003620857372879982,-0.004093946423381567,-0.0012927055358886719
-0.003996111452579498,-0.003322130534797907,-0.0014454126358032227
-0.003786679357290268,-0.002912525087594986,-0.0014758110046386719
-0.003715747967362404,-0.0031338916160166264,-0.0021474361419677734
-0.004172107204794884,-0.0032906741835176945,-0.0019185543060302734
-0.003503318876028061,-0.0029139984399080276,-0.00014853477478027344
-0.004641041159629822,-0.0038133938796818256,-0.0017964839935302734
-0.003900732845067978,-0.0031825671903789043,-0.0015524625778198242
-0.004075502976775169,-0.0021856604143977165,-0.0013695359230041504
-0.0038071833550930023,-0.0025185425765812397,-0.0021631717681884766
-0.0035760141909122467,-0.002173828426748514,-0.001293480396270752
-0.004117446020245552,-0.0030304384417831898,-0.0014615058898925781
-0.002901701256632805,-0.0028349352069199085,-0.001827836036682129
-0.0029408875852823257,-0.003002358600497246,-0.0009430646896362305
-0.004237081855535507,-0.002178272232413292,-0.0017060041427612305
-0.00434098020195961,-0.002364653628319502,-0.0018891096115112305
-0.004103640094399452,-0.0027646292001008987,-0.0022094249725341797
-0.0035109370946884155,-0.0027377279475331306,-0.0017671585083007812
-0.0035428646951913834,-0.0031310440972447395,-0.001965641975402832
-0.0038153082132339478,-0.0022846879437565804,-0.0017063617706298828
-0.003911323845386505,-0.0027747172862291336,-0.001797795295715332
-0.0039008837193250656,-0.0025008870288729668,-0.0014318227767944336
-0.003512052819132805,-0.003263631369918585,-0.0014319419860839844
-0.002287881448864937,-0.0030590230599045753,-0.0018745660781860352
-0.003612518310546875,-0.0036014486104249954,-0.0010502338409423828
-0.003565194085240364,-0.002288901712745428,-0.0018134117126464844
-0.003504963591694832,-0.0028558634221553802,-0.003247857093811035
-0.0040383245795965195,-0.003908355254679918,-0.0022559165954589844
-0.004181206226348877,-0.0029451060108840466,-0.0010353922843933105
-0.004403498023748398,-0.0029785744845867157,-0.0013712048530578613
-0.0027692168951034546,-0.002427238505333662,-0.0021802186965942383
-0.002506941556930542,-0.0033302586525678635,-0.0021191835403442383
-0.0039414409548044205,-0.0027530579827725887,-0.0008984804153442383
-0.0032913554459810257,-0.0028246319852769375,-0.00047135353088378906
-0.00363108329474926,-0.0026723071932792664,-0.0006240606307983398
-0.003624025732278824,-0.0023407679982483387,-0.001493692398071289
-0.003553016111254692,-0.002872286830097437,-0.0011121630668640137
-0.0029568374156951904,-0.002567073330283165,-0.001356363296508789
-0.0032395832240581512,-0.0036532850936055183,-0.0010663270950317383
-0.0037970654666423798,-0.002838225569576025,-0.0014631152153015137
-0.0033582597970962524,-0.002459258772432804,-0.0025464296340942383
-0.0037782657891511917,-0.002429160289466381,-0.001493692398071289
-0.003698773682117462,-0.003118150867521763,-0.001737833023071289
-0.003927541896700859,-0.0023982119746506214,-0.0005780458450317383
-0.003127986565232277,-0.002377514261752367,-0.0018445849418640137
-0.004028186202049255,-0.00296026561409235,-0.0011273622512817383
-0.0031967386603355408,-0.002802481409162283,-0.0013103485107421875
-0.003026748076081276,-0.002737324219197035,-0.0011577606201171875
-0.003504987806081772,-0.00252337334677577,-0.0019513368606567383
-0.004073664546012878,-0.002644771244376898,-0.0017986893653869629
-0.0031064432114362717,-0.0033270842395722866,-0.0025156736373901367
-0.004468968138098717,-0.003559008240699768,-0.001401662826538086
-0.005080707371234894,-0.003026548307389021,-0.0009743571281433105
-0.0038905981928110123,-0.002377353608608246,-0.0010353922843933105
-0.0036089085042476654,-0.003336294088512659,-0.0021186470985412598
-0.003227589651942253,-0.002794882282614708,-0.0016608238220214844
-0.0027086548507213593,-0.002856926992535591,-0.001553952693939209
-0.0033872444182634354,-0.0031103594228625298,-0.0015388727188110352
-0.0031584184616804123,-0.002869012299925089,-0.002851426601409912
-0.003456743434071541,-0.0033356668427586555,-0.0013867020606994629
-0.0034782681614160538,-0.0029986626468598843,-0.001951456069946289
-0.004328669980168343,-0.0021719136275351048,-0.0025771260261535645
-0.003663131967186928,-0.0015474543906748295,-0.0027295351028442383
-0.003382863476872444,-0.0028362073935568333,-0.0007612705230712891
-0.00417354516685009,-0.0036284876987338066,-0.0005019903182983398
-0.0032230038195848465,-0.003298813011497259,-0.0014786720275878906
-0.0036094989627599716,-0.003026222810149193,-0.0017685890197753906
-0.0028561484068632126,-0.003691271413117647,-0.0016922950744628906
-0.003191998228430748,-0.0032648402266204357,-0.0018143653869628906
-0.0038353223353624344,-0.002479921095073223,-0.0010361671447753906
-0.003978889435529709,-0.0029726573266088963,-0.0012193918228149414
-0.0036967992782592773,-0.0026662596501410007,-0.0006700754165649414
-0.003798067569732666,-0.0019120066426694393,6.216764450073242e-05
-0.004314884543418884,-0.003427500370889902,-0.002196192741394043
-0.0031069833785295486,-0.003078627400100231,-0.0011587142944335938
-0.0038760099560022354,-0.0019708708859980106,-0.0016318559646606445
-0.0039573535323143005,-0.00257149338722229,-0.0008996725082397461
-0.003450874239206314,-0.0029052896425127983,-0.0017695426940917969
-0.003779260441660881,-0.002192907966673374,-0.001250624656677246
-0.00318954698741436,-0.002745456527918577,-0.0009149312973022461
-0.004158690571784973,-0.0031237886287271976,-0.0015864372253417969
-0.003396507352590561,-0.0036962181329727173,-0.0019527077674865723
-0.004146244376897812,-0.0028716321103274822,-0.0016779899597167969
-0.004530385136604309,-0.0025616325438022614,-0.0017542839050292969
-0.004256470128893852,-0.0027447142638266087,-0.0014491081237792969
-0.004245374351739883,-0.0030479892157018185,-0.0016016364097595215
-0.003846827894449234,-0.0026989253237843513,-0.002685070037841797
-0.003589292988181114,-0.00308994110673666,-0.0016475915908813477
-0.004329375922679901,-0.003625472541898489,-0.0012662410736083984
-0.003628302365541458,-0.0026271529495716095,-0.0015106201171875
-0.0032636430114507675,-0.0031268857419490814,-0.0022276639938354492
-0.0029444824904203415,-0.002648987341672182,-0.0022428035736083984
-0.0035825204104185104,-0.0031565213575959206,-0.001983165740966797
-0.004045378416776657,-0.0034743505530059338,-0.0009455680847167969
-0.0039610955864191055,-0.003237798810005188,-0.0010521411895751953
-0.0035001691430807114,-0.003448872361332178,-0.0026238560676574707
-0.003483593463897705,-0.0029676207341253757,-0.001433730125427246
-0.003341890871524811,-0.0025129709392786026,-0.002028822898864746
-0.0035045184195041656,-0.0030463221482932568,-0.0019526481628417969
-0.0025656595826148987,-0.0025799181312322617,-0.0013726353645324707
-0.003498915582895279,-0.0023316042497754097,-0.0012047886848449707
-0.004020843654870987,-0.002517108805477619,-0.0013421177864074707
-0.003532547503709793,-0.002155219204723835,-0.0027761459350585938
-0.0037297960370779037,-0.0028847334906458855,-0.0024251341819763184
-0.0029468126595020294,-0.0034130080603063107,-0.0019521713256835938
-0.0031629055738449097,-0.0035186568275094032,-0.00199812650680542
-0.002848738804459572,-0.0030019981786608696,-0.001769423484802246
-0.0035506561398506165,-0.00277974596247077,-0.001326918601989746
-0.004131171852350235,-0.0026091276668012142,-0.0007928609848022461
-0.0037831496447324753,-0.00278640678152442,-0.002135336399078369
-0.004270017147064209,-0.0024283924140036106,-0.0017688870429992676
-0.0036615990102291107,-0.002899822313338518,-0.0008075833320617676
-0.003625703975558281,-0.002623929176479578,-0.001753687858581543
-0.0037620961666107178,-0.0032235262915492058,-0.00152510404586792
-0.003769349306821823,-0.0027013160288333893,-0.0019982457160949707
-0.003566315397620201,-0.002455711830407381,-0.0024863481521606445
-0.0030648186802864075,-0.003109373152256012,-0.0026848912239074707
-0.003328310325741768,-0.0028745471499860287,-0.0011744499206542969
-0.00368536077439785,-0.0034437719732522964,-0.0014492273330688477
-0.003924744203686714,-0.0034152446314692497,-0.002303779125213623
-0.0033464450389146805,-0.00312956515699625,-0.0015102624893188477
-0.003956364467740059,-0.002188979648053646,-0.0016171932220458984
-0.0038600023835897446,-0.002518013119697571,-0.0012663602828979492
-0.0034674406051635742,-0.002574586309492588,-0.0017852187156677246
-0.003328608348965645,-0.002424967475235462,-0.0018767714500427246
-0.004145998507738113,-0.0030559757724404335,-0.0014342069625854492
-0.004215000197291374,-0.0038306210190057755,-0.002318859100341797
-0.004415636882185936,-0.003237055614590645,-0.001601576805114746
-0.003990752622485161,-0.0025092405267059803,-0.002044379711151123
-0.003985978662967682,-0.0031588422134518623,-0.0023648738861083984
-0.0033200345933437347,-0.0031817778944969177,-0.0023189783096313477
-0.003058161586523056,-0.003698855172842741,-0.0015407204627990723
-0.0036345403641462326,-0.003530451562255621,-0.0018608570098876953
-0.004588106647133827,-0.0027137077413499355,-0.0005179047584533691
-0.003454729914665222,-0.0026657828129827976,-0.0019678473472595215
-0.0035503096878528595,-0.002715465147048235,-0.0010677576065063477
-0.0038610603660345078,-0.003428890835493803,-0.0009611248970031738
-0.003979546949267387,-0.0036640572361648083,-0.0012357831001281738
-0.003012780100107193,-0.002836761996150017,-0.002181708812713623
-0.003364892676472664,-0.0030719805508852005,-0.0027158260345458984
-0.0038876887410879135,-0.003915218636393547,-0.0016326904296875
-0.004051119089126587,-0.0037391912192106247,-0.0013428926467895508
-0.003727627918124199,-0.002990000881254673,-0.001465141773223877
-0.0025076158344745636,-0.0029832208529114723,-0.0016024112701416016
-0.003533942624926567,-0.004022843670099974,-0.0012209415435791016
-0.0032444950193166733,-0.004079439677298069,-0.0006563663482666016
-0.00342441163957119,-0.003385096788406372,-0.0016176700592041016
-0.003255123272538185,-0.0018798350356519222,-0.0019534826278686523
-0.0038364939391613007,-0.0016172081232070923,-0.00022923946380615234
-0.0027526747435331345,-0.0024335957132279873,-0.0020602941513061523
-0.0043706465512514114,-0.0038322191685438156,-0.0017093420028686523
-0.0030264966189861298,-0.004446963779628277,-0.0012362003326416016
-0.0033575594425201416,-0.003288564272224903,-0.0012206435203552246
-0.0033839307725429535,-0.0017106924206018448,-0.0016629695892333984
-0.003205660730600357,-0.001963992603123188,-0.0014798641204833984
-0.003553483635187149,-0.0027124127373099327,-0.0018765926361083984
-0.0037156380712985992,-0.0030517405830323696,-0.0015410780906677246
-0.0027825776487588882,-0.004036665894091129,-0.0024411678314208984
-0.003982286900281906,-0.0034087318927049637,-0.0024106502532958984
-0.004370342940092087,-0.0017105871811509132,-0.0019530653953552246
-0.003506820648908615,-0.002077945973724127,-0.0013123750686645508
-0.0024993978440761566,-0.0017902357503771782,-0.0026092529296875
-0.0028462056070566177,-0.002877499908208847,-0.0022739171981811523
-0.0029289610683918,-0.0038080746307969093,-0.002564072608947754
-0.0034765489399433136,-0.004198679234832525,-0.0013892054557800293
-0.003258422017097473,-0.003413951024413109,-0.0011756420135498047
-0.0041693225502967834,-0.0013785362243652344,-0.0009009838104248047
-0.002386467531323433,-0.0017280993051826954,-0.0021371841430664062
-0.0022451411932706833,-0.002920048777014017,-0.0017099380493164062
-0.0035097841173410416,-0.004076153039932251,-0.002030491828918457
-0.003711255267262459,-0.003572625108063221,-0.0023206472396850586
-0.0024823546409606934,-0.004299951251596212,-0.0018783211708068848
-0.004028605297207832,-0.003216228913515806,-0.0023513436317443848
-0.0032529067248106003,-0.0015405998565256596,-0.0019395947456359863
-0.002863869071006775,-0.0013396022841334343,-0.0008410811424255371
-0.003682432696223259,-0.002658969722688198,-0.002366781234741211
-0.004136782139539719,-0.004097208846360445,-0.0017868280410766602
-0.004152344539761543,-0.0032413857989013195,-0.0006119608879089355
-0.004449853673577309,-0.0029763206839561462,-3.230571746826172e-05
-0.0037382077425718307,-0.0019485545344650745,-0.0026264190673828125
-0.003561371937394142,-0.0014237952418625355,-0.0013142824172973633
-0.003066210076212883,-0.002833300270140171,-0.0023980140686035156
-0.0023132525384426117,-0.004133753944188356,-0.0013453960418701172
-0.0024409573525190353,-0.004856669809669256,-0.0019713640213012695
-0.0023696720600128174,-0.003502155654132366,-0.0011931657791137695
-0.003314109519124031,-0.002095242030918598,-0.0023223161697387695
-0.004334107041358948,-0.0015581045299768448,-0.0025207996368408203
-0.004220634698867798,-0.0015957802534103394,-0.0016204118728637695
-0.003952357918024063,-0.0034489245153963566,-0.0019408464431762695
-0.0028639379888772964,-0.003025481477379799,-0.002093672752380371
-0.0029391255229711533,-0.0020001912489533424,-0.0015292167663574219
-0.0034064017236232758,-0.0020223944447934628,-0.0017735958099365234
-0.0030788127332925797,-0.002784701529890299,-0.0006445646286010742
-0.002871159464120865,-0.0024359808303415775,-0.001773834228515625
-0.0031406302005052567,-0.003079138696193695,-0.002216339111328125
-0.0032413024455308914,-0.0036767092533409595,-0.0016671419143676758
-0.0029422249644994736,-0.0037716664373874664,-0.0034984350204467773
-0.003486158326268196,-0.0035441145300865173,-0.001835167407989502
-0.004025407135486603,-0.0031821634620428085,-0.006641507148742676
-0.00032088346779346466,-0.013092800974845886,0.005382537841796875
0.07765203714370728,-0.1983112394809723,0.0010643601417541504
0.0547487810254097,0.004738656338304281,0.002116858959197998
0.006265763193368912,0.16305723786354065,-0.008457541465759277
0.0072312131524086,0.07388793677091599,-9.512901306152344e-05
0.005009988322854042,0.15730057656764984,-0.002826094627380371
0.08106619119644165,0.21461094915866852,0.0014319419860839844
0.18114063143730164,0.2865581512451172,-0.0025187134742736816
0.16567827761173248,0.23673968017101288,0.0010689496994018555
0.04094706475734711,0.09276610612869263,-0.003415703773498535
0.005187971517443657,0.060758158564567566,0.0006293058395385742
0.03642451763153076,0.08998242020606995,-0.0011997222900390625
0.13277184963226318,0.16819331049919128,-0.0011979341506958008
0.2104298174381256,0.24447126686573029,0.00022292137145996094
0.15853001177310944,0.31040138006210327,0.0021332502365112305
0.18529999256134033,0.3727110028266907,-0.005706906318664551
0.1867891252040863,0.2610723674297333,0.0027042627334594727
0.1635766178369522,0.1240096464753151,-0.0032468438148498535
0.15765802562236786,0.2285391241312027,-0.004197955131530762
0.26572373509407043,0.3326898217201233,-0.004388332366943359
0.2709785997867584,0.2727857232093811,0.005861461162567139
0.11757798492908478,0.07060345262289047,0.002352476119995117
0.010261956602334976,0.003953876905143261,-0.000911712646484375
-0.09972675889730453,0.010113928467035294,-0.002299189567565918
-0.19683511555194855,0.003280197037383914,-0.001810908317565918
-0.20205940306186676,0.01640881597995758,-0.004863739013671875
-0.15007436275482178,0.04987131059169769,-0.000882267951965332
-0.13814616203308105,0.04901839792728424,-0.001494765281677246
-0.1525820791721344,0.0893099308013916,-0.0047948360443115234
-0.14795860648155212,0.12093415856361389,0.005363047122955322
-0.025682643055915833,-0.1569686233997345,-0.0072060227394104
-0.010391324758529663,-0.11748304218053818,0.00018233060836791992
-0.013828327879309654,0.023312879726290703,-0.004301548004150391
-0.017936021089553833,0.02958841063082218,-0.0019801855087280273
-0.05826520919799805,-0.02232835255563259,-0.006665468215942383
-0.07719939947128296,-0.044175513088703156,0.0025046467781066895
-0.06807121634483337,-0.05486898869276047,-0.0014753937721252441
-0.05815976858139038,-0.05559934675693512,0.0006948113441467285
-0.055371031165122986,-0.08266032487154007,0.002760648727416992
-0.06096641346812248,-0.10333801805973053,-0.0022584199905395508
-0.2041594237089157,-0.23050153255462646,-0.0042057037353515625
-0.6421568393707275,-0.37268534302711487,0.06524217128753662
-0.7537204623222351,-0.2409040331840515,0.05916893482208252
-0.7327976822853088,-0.15718382596969604,0.03926658630371094
-0.41444307565689087,-0.014339432120323181,0.00680851936340332
0.020541829988360405,0.09917156398296356,-0.03167390823364258
0.16394706070423126,-0.04940886050462723,-0.03754478693008423
0.2580328583717346,-0.1759752333164215,-0.024583101272583008
0.41355666518211365,-0.20832529664039612,-0.003245234489440918
0.4090336263179779,-0.18733328580856323,-0.01286005973815918
0.12002182006835938,-0.11264757066965103,-0.029284000396728516
-0.18959824740886688,-0.04661763086915016,-0.0026215314865112305
-0.2785814702510834,-0.055414944887161255,0.014387369155883789
-0.19588862359523773,-0.11784422397613525,0.02214944362640381
-0.03689539432525635,-0.12272371351718903,0.006437182426452637
0.09707757830619812,-0.09723436832427979,-0.002515554428100586
0.1278073489665985,-0.11233068257570267,-0.011098206043243408
0.11810288578271866,-0.12927988171577454,-0.015636205673217773
0.1280890852212906,-0.1143161803483963,0.01765894889831543
0.10611353814601898,-0.08126766234636307,0.02536773681640625
0.03862747177481651,-0.024790331721305847,0.03433513641357422
-0.02401924505829811,-0.0067823417484760284,0.0216139554977417
-0.09612086415290833,-0.005668275058269501,0.010338306427001953
-0.21667136251926422,0.07776761054992676,0.011833369731903076
-0.3904911279678345,0.15330767631530762,0.017590224742889404
-0.18149858713150024,-0.07236824184656143,0.024481117725372314
-0.017750948667526245,-0.2005058377981186,0.058058738708496094
0.004445407539606094,-0.13331565260887146,0.04314011335372925
-0.06134387105703354,-0.01723138988018036,0.04599708318710327
-0.15822207927703857,0.028736576437950134,0.05273568630218506
-0.12042837589979172,0.05640573054552078,0.06747835874557495
-0.028093934059143066,0.060286037623882294,0.15673589706420898
0.026873722672462463,0.045999087393283844,0.22714471817016602
0.1137891411781311,0.015445258468389511,0.27628660202026367
0.19603604078292847,0.020570524036884308,0.26176321506500244
0.15639369189739227,0.09185142070055008,0.20152568817138672
0.08271276950836182,0.1310906857252121,0.09110110998153687
0.053863316774368286,0.1000990942120552,0.01770073175430298
0.004838883876800537,0.045277051627635956,0.040763676166534424
-0.07365837693214417,-0.003512665629386902,0.11539316177368164
-0.09238602221012115,0.019048187881708145,0.19945836067199707
-0.11192558705806732,0.06095265597105026,0.28213512897491455
-0.13444046676158905,0.08546378463506699,0.32900822162628174
-0.09733150899410248,0.04838506132364273,0.3796353340148926
0.07521995902061462,-0.06068930774927139,0.29289519786834717
0.2273527979850769,-0.19230011105537415,0.17241793870925903
0.22293804585933685,-0.4556785225868225,0.11944937705993652
0.47901052236557007,-0.39089757204055786,0.019827842712402344
0.5279950499534607,-0.3231821656227112,-0.05251729488372803
0.34842628240585327,-0.35785973072052,-0.045204758644104004
0.18667589128017426,-0.28366297483444214,-0.04096567630767822
0.06896865367889404,-0.15038231015205383,-0.03869497776031494
-0.046033650636672974,-0.03672865033149719,0.031013846397399902
-0.1588517129421234,0.07564252614974976,0.13905882835388184
-0.20671720802783966,0.10473716259002686,0.24350547790527344
-0.08054816722869873,0.08002352714538574,0.2668837308883667
0.0005184710025787354,0.042700111865997314,0.30122023820877075
0.03079560399055481,0.046721428632736206,0.3142440915107727
0.021881461143493652,0.10209831595420837,0.26936888694763184
-0.061338767409324646,0.15753048658370972,0.26769495010375977
-0.11320385336875916,0.1985129714012146,0.3552953004837036
-0.16474367678165436,0.29942160844802856,0.4638955593109131
-0.13874778151512146,0.3853304982185364,0.4936394691467285
-0.020120948553085327,0.3065664768218994,0.498183012008667
0.12912559509277344,0.2621135711669922,0.3806658387184143
0.23486900329589844,0.24431955814361572,0.26692527532577515
0.30005642771720886,0.21020293235778809,0.16725140810012817
0.3457028269767761,0.20605140924453735,0.04353821277618408
0.3163478672504425,0.21105587482452393,0.012764602899551392
0.2503744959831238,0.23007458448410034,0.030175209045410156
0.21026167273521423,0.21036064624786377,0.0924413800239563
0.18231052160263062,0.16979938745498657,0.2431991696357727
0.12911109626293182,0.19126439094543457,0.3768823444843292
0.052998244762420654,0.24557220935821533,0.4458385407924652
-0.013768419623374939,0.2519071102142334,0.4595775306224823
-0.047909289598464966,0.2525584101676941,0.3822091221809387
-0.07527607679367065,0.256569504737854,0.24619506299495697
-0.052874162793159485,0.25716131925582886,0.06033682823181152
-0.018528513610363007,0.2601853609085083,-0.1522214412689209
-0.006995911709964275,0.2644001841545105,-0.30231940746307373
-0.05811998248100281,0.23944664001464844,-0.34091222286224365
-0.1619519293308258,0.16155070066452026,-0.3205919861793518
-0.16023044288158417,0.16789942979812622,-0.24763363599777222
-0.13458731770515442,0.21575027704238892,-0.1736011505126953
-0.16226600110530853,0.23563891649246216,-0.14656555652618408
-0.16551800072193146,0.2317976951599121,-0.14335578680038452
-0.12483881413936615,0.2305493950843811,-0.17940175533294678
-0.08251889050006866,0.19353514909744263,-0.18551914393901825
-0.04488666355609894,0.16672497987747192,-0.18464529514312744
-0.005810588598251343,0.18976467847824097,-0.19587387144565582
0.02768459916114807,0.19983571767807007,-0.18318739533424377
0.05787906050682068,0.218022882938385,-0.15885943174362183
0.09756502509117126,0.22360682487487793,-0.11240886151790619
0.1110333800315857,0.20713239908218384,-0.02999597042798996
0.12372958660125732,0.2341005802154541,0.033620163798332214
0.14823764562606812,0.23275136947631836,0.0952645093202591
0.13936880230903625,0.21846413612365723,0.16943895816802979
0.13982972502708435,0.23256319761276245,0.22252506017684937
0.14367270469665527,0.2256697416305542,0.2764278054237366
0.09809213876724243,0.25762516260147095,0.30179357528686523
0.043173015117645264,0.28684961795806885,0.2731921672821045
-0.00034242868423461914,0.27642953395843506,0.21824932098388672
-0.04913508892059326,0.2620452642440796,0.16253377497196198
-0.08205214142799377,0.26819783449172974,0.0978679209947586
-0.09386035799980164,0.252224326133728,0.04016628861427307
-0.09994706511497498,0.251834511756897,-0.023666009306907654
-0.0757811963558197,0.2562183737754822,-0.09468144178390503
-0.03695592284202576,0.2345585823059082,-0.1286710500717163
-0.022896289825439453,0.2092180848121643,-0.12939804792404175
-0.05400034785270691,0.14353108406066895,-0.11838364601135254
-0.13319909572601318,-0.03892862796783447,-0.06448054313659668
-0.15777230262756348,-0.16775375604629517,-0.0030684471130371094
-0.08263051509857178,-0.18595504760742188,0.07031537592411041
0.04239225387573242,-0.16852355003356934,0.13862723112106323
0.12320512533187866,-0.1335355043411255,0.17596113681793213
0.10071831941604614,-0.11074000597000122,0.16269701719284058
0.06108361482620239,-0.08369284868240356,0.1100621223449707
0.06069248914718628,-0.0003307461738586426,0.04716694355010986
0.04400777816772461,0.08038878440856934,-0.02669498324394226
-0.0028562545776367188,0.10308235883712769,-0.10885727405548096
-0.04840630292892456,0.0894320011138916,-0.2077551782131195
-0.07966846227645874,0.049701571464538574,-0.2752469480037689
-0.07807719707489014,0.011802911758422852,-0.2828335762023926
-0.032494544982910156,0.0032221078872680664,-0.26004543900489807
0.027687251567840576,0.0010419487953186035,-0.21694546937942505
0.054224610328674316,-0.02252376079559326,-0.1510026454925537
0.055713772773742676,-0.03936511278152466,-0.07557407021522522
0.055490851402282715,-0.040379345417022705,-0.01135176420211792
0.03191155195236206,-0.03957831859588623,0.04146358370780945
-0.008786499500274658,-0.0366554856300354,0.06892368197441101
-0.053642988204956055,-0.028225243091583252,0.061705976724624634
-0.08675086498260498,-0.02325338125228882,0.0358462929725647
-0.10007381439208984,-0.027823269367218018,0.0062441229820251465
-0.07485145330429077,-0.027698099613189697,-0.023484736680984497
-0.013983666896820068,-0.027830123901367188,-0.03983181715011597
0.03496122360229492,-0.02885383367538452,-0.04836350679397583
0.06293880939483643,-0.025596916675567627,-0.049421727657318115
0.08734959363937378,-0.026418864727020264,-0.038032710552215576
0.09812480211257935,-0.03297334909439087,-0.02729734778404236
0.0891905426979065,-0.041565001010894775,-0.008502542972564697
0.08296555280685425,-0.037922799587249756,0.01389262080192566
0.0658537745475769,-0.03221917152404785,0.03492075204849243
0.03962588310241699,-0.02752751111984253,0.058148741722106934
0.019166529178619385,-0.022339224815368652,0.07124990224838257
0.015192806720733643,-0.018485307693481445,0.07892996072769165
0.028259336948394775,-0.020780980587005615,0.08625781536102295
0.03436684608459473,-0.020771503448486328,0.07556095719337463
0.03203779458999634,-0.016207754611968994,0.05361682176589966
0.010796606540679932,-0.01543569564819336,0.03475174307823181
-0.010731935501098633,-0.009573638439178467,0.023455321788787842
-0.022735536098480225,-0.00970315933227539,0.0201093852519989
-0.03423190116882324,-0.01648080348968506,0.011247068643569946
-0.04329276084899902,-0.013303577899932861,-0.005524009466171265
-0.06057155132293701,-0.008374929428100586,-0.01802113652229309
-0.07007789611816406,-0.01295548677444458,-0.021338284015655518
-0.05435246229171753,-0.018516182899475098,-0.02360975742340088
-0.02663874626159668,-0.02239161729812622,-0.018429279327392578
-0.008690893650054932,-0.03352212905883789,-0.006242722272872925
0.0019611716270446777,-0.036355793476104736,-0.01452985405921936
0.009241938591003418,-0.0349239706993103,-0.029580771923065186
0.01484447717666626,-0.03610426187515259,-0.04589912295341492
0.032377779483795166,-0.03951674699783325,-0.05540591478347778
0.053830087184906006,-0.04405909776687622,-0.05718478560447693
0.05594921112060547,-0.04379981756210327,-0.0507378876209259
0.04702407121658325,-0.04746896028518677,-0.03871771693229675
0.03647804260253906,-0.05073601007461548,-0.03155475854873657
0.022054612636566162,-0.05136054754257202,-0.025194644927978516
0.010010898113250732,-0.04905146360397339,-0.02188420295715332
0.010197162628173828,-0.04882162809371948,-0.0033659934997558594
0.01344531774520874,-0.05071425437927246,0.025977611541748047
0.01896655559539795,-0.04371398687362671,0.03671512007713318
0.02394425868988037,-0.03449887037277222,0.03762686252593994
0.03195244073867798,-0.031211555004119873,0.031231462955474854
0.029461205005645752,-0.02532881498336792,0.01905035972595215
0.01801455020904541,-0.01964503526687622,0.010870128870010376
-0.0006592273712158203,-0.008536875247955322,0.005636751651763916
-0.020428061485290527,0.005211591720581055,0.005174577236175537
-0.037056565284729004,0.018586814403533936,0.0016539692878723145
-0.054561614990234375,0.03335338830947876,-0.013607442378997803
-0.07613134384155273,0.052114248275756836,-0.03820618987083435
-0.11119198799133301,0.06596899032592773,-0.0596393346786499
-0.16624534130096436,0.08612895011901855,-0.08054178953170776
-0.2493181824684143,0.12638384103775024,-0.11052867770195007
-0.3415375351905823,0.17813563346862793,-0.13707208633422852
-0.38345712423324585,0.2171526551246643,-0.14702406525611877
-0.4048996567726135,0.26107966899871826,-0.14990800619125366
-0.4425175189971924,0.3027198910713196,-0.14800459146499634
-0.4781472384929657,0.3348970413208008,-0.14720797538757324
-0.4897698163986206,0.36238032579421997,-0.1414279341697693
-0.47463753819465637,0.37082844972610474,-0.12981918454170227
-0.442211389541626,0.3736841678619385,-0.11024206876754761
-0.415193110704422,0.39336585998535156,-0.08059430122375488
-0.37065136432647705,0.4165010452270508,-0.04697389900684357
-0.29969656467437744,0.4251415729522705,-0.009835779666900635
-0.2517653703689575,0.4239243268966675,0.03023100644350052
-0.2215385138988495,0.42484164237976074,0.07040363550186157
-0.1850401908159256,0.4142528176307678,0.1195375919342041
-0.12943975627422333,0.3776785731315613,0.1728796362876892
-0.06287912279367447,0.3569837212562561,0.22222554683685303
0.016498401761054993,0.3216259479522705,0.2670407295227051
0.09144194424152374,0.2732914686203003,0.2817310094833374
0.1300632655620575,0.22723662853240967,0.2530738115310669
0.13862304389476776,0.20199686288833618,0.19606707990169525
0.1286415457725525,0.18278521299362183,0.13558495044708252
0.11000388860702515,0.1552932858467102,0.08635282516479492
0.09633779525756836,0.12346422672271729,0.04777088761329651
0.09963837265968323,0.09271401166915894,0.030530214309692383
0.12194676697254181,0.0731496810913086,0.032835930585861206
0.1344398558139801,0.05187004804611206,0.055277854204177856
0.1308915913105011,0.029222309589385986,0.0987439751625061
0.14983732998371124,0.0037326812744140625,0.14128845930099487
0.1764351725578308,-0.020906686782836914,0.15175983309745789
0.17915058135986328,-0.023245692253112793,0.144955575466156
0.16284871101379395,-0.02241694927215576,0.14540600776672363
0.13914921879768372,-0.027869880199432373,0.1632975935935974
0.1188579872250557,-0.027302980422973633,0.1816614866256714
0.09530788660049438,-0.020943164825439453,0.19405364990234375
0.07156830281019211,-0.018624424934387207,0.21122634410858154
0.053973548114299774,-0.010555863380432129,0.22360867261886597
0.03206349536776543,-0.0019637346267700195,0.2306429147720337
0.006539158523082733,0.005217015743255615,0.2309819459915161
-0.016180813312530518,0.008647263050079346,0.23089349269866943
-0.03235736861824989,0.006580710411071777,0.23290777206420898
-0.04303710535168648,0.00030934810638427734,0.23629534244537354
-0.04476267844438553,-0.002101600170135498,0.2309771180152893
-0.04090878367424011,0.00550466775894165,0.22604000568389893
-0.04894134774804115,0.018655121326446533,0.21730124950408936
-0.06642377376556396,0.03479015827178955,0.21303129196166992
-0.08768506348133087,0.048999905586242676,0.2141844630241394
-0.08758766949176788,0.050848186016082764,0.21100938320159912
-0.07250091433525085,0.05950862169265747,0.20669597387313843
-0.06386002898216248,0.0627056360244751,0.2025412917137146
-0.06230735406279564,0.0671842098236084,0.17123347520828247
-0.061106130480766296,0.07050567865371704,0.1257670521736145
-0.05314483866095543,0.06464147567749023,0.09833294153213501
-0.05083443224430084,0.07220536470413208,0.11201876401901245
-0.05902979150414467,0.0760079026222229,0.19211184978485107
-0.022910645231604576,0.04895693063735962,0.17749488353729248
0.0375836156308651,0.09111762046813965,0.08233153820037842
0.034911200404167175,0.09793466329574585,0.03673577308654785
0.008853879757225513,0.045287907123565674,0.015618622303009033
0.0034359279088675976,0.023374617099761963,0.004063665866851807
0.023754898458719254,0.032115042209625244,0.0029810667037963867
0.04750961810350418,0.034545302391052246,0.003167450428009033
0.04866183549165726,0.031239449977874756,-0.014453411102294922
0.03149910271167755,0.02189427614212036,-0.02776247262954712
0.026217959821224213,-0.0026343464851379395,-0.02298760414123535
0.008235609158873558,-0.025561928749084473,-0.010602116584777832
-0.07615426182746887,-0.024775981903076172,0.0152396559715271
-0.16063471138477325,-0.03713345527648926,0.04032331705093384
-0.14226119220256805,-0.008569836616516113,0.05230444669723511
-0.11531057953834534,0.031116366386413574,0.06754857301712036
-0.1171279326081276,0.026934683322906494,0.07843852043151855
-0.09816539287567139,0.015538394451141357,0.0741201639175415
-0.06933088600635529,0.020288705825805664,0.06224870681762695
-0.0624379925429821,0.01819664239883423,0.044552624225616455
-0.06629185378551483,0.012874901294708252,0.012867569923400879
-0.056502725929021835,0.01745164394378662,-0.015327274799346924
-0.03302658349275589,0.01582026481628418,-0.021603107452392578
-0.012704391032457352,0.0154266357421875,-0.015949249267578125
0.014697011560201645,0.0150681734085083,-0.008571922779083252
0.033015456050634384,0.0187494158744812,-0.006049513816833496
0.03008176013827324,0.03321772813796997,-0.01721721887588501
0.019346799701452255,0.0377194881439209,-0.025852739810943604
0.003190077841281891,0.04275721311569214,-0.027921974658966064
-0.004305236041545868,0.04691523313522339,-0.01796334981918335
-0.00529942661523819,0.057397544384002686,0.0051659345626831055
-0.01724524423480034,0.06438088417053223,0.03000563383102417
-0.028542261570692062,0.06050676107406616,0.023615479469299316
-0.040728289633989334,0.07194918394088745,-0.009052097797393799
-0.06026974692940712,0.09088808298110962,-0.031800150871276855
-0.03453752398490906,0.11259710788726807,-0.024703800678253174
0.004279281944036484,0.11559832096099854,0.0028664469718933105
-0.001921098679304123,0.06073164939880371,0.04476213455200195
-0.04088786989450455,0.08280491828918457,0.06336778402328491
-0.0994674563407898,0.10759091377258301,0.07401889562606812
-0.035004936158657074,-0.005529463291168213,0.056697964668273926
-0.017576761543750763,-0.04011803865432739,0.06887328624725342
-0.03362581878900528,-0.0007240772247314453,0.10126900672912598
-0.029402785003185272,0.01611471176147461,0.10041952133178711
-0.025806449353694916,0.015051424503326416,0.0979839563369751
-0.016694985330104828,0.0017395615577697754,0.1112828254699707
-0.013901032507419586,-0.017161548137664795,0.12423688173294067
-0.003391176462173462,-0.030870914459228516,0.12723273038864136
0.019674941897392273,-0.03842669725418091,0.11651057004928589
0.04376006871461868,-0.04268902540206909,0.10018724203109741
0.051136285066604614,-0.04311031103134155,0.07473176717758179
0.04209142178297043,-0.03515821695327759,0.052049458026885986
0.029498599469661713,-0.024750828742980957,0.04028427600860596
0.016444377601146698,-0.01841294765472412,0.042390644550323486
0.009304530918598175,-0.008913755416870117,0.04915851354598999
0.0060064420104026794,-0.004815936088562012,0.05869400501251221
0.012836061418056488,0.0006694793701171875,0.07151812314987183
0.015603572130203247,0.012629389762878418,0.0839693546295166
0.013443529605865479,0.025425434112548828,0.09175747632980347
0.01646101474761963,0.033996522426605225,0.09209394454956055
0.02761370688676834,0.03440338373184204,0.07825690507888794
0.040971919894218445,0.02924513816833496,0.051206767559051514
0.05469275265932083,0.028043389320373535,0.027226388454437256
0.04587128013372421,0.032106995582580566,0.021540939807891846
0.021636061370372772,0.04264289140701294,0.040731191635131836
-0.009630858898162842,0.053935468196868896,0.05622732639312744
-0.02623920887708664,0.05544942617416382,0.060237109661102295
-0.008859910070896149,0.041615068912506104,0.0545160174369812
0.022137321531772614,0.022838294506072998,0.04148787260055542
0.04605838656425476,0.008953213691711426,0.02277439832687378
0.06917644292116165,-0.008270323276519775,0.005931556224822998
0.08101356029510498,-0.022027969360351562,-0.011419534683227539
0.08220165222883224,-0.03189581632614136,-0.025385022163391113
0.07859023660421371,-0.03221333026885986,-0.04151397943496704
0.07417136430740356,-0.03539925813674927,-0.061288416385650635
0.06603733450174332,-0.041300058364868164,-0.08685147762298584
0.059249937534332275,-0.04020112752914429,-0.10985910892486572
0.06654711067676544,-0.04144960641860962,-0.11373680830001831
0.07107552140951157,-0.03969573974609375,-0.1016877293586731
0.07833634316921234,-0.04324585199356079,-0.08127301931381226
0.06874614953994751,-0.039143919944763184,-0.06771790981292725
0.05051606148481369,-0.025295794010162354,-0.060669541358947754
0.030569270253181458,-0.013400793075561523,-0.05409187078475952
0.017042294144630432,-0.007881343364715576,-0.04255044460296631
0.020031385123729706,-0.007276654243469238,-0.03556948900222778
0.030007436871528625,-0.0155256986618042,-0.03798532485961914
0.05525296926498413,-0.03231710195541382,-0.04477792978286743
0.056827694177627563,-0.03778189420700073,-0.06744259595870972
0.034876853227615356,-0.03453153371810913,-0.08522886037826538
0.01193283498287201,-0.02849292755126953,-0.0820433497428894
0.008880749344825745,-0.022610068321228027,-0.07303071022033691
0.0028867721557617188,-0.013337314128875732,-0.06532758474349976
-0.008475422859191895,-0.006667733192443848,-0.04539024829864502
-0.012369982898235321,-0.005829572677612305,-0.0006818771362304688
-0.029206737875938416,-0.01512134075164795,0.10563641786575317
0.033073969185352325,0.051117002964019775,-0.3058776259422302
0.051550403237342834,0.10521328449249268,-1.1572277545928955
-0.12573327124118805,-0.20515376329421997,0.16284185647964478
0.020282767713069916,0.03174465894699097,0.2085070013999939
-0.0572035014629364,0.022093474864959717,-0.06923109292984009
-0.1309155821800232,-0.015200316905975342,-0.07364547252655029
-0.07662040740251541,-0.006463885307312012,-0.06597065925598145
-0.04044591635465622,-0.017198920249938965,-0.08012771606445312
-0.005694262683391571,-0.009322285652160645,-0.07962054014205933
0.019356288015842438,0.005627632141113281,-0.08122116327285767
0.03827432543039322,0.014182031154632568,-0.06988328695297241
0.04124637693166733,0.0280800461769104,-0.023137032985687256
0.01866251230239868,0.035306453704833984,0.02019023895263672
-0.026744037866592407,0.052243053913116455,0.03424757719039917
-0.06097767502069473,0.07061916589736938,0.014935910701751709
-0.06353139877319336,0.06945312023162842,-0.031201183795928955
-0.03189295530319214,0.06381326913833618,-0.11061561107635498
0.002296164631843567,0.09187376499176025,-0.18576622009277344
0.005838118493556976,0.09626811742782593,-0.24399995803833008
0.06246490031480789,0.0977906584739685,-0.27235108613967896
0.11853165924549103,0.1107865571975708,-0.3061847686767578
0.11170139908790588,0.1238592267036438,-0.39057475328445435
0.14275044202804565,0.17589467763900757,-0.45109760761260986
0.0852564200758934,0.2423027753829956,-0.41060560941696167
-0.043781451880931854,0.25589925050735474,-0.3832012414932251
-0.05862849950790405,0.2744923233985901,-0.42722225189208984
-0.07243771106004715,0.2463584542274475,-0.4716506004333496
-0.025131702423095703,0.28641194105148315,-0.40146970748901367
0.021463006734848022,0.24682700634002686,-0.23256242275238037
0.07013040781021118,0.2118813395500183,-0.13083559274673462
0.039062611758708954,0.18965306878089905,-0.11561715602874756
0.052598483860492706,0.15874016284942627,-0.13142049312591553
0.09224779903888702,0.10198402404785156,-0.18063634634017944
0.11997530609369278,0.05073651671409607,-0.24375033378601074
0.12085466831922531,0.005275219678878784,-0.2859896421432495
0.11527383327484131,-0.01456916332244873,-0.3341881036758423
0.07610105723142624,-0.011491894721984863,-0.3246358633041382
0.0076972320675849915,0.0017354488372802734,-0.18502461910247803
-0.06603395193815231,0.0028023719787597656,0.02084183692932129
-0.1283336728811264,0.004671499133110046,0.18740099668502808
-0.14862686395645142,-0.005069270730018616,0.3134450912475586
-0.13470274209976196,-0.028588205575942993,0.4180029630661011
-0.1722823977470398,0.0037033408880233765,0.473258376121521
-0.13534976541996002,0.037296995520591736,0.462776780128479
0.024005226790905,0.04861763119697571,0.37622058391571045
0.14404729008674622,0.011047795414924622,0.26392149925231934
0.20748278498649597,-0.0017799809575080872,0.20941144227981567
0.18417491018772125,0.0032476335763931274,0.20895624160766602
0.10392627120018005,0.004237733781337738,0.24663221836090088
0.0012596622109413147,0.008342906832695007,0.2785193920135498
-0.07812892645597458,0.02381318062543869,0.3034921884536743
-0.10424555838108063,-0.003198405960574746,0.36963868141174316
-0.09805352985858917,-0.045478567481040955,0.4312460422515869
-0.10241322219371796,-0.03932489454746246,0.7206767797470093
-0.022777196019887924,0.02306183986365795,0.8656630516052246
0.019502565264701843,-0.18699075281620026,0.3822861909866333
0.0738598108291626,-0.11087841540575027,-0.006206631660461426
0.10190565884113312,-0.09223532676696777,0.006603360176086426
0.04272487387061119,-0.15690010786056519,0.14266759157180786
-0.016514476388692856,-0.13521672785282135,0.06331074237823486
-0.07519060373306274,-0.10374372452497482,-0.011080265045166016
-0.06100530922412872,-0.09364385902881622,0.007852554321289062
-0.036642368882894516,-0.10087114572525024,-0.005944788455963135
-0.034861911088228226,-0.11214570701122284,-0.0195084810256958
-0.05844033509492874,-0.11484922468662262,-0.017987847328186035
-0.04307284951210022,-0.11744505167007446,0.02752816677093506
-0.06510883569717407,-0.09830828011035919,-0.06122112274169922
-0.029549328610301018,-0.059431109577417374,-0.05638718605041504
0.07239619642496109,-0.12281648814678192,-0.029349446296691895
0.1259920299053192,-0.12359598278999329,-0.032845914363861084
0.13985154032707214,-0.31315943598747253,-0.024674534797668457
-0.12869195640087128,-0.8389277458190918,0.03659236431121826
-0.3254302740097046,-0.5394401550292969,-0.004126787185668945
-0.43475937843322754,-0.44899168610572815,0.015732288360595703
-0.4700102210044861,-0.31186068058013916,0.14283621311187744
-0.4629579782485962,-0.25046589970588684,0.0040465593338012695
-0.29125672578811646,0.017151765525341034,-0.01887071132659912
-0.2805933952331543,0.16790859401226044,0.0033774375915527344
-0.22453835606575012,0.23896172642707825,-0.001153707504272461
-0.09824936091899872,0.24911998212337494,0.0018996000289916992
0.051359571516513824,0.12793368101119995,-0.008811235427856445
0.1594269722700119,0.06716056913137436,0.008524119853973389
0.15010112524032593,0.06691150367259979,-0.008717179298400879
0.0871409997344017,0.13756997883319855,0.0028194785118103027
0.03550192713737488,0.22244149446487427,-0.005450725555419922
0.008200397714972496,0.23274263739585876,0.0025290250778198242
0.043827906250953674,0.17223083972930908,-0.006261944770812988
0.10023415088653564,0.08015082776546478,0.0048754215240478516
0.12460963428020477,0.08144112676382065,-0.0028630495071411133
0.1727413833141327,0.11908748745918274,-0.00013393163681030273
0.17305508255958557,0.17681153118610382,0.0006570816040039062
0.13500864803791046,0.21607083082199097,-0.0004292726516723633
0.07723741233348846,0.21446768939495087,-0.0024148225784301758
0.020171117037534714,0.17556165158748627,0.0016434192657470703
-0.029756292700767517,0.14362390339374542,-0.0017899274826049805
-0.0385221466422081,0.09206758439540863,-0.0014542341232299805
-0.0007198285311460495,0.046136774122714996,0.001871943473815918
0.00039688870310783386,0.04243896156549454,-0.002965092658996582
-0.003597678616642952,-0.001566166989505291,-0.001560807228088379
0.01502395048737526,0.010624282993376255,0.0018264055252075195
-0.011983741074800491,0.006228761747479439,-0.002491176128387451
-0.04817701876163483,-0.008692394010722637,-0.0016513466835021973
-0.07251009345054626,-0.053648464381694794,-0.0005060434341430664
-0.06863315403461456,-0.04536425694823265,-0.0033739805221557617
-0.028348656371235847,0.08126562833786011,-0.004121601581573486
-0.033529020845890045,0.15048444271087646,-0.0003376007080078125
-0.009251616895198822,0.07944153249263763,-0.0006424188613891602
0.0005113109946250916,0.08315856009721756,-0.0008095502853393555
0.0004471559077501297,0.0804060697555542,-0.0019385218620300293
0.0075928643345832825,0.08127298951148987,-0.001678764820098877
0.01896004192531109,0.08698565512895584,-0.0012969374656677246
0.024164486676454544,0.08520419895648956,-0.001311659812927246
0.037351980805397034,0.08815352618694305,-0.0015709996223449707
0.04590637981891632,0.0891336053609848,-4.5299530029296875e-05
0.04433967173099518,0.07907514274120331,-0.0008538961410522461
0.05215459316968918,0.07365990430116653,-0.0007925629615783691
0.07208128273487091,0.06811163574457169,-0.0007155537605285645
0.07638698816299438,0.046204134821891785,-0.0015237927436828613
0.027063481509685516,-0.0019010351970791817,-0.0019816160202026367
-0.01894843764603138,-0.010835031978785992,-0.0006845593452453613
-0.011693814769387245,-0.007051236927509308,-0.0017223358154296875
-0.011698085814714432,-0.007440789602696896,-0.0025453567504882812
-0.012668915092945099,-0.008466468192636967,-0.0019038915634155273
-0.012921014800667763,-0.007665276527404785,-0.0005453824996948242
-0.011292420327663422,-0.007581204175949097,-0.0022843480110168457
-0.01155550591647625,-0.007701423019170761,-0.0013832449913024902
-0.010912610217928886,-0.00770198367536068,-0.0013527870178222656
-0.010057639330625534,-0.007595979608595371,-0.001414179801940918
-0.01112910732626915,-0.007977355271577835,-0.0013685226440429688
-0.01171928457915783,-0.008223078213632107,-0.0017348527908325195
-0.011231251060962677,-0.007430076599121094,-0.0012770891189575195
-0.011142270639538765,-0.007816668599843979,-0.002055644989013672
-0.010776575654745102,-0.007583893835544586,-0.0016595125198364258
-0.011215047910809517,-0.006948018446564674,-0.0008821487426757812
-0.010433150455355644,-0.007666014134883881,-0.0011268854141235352
-0.011172419413924217,-0.007570020854473114,-0.0017069578170776367
-0.01190849207341671,-0.0075832027941942215,-0.0009292364120483398
-0.011520426720380783,-0.006889535114169121,-0.0011587142944335938
-0.011427203193306923,-0.007377219386398792,-0.0013426542282104492
-0.011975444853305817,-0.00780494324862957,-0.0016331076622009277
-0.011733734980225563,-0.007956402376294136,-0.0020915865898132324
-0.011058075353503227,-0.007244521751999855,-0.00221407413482666
-0.011337537318468094,-0.00760552566498518,-0.0019400715827941895
-0.011596446856856346,-0.007800303399562836,-0.0025205612182617188
-0.011417848989367485,-0.007536103017628193,-0.0003085136413574219
-0.010933080688118935,-0.007292279042303562,-0.0014691352844238281
-0.010868288576602936,-0.007774262689054012,-0.0012562274932861328
-0.011429043486714363,-0.0072075240314006805,-0.0015926361083984375
-0.01085442304611206,-0.007511361502110958,-0.0020815134048461914
-0.011434799060225487,-0.007571685127913952,-0.0016546249389648438
-0.010702313855290413,-0.0074719032272696495,-0.001990675926208496
-0.01083492860198021,-0.007812353782355785,-0.0027085542678833008
-0.01035994477570057,-0.007654801942408085,-0.0019919872283935547
-0.011404473334550858,-0.007603408768773079,-0.0011988282203674316
-0.011663153767585754,-0.007568633183836937,-0.0015808939933776855
-0.012186748906970024,-0.008173385635018349,-0.0018259286880493164
-0.011727137491106987,-0.007580883800983429,-0.0006208419799804688
-0.010749343782663345,-0.007991142570972443,-0.0015524625778198242
-0.010237859562039375,-0.007449784316122532,-0.0003783106803894043
-0.009997779503464699,-0.007465432398021221,-0.000943303108215332
-0.010157518088817596,-0.007707391865551472,-0.002012014389038086
-0.010907450690865517,-0.007902294397354126,-0.0015854835510253906
-0.011014305055141449,-0.007647817023098469,-0.002074599266052246
-0.010971294716000557,-0.007041223347187042,-0.0011141300201416016
-0.01109703816473484,-0.007214854471385479,-0.00044274330139160156
-0.011359229683876038,-0.006736645475029945,-0.0005956888198852539
-0.01053551398217678,-0.006844118237495422,-0.0017406344413757324
-0.01058240421116352,-0.007023480720818043,-0.001191854476928711
-0.010443205013871193,-0.007518433965742588,-0.001207590103149414
-0.011724349111318588,-0.007269228808581829,-0.0017270445823669434
-0.010103173553943634,-0.007922615855932236,-0.0016208887100219727
-0.010895831510424614,-0.00723971426486969,-0.002552032470703125
-0.01068342849612236,-0.00611405074596405,-0.0013012290000915527
-0.010339505970478058,-0.006698949262499809,-0.0006459355354309082
-0.010492755100131035,-0.0065979985520243645,-0.0026453137397766113
-0.01099979318678379,-0.007685378193855286,-0.0020657777786254883
-0.011310985311865807,-0.007402900606393814,-0.0011355876922607422
-0.011038286611437798,-0.006352283991873264,-0.0011211633682250977
-0.010614246129989624,-0.007481427863240242,-0.0016251206398010254
-0.01044190488755703,-0.007166089490056038,-0.0010154247283935547
-0.01072290726006031,-0.006775292567908764,-0.0020837783813476562
-0.010308101773262024,-0.008001279085874557,-0.0009546875953674316
-0.010604573413729668,-0.008025096729397774,-0.0023283958435058594
-0.010456789284944534,-0.0071904584765434265,-0.001947641372680664
-0.01088370569050312,-0.006790595129132271,-0.000681757926940918
-0.010539254173636436,-0.0065920185297727585,-0.0012012720108032227
-0.010446285828948021,-0.006254976615309715,-0.0014002323150634766
-0.010050874203443527,-0.006832189857959747,-0.0013849735260009766
-0.009581416845321655,-0.00709901750087738,-0.001553177833557129
-0.00981047935783863,-0.00699185486882925,-0.002194046974182129
-0.010271940380334854,-0.007451828569173813,-0.000546574592590332
-0.01124328002333641,-0.007104484364390373,-0.0008828043937683105
-0.010977588593959808,-0.006199774332344532,-0.001875162124633789
-0.00929107703268528,-0.00659546721726656,-0.0019212961196899414
-0.009677955880761147,-0.007357523776590824,-0.0014635920524597168
-0.009704995900392532,-0.007381357252597809,-0.0018761157989501953
-0.011195534840226173,-0.0072540100663900375,-0.0019222497940063477
-0.010775843635201454,-0.007292337715625763,-0.0013582110404968262
-0.010723194107413292,-0.007260339334607124,-0.0012364983558654785
-0.010897507891058922,-0.006853983737528324,-0.0016640424728393555
-0.010417595505714417,-0.006339509040117264,-0.0013133883476257324
-0.01006912812590599,-0.006594798527657986,-0.0017102360725402832
-0.009446609765291214,-0.007336845621466637,-0.0015124082565307617
-0.010577511042356491,-0.006382634863257408,-0.0022299885749816895
-0.01012873649597168,-0.006884723901748657,-0.0024288296699523926
-0.010082598775625229,-0.0071105146780610085,-0.0007202625274658203
-0.009794715791940689,-0.006624299101531506,-0.0013009309768676758
-0.009644141420722008,-0.006409005261957645,-0.0006605386734008789
-0.010336855426430702,-0.006964004598557949,-0.0017136931419372559
-0.010217960923910141,-0.0058598751202225685,-0.000982046127319336
-0.010127158835530281,-0.005229298025369644,-0.001958906650543213
-0.00996742770075798,-0.006310761906206608,-0.0016235709190368652
-0.0102609321475029,-0.007198411040008068,-0.001410365104675293
-0.009733723476529121,-0.006358087994158268,-0.0025092363357543945
-0.00995839387178421,-0.0076988572254776955,-0.0011975765228271484
-0.009728066623210907,-0.007812397554516792,-0.0009996891021728516
-0.010179085657000542,-0.007089020684361458,-0.0014733076095581055
-0.010033346712589264,-0.006608894094824791,-0.0016875267028808594
-0.010245947167277336,-0.006889538839459419,-0.0025272369384765625
-0.010133050382137299,-0.006468627601861954,-0.0018564462661743164
-0.00979987345635891,-0.006720438599586487,-0.0018110871315002441
-0.010622512549161911,-0.0062453290447592735,-0.0017199516296386719
-0.01071414165198803,-0.006713487207889557,0.00020229816436767578
-0.009250253438949585,-0.007696082815527916,-0.0010647773742675781
-0.009153509512543678,-0.005922337062656879,-0.0013704299926757812
-0.00979970209300518,-0.006735959090292454,-0.0005619525909423828
-0.01079804077744484,-0.006520582363009453,-0.001340031623840332
-0.01000295951962471,-0.006805893033742905,-0.0010810494422912598
-0.009335972368717194,-0.006709694862365723,-0.0011881589889526367
-0.010032860562205315,-0.007368595339357853,-0.0015854835510253906
-0.0098558459430933,-0.006370425224304199,-0.0010976791381835938
-0.009293260052800179,-0.005956162698566914,-0.0012049078941345215
-0.00935470499098301,-0.00714744720607996,-0.0019073486328125
-0.010152613744139671,-0.006638028658926487,-0.0005801916122436523
-0.00987304374575615,-0.006021682173013687,-0.001602768898010254
-0.009596267715096474,-0.006793404929339886,-0.001160740852355957
-0.010083984583616257,-0.00682311225682497,-3.212690353393555e-05
-0.009183919057250023,-0.006380971521139145,-0.0016192197799682617
-0.009766222909092903,-0.00635830033570528,-0.001619577407836914
-0.009832212701439857,-0.007057200185954571,-0.0012996196746826172
-0.009431758895516396,-0.006616647355258465,-0.0014832019805908203
-0.009994931519031525,-0.006025270558893681,-0.001972198486328125
-0.009891007095575333,-0.006133527494966984,-0.0020943880081176758
-0.010052526369690895,-0.006207604892551899,-0.0014388561248779297
-0.010597696527838707,-0.007273029536008835,-0.0017292499542236328
-0.009235428646206856,-0.006643141619861126,-0.0014094710350036621
-0.009037524461746216,-0.006426635198295116,-0.0010741353034973145
-0.009648261591792107,-0.005798094905912876,-0.001761317253112793
-0.008661258965730667,-0.005727597512304783,-0.0018227100372314453
-0.010190501809120178,-0.006301312707364559,-0.0009837746620178223
-0.0100934486836195,-0.005826978012919426,-0.0018382668495178223
-0.00922645628452301,-0.006454805843532085,-0.0013803839683532715
-0.009506167843937874,-0.006104783155024052,-0.001319289207458496
-0.010095670819282532,-0.006766964681446552,-0.0013501644134521484
-0.009659184142947197,-0.006415259093046188,-0.002159297466278076
-0.010212758556008339,-0.0059911031275987625,-0.0012286901473999023
-0.009940002113580704,-0.00622095912694931,-0.0014122724533081055
-0.009410984814167023,-0.006767545826733112,-0.0014279484748840332
-0.00865234062075615,-0.007973750121891499,-0.0005741715431213379
-0.009130893275141716,-0.006697029806673527,-0.001200258731842041
-0.009394887834787369,-0.005956860259175301,-0.0021924376487731934
-0.009509336203336716,-0.006422239355742931,-0.0017504692077636719
-0.009729301556944847,-0.005340965464711189,-0.0020563602447509766
-0.010255850851535797,-0.006033884361386299,-0.0015376806259155273
-0.009158149361610413,-0.006485132500529289,-0.001202225685119629
-0.009039262309670448,-0.006556103006005287,-0.002072274684906006
-0.009645814076066017,-0.006092091090977192,-0.0011116862297058105
-0.009339962154626846,-0.006385829299688339,-0.0011272430419921875
-0.008608654141426086,-0.005854412913322449,-0.0025315284729003906
-0.009073276072740555,-0.005718478932976723,-0.001799464225769043
-0.00973854586482048,-0.0053498269990086555,-0.00170820951461792
-0.009632492437958717,-0.006573113612830639,-0.0009151697158813477
-0.00967215932905674,-0.005650204606354237,-0.0018465518951416016
-0.008658494800329208,-0.006112392991781235,-0.0022286176681518555
-0.009105764329433441,-0.006961268372833729,-0.001832127571105957
-0.008982362225651741,-0.00567503459751606,-0.0015274286270141602
-0.00948427990078926,-0.005448232404887676,-0.0024739503860473633
-0.00934605859220028,-0.006871305406093597,-0.0016504526138305664
-0.008145835250616074,-0.006485095247626305,-0.0009339451789855957
-0.009373066946864128,-0.0063011134043335915,-0.0007510185241699219
-0.008679952472448349,-0.00676320306956768,-0.0013924837112426758
-0.008718635886907578,-0.006086303852498531,-0.0016524791717529297
-0.008877646178007126,-0.006314844824373722,-0.0007371306419372559
-0.009734317660331726,-0.005826386623084545,-0.0006921291351318359
-0.009863322600722313,-0.007194469682872295,-0.0010738372802734375
-0.00865587592124939,-0.006014647893607616,-0.0012115836143493652
-0.009524989873170853,-0.005939848721027374,-0.0021123886108398438
-0.008856948465108871,-0.005541046150028706,-0.0004953145980834961
-0.009182829409837723,-0.0061909714713692665,-0.0016095638275146484
-0.008840227499604225,-0.006408989429473877,-0.00125885009765625
-0.009023267775774002,-0.00576461385935545,-0.0017319917678833008
-0.008804982528090477,-0.006949315778911114,-0.0015034675598144531
-0.0092458575963974,-0.0062073636800050735,-0.0015038251876831055
-0.008798528462648392,-0.005628232844173908,-0.0024652481079101562
-0.00913967750966549,-0.005727468989789486,-0.001992523670196533
-0.010460101068019867,-0.005830517038702965,-0.0022674202919006348
-0.009222269058227539,-0.005915706977248192,-0.0023283958435058594
-0.009913017973303795,-0.0063905008137226105,-0.0010161399841308594
-0.00938943587243557,-0.005819953046739101,-0.001718282699584961
-0.00845298357307911,-0.0054351091384887695,-0.0023442506790161133
-0.00868912786245346,-0.006136949174106121,-0.0015817880630493164
-0.009054986760020256,-0.0061425501480698586,-0.0012156963348388672
-0.008247261866927147,-0.006192563101649284,-0.0012004971504211426
-0.008650483563542366,-0.005372780375182629,-0.0017348527908325195
-0.009375238791108131,-0.005736500956118107,-0.002025127410888672
-0.008873466402292252,-0.0050049591809511185,-0.001705169677734375
-0.009122664108872414,-0.006400443613529205,-0.0019648075103759766
-0.008780587464571,-0.006281040608882904,-0.0008662939071655273
-0.00917959026992321,-0.005640367977321148,-0.0012633204460144043
-0.009030623361468315,-0.0062382835894823074,-0.001675724983215332
-0.007962740957736969,-0.006237370893359184,-0.0014930963516235352
-0.008353771641850471,-0.006093589588999748,-0.0008066892623901367
-0.00810779444873333,-0.005617288872599602,-0.0015238523483276367
-0.008351873606443405,-0.006183374673128128,-0.0014325976371765137
-0.008475858718156815,-0.006044517271220684,-0.0011435151100158691
-0.008455056697130203,-0.0055711641907691956,-0.0015252232551574707
-0.009533021599054337,-0.005709809251129627,-0.0010526776313781738
-0.00884927250444889,-0.006236662156879902,-0.0017094612121582031
-0.008776165544986725,-0.0059439679607748985,-0.0013437271118164062
-0.008837416768074036,-0.006911871023476124,-0.0009012818336486816
-0.008644595742225647,-0.006256138905882835,-0.001466214656829834
-0.00852273777127266,-0.006362558342516422,-0.0009784102439880371
-0.007611151784658432,-0.0052295709028840065,-0.0017417669296264648
-0.008080480620265007,-0.005905740894377232,-0.0017875432968139648
-0.008668672293424606,-0.006286132149398327,-0.001909792423248291
-0.009043876081705093,-0.006768542341887951,-0.001986265182495117
-0.008546318858861923,-0.006097270175814629,-0.0016660690307617188
-0.008211089298129082,-0.005333499051630497,-0.0016970634460449219
-0.009248107671737671,-0.0048427581787109375,-0.0018347501754760742
-0.008943241089582443,-0.005031174048781395,-0.00023305416107177734
-0.008386652916669846,-0.006031765602529049,-0.0017436742782592773
-0.008125219494104385,-0.005129790864884853,-0.002399921417236328
-0.008568894118070602,-0.00545091275125742,-0.0018357634544372559
-0.008765224367380142,-0.006490017287433147,-0.0024313926696777344
-0.008570695295929909,-0.006476772017776966,-0.0009055137634277344
-0.008116763085126877,-0.00549728237092495,-0.0011955499649047852
-0.008778881281614304,-0.005155922845005989,-0.0011042356491088867
-0.008206294849514961,-0.005867907777428627,-0.0019284486770629883
-0.009019359946250916,-0.005709372460842133,-0.0017304420471191406
-0.009316805750131607,-0.005850132554769516,-0.002569913864135742
-0.008693596348166466,-0.006174342706799507,-0.0019747018814086914
-0.008879382163286209,-0.004955630749464035,-0.0013952851295471191
-0.008650645613670349,-0.006356994621455669,-0.00086212158203125
-0.00819285400211811,-0.005273664370179176,-0.0018238425254821777
-0.008398845791816711,-0.005758900195360184,-0.0009237527847290039
-0.007591424509882927,-0.005866909399628639,-0.0016257762908935547
-0.00760815292596817,-0.005838256329298019,-0.001076817512512207
-0.007823197171092033,-0.00571551825851202,-0.001321256160736084
-0.007864192128181458,-0.006237653084099293,-0.0009552240371704102
-0.009538574144244194,-0.005158251151442528,-0.0015808939933776855
-0.009068746119737625,-0.004436352290213108,-0.0029697418212890625
-0.007240487262606621,-0.005018118768930435,-0.001718759536743164
-0.008409598842263222,-0.005486904643476009,-0.0010173916816711426
-0.008070427924394608,-0.0069412970915436745,-0.0011551976203918457
-0.008614692836999893,-0.006888336502015591,-0.002025306224822998
-0.008110161870718002,-0.0054338471964001656,-0.0023308992385864258
-0.008402029052376747,-0.0047977278009057045,-0.0015987157821655273
-0.008439898490905762,-0.005246379412710667,-0.0023622512817382812
-0.007709600031375885,-0.0057687172666192055,-0.0016911029815673828
-0.008058909326791763,-0.005692498758435249,-0.0013862848281860352
-0.007927799597382545,-0.005488173104822636,-0.002317667007446289
-0.008320730179548264,-0.006092916242778301,-0.001814723014831543
-0.0075780730694532394,-0.005501925013959408,-0.0019374489784240723
-0.008104022592306137,-0.005147733725607395,-0.0019834041595458984
-0.007475670427083969,-0.005231829360127449,-0.0018004775047302246
-0.00853487104177475,-0.0058572860434651375,-0.0013734102249145508
-0.007611379027366638,-0.005846246145665646,-0.0018314719200134277
-0.00800183042883873,-0.005864516831934452,-0.001419663429260254
-0.008439859375357628,-0.005455711856484413,-0.0018012523651123047
-0.008411498740315437,-0.005598371848464012,-0.002076268196105957
-0.008096171543002129,-0.005495887249708176,-0.0023822784423828125
-0.008869573473930359,-0.005368958227336407,-3.266334533691406e-05
-0.007929665967822075,-0.006039920262992382,-0.0013605356216430664
-0.007228722795844078,-0.005737275816500187,-0.0014371275901794434
-0.007648542523384094,-0.006315380334854126,-0.001116633415222168
-0.007018880918622017,-0.005357629619538784,-0.0007205009460449219
-0.007154323160648346,-0.0055480776354670525,-0.0015294551849365234
-0.007989099249243736,-0.005402504466474056,-0.0022623538970947266
-0.008188437670469284,-0.005272572860121727,-0.002064228057861328
-0.008212985470890999,-0.0057357000187039375,-0.0007521510124206543
-0.008217830210924149,-0.005334537476301193,-0.0013017654418945312
-0.007917921990156174,-0.005626479163765907,-0.0016987919807434082
-0.00826214998960495,-0.0052518825978040695,-0.0021872520446777344
-0.007944071665406227,-0.004607643932104111,-0.0016225576400756836
-0.008409222587943077,-0.004747963510453701,-0.0015767812728881836
-0.008843030780553818,-0.004791799932718277,-0.0008597970008850098
-0.008493348956108093,-0.00587309617549181,-0.0014246702194213867
-0.007481550797820091,-0.004675721749663353,-0.0011807680130004883
-0.007360471412539482,-0.004381416365504265,-0.0013486146926879883
-0.008142327889800072,-0.004688453860580921,-0.0020051002502441406
-0.007173309102654457,-0.00423798430711031,-0.0019904375076293945
-0.008035458624362946,-0.0054062409326434135,-0.0008311271667480469
-0.007867388427257538,-0.005372096784412861,-0.0014875531196594238
-0.008061051368713379,-0.004935366101562977,-0.0019153356552124023
-0.008623355999588966,-0.005838776007294655,-0.0015033483505249023
-0.007993988692760468,-0.0055122096091508865,-0.0022361278533935547
-0.007424414157867432,-0.004704798571765423,-0.00243455171585083
-0.007396647706627846,-0.005117792636156082,-0.0009548664093017578
-0.007893921807408333,-0.005119032226502895,-0.0011228322982788086
-0.007709173485636711,-0.00497018825262785,-0.0017337799072265625
-0.008128846064209938,-0.005518758669495583,-0.0017186403274536133
-0.008835991844534874,-0.005105125717818737,-0.0019322037696838379
-0.008042026311159134,-0.00582748930901289,-0.0013984441757202148
-0.00839296542108059,-0.005563878454267979,-0.0013835430145263672
-0.007560838013887405,-0.005680522881448269,-0.001994013786315918
-0.0076842159032821655,-0.005315735936164856,-0.0012314319610595703
-0.0077286530286073685,-0.005325297825038433,-0.001643538475036621
-0.007219770923256874,-0.005475734360516071,-0.0021015405654907227
-0.007662508636713028,-0.00471755675971508,-0.002102077007293701
-0.006895054131746292,-0.004945570603013039,-0.002438366413116455
-0.007361479103565216,-0.005802007392048836,-0.0014467835426330566
-0.007101191207766533,-0.005600903183221817,-0.002164304256439209
-0.00813664123415947,-0.0053063491359353065,-0.0020426511764526367
-0.007761290296912193,-0.004802742041647434,-0.001050710678100586
-0.008132142946124077,-0.005940236151218414,-0.0009591579437255859
-0.007896186783909798,-0.004918956197798252,-0.0005171298980712891
-0.007294170558452606,-0.005111478269100189,-0.002989530563354492
-0.007667580619454384,-0.005154679529368877,-0.0009603500366210938
-0.007140001282095909,-0.0055069755762815475,-0.0016167163848876953
-0.007789669558405876,-0.005790041759610176,-0.00140380859375
-0.007378268986940384,-0.005611103028059006,-0.0012061595916748047
-0.00687628798186779,-0.005112340673804283,-0.001679539680480957
-0.007468167692422867,-0.00445320550352335,-0.0020610690116882324
-0.00738932378590107,-0.0054709408432245255,-0.0014661550521850586
-0.007794409990310669,-0.005217059515416622,-0.0012375116348266602
-0.007470747455954552,-0.005135398358106613,-0.0018020868301391602
-0.00805608369410038,-0.005375727079808712,-0.0004140138626098633
-0.007488317787647247,-0.0046262359246611595,-0.0017267465591430664
-0.007749946787953377,-0.00434261467307806,-0.0016051530838012695
-0.008151376619935036,-0.0047479234635829926,-0.0016514062881469727
-0.007030630484223366,-0.005851863883435726,0.0004843473434448242
-0.0069112759083509445,-0.005836470052599907,-0.0014690160751342773
-0.008349467068910599,-0.004934198223054409,-0.0008587837219238281
-0.008161921054124832,-0.00471692718565464,-0.0017743110656738281
-0.007230279967188835,-0.0048561785370111465,-0.002400040626525879
-0.007929407060146332,-0.004990346729755402,-0.0018354058265686035
-0.007646303623914719,-0.005443998612463474,-0.001164257526397705
-0.007315533235669136,-0.006077430211007595,-0.0013477802276611328
-0.007795838639140129,-0.004357526078820229,-0.00046324729919433594
-0.00689450278878212,-0.0050222743302583694,-0.0016841888427734375
-0.007864419370889664,-0.004607510752975941,-0.0013943910598754883
-0.007097184658050537,-0.004761507734656334,-0.00046384334564208984
-0.007241515442728996,-0.0050509776920080185,-0.0023255348205566406
-0.007297530770301819,-0.005067645572125912,-0.0024019479751586914
-0.007407268509268761,-0.005713969469070435,-0.00015926361083984375
-0.00724797323346138,-0.005203429609537125,-0.000831305980682373
-0.0069172438234090805,-0.005398750305175781,-0.0008773207664489746
-0.006824322044849396,-0.004905042238533497,-0.0024036169052124023
-0.008224723860621452,-0.004974013194441795,-0.0015190839767456055
-0.007474927231669426,-0.004506243392825127,-0.0014431476593017578
-0.006574744358658791,-0.005368433892726898,-0.0016419291496276855
-0.00612272322177887,-0.004138150252401829,-0.0019320249557495117
-0.007748221978545189,-0.004393460229039192,-0.0010781288146972656
-0.007379347458481789,-0.005380105227231979,-0.0014905333518981934
-0.007980188354849815,-0.005017795599997044,-0.0005295276641845703
-0.00749567523598671,-0.0044994838535785675,-0.0018569231033325195
-0.007716421037912369,-0.004953918978571892,-0.002360701560974121
-0.0073309410363435745,-0.0049421777948737144,-0.0009421110153198242
-0.007018495351076126,-0.004960779100656509,-0.0011256933212280273
-0.0073827654123306274,-0.005066715180873871,-0.0019954442977905273
-0.006927747279405594,-0.0052148764953017235,-0.002361476421356201
-0.007618628442287445,-0.00477573461830616,-0.0004087686538696289
-0.007516469806432724,-0.0051592374220490456,-0.0021331310272216797
-0.007064001634716988,-0.004846305586397648,-0.0024230480194091797
-0.007077490910887718,-0.0052550965920090675,-0.001797795295715332
-0.0070880260318517685,-0.0048241326585412025,-0.0019511580467224121
-0.00626533105969429,-0.004263061098754406,-0.0021041035652160645
-0.006083646789193153,-0.004413577727973461,-0.0019370317459106445
-0.006283346563577652,-0.005236842669546604,-0.001174330711364746
-0.006957247853279114,-0.005381520837545395,-0.0015100836753845215
-0.007482314482331276,-0.00455461535602808,-0.001922607421875
-0.007932344451546669,-0.004480081610381603,-0.0018465518951416016
-0.007326656952500343,-0.0045621441677212715,-0.0012974739074707031
-0.007652111351490021,-0.004597709514200687,-0.001572251319885254
-0.0071000754833221436,-0.004457367584109306,-0.0016489028930664062
-0.006251517683267593,-0.004251379519701004,-0.00195467472076416
-0.0070525892078876495,-0.0044477712363004684,-0.0012837648391723633
-0.006893312558531761,-0.004422031342983246,-0.0011469125747680664
-0.006455706432461739,-0.004548112861812115,-0.0013914108276367188
-0.006150813773274422,-0.005121552385389805,-0.0023527145385742188
-0.006098173558712006,-0.004774278961122036,-0.00046050548553466797
-0.006873771548271179,-0.0047613391652703285,-0.001574695110321045
-0.007235096767544746,-0.005487092770636082,-0.001865088939666748
-0.0071839820593595505,-0.004161912947893143,-0.0018500089645385742
-0.007033016532659531,-0.004886563867330551,-0.0009958744049072266
-0.006538288667798042,-0.004691307432949543,-0.0008282661437988281
-0.007553268224000931,-0.004579178057610989,-0.0017437934875488281
-0.006958644837141037,-0.004316473379731178,-0.0019423365592956543
-0.007084961980581284,-0.006041477434337139,-0.0016527175903320312
-0.005971444770693779,-0.005043427459895611,-0.0024617910385131836
-0.006715366616845131,-0.004895382560789585,-0.001668691635131836
-0.007288465276360512,-0.004125410690903664,-0.0009517669677734375
-0.006509939208626747,-0.003823529928922653,-0.0015320777893066406
-0.006275024265050888,-0.0049174148589372635,-0.002218961715698242
-0.006439443677663803,-0.005276292562484741,-0.0019443631172180176
-0.00664680078625679,-0.005013890564441681,-0.0011358261108398438
-0.007235918194055557,-0.0042380718514323235,-0.0016089677810668945
-0.007133489474654198,-0.004017950966954231,-0.001242995262145996
-0.006859185174107552,-0.004497789777815342,-0.0013501644134521484
-0.006136652082204819,-0.004882605746388435,-0.000801384449005127
-0.005856458097696304,-0.005331647582352161,-0.0014271736145019531
-0.006562938913702965,-0.004888378083705902,-0.002358078956604004
-0.006901279091835022,-0.004762324504554272,-0.0012748241424560547
-0.007434949278831482,-0.004153412766754627,-0.0022361278533935547
-0.006914464756846428,-0.005394650623202324,-0.001259922981262207
-0.007488159462809563,-0.005084001459181309,-0.0009396076202392578
-0.006870441138744354,-0.00472436286509037,-0.0020079612731933594
-0.006781782954931259,-0.004346256144344807,-0.0017943978309631348
-0.005671912804245949,-0.0038721179589629173,-0.001245260238647461
-0.005354801192879677,-0.004806634038686752,-0.0014136433601379395
-0.005852270871400833,-0.004641158506274223,-0.0010932683944702148
-0.006879726424813271,-0.004389557987451553,-0.001932680606842041
-0.007022978737950325,-0.0038675619289278984,-0.0020092129707336426
-0.007319239899516106,-0.0036459164693951607,-0.0006515979766845703
-0.007423032075166702,-0.004541077651083469,-0.0017349720001220703
-0.006324192509055138,-0.004611862823367119,-0.0011096000671386719
-0.005745589733123779,-0.004769838415086269,-0.0028340816497802734
-0.006353415548801422,-0.004875308834016323,-0.0015218853950500488
-0.006688389927148819,-0.003955362364649773,-0.0012781620025634766
-0.006536267697811127,-0.004613533616065979,-0.001965045928955078
-0.0056527238339185715,-0.004349196329712868,-0.001599133014678955
-0.007007269188761711,-0.005468781106173992,-0.0008515119552612305
-0.006650308147072792,-0.004972287453711033,-0.0017976164817810059
-0.006278080865740776,-0.004912469536066055,-0.0020570755004882812
-0.00641840323805809,-0.004401157610118389,-0.0023166537284851074
-0.006483282893896103,-0.004506007768213749,-0.000867307186126709
-0.007235875353217125,-0.004091196693480015,-0.0005319714546203613
-0.006395600736141205,-0.0040816254913806915,-0.002104043960571289
-0.006882132962346077,-0.0037025893107056618,-0.001097261905670166
-0.006482107564806938,-0.004396284930408001,-0.0016466975212097168
-0.006528802216053009,-0.0037734759971499443,-0.0029288530349731445
-0.006491106003522873,-0.005098224617540836,-0.001601576805114746
-0.006978701800107956,-0.004314943216741085,-0.0007319450378417969
-0.006931675598025322,-0.004594936966896057,-0.0019530057907104492
-0.006221648305654526,-0.004457777366042137,-0.0016475915908813477
-0.005984390154480934,-0.0042195916175842285,-0.0021970272064208984
-0.006497956812381744,-0.0039078667759895325,-0.0022890567779541016
-0.005929119884967804,-0.004726996645331383,-0.0020908117294311523
-0.005468152463436127,-0.00461988989263773,-0.001999378204345703
-0.006215620785951614,-0.005159965716302395,-0.002136826515197754
-0.006597304716706276,-0.005002087913453579,-0.001404404640197754
-0.006182843819260597,-0.0041160909458994865,-0.0013437271118164062
-0.006232786923646927,-0.004682224243879318,-0.0015268325805664062
-0.00656716525554657,-0.00514458492398262,-0.0016949176788330078
-0.007013550028204918,-0.004946284927427769,-0.0020613670349121094
-0.006476955488324165,-0.004653701558709145,-0.0021985769271850586
-0.006594445556402206,-0.004235914908349514,-0.0017260909080505371
-0.006738465279340744,-0.004066279157996178,-0.0023218393325805664
-0.006727943196892738,-0.003966517746448517,-0.0024139881134033203
-0.006511710584163666,-0.0046379454433918,-0.0006135702133178711
-0.006562916561961174,-0.0042597586289048195,-0.001239478588104248
-0.005590720102190971,-0.005185771733522415,-0.0027198195457458496
-0.0056692007929086685,-0.004926692694425583,-0.0009195804595947266
-0.005889320746064186,-0.004411593079566956,-0.0012553930282592773
-0.0056147947907447815,-0.005306795239448547,-0.0009806156158447266
-0.005582539364695549,-0.00445992685854435,-0.0007674098014831543
-0.006096344441175461,-0.004230247810482979,-0.001988649368286133
-0.007080907002091408,-0.004012181423604488,-0.0008903145790100098
-0.006517644971609116,-0.004659412428736687,-0.0008599758148193359
-0.005841437727212906,-0.004654618911445141,-0.0007991194725036621
-0.006283840164542198,-0.0047569889575243,-0.0016537904739379883
-0.0059891510754823685,-0.003602133132517338,-0.0020509958267211914
-0.0062827542424201965,-0.004223118536174297,-0.002066373825073242
-0.006119586527347565,-0.00420418381690979,-0.001257777214050293
-0.005886781960725784,-0.004481217823922634,-0.001059889793395996
-0.005741266533732414,-0.0040963636711239815,-0.0020672082901000977
-0.006696328520774841,-0.004428382031619549,-0.0022504329681396484
-0.006561869755387306,-0.004140590317547321,-0.0026166439056396484
-0.00566595233976841,-0.004264818504452705,-0.0014116764068603516
-0.006992870941758156,-0.004001847468316555,-0.0019763708114624023
-0.006207969039678574,-0.0039289407432079315,-0.0023580193519592285
-0.00646524503827095,-0.0047104014083743095,-0.0017478466033935547
-0.005671588703989983,-0.00437062606215477,-0.0017784833908081055
-0.006673945114016533,-0.0038536712527275085,-0.001702427864074707
-0.006033925339579582,-0.004330362193286419,-0.001092076301574707
-0.006540646776556969,-0.003979185596108437,-0.0010010600090026855
-0.00545109435915947,-0.004421171732246876,-0.0014437437057495117
-0.005940187722444534,-0.004497581161558628,-0.001840829849243164
-0.005181940272450447,-0.004267255775630474,-0.0012307167053222656
-0.006266415119171143,-0.0041902633383870125,0.00011211633682250977
-0.007075954228639603,-0.0037647848948836327,-0.0017493963241577148
-0.00567522831261158,-0.004081497900187969,-0.0020548105239868164
-0.005904426798224449,-0.0038705095648765564,-0.0009715557098388672
-0.005029032006859779,-0.004231742583215237,-0.0011392831802368164
-0.005594639107584953,-0.0045944806188344955,-0.0008952617645263672
-0.005786800757050514,-0.004205510951578617,-0.0017042160034179688
-0.005459556356072426,-0.00373170617967844,-0.0017347931861877441
-0.00602388009428978,-0.00431955698877573,-0.001841425895690918
-0.005324890837073326,-0.0044687967747449875,-0.0020095109939575195
-0.005717018619179726,-0.004727346822619438,-0.0022083520889282227
-0.006610417738556862,-0.003964255563914776,-0.0019643306732177734
-0.006742829456925392,-0.004062742926180363,-0.0024527311325073242
-0.005746731534600258,-0.004175631329417229,-0.0016748309135437012
-0.005180833861231804,-0.00414907094091177,-0.001797020435333252
-0.0058630891144275665,-0.004451260901987553,-0.0006831884384155273
-0.006063155829906464,-0.004314713180065155,-0.0014919042587280273
-0.00562279112637043,-0.004564838483929634,-0.0015377998352050781
-0.005742136389017105,-0.004440156742930412,-0.0014462471008300781
-0.006048977375030518,-0.0036697033792734146,-0.001644730567932129
-0.007100528106093407,-0.003722650930285454,-0.0013089179992675781
-0.0058471206575632095,-0.00434461422264576,-0.0012634992599487305
-0.0058607738465070724,-0.004626370966434479,-0.0008821487426757812
-0.006299147382378578,-0.004789021797478199,-0.0015692710876464844
-0.006043810397386551,-0.0042748721316456795,-0.0019356012344360352
-0.005189519375562668,-0.004119971767067909,-0.0023016929626464844
-0.005964973941445351,-0.0034618815407156944,-0.0016456842422485352
-0.006741290912032127,-0.0038356417790055275,-0.0016457438468933105
-0.0054581910371780396,-0.00430163461714983,-0.001889944076538086
-0.006457962095737457,-0.005682316608726978,-0.0011726617813110352
-0.005497107282280922,-0.004121547564864159,-0.0002720952033996582
-0.005546040832996368,-0.003546072170138359,-0.0019199848175048828
-0.005523456260561943,-0.0033337483182549477,-0.0019963979721069336
-0.0060153864324092865,-0.004100007005035877,-0.0021184682846069336
-0.006449613720178604,-0.004626908339560032,-0.002362489700317383
-0.006143772974610329,-0.004632851108908653,-0.0015996694564819336
-0.006206480786204338,-0.0045978836715221405,-0.0009894967079162598
-0.006023997440934181,-0.004067843779921532,-0.001829385757446289
-0.005932483822107315,-0.00390606839209795,-0.0022416114807128906
-0.005791306495666504,-0.003796294331550598,-0.0015093684196472168
-0.005330834537744522,-0.004048733972012997,-0.0007466673851013184
-0.005329303443431854,-0.004066603258252144,-0.0012198686599731445
-0.004592485725879669,-0.003453852143138647,-0.00175398588180542
-0.00623612105846405,-0.00328494468703866,-0.0016475915908813477
-0.006738301366567612,-0.004106964450329542,-0.0020595788955688477
-0.005811423063278198,-0.004711479879915714,-0.0019837021827697754
-0.005342118442058563,-0.0047427997924387455,-0.00027501583099365234
-0.005255153402686119,-0.0033889925107359886,-0.0008245110511779785
-0.004926722496747971,-0.004438970237970352,-0.0019538402557373047
-0.005177496001124382,-0.004193359520286322,-0.0011301040649414062
-0.006508637219667435,-0.00421286653727293,-0.0020303726196289062
-0.005970178171992302,-0.004398731514811516,-0.0010385513305664062
-0.006682002916932106,-0.004127337597310543,-0.000626683235168457
-0.005821911618113518,-0.003317294642329216,-0.002366304397583008
-0.005290595814585686,-0.004057674668729305,-0.0018477439880371094
-0.006513494998216629,-0.00375059200450778,-0.0012373924255371094
-0.00620630569756031,-0.003529752604663372,-0.0016341209411621094
-0.005700746551156044,-0.004020511172711849,-0.0016188621520996094
-0.006155490875244141,-0.004365501459687948,-0.0017717480659484863
-0.006200507283210754,-0.0043375068344175816,-0.0007647871971130371
-0.004810148850083351,-0.003888403531163931,-0.0015277862548828125
-0.005706476047635078,-0.004079402424395084,-0.0013907551765441895
-0.006560923531651497,-0.003773464821279049,-0.0012686848640441895
-0.005560709163546562,-0.004431752488017082,-0.0012227892875671387
-0.005531055852770805,-0.0036225770600140095,-0.0016198158264160156
-0.0060240738093853,-0.0038205813616514206,-0.001955866813659668
-0.004960056394338608,-0.003692800644785166,-0.0010558366775512695
-0.005483262240886688,-0.004828923847526312,-0.002642989158630371
-0.005837498232722282,-0.00429804902523756,-0.0021243691444396973
-0.006515529006719589,-0.0034214179031550884,-0.0011480450630187988
-0.005055570974946022,-0.0042592561803758144,-0.0015448331832885742
-0.005956653505563736,-0.0032204249873757362,-0.0016516447067260742
-0.006335387006402016,-0.0037309876643121243,-0.0023230314254760742
-0.005341688171029091,-0.004220120143145323,-0.0019721388816833496
-0.005039779469370842,-0.003651916515082121,-0.0016823410987854004
-0.005818376317620277,-0.0037816185504198074,-0.001499176025390625
-0.006482698023319244,-0.003795134834945202,-0.001194000244140625
-0.005611144006252289,-0.0034588882699608803,-0.0012553930282592773
-0.005329739302396774,-0.004155783448368311,-0.0012249946594238281
-0.0057289376854896545,-0.003733385354280472,-0.0020798444747924805
-0.0058169178664684296,-0.004231507424265146,-0.001546025276184082
-0.0047360192984342575,-0.0036544594913721085,-0.0018665790557861328
-0.006401652470231056,-0.004258334636688232,-0.001973390579223633
-0.005789641290903091,-0.0039977733977139,-0.0017140507698059082
-0.005251612514257431,-0.004794386215507984,-0.002645134925842285
-0.005925020202994347,-0.003839431330561638,-0.0021418333053588867
-0.005471639335155487,-0.003825694788247347,-0.001806020736694336
-0.004680074751377106,-0.004210259299725294,-0.0017450451850891113
-0.005318544805049896,-0.004087949171662331,-0.0008144378662109375
-0.0049025751650333405,-0.004370182752609253,-0.0011963844299316406
-0.0052765291184186935,-0.004534742794930935,-0.0020204782485961914
-0.00602320209145546,-0.004302853252738714,-0.0018831491470336914
-0.005379782989621162,-0.004597215913236141,-0.000998079776763916
-0.00554882176220417,-0.004772715736180544,-0.0014252662658691406
-0.005401480942964554,-0.004260515794157982,-0.0014406442642211914
-0.005576197057962418,-0.004595999140292406,-0.0014865398406982422
-0.0048426296561956406,-0.004450562410056591,-0.0016086101531982422
-0.005169795826077461,-0.003410767298191786,-0.0011663436889648438
-0.005297692492604256,-0.004248919431120157,-0.0020819902420043945
-0.005206521600484848,-0.004149639513343573,-0.0014262199401855469
-0.005587160587310791,-0.0035645239986479282,-0.0008006691932678223
-0.005194053053855896,-0.003108740784227848,-0.0011821985244750977
-0.005369219928979874,-0.00437650503590703,-0.0026012063026428223
-0.004968944936990738,-0.0041209557093679905,-0.0013501644134521484
-0.005901694297790527,-0.004065560642629862,-0.00139617919921875
-0.0055707357823848724,-0.0038620340637862682,-0.0011674761772155762
-0.005595574155449867,-0.0034691859036684036,-0.0017322301864624023
-0.005064867436885834,-0.003730666358023882,-0.0009692907333374023
-0.004893232136964798,-0.003887917846441269,-0.0006333589553833008
-0.005068155005574226,-0.0040060910396277905,-0.0024646520614624023
-0.004495389759540558,-0.004290844313800335,-0.0022509098052978516
-0.004763130098581314,-0.0040096985176205635,-0.0014576911926269531
-0.005315395072102547,-0.003199459984898567,-0.001961231231689453
-0.005898715928196907,-0.003627652768045664,-0.002007126808166504
-0.0054299067705869675,-0.004605636931955814,-0.00176316499710083
-0.004712307825684547,-0.003904040902853012,-0.00103074312210083
-0.0055084917694330215,-0.0036323172971606255,-0.0007560253143310547
-0.006678270176053047,-0.0032670260407030582,-0.0011376142501831055
-0.006009075790643692,-0.0033212355338037014,-0.00043582916259765625
-0.005058614537119865,-0.004096212796866894,-0.0019617080688476562
-0.005984073504805565,-0.004059360828250647,-0.0022057294845581055
-0.005671879276633263,-0.0041366759687662125,-0.0013360977172851562
-0.0060197170823812485,-0.004004079382866621,-0.001840054988861084
-0.005622792989015579,-0.003723510541021824,-0.0020843148231506348
-0.005888603627681732,-0.003847937099635601,-0.0019927024841308594
-0.005732441321015358,-0.004001579713076353,-0.0015348196029663086
-0.004929171875119209,-0.003490679431706667,-0.0019164085388183594
-0.004958001896739006,-0.004297839477658272,-0.0015045404434204102
-0.005448522046208382,-0.0036783856339752674,-0.00219118595123291
-0.005278684198856354,-0.0038745319470763206,-0.0017027854919433594
-0.005674364045262337,-0.004003328271210194,-0.0019167661666870117
-0.004832176491618156,-0.003835860639810562,-0.0012916326522827148
-0.004689693450927734,-0.0026311855763196945,-0.0015665292739868164
-0.004791103303432465,-0.0044737388379871845,-0.001826465129852295
-0.005278570577502251,-0.004292454104870558,-0.0018265843391418457
-0.005569221451878548,-0.003944616764783859,-0.0019485950469970703
-0.00600084662437439,-0.0036066705361008644,-0.001765429973602295
-0.005682304501533508,-0.0036512454971671104,-0.00023949146270751953
-0.004766490310430527,-0.004500352777540684,-0.0009112358093261719
-0.005776980891823769,-0.0037643499672412872,-0.0024370551109313965
-0.00575631856918335,-0.003926257137209177,-0.0014606714248657227
-0.00580168142914772,-0.003220069222152233,-0.0014759302139282227
-0.0054074060171842575,-0.0038847853429615498,-0.0014453530311584473
-0.005056492984294891,-0.0045687234960496426,-0.0025287270545959473
-0.005691263824701309,-0.0036963121965527534,-0.0012624263763427734
-0.005833910778164864,-0.003148558083921671,-0.0005606412887573242
-0.004110345616936684,-0.004686906933784485,-0.002315700054168701
-0.004400717094540596,-0.00397834088653326,-0.0018119215965270996
-0.005710219964385033,-0.0032295668497681618,0.0002478361129760742
-0.0057233478873968124,-0.0036146165803074837,-0.0009119510650634766
-0.006487047299742699,-0.003242015838623047,-0.0012325644493103027
-0.005294736474752426,-0.0035033943131566048,-0.0007444024085998535
-0.004591768607497215,-0.004517350345849991,7.921457290649414e-05
-0.00566621869802475,-0.004466337617486715,-0.000836491584777832
-0.005226371809840202,-0.003372735343873501,-0.0021337270736694336
-0.006190430372953415,-0.003223295323550701,-0.0014319419860839844
-0.004606723785400391,-0.003991099540144205,-0.0019050836563110352
-0.00500868447124958,-0.0036844713613390923,-0.0006693601608276367
-0.005662688985466957,-0.003761874046176672,-0.0014781951904296875
-0.005032608285546303,-0.0038740430027246475,-0.002668619155883789
-0.004662705585360527,-0.003949736710637808,-0.002409219741821289
-0.005663502961397171,-0.004188226535916328,-0.0013565421104431152
-0.0051424503326416016,-0.003039977978914976,-0.0024400949478149414
-0.004798803478479385,-0.0034016980789601803,-0.0013721585273742676
-0.004738209769129753,-0.003302390221506357,-0.0018144845962524414
-0.005390729755163193,-0.003038820344954729,-0.0017229318618774414
-0.004969106987118721,-0.003917873837053776,-0.0016468167304992676
-0.005497677251696587,-0.005155669059604406,-0.0023487210273742676
-0.005522759631276131,-0.004188233520835638,-0.0026234984397888184
-0.005223311483860016,-0.003990252036601305,-0.0013114213943481445
-0.005019122734665871,-0.0035757306031882763,-0.0021506547927856445
-0.005817800760269165,-0.002977211493998766,-0.0018608570098876953
-0.004959233105182648,-0.00402333727106452,-0.001098334789276123
-0.004864521324634552,-0.004667206201702356,-0.0009763240814208984
-0.0057080816477537155,-0.003791992086917162,-0.0013427734375
-0.0053276680409908295,-0.0029586651362478733,-0.0008697509765625
-0.005090493708848953,-0.0032852692529559135,-0.0013735294342041016
-0.005103366449475288,-0.003921742085367441,-0.002045154571533203
-0.005589218810200691,-0.004037071019411087,-0.0016332268714904785
-0.005280619487166405,-0.003879209514707327,-0.0009314417839050293
-0.00590408593416214,-0.002827849704772234,-0.0024268031120300293
-0.005116872489452362,-0.0035773087292909622,-0.0016487836837768555
-0.004991501569747925,-0.003999229520559311,-0.0018476247787475586
-0.00457468256354332,-0.004337669350206852,-0.0006118416786193848
-0.005086718127131462,-0.00404598331078887,-0.0008256435394287109
-0.004928097128868103,-0.0032480652444064617,-0.0017873644828796387
-0.005477968603372574,-0.0035740179009735584,-0.0009330511093139648
-0.004878882318735123,-0.004179718438535929,0.0002722740173339844
-0.005775757133960724,-0.004230073187500238,-0.0012077093124389648
-0.004832576960325241,-0.003438564483076334,-0.0015587210655212402
-0.005232593044638634,-0.0033611678518354893,-0.0021233558654785156
-0.005410419777035713,-0.0037771607749164104,-0.0007807612419128418
-0.005369286984205246,-0.0035582715645432472,-0.0009029507637023926
-0.00439378060400486,-0.00330588361248374,-0.0005064010620117188
-0.004523122683167458,-0.0034511960111558437,-0.0007660388946533203
-0.00541781447827816,-0.004043388180434704,-0.002032637596130371
-0.004267793148756027,-0.0038617681711912155,-0.0009493827819824219
-0.004752965644001961,-0.003985359333455563,-0.0012851953506469727
-0.005158625543117523,-0.0036159809678792953,-0.0017430782318115234
-0.004824601113796234,-0.0037989988923072815,-0.0015450716018676758
-0.005528466776013374,-0.004079170525074005,-0.0015453100204467773
-0.005873691290616989,-0.0042219036258757114,-0.0013471245765686035
-0.0050042979419231415,-0.0044443123042583466,-0.001072525978088379
-0.004125503823161125,-0.0036453744396567345,-0.0016219615936279297
-0.004190472885966301,-0.0035626310855150223,-0.001499772071838379
-0.005184922367334366,-0.0035730698145926,-0.002186417579650879
-0.005451822653412819,-0.00423520989716053,-0.0013927817344665527
-0.004718190059065819,-0.00406647939234972,-0.0011639595031738281
-0.005015971139073372,-0.0032773753628134727,-0.001209557056427002
-0.005484826862812042,-0.00396290048956871,-0.0022624731063842773
-0.004142267629504204,-0.003906112164258957,-0.0010876059532165527
-0.0037588533014059067,-0.0032397392205893993,-0.0017441511154174805
-0.00443175807595253,-0.003636716865003109,-0.002613961696624756
-0.004072548821568489,-0.0030979616567492485,-0.001988530158996582
-0.00462750717997551,-0.003328355960547924,-0.0018053054809570312
-0.005323771387338638,-0.003534836694598198,-0.0007679462432861328
-0.004537312313914299,-0.0030746390111744404,-0.0018972158432006836
-0.004635870456695557,-0.0028874878771603107,-0.0007683634757995605
-0.004946544766426086,-0.003727556671947241,-0.0013790130615234375
-0.004808161407709122,-0.0037514464929699898,-0.002340078353881836
-0.0054358430206775665,-0.003711638506501913,-0.0022794008255004883
-0.0048311129212379456,-0.0030838879756629467,-6.020069122314453e-06
-0.00458434596657753,-0.002962960861623287,-0.0015323162078857422
-0.004357574507594109,-0.003363714087754488,-0.0020972490310668945
-0.004834678024053574,-0.003685165196657181,-0.0013039112091064453
-0.004295486956834793,-0.004246402066200972,-0.0014262199401855469
-0.00430709682404995,-0.0035675684921443462,-0.0018844008445739746
-0.004786880686879158,-0.0028292504139244556,-0.0018388032913208008
-0.004244983196258545,-0.002734951674938202,-0.0014117956161499023
-0.004243077710270882,-0.0036656013689935207,-0.002754688262939453
-0.0049544088542461395,-0.004180357325822115,-0.001427292823791504
-0.004491060972213745,-0.0033724182285368443,-0.0007557272911071777
-0.004673896357417107,-0.0033536627888679504,-0.0018540620803833008
-0.0050854869186878204,-0.0029793144203722477,-0.0012743473052978516
-0.005217012017965317,-0.003533612936735153,-0.0023121237754821777
-0.005166471004486084,-0.0038863448426127434,-0.0017631053924560547
-0.005070395767688751,-0.004568258300423622,-0.001977205276489258
-0.004579346626996994,-0.003708465490490198,-0.0017943382263183594
-0.004154425114393234,-0.003591760527342558,-0.0017485618591308594
-0.004661304876208305,-0.003303765319287777,-0.0018247365951538086
-0.0037311427295207977,-0.002955343574285507,-0.0016111135482788086
-0.0036056935787200928,-0.003664111252874136,-0.0023283958435058594
-0.004910692572593689,-0.0034188488498330116,-0.00205385684967041
-0.0054250918328762054,-0.003939277958124876,-0.0004063844680786133
-0.004516893997788429,-0.003826605621725321,-0.002146005630493164
-0.004949701949954033,-0.0034749051555991173,-0.0011235475540161133
-0.004855018109083176,-0.0037594041787087917,-0.0011391639709472656
-0.0047314707189798355,-0.0032721846364438534,-0.002146601676940918
-0.0054031964391469955,-0.0023995456285774708,-0.0009413957595825195
-0.004264930263161659,-0.0035897078923881054,-0.0024673938751220703
-0.003710951656103134,-0.003451091703027487,-0.001445174217224121
-0.004054570570588112,-0.003477688878774643,-0.0006518959999084473
-0.0049095116555690765,-0.0037734759971499443,-0.0015677213668823242
-0.004365252330899239,-0.002738002222031355,-0.002391993999481201
-0.004864806309342384,-0.0028480039909482002,-0.0020716190338134766
-0.004856830462813377,-0.004104971885681152,-0.0011867284774780273
-0.004463370889425278,-0.003498123027384281,-0.0016901493072509766
-0.004404006525874138,-0.0030121924355626106,-0.001659691333770752
-0.004668110981583595,-0.0034021027386188507,-0.0005308389663696289
-0.004771007224917412,-0.003899799194186926,-0.0010650157928466797
-0.00437423400580883,-0.0033126194030046463,-0.0024230480194091797
-0.004041781648993492,-0.0033509694039821625,-0.001675248146057129
-0.005211077630519867,-0.0032263132743537426,-0.001431107521057129
-0.004391448572278023,-0.0030217464081943035,-0.0021485090255737305
-0.00484725646674633,-0.0034996983595192432,-0.0016449689865112305
-0.005061427131295204,-0.0037093409337103367,-0.0008209943771362305
-0.007753774523735046,-0.006929370108991861,-0.0011870861053466797
-0.0033375881612300873,0.0007405625656247139,-0.0007447004318237305
-0.0033656805753707886,-0.0021943221800029278,-0.0035219192504882812
-0.0047445278614759445,-0.005901424214243889,0.000567317008972168
-0.0025657042860984802,-0.002849805634468794,-0.0005925893783569336
-0.0047945789992809296,-0.005323896184563637,-0.002912282943725586
-0.0042595025151968,-0.003780086524784565,0.0002461671829223633
-0.005240855738520622,-0.0020665545016527176,-0.003233194351196289
-0.004729369655251503,-0.0028739706613123417,-0.00196683406829834
-0.004342745989561081,-0.00361781008541584,-0.0004864931106567383
-0.004886843264102936,-0.002703433856368065,-0.0030961036682128906
-0.0036778394132852554,-0.002758487593382597,-7.534027099609375e-05
-0.0037261061370372772,-0.0034189405851066113,-0.0028221607208251953
-0.003908174112439156,-0.0030040699057281017,-0.003203749656677246
-0.0044478364288806915,-0.0031513734720647335,0.0016940832138061523
-0.0038793962448835373,-0.003385369200259447,-0.0038602352142333984
-0.0050036050379276276,-0.0038050729781389236,-0.0034329891204833984
-0.00530223548412323,-0.004447684157639742,0.0021514892578125
-0.0049523767083883286,-0.004095373209565878,-0.001861572265625
-0.00662958063185215,-0.003406838048249483,-0.0019683837890625
-0.006096377968788147,-0.004175793379545212,-0.0005954504013061523
-0.004404909908771515,-0.002535749226808548,-0.0024724602699279785
-0.004839308559894562,-0.002751611638814211,-0.0027930736541748047
-0.005223941057920456,-0.0033207559026777744,-0.0012369155883789062
-0.003961274400353432,-0.00354768056422472,-0.0026254653930664062
-0.00405486673116684,-0.004835860803723335,-0.0017712116241455078
-0.00388297438621521,-0.0046089934185147285,-0.0013440847396850586
-0.0039005056023597717,-0.0027673719450831413,-0.002198457717895508
-0.003974854946136475,-0.0029745870269834995,0.0001971721649169922
-0.004612967371940613,-0.0031781569123268127,-1.6450881958007812e-05
-0.00427020899951458,-0.003357355948537588,-0.00200045108795166
-0.005076542496681213,-0.003012849949300289,-0.0017108321189880371
-0.004026766866445541,-0.003856221679598093,-0.0015584230422973633
-0.004677414894104004,-0.003603107761591673,-0.0028097033500671387
-0.0040989890694618225,-0.004042257089167833,-0.0014821887016296387
-0.004160625860095024,-0.003887674305588007,-0.001970529556274414
-0.0035363007336854935,-0.0027314238250255585,-0.0010247230529785156
-0.003725161775946617,-0.003145624417811632,-0.0010703802108764648
-0.0024791546165943146,-0.00310825789347291,-0.002291083335876465
-0.003464236855506897,-0.0037461058236658573,-0.0014980435371398926
-0.004699451848864555,-0.004021086730062962,0.00021094083786010742
-0.004479004070162773,-0.0031925253570079803,-0.0019254088401794434
-0.005510872229933739,-0.003490621689707041,-0.0021392107009887695
-0.0050658900290727615,-0.004462345968931913,-0.0017578601837158203
-0.002996036782860756,-0.0032254010438919067,-0.001941084861755371
-0.0015682745724916458,-0.0036466699093580246,-0.002719283103942871
-0.003468429669737816,-0.0034618335776031017,-0.0018038749694824219
-0.00442207045853138,-0.003595337737351656,-0.0020481348037719727
-0.004854293540120125,-0.004142497666180134,-0.0006750226020812988
-0.0054037198424339294,-0.003616413101553917,-0.001071631908416748
-0.004489654675126076,-0.0029176375828683376,-0.0017887353897094727
-0.004531871527433395,-0.0029807821847498417,-0.0020482540130615234
-0.004085812717676163,-0.003269330132752657,-0.00040024518966674805
-0.004245497286319733,-0.0034927059896290302,-0.0019873380661010742
-0.003961872309446335,-0.0040764715522527695,-0.0013316869735717773
-0.0039465464651584625,-0.003950991202145815,-0.0014998316764831543
-0.003841271623969078,-0.00339561328291893,-0.0024001598358154297
-0.004418803378939629,-0.0028476607985794544,-0.001148819923400879
-0.0036971308290958405,-0.0031317276880145073,-0.0019881725311279297
-0.0035329051315784454,-0.0035055186599493027,-0.0023545026779174805
-0.003421422094106674,-0.0035419054329395294,-0.0016679167747497559
-0.004208456724882126,-0.003660650458186865,-0.000630497932434082
-0.0045068152248859406,-0.0033045061863958836,-0.0021866559982299805
-0.004627939313650131,-0.0027022697031497955,-0.001393139362335205
-0.005329912528395653,-0.001452936790883541,-0.002018868923187256
-0.004055889323353767,-0.0017381468787789345,-0.001423954963684082
-0.0037102382630109787,-0.003931868355721235,-0.0010428428649902344
-0.0037119630724191666,-0.004452122375369072,-0.0018975138664245605
-0.0038004834204912186,-0.0034086331725120544,-0.0012718439102172852
-0.0041479505598545074,-0.0030352394096553326,-0.0018364787101745605
-0.0049804579466581345,-0.002661089412868023,-0.001073598861694336
-0.004807267338037491,-0.0017040497623383999,-0.0013025403022766113
-0.005129193887114525,-0.0024219886399805546,-0.0008294582366943359
-0.0039207544177770615,-0.0036970358341932297,-0.0021725893020629883
-0.003496764227747917,-0.0032044746913015842,-0.0018371343612670898
-0.00314517505466938,-0.0034923404455184937,-0.0011811256408691406
-0.0028681252151727676,-0.0036907666362822056,-0.0017609596252441406
-0.002953922376036644,-0.0027890359051525593,-0.002081453800201416
-0.004421276971697807,-0.002348866779357195,-0.0006775856018066406
-0.004492664709687233,-0.0024450141936540604,-0.0018527507781982422
-0.004565361887216568,-0.0030042692087590694,-0.0023261308670043945
-0.0035038813948631287,-0.0033991802483797073,-0.0002205371856689453
-0.005312936380505562,-0.0033191777765750885,-0.0004646778106689453
-0.004156207665801048,-0.003749100025743246,-0.0021584033966064453
-0.003923783078789711,-0.0020385528914630413,-0.002631545066833496
-0.004709288477897644,-0.0018407641910016537,-0.0013041496276855469
-0.004497675225138664,-0.0034057479351758957,-0.0007243156433105469
-0.004400018602609634,-0.004567032679915428,-0.0017617344856262207
-0.004516469314694405,-0.003796719014644623,-0.002021193504333496
-0.004091719165444374,-0.0034179450012743473,-0.0006787776947021484
-0.0034042801707983017,-0.0024978932924568653,-0.0022813081741333008
-0.004759421572089195,-0.002412854228168726,-0.002129077911376953
-0.0050629787147045135,-0.002614135853946209,-0.0011982917785644531
-0.004870269447565079,-0.0033218744210898876,-0.0027550458908081055
-0.004535462707281113,-0.0032646157778799534,-0.0019158124923706055
-0.0041640810668468475,-0.0028745573945343494,-0.002083420753479004
-0.003405380994081497,-0.0032316651195287704,-0.0014731884002685547
-0.0035514235496520996,-0.003692253492772579,-0.0012443065643310547
-0.0036392398178577423,-0.003300938755273819,-0.0012288093566894531
-0.003975719213485718,-0.0034424024634063244,-0.0012286901473999023
-0.004164690151810646,-0.002788203302770853,-0.001625657081604004
-0.004287777468562126,-0.002903751563280821,-0.0007559061050415039
-0.0044761039316654205,-0.002964598126709461,-0.0015952587127685547
-0.005605924874544144,-0.0037541594356298447,-0.0016717314720153809
-0.004949292168021202,-0.003867827355861664,-0.0014581680297851562
-0.0033142436295747757,-0.003188743256032467,-0.001931309700012207
-0.003968389704823494,-0.002415473572909832,-0.0014736652374267578
-0.003635155037045479,-0.0028261845000088215,-0.000924527645111084
-0.003698483109474182,-0.002969963476061821,-0.0011382102966308594
-0.0026116594672203064,-0.0030432180501520634,-0.0015960335731506348
-0.0037107598036527634,-0.0027902028523385525,-0.0016421079635620117
-0.004157526418566704,-0.0030938913114368916,-0.0021153688430786133
-0.004815753549337387,-0.0022056386806070805,-0.0019017457962036133
-0.003997853025794029,-0.002880834974348545,-0.001795053482055664
-0.0038884561508893967,-0.0030586454086005688,-0.002069711685180664
-0.004675740376114845,-0.002756166737526655,-0.002024054527282715
-0.003758983686566353,-0.0029119811952114105,-0.001489877700805664
-0.003906937316060066,-0.003616534173488617,-0.002069711685180664
-0.003867262974381447,-0.003196409437805414,-0.0023903846740722656
-0.003524111583828926,-0.0032068369910120964,-0.0016581416130065918
-0.004406260326504707,-0.002845863811671734,-0.0005443096160888672
-0.004036907106637955,-0.00339254317805171,-0.001566767692565918
-0.004371479153633118,-0.003895256668329239,-0.0020242929458618164
-0.0042488593608140945,-0.0032442151568830013,-0.0011851191520690918
-0.004356024786829948,-0.0028415918350219727,-0.002360105514526367
-0.0035381391644477844,-0.0021453327499330044,-0.0012766718864440918
-0.004049431532621384,-0.0020726039074361324,-0.0008493661880493164
-0.0040802136063575745,-0.0031570466235280037,-0.0009868144989013672
-0.004050767049193382,-0.002810168080031872,-0.0017195940017700195
-0.004201481118798256,-0.0036860741674900055,-0.0014601945877075195
-0.003814995288848877,-0.004160891752690077,-0.0017962455749511719
-0.0044022295624017715,-0.0032056765630841255,-0.0016742944717407227
-0.003918590024113655,-0.002584745641797781,-0.0011405348777770996
-0.00377054326236248,-0.0028908136300742626,-0.0002862215042114258
-0.004056163132190704,-0.002519677858799696,-0.0018885135650634766
-0.0033979155123233795,-0.0030777123756706715,-0.001735985279083252
-0.0034916121512651443,-0.00313396193087101,-0.0012175440788269043
-0.0038186106830835342,-0.0032604923471808434,-0.0011719465255737305
-0.004528149962425232,-0.003240348771214485,-0.0020418763160705566
-0.004558634012937546,-0.0030739656649529934,-0.001462101936340332
-0.002934793010354042,-0.0021255817264318466,-0.0020877718925476074
-0.0037137940526008606,-0.0026827510446310043,-0.0013096332550048828
-0.0034817922860383987,-0.0025483136996626854,-0.0016911029815673828
-0.003565605729818344,-0.003214112017303705,-0.000562131404876709
-0.0045515988022089005,-0.0025699040852487087,-0.0017523765563964844
-0.004830479621887207,-0.0022268975153565407,-0.0016914606094360352
-0.0038068369030952454,-0.00275225006043911,-0.001157522201538086
-0.003046829253435135,-0.0032642213627696037,-0.0012184977531433105
-0.0042566414922475815,-0.002944862935692072,-0.0016306638717651367
-0.003669286146759987,-0.00285779545083642,-0.00295865535736084
-0.0025953706353902817,-0.002906803973019123,-0.002485990524291992
-0.0038337968289852142,-0.0021642432548105717,-0.0015554428100585938
-0.0034712404012680054,-0.002750017214566469,-0.0006706714630126953
-0.0036495663225650787,-0.0031972206197679043,-0.0014639496803283691
-0.003185981884598732,-0.002851125318557024,-0.0015708208084106445
-0.003190634772181511,-0.0024781562387943268,-0.0017691850662231445
-0.004249667748808861,-0.0026955674402415752,-0.001189589500427246
-0.003665916621685028,-0.0026967134326696396,-0.0016627311706542969
-0.002778235822916031,-0.0029388857074081898,-0.0016780495643615723
-0.0038914810866117477,-0.002353047486394644,-0.0021816492080688477
-0.003810979425907135,-0.0028819027356803417,-0.0013272762298583984
-0.003876347094774246,-0.0027867434546351433,-0.001800537109375
-0.0036353152245283127,-0.0033016400411725044,-0.0012053251266479492
-0.004252493381500244,-0.0038488176651299,-0.0022125244140625
-0.00467819906771183,-0.0028283237479627132,-0.0013734102249145508
-0.003976190462708473,-0.00290626659989357,-0.0012971162796020508
-0.004467310383915901,-0.00333405751734972,-0.0016632676124572754
-0.003306431695818901,-0.002935573924332857,-0.0015720129013061523
-0.004329176619648933,-0.00237472215667367,-0.001907646656036377
-0.004388952627778053,-0.0036220508627593517,-0.001221299171447754
-0.003764880821108818,-0.002873845864087343,-0.0014804601669311523
-0.0040939804166555405,-0.0029256180860102177,-0.002304553985595703
-0.0027985181659460068,-0.002342596184462309,-0.002167224884033203
-0.004252392798662186,-0.0028740428388118744,-0.0022588372230529785
-0.0039001740515232086,-0.0029540834948420525,-0.0022130608558654785
-0.003326909616589546,-0.002364364918321371,-0.002106308937072754
-0.0038497094064950943,-0.0026696925051510334,-0.0019539594650268555
-0.002730138599872589,-0.002487609162926674,-0.0015420913696289062
-0.003994172438979149,-0.002311544958502054,-0.0009320378303527832
-0.0038270317018032074,-0.0021547176875174046,-0.0006725788116455078
-0.003538763150572777,-0.0032720426097512245,-0.0026561617851257324
-0.003814222291111946,-0.0031757461838424206,-0.002381563186645508
-0.0041664354503154755,-0.0026864465326070786,-0.0013439059257507324
-0.0037543103098869324,-0.003454037941992283,-0.0007643699645996094
-0.004009023308753967,-0.0028661545366048813,-0.0014358758926391602
-0.00292053259909153,-0.0029963129200041294,-0.0015273094177246094
-0.0034361835569143295,-0.002777573186904192,-0.0011000633239746094
-0.004247942939400673,-0.0028080614283680916,-0.0013442039489746094
-0.0037068072706460953,-0.003262931015342474,-0.0013899803161621094
-0.003544546663761139,-0.002727714367210865,-0.0023053884506225586
-0.004727989435195923,-0.0028798426501452923,-0.001664280891418457
-0.003621364012360573,-0.0026698592118918896,-0.0024576187133789062
-0.0028433650732040405,-0.0029368516989052296,-0.0018166303634643555
-0.003445073962211609,-0.003314890433102846,-0.0016643404960632324
-0.0036111827939748764,-0.002436748705804348,-0.0013439655303955078
-0.0034684427082538605,-0.0020436830818653107,-0.0013593435287475586
-0.003156431019306183,-0.0028354772366583347,-0.002137601375579834
-0.0032351966947317123,-0.003331112675368786,-0.002000570297241211
-0.0033116694539785385,-0.002715981099754572,-0.002168416976928711
-0.00319652259349823,-0.0023588803596794605,-0.0013900995254516602
-0.003216458484530449,-0.0022241552360355854,-0.0019545555114746094
-0.0036170147359371185,-0.002670570742338896,-0.001374959945678711
-0.0033307988196611404,-0.0026673353277146816,-0.00024580955505371094
-0.0025832243263721466,-0.0034520630724728107,-0.0016037821769714355
-0.003336505964398384,-0.0028722179122269154,-0.0019549131393432617
-0.0038299933075904846,-0.002995043992996216,-0.0023975372314453125
-0.004224766045808792,-0.00308400671929121,-0.0013143420219421387
-0.004086652770638466,-0.0034639271907508373,-0.0024893879890441895
-0.0037769917398691177,-0.0029250704683363438,-0.0007805824279785156
-0.003485538065433502,-0.003043718636035919,-0.0024285316467285156
-0.0035456325858831406,-0.0031264019198715687,-0.000979006290435791
-0.0028895605355501175,-0.0030345572158694267,-0.000933229923248291
-0.002815939486026764,-0.0025755101814866066,-0.0018790960311889648
-0.0026970207691192627,-0.002490794286131859,-0.0008722543716430664
-0.003957176581025124,-0.00301396194845438,-0.00039964914321899414
-0.0033100415021181107,-0.0029632030054926872,-0.002062678337097168
-0.0030144359916448593,-0.002923585008829832,-0.0021238327026367188
-0.0032874997705221176,-0.0030939714051783085,-0.0011472702026367188
-0.0035369377583265305,-0.0027763554826378822,-0.0016355514526367188
-0.0035307779908180237,-0.0025116540491580963,-0.002566218376159668
-0.0035875309258699417,-0.0031577395275235176,-0.0018036365509033203
-0.004211282357573509,-0.0027720718644559383,-0.0009342432022094727
-0.003837520256638527,-0.0033176364377141,-0.0014379024505615234
-0.0038729552179574966,-0.0029359799809753895,-0.0013616085052490234
-0.003280067816376686,-0.002091369591653347,-0.002429962158203125
-0.003809642046689987,-0.0029600984416902065,-0.0016976594924926758
-0.0038320571184158325,-0.0024110679514706135,-0.0017281770706176758
-0.0037667565047740936,-0.003304864279925823,-0.0021402835845947266
-0.0032110679894685745,-0.0028934930451214314,-0.001148819923400879
-0.0030789170414209366,-0.002511028666049242,-0.0025222301483154297
-0.003691531717777252,-0.0024567442014813423,-0.0005846023559570312
-0.004223335534334183,-0.0022541130892932415,-0.0018969178199768066
-0.003539610654115677,-0.0038286526687443256,-0.0008747577667236328
-0.0038370266556739807,-0.003487706184387207,-0.0002492666244506836
-0.00418829545378685,-0.002477864734828472,-0.0016376972198486328
-0.003987286239862442,-0.0026726461946964264,-0.0014698505401611328
-0.004182038828730583,-0.002950463443994522,-0.0010578632354736328
-0.004088530316948891,-0.0025143688544631004,-0.002050042152404785
-0.0036895424127578735,-0.002670097164809704,-0.0009667873382568359
-0.003707949072122574,-0.0024546640925109386,-0.0019432306289672852
-0.002007685601711273,-0.0021844622679054737,-0.003255605697631836
-0.0026723481714725494,-0.002564432565122843,-0.0021265149116516113
-0.0041375067085027695,-0.002487992402166128,-0.0020350217819213867
-0.003273848444223404,-0.002718850504606962,-0.0023097991943359375
-0.003805568441748619,-0.0027620410546660423,-0.0008909702301025391
-0.0036396104842424393,-0.002683855127543211,-0.0016846060752868652
-0.0036242473870515823,-0.003111077006906271,-0.0016846060752868652
-0.004323888570070267,-0.0021762512624263763,-0.0013947486877441406
-0.00296158529818058,-0.0020578447729349136,-0.0020048022270202637
-0.003038812428712845,-0.0027907835319638252,-0.0022186636924743652
-0.0031707920134067535,-0.002706377301365137,-0.0017305612564086914
-0.0025353189557790756,-0.0032606259919703007,-0.0018680691719055176
-0.0033209510147571564,-0.004022993613034487,-0.0019750595092773438
-0.004354322329163551,-0.0037263715639710426,-0.0018225312232971191
-0.004678644239902496,-0.00327014597132802,-0.0019905567169189453
-0.0037846174091100693,-0.002571702469140291,-0.0016703009605407715
-0.0032479632645845413,-0.002732919529080391,-0.0016398429870605469
-0.0030161458998918533,-0.002389348577708006,-0.0017011165618896484
-0.003455493599176407,-0.0025903768837451935,-0.0006940364837646484
-0.0032951291650533676,-0.0026786536909639835,-0.0006636977195739746
-0.003386242315173149,-0.002922594081610441,-0.0021135807037353516
-0.0037197843194007874,-0.0024983626790344715,-0.0019459128379821777
-0.003087840974330902,-0.0020816149190068245,-0.0020223259925842285
-0.002726161852478981,-0.0030637369491159916,-0.0020985007286071777
-0.003156522288918495,-0.0031910776160657406,-0.002068161964416504
-0.004018167033791542,-0.0018555019050836563,-0.00254136323928833
-0.003248050808906555,-0.002132526133209467,-0.0028314590454101562
-0.003178391605615616,-0.002851161640137434,-0.0016411542892456055
-0.003429695963859558,-0.0012190449051558971,-0.0015037059783935547
-0.002611817792057991,-0.002364475280046463,-0.0020072460174560547
-0.0033778641372919083,-0.0029412484727799892,-0.0022972822189331055
-0.002843070775270462,-0.0024537527933716774,-0.001504063606262207
-0.002918792888522148,-0.0030581760220229626,-0.0022059082984924316
-0.0032083243131637573,-0.003074721433222294,-0.0006494522094726562
-0.003374887630343437,-0.0033441255800426006,-0.0010766983032226562
-0.0031243879348039627,-0.0029440736398100853,-0.001793980598449707
-0.002508820965886116,-0.0025013135746121407,-0.002007722854614258
-0.003997981548309326,-0.002540216315537691,-0.0013669729232788086
-0.004038238897919655,-0.002836833707988262,-0.0023589134216308594
-0.0032257847487926483,-0.0014809099957346916,-0.0017181634902954102
-0.003498220816254616,-0.0018717027269303799,-0.002145707607269287
-0.0028199423104524612,-0.0028153550811111927,-0.0011082291603088379
-0.003459824249148369,-0.0023348545655608177,-0.0016576051712036133
-0.0034139640629291534,-0.0026209778152406216,-0.0021916627883911133
-0.003293326124548912,-0.0030494704842567444,-0.0022835731506347656
-0.0033430494368076324,-0.002280490007251501,-0.0024666786193847656
-0.003489036113023758,-0.0030291499570012093,-0.002313971519470215
-0.003925817087292671,-0.0031203972175717354,-0.001581430435180664
-0.003529692068696022,-0.0027445373125374317,-0.0018869638442993164
-0.003196524456143379,-0.002366752363741398,-0.0010176897048950195
-0.002887934446334839,-0.002506060991436243,-0.0021773576736450195
-0.0017209704965353012,-0.0027274545282125473,-0.0022841691970825195
-0.0032452959567308426,-0.0022602397948503494,-0.0005599260330200195
-0.0025598760694265366,-0.0020482009276747704,-0.0018874406814575195
-0.0034624040126800537,-0.0024679056368768215,-0.0024673938751220703
-0.00330192968249321,-0.0025326497852802277,-0.0015517473220825195
-0.004171961918473244,-0.002854702528566122,-0.0017502307891845703
-0.0038970112800598145,-0.002198769710958004,-0.0025893449783325195
-0.0039740633219480515,-0.002178160473704338,-0.0018874406814575195
-0.00422397255897522,-0.0017202477902173996,-0.0010481476783752441
-0.004270454868674278,-0.0025868117809295654,-0.0016429424285888672
-0.0039838757365942,-0.002937524113804102,-0.002329587936401367
-0.0035181622952222824,-0.002616165205836296,-0.001795649528503418
-0.0034226365387439728,-0.0027972436510026455,-0.0009107589721679688
-0.0038321055471897125,-0.002675062045454979,-0.0015364289283752441
-0.00298214890062809,-0.00267928559333086,-0.001887679100036621
-0.0031127221882343292,-0.0029765567742288113,-0.0011551380157470703
-0.003508973866701126,-0.0028376500122249126,-0.0019791126251220703
-0.0030047204345464706,-0.002097641583532095,-0.002238631248474121
-0.0027816016227006912,-0.002166674006730318,-0.0023761391639709473
-0.0025235433131456375,-0.0020787185057997704,-0.0014301538467407227
-0.003432437777519226,-0.002331982832401991,-0.0014913082122802734
-0.0030440129339694977,-0.0026207161135971546,-0.0020557641983032227
-0.0037323590368032455,-0.0024097589775919914,-0.001246809959411621
-0.0033503957092761993,-0.002131575718522072,-0.0018115043640136719
-0.0028356797993183136,-0.00235172500833869,-0.0012469291687011719
-0.0029727276414632797,-0.0020076073706150055,-0.0023456811904907227
-0.003832390531897545,-0.002128821797668934,-0.0018422603607177734
-0.004217920824885368,-0.0016211937181651592,-0.002696692943572998
-0.004268381744623184,-0.001963256858289242,-0.0015370845794677734
-0.0031697992235422134,-0.0024712802842259407,-0.0024219751358032227
-0.003084421157836914,-0.003691625315696001,-0.0011705756187438965
-0.003082921728491783,-0.0026999334804713726,-0.003169536590576172
-0.0024519767612218857,-0.0017182081937789917,-0.00037729740142822266
-0.0030571091920137405,-0.0017635230906307697,-0.0016134381294250488
-0.003876402974128723,-0.0033129267394542694,-0.00014835596084594727
-0.00347033329308033,-0.003176686819642782,-0.0022081732749938965
-0.0034856144338846207,-0.002881892491132021,-0.0008043050765991211
-0.00448581762611866,-0.0023557273671031,-0.002803325653076172
-0.0034935753792524338,-0.0013850959949195385,-0.0026510953903198242
-0.004378495737910271,-0.00259239599108696,-0.0024985074996948242
-0.003377022221684456,-0.0023409794084727764,-0.0003472566604614258
-0.0024211369454860687,-0.0020786570385098457,-0.0017818212509155273
-0.004447773098945618,-0.0024857125245034695,-0.0023618340492248535
-0.0030193347483873367,-0.002305113710463047,-0.0007597208023071289
-0.0027432311326265335,-0.0024617561139166355,-0.0015532970428466797
-0.0030794870108366013,-0.001987458672374487,-0.0028045177459716797
-0.0032799262553453445,-0.0019384450279176235,-0.0017974376678466797
-0.0036261584609746933,-0.002179939765483141,-0.003186047077178955
-0.003791751340031624,-0.002183214295655489,-0.0024536848068237305
-0.003620324656367302,-0.0024379920214414597,-0.0017061233520507812
-0.0037957709282636642,-0.0023118210956454277,-0.001874089241027832
-0.0031473934650421143,-0.001601281575858593,-0.002423524856567383
-0.0031775999814271927,-0.0018467288464307785,-0.002316713333129883
-0.003518311306834221,-0.0024067601189017296,-0.0021337270736694336
-0.0032510198652744293,-0.0019190716557204723,-0.0006690621376037598
-0.003212329000234604,-0.002144900616258383,-0.0008369684219360352
-0.0034372378140687943,-0.0026955734938383102,-0.001966238021850586
-0.003244435414671898,-0.002077655866742134,-0.0021343231201171875
-0.0035759378224611282,-0.0027520363219082355,-0.0016461014747619629
-0.0027781892567873,-0.0019620535895228386,-0.0015239715576171875
-0.003916829824447632,-0.0014351680874824524,-0.002317190170288086
-0.004167567938566208,-0.0023194309324026108,-0.0015848875045776367
-0.0035914499312639236,-0.003317770082503557,-0.0019968748092651367
-0.0029584281146526337,-0.002497781068086624,-0.0013103485107421875
-0.0025164764374494553,-0.0021064868196845055,-0.0023937225341796875
-0.0018989909440279007,-0.001342451199889183,-0.0017377734184265137
-0.0018563587218523026,-0.0020388434641063213,-0.0015091896057128906
-0.0028096307069063187,-0.0025633363984525204,-0.0009293556213378906
-0.003381110727787018,-0.0025315899401903152,-0.0019519329071044922
-0.0038535334169864655,-0.0026304558850824833,-0.0015856027603149414
-0.004523357376456261,-0.0024180575273931026,-0.0023336410522460938
-0.0039041582494974136,-0.002384756226092577,-0.003386378288269043
-0.0034205541014671326,-0.0020775850862264633,-0.002058744430541992
-0.0025161169469356537,-0.002042200416326523,-0.0015246868133544922
-0.0013892259448766708,-0.0024213208816945553,0.00035190582275390625
-0.0035271570086479187,-0.0017874683253467083,-0.0021352171897888184
-0.004065081477165222,-0.0023673721589148045,-0.001555323600769043
-0.003967873752117157,-0.0023632384836673737,-0.0013570785522460938
-0.003964303061366081,-0.002034672535955906,-0.0008841753005981445
-0.0031056441366672516,-0.0011980868875980377,-0.0030510425567626953
-0.0027687568217515945,-0.002425889018923044,-0.0017237663269042969
-0.002895977348089218,-0.0024558063596487045,-0.0023187994956970215
-0.0030809342861175537,-0.0019281296990811825,-0.0014795660972595215
-0.003178449347615242,-0.001936915796250105,-0.0021969079971313477
-0.002348879352211952,-0.0025047818198800087,-0.0005033612251281738
-0.0028846953064203262,-0.002805181313306093,-0.0009461641311645508
-0.0031829550862312317,-0.0029291133396327496,-0.001404106616973877
-0.0029910169541835785,-0.001597126480191946,-0.0019992589950561523
-0.002110743895173073,-0.0016332119703292847,-0.0021364688873291016
-0.00306740403175354,-0.0011048447340726852,-0.0021213293075561523
-0.003125980496406555,-0.00219626072794199,-0.0018923282623291016
-0.002824980765581131,-0.0019006133079528809,-0.0006105303764343262
-0.002489794045686722,-0.0021691033616662025,-0.0012056827545166016
-0.0026083961129188538,-0.001993948593735695,-0.0024110078811645508
-0.0029955748468637466,-0.002523652743548155,-0.001922905445098877
-0.0025379452854394913,-0.002407948486506939,-0.0026400089263916016
-0.002465222030878067,-0.0018633408471941948,-0.0018922686576843262
-0.0029302071779966354,-0.0015157023444771767,-0.0018161535263061523
-0.0019217263907194138,-0.0015834551304578781,-0.0004886388778686523
-0.003204997628927231,-0.00234905444085598,-0.0014804601669311523
-0.0029050298035144806,-0.0030102916061878204,-0.002579212188720703
-0.003713596612215042,-0.001447321381419897,-0.0017402172088623047
-0.003006748855113983,-0.0018067490309476852,-0.00141984224319458
-0.003262169659137726,-0.0015006926842033863,-0.0019234418869018555
-0.0030674394220113754,-0.002188466489315033,-0.0016332268714904785
-0.002987317740917206,-0.0023370999842882156,-0.001816391944885254
-0.003456849604845047,-0.0019236165098845959,-0.001785874366760254
-0.0032936986535787582,-0.0019050189293920994,-0.001694321632385254
-0.0029151551425457,-0.0020820917561650276,-0.0014653801918029785
-0.0028751082718372345,-0.0014722575433552265,-0.0017402172088623047
-0.003290073946118355,-0.0013327328488230705,-0.0016028881072998047
-0.0026488304138183594,-0.0021329252049326897,-0.0020911693572998047
-0.0034189000725746155,-0.0019805775955319405,-0.0014961957931518555
-0.003674963489174843,-0.002264827024191618,-0.0023660659790039062
-0.002965429797768593,-0.0016075531020760536,-0.002625584602355957
-0.00324849970638752,-0.0021641948260366917,-0.002549409866333008
-0.002713724970817566,-0.0025995783507823944,-0.0010995864868164062
-0.0023359600454568863,-0.0023106741718947887,-0.0024269819259643555
-0.00229799747467041,-0.002213879022747278,-0.0016182661056518555
-0.0023653898388147354,-0.0019309623166918755,-0.0013282299041748047
-0.0031854622066020966,-0.0026160702109336853,-0.0013890862464904785
-0.0025128070265054703,-0.001755658071488142,-0.001755356788635254
-0.0033768843859434128,-0.0012622899375855923,-0.0012977123260498047
-0.00402412936091423,-0.0025759455747902393,-0.0007635354995727539
-0.004263143986463547,-0.002468366175889969,-0.0017554759979248047
-0.004683064296841621,-0.0023782923817634583,-0.0023050308227539062
-0.0037388168275356293,-0.002192010171711445,-0.0019083023071289062
-0.0032650046050548553,-0.001976615749299526,-0.0018777847290039062
-0.0030160080641508102,-0.0021141814067959785,-0.0027934908866882324
-0.002495119348168373,-0.001455808524042368,-0.0017864704132080078
-0.003401733934879303,-0.0023617432452738285,-0.001527249813079834
-0.0031222980469465256,-0.002128192223608494,-0.002976715564727783
-0.00260036438703537,-0.0011718692258000374,-0.0009778141975402832
-0.004069508984684944,-0.0014152280054986477,-0.0014660358428955078
-0.003307882696390152,-0.0021340427920222282,-0.0008558034896850586
-0.0034799277782440186,-0.0013818573206663132,-0.0021529793739318848
-0.0038723256438970566,-0.0017954874783754349,-0.0017255544662475586
-0.00246257521212101,-0.0021540257148444653,-0.0015425682067871094
-0.0024907924234867096,-0.0022358507849276066,-0.0018172860145568848
-0.002913588657975197,-0.0020796209573745728,-0.0018173456192016602
-0.002721773460507393,-0.0014120233245193958,-0.002198934555053711
-0.0034857410937547684,-0.002197669353336096,-0.0015121698379516602
-0.0037265904247760773,-0.0019883112981915474,-0.0011612176895141602
-0.003212062641978264,-0.0017822817899286747,-0.0010696053504943848
-0.003451937809586525,-0.0019462723284959793,-0.0010544657707214355
-0.002989610657095909,-0.001852646004408598,-0.001405477523803711
-0.0025947168469429016,-0.0012948829680681229,-0.0012375712394714355
-0.004089483991265297,-0.002612268552184105,-0.002031087875366211
-0.003130212426185608,-0.002892090007662773,-0.0007035136222839355
-0.002638772130012512,-0.0026916787028312683,-0.001847982406616211
-0.002867637202143669,-0.0014040875248610973,-0.0019701719284057617
-0.003269083797931671,-0.0018686894327402115,-0.001512289047241211
-0.002278285101056099,-0.0021347817964851856,-0.0009629130363464355
-0.002057015895843506,-0.0020579942502081394,-0.0014208555221557617
-0.0027142316102981567,-0.0023585367016494274,-0.002290487289428711
-0.002720797434449196,-0.0018771989271044731,-0.0018175840377807617
-0.002640537917613983,-0.0017933715134859085,-0.0019854307174682617
-0.0036755744367837906,-0.0015240679495036602,-0.0023516416549682617
-0.00289774127304554,-0.0018626372329890728,-0.0014667510986328125
-0.002436060458421707,-0.0018962561152875423,-0.0014057159423828125
-0.002102132886648178,-0.0016379877924919128,-0.0008413791656494141
-0.0029182154685258865,-0.0022306228056550026,-0.0018787980079650879
-0.0020320452749729156,-0.0025694207288324833,-0.0016196966171264648
-0.002580784261226654,-0.0019015991128981113,-0.0016652345657348633
-0.0031058378517627716,-0.00216922489926219,-0.0014057159423828125
-0.0037372075021266937,-0.0015604682266712189,-0.0029163360595703125
-0.0037008188664913177,-0.0014730235561728477,-0.0025806427001953125
-0.0034206341952085495,-0.0023837718181312084,-0.0024126172065734863
-0.0033613331615924835,-0.001982999499887228,-0.0011156797409057617
-0.0036629345268011093,-0.0024136831052601337,-0.0012378692626953125
-0.0023988988250494003,-0.0014107436873018742,-0.002061784267425537
-0.0033817533403635025,-0.002550337929278612,-0.0018939971923828125
-0.002613106742501259,-0.002973950933665037,-0.0012837648391723633
-0.0031588114798069,-0.00217193691059947,-0.0010699033737182617
-0.0028821583837270737,-0.0015035863034427166,-0.0020617246627807617
-0.0032997578382492065,-0.001688642892986536,-0.001695394515991211
-0.004288326948881149,-0.0010943361558020115,-0.0019243955612182617
-0.002278044819831848,-0.001556233037263155,-0.0007342100143432617
-0.0027894526720046997,-0.0021501267328858376,-0.0023971199989318848
-0.002858927473425865,-0.0016654222272336483,-0.0020920634269714355
-0.003073550760746002,-0.0016268100589513779,-0.0011461973190307617
-0.0029982756823301315,-0.0014535076916217804,-0.0013142824172973633
-0.0028272252529859543,-0.0020933360792696476,-0.0034050941467285156
-0.002444697543978691,-0.002160878386348486,-0.0010707974433898926
-0.0032843798398971558,-0.0021554394625127316,0.0005313754081726074
-0.0037697460502386093,-0.0018494222313165665,-0.0034967660903930664
-0.0027873460203409195,-0.001227380707859993,-0.0017116069793701172
-0.0036239754408597946,-0.002374829724431038,-0.0014369487762451172
-0.003436477854847908,-0.0021729194559156895,-0.0006740093231201172
-0.0032547302544116974,-0.002014477737247944,-0.0016965866088867188
-0.003023231402039528,-0.002184145152568817,-0.0016661286354064941
-0.002937452867627144,-0.0022519221529364586,-0.0024902820587158203
-0.002319877967238426,-0.0035042855888605118,-0.002276778221130371
-0.002782342955470085,-0.0025613349862396717,-0.002383589744567871
-0.0023276321589946747,-0.0017237700521945953,-0.001529395580291748
-0.0026810821145772934,-0.002109559252858162,-0.0017125606536865234
-0.0032599344849586487,-0.0027300603687763214,-0.0009953975677490234
-0.0025505032390356064,-0.0012018182314932346,-0.0016974210739135742
-0.0032806750386953354,-0.001824961043894291,-0.0008429884910583496
-0.0035276655107736588,-0.0017382288351655006,-0.0022162795066833496
-0.002419363707304001,-0.0016268081963062286,-0.0024453401565551758
-0.0022425390779972076,-0.0024019586853682995,-0.001285851001739502
-0.0027699079364538193,-0.0015511163510382175,-0.0011639595031738281
-0.0025374963879585266,-0.0017392942681908607,-0.002430438995361328
-0.004030052572488785,-0.0025340025313198566,-0.0021558403968811035
-0.0037408098578453064,-0.0021064234897494316,-0.0021405816078186035
-0.003007318824529648,-0.0021674330346286297,-0.0023542046546936035
-0.002961212769150734,-0.0022313734516501427,-0.0019878745079040527
-0.0035862810909748077,-0.0009157354943454266,-0.001133561134338379
-0.003219934180378914,-0.001577689778059721,-0.0013780593872070312
-0.002343345433473587,-0.002442718017846346,-0.0018968582153320312
-0.002056945115327835,-0.00210225535556674,-0.001805424690246582
-0.0017669685184955597,-0.0028637261129915714,-0.0016223788261413574
-0.003100156784057617,-0.0024286885745823383,-0.001393437385559082
-0.002073058858513832,-0.0011312691494822502,-0.002248108386993408
-0.002532925456762314,-0.0013921624049544334,-0.0021567344665527344
-0.002816244959831238,-0.001112381462007761,-0.002324700355529785
-0.003181612119078636,-0.001159201841801405,-0.001821279525756836
-0.002147708088159561,-0.001748724840581417,-0.0017145872116088867
-0.002863861620426178,-0.0011899969540536404,-0.0010432004928588867
-0.003551715984940529,-0.002088957466185093,-0.0022181272506713867
-0.002860039472579956,-0.0023205154575407505,-0.0016383528709411621
-0.003392493352293968,-0.0021082391031086445,-0.0018214583396911621
-0.0029730070382356644,-0.0019840444438159466,-0.002431631088256836
-0.0028624851256608963,-0.002600383013486862,-0.0029503703117370605
-0.001998651772737503,-0.0020723058842122555,-0.0021719932556152344
-0.0025789812207221985,-0.0014748228713870049,-0.0016838312149047852
-0.003671640530228615,-0.0013516657054424286,-0.0007985830307006836
-0.002862256020307541,-0.0018248860724270344,-0.001317143440246582
-0.002758324146270752,-0.0012137680314481258,-0.0011037588119506836
-0.0019840430468320847,-0.0022182916291058064,-0.0013480782508850098
-0.0019524116069078445,-0.0020660818554461002,-0.0014701485633850098
-0.003002505749464035,-0.0025884672068059444,-0.0016990900039672852
-0.003020692616701126,-0.0021098656579852104,-0.0013636350631713867
-0.0024108514189720154,-0.0017850878648459911,-0.0021876096725463867
-0.002593550831079483,-0.002597498707473278,-0.0011348128318786621
-0.002696976065635681,-0.0026430939324200153,-0.0015622377395629883
-0.0030304361134767532,-0.001845313236117363,-0.0016995668411254883
-0.0027479510754346848,-0.0017572017386555672,-0.001684427261352539
-0.0035506486892700195,-0.0010673142969608307,-0.0013793706893920898
-0.0024736206978559494,-0.0014453120529651642,-0.0017304420471191406
-0.006508618593215942,-0.008507320657372475,-0.0009065866470336914
-0.0058144088834524155,0.0013181045651435852,-0.0020055770874023438
0.0033665113151073456,0.006698756944388151,-0.004767775535583496
-0.0003686174750328064,-0.002786376979202032,-0.0037607550621032715
-0.004159081727266312,-0.006206385791301727,0.004875898361206055
-0.00014335475862026215,-0.0008456646464765072,-0.004309654235839844
-0.007027534767985344,-0.007813746109604836,-0.003226161003112793
-0.0037426482886075974,0.0023313122801482677,0.000649571418762207
-0.004723586142063141,-0.00018489127978682518,-0.0050879716873168945
-0.0018837377429008484,-0.0029039066284894943,0.00278550386428833
-0.00035997480154037476,-0.0022081946954131126,-0.0040659308433532715
-0.0006143674254417419,0.0005573779344558716,0.0006031990051269531
0.0016240347176790237,-0.000975973904132843,0.00043523311614990234
-0.0004673171788454056,-0.004288648720830679,-0.007056772708892822
-0.003045499324798584,-0.00397475203499198,0.0008469820022583008
-0.0035557448863983154,-0.002490597777068615,0.0028913021087646484
-0.004907386377453804,-0.0011385302059352398,-0.008842825889587402
-0.004735538735985756,-1.72262080013752e-05,0.0008310079574584961
-0.003203434869647026,-0.001626068726181984,0.0006632804870605469
-0.0029100999236106873,-0.0037813186645507812,-0.0060350894927978516
-0.0032264012843370438,-0.0031479131430387497,0.0006331205368041992
-0.0015034209936857224,-0.0014090812765061855,-9.959936141967773e-05
-0.0038217250257730484,-0.00017618946731090546,-0.0037770867347717285
-0.004310572519898415,-0.0013289772905409336,0.0012429356575012207
-0.002600826323032379,-0.0033731693401932716,-0.0018851757049560547
-0.0029112771153450012,-0.004441530909389257,-0.002892434597015381
-0.002856893464922905,-0.003258682321757078,0.00022023916244506836
-0.0018565263599157333,-0.0010967995040118694,-0.0021907687187194824
-0.0015657059848308563,0.0002812892198562622,-0.0018246173858642578
-0.004222540184855461,-0.0010105022229254246,0.000616908073425293
-0.0030140243470668793,-0.0010609258897602558,-0.0014581680297851562
-0.002531839534640312,-0.002190631814301014,-0.0035793185234069824
-0.002898002043366432,-0.0024065361358225346,-0.00010037422180175781
-0.0022038426250219345,-0.0026703118346631527,-0.0011838674545288086
-0.0017156042158603668,-0.0027541397139430046,-0.0019164085388183594
-0.0017116423696279526,-0.0021388796158134937,-0.0009246468544006348
-0.0011636745184659958,-0.0016277073882520199,-0.001031339168548584
-0.0018326491117477417,-0.0007773255929350853,-0.0020537376403808594
-0.003166699782013893,-0.000526119489222765,-0.0012755990028381348
-0.002541467547416687,-0.00201041204854846,-0.0011842846870422363
-0.0035378821194171906,-0.00308568449690938,-0.001703023910522461
-0.00333254411816597,-0.002554011531174183,-0.00214540958404541
-0.0028043370693922043,-0.0011198553256690502,-0.0023131370544433594
-0.002024419605731964,-0.0008616261184215546,-0.0024962425231933594
-0.0020731575787067413,-0.0014904169365763664,-0.0006651878356933594
-0.0005955342203378677,-0.0020012175664305687,-0.00209963321685791
-0.0024840310215950012,-0.0028963531367480755,-0.001916646957397461
-0.0030249711126089096,-0.002814644481986761,-0.0005892515182495117
-0.004107924178242683,-0.0019521401263773441,-0.0030155181884765625
-0.004452541470527649,-0.0013666963204741478,-0.0027712583541870117
-0.0047016870230436325,-0.0020662411116063595,-0.0011234879493713379
-0.003894161432981491,-0.0015101083554327488,-0.0013679265975952148
-0.0021361056715250015,-0.0023594251833856106,-0.0018714070320129395
-0.0015118401497602463,-0.0017195278778672218,-0.001230776309967041
-0.0005408506840467453,-0.0023038419894874096,-0.0011851787567138672
-0.0016174223273992538,-0.002539397217333317,-0.0025891661643981934
-0.002293480560183525,-0.002417460549622774,-0.0021773576736450195
-0.002743711695075035,-0.0020445119589567184,-0.001460254192352295
-0.0020558014512062073,-0.0011057746596634388,-0.0017958879470825195
-0.0026293694972991943,-0.0009579351171851158,-0.0022233128547668457
-0.0028889067471027374,-0.0009091612882912159,-0.0014908909797668457
-0.0018781870603561401,-0.0018394258804619312,-0.0035659074783325195
-0.0020647868514060974,-0.002116432413458824,-0.006724238395690918
-0.002468084916472435,-0.0014094333164393902,0.0022794008255004883
-0.003273177891969681,-0.005183159839361906,-0.004815816879272461
-0.0026076901704072952,0.0024200938642024994,0.006430208683013916
-0.0010855495929718018,0.0038499878719449043,-0.003991544246673584
0.01587710902094841,0.1712782084941864,-0.00037539005279541016
0.027684025466442108,0.5014848709106445,-0.004495143890380859
0.07609615474939346,0.5485309362411499,0.0012731552124023438
0.13557446002960205,0.4325612187385559,-0.003365039825439453
0.16490139067173004,0.29900920391082764,0.0030901432037353516
0.2148946225643158,0.05672469362616539,-0.004341006278991699
0.14452439546585083,-0.07505544275045395,0.0021436214447021484
0.09793847799301147,0.2641333043575287,-0.0033347606658935547
0.16620385646820068,0.32609376311302185,-0.0002524256706237793
0.18520614504814148,0.33128052949905396,-0.0010912418365478516
0.17820900678634644,0.2594115138053894,-0.0017467737197875977
0.14818166196346283,0.14517652988433838,0.0013364553451538086
0.10462639480829239,0.1058288961648941,-0.0015004873275756836
0.10227752476930618,0.1917630136013031,-0.003970146179199219
-0.00012382492423057556,0.16842712461948395,0.0006093978881835938
-0.07034216076135635,0.14499761164188385,-0.0012962818145751953
-0.10854143649339676,0.079373300075531,-0.0006396174430847168
-0.06159520894289017,0.09038817137479782,-0.0036916732788085938
-0.035856977105140686,0.09414167702198029,-0.0020906925201416016
-0.01541529968380928,0.024063657969236374,-0.0020465850830078125
0.023307954892516136,-0.023671114817261696,-0.003924906253814697
0.010419104248285294,-0.08645407855510712,-8.064508438110352e-05
-0.008568214252591133,-0.1359456181526184,-0.00043272972106933594
-0.050997838377952576,-0.14957071840763092,-0.003470897674560547
-0.0676484927535057,-0.11658807843923569,-0.0035343170166015625
-0.08512969315052032,-0.10463745892047882,-0.0033379793167114258
-0.10140916705131531,-0.11246833950281143,-0.005094289779663086
-0.13129888474941254,-0.13038264214992523,-0.0012661218643188477
-0.1806381642818451,-0.18472422659397125,-0.0003066062927246094
-0.20825937390327454,-0.1658344715833664,-0.00317537784576416
-0.11351307481527328,-0.11303889006376266,-0.0028716325759887695
-0.12259945273399353,-0.35346224904060364,0.003990888595581055
-0.21037495136260986,-0.5153138637542725,0.015886962413787842
-0.20656879246234894,-0.45869535207748413,0.06437218189239502
-0.15427017211914062,-0.24827823042869568,0.11506617069244385
-0.06756137311458588,0.0369444265961647,0.09955495595932007
0.1860487014055252,0.44231146574020386,-0.007479071617126465
0.36303380131721497,0.1596529632806778,-0.1956602931022644
0.105707086622715,-0.4501233398914337,-0.10988032817840576
-0.12782707810401917,-0.38761839270591736,0.15148240327835083
-0.22158554196357727,-0.038906507194042206,0.39135777950286865
-0.0924980640411377,0.09975692629814148,0.2768404483795166
0.02075662463903427,-0.00011622905731201172,0.0666271448135376
-0.013155773282051086,-0.15978936851024628,-0.035862088203430176
-0.04307815432548523,-0.20054887235164642,-0.07586109638214111
0.022963106632232666,-0.19125865399837494,-0.005336165428161621
0.19364148378372192,-0.1707034409046173,0.14231336116790771
0.3144025504589081,-0.13141033053398132,0.27897918224334717
0.33082982897758484,-0.07493460178375244,0.27683746814727783
0.29334717988967896,-0.04879651963710785,0.30901455879211426
0.21965539455413818,-0.05604727566242218,0.4179617166519165
0.10876208543777466,-0.03407253324985504,0.5219216346740723
0.05929458141326904,-0.012881025671958923,0.5227442979812622
0.03918921947479248,-0.013608336448669434,0.4996810555458069
0.05387461185455322,0.0019401907920837402,0.46043044328689575
0.04716262221336365,0.06622663140296936,0.4415513277053833
0.014138787984848022,0.1128508448600769,0.4081040620803833
0.01969340443611145,0.11976146697998047,0.37753283977508545
0.050338417291641235,0.12728559970855713,0.34568023681640625
0.07219713926315308,0.1140933632850647,0.31744205951690674
0.06715524196624756,0.09890985488891602,0.31452763080596924
0.02427104115486145,0.1594923436641693,0.29636216163635254
-0.0473044216632843,0.24613484740257263,0.25401371717453003
-0.05348867177963257,0.2655287981033325,0.20903849601745605
-0.15273898839950562,0.19578588008880615,0.1830264925956726
-0.21595034003257751,0.1743829846382141,0.1461700201034546
-0.2217271327972412,0.17962318658828735,0.0973772406578064
-0.18773305416107178,0.18482792377471924,0.06352102756500244
-0.11786338686943054,0.17397785186767578,0.047279298305511475
-0.06194239854812622,0.11993372440338135,0.05404782295227051
-0.0240972638130188,0.07499641180038452,0.06166785955429077
-0.02617865800857544,0.09863561391830444,0.05182713270187378
-0.07332336902618408,0.14567750692367554,0.03648906946182251
-0.12674468755722046,0.1852257251739502,0.04550653696060181
-0.1716388761997223,0.20440560579299927,0.05921381711959839
-0.19393864274024963,0.17948615550994873,0.03161543607711792
-0.1721612811088562,0.15183454751968384,0.003813505172729492
-0.11743652820587158,0.1346316933631897,-0.031207561492919922
-0.033042341470718384,0.13321655988693237,-0.03793835639953613
0.06232607364654541,0.15946531295776367,-0.005349099636077881
0.11365386843681335,0.16676735877990723,0.049870193004608154
0.1247284859418869,0.1569564938545227,0.08091947436332703
0.1023731380701065,0.17914408445358276,0.09355202317237854
0.09286537766456604,0.2610621452331543,0.03457897901535034
0.04507933557033539,0.2833806276321411,-0.03541320562362671
-0.04912818968296051,0.21415358781814575,-0.025117218494415283
-0.10581809282302856,0.1602301001548767,0.004672437906265259
-0.1171213686466217,0.15757405757904053,0.03167402744293213
-0.09507870674133301,0.19248807430267334,0.05303904414176941
-0.01637910306453705,0.21154963970184326,0.05048716068267822
0.07127141952514648,0.2089187502861023,0.03369966149330139
0.11137815564870834,0.1849125623703003,-0.027400732040405273
-0.031388767063617706,0.14972156286239624,-0.12652167677879333
-0.29076990485191345,0.10048913955688477,-0.19931015372276306
-0.20383864641189575,0.203660786151886,-0.21575963497161865
-0.08042105287313461,0.24057477712631226,-0.1801149845123291
-0.028732098639011383,0.18646389245986938,-0.11485336720943451
-0.008183442056179047,0.13673710823059082,-0.08443045616149902
0.016427434980869293,0.11889040470123291,-0.08679461479187012
0.0353388674557209,0.1423662304878235,-0.10943462699651718
0.034213338047266006,0.14473235607147217,-0.12373864650726318
0.018595073372125626,0.14225196838378906,-0.11537063866853714
-0.01072186604142189,0.13860207796096802,-0.10061907768249512
-0.03859297186136246,0.13971680402755737,-0.09283339232206345
-0.06057930365204811,0.12399601936340332,-0.09366345405578613
-0.07965411245822906,0.11405158042907715,-0.09598995000123978
-0.08596721291542053,0.11977779865264893,-0.10198676586151123
-0.10338009148836136,0.11070603132247925,-0.10559582710266113
-0.09652866423130035,0.09299957752227783,-0.09155654162168503
-0.05330894887447357,0.06531363725662231,-0.06744944304227829
0.002208627760410309,0.04739481210708618,-0.06081581115722656
0.0582350417971611,0.042910873889923096,-0.07316315174102783
0.07997891306877136,0.04214191436767578,-0.08408057689666748
0.0461798720061779,0.05664032697677612,-0.08543051034212112
-0.018999885767698288,0.08649998903274536,-0.08588254451751709
-0.04183875024318695,0.08502918481826782,-0.07956230640411377
-0.023242607712745667,0.05459696054458618,-0.055937644094228745
-0.005304887890815735,0.03583228588104248,-0.054901961237192154
-0.005786478519439697,0.040227651596069336,-0.07155191898345947
-0.0041124820709228516,0.041205406188964844,-0.08276510238647461
0.03305511176586151,0.03634911775588989,-0.08400154113769531
0.08769845962524414,0.027626514434814453,-0.0776451826095581
0.11160759627819061,0.013957500457763672,-0.060889486223459244
0.07728666067123413,0.030853629112243652,-0.0536423921585083
0.0015229955315589905,0.0538480281829834,-0.05754256621003151
-0.08591616153717041,0.08903747797012329,-0.04786825552582741
-0.1530761867761612,0.028760790824890137,-0.0692676305770874
-0.1243981420993805,-0.00938725471496582,-0.12833178043365479
-0.06741619110107422,-9.733438491821289e-05,-0.18061327934265137
-0.030277788639068604,-0.030620157718658447,-0.21246206760406494
0.01338629424571991,-0.03616136312484741,-0.2182447910308838
0.046585917472839355,-0.03967338800430298,-0.2213752269744873
0.03945434093475342,-0.0380018949508667,-0.2533026933670044
0.020276889204978943,-0.005282402038574219,-0.23851537704467773
0.00013047456741333008,-0.00030750036239624023,-0.1597437858581543
-0.007466495037078857,-0.018488526344299316,-0.0702986791729927
-0.030635610222816467,-0.01655280590057373,0.008493412286043167
-0.10544136166572571,-0.02709275484085083,0.07790696620941162
-0.14813721179962158,-0.04813200235366821,0.12567973136901855
-0.13777907192707062,-0.1515313982963562,0.07191265374422073
-0.0070106834173202515,-0.02447754144668579,0.014224886894226074
0.05996941030025482,-0.06585085391998291,0.004683136940002441
0.12762950360774994,-0.06529033184051514,0.0361161082983017
0.17249071598052979,-0.07501626014709473,0.06074177473783493
0.20285654067993164,-0.0454026460647583,0.07701385021209717
0.19188332557678223,-0.013906538486480713,0.0622105598449707
0.1302519142627716,0.0014709234237670898,0.013311266899108887
0.060887932777404785,-0.001474916934967041,-0.048458218574523926
0.032690197229385376,-0.009012222290039062,-0.11924874037504196
-0.004460468888282776,-0.00021964311599731445,-0.1949625015258789
-0.07316431403160095,-0.027613937854766846,-0.2610083818435669
-0.1522504985332489,-0.031458377838134766,-0.3236442804336548
-0.20814596116542816,-0.02075779438018799,-0.37887418270111084
-0.2095762938261032,-0.018235385417938232,-0.37822794914245605
-0.14324989914894104,-0.019243359565734863,-0.3230503797531128
0.017903052270412445,-0.04984772205352783,-0.28353357315063477
0.16466231644153595,-0.05558013916015625,-0.3077322244644165
0.18233931064605713,-0.0995478630065918,-0.3249647617340088
0.17753787338733673,-0.10750448703765869,-0.29310429096221924
0.01910531520843506,-0.12853527069091797,-0.2843592166900635
-0.06685613840818405,-0.05515772104263306,-0.21308961510658264
-0.03732634335756302,-0.08951979875564575,-0.15753993391990662
-0.02496480941772461,-0.13592129945755005,-0.21792271733283997
-0.06096651405096054,-0.11514627933502197,-0.3331895172595978
-0.056899651885032654,-0.08400982618331909,-0.3232458531856537
-0.01359403133392334,-0.07777523994445801,-0.16537106037139893
0.039868250489234924,-0.06462341547012329,-0.0037543773651123047
0.050562046468257904,-0.04123127460479736,0.0953112542629242
0.05267270654439926,-0.0403749942779541,0.14685875177383423
0.07854517549276352,-0.03455018997192383,0.14581316709518433
0.13884174823760986,-0.01710301637649536,0.11945194005966187
0.20114541053771973,0.012471795082092285,0.09119683504104614
0.25564807653427124,0.04879474639892578,0.053930461406707764
0.2902103662490845,0.06780749559402466,0.03698772192001343
0.30072152614593506,0.08173626661300659,0.029837816953659058
0.29205650091171265,0.1237909197807312,0.023079097270965576
0.27045270800590515,0.1851426362991333,0.009177148342132568
0.23535534739494324,0.22246521711349487,0.010354876518249512
0.1754492074251175,0.23793929815292358,0.025901377201080322
0.13082973659038544,0.23317080736160278,0.05531829595565796
0.04868297278881073,0.2266291379928589,0.05612218379974365
-0.004908714443445206,0.2514268755912781,0.00286710262298584
-0.045114099979400635,0.2521173357963562,-0.06336474418640137
-0.05532078444957733,0.21523642539978027,-0.026807665824890137
-0.04182419925928116,0.21896260976791382,0.0023432374000549316
-0.06950944662094116,0.19406187534332275,0.016147077083587646
-0.06543389707803726,0.20019245147705078,-0.0027289986610412598
-0.06519684940576553,0.22705090045928955,-0.023819804191589355
-0.08049822598695755,0.209189772605896,0.004290342330932617
-0.0821981132030487,0.16060692071914673,0.04041033983230591
0.057148225605487823,0.257878839969635,0.04240542650222778
0.019800938665866852,0.10960441827774048,0.024578511714935303
-0.09632213413715363,-0.0983169674873352,-0.07563304901123047
0.07963982969522476,0.014696180820465088,-0.21981817483901978
0.1481907218694687,0.015291810035705566,-0.2337772250175476
0.1278212070465088,-0.0022568702697753906,-0.19336801767349243
0.06958764791488647,0.01106637716293335,-0.1362980604171753
0.0068864598870277405,0.026947855949401855,-0.06324881315231323
-0.021041139960289,0.03908759355545044,-0.028514206409454346
-0.032223157584667206,0.04945582151412964,-0.020283758640289307
-0.035556644201278687,0.04824155569076538,0.00833219289779663
-0.03505629301071167,0.04752320051193237,0.0173758864402771
-0.03149018436670303,0.0486261248588562,0.003598809242248535
-0.0452144555747509,0.05503499507904053,-0.002940654754638672
-0.0672348365187645,0.07347798347473145,-0.013589024543762207
-0.0811387151479721,0.10767793655395508,-0.018954157829284668
-0.10474079847335815,0.12192529439926147,-0.025195002555847168
-0.12137843668460846,0.10893923044204712,-0.029710233211517334
-0.11890465766191483,0.1059654951095581,-0.029742956161499023
-0.10063299536705017,0.11621290445327759,-0.01905226707458496
-0.11018034815788269,0.11593377590179443,0.008540868759155273
-0.12401917576789856,0.11081618070602417,0.047080934047698975
-0.12626318633556366,0.10735172033309937,0.07002580165863037
-0.12770287692546844,0.09862065315246582,0.06779932975769043
-0.13256409764289856,0.08126950263977051,0.05414479970932007
-0.1276240348815918,0.06098532676696777,0.030757784843444824
-0.11826016008853912,0.037925660610198975,0.006229281425476074
-0.11946295201778412,0.02446848154067993,-0.003535449504852295
-0.1277080625295639,0.0128287672996521,-0.0026241540908813477
-0.13258907198905945,0.009497880935668945,0.003198981285095215
-0.1381959319114685,1.537799835205078e-05,0.009471893310546875
-0.14524497091770172,-0.013776957988739014,0.015275061130523682
-0.14406588673591614,-0.02352774143218994,0.0075980424880981445
-0.1287597417831421,-0.03204679489135742,-0.01230686902999878
-0.09316386282444,-0.033135831356048584,-0.0339202880859375
-0.054710522294044495,-0.029486030340194702,-0.03872203826904297
-0.018917076289653778,-0.027294158935546875,-0.008475661277770996
0.015451259911060333,-0.013199567794799805,0.042632460594177246
0.024230562150478363,0.006737023591995239,0.0997840166091919
0.00957140326499939,0.019783973693847656,0.14409834146499634
-0.016279734671115875,0.02149808406829834,0.15876132249832153
-0.0430406779050827,0.0049066245555877686,0.13761621713638306
-0.06486696749925613,-0.012167245149612427,0.07975786924362183
-0.07558589428663254,-0.02445775270462036,0.003995716571807861
-0.07444227486848831,-0.03554534912109375,-0.05644768476486206
-0.0562080517411232,-0.045658767223358154,-0.09464395046234131
-0.031550608575344086,-0.044127702713012695,-0.0985485315322876
-0.012234605848789215,-0.037832409143447876,-0.07270669937133789
0.0022378861904144287,-0.0378989577293396,-0.04181265830993652
0.004518367350101471,-0.032453835010528564,-0.020394325256347656
-0.005738094449043274,-0.02586585283279419,-0.01437222957611084
-0.005633562803268433,-0.023883044719696045,-0.02498650550842285
-4.9971044063568115e-05,-0.0233650803565979,-0.0444033145904541
0.0006947293877601624,-0.01789301633834839,-0.05835127830505371
-0.004867136478424072,-0.00954243540763855,-0.05783742666244507
-0.016141973435878754,0.00417599081993103,-0.040294528007507324
-0.038488373160362244,0.024412721395492554,-0.017253518104553223
-0.07406602799892426,0.04149414598941803,0.009700894355773926
-0.10734774172306061,0.04431024193763733,0.03564870357513428
-0.11046923696994781,0.03491024672985077,0.04463231563568115
-0.09435440599918365,0.022759050130844116,0.039147138595581055
-0.05185537040233612,0.01940736174583435,0.031661152839660645
0.012882396578788757,0.025369465351104736,0.03937256336212158
0.06245887279510498,0.022688210010528564,0.07325106859207153
0.06477062404155731,0.012924820184707642,0.12761855125427246
0.04025213420391083,0.014307603240013123,0.18507826328277588
0.015623673796653748,0.019898176193237305,0.23491168022155762
-0.0025740116834640503,0.01570819318294525,0.27118992805480957
-0.014458194375038147,0.00492425262928009,0.2883043885231018
-0.02325541526079178,-0.005516670644283295,0.277792751789093
-0.026279978454113007,-0.013851217925548553,0.23149001598358154
-0.024769671261310577,-0.018510781228542328,0.15995043516159058
-0.013791613280773163,-0.01611313223838806,0.07497626543045044
-0.013376615941524506,-0.01368962973356247,0.007844030857086182
-0.02157840132713318,-0.011345960199832916,-0.024589836597442627
-0.025179803371429443,-0.0024337023496627808,-0.025923490524291992
-0.034005455672740936,0.004671841859817505,-0.005980849266052246
-0.04582209885120392,0.008916638791561127,0.015125155448913574
-0.06053990125656128,0.016430586576461792,0.03429543972015381
-0.0619465634226799,0.01792227104306221,0.04623818397521973
-0.04673796892166138,0.01624074950814247,0.04419398307800293
-0.035472795367240906,0.016175176948308945,0.03871583938598633
-0.029586657881736755,0.010233070701360703,0.02650505304336548
-0.04033813998103142,0.006925463676452637,0.015088200569152832
-0.06320780515670776,0.0027238354086875916,0.007197856903076172
-0.06834439933300018,-0.006539493799209595,-0.009768486022949219
-0.060268186032772064,-0.009749140590429306,-0.029090404510498047
-0.04496898129582405,-0.014122117310762405,-0.04610395431518555
-0.02303306758403778,-0.02241676300764084,-0.05889725685119629
-0.005268281325697899,-0.024794867262244225,-0.051326096057891846
-0.003324246034026146,-0.02722800150513649,-0.024039030075073242
0.017974069342017174,-0.006849191151559353,0.14108717441558838
0.048721715807914734,0.04243115335702896,0.3351069688796997
0.04332732409238815,0.021443355828523636,0.2994384765625
0.016659682616591454,-0.007425266783684492,0.15751421451568604
-0.03051580861210823,-0.027673255652189255,0.0419575572013855
-0.09742169827222824,-0.046392060816287994,-0.012195408344268799
-0.14889618754386902,-0.04749612882733345,-0.03546500205993652
-0.1430130898952484,-0.041542090475559235,-0.053090572357177734
-0.0987926572561264,-0.05040617287158966,-0.08106589317321777
0.011296918615698814,-0.025429056957364082,-0.15604281425476074
0.15513668954372406,0.018074821680784225,-0.20397698879241943
0.034414101392030716,-0.10299640893936157,0.7499390840530396
-0.20446588099002838,-0.18456164002418518,-0.19330978393554688
-0.0739419162273407,-0.008705711923539639,0.04806816577911377
-0.04530082643032074,0.016045501455664635,0.001567840576171875
-0.04453496262431145,-0.011182185262441635,-0.004204750061035156
-0.04500177502632141,-0.013272485695779324,0.004550933837890625
-0.04972246289253235,-0.007112973369657993,-0.0030533671379089355
-0.039004258811473846,-0.005738669075071812,0.019168376922607422
0.10073396563529968,-0.02183479815721512,-0.030689716339111328
0.5713738203048706,-0.32382139563560486,0.05278897285461426
0.026144806295633316,-0.17713327705860138,0.13663625717163086
0.021075118333101273,-0.18983204662799835,-0.03884577751159668
0.06425762921571732,-0.31329235434532166,-0.10946094989776611
0.0034620333462953568,-0.15239723026752472,0.006157100200653076
0.021204974502325058,0.008082415908575058,0.031216740608215332
-0.025929680094122887,-0.2554969787597656,-0.08569848537445068
-0.3137638568878174,-0.8519465923309326,-0.28610897064208984
-0.2687292993068695,-0.9633486270904541,0.2508530020713806
-0.24891626834869385,-0.7787973284721375,0.04797804355621338
-0.31542545557022095,0.02147280052304268,-0.005379676818847656
-0.2555035948753357,0.3298358619213104,0.002633333206176758
-0.06323134154081345,0.23290905356407166,-0.0019736886024475098
0.07544638961553574,0.08324743807315826,-0.003192424774169922
0.10945318639278412,-0.037659235298633575,0.0008072853088378906
0.061145637184381485,-0.14933232963085175,-0.0015871524810791016
-0.07221192866563797,-0.17281115055084229,-0.0042411088943481445
-0.19099083542823792,-0.129865363240242,-0.002561330795288086
-0.2147507518529892,-0.053216494619846344,-0.009534597396850586
-0.1596606820821762,0.05099259316921234,0.00309908390045166
-0.013121822848916054,0.15348698198795319,-0.004927873611450195
0.11441267281770706,0.19834290444850922,0.005660653114318848
0.20763008296489716,0.2686533033847809,-0.004991412162780762
0.23215614259243011,0.33421504497528076,0.00024056434631347656
0.17796552181243896,0.2815008759498596,-0.004079341888427734
0.06447318196296692,0.18523964285850525,0.00335085391998291
-0.013545660302042961,0.13671521842479706,-0.0031810998916625977
-0.015402562916278839,0.11022858321666718,-0.001595139503479004
-0.03022291511297226,0.11876226216554642,-0.0031980276107788086
-0.06528563797473907,0.1638876348733902,0.001287698745727539
-0.11775093525648117,0.5251178741455078,-0.0022372007369995117
0.258613258600235,0.6923564076423645,0.002660214900970459
0.590578556060791,0.5071954131126404,0.0020037293434143066
0.3764374554157257,0.41538137197494507,0.00044727325439453125
-0.02759653888642788,0.11700759083032608,-0.001658797264099121
-0.11927966773509979,0.01906779408454895,-0.0003318190574645996
-0.1493811011314392,0.08528511226177216,-0.0025756359100341797
-0.18582779169082642,0.03720230236649513,-0.0015552043914794922
-0.10627955198287964,-0.011797093786299229,-0.0025794506072998047
0.09495602548122406,-0.09523767232894897,-0.003389596939086914
0.16351211071014404,-0.07751350849866867,-0.0027039051055908203
0.12559190392494202,-0.07485118508338928,0.0006223320960998535
0.08139896392822266,-0.009105143137276173,-0.0014682412147521973
-0.00864698551595211,-0.0046994006261229515,-0.0027957558631896973
-0.0037856847047805786,-0.01007921528071165,-0.0022312402725219727
-0.007498679682612419,-0.008483905345201492,-0.002231299877166748
-0.011353131383657455,-0.009516002610325813,-0.000949561595916748
-0.01187182404100895,-0.006833638064563274,-0.0012851953506469727
-0.01003352366387844,-0.005604425445199013,-0.0018041133880615234
-0.006468662992119789,-0.005975211039185524,-0.0029486417770385742
-0.003785155713558197,-0.0069426195695996284,-0.00023257732391357422
-0.0024290774017572403,-0.007761667482554913,-0.0022314786911010742
-0.001957528293132782,-0.009189526550471783,-0.001453399658203125
-0.0030766911804676056,-0.009282966144382954,-0.0011330246925354004
-0.00509541854262352,-0.008604323491454124,-0.0009349584579467773
-0.005607651546597481,-0.007051006890833378,-0.0019730329513549805
-0.006452469155192375,-0.0063088880851864815,-0.0006303787231445312
-0.006932232528924942,-0.0061135441064834595,-0.001881718635559082
-0.006742607802152634,-0.005980990827083588,-0.002034306526184082
-0.00691547617316246,-0.005635853856801987,-0.0016987323760986328
-0.005621137097477913,-0.007075397297739983,-0.002324402332305908
-0.004319800063967705,-0.00789080560207367,-0.0023703575134277344
-0.004651421681046486,-0.008823621086776257,4.029273986816406e-05
-0.0034201759845018387,-0.008101172745227814,-0.0003867149353027344
-0.0027830135077238083,-0.008470152504742146,-0.0016380548477172852
-0.0024277549237012863,-0.007629074156284332,-0.0012569427490234375
-0.0031468570232391357,-0.006658799946308136,-0.0021424293518066406
-0.006198402494192123,-0.0071855466812849045,-0.0015627145767211914
-0.007678762078285217,-0.006257506087422371,-0.0016390085220336914
-0.009174663573503494,-0.005158604122698307,-0.0020967721939086914
-0.008611667901277542,-0.005997657775878906,-0.002203524112701416
-0.006502637639641762,-0.007573945447802544,-0.002508878707885742
-0.0048039741814136505,-0.008084853179752827,-0.0019441843032836914
-0.0023320894688367844,-0.008468430489301682,-0.0008760690689086914
-0.0015125181525945663,-0.007942376658320427,-0.0022801756858825684
-0.00262434221804142,-0.006558495573699474,-0.001532435417175293
-0.003047741949558258,-0.006768274120986462,-0.0010442733764648438
-0.005947541445493698,-0.007425321266055107,-0.0007393360137939453
-0.00851486437022686,-0.007612176239490509,-0.0017009973526000977
-0.00969620980322361,-0.007241728715598583,-0.0012894272804260254
-0.0070349350571632385,-0.005931025370955467,-0.0017319321632385254
-0.0061632487922906876,-0.00621990580111742,-0.002220451831817627
-0.004789592698216438,-0.006960277445614338,-0.0014274120330810547
-0.0032332483679056168,-0.006786971352994442,-0.0002524852752685547
-0.002303028479218483,-0.007937923073768616,-0.0019768476486206055
-0.003061719238758087,-0.008649151772260666,-0.0011683106422424316
-0.004008080810308456,-0.007221207953989506,-0.001855015754699707
-0.005498969927430153,-0.007575519382953644,-0.0018398761749267578
-0.006265807896852493,-0.007010643370449543,-0.0020841360092163086
-0.0069041624665260315,-0.006370212882757187,-0.001489102840423584
-0.007119329646229744,-0.005406190641224384,-0.0010928511619567871
-0.006272047758102417,-0.005847441032528877,-0.0021153688430786133
-0.0060440655797719955,-0.006130273453891277,-0.0020546913146972656
-0.005358021706342697,-0.007886365056037903,-0.0007728934288024902
-0.0050928909331560135,-0.008074507117271423,-0.0022229552268981934
-0.003795033320784569,-0.008134888485074043,-0.0013837814331054688
-0.0035045314580202103,-0.00772178266197443,-0.0012617111206054688
-0.0046455226838588715,-0.007813778705894947,-0.0020554065704345703
-0.0047724489122629166,-0.007092989981174469,-0.001948535442352295
-0.005380835384130478,-0.006831955164670944,-0.0008957386016845703
-0.006605327129364014,-0.0058814166113734245,-0.001765608787536621
-0.0074138883501291275,-0.00564508605748415,-0.0011095404624938965
-0.0071678683161735535,-0.006310666911303997,-0.0014606118202209473
-0.006195571273565292,-0.006941202096641064,-0.0022386908531188965
-0.005090547725558281,-0.007972031831741333,-0.0014301538467407227
-0.002468787133693695,-0.007769572548568249,-0.0018877387046813965
-0.002337748184800148,-0.007224583066999912,-0.002574443817138672
-0.0024344641715288162,-0.007219569757580757,-0.0012468695640563965
-0.0037787295877933502,-0.006647526286542416,-0.0015523433685302734
-0.005435671657323837,-0.006577068008482456,-0.0014917850494384766
-0.0066665709018707275,-0.006998671218752861,-0.0017052888870239258
-0.007706662639975548,-0.006629858165979385,-0.0013237595558166504
-0.007212253287434578,-0.006935090757906437,-0.0017970800399780273
-0.006592033430933952,-0.006746765226125717,-0.002209305763244629
-0.004943594336509705,-0.006381339393556118,-0.0013552308082580566
-0.003649383783340454,-0.007176295854151249,-0.0018591880798339844
-0.0036641601473093033,-0.008025550283491611,-0.0011268258094787598
-0.002337910234928131,-0.007671982981264591,-0.0019663572311401367
-0.002510868012905121,-0.007038935087621212,-0.0026074647903442383
-0.004540571942925453,-0.007173064164817333,-0.0018296241760253906
-0.006423566490411758,-0.006744730286300182,-0.0017381906509399414
-0.0066598691046237946,-0.006655996665358543,-0.0012500286102294922
-0.007738238200545311,-0.007306594401597977,-0.0021199584007263184
-0.007872851565480232,-0.007022498175501823,-0.001738905906677246
-0.005968153476715088,-0.006816588342189789,-0.0021512508392333984
-0.005815461277961731,-0.0061775753274559975,-0.0023801326751708984
-0.004075676202774048,-0.006951912306249142,-0.0021817684173583984
-0.003182070329785347,-0.008402407169342041,-0.0022426843643188477
-0.00410572811961174,-0.007739272899925709,-0.0024870634078979492
-0.004522616043686867,-0.0072814226150512695,-0.002425968647003174
-0.005418760702013969,-0.006736197508871555,-0.002120792865753174
-0.006242372095584869,-0.006472268141806126,-0.0008085966110229492
-0.005916159600019455,-0.0063463374972343445,-0.0016785264015197754
-0.005984123796224594,-0.006276754662394524,-0.0023956894874572754
-0.005138937383890152,-0.006692429073154926,-0.0023499727249145508
-0.004548700526356697,-0.006686302833259106,-0.0009311437606811523
-0.004088213667273521,-0.007174347527325153,-0.0028690695762634277
-0.002727411687374115,-0.007225662469863892,-0.0016182661056518555
-0.00360676646232605,-0.0074220942333340645,-0.0018930435180664062
-0.0037851743400096893,-0.007259424775838852,-0.0007178783416748047
-0.00503711961209774,-0.007495144382119179,-0.0008095502853393555
-0.006341094151139259,-0.00746257696300745,-0.0011911392211914062
-0.006250286474823952,-0.006837095133960247,-0.0017404556274414062
-0.006283745169639587,-0.006563447415828705,-0.0014810562133789062
-0.006911909207701683,-0.007219785824418068,-0.0015267133712768555
-0.006206704303622246,-0.0075705284252762794,-0.0016944408416748047
-0.004803203046321869,-0.007558031007647514,-0.002640962600708008
-0.004079852253198624,-0.007577036507427692,-0.001878201961517334
-0.003701126202940941,-0.00737069733440876,-0.00206148624420166
-0.003813343122601509,-0.007799103856086731,-0.001481771469116211
-0.0038501471281051636,-0.007761457934975624,-0.0016803741455078125
-0.005610881373286247,-0.0072267306968569756,-0.002581000328063965
-0.0054275356233119965,-0.0071322014555335045,-0.0015435218811035156
-0.005620479583740234,-0.006013864651322365,-0.0007655620574951172
-0.006264207884669304,-0.005718832835555077,-0.0006132721900939941
-0.005137072876095772,-0.005879733711481094,-0.001223921775817871
-0.006006591022014618,-0.006657596677541733,-0.0016513466835021973
-0.004564568400382996,-0.0071475813165307045,-0.002490699291229248
-0.003072082996368408,-0.007441082037985325,-0.0019263029098510742
-0.0028463583439588547,-0.006942298263311386,-0.001163482666015625
-0.004040932282805443,-0.007278227247297764,-0.0013927817344665527
-0.004510940983891487,-0.007742958143353462,-0.001896500587463379
-0.00600772351026535,-0.007683943025767803,-0.0026445388793945312
-0.0055899303406476974,-0.005717821419239044,-0.001881718635559082
-0.006638934835791588,-0.006233394145965576,-0.0023090243339538574
-0.006121685728430748,-0.006411410868167877,-0.0027213096618652344
-0.006332799792289734,-0.006012972444295883,-0.0016683340072631836
-0.004738276824355125,-0.005809091031551361,-0.001790761947631836
-0.003638647496700287,-0.006322230212390423,-0.0018213987350463867
-0.0038600582629442215,-0.006692647933959961,-0.0015010833740234375
-0.00493863970041275,-0.008082259446382523,-0.0012420415878295898
-0.0045928191393613815,-0.007397850044071674,-0.0020207762718200684
-0.00470602884888649,-0.006088027730584145,-0.0020971298217773438
-0.00503791868686676,-0.006039051339030266,-0.0016852617263793945
-0.005779515951871872,-0.006695562973618507,-0.0003886222839355469
-0.005839072167873383,-0.006236535497009754,-0.0017775297164916992
-0.005335027351975441,-0.0067511629313230515,-0.0021895170211791992
-0.004770489409565926,-0.006280621513724327,-0.0017164945602416992
-0.004465727135539055,-0.006087183952331543,-0.0015180110931396484
-0.003629107028245926,-0.0067202504724264145,-0.0017775297164916992
-0.003293784335255623,-0.006806403398513794,-0.0013654232025146484
-0.003614027053117752,-0.006518000736832619,-0.0017163753509521484
-0.004023905843496323,-0.006694851443171501,-0.0019603371620178223
-0.003637367859482765,-0.006567885167896748,-0.0025098323822021484
-0.005085505545139313,-0.005765060894191265,-0.0027846097946166992
-0.005115749314427376,-0.006892113015055656,-0.0013655424118041992
-0.005785422399640083,-0.006240158341825008,-0.0012434720993041992
-0.005773777142167091,-0.006924337707459927,-0.0017625093460083008
-0.004241051152348518,-0.006594555452466011,-0.0014268755912780762
-0.004951599985361099,-0.00745528656989336,-0.0015797019004821777
-0.004151798784732819,-0.007041057571768761,-0.0013967156410217285
-0.004104854539036751,-0.007108003832399845,-0.0022055506706237793
-0.004218310117721558,-0.007268466986715794,-0.0024039149284362793
-0.004738301038742065,-0.006729367189109325,-0.0014273524284362793
-0.0043602194637060165,-0.006235746666789055,-0.0018391609191894531
-0.0051508694887161255,-0.006064909510314465,-0.00115281343460083
-0.005987213924527168,-0.006804591976106167,-0.0014276504516601562
-0.005463754758238792,-0.006218068301677704,-0.001214146614074707
-0.004973243921995163,-0.00644409004598856,-0.0017178058624267578
-0.003964435309171677,-0.006953379139304161,-0.0015804171562194824
-0.004314471036195755,-0.00667421892285347,-0.002496004104614258
-0.0026273801922798157,-0.00682048499584198,-0.0010619163513183594
-0.0035064779222011566,-0.007409402169287205,-0.0009705424308776855
-0.004449339583516121,-0.0070485202595591545,-0.0009860992431640625
-0.004636414349079132,-0.006343877874314785,-0.0019780397415161133
-0.004468560218811035,-0.006016699597239494,-0.001611948013305664
-0.005325291305780411,-0.006738491356372833,-0.0018101930618286133
-0.005897387862205505,-0.007387774996459484,-0.0017489790916442871
-0.006387114524841309,-0.006927870213985443,-0.0010318160057067871
-0.004906419664621353,-0.006488948129117489,-0.001641988754272461
-0.004139455035328865,-0.006715369410812855,-0.0016117691993713379
-0.003947412595152855,-0.0074590109288692474,-0.0016883015632629395
-0.003879200667142868,-0.007325148209929466,-0.0012916326522827148
-0.003468511626124382,-0.007533715106546879,-0.0029702186584472656
-0.0048027485609054565,-0.006602189503610134,-0.0021768808364868164
-0.006004804745316505,-0.006086863577365875,-0.0021005868911743164
-0.005457010120153427,-0.005918172188103199,-0.001978754997253418
-0.005230586975812912,-0.006838543340563774,-0.0010783672332763672
-0.005774768069386482,-0.007232673466205597,-0.001322627067565918
-0.004514990374445915,-0.006469549611210823,-0.0014908313751220703
-0.004494057968258858,-0.006017138250172138,-0.0016438961029052734
-0.00363239087164402,-0.007148643024265766,-0.001659393310546875
-0.003780389204621315,-0.00737506989389658,-0.0020409822463989258
-0.004153134301304817,-0.0065101515501737595,-0.0011109113693237305
-0.00312713161110878,-0.006469372659921646,-0.0006684064865112305
-0.004901429638266563,-0.006769952364265919,-0.001370549201965332
-0.004542579874396324,-0.007605448365211487,-0.0022863149642944336
-0.005197273567318916,-0.007451619952917099,-0.0021947622299194336
-0.005443604663014412,-0.006243442185223103,-0.0012336969375610352
-0.004462478682398796,-0.0063673993572592735,-0.0007455348968505859
-0.00492214597761631,-0.006670304574072361,-0.001828908920288086
-0.005244605243206024,-0.006649239920079708,-0.001279592514038086
-0.003883169963955879,-0.006732865236699581,-0.0015543699264526367
-0.004757242277264595,-0.007425266318023205,-0.0012492537498474121
-0.0034767482429742813,-0.00738525390625,-0.00041031837463378906
-0.00415448285639286,-0.007205558940768242,-0.0019362568855285645
-0.004272971302270889,-0.006494311615824699,-0.0009291768074035645
-0.005025660619139671,-0.006704699248075485,-0.001234292984008789
-0.005900664255023003,-0.005751363933086395,-0.0017989873886108398
-0.005171654745936394,-0.006518689915537834,-0.0006394386291503906
-0.004622329026460648,-0.005966641008853912,-0.002012491226196289
-0.004178769886493683,-0.005912943743169308,-0.0009142160415649414
-0.0040892139077186584,-0.0064234985038638115,-0.0015554428100585938
-0.003691602498292923,-0.006896083243191242,-0.00150984525680542
-0.0034886877983808517,-0.006787989288568497,-0.0018912553787231445
-0.003567773848772049,-0.006726836785674095,-0.0014640092849731445
-0.005083456635475159,-0.007055241614580154,-0.0017846226692199707
-0.0055260248482227325,-0.007369345985352993,-0.0015255212783813477
-0.005083475261926651,-0.006455074064433575,-0.0006710290908813477
-0.00496981106698513,-0.006563495844602585,-0.0008847713470458984
-0.004376599565148354,-0.006977996788918972,-0.0010069012641906738
-0.004288235679268837,-0.006149866618216038,-0.002395451068878174
-0.0052637215703725815,-0.007087504491209984,-0.0011289119720458984
-0.0042091254144907,-0.006194985471665859,-0.0024565458297729492
-0.003534499555826187,-0.00618221890181303,-0.002227604389190674
-0.0042681340128183365,-0.006581198424100876,-0.0013121962547302246
-0.0040275901556015015,-0.005965183489024639,-0.0015869736671447754
-0.004912577569484711,-0.006763191893696785,-0.001861572265625
-0.004693472757935524,-0.007632352411746979,-0.0016020536422729492
-0.004882898181676865,-0.005922975018620491,-0.0011138916015625
-0.005492307245731354,-0.005927953869104385,-0.0011749267578125
-0.004233017563819885,-0.005865433253347874,-0.0010529756546020508
-0.004160445183515549,-0.006408044137060642,-0.0008395910263061523
-0.0041959043592214584,-0.006574023514986038,-0.0004432797431945801
-0.00400308333337307,-0.006531605497002602,-0.000916600227355957
-0.0037117283791303635,-0.005700176581740379,-0.0022597312927246094
-0.004141159355640411,-0.006700312718749046,-0.0013136863708496094
-0.004023196175694466,-0.007621115073561668,-0.0015121698379516602
-0.004497574642300606,-0.006141305901110172,-0.002794027328491211
-0.004824137315154076,-0.006040176376700401,-0.0017563104629516602
-0.003943011164665222,-0.006120551377534866,-0.0005356073379516602
-0.004639934748411179,-0.006710369139909744,-0.0014055371284484863
-0.0043409354984760284,-0.006393506191670895,-0.0021840333938598633
-0.005093559622764587,-0.005739609710872173,-0.001466989517211914
-0.004563717171549797,-0.0059831272810697556,-0.0014676451683044434
-0.003854125738143921,-0.006778008304536343,-0.002413511276245117
-0.00407060980796814,-0.0060109104961156845,-0.002154111862182617
-0.003936411812901497,-0.006829915568232536,-0.0010554790496826172
-0.004629895091056824,-0.006671130657196045,-0.0005369186401367188
-0.003660835325717926,-0.0066922325640916824,-0.0024595260620117188
-0.004664691165089607,-0.0065445676445961,-0.0016204118728637695
-0.004801549017429352,-0.0063703954219818115,-0.0014221668243408203
-0.004567870870232582,-0.006759778596460819,-0.002307295799255371
-0.0053666941821575165,-0.006599985063076019,-0.002353072166442871
-0.0036330539733171463,-0.006071723066270351,-0.0019261837005615234
-0.004616189748048782,-0.006100991740822792,-0.0019115209579467773
-0.003998031839728355,-0.006988626904785633,-0.0018810033798217773
-0.0039303116500377655,-0.006432222202420235,-0.0016064047813415527
-0.0035355500876903534,-0.0068654995411634445,-0.0015606880187988281
-0.00447370670735836,-0.0051984284073114395,-0.0013625621795654297
-0.004619119688868523,-0.005313306115567684,-0.0009049177169799805
-0.004288865253329277,-0.005302894860506058,-0.00037103891372680664
-0.004563000053167343,-0.00700792483985424,-0.001515507698059082
-0.004059109836816788,-0.006494737230241299,-0.0016528964042663574
-0.004226952791213989,-0.006372516974806786,-0.0020652413368225098
-0.004671771079301834,-0.005870838649570942,-0.0015316009521484375
-0.003819851204752922,-0.004967162385582924,-0.0023403167724609375
-0.003955412656068802,-0.005830206908285618,-0.0013790726661682129
-0.003167344257235527,-0.006232284940779209,-0.0025392770767211914
-0.004252243787050247,-0.007164809852838516,-0.001395106315612793
-0.004256049171090126,-0.006016695871949196,-0.0010291337966918945
-0.004659581929445267,-0.005859855562448502,-0.0020824074745178223
-0.004603380337357521,-0.0061972979456186295,-0.0018079280853271484
-0.004547767341136932,-0.006352327764034271,-0.0013045072555541992
-0.005236515775322914,-0.0064085377380251884,-0.0017470121383666992
-0.003771098330616951,-0.006981426849961281,-0.0018236637115478516
-0.003045428544282913,-0.0066920798271894455,-0.0024036169052124023
-0.00387394055724144,-0.006349283270537853,-0.0020068883895874023
-0.003928767517209053,-0.0065923649817705154,-0.0018085241317749023
-0.004004979506134987,-0.005412348546087742,-0.0025560855865478516
-0.004395071417093277,-0.005988479591906071,-0.0013505816459655762
-0.0037812255322933197,-0.006150866858661175,-0.0008319616317749023
-0.00446893647313118,-0.006687370128929615,-0.0017015933990478516
-0.0040960125625133514,-0.006964119151234627,-0.0024646520614624023
-0.004325244575738907,-0.006564442999660969,-0.0019611716270446777
-0.003873376175761223,-0.0062869843095541,-0.0018390417098999023
-0.003532819449901581,-0.006155555136501789,-0.0013507604598999023
-0.003928292542695999,-0.006356668658554554,-0.0005424022674560547
-0.003928089514374733,-0.006735390052199364,-0.001107335090637207
-0.003499351441860199,-0.006696073338389397,-0.0018703937530517578
-0.0037635620683431625,-0.005870446562767029,-0.001290738582611084
-0.0026566851884126663,-0.006181295029819012,-0.0014586448669433594
-0.0041097961366176605,-0.006708200089633465,-0.00209963321685791
-0.004688438028097153,-0.0063322437927126884,-0.001458883285522461
-0.004514690488576889,-0.00679533276706934,-0.0012760162353515625
-0.0038379188627004623,-0.006348196417093277,-0.0003909468650817871
-0.003973517566919327,-0.006063076667487621,-0.001032114028930664
-0.0034995581954717636,-0.006585876457393169,-0.0014137029647827148
-0.0035409238189458847,-0.0063948361203074455,-0.001611948013305664
-0.0037190504372119904,-0.006746754981577396,-0.002024412155151367
-0.0038338880985975266,-0.0069431280717253685,-0.0010935068130493164
-0.005010787397623062,-0.006237257272005081,-0.0006052255630493164
-0.0047122519463300705,-0.006185692735016346,-0.001658320426940918
-0.004280395805835724,-0.006168068386614323,-0.0017955303192138672
-0.004597926512360573,-0.007073983550071716,-0.001597285270690918
-0.0049037933349609375,-0.006336752325296402,-0.0021771788597106934
-0.0037200823426246643,-0.006194557994604111,-0.0024214982986450195
-0.003829255700111389,-0.0055016567930579185,-0.0018420219421386719
-0.0037423372268676758,-0.00519403163343668,-0.0007436871528625488
-0.004221770912408829,-0.006534582935273647,-0.00021004676818847656
-0.0036896634846925735,-0.006332247518002987,-0.0014766454696655273
-0.0036126524209976196,-0.005974690429866314,-0.002026081085205078
-0.004041451960802078,-0.006000644527375698,-0.001324295997619629
-0.00565779022872448,-0.006030503660440445,-0.001537919044494629
-0.00442495197057724,-0.006405556574463844,-0.0020720362663269043
-0.004379509016871452,-0.006021219305694103,-0.0021636486053466797
-0.0036225616931915283,-0.006682520732283592,-0.0019655227661132812
-0.0037051308900117874,-0.006756441667675972,-0.0011113882064819336
-0.0038018878549337387,-0.006335991434752941,-0.0020576119422912598
-0.004606449976563454,-0.006536812521517277,-0.0013252496719360352
-0.003281775861978531,-0.005714242346584797,-0.0011574029922485352
-0.003713250160217285,-0.005548175424337387,-0.0010658502578735352
-0.004379313439130783,-0.006501063704490662,-0.0014475584030151367
-0.003957644104957581,-0.00635793711990118,-0.0014629960060119629
-0.0040026213973760605,-0.005392363294959068,-0.00253140926361084
-0.004464330151677132,-0.005661945790052414,-0.0007616281509399414
-0.003982711583375931,-0.005855979397892952,-0.000838160514831543
-0.003934996202588081,-0.006399411708116531,-0.0023946166038513184
-0.0033999215811491013,-0.006062592379748821,-0.00228804349899292
-0.003159826621413231,-0.006381978280842304,-0.001784682273864746
-0.003793463110923767,-0.006766106933355331,-0.0005491971969604492
-0.0037523899227380753,-0.006976978853344917,-0.0020447373390197754
-0.0038243625313043594,-0.006179744377732277,-0.0018006563186645508
-0.003950173035264015,-0.006145590916275978,-0.0018158555030822754
-0.00363832525908947,-0.0058980658650398254,-0.0010375380516052246
-0.004376580938696861,-0.0067135924473404884,-0.0025789737701416016
-0.003822067752480507,-0.005706047639250755,-0.0013581514358520508
-0.004216242581605911,-0.005894890986382961,-0.0016788244247436523
-0.0034270696341991425,-0.006062768399715424,-0.0021367669105529785
-0.003999026492238045,-0.006741948425769806,-0.001968860626220703
-0.0037583094090223312,-0.006098732352256775,-0.0015263557434082031
-0.004059724509716034,-0.006139814853668213,-0.002594590187072754
-0.0039039012044668198,-0.006925288587808609,-0.0016944408416748047
-0.0032171551138162613,-0.006594706326723099,-0.0011911392211914062
-0.0031003542244434357,-0.005710854195058346,-0.0017861127853393555
-0.003912283107638359,-0.005369571968913078,-0.002595067024230957
-0.0032006166875362396,-0.005362064577639103,-0.0011457204818725586
-0.0035543758422136307,-0.005890588276088238,-0.0011763572692871094
-0.003652406856417656,-0.006271969527006149,-9.310245513916016e-05
-0.003251783549785614,-0.006018020212650299,-0.0013748407363891602
-0.003629811108112335,-0.0065097808837890625,-0.0019244551658630371
-0.0037357117980718613,-0.006891925819218159,-0.0015431642532348633
-0.003158070147037506,-0.006013453006744385,-0.001833200454711914
-0.0029161199927330017,-0.005581335164606571,-0.001466989517211914
-0.003567637875676155,-0.006205693818628788,-0.0008721351623535156
-0.0038834810256958008,-0.006096280179917812,-0.0017267465591430664
-0.004333995282649994,-0.005953662097454071,-0.0020165443420410156
-0.004452260211110115,-0.006102470681071281,-0.0017571449279785156
-0.004352672025561333,-0.0050829509273171425,-0.0016807913780212402
-0.0042561814188957214,-0.0063097551465034485,-0.0017722845077514648
-0.004556121304631233,-0.005914505571126938,-0.0006738901138305664
-0.003980414941906929,-0.006062871776521206,-0.001971125602722168
-0.002960735931992531,-0.005936357192695141,-0.0010861754417419434
-0.003568032756447792,-0.006430549547076225,-0.0020169615745544434
-0.0038425028324127197,-0.006093347445130348,-0.0020780563354492188
-0.004298221319913864,-0.008143695071339607,-0.002520322799682617
-0.012889120727777481,-0.01367738377302885,-0.002398073673248291
0.0028365813195705414,0.00934014655649662,-0.0013453960418701172
-0.0015678275376558304,-0.00733626913279295,-0.007036805152893066
-0.0036713238805532455,-0.009023349732160568,0.007840633392333984
0.0035194847732782364,-0.003643464297056198,-0.004946410655975342
-0.00892709381878376,-0.014322598464787006,-0.003542959690093994
-0.001986851915717125,-0.004514961503446102,0.003933727741241455
-0.007548941299319267,-0.004176134243607521,-0.006839394569396973
-0.004644261673092842,-0.005876694805920124,0.0030022859573364258
-0.0035472270101308823,-0.005737455561757088,-0.004382967948913574
-0.003597680479288101,-0.003633943386375904,-0.004077792167663574
-9.946152567863464e-05,-0.0035235462710261345,0.004925131797790527
-0.0009539425373077393,-0.006619976833462715,-0.009112954139709473
-0.004236744716763496,-0.008280327543616295,-0.0024145841598510742
-0.004034258425235748,-0.007392140105366707,0.006496727466583252
-0.004217851907014847,-0.0056540872901678085,-0.009525418281555176
-0.00624203123152256,-0.0035505155101418495,0.00014847517013549805
-0.0035846158862113953,-0.005635030567646027,0.004405379295349121
-0.002736670896410942,-0.006226368248462677,-0.00494837760925293
-0.0024793408811092377,-0.0069091422483325005,-0.0023086071014404297
-0.0021408963948488235,-0.004284922033548355,0.0024216175079345703
-0.004564782604575157,-0.003976722247898579,-0.0058945417404174805
-0.006056705489754677,-0.0054432982578873634,0.0012007951736450195
-0.007402271032333374,-0.007548496127128601,-0.000615239143371582
-0.00587204284965992,-0.008260316215455532,-0.003422975540161133
-0.0035035833716392517,-0.007864217273890972,-0.0009053945541381836
-0.0014373362064361572,-0.005499710328876972,-0.000874638557434082
-0.00044668838381767273,-0.003959848545491695,-0.004842281341552734
-0.0013812445104122162,-0.003504839725792408,0.0005894899368286133
-0.0028570257127285004,-0.004872160032391548,-0.0006923675537109375
-0.003657843917608261,-0.006521518342196941,-0.004385113716125488
-0.006144968792796135,-0.00736116711050272,-0.00218808650970459
-0.005252012982964516,-0.007266773842275143,-0.0001894235610961914
-0.004026466980576515,-0.006246882490813732,-0.0024477243423461914
-0.003254370763897896,-0.0053240833804011345,-0.000891566276550293
-0.001510346308350563,-0.005270856432616711,-0.0005861520767211914
-0.000914108008146286,-0.003961608745157719,-0.001959562301635742
-0.001627843827009201,-0.006083526648581028,-0.000861048698425293
-0.004176966845989227,-0.006808390840888023,-0.002280116081237793
-0.004873087629675865,-0.0075062345713377,-0.0027837753295898438
-0.006846120581030846,-0.007070439867675304,-0.0016091465950012207
-0.006076144054532051,-0.005207072012126446,-0.0004343390464782715
-0.003570219501852989,-0.00425372738391161,-0.002479255199432373
-0.002224380150437355,-0.004568577744066715,-0.0014873743057250977
-0.0018599722534418106,-0.0060225967317819595,-0.002143383026123047
-0.0026571154594421387,-0.006071961484849453,-0.002601027488708496
-0.0037185940891504288,-0.006276915781199932,0.00019109249114990234
-0.004985833540558815,-0.007016604766249657,-0.0010604262351989746
-0.004763629287481308,-0.006429675966501236,-0.003242671489715576
-0.00507325679063797,-0.005651635117828846,-0.0018848180770874023
-0.0029968824237585068,-0.005472900345921516,-0.0017474889755249023
-0.0026673804968595505,-0.005344240926206112,-0.0021901726722717285
-0.0025361012667417526,-0.005247964523732662,-0.0004811286926269531
-0.002901015803217888,-0.0052842264994978905,-0.0021442174911499023
-0.00410466268658638,-0.006003248505294323,-0.002312302589416504
-0.004509767517447472,-0.006364593282341957,-0.001976907253265381
-0.003528537228703499,-0.005375141277909279,-0.0018398761749267578
-0.003965210169553757,-0.006513956002891064,-0.0007870197296142578
-0.002995336428284645,-0.006897889077663422,-0.001092076301574707
-0.0022948235273361206,-0.005788583308458328,-0.0015497207641601562
-0.0018059127032756805,-0.004780163988471031,-0.00212937593460083
-0.0021638423204421997,-0.0056740157306194305,-0.002343297004699707
-0.004380781203508377,-0.005288846790790558,-0.002160370349884033
-0.004662562161684036,-0.005722222849726677,-0.0008487701416015625
-0.00434454157948494,-0.005694826133549213,-0.0008490681648254395
-0.004208998754620552,-0.005590851418673992,-0.0024209022521972656
-0.0034739933907985687,-0.005535623989999294,-0.0021311044692993164
-0.0018180571496486664,-0.005521896295249462,-0.0016124248504638672
-0.002463214099407196,-0.0050857188180089,-0.0007578134536743164
-0.0030112601816654205,-0.00550420954823494,-0.0015969276428222656
-0.0035692248493433,-0.005067913793027401,-0.0011700987815856934
-0.003878435119986534,-0.006320190615952015,-0.0017806291580200195
-0.003569597378373146,-0.006579676643013954,-0.002208113670349121
-0.004979856312274933,-0.006332327611744404,-0.002284407615661621
-0.0036946162581443787,-0.005336038768291473,-0.002544105052947998
-0.002351885661482811,-0.004162006080150604,-0.0010032057762145996
-0.0024860724806785583,-0.004645431414246559,-0.0018879175186157227
-0.002514369785785675,-0.004410160705447197,-0.001537024974822998
-0.0028488487005233765,-0.006569302640855312,-0.0016592144966125488
-0.003519756719470024,-0.006359142251312733,-0.0013384819030761719
-0.005003705620765686,-0.00688258558511734,-0.0017355084419250488
-0.00389198400080204,-0.005039548501372337,-0.001216888427734375
-0.003374706953763962,-0.005449666641652584,-0.001308441162109375
-0.002710385248064995,-0.004605654627084732,-0.002468287944793701
-0.0033669136464595795,-0.006345218978822231,-0.002117335796356201
-0.003590445965528488,-0.005879604257643223,-0.00040853023529052734
-0.004106687381863594,-0.006250876933336258,-0.0020108819007873535
-0.004833679646253586,-0.006273558363318443,-0.0012636184692382812
-0.004227340221405029,-0.0059758564457297325,-0.0016758441925048828
-0.002615857869386673,-0.005500300787389278,-0.001203000545501709
-0.0023463256657123566,-0.004977487958967686,-0.002301812171936035
-0.0017924737185239792,-0.005587387830018997,-0.0008827447891235352
-0.0023126881569623947,-0.006025444716215134,-0.0018748044967651367
-0.002986917272210121,-0.007027587853372097,-0.0003948211669921875
-0.0037396140396595,-0.006438360549509525,-0.0010970830917358398
-0.005233021453022957,-0.005437763407826424,-0.0007767081260681152
-0.00557469017803669,-0.004722407087683678,-0.0022261738777160645
-0.0050502680242061615,-0.004324343055486679,-0.0017988085746765137
-0.0019794050604104996,-0.003936911933124065,-0.0023024678230285645
-0.001851063221693039,-0.005323241464793682,-0.0023179054260253906
-0.0011024139821529388,-0.006295864470303059,-0.0018295049667358398
-0.0016904138028621674,-0.006753714755177498,-0.0015703439712524414
-0.0025208164006471634,-0.006293231621384621,-0.002012908458709717
-0.0032375939190387726,-0.00585474818944931,-0.0022264719009399414
-0.0053910184651613235,-0.006073872558772564,-0.0019977688789367676
-0.004148669540882111,-0.0049328431487083435,-0.001158595085144043
-0.0024580787867307663,-0.0042582666501402855,-0.0017844438552856445
-0.0009391158819198608,-0.004976737312972546,-0.001830458641052246
-0.0012885257601737976,-0.004350394941866398,-0.0011893510818481445
-0.001998418942093849,-0.005406055599451065,-0.0014790892601013184
-0.003130367025732994,-0.006706123240292072,-0.001860499382019043
-0.00471341609954834,-0.005862542428076267,-0.0027000904083251953
-0.005733339115977287,-0.006788026541471481,-0.0019680261611938477
-0.004886560142040253,-0.005158223211765289,-0.00018298625946044922
-0.00238678976893425,-0.00479605607688427,-0.0026090145111083984
-0.00010003894567489624,-0.003911084495484829,-0.0020749568939208984
-0.001610906794667244,-0.004964100196957588,-0.0005490779876708984
-0.0034900400787591934,-0.005707877688109875,-0.0020140409469604492
-0.00493968278169632,-0.006933876313269138,-0.0016177892684936523
-0.004942821338772774,-0.007526404224336147,-0.001206040382385254
-0.005547640845179558,-0.007314584217965603,-0.0026251673698425293
-0.005788147449493408,-0.0070407809689641,-0.0010994672775268555
-0.0023547038435935974,-0.0049650585278868675,-0.0022743940353393555
-0.0006346181035041809,-0.003878368064761162,-0.002381443977355957
-0.00015408918261528015,-0.0036515556275844574,-0.0017403960227966309
-0.0008153710514307022,-0.005248488858342171,-0.0021829605102539062
-0.004137806594371796,-0.006270993500947952,-0.000764012336730957
-0.004796244204044342,-0.007105252705514431,-0.002473294734954834
-0.005692716687917709,-0.006117808632552624,-0.0026262998580932617
-0.004916319623589516,-0.005464831367135048,-0.0013139843940734863
-0.0033005625009536743,-0.00522623211145401,-9.357929229736328e-05
-0.0009209681302309036,-0.004581070505082607,-0.0015583038330078125
-0.0011173300445079803,-0.003931512124836445,-0.0019244551658630371
-0.0015967655926942825,-0.0038511650636792183,-0.0022756457328796387
-0.0035048015415668488,-0.005738977342844009,-0.002184152603149414
-0.004065344110131264,-0.006151906214654446,-0.0020774006843566895
-0.005055844783782959,-0.006841709837317467,-0.0022759437561035156
-0.00493735633790493,-0.0067986492067575455,-0.002107977867126465
-0.003848198801279068,-0.005782943218946457,-0.002138853073120117
-0.0028041210025548935,-0.004784107208251953,-0.0016660690307617188
-0.0013894960284233093,-0.00470388401299715,-0.001009821891784668
-0.0017177220433950424,-0.004747803322970867,-0.0016506314277648926
-0.00245065800845623,-0.0053608352318406105,-0.002215147018432617
-0.0037696044892072678,-0.0051606521010398865,-0.0010098814964294434
-0.0039608050137758255,-0.005989333614706993,-0.0018794536590576172
-0.004619084298610687,-0.006739581003785133,-0.002474486827850342
-0.00315127894282341,-0.006841654889285564,-0.0006435513496398926
-0.0028096940368413925,-0.005422847345471382,-0.000811457633972168
-0.0015087462961673737,-0.004498053342103958,-0.0018644928932189941
-0.0012770351022481918,-0.004747168160974979,-0.0021543502807617188
-0.002119980752468109,-0.005305644124746323,-0.0020476579666137695
-0.0030931681394577026,-0.005360973998904228,-0.002749502658843994
-0.004054877907037735,-0.0054251085966825485,-0.0017729401588439941
-0.004434517584741116,-0.005615747533738613,-0.001407027244567871
-0.003727272152900696,-0.005567652173340321,-0.002215862274169922
-0.003504953347146511,-0.005422113463282585,-0.001804053783416748
-0.0025741588324308395,-0.004369189031422138,-0.001361548900604248
-0.0018122456967830658,-0.0041659437119960785,-0.001468360424041748
-0.002827521413564682,-0.005066634155809879,-0.0015750527381896973
-0.0031401030719280243,-0.006056344136595726,-0.0016360282897949219
-0.003246147185564041,-0.0063379080966115,-0.0013767480850219727
-0.003356609493494034,-0.005320523865520954,-0.0014530420303344727
-0.004214562475681305,-0.005673869512975216,-0.001986980438232422
-0.003276025876402855,-0.005042318254709244,-0.0011174678802490234
-0.002741599455475807,-0.005466914735734463,-0.0013616085052490234
-0.0016904054209589958,-0.004863533191382885,-0.0015140771865844727
-0.002786136232316494,-0.005650372244417667,-0.001895308494567871
-0.0035416260361671448,-0.005609479732811451,-0.0007050037384033203
-0.003763500601053238,-0.0046536121517419815,-0.0013000965118408203
-0.003209352493286133,-0.004896865226328373,-0.001605391502380371
-0.0030037304386496544,-0.005170766264200211,-0.0013309717178344727
-0.003208487294614315,-0.005368399433791637,-0.000690460205078125
-0.002235584892332554,-0.005558210425078869,-0.0015757083892822266
-0.0015905899927020073,-0.00550116878002882,0.00013309717178344727
-0.0028105685487389565,-0.005371785722672939,-0.0011637210845947266
-0.0025863423943519592,-0.00425223633646965,-0.0021860599517822266
-0.003317776136100292,-0.005281745456159115,-0.0022472143173217773
-0.002388416789472103,-0.006050592288374901,-0.0002636909484863281
-0.0032854974269866943,-0.006156568415462971,-0.001698136329650879
-0.002976863645017147,-0.005652713589370251,-0.0030101537704467773
-0.002237296663224697,-0.005508962087333202,-0.002491593360900879
-0.0019937166944146156,-0.004982929676771164,-0.0011946558952331543
-0.0017803795635700226,-0.005594057962298393,-0.002216935157775879
-0.0026693735271692276,-0.0059716785326600075,-0.002354145050048828
-0.0031881406903266907,-0.005593896843492985,-0.0017741918563842773
-0.0035780100151896477,-0.005787580274045467,-0.0018048882484436035
-0.004041763022542,-0.00553946103900671,-0.0014541149139404297
-0.003163028508424759,-0.005841901525855064,-0.0014085173606872559
-0.0033742543309926987,-0.004148924723267555,-0.0019731521606445312
-0.002037287689745426,-0.004540379159152508,-0.0022632479667663574
-0.0022074393928050995,-0.005262985825538635,-0.002720952033996582
-0.002382366918027401,-0.005764724686741829,-0.0006761550903320312
-0.002647235058248043,-0.005802988074719906,-0.0020952224731445312
-0.0035849837586283684,-0.00602063350379467,-0.002812623977661133
-0.003942658193409443,-0.00529532041400671,-0.0016682147979736328
-0.0029594479128718376,-0.0052623264491558075,-0.0001271963119506836
-0.003283274360001087,-0.005373124033212662,-0.002186894416809082
-0.002618257887661457,-0.004748799838125706,-0.002476930618286133
-0.002812189981341362,-0.005652024410665035,-0.0018668174743652344
-0.0025672679767012596,-0.0054537346586585045,-0.0014702081680297852
-0.0024026110768318176,-0.004513145424425602,-0.0018665790557861328
0.048289358615875244,-0.04470544680953026,-0.00786125659942627
0.31805193424224854,-0.3616469204425812,0.00724637508392334
0.10152848064899445,-0.22930289804935455,-0.0018468499183654785
-0.2836516499519348,0.12786275148391724,0.00039756298065185547
-0.33459800481796265,0.33445626497268677,-0.0051400065422058105
-0.18640375137329102,0.272002249956131,-0.0005614757537841797
-0.1163400411605835,0.15671177208423615,-0.0025136470794677734
-0.022596383467316628,0.13766250014305115,0.0002332925796508789
0.052745550870895386,0.10400357842445374,-0.0024823546409606934
0.03638935834169388,0.13413329422473907,-0.0001620650291442871
0.015008367598056793,0.14018897712230682,-0.00020712614059448242
0.02956923097372055,0.09591305255889893,-0.0015345215797424316
0.03801479935646057,-0.05078176036477089,-0.0008323192596435547
0.05280017852783203,-0.16102081537246704,-0.005394697189331055
0.05585739016532898,-0.1070704460144043,-0.0002676248550415039
0.016152041032910347,-0.020538095384836197,-0.003670334815979004
0.01893485337495804,-0.003950734622776508,0.0001748800277709961
0.023958642035722733,0.012623435817658901,-0.0025714635848999023
0.03848641365766525,0.026779379695653915,-0.0006636977195739746
0.052769169211387634,0.043805692344903946,-0.0033188462257385254
0.05044947564601898,0.07765325903892517,6.890296936035156e-05
0.045932136476039886,0.10451903194189072,-0.0017310380935668945
0.042155541479587555,0.08547129482030869,0.0005733966827392578
0.02530900575220585,0.023358764126896858,-0.0016085505485534668
-0.0034396816045045853,-0.03495079278945923,-0.0019590258598327637
-0.05003306269645691,-0.053434599190950394,-0.002599477767944336
-0.06982914358377457,-0.04934325069189072,-0.0023093223571777344
-0.06315629184246063,-0.03218602016568184,-0.003575444221496582
-0.04517868161201477,-0.009412024170160294,-0.000554203987121582
-0.016656270250678062,-0.0029942896217107773,-0.002126336097717285
-0.004184480756521225,0.015702886506915092,-0.000661313533782959
0.0014517717063426971,0.04043818265199661,0.00025469064712524414
0.02537190541625023,0.030747946351766586,-0.0002638101577758789
0.017124954611063004,0.03246272727847099,-0.0015908479690551758
0.009088704362511635,0.02142886072397232,-0.0031319856643676758
-0.0034896917641162872,0.006367795169353485,-0.0019416213035583496
-0.013552317395806313,-0.008198853582143784,-0.0018192529678344727
-0.0172964446246624,-0.004773908294737339,-0.0039702653884887695
-0.022936390712857246,0.0019492637366056442,-0.0017573833465576172
-0.02744434028863907,0.024154361337423325,0.00016558170318603516
-0.010619215667247772,0.04756946861743927,-0.0019396543502807617
0.0023299362510442734,0.08763314038515091,-0.0004744529724121094
0.018437474966049194,0.11874501407146454,-0.001526951789855957
0.02702956274151802,0.12020067125558853,-0.0013587474822998047
0.021677665412425995,0.09956364333629608,-0.0018320083618164062
-0.0060437507927417755,0.06916587799787521,-0.0006721615791320801
-0.02728918194770813,0.04557286202907562,-0.0013895630836486816
-0.031185900792479515,0.03492499142885208,-0.002457559108734131
-0.030214615166187286,0.02624867483973503,-0.001999378204345703
-0.019547104835510254,0.005452648736536503,-0.0005194544792175293
-0.02033320628106594,0.004656088538467884,-0.0027316808700561523
-0.0014282260090112686,0.02131657861173153,-0.0029141902923583984
0.022340279072523117,0.05259846895933151,-0.0015866756439208984
0.042219310998916626,0.0448862761259079,0.0009621381759643555
0.04200136661529541,0.02717239409685135,-0.0013716816902160645
0.02005360834300518,0.001279371790587902,-0.0009737014770507812
0.017370175570249557,-0.007658503949642181,-0.0004374980926513672
0.010269224643707275,-0.030537033453583717,-0.002297341823577881
-0.0017887912690639496,-0.0326700359582901,-0.002798795700073242
0.022917019203305244,-0.01524715032428503,-0.0022636055946350098
0.05705956369638443,0.0004283357411623001,-0.0031333565711975098
0.08984988927841187,-0.004838177002966404,-0.0045244693756103516
0.1128142699599266,-0.019572477787733078,0.008533895015716553
0.0911380797624588,0.018489286303520203,0.003924906253814697
0.07780739665031433,0.018510790541768074,0.011451423168182373
0.050640769302845,-0.008636509999632835,0.02842235565185547
0.02827584557235241,-0.03122313879430294,0.017055392265319824
0.01699610985815525,-0.015120284631848335,0.0071974992752075195
0.03229174390435219,-0.022125475108623505,0.004869222640991211
0.025363009423017502,-0.03070271760225296,-0.01769089698791504
0.0002029072493314743,-0.05608835816383362,-0.029312610626220703
-0.07209591567516327,-0.10637837648391724,-0.023162782192230225
-0.16507253050804138,-0.1462215632200241,-0.012714743614196777
-0.2551794648170471,-0.1661994606256485,-0.02080368995666504
-0.2839851379394531,-0.19208870828151703,0.001435995101928711
-0.2588675022125244,-0.18232861161231995,-0.007501721382141113
-0.1753768026828766,-0.14630021154880524,0.012588024139404297
-0.08132709562778473,-0.12723608314990997,0.006374359130859375
-0.030616654083132744,-0.1296280324459076,0.022605597972869873
-0.01701931282877922,-0.11472085118293762,0.02669370174407959
-0.027408244088292122,-0.12219402939081192,0.00804150104522705
-0.09730806201696396,-0.1587475836277008,-0.061274051666259766
-0.05412982776761055,-0.04854747653007507,-0.05101829767227173
0.20387355983257294,-0.18255214393138885,0.07980740070343018
0.34258943796157837,-0.0522582046687603,0.09447526931762695
0.2620995044708252,0.11525801569223404,0.03505134582519531
0.2075655311346054,0.05311409384012222,0.010342717170715332
0.1522679328918457,-0.06883352249860764,-0.026929795742034912
-0.015066530555486679,-0.14442066848278046,-0.04799807071685791
-0.07805877923965454,-0.07261945307254791,-0.04056966304779053
-0.09323220700025558,0.01125424262136221,0.006820082664489746
-0.09988736361265182,0.005441892892122269,0.08299946784973145
-0.053127821534872055,0.009183079935610294,0.15670061111450195
-0.01049334928393364,0.049764666706323624,0.17360031604766846
0.009970143437385559,0.08502393960952759,0.18930691480636597
0.034039247781038284,0.09918512403964996,0.25302183628082275
0.045341573655605316,0.10186293721199036,0.360678493976593
0.016593020409345627,0.10391716659069061,0.4144720435142517
-0.025407861918210983,0.12184736132621765,0.4170469641685486
-0.08218036592006683,0.14445097744464874,0.3897537589073181
-0.13901811838150024,0.16322371363639832,0.3521413207054138
-0.17505627870559692,0.17551223933696747,0.3316355347633362
-0.19146165251731873,0.17424063384532928,0.3128540515899658
-0.18400979042053223,0.15923364460468292,0.288405179977417
-0.12429489195346832,0.11994194984436035,0.26555192470550537
-0.005748659372329712,0.09737691283226013,0.22099697589874268
0.1320403814315796,0.12677107751369476,0.15474474430084229
0.12228714674711227,0.031437844038009644,0.10976541042327881
0.1163039281964302,-0.10690674185752869,0.10671722888946533
0.1089949980378151,-0.10492843389511108,0.1571897268295288
0.0800936222076416,-0.032347530126571655,0.23335623741149902
0.10182446986436844,-0.1349765956401825,0.27693963050842285
0.05807390809059143,-0.19610095024108887,0.2959427833557129
-0.025233149528503418,-0.14661410450935364,0.267980694770813
-0.08044680953025818,-0.08685559034347534,0.18403363227844238
-0.09081384539604187,-0.060915470123291016,0.08702826499938965
-0.062411192804574966,-0.09228330850601196,0.010519862174987793
-0.04165171459317207,-0.12279176712036133,-0.04190617799758911
-0.04291139915585518,-0.11818206310272217,-0.07170021533966064
-0.02046884596347809,-0.10526162385940552,-0.06715595722198486
0.02952481061220169,-0.12499731779098511,-0.027814149856567383
0.03377799689769745,-0.1570279598236084,0.00676417350769043
0.014147572219371796,-0.14984577894210815,0.03060293197631836
0.05688817799091339,-0.11572355031967163,0.016654551029205322
0.0838652029633522,-0.08001983165740967,-0.02419644594192505
0.07381843775510788,-0.06052190065383911,-0.06688231229782104
0.05182460695505142,-0.03771394491195679,-0.11988264322280884
0.01629367470741272,0.0055389404296875,-0.16912204027175903
0.00033905357122421265,0.04099893569946289,-0.21304994821548462
-0.016796458512544632,0.07226866483688354,-0.24511516094207764
0.026415172964334488,0.10032248497009277,-0.244859516620636
0.08467167615890503,0.1118507981300354,-0.21696370840072632
0.08932448923587799,0.1070355772972107,-0.19710665941238403
0.14116378128528595,0.17238813638687134,-0.19440096616744995
0.25751006603240967,0.2935808300971985,-0.1640995740890503
0.026891183108091354,0.1597365140914917,-0.1385972499847412
-0.1411275863647461,0.08988279104232788,-0.16920751333236694
-0.17047689855098724,0.15746057033538818,-0.21579408645629883
-0.14516595005989075,0.2297736406326294,-0.2547944188117981
-0.1086893305182457,0.22749483585357666,-0.2793452739715576
-0.06658174097537994,0.18680888414382935,-0.2748451232910156
-0.003373175859451294,0.17147588729858398,-0.2447616457939148
0.08527082949876785,0.2006436586380005,-0.19906693696975708
0.16093799471855164,0.2282986044883728,-0.13510102033615112
0.19841939210891724,0.24276840686798096,-0.07594102621078491
0.2033233344554901,0.25631803274154663,-0.03662300109863281
0.14914514124393463,0.2686452865600586,-0.022622883319854736
0.10511554032564163,0.2720595598220825,-0.015544891357421875
0.0850888192653656,0.2738167643547058,-0.015264630317687988
0.08261658251285553,0.2830352187156677,-0.023056626319885254
0.0822276920080185,0.2826562523841858,-0.03520691394805908
0.05954959988594055,0.2763366103172302,-0.06370168924331665
0.02097189426422119,0.25629663467407227,-0.10043025016784668
-0.03015179932117462,0.21073180437088013,-0.12608981132507324
-0.04705221951007843,0.1743154525756836,-0.12934350967407227
-0.024491503834724426,0.17678087949752808,-0.114551842212677
-0.04892997443675995,0.1481580138206482,-0.09612816572189331
-0.1040181815624237,0.04153388738632202,-0.09067130088806152
-0.10223428905010223,0.022191762924194336,-0.08655327558517456
-0.10576336085796356,0.05224323272705078,-0.07334834337234497
-0.13144496083259583,0.035409510135650635,-0.050850629806518555
-0.13423672318458557,-0.003856837749481201,-0.022413909435272217
-0.09727542102336884,-0.015729069709777832,0.017337381839752197
-0.028116129338741302,-0.01548701524734497,0.06451231241226196
0.05186251550912857,-0.003094792366027832,0.10067284107208252
0.08707400411367416,0.013905823230743408,0.11724096536636353
0.08464085310697556,0.018700838088989258,0.11657887697219849
0.0700274258852005,0.012581944465637207,0.10694605112075806
0.058089859783649445,0.007125675678253174,0.09286481142044067
0.049681469798088074,0.004164695739746094,0.07771015167236328
0.041098661720752716,-0.005556881427764893,0.0625300407409668
0.0314389169216156,-0.023185551166534424,0.050741612911224365
0.021882154047489166,-0.03699064254760742,0.03563356399536133
0.014720171689987183,-0.048805177211761475,0.01817190647125244
0.0071657076478004456,-0.05596888065338135,0.013073623180389404
0.004525978118181229,-0.05516260862350464,0.011084020137786865
0.0067966654896736145,-0.05008268356323242,0.0019130706787109375
0.010829318314790726,-0.04568356275558472,-0.006809592247009277
0.016078103333711624,-0.04877650737762451,-0.01993805170059204
0.01661745086312294,-0.04997795820236206,-0.031414687633514404
0.013879403471946716,-0.0416715145111084,-0.0417560338973999
0.00787460058927536,-0.03513818979263306,-0.04999697208404541
0.0033934637904167175,-0.027869701385498047,-0.055095672607421875
6.769225001335144e-05,-0.01616913080215454,-0.06057155132293701
-0.009326525032520294,-0.009794831275939941,-0.06877034902572632
-0.020610686391592026,-0.0015183687210083008,-0.07225066423416138
-0.028170451521873474,0.009391427040100098,-0.07063329219818115
-0.038719043135643005,0.010115563869476318,-0.0634050965309143
-0.04970352724194527,0.0030672550201416016,-0.05861246585845947
-0.04660598188638687,-0.0007793307304382324,-0.0592617392539978
-0.033531513065099716,0.0011290907859802246,-0.05768930912017822
-0.024402745068073273,0.002218961715698242,-0.04428434371948242
-0.025339722633361816,0.0028452277183532715,-0.027247190475463867
-0.041787371039390564,0.005838990211486816,-0.004243075847625732
-0.05991263687610626,0.01466590166091919,0.014781415462493896
-0.07850781828165054,0.020160555839538574,0.023935914039611816
-0.09110641479492188,0.021839499473571777,0.025958240032196045
-0.09104567766189575,0.03180551528930664,0.026444852352142334
-0.08287085592746735,0.04101186990737915,0.03194087743759155
-0.06679286062717438,0.0456814169883728,0.04081535339355469
-0.04799545556306839,0.05040806531906128,0.05646902322769165
-0.035214863717556,0.0411989688873291,0.07493382692337036
-0.034870244562625885,0.033375084400177,0.08128178119659424
-0.042705051600933075,0.026500582695007324,0.07473820447921753
-0.04704562574625015,0.01708662509918213,0.06550318002700806
-0.04789496958255768,0.009454131126403809,0.06079190969467163
-0.04527784883975983,0.004520416259765625,0.058099329471588135
-0.04483364522457123,0.004937529563903809,0.055117785930633545
-0.04201198369264603,0.007373631000518799,0.05585956573486328
-0.03189455717802048,0.012105107307434082,0.05857348442077637
-0.031063511967658997,0.014233410358428955,0.05395221710205078
-0.03136468306183815,0.014918923377990723,0.04406237602233887
-0.023317914456129074,0.019861936569213867,0.035627543926239014
-0.018199000507593155,0.01869523525238037,0.026565968990325928
-0.025290749967098236,0.017033934593200684,0.007620513439178467
-0.032544881105422974,0.020999133586883545,-0.012549936771392822
-0.03882811963558197,0.026073098182678223,-0.024926841259002686
-0.04677031561732292,0.02648138999938965,-0.028523266315460205
-0.04676658660173416,0.030755996704101562,-0.020822465419769287
-0.04360014572739601,0.038779616355895996,0.0029050707817077637
-0.040442485362291336,0.04193216562271118,0.033390939235687256
-0.03966471925377846,0.047042250633239746,0.06470143795013428
-0.0401453897356987,0.04797488451004028,0.08328831195831299
-0.04006706923246384,0.04063272476196289,0.0847894549369812
-0.03876718133687973,0.039911508560180664,0.07800602912902832
-0.037045832723379135,0.03745383024215698,0.06858980655670166
-0.036360301077365875,0.038969218730926514,0.057926058769226074
-0.022521447390317917,0.0656425952911377,0.04783427715301514
-0.03927706927061081,0.05173945426940918,0.04017418622970581
-0.04679315537214279,0.03848767280578613,0.04403334856033325
-0.03397991508245468,0.051997601985931396,0.05496406555175781
-0.042758893221616745,0.06150412559509277,0.06659388542175293
-0.05489099770784378,0.06703704595565796,0.07947760820388794
-0.060540493577718735,0.05817598104476929,0.08712762594223022
-0.05194970965385437,0.05105060338973999,0.08233141899108887
-0.043181583285331726,0.04572528600692749,0.06606167554855347
-0.04122317209839821,0.035448551177978516,0.04272723197937012
-0.01873466745018959,0.023739099502563477,0.02086460590362549
0.01829785853624344,0.01398158073425293,0.013654947280883789
0.034936994314193726,0.006766915321350098,0.006935775279998779
0.03597589582204819,0.005549728870391846,0.007324397563934326
0.0330168679356575,0.0041828155517578125,0.02021580934524536
0.03353414684534073,0.0010498762130737305,0.0325353741645813
0.04284699261188507,-0.004960775375366211,0.036058127880096436
0.05260571464896202,-0.01312488317489624,0.02960258722305298
0.055729787796735764,-0.017045140266418457,0.02102738618850708
0.059881508350372314,-0.02124810218811035,0.015408039093017578
0.05909856781363487,-0.022879302501678467,0.009271621704101562
0.052350081503391266,-0.021202683448791504,-0.004307210445404053
0.051412396132946014,-0.021718621253967285,-0.021020889282226562
0.05987950414419174,-0.0251314640045166,-0.03355550765991211
0.06396982073783875,-0.025174379348754883,-0.04187709093093872
0.0577697679400444,-0.024849295616149902,-0.051421284675598145
0.05555010586977005,-0.02036142349243164,-0.06255882978439331
0.04836486279964447,-0.016900956630706787,-0.06788784265518188
0.04566449671983719,-0.013866305351257324,-0.06406116485595703
0.03705843538045883,-0.011638820171356201,-0.06337082386016846
0.022235175594687462,-0.015376865863800049,-0.06768918037414551
0.01664389669895172,-0.016688823699951172,-0.07189100980758667
0.014875678345561028,-0.01962357759475708,-0.07785433530807495
0.0052260179072618484,-0.019672751426696777,-0.08104127645492554
-0.0014840848743915558,-0.01804637908935547,-0.07731616497039795
-0.0028038807213306427,-0.018175065517425537,-0.07388991117477417
-0.0006356798112392426,-0.014789283275604248,-0.07093560695648193
-0.00444258376955986,-0.01088494062423706,-0.06627362966537476
-0.0083802230656147,-0.012844085693359375,-0.05572390556335449
0.00658605620265007,-0.017352700233459473,-0.038020312786102295
0.017602961510419846,-0.023892760276794434,-0.030835628509521484
0.011000372469425201,-0.024188756942749023,-0.0405612587928772
0.003091339021921158,-0.014754772186279297,-0.056096434593200684
-0.011799193918704987,-0.00996309518814087,-0.059612929821014404
-0.010886672884225845,-0.016837596893310547,-0.04883623123168945
-0.0009945742785930634,-0.02245771884918213,-0.03486675024032593
-0.0006932243704795837,-0.015942096710205078,-0.021779954433441162
-0.0028636157512664795,-0.007990896701812744,-0.013739943504333496
-0.006597410887479782,-0.005469560623168945,-0.0061151981353759766
-0.005542222410440445,-0.001382589340209961,0.004833877086639404
-0.0025699883699417114,-4.291534423828125e-05,0.011990129947662354
-0.007335565984249115,0.0004897117614746094,0.013356804847717285
-0.010216351598501205,-0.0014577507972717285,0.010576784610748291
-0.012082003057003021,-0.0008501410484313965,0.008909285068511963
-0.010787684470415115,-0.0014923810958862305,0.013017237186431885
-0.005075857043266296,-0.003412961959838867,0.023038744926452637
-0.0001891404390335083,-0.0013945698738098145,0.029832124710083008
0.001167982816696167,-0.002349376678466797,0.03151947259902954
-0.0006848573684692383,-0.0010461807250976562,0.034126102924346924
0.0034024491906166077,0.0005676150321960449,0.04081451892852783
0.0060445889830589294,0.0021458864212036133,0.04662734270095825
0.015929467976093292,0.0025817155838012695,0.057117342948913574
0.024219047278165817,4.553794860839844e-05,0.05682992935180664
0.027970843017101288,-0.0033170580863952637,0.04568284749984741
0.046167097985744476,-0.011235415935516357,0.027990877628326416
0.05918121337890625,-0.016058385372161865,0.007298648357391357
0.061205945909023285,-0.021080195903778076,-0.0062950849533081055
0.04420425370335579,-0.019794881343841553,-0.009182572364807129
0.028275031596422195,-0.015910565853118896,0.000803530216217041
0.02276333048939705,-0.010613679885864258,0.02577155828475952
0.029141191393136978,-0.009595632553100586,0.06192904710769653
0.030867617577314377,-0.00018799304962158203,0.10708355903625488
0.04579309746623039,0.05419480800628662,-0.04260748624801636
-0.23017756640911102,-0.17191380262374878,-0.665561854839325
0.11822409927845001,-0.07826626300811768,-0.2133886218070984
0.22276484966278076,0.18658512830734253,0.2540673017501831
-0.07878954708576202,-0.020939350128173828,0.04100996255874634
-0.17514315247535706,0.06521791219711304,0.05788600444793701
-0.10338065773248672,0.12183904647827148,0.14806509017944336
-0.05890415981411934,0.04004192352294922,0.06274217367172241
-0.010926689952611923,0.008690834045410156,-0.0365561842918396
0.00914919376373291,0.027577877044677734,-0.04205447435379028
0.008387815207242966,0.018061518669128418,-0.0161740779876709
6.163492798805237e-05,-0.0021849870681762695,0.00944054126739502
0.010006580501794815,-0.0069959163665771484,0.02898252010345459
0.012047965079545975,0.010091006755828857,0.053035080432891846
-0.0026057176291942596,0.009579896926879883,0.05649453401565552
-0.012593507766723633,0.023307979106903076,0.04776042699813843
-0.012130409479141235,0.03312760591506958,0.037737905979156494
0.007033050060272217,0.028928399085998535,0.020620524883270264
0.006692096590995789,0.04723644256591797,0.017885863780975342
-0.008884221315383911,0.06452661752700806,-0.022951602935791016
0.006588935852050781,0.059022486209869385,-0.07495987415313721
0.012723058462142944,0.07833117246627808,-0.10057562589645386
0.03428172320127487,0.08861768245697021,-0.13063496351242065
0.08294330537319183,0.0820692777633667,-0.18125802278518677
0.12693965435028076,0.09742140769958496,-0.26764488220214844
0.11573333293199539,0.15200835466384888,-0.3685893416404724
0.06596052646636963,0.2138623595237732,-0.41416656970977783
-0.018585078418254852,0.18282371759414673,-0.4335731863975525
-0.1228560358285904,0.12347185611724854,-0.4891361594200134
-0.17718243598937988,0.13985633850097656,-0.5277794003486633
-0.13326218724250793,0.1407332420349121,-0.4508731961250305
-0.07902217656373978,0.12393850088119507,-0.34483200311660767
-0.0955289900302887,0.13185596466064453,-0.32253366708755493
-0.055859483778476715,0.17296099662780762,-0.284018337726593
0.024632379412651062,0.17430943250656128,-0.17227888107299805
0.09625360369682312,0.153611958026886,-0.08563148975372314
0.13236087560653687,0.13800418376922607,-0.071053147315979
0.1488092839717865,0.12485986948013306,-0.11976248025894165
0.145540252327919,0.09656518697738647,-0.1915532350540161
0.11606240272521973,0.07766366004943848,-0.22443437576293945
0.07560737431049347,0.07042765617370605,-0.24617904424667358
0.04424557834863663,0.07576274871826172,-0.2583746910095215
0.035603806376457214,0.07213914394378662,-0.24484014511108398
0.046653419733047485,0.06679514050483704,-0.18685054779052734
0.012895703315734863,0.05045449733734131,-0.08857929706573486
-0.019658222794532776,0.02830183506011963,0.02439415454864502
-0.04041889309883118,0.03957250714302063,0.12611913681030273
-0.0509280264377594,0.02330908179283142,0.2556443214416504
-0.04535543918609619,0.02033478021621704,0.3586246967315674
-0.0583207830786705,0.02655661106109619,0.4168745279312134
-0.053027018904685974,0.02483576536178589,0.43950092792510986
-0.035206474363803864,0.01676519215106964,0.4265705347061157
-0.005358599126338959,0.0035084187984466553,0.37650978565216064
0.02942679077386856,-0.01882176101207733,0.30271053314208984
0.07932911068201065,-0.03832852840423584,0.23180043697357178
0.12035755813121796,-0.030323728919029236,0.17707931995391846
0.10892700403928757,-0.01988855004310608,0.15165281295776367
0.05458960682153702,-0.01878015697002411,0.16681063175201416
0.015916071832180023,-0.015551358461380005,0.19665038585662842
-0.005498930811882019,-0.007372468709945679,0.23275083303451538
-0.02893732488155365,-0.007958613336086273,0.2503405809402466
-0.023803740739822388,-0.017032302916049957,0.24878740310668945
-0.028665024787187576,0.002859838306903839,0.19108986854553223
0.019605115056037903,-0.03707649186253548,0.18895232677459717
0.05248507112264633,-0.018553107976913452,0.2045224905014038
0.056018296629190445,-0.008275531232357025,0.1512622833251953
0.07282121479511261,-0.01738894172012806,0.12794387340545654
0.051342982798814774,-0.0032985135912895203,0.11494255065917969
0.011220728978514671,-0.001004246063530445,0.09953808784484863
-0.03555625304579735,0.0006258832290768623,0.08609211444854736
-0.07003599405288696,0.0023389016278088093,0.06922805309295654
-0.06688598543405533,-0.00964044127613306,0.04006004333496094
-0.03698889538645744,-0.023504722863435745,0.01930248737335205
-0.004864552058279514,-0.07498430460691452,0.00544583797454834
0.008703162893652916,-0.10209719091653824,-0.027735590934753418
0.004534883890300989,-0.08638802170753479,0.2713266611099243
0.027781985700130463,-0.0860208123922348,0.7286354303359985
0.10512597113847733,-0.07513709366321564,0.02187824249267578
0.06009677052497864,-0.06785015016794205,0.1373460292816162
-0.10017010569572449,-0.03266749531030655,0.18043053150177002
0.04720200225710869,-0.11160644888877869,-0.013444781303405762
0.037053532898426056,-0.09123504906892776,-0.01950901746749878
0.013147836551070213,-0.04561000317335129,-0.0422588586807251
0.01390589214861393,-0.0047691091895103455,-0.04587817192077637
0.06035624071955681,-0.02154139056801796,0.014777958393096924
0.0782671794295311,-0.025735363364219666,0.0335007905960083
0.04045935720205307,-0.08791541308164597,-0.05062413215637207
-0.11886301636695862,-0.35348621010780334,-0.0055991411209106445
-0.2237648367881775,-0.3121548593044281,0.012278437614440918
-0.3172960877418518,-0.09587317705154419,0.009825348854064941
-0.324918657541275,0.026309553533792496,0.010432004928588867
-0.1324487030506134,-0.02948910929262638,-0.010554671287536621
0.10730189085006714,-0.2533939480781555,0.010638952255249023
0.10959789901971817,-0.4315416216850281,-0.0056427717208862305
-0.10480217635631561,-0.28603222966194153,-0.011309146881103516
-0.1749880313873291,-0.2985386550426483,0.010647058486938477
-0.11841171234846115,-0.30008187890052795,-0.0018922686576843262
-0.07815433293581009,-0.1817636489868164,-0.00797891616821289
-0.102603480219841,-0.0913982093334198,-0.0037370920181274414
-0.1054023951292038,-0.04070069268345833,0.001589059829711914
-0.08413064479827881,0.03165663778781891,-0.0011873245239257812
-0.06114274263381958,0.09643860161304474,-0.0006674528121948242
-0.04627237096428871,0.18236953020095825,-0.004481315612792969
-0.044678039848804474,0.22358934581279755,0.0015775561332702637
-0.056853413581848145,0.2410946935415268,-0.002526402473449707
-0.06626727432012558,0.19646702706813812,-0.0036562085151672363
-0.007760623469948769,0.08072264492511749,0.0008599758148193359
0.02526872046291828,0.030684154480695724,-0.0015821456909179688
-0.014152998104691505,0.015524590387940407,-0.000988006591796875
-0.018237033858895302,0.06319326162338257,-0.001325368881225586
0.006419198587536812,0.0655871331691742,-0.0022272467613220215
0.02385897934436798,0.04990503937005997,0.0018754005432128906
0.07272036373615265,0.03811665624380112,-0.004092574119567871
0.08636555820703506,0.05198274925351143,0.0008953213691711426
0.07617020606994629,0.08638880401849747,-0.001028299331665039
0.08261257410049438,0.11663352698087692,-0.002386808395385742
0.1008879616856575,0.13644999265670776,-0.002372145652770996
0.08832348138093948,0.14333155751228333,0.0016252994537353516
0.04573807865381241,0.19065025448799133,-0.0024794340133666992
0.11077024042606354,0.4654983878135681,-0.002524733543395996
0.3508901596069336,0.5804702043533325,-0.003638148307800293
0.3550439774990082,0.5182822942733765,0.009790420532226562
0.09790924191474915,0.3859267830848694,0.004237055778503418
-0.0613374337553978,0.15356917679309845,-0.006763815879821777
-0.1540604680776596,-0.020139314234256744,-0.003880023956298828
-0.16384980082511902,-0.009619733318686485,-0.0008589029312133789
-0.08195138722658157,0.0015257038176059723,-0.004200458526611328
-0.02760961838066578,0.03254687786102295,-0.002155900001525879
0.0061933621764183044,0.11253928393125534,0.001185774803161621
0.004688836634159088,0.16716095805168152,-0.0002942085266113281
-0.005784876644611359,0.1571923792362213,-0.0008280277252197266
-0.020134232938289642,0.10094719380140305,-0.0022313594818115234
-0.01634540781378746,0.013495084829628468,-0.003512561321258545
-0.018927019089460373,-0.13132990896701813,-0.004931271076202393
-0.03871989622712135,-0.29271769523620605,-0.0006434321403503418
0.0050461795181035995,-0.23725232481956482,-0.0003998875617980957
0.011445658281445503,-0.020982708781957626,-0.0033909082412719727
-0.013568948954343796,0.008697585202753544,-0.0036350488662719727
-0.005098478868603706,-0.005966320633888245,-0.0007205009460449219
-0.0028166621923446655,-0.005710774101316929,-0.0012243986129760742
-0.0012148357927799225,-0.007758112624287605,-0.0010721087455749512
-0.0013073254376649857,-0.006876046769320965,-0.0008584260940551758
-0.002423657104372978,-0.004821130074560642,-0.0013925433158874512
-0.0034331195056438446,-0.0032219747081398964,-0.001895904541015625
-0.0051581598818302155,-0.004365909844636917,-0.0014377832412719727
-0.00614558719098568,-0.005762557499110699,-0.0018498897552490234
-0.007308006286621094,-0.0051637860015034676,-0.0020486116409301758
-0.007010411471128464,-0.0038895830512046814,-0.0016974806785583496
-0.007057853043079376,-0.0038030995056033134,-0.002185821533203125
-0.004211055114865303,-0.0036419928073883057,-0.0022162795066833496
-0.0030965153127908707,-0.004272055812180042,-0.0025063753128051758
-0.002192055806517601,-0.006024053320288658,-0.0017739534378051758
-0.001675087958574295,-0.005465967580676079,-0.0008279085159301758
-0.0020367763936519623,-0.005602116696536541,-0.0007973909378051758
-0.004259740933775902,-0.005871506407856941,-0.0009806156158447266
-0.0047883037477731705,-0.0050367629155516624,-0.0011028051376342773
-0.00601937435567379,-0.0038353707641363144,-0.0018506050109863281
-0.006975345313549042,-0.0028775306418538094,-0.0008438825607299805
-0.007329853251576424,-0.002827283926308155,-0.0020186901092529297
-0.006254246458411217,-0.0044527817517519,-0.0017747879028320312
-0.004844158887863159,-0.005543384701013565,-0.000859379768371582
-0.0036228690296411514,-0.006781658157706261,-0.0022783279418945312
-0.002348370850086212,-0.006688372232019901,-0.002202153205871582
-0.001795237883925438,-0.0049704136326909065,-0.0017903447151184082
-0.0019873380661010742,-0.004109575413167477,-0.0015004277229309082
-0.003032209351658821,-0.004338855855166912,-0.001546323299407959
-0.004937103018164635,-0.005123795010149479,-0.0003867149353027344
-0.006340686231851578,-0.005407217890024185,-0.0016835927963256836
-0.00732247531414032,-0.0051181744784116745,-0.0022941231727600098
-0.007714211940765381,-0.0040934039279818535,-0.0014096498489379883
-0.005407912656664848,-0.003504764288663864,-0.0010892748832702637
-0.003995554521679878,-0.003852485679090023,-0.0019589662551879883
-0.0023747291415929794,-0.005452979356050491,-0.0006926059722900391
-0.0009249113500118256,-0.005560226738452911,-0.001119852066040039
-0.0009645372629165649,-0.005441716872155666,-0.0014099478721618652
-0.0023964103311300278,-0.004727644845843315,-0.0017305612564086914
-0.004154445603489876,-0.004877415485680103,-0.001761317253112793
-0.0057395827025175095,-0.003904108889400959,-0.0012424588203430176
-0.006434693932533264,-0.0036772890016436577,-0.001456141471862793
-0.006448324769735336,-0.004032541997730732,-0.002524256706237793
-0.005844740197062492,-0.004501551389694214,-0.0014711618423461914
-0.004555387422442436,-0.005133342929184437,-0.001776576042175293
-0.003497408702969551,-0.005388612858951092,-0.0020362138748168945
-0.0028410907834768295,-0.005597700364887714,-0.0015479326248168945
-0.0016458295285701752,-0.005557672120630741,-0.0017005205154418945
-0.0032885801047086716,-0.0047910213470458984,-0.002860426902770996
-0.004148401319980621,-0.005664924159646034,-0.0016398429870605469
-0.004571463912725449,-0.005097480490803719,-0.0014263391494750977
-0.005969524383544922,-0.003928514197468758,-0.0022656917572021484
-0.006611887365579605,-0.003468751907348633,-0.003120124340057373
-0.006528815254569054,-0.0033071134239435196,-0.0025404691696166992
-0.005328096449375153,-0.004467623308300972,-0.0011214613914489746
-0.0037864185869693756,-0.0052626291289925575,-0.0012131333351135254
-0.0026362016797065735,-0.006167745217680931,-0.0012285709381103516
-0.0027628205716609955,-0.005935724824666977,-0.0013051033020019531
-0.002596350386738777,-0.0050398726016283035,-0.0007864832878112793
-0.0021556634455919266,-0.0050265248864889145,-0.0014886856079101562
-0.0035476665943861008,-0.0038609011098742485,-0.0018706321716308594
-0.005141604691743851,-0.004153483547270298,-0.0009556412696838379
-0.005266161635518074,-0.004170089960098267,-0.0013068914413452148
-0.0052571650594472885,-0.004637419246137142,-0.0019785165786743164
-0.006006073206663132,-0.004609838128089905,-0.0014598369598388672
-0.0050130486488342285,-0.004140261560678482,-0.001765131950378418
-0.004002783447504044,-0.004654190503060818,-0.0020246505737304688
-0.003041941672563553,-0.005326815880835056,-0.0009106993675231934
-0.00208396278321743,-0.006197513081133366,-0.0013381242752075195
-0.0013972129672765732,-0.005796640180051327,-0.001414477825164795
-0.002941269427537918,-0.005112535320222378,-0.002299666404724121
-0.003168061375617981,-0.004514622502028942,-0.0014299750328063965
-0.0049135722219944,-0.0047136517241597176,-0.0015980005264282227
-0.005440309643745422,-0.00420769676566124,-0.002482891082763672
-0.005440996959805489,-0.004628385417163372,-0.002116560935974121
-0.004628850147128105,-0.0041328249499201775,-0.0011856555938720703
-0.004294209182262421,-0.003857053816318512,-0.001475691795349121
-0.0032255537807941437,-0.005124126560986042,-0.0014910697937011719
-0.0035632792860269547,-0.00549737922847271,-0.001445472240447998
-0.002560814842581749,-0.005038732662796974,-0.0015829801559448242
-0.0030380506068468094,-0.005897378548979759,-0.0025292038917541504
-0.003932088613510132,-0.005554933100938797,-0.0007441043853759766
-0.0049218349158763885,-0.004094582051038742,-0.002117753028869629
-0.005295082926750183,-0.004443207755684853,-0.0012022852897644043
-0.0055630989372730255,-0.00435662642121315,-0.0018277168273925781
-0.0041944850236177444,-0.004005009308457375,-0.0009884834289550781
-0.003579195588827133,-0.004505498334765434,-0.001949906349182129
-0.00264773890376091,-0.004614952951669693,-0.0023467540740966797
-0.0027026403695344925,-0.004670310765504837,-0.0014924407005310059
-0.003074418753385544,-0.004449951462447643,-0.0014925003051757812
-0.0027207154780626297,-0.004931846633553505,-0.0017671585083007812
-0.002095390111207962,-0.005043995566666126,-0.0016908645629882812
-0.0030353888869285583,-0.004362659528851509,-0.0008821487426757812
-0.00504288449883461,-0.0045141493901610374,-0.0022401809692382812
-0.005347214639186859,-0.0035241255536675453,-0.0013551712036132812
-0.005827534943819046,-0.003283105790615082,-0.0007297992706298828
-0.006434433162212372,-0.0047213053330779076,-0.002469182014465332
-0.0040927547961473465,-0.005129734054207802,-0.003033936023712158
-0.0034621432423591614,-0.004997768439352512,-0.0023016929626464844
-0.0029274318367242813,-0.005305313505232334,-0.002012014389038086
-0.0014738943427801132,-0.00549775455147028,-0.0016611814498901367
-0.0023842398077249527,-0.004683978855609894,-0.0012799501419067383
-0.0025393161922693253,-0.004528832621872425,-0.0018295049667358398
-0.003745744004845619,-0.004356616176664829,-0.001265108585357666
-0.003938950598239899,-0.0052371546626091,-0.002272367477416992
-0.005505550652742386,-0.003763599321246147,-0.001494288444519043
-0.005011932924389839,-0.004616999998688698,-0.0017080307006835938
-0.005688730627298355,-0.0036599738523364067,-0.0007926225662231445
-0.004670716822147369,-0.004243422299623489,-0.0011434555053710938
-0.0036127008497714996,-0.004393219947814941,-0.0012503862380981445
-0.0034430045634508133,-0.004646895453333855,-0.0015707612037658691
-0.0018577389419078827,-0.00551085639744997,-0.0015403032302856445
-0.0031646080315113068,-0.0054064346477389336,-0.0013878941535949707
-0.003096969798207283,-0.004239208064973354,-0.0005488395690917969
-0.003427525982260704,-0.004852265119552612,-0.0013423562049865723
-0.004249662160873413,-0.004564856179058552,-0.0023494958877563477
-0.005421638488769531,-0.0041308412328362465,-0.0015716552734375
-0.004262680187821388,-0.004009830765426159,-0.0021518468856811523
-0.004931289702653885,-0.004382794722914696,-0.001892685890197754
-0.004002539440989494,-0.005277140066027641,-0.0018776655197143555
-0.0026040486991405487,-0.00525558739900589,-0.002198338508605957
-0.0035893600434064865,-0.004861775785684586,-0.002076387405395508
-0.002269906923174858,-0.00448614452034235,-0.0005811452865600586
-0.0037385113537311554,-0.005207403562963009,-0.0018324851989746094
-0.004086097702383995,-0.005062664858996868,-0.001130521297454834
-0.004936693236231804,-0.004860023036599159,-0.0018478631973266602
-0.00471014529466629,-0.003907304257154465,-0.0009326934814453125
-0.004523608833551407,-0.004689882509410381,-0.0021228790283203125
-0.004063069820404053,-0.004484456963837147,-0.0021837949752807617
-0.0036014243960380554,-0.004250902682542801,-0.0013903379440307617
-0.003001699224114418,-0.004209524020552635,-0.0020008087158203125
-0.0018628351390361786,-0.004766513593494892,-0.001970529556274414
-0.003145553171634674,-0.004399566911160946,-0.0013298988342285156
-0.00289827398955822,-0.00441769789904356,-0.0013456344604492188
-0.003032071515917778,-0.004489700309932232,-0.0011015534400939941
-0.0035215336829423904,-0.004010224714875221,-0.0023682117462158203
-0.004499271512031555,-0.003928825259208679,-0.0013611316680908203
-0.0052680447697639465,-0.004081446677446365,-0.0011779069900512695
-0.004671981558203697,-0.0034032706171274185,-0.0007660388946533203
-0.004570169374346733,-0.0047021955251693726,-0.0008729696273803711
-0.0038009285926818848,-0.00395967997610569,-0.0013764500617980957
-0.002788979560136795,-0.004985525272786617,-0.001986861228942871
-0.002846861258149147,-0.005076110363006592,-0.002322673797607422
-0.0034154094755649567,-0.00623881071805954,-0.0016514062881469727
-0.003437398001551628,-0.005187235772609711,-0.0030705928802490234
-0.002393806353211403,-0.004377360455691814,-0.0024449825286865234
-0.0034772437065839767,-0.004701973870396614,-0.001254737377166748
-0.004672931507229805,-0.003923439420759678,-0.0020331144332885742
-0.004435388371348381,-0.004693388938903809,-0.0024756789207458496
-0.00426691398024559,-0.003987081348896027,-0.0013010501861572266
-0.004096996039152145,-0.0045170970261096954,-0.001225113868713379
-0.0026057157665491104,-0.004535239189863205,-0.002094864845275879
-0.0031052492558956146,-0.0049349647015333176,-0.0015761852264404297
-0.0023167338222265244,-0.004974234849214554,-0.0011031627655029297
-0.0028587207198143005,-0.004378436133265495,-0.0014998316764831543
-0.0032780151814222336,-0.0041634878143668175,-0.001789867877960205
-0.0038407668471336365,-0.003768075257539749,-0.0023546218872070312
-0.0037951860576868057,-0.004134075716137886,-0.0021867752075195312
-0.0037028659135103226,-0.004833917133510113,-0.001286625862121582
-0.004410985857248306,-0.004192479886114597,-0.001988708972930908
-0.0035545453429222107,-0.004183542914688587,-0.0024924874305725098
-0.003959406167268753,-0.004479358904063702,-0.00031065940856933594
-0.004320409148931503,-0.004378093406558037,-0.002767503261566162
-0.003106258809566498,-0.005548727698624134,-0.0017757415771484375
-0.0036388467997312546,-0.0058813318610191345,-0.0012877583503723145
-0.0030955933034420013,-0.005440758541226387,-0.0020967721939086914
-0.0035059917718172073,-0.004635554738342762,-0.0021425485610961914
-0.0038438793271780014,-0.004149031825363636,-0.0010286569595336914
-0.003408757969737053,-0.0036620330065488815,-0.0016390681266784668
-0.004848131909966469,-0.0040832143276929855,-0.0020818114280700684
-0.004827326163649559,-0.00419508945196867,-0.001212477684020996
-0.0036463290452957153,-0.004654952324926853,-0.0018991827964782715
-0.003634793683886528,-0.0033309832215309143,-0.0011974573135375977
-0.0024794582277536392,-0.004696483723819256,-0.0014110803604125977
-0.0022465959191322327,-0.0050746118649840355,-0.0015790462493896484
-0.0022371262311935425,-0.0047703636810183525,-0.0021589994430541992
-0.002921672537922859,-0.004149811342358589,-0.00031280517578125
-0.0030716024339199066,-0.004535231739282608,-0.00199127197265625
-0.003119722008705139,-0.003939405083656311,-0.00229644775390625
-0.00436779297888279,-0.0037747183814644814,-0.00138092041015625
-0.004674920812249184,-0.0045681968331336975,-0.00167083740234375
-0.004708942025899887,-0.0041027069091796875,-0.0019304752349853516
-0.0031817052513360977,-0.004482862539589405,-0.0008779168128967285
-0.004045888781547546,-0.004731081426143646,-0.001488327980041504
-0.0029172860085964203,-0.004182107746601105,-0.001885056495666504
-0.00331849604845047,-0.003860488533973694,-0.001656174659729004
-0.00333513505756855,-0.004638921469449997,-0.0022211670875549316
-0.0025353115051984787,-0.005312773399055004,-0.002114534378051758
-0.003539077937602997,-0.00493234395980835,-0.0022215843200683594
-0.003999538719654083,-0.0036433832719922066,-0.0019469261169433594
-0.0035206954926252365,-0.003602324053645134,-0.0016419291496276855
-0.0032686609774827957,-0.004225210286676884,-0.0014284253120422363
-0.003689829260110855,-0.004011607728898525,-0.0016578435897827148
-0.004120616242289543,-0.0039666201919317245,-0.002375006675720215
-0.0031660720705986023,-0.004798302426934242,-0.0025887489318847656
-0.002313826233148575,-0.004766971804201603,-0.0028936266899108887
-0.002454632893204689,-0.004603042267262936,-0.0022832155227661133
-0.003352973610162735,-0.004611426033079624,-0.0013069510459899902
-0.0034901537001132965,-0.0042110104113817215,-0.002161741256713867
-0.002943899482488632,-0.004371419548988342,-0.001139819622039795
-0.003031110391020775,-0.004353698343038559,-0.002253711223602295
-0.003220103681087494,-0.0043233055621385574,-0.002864062786102295
-0.0035409219563007355,-0.004264676943421364,-0.0025283098220825195
-0.003249572589993477,-0.00338779017329216,-0.0010635852813720703
-0.0039374977350234985,-0.004338985309004784,-0.002070784568786621
-0.003152519464492798,-0.004163142293691635,-0.0014758110046386719
-0.002513701096177101,-0.004538076929748058,-0.0013844966888427734
-0.0031636320054531097,-0.005361135117709637,-0.0023459792137145996
-0.003472262993454933,-0.004038969054818153,-0.0016136765480041504
-0.0030522681772708893,-0.004333489574491978,-0.0011102557182312012
-0.0037134382873773575,-0.004392899572849274,-0.0017967820167541504
-0.004395976662635803,-0.0038479305803775787,-0.0026055574417114258
-0.0034286808222532272,-0.004474756307899952,-0.0007898807525634766
-0.0035397130995988846,-0.004068397916853428,-0.0022701025009155273
-0.0031753666698932648,-0.004586313851177692,-0.0026825666427612305
-0.002592163160443306,-0.004584481939673424,-0.0012788772583007812
-0.0027434024959802628,-0.0036951471120119095,-0.0016603469848632812
-0.0022224485874176025,-0.004221786744892597,-0.002011418342590332
-0.0020263604819774628,-0.004531139507889748,-0.001370847225189209
-0.002326563000679016,-0.004453195258975029,-0.0018134117126464844
-0.003905773162841797,-0.004127948544919491,-0.0010506510734558105
-0.0036534201353788376,-0.0037712249904870987,-0.0018900632858276367
-0.0030575506389141083,-0.004094109870493412,-0.0006695985794067383
-0.0037253908812999725,-0.003876050002872944,-0.0018750429153442383
-0.004202589392662048,-0.00456169992685318,-0.0022416114807128906
-0.0038700420409440994,-0.0042542023584246635,-0.0007613897323608398
-0.002904357388615608,-0.004518679343163967,-0.0011429786682128906
-0.002828998491168022,-0.004825717769563198,-0.002592623233795166
-0.0031411945819854736,-0.00387708842754364,-0.0016006827354431152
-0.0029293466359376907,-0.004507794044911861,-0.00237882137298584
-0.002701813355088234,-0.004513944499194622,-0.0017074942588806152
-0.0025451388210058212,-0.00394016969949007,-0.0022262930870056152
-0.0026192888617515564,-0.004808799363672733,-0.0019061565399169922
-0.004099048674106598,-0.004457221366465092,-0.0014331340789794922
-0.0041016824543476105,-0.004512944258749485,-0.0009452700614929199
-0.002878280356526375,-0.004530768841505051,-0.0008538961410522461
-0.002927567809820175,-0.003915679641067982,-0.0007777810096740723
-0.0027344878762960434,-0.005128783173859119,-0.0012205243110656738
-0.003227740526199341,-0.004844527691602707,-0.0012207627296447754
-0.0030114632099866867,-0.0037881406024098396,-0.0018006563186645508
-0.002739604562520981,-0.0036444254219532013,-0.0013275146484375
-0.003574877977371216,-0.0039352839812636375,-0.0018463730812072754
-0.003650449216365814,-0.004370218142867088,-0.0025483369827270508
-0.003985978662967682,-0.0045163678005337715,-0.001938164234161377
-0.0033086352050304413,-0.004299398511648178,-0.0015110373497009277
-0.0035974662750959396,-0.003677099011838436,-0.001236557960510254
-0.0036952681839466095,-0.003471510484814644,-0.0016945600509643555
-0.0032250825315713882,-0.0035294461995363235,-0.002274155616760254
-0.0032007377594709396,-0.0049219802021980286,-0.0019538402557373047
-0.00326557457447052,-0.004039313644170761,-0.0027779340744018555
-0.0026864763349294662,-0.003753521479666233,-0.0015265941619873047
-0.002637255936861038,-0.004474780522286892,-0.002289295196533203
-0.002704571932554245,-0.003508833236992359,-0.0012059211730957031
-0.0030307043343782425,-0.0035134321078658104,-0.0021367669105529785
-0.0038889143615961075,-0.0039765965193510056,-0.0007025003433227539
-0.004065545275807381,-0.0035909386351704597,-0.0016944408416748047
-0.003223579376935959,-0.0042054736986756325,-0.0016793012619018555
-0.0030806735157966614,-0.004355359822511673,-0.0012063980102539062
-0.0032162535935640335,-0.005052927881479263,-0.0008096694946289062
-0.0016213823109865189,-0.0038068341091275215,-0.00213700532913208
-0.002411944791674614,-0.00397823192179203,-0.00143510103225708
-0.0031498800963163376,-0.0036423876881599426,-0.0019845962524414062
-0.0026994142681360245,-0.0038816556334495544,-0.0021219253540039062
-0.003306424245238304,-0.003013533540070057,-0.0009776949882507324
-0.0038113612681627274,-0.004063252359628677,-0.0020304322242736816
-0.0031994692981243134,-0.0040298085659742355,-0.0008859634399414062
-0.0027204155921936035,-0.00476701557636261,-0.0019237399101257324
-0.004465024918317795,-0.004754547029733658,-0.002702057361602783
-0.0037667304277420044,-0.0038206931203603745,-0.002473175525665283
-0.0026885438710451126,-0.0037953006103634834,-0.002381563186645508
-0.0026588477194309235,-0.0040564993396401405,-0.0017864704132080078
-0.0021891091018915176,-0.0043573686853051186,-0.0018781423568725586
-0.0017163120210170746,-0.00370948389172554,-0.0005962848663330078
-0.002396548166871071,-0.004353140480816364,-0.0010083913803100586
-0.00349513441324234,-0.004417802207171917,-0.0018782615661621094
-0.003537086769938469,-0.003251255489885807,-0.002412140369415283
-0.004055192694067955,-0.003377269022166729,-0.0013595223426818848
-0.002885347232222557,-0.0041981041431427,-0.001115560531616211
-0.0031174588948488235,-0.003504866734147072,-0.0022293925285339355
-0.0028452128171920776,-0.004154399037361145,-0.0013596415519714355
-0.002226797863841057,-0.004183351062238216,-0.0020464062690734863
-0.003152836114168167,-0.004537676461040974,-0.0013903379440307617
-0.0021563228219747543,-0.0038292119279503822,-0.0012377500534057617
-0.002752671018242836,-0.0036624735221266747,-0.001741647720336914
-0.0027165859937667847,-0.004437980242073536,-0.0018334388732910156
-0.0032587070018053055,-0.004877891391515732,-0.0014823675155639648
-0.0035603009164333344,-0.004302751272916794,-0.002214789390563965
-0.003579379990696907,-0.0033820560202002525,-0.0019861459732055664
-0.002631867304444313,-0.0037352200597524643,-0.0014219284057617188
-0.0023238230496644974,-0.004304665140807629,-0.0018338561058044434
-0.0029068347066640854,-0.004686675034463406,-0.001940608024597168
-0.0030836332589387894,-0.004254498519003391,-0.001116633415222168
-0.0015225708484649658,-0.0033192103728652,2.765655517578125e-05
-0.003045111894607544,-0.0045255087316036224,-0.0020933151245117188
-0.002785921096801758,-0.0051461635157465935,-0.0013303160667419434
-0.0032122284173965454,-0.0041648270562291145,-0.001925349235534668
-0.0029961206018924713,-0.003332812339067459,-0.002093195915222168
-0.0033348221331834793,-0.003566879779100418,-0.0018491744995117188
-0.003573797643184662,-0.0045691244304180145,-0.002138972282409668
-0.002615302801132202,-0.0038853175938129425,-0.002627253532409668
-0.002207459881901741,-0.004135653376579285,-0.0023983120918273926
-0.0021722111850976944,-0.0042064739391207695,-0.0022305846214294434
-0.003444686532020569,-0.0040221912786364555,-0.002550959587097168
-0.004020487889647484,-0.0038166269659996033,-0.0010554790496826172
-0.0030876118689775467,-0.004157649353146553,-0.001070857048034668
-0.0032000206410884857,-0.004450623877346516,-0.0020171403884887695
-0.00331769697368145,-0.003743598237633705,-0.002002120018005371
-0.003096567466855049,-0.0030974093824625015,-0.0018649697303771973
-0.003283293917775154,-0.0035122716799378395,-0.0018650293350219727
-0.0031696930527687073,-0.0033596456050872803,-0.0021701455116271973
-0.0027734190225601196,-0.0047056227922439575,-0.000827491283416748
-0.0028715264052152634,-0.00371431652456522,-0.001315474510192871
-0.0032093990594148636,-0.004093519411981106,-0.002856731414794922
-0.003449179232120514,-0.003955848515033722,-0.0017277002334594727
-0.0020890384912490845,-0.004508328624069691,-0.0011326074600219727
-0.0031796563416719437,-0.004529162310063839,-0.0017125606536865234
-0.0023029055446386337,-0.0034150872379541397,-0.0017278194427490234
-0.0016570594161748886,-0.00399413239210844,-0.0018496513366699219
-0.002976769581437111,-0.003213980235159397,-0.0013616681098937988
-0.0026607345789670944,-0.0029654400423169136,-0.001453399658203125
-0.002925487235188484,-0.004111110232770443,-0.0014384984970092773
-0.002826053649187088,-0.003887210041284561,-0.0015149712562561035
-0.0031078867614269257,-0.004146445542573929,-0.0011486411094665527
-0.0033193491399288177,-0.004849369637668133,-0.002064228057861328
-0.00310426764190197,-0.004522934556007385,-0.0013622045516967773
-0.002542605623602867,-0.00424576923251152,-0.0007213354110717773
-0.003248244524002075,-0.0037085022777318954,-0.0012248754501342773
-0.002509772777557373,-0.003552079200744629,-0.002064228057861328
-0.002669496461749077,-0.00391237810254097,-0.0010876655578613281
-0.0028911158442497253,-0.0041307443752884865,-0.0025680065155029297
-0.002638150006532669,-0.004674595780670643,-0.0016372203826904297
-0.003366636112332344,-0.004245315678417683,-0.0018204450607299805
-0.003470495343208313,-0.003529810346662998,-0.0011952519416809082
-0.002819288522005081,-0.0041155386716127396,-0.0021567344665527344
-0.002844596281647682,-0.004176369868218899,-0.0022330284118652344
-0.0028630830347537994,-0.003966887481510639,-0.0014550089836120605
-0.002987099811434746,-0.004926120862364769,-0.0016995668411254883
-0.0032777395099401474,-0.003872014582157135,-0.0013639330863952637
-0.0037605352699756622,-0.0033566737547516823,-0.0007688999176025391
-0.0030921194702386856,-0.0031929947435855865,-0.0011655688285827637
-0.0030289478600025177,-0.0034725945442914963,-0.0009822845458984375
-0.0034206975251436234,-0.0037129027768969536,-0.001898050308227539
-0.003175271674990654,-0.00420940387994051,-0.0019135475158691406
-0.00370616652071476,-0.004418256692588329,-0.002020537853240967
-0.0024898257106542587,-0.0035758288577198982,-0.002234339714050293
-0.0026207957416772842,-0.003071146085858345,-0.00191420316696167
-0.0032909829169511795,-0.004126101732254028,-0.0017159581184387207
-0.0027509741485118866,-0.004246349446475506,-0.0013803839683532715
-0.0033381152898073196,-0.004036870785057545,-0.0020363330841064453
-0.003120655193924904,-0.003568108193576336,-0.0006170272827148438
-0.00270872563123703,-0.004106972366571426,-0.0015021562576293945
-0.002372313290834427,-0.003696075640618801,-0.0017157793045043945
-0.003281356766819954,-0.004195469431579113,-0.0002968311309814453
-0.0031142383813858032,-0.0038922764360904694,-0.0021892786026000977
-0.0020857825875282288,-0.0031716180965304375,-0.0018231868743896484
-0.0030014291405677795,-0.0034819794818758965,-0.002296268939971924
-0.002565355971455574,-0.0035339156165719032,-0.0009080171585083008
-0.0017157439142465591,-0.004963347688317299,-0.0020982027053833008
-0.001549823209643364,-0.004316250793635845,-0.0020222067832946777
-0.0027116909623146057,-0.004227485507726669,-0.001808762550354004
-0.0027160774916410446,-0.0038899406790733337,-0.0009851455688476562
-0.003332739695906639,-0.004278717562556267,-0.0024347901344299316
-0.00397796556353569,-0.0038592442870140076,-0.0010613203048706055
-0.0027750879526138306,-0.0034733721986413,-0.0004661083221435547
-0.002934277057647705,-0.003355317749083042,-0.001793503761291504
-0.0026406515389680862,-0.0043635861948132515,-0.0026019811630249023
-0.0025580301880836487,-0.0036120526492595673,-0.0016252994537353516
-0.0027915742248296738,-0.004878575913608074,-0.0007404088973999023
-0.002521675080060959,-0.004007034935057163,-0.0019306540489196777
-0.002772487699985504,-0.004179858602583408,-0.0017474889755249023
-0.0029282383620738983,-0.003495975397527218,-0.0009082555770874023
-0.0024369750171899796,-0.0034093689173460007,-0.0022357702255249023
-0.0026586446911096573,-0.0033756988123059273,-0.0016560554504394531
-0.0028045494109392166,-0.003989364951848984,-0.0016406774520874023
-0.003530539572238922,-0.0031673377379775047,-0.001701951026916504
-0.0025598909705877304,-0.0032293731346726418,-0.0017632246017456055
-0.002629147842526436,-0.0029136445373296738,-0.0016257762908935547
-0.0029303114861249924,-0.0038401400670409203,-0.0012289881706237793
-0.0027697961777448654,-0.0046665966510772705,-0.001839280128479004
-0.002691894769668579,-0.0035536978393793106,-0.0012746453285217285
-0.002647247165441513,-0.0038309497758746147,-0.001747727394104004
-0.002925269305706024,-0.0034751230850815773,-0.001595139503479004
-0.002819851040840149,-0.003797382116317749,-0.0014275312423706055
-0.003254823386669159,-0.0036260616034269333,-0.0012903809547424316
-0.0025810450315475464,-0.004031236283481121,-0.001244664192199707
-0.002811560407280922,-0.00395613070577383,-0.0017483234405517578
-0.0032436028122901917,-0.0037819519639015198,-0.0017331242561340332
-0.0030972789973020554,-0.0034041153267025948,-0.002282440662384033
-0.0029899217188358307,-0.003655131906270981,-0.0014276504516601562
-0.0016957931220531464,-0.00416874885559082,-0.0017938613891601562
-0.0024945493787527084,-0.0040246350690722466,-0.0015954971313476562
-0.002865668386220932,-0.003675585612654686,-0.0017178058624267578
-0.0028218496590852737,-0.0037085898220539093,-0.0015499591827392578
-0.003367193043231964,-0.003300970420241356,-0.0002987384796142578
-0.002886613830924034,-0.0032768435776233673,-0.0009093284606933594
-0.0024416185915470123,-0.0033319732174277306,-0.0018553733825683594
-0.00265638530254364,-0.003970634192228317,-0.0006041526794433594
-0.0038148704916238785,-0.0047067152336239815,-0.0011992454528808594
-0.004023808985948563,-0.00392569974064827,-0.0014282464981079102
-0.0025816503912210464,-0.002984849736094475,-0.0020386576652526855
-0.0019415803253650665,-0.0039043687283992767,-0.0016571879386901855
-0.0023467708379030228,-0.004241405986249447,-0.0011233091354370117
-0.0031439494341611862,-0.0043092938140034676,-0.0028171539306640625
-0.002438133582472801,-0.004607027396559715,-0.0017796754837036133
-0.002583187073469162,-0.003330133855342865,-0.001367807388305664
-0.002259025350213051,-0.003006928600370884,-0.002054572105407715
-0.0028125252574682236,-0.002804151736199856,-0.001932680606842041
-0.002831829711794853,-0.004177819937467575,-0.0013680458068847656
-0.002179119735956192,-0.004149871878325939,-0.0012916326522827148
-0.0032564066350460052,-0.0048276158049702644,-0.0009866952896118164
-0.003183513879776001,-0.0036050863564014435,-0.001704096794128418
-0.0024347063153982162,-0.0034994063898921013,-0.0010634064674377441
-0.0030557233840227127,-0.0031138798221945763,-0.0013686418533325195
-0.00294368714094162,-0.0033663278445601463,-0.001567244529724121
-0.00332474522292614,-0.004096188582479954,-0.001338362693786621
-0.0074337683618068695,-0.010002611204981804,-0.0007126331329345703
-0.0007666889578104019,0.0025215186178684235,-8.666515350341797e-05
-0.003606460988521576,-0.006071023643016815,-0.003931760787963867
-0.00239698588848114,-0.0010582199320197105,0.0010120868682861328
-0.00157952681183815,-0.005192933604121208,-0.0026350021362304688
-0.0022505708038806915,-0.004413985647261143,-0.0009106993675231934
-0.00102226622402668,-0.004906080663204193,-0.0003917813301086426
-0.001834942027926445,-0.0028274115175008774,-0.0028634071350097656
-0.0028061289340257645,-0.0047515518963336945,-0.0015663504600524902
-0.0030465051531791687,-0.004492604173719883,-0.003671884536743164
-0.003276139497756958,-0.003272388130426407,-0.002313852310180664
-0.0025146789848804474,-0.0032687224447727203,0.0011197328567504883
-0.0025101248174905777,-0.0033072689548134804,-0.004755139350891113
-0.0026968680322170258,-0.004059391096234322,-0.0016880035400390625
-0.002735113725066185,-0.004386436194181442,0.0009212493896484375
-0.003122631460428238,-0.004119211807847023,-0.0037478208541870117
-0.0037796329706907272,-0.004154565744102001,-0.0007569789886474609
-0.003491174429655075,-0.0036262357607483864,0.0010895729064941406
-0.003026990219950676,-0.004028764553368092,-0.002908468246459961
-0.0023838505148887634,-0.004754351451992989,-0.0016420483589172363
-0.0016001779586076736,-0.003374747931957245,-0.0006349086761474609
-0.0032960195094347,-0.002473798580467701,-0.0030765533447265625
-0.0030996669083833694,-0.00242718867957592,0.00014317035675048828
-0.0037820227444171906,-0.003986751660704613,-0.001718282699584961
-0.0032293833792209625,-0.004028479568660259,-0.002725362777709961
-0.0028113778680562973,-0.005191579926759005,-0.0013982057571411133
-0.0017587542533874512,-0.003767333459109068,-0.0015816688537597656
-0.002584630623459816,-0.0037428741343319416,-0.002192080020904541
-0.0020889658480882645,-0.003196042962372303,5.066394805908203e-06
-0.0025723204016685486,-0.00333574041724205,-0.002299189567565918
-0.0025913994759321213,-0.003468628041446209,-0.002543210983276367
-0.0026623792946338654,-0.0040909359231591225,-0.0016275644302368164
-0.003308875486254692,-0.004820813424885273,-0.0024209022521972656
-0.003652067855000496,-0.003883788362145424,-0.002512335777282715
-0.002635534852743149,-0.003248868975788355,-0.0015510320663452148
-0.0018256604671478271,-0.0032373187132179737,-0.0017341375350952148
-0.001942906528711319,-0.003758357372134924,-0.0018717646598815918
-0.0014478359371423721,-0.0034314016811549664,-0.001658320426940918
-0.0010967832058668137,-0.0035656560212373734,-0.0011243820190429688
-0.001639360561966896,-0.003928765654563904,-0.002894282341003418
-0.0025890544056892395,-0.004395791795104742,-0.002238154411315918
-0.0034790802747011185,-0.0031838417053222656,-0.001475214958190918
-0.0032801534980535507,-0.002900634426623583,-0.0017652511596679688
-0.0037064701318740845,-0.004203202202916145,-0.0023298263549804688
-0.00279851071536541,-0.0045808530412614346,-0.0018568038940429688
-0.002533266320824623,-0.0033684675581753254,-0.0014444589614868164
-0.002834601327776909,-0.0036323159001767635,-0.0013222694396972656
-0.0028302744030952454,-0.0036628348752856255,-0.001276552677154541
-0.002611251547932625,-0.002972010523080826,-0.001673281192779541
-0.002323184162378311,-0.003183120395988226,-0.0018410682678222656
-0.0030596591532230377,-0.004002077970653772,-0.002237558364868164
-0.0024584494531154633,-0.004037547390908003,-0.001978278160095215
-0.0029179714620113373,-0.00380253279581666,-0.0007729530334472656
-0.0021247118711471558,-0.0028464095667004585,-0.0016427040100097656
-0.00234149768948555,-0.0031608217395842075,-0.002298891544342041
-0.002629335969686508,-0.0033568055368959904,-0.001001894474029541
-0.0029144268482923508,-0.0033793854527175426,-0.0017495155334472656
-0.001828087493777275,-0.0042173233814537525,-0.002634584903717041
-0.0028060991317033768,-0.0037256586365401745,-0.0005442500114440918
-0.003240322694182396,-0.003917141351848841,-0.001520991325378418
-0.00333380326628685,-0.0033029476180672646,-0.0015670061111450195
-0.003431437537074089,-0.003407190553843975,-0.0010026097297668457
-0.0034496448934078217,-0.0032889037393033504,-0.0017502307891845703
-0.0035869721323251724,-0.004505518823862076,-0.0016281604766845703
-0.00345669686794281,-0.0037657874636352062,-0.0022383928298950195
-0.003715524449944496,-0.003520072903484106,-0.0017347931861877441
-0.0032173041254281998,-0.003467132803052664,-0.0021774768829345703
-0.0017489008605480194,-0.003854581154882908,-0.0019637346267700195
-0.0024774447083473206,-0.0030180788598954678,-0.002283930778503418
-0.0023795384913682938,-0.0034888596273958683,-0.0019636154174804688
-0.002629268914461136,-0.003248578868806362,-0.0019789934158325195
-0.0027673784643411636,-0.004399391822516918,-0.0017958879470825195
-0.0034799762070178986,-0.0037805242463946342,-0.0011092424392700195
-0.003719927743077278,-0.002997429110109806,-0.0018413662910461426
-0.003625227138400078,-0.0022931015118956566,-0.001154780387878418
-0.0033854246139526367,-0.002718518488109112,-0.0010784268379211426
-0.003190362825989723,-0.0031064054928719997,-0.0014906525611877441
-0.0016575455665588379,-0.0038707242347300053,-0.002314627170562744
-0.00247335247695446,-0.0036916681565344334,-0.0014142990112304688
-0.0031452178955078125,-0.004130023531615734,-0.0014296174049377441
-0.003445189446210861,-0.0034078252501785755,-0.001093745231628418
-0.0019957367330789566,-0.0032716752029955387,-0.002573847770690918
-0.0028964076191186905,-0.003188313450664282,-0.0017348527908325195
-0.003626680001616478,-0.003464209847152233,-0.0016738176345825195
-0.005058048292994499,-0.0039175632409751415,-0.0009261965751647949
-0.0042150504887104034,-0.0037727230228483677,-0.0011702179908752441
-0.002864491194486618,-0.003012529108673334,-0.001810908317565918
-0.0030662938952445984,-0.002891751006245613,-0.000971674919128418
-0.002415500581264496,-0.0035813809372484684,-0.001612544059753418
-0.002082711085677147,-0.0037209782749414444,-0.00034606456756591797
-0.0024057459086179733,-0.003500743303447962,-0.0011548399925231934
-0.0035028140991926193,-0.004441835451871157,-0.0012922286987304688
-0.003174625337123871,-0.0035366895608603954,-0.001612544059753418
-0.004113966599106789,-0.002890697680413723,-0.0017192363739013672
-0.0030159447342157364,-0.0034332945942878723,-0.002222895622253418
-0.0032916683703660965,-0.0022173114120960236,-0.002436399459838867
-0.0023199934512376785,-0.0021791276521980762,-0.001124262809753418
-0.002231419086456299,-0.0030429246835410595,-0.001765131950378418
-0.0019044354557991028,-0.004296676255762577,-0.0011855363845825195
-0.003773460164666176,-0.004974982235580683,-0.0018417835235595703
-0.0032423119992017746,-0.004093632567673922,-0.0019947290420532227
-0.002482375130057335,-0.0033312272280454636,-0.0014300942420959473
-0.003077145665884018,-0.0018037422560155392,-0.0015216469764709473
-0.0021214038133621216,-0.002317486796528101,-0.0020406246185302734
-0.0017627105116844177,-0.0034240297973155975,-0.0014606714248657227
-0.0025204457342624664,-0.002686080988496542,-0.002010047435760498
-0.003751879557967186,-0.003332193475216627,-0.0012167692184448242
-0.004403052851557732,-0.004026500973850489,-0.0020712614059448242
-0.003787769004702568,-0.0036341934464871883,-0.0014455318450927734
-0.0037001166492700577,-0.0030072545632719994,-0.001628875732421875
-0.0016598645597696304,-0.0028786533512175083,-0.0025290846824645996
-0.0006591770797967911,-0.0029838047921657562,-0.0015374422073364258
-0.0008400324732065201,-0.0034794467501342297,-0.0020562410354614258
-0.002202095463871956,-0.0040271044708788395,-0.0015526413917541504
-0.002761518582701683,-0.0036086332984268665,-0.0009421110153198242
-0.0039488766342401505,-0.0029806275852024555,-0.002391815185546875
-0.004177099093794823,-0.0021054865792393684,-0.0016898512840270996
-0.004132671281695366,-0.002216428518295288,-0.0017050504684448242
-0.00273146852850914,-0.0027867653407156467,-0.0011708736419677734
-0.0014551952481269836,-0.003870049025863409,-0.001186370849609375
-0.001338837668299675,-0.0028774295933544636,-0.0014154911041259766
-0.001907937228679657,-0.0029735369607806206,-0.0028496980667114258
-0.0020356904715299606,-0.0032803169451653957,-0.001583099365234375
-0.0029388926923274994,-0.003485008142888546,-0.0015680789947509766
-0.00463523156940937,-0.003403669223189354,-0.0023462772369384766
-0.004182079806923866,-0.0031322240829467773,-0.0009272098541259766
-0.00340970978140831,-0.0035735275596380234,-0.0015988349914550781
-0.003930877894163132,-0.0029683001339435577,-0.0015530586242675781
-0.0028770659118890762,-0.003011540975421667,-0.0020717978477478027
-0.002301834523677826,-0.003171921707689762,-0.0033075809478759766
-0.002503998577594757,-0.002325008623301983,-0.0015683174133300781
-0.0020891353487968445,-0.0025955764576792717,-0.002010822296142578
-0.0022949501872062683,-0.003273929934948683,-0.0014002323150634766
-0.0034250449389219284,-0.004934917204082012,-0.001644432544708252
-0.0029101725667715073,-0.004306897521018982,-0.0013849735260009766
-0.0026077385991811752,-0.0028260289691388607,-0.0015987753868103027
-0.0032640881836414337,-0.002894601784646511,-0.0014004707336425781
-0.0031395219266414642,-0.001706923358142376,-0.0014767646789550781
-0.003934266045689583,-0.002794106025248766,-0.001873612403869629
-0.004198597744107246,-0.0034911776892840862,-0.0017365813255310059
-0.002698887139558792,-0.0036445260047912598,-0.001492142677307129
-0.0027907993644475937,-0.003521246835589409,-0.002132892608642578
-0.0025987792760133743,-0.003400641493499279,-0.0011714696884155273
-0.0021842308342456818,-0.003348452504724264,-0.0004235506057739258
-0.0015518907457590103,-0.002924709115177393,-0.0016291141510009766
-0.0021465178579092026,-0.0031270436011254787,-0.0011560916900634766
-0.0025128014385700226,-0.0026175128296017647,-0.0016751289367675781
-0.0034879669547080994,-0.003105281386524439,-0.001721024513244629
-0.0032226108014583588,-0.002874624915421009,-0.0021331310272216797
-0.004329631105065346,-0.0032319417223334312,-0.0018128752708435059
-0.003780161961913109,-0.0028660004027187824,-0.0013706684112548828
-0.002632247284054756,-0.003100462257862091,-0.0010349750518798828
-0.0022346489131450653,-0.0024059037677943707,-0.000958561897277832
-0.002299254760146141,-0.002797946333885193,-0.0021944046020507812
-0.0023926515132188797,-0.0038481359370052814,-0.0019654035568237305
-0.002847587689757347,-0.0032421075738966465,-0.0017517805099487305
-0.0032960157841444016,-0.0037128948606550694,-0.0021026134490966797
-0.0033910199999809265,-0.00330784497782588,-0.001583695411682129
-0.004127519205212593,-0.002812727354466915,-0.0012173056602478027
-0.004094237461686134,-0.0031430241651833057,-0.0018581748008728027
-0.0034835822880268097,-0.0029461090452969074,-0.0016598105430603027
-0.00232623890042305,-0.0029414347372949123,-0.0019341111183166504
-0.0022652167826890945,-0.0031854212284088135,-0.001842498779296875
-0.0026306025683879852,-0.0037777042016386986,-0.0010949373245239258
-0.0028658155351877213,-0.0041125440038740635,-0.001811981201171875
-0.0029328204691410065,-0.0040388572961091995,-0.001110076904296875
-0.00351567380130291,-0.0032651065848767757,-0.001522064208984375
-0.0027562249451875687,-0.003021532204002142,-0.0017508864402770996
-0.0031048934906721115,-0.00254336791113019,-0.0016438961029052734
-0.002963019534945488,-0.002341768704354763,-0.0010181665420532227
-0.002814657986164093,-0.003240767866373062,-0.0007126927375793457
-0.0025530029088258743,-0.00306074321269989,-0.0012467503547668457
-0.0019822176545858383,-0.0030136052519083023,-0.0020098090171813965
-0.0028999168425798416,-0.003489656373858452,-0.0014452934265136719
-0.002851119264960289,-0.0039824978448450565,-0.0024372339248657227
-0.0022899992763996124,-0.0028046737425029278,-0.001186370849609375
-0.0033224988728761673,-0.0036997245624661446,-0.0012475252151489258
-0.003023127093911171,-0.00362963043153286,-0.002452850341796875
-0.0031299423426389694,-0.002904198132455349,-0.0021320581436157227
-0.0033427681773900986,-0.0023068771697580814,-0.0010333657264709473
-0.0032600872218608856,-0.003063836134970188,-0.001582801342010498
-0.0034018531441688538,-0.0025848201476037502,-0.002177715301513672
-0.0032530706375837326,-0.0032216585241258144,-0.0010178089141845703
-0.003484617918729782,-0.003079273272305727,-0.002269148826599121
-0.0026226062327623367,-0.0034031574614346027,-0.001765608787536621
-0.0020496584475040436,-0.0032253041863441467,-0.0014605522155761719
-0.0017895512282848358,-0.0030997274443507195,-0.0009568929672241211
-0.002329675480723381,-0.003062902018427849,-0.002803325653076172
-0.0028963349759578705,-0.0035957149229943752,-0.0018572807312011719
-0.0026861894875764847,-0.0033490979112684727,-0.0011402368545532227
-0.0029592234641313553,-0.0030161808244884014,-0.0017505884170532227
-0.0024930909276008606,-0.003605425823479891,-0.0019034147262573242
-0.002926064655184746,-0.003505880478769541,-0.0013999342918395996
-0.0027807652950286865,-0.002737965900450945,-0.0013848543167114258
-0.00322582945227623,-0.003169371746480465,-0.0016598105430603027
-0.002838956192135811,-0.0028277989476919174,-0.002056717872619629
-0.0025483183562755585,-0.003104967065155506,-0.0016145110130310059
-0.0023925453424453735,-0.004288705997169018,-0.0016450881958007812
-0.002325797453522682,-0.00357211846858263,-0.0016144514083862305
-0.0030203964561223984,-0.00315323518589139,-0.0019197463989257812
-0.0037901028990745544,-0.0031849388033151627,-0.001950383186340332
-0.004619129002094269,-0.00280540669336915,-0.0011568069458007812
-0.003718385472893715,-0.0026088343001902103,-0.001950383186340332
-0.002211645245552063,-0.002549228258430958,-0.0008668899536132812
-0.0030220896005630493,-0.003470870666205883,-0.0010960102081298828
-0.0034666024148464203,-0.003112852107733488,-0.0016605257987976074
-0.00276833213865757,-0.0028219418600201607,-0.002865910530090332
-0.003701496869325638,-0.003382834605872631,-0.002225041389465332
-0.0030421242117881775,-0.003178684040904045,-0.0012180805206298828
-0.001967867836356163,-0.0023597697727382183,-0.0008366703987121582
-0.002945655956864357,-0.0032638246193528175,-0.0007147789001464844
-0.003687633201479912,-0.002972118090838194,-0.0016151666641235352
-0.0027951765805482864,-0.003087857738137245,-0.0023477673530578613
-0.0021454207599163055,-0.0027204379439353943,-0.001523733139038086
-0.0026480723172426224,-0.0025096144527196884,-0.0014473795890808105
-0.0023192185908555984,-0.0021665594540536404,-0.0009744167327880859
-0.0021167267113924026,-0.0035233721137046814,-0.0011878609657287598
-0.0019463282078504562,-0.0031685293652117252,-0.0017678141593933105
-0.0022804997861385345,-0.0034686471335589886,-0.002088308334350586
-0.001862991601228714,-0.0031212051399052143,-0.0010508298873901367
-0.0023578237742185593,-0.003084955271333456,-0.0011728405952453613
-0.003364238888025284,-0.003177876118570566,-0.0011881589889526367
-0.002967642620205879,-0.0033920197747647762,-0.0015086531639099121
-0.0024174433201551437,-0.0030375681817531586,-0.0016613006591796875
-0.0032950714230537415,-0.002897245343774557,-0.0013562440872192383
-0.0033913906663656235,-0.0027612359263002872,-0.0005782246589660645
-0.0032435618340969086,-0.002672311384230852,-0.0017991065979003906
-0.0027744099497795105,-0.0034325439482927322,-0.001036226749420166
-0.00236695259809494,-0.0032445862889289856,-0.0010207891464233398
-0.002371767535805702,-0.0037774480879306793,-0.0018447637557983398
-0.0033728517591953278,-0.003750404343008995,-0.00211942195892334
-0.0018240120261907578,-0.004583258647471666,-0.0023638010025024414
-0.00318271666765213,-0.003042211290448904,-0.0016161203384399414
-0.003569880500435829,-0.0032891216687858105,-0.0015398859977722168
-0.00279996357858181,-0.00344184972345829,-0.0020438432693481445
-0.002359403297305107,-0.003087512217462063,-0.00036513805389404297
-0.0028856098651885986,-0.0028037396259605885,-0.0017992258071899414
-0.002361845225095749,-0.003130398690700531,-0.001006007194519043
-0.002232532948255539,-0.0037609050050377846,-0.0013873577117919922
-0.00238732248544693,-0.0027330582961440086,-0.0020281076431274414
-0.00246555358171463,-0.002774627413600683,-0.0020279884338378906
-0.0030523091554641724,-0.003243477549403906,-0.0018298029899597168
-0.0032404009252786636,-0.003576096147298813,-0.0006853342056274414
-0.0027495883405208588,-0.004098428413271904,-0.0009143352508544922
-0.0026216749101877213,-0.002850702963769436,-0.0014635324478149414
-0.0030124224722385406,-0.002837018109858036,-0.0009752511978149414
-0.0028381720185279846,-0.0031195972114801407,-0.0013260841369628906
-0.0029025059193372726,-0.0029703937470912933,-0.0018903017044067383
-0.003611387684941292,-0.0035555814392864704,-0.0008069276809692383
-0.003243088722229004,-0.003233786206692457,-0.001783609390258789
-0.001990674063563347,-0.0036844960413873196,-0.0016157031059265137
-0.0026112981140613556,-0.0036376211792230606,-0.0013562440872192383
-0.003318479284644127,-0.0036724726669490337,-0.001463174819946289
-0.0033954381942749023,-0.003333043772727251,-0.0011274218559265137
-0.002724314108490944,-0.0030368990264832973,-0.002622842788696289
-0.003658626228570938,-0.0029884041287004948,-0.0018293261528015137
-0.003079354763031006,-0.0030743787065148354,-0.002073526382446289
-0.0029066186398267746,-0.0028593214228749275,-0.00228726863861084
-0.00164719857275486,-0.0037330156192183495,-0.0012038350105285645
-0.0019885562360286713,-0.003328372724354267,-0.0016614198684692383
-0.0021956004202365875,-0.003239714540541172,-0.0013564229011535645
-0.0033602677285671234,-0.003930689301341772,-0.0006241798400878906
-0.0026997700333595276,-0.00401570089161396,-0.0007154941558837891
-0.002559265121817589,-0.003341963980346918,-0.00297391414642334
-0.0022217147052288055,-0.003705020993947983,-0.001783609390258789
-0.002566292881965637,-0.0029541035182774067,-0.001524209976196289
-0.0030463356524705887,-0.00332729984074831,-0.0025464892387390137
-0.0030641350895166397,-0.0031524193473160267,-0.0018903613090515137
-0.002831263467669487,-0.002913209144026041,-0.0006544589996337891
-0.001960514113306999,-0.0037492909468710423,-0.0019667744636535645
-0.00244721956551075,-0.003746884409338236,-0.0013868212699890137
-0.003485778346657753,-0.0025788266211748123,-0.0015243291854858398
-0.003529749810695648,-0.002509133890271187,-0.0007308721542358398
-0.002693668007850647,-0.003550251480191946,-0.001951456069946289
-0.0024704821407794952,-0.003407068084925413,-0.0030041933059692383
-0.0028534550219774246,-0.0028061242774128914,-0.0008679628372192383
-0.0028495490550994873,-0.002688777167350054,-0.002165079116821289
-0.0021634716540575027,-0.0029938681982457638,-0.0022568106651306152
-0.003521820530295372,-0.002807733602821827,-0.00227200984954834
-0.0019905660301446915,-0.002898740116506815,-0.001188516616821289
-0.0023687444627285004,-0.0030337325297296047,-0.0014022588729858398
-0.0018047764897346497,-0.002969208639115095,-0.0012955665588378906
-0.00225980207324028,-0.00367504870519042,-0.0015091896057128906
-0.0022156164050102234,-0.0030399318784475327,-0.0008072853088378906
-0.002534637227654457,-0.0032189786434173584,-0.0007004737854003906
-0.0033840499818325043,-0.0030446513555943966,-0.0006700754165649414
-0.0023624785244464874,-0.002945962827652693,-0.0008074641227722168
-0.0025193113833665848,-0.0029408265836536884,-0.003020048141479492
-0.002142617478966713,-0.002846142277121544,-0.0016769766807556152
-0.0024046562612056732,-0.00257984921336174,-0.0012039542198181152
-0.0031200721859931946,-0.003105644602328539,-0.002547144889831543
-0.0029414091259241104,-0.0031385254114866257,-0.0020591020584106445
-0.0025646518915891647,-0.00323538389056921,-0.0010368824005126953
-0.0028564315289258957,-0.0028944159857928753,-0.0014183521270751953
-0.0026105232536792755,-0.0027699368074536324,-0.0013570189476013184
-0.0029736999422311783,-0.0030850842595100403,-0.001997709274291992
-0.0025365613400936127,-0.002243340015411377,-0.0005022883415222168
-0.002177732065320015,-0.0032229777425527573,-0.0014943480491638184
-0.0028240159153938293,-0.004111488349735737,-0.0013418197631835938
-0.0034253448247909546,-0.0031953081488609314,-0.0014181137084960938
-0.00311993807554245,-0.004023930057883263,-0.0032338500022888184
-0.0019600726664066315,-0.003123153932392597,-0.0025929808616638184
-0.0019568167626857758,-0.002553188242018223,-0.0016775131225585938
-0.0016425345093011856,-0.003001699224114418,-0.0010213851928710938
-0.003587057814002037,-0.003936424385756254,-0.0015096664428710938
-0.002781582996249199,-0.002828368451446295,-0.0010671615600585938
-0.002501886337995529,-0.0029076887294650078,-0.0019519925117492676
-0.003816496580839157,-0.004014057107269764,-0.0011127591133117676
-0.003990396857261658,-0.004704051185399294,-0.0012959837913513184
-0.003671294078230858,-0.0020038243383169174,-0.001799464225769043
-0.003261024132370949,-0.0018680170178413391,-0.001723170280456543
-0.0027482304722070694,-0.0020242035388946533,-0.0012500286102294922
-0.001263301819562912,-0.004428585525602102,-0.0015554428100585938
-0.0017327293753623962,-0.003843606449663639,-0.0011435151100158691
-0.001869700849056244,-0.0028458647429943085,-0.0022727251052856445
-0.0020764563232660294,-0.002491218037903309,-0.0027153491973876953
-0.002308262512087822,-0.0014563859440386295,-0.0015556812286376953
-0.003215758129954338,-0.0029537780210375786,-0.0016623139381408691
-0.0026129186153411865,-0.0028470479883253574,-0.0012810230255126953
-0.0020578578114509583,-0.0017323167994618416,-0.0016623735427856445
-0.0018543004989624023,-0.0026764380745589733,-0.0017844438552856445
-0.0025959666818380356,-0.0028916029259562492,-0.0006554126739501953
-0.0027889851480722427,-0.0030229520052671432,-0.002273082733154297
-0.002609511837363243,-0.002817044034600258,-0.0011745691299438477
-0.0026686564087867737,-0.0025958362966775894,-0.0011287927627563477
-0.0014265235513448715,-0.003321961034089327,-0.0007470846176147461
-0.002368571236729622,-0.003982555586844683,-0.0014488697052001953
-0.002635819837450981,-0.003496838267892599,-0.0018608570098876953
-0.0035385973751544952,-0.0034990240819752216,-0.0028221607208251953
-0.0042423065751791,-0.0027833739295601845,-0.0019675493240356445
-0.003514368087053299,-0.0024261465296149254,-0.00044167041778564453
-0.003962097689509392,-0.00270049087703228,-0.0004570484161376953
-0.00260186567902565,-0.0027921623550355434,-0.002425551414489746
-0.002176756039261818,-0.003756552003324032,-0.001754164695739746
-0.0023679714649915695,-0.00435335747897625,-0.0011744499206542969
-0.0021437201648950577,-0.003529263660311699,-0.002059638500213623
-0.002838592976331711,-0.0038753398694097996,-0.0016173124313354492
-0.0033144522458314896,-0.0022677695378661156,-0.0007170438766479492
-0.0027690138667821884,-0.0018658204935491085,-0.0015562176704406738
-0.0033683162182569504,-0.0025232434272766113,-0.0020293593406677246
-0.0031507648527622223,-0.0030467906035482883,-0.0012665987014770508
-0.0035277027636766434,-0.002883498091250658,-0.0009306669235229492
-0.002167224884033203,-0.003640127368271351,-0.0017849206924438477
-0.0018932577222585678,-0.002475098706781864,-0.002227306365966797
-0.0025765784084796906,-0.003149759955704212,-0.0021511316299438477
-0.0016314014792442322,-0.002614999655634165,-0.0003352165222167969
-0.0018871799111366272,-0.0032376209273934364,-0.0019680261611938477
-0.0017571020871400833,-0.0036466815508902073,-0.0009458065032958984
-0.0024979207664728165,-0.0036279233172535896,-0.0019531846046447754
-0.0029257480055093765,-0.003254746552556753,-0.0018006563186645508
-0.0032069049775600433,-0.002912373747676611,-0.0019534826278686523
-0.004553437232971191,-0.0022029592655599117,-0.0026096105575561523
-0.0028137341141700745,-0.0021948758512735367,-0.0028232932090759277
-0.0030596405267715454,-0.003173364792019129,-0.0019990205764770508
-0.002252195030450821,-0.0034496765583753586,-0.0015259981155395508
-0.0020564068108797073,-0.003844666760414839,-0.0021820664405822754
-0.0022596195340156555,-0.0038236724212765694,-0.0024112462997436523
-0.002642882987856865,-0.002421311102807522,-0.0014650821685791016
-0.0024855993688106537,-0.002288216259330511,-0.0012821555137634277
-0.0023189522325992584,-0.0026545864529907703,-0.0020905733108520508
-0.0031460411846637726,-0.0029724682681262493,-0.00225830078125
-0.0028358381241559982,-0.0028715571388602257,-0.0016480088233947754
-0.0038575641810894012,-0.0024402085691690445,-0.0017699003219604492
-0.003430332988500595,-0.002870728727430105,-0.0011900067329406738
-0.003795493394136429,-0.0025872504338622093,-0.0014646649360656738
-0.0018972475081682205,-0.003215052653104067,-0.0009917020797729492
-0.0019682981073856354,-0.0034921537153422832,-0.001708984375
-0.0019777119159698486,-0.0038537709042429924,-0.0021056532859802246
-0.00231238454580307,-0.0034678922966122627,-0.002288818359375
-0.0017860345542430878,-0.0035059978254139423,-0.0024720430374145508
-0.0027092956006526947,-0.0027875448577106,-0.0023192167282104492
-0.0025443006306886673,-0.002371641341596842,-0.000640571117401123
-0.0030327048152685165,-0.0021170214749872684,-0.0005035996437072754
-0.002620711922645569,-0.002723424229770899,-0.0011295080184936523
-0.003247760236263275,-0.0036681550554931164,-0.0012668371200561523
-0.0027019698172807693,-0.004282547160983086,-0.0016636848449707031
-0.0023566223680973053,-0.0038983505219221115,-0.0016788840293884277
-0.0019972994923591614,-0.002597413957118988,-0.0015413165092468262
-0.0020324867218732834,-0.0025182622484862804,-0.0016330480575561523
-0.0017020665109157562,-0.0037696193903684616,-0.002258896827697754
-0.0026328228414058685,-0.004213320091366768,-0.0006414651870727539
-0.002473011612892151,-0.002965262159705162,-0.002640366554260254
-0.0024399440735578537,-0.0029128743335604668,-0.001618027687072754
-0.002842843532562256,-0.00260746106505394,-0.0009314417839050293
-0.0029325634241104126,-0.0034717353992164135,-0.0012519359588623047
-0.002543959766626358,-0.003125722985714674,-0.002564072608947754
-0.002681408077478409,-0.003066218923777342,-0.0013281702995300293
-0.0019206125289201736,-0.003373210784047842,-0.0016336441040039062
-0.0015642307698726654,-0.002647171728312969,-0.0016640424728393555
-0.0027270037680864334,-0.00227664178237319,-0.0022438764572143555
-0.0029259975999593735,-0.0024664229713380337,-0.0015721917152404785
-0.002560492604970932,-0.003075113520026207,-0.0011602044105529785
-0.003403395414352417,-0.0028955526649951935,-0.0012825727462768555
-0.0026912298053503036,-0.003056120593100786,-0.002183079719543457
-0.0017104968428611755,-0.003179954830557108,-0.002244114875793457
-0.0024625230580568314,-0.0028868368826806545,-0.0012066364288330078
-0.002286534756422043,-0.0029410715214908123,-0.0013742446899414062
-0.0022270027548074722,-0.003015182912349701,-0.0005043745040893555
-0.002506265416741371,-0.0038948049768805504,-0.001465916633605957
-0.0023847240954637527,-0.0032996325753629208,-0.001526951789855957
-0.002005023881793022,-0.0030074603855609894,-0.001374363899230957
-0.002581881359219551,-0.0025179963558912277,-0.0016034841537475586
-0.0034139808267354965,-0.0034376652911305428,-0.0014815330505371094
-0.0032022539526224136,-0.0031943568028509617,-0.001008450984954834
-0.0022734664380550385,-0.0027287486009299755,-0.0015274286270141602
-0.0029353536665439606,-0.003070269711315632,-0.0023512840270996094
-0.0026966575533151627,-0.003643948584794998,-0.0019240379333496094
-0.0037133432924747467,-0.0032811970449984074,-0.0013900995254516602
-0.003035193309187889,-0.002997604664415121,-0.0017107129096984863
-0.0020778756588697433,-0.0031468835659325123,-0.0014361143112182617
-0.002640439197421074,-0.0023483652621507645,-0.0020162463188171387
-0.0032302141189575195,-0.002991180866956711,-0.0018485188484191895
-0.002480028197169304,-0.002610627096146345,-0.0018638372421264648
-0.003478720784187317,-0.0019534635357558727,-0.001405954360961914
-0.0029041506350040436,-0.0023264246992766857,-0.001680612564086914
-0.0018002744764089584,-0.0034347940236330032,-0.002504587173461914
-0.003201449289917946,-0.0037510287947952747,-0.0017722249031066895
-0.00282268226146698,-0.0026784189976751804,-0.0008263587951660156
-0.0020241010934114456,-0.0024559241719543934,-0.001757204532623291
-0.002190040424466133,-0.0026268772780895233,-0.0021387338638305664
-0.001978272572159767,-0.002865830436348915,-0.0011620521545410156
-0.001532629132270813,-0.003961975686252117,-0.0023676156997680664
-0.002974746748805046,-0.004275152459740639,-0.0003839731216430664
-0.002551106736063957,-0.00322624109685421,-0.0016198158264160156
-0.003214377909898758,-0.002886007074266672,-0.0015436410903930664
-0.002863248810172081,-0.003181091044098139,-0.0017879009246826172
-0.002247050404548645,-0.001776368822902441,-0.002245783805847168
-0.003098510205745697,-0.002946739085018635,-0.001513361930847168
-0.002654505893588066,-0.0035945959389209747,-0.0005216002464294434
-0.0019486118108034134,-0.004261752124875784,-0.0018796920776367188
-0.0031401347368955612,-0.003498062491416931,-0.0019559860229492188
-0.002635462209582329,-0.003219593781977892,-0.0013304352760314941
-0.002900470048189163,-0.0027867467142641544,-0.002337336540222168
-0.0023798979818820953,-0.0027062888257205486,-0.0017118453979492188
-0.0017448868602514267,-0.0023485845886170864,-0.0018491744995117188
-0.0019396990537643433,-0.002512209117412567,-0.0022612810134887695
-0.0024398155510425568,-0.0023047858849167824,-0.0012542009353637695
-0.002280617132782936,-0.003183547407388687,-0.001864612102508545
-0.00231194868683815,-0.0032075238414108753,-0.003024160861968994
-0.002221886068582535,-0.0022357022389769554,-0.0023069381713867188
-0.0028076693415641785,-0.003470881376415491,-0.0012387633323669434
-0.0017923973500728607,-0.003185427747666836,-0.0010402202606201172
-0.0019925404340028763,-0.0031181564554572105,-0.002260744571685791
-0.0025206096470355988,-0.003477010875940323,-0.001375734806060791
-0.003401549533009529,-0.0028281817212700844,-0.0011315345764160156
-0.002779921516776085,-0.003327971789985895,-0.0025963187217712402
-0.0021950602531433105,-0.003081721253693104,-0.0023674964904785156
-0.002500811591744423,-0.002294323407113552,-0.0016046762466430664
-0.002521522343158722,-0.003437870182096958,-0.0014977455139160156
-0.003189956769347191,-0.0033602085895836353,-0.0011010169982910156
-0.0027323998510837555,-0.0031522042118012905,-0.0013911724090576172
-0.0018440354615449905,-0.00273628206923604,-0.001421809196472168
-0.0017248410731554031,-0.0024547111243009567,-0.0018492937088012695
-0.0021684709936380386,-0.0026601655408740044,-0.001941084861755371
-0.0025496669113636017,-0.002967740409076214,-0.0009188652038574219
-0.0028903167694807053,-0.003036750480532646,-0.0018041133880615234
-0.0030024610459804535,-0.002345950808376074,-0.0019568204879760742
-0.0029281191527843475,-0.00375182181596756,-0.0016819238662719727
-0.0027317460626363754,-0.0029471958987414837,-0.001956462860107422
-0.0026831459254026413,-0.002511735074222088,-0.0013617277145385742
-0.001911155879497528,-0.002500587608665228,-0.0024451017379760742
-0.002622585743665695,-0.0030784192495048046,-0.0011328458786010742
-0.0021021105349063873,-0.0034836241975426674,-0.0007972121238708496
-0.0020394325256347656,-0.0033539687283337116,-0.0022774338722229004
-0.0024320967495441437,-0.002729619387537241,-0.0019723176956176758
-0.0033352933824062347,-0.0018673138692975044,-0.001697540283203125
-0.0027766153216362,-0.002800063695758581,-0.0012549161911010742
-0.002915654331445694,-0.003237573429942131,-0.0018041133880615234
-0.002396749332547188,-0.003970599267631769,-0.0016362667083740234
-0.002483174204826355,-0.0036852434277534485,-0.0021247267723083496
-0.0025855954736471176,-0.00295230932533741,-0.002368927001953125
-0.002802647650241852,-0.0028140866197645664,-0.0016821622848510742
-0.0024101324379444122,-0.0022294814698398113,-0.0014532804489135742
-0.0027311034500598907,-0.0030692736618220806,-0.0011636614799499512
-0.002550823614001274,-0.0032965512946248055,-0.0012705326080322266
-0.0026120711117982864,-0.0030551552772521973,-0.002582550048828125
-0.002857876941561699,-0.0032268096692860126,-0.0022925734519958496
-0.0032234415411949158,-0.002128009218722582,-0.0002936720848083496
-0.0036723706871271133,-0.0031564245000481606,-0.0006903409957885742
-0.0029019489884376526,-0.0028775399550795555,-0.0014230012893676758
-0.0027162767946720123,-0.0036248243413865566,-0.001117706298828125
-0.0021856334060430527,-0.0033591846004128456,-0.0018347501754760742
-0.0015423744916915894,-0.0033405516296625137,-0.00041604042053222656
-0.002131933346390724,-0.002892781049013138,-0.0021402835845947266
-0.0018222816288471222,-0.0032453318126499653,-0.0015299320220947266
-0.00275389663875103,-0.002808438614010811,-0.001682877540588379
-0.0020925533026456833,-0.002880470361560583,-0.002903580665588379
-0.0022459737956523895,-0.002451166044920683,-0.0018659234046936035
-0.002426905557513237,-0.003168810624629259,-0.0018813610076904297
-0.0024691475555300713,-0.0031509408727288246,-0.0004928708076477051
-0.0019383076578378677,-0.0031761061400175095,-0.0016222000122070312
-0.0024519851431250572,-0.0021489569917321205,-0.002263188362121582
-0.0029405755922198296,-0.003125238697975874,-0.002217411994934082
-0.003416488878428936,-0.003457082435488701,-0.0014547109603881836
-0.0026828618720173836,-0.0039938283152878284,-0.0012718439102172852
-0.0028393929824233055,-0.0032118437811732292,-0.003087639808654785
-0.0021282127127051353,-0.0027562370523810387,-0.002584099769592285
-0.0019130175933241844,-0.0027288487181067467,-0.001973867416381836
-0.001994997262954712,-0.003462062682956457,-0.0016075372695922852
-0.002271203324198723,-0.002818446606397629,-0.0008902549743652344
-0.003121430054306984,-0.0031882142648100853,-0.002156853675842285
-0.0030866507440805435,-0.003421677276492119,-0.002919793128967285
-0.002418011426925659,-0.003763397689908743,-0.0013633966445922852
-0.0025366367772221565,-0.0034139296039938927,-0.002050042152404785
-0.001254732720553875,-0.0033623212948441505,-0.002126336097717285
-0.001315324567258358,-0.0031008548103272915,-0.0004630088806152344
-0.0019246935844421387,-0.0028403447940945625,-0.0013021230697631836
-0.0030784187838435173,-0.003220699727535248,-0.0018973350524902344
-0.0023204470053315163,-0.003857746720314026,-0.0010277032852172852
-0.002630791626870632,-0.003191662020981312,-0.001195669174194336
-0.0018675634637475014,-0.0025404379703104496,-0.0007074475288391113
-0.0007637329399585724,-0.002672680653631687,-0.002218186855316162
-0.0007979376241564751,-0.0026956629008054733,-0.0009667277336120605
-0.0015088804066181183,-0.0030734147876501083,-0.0006311535835266113
-0.0028097471222281456,-0.002956740092486143,-0.0011956095695495605
-0.0039510903880000114,-0.0031628734432160854,-0.0022179484367370605
-0.005181296728551388,-0.00337105430662632,-0.0022635459899902344
-0.0044859629124403,-0.0026978296227753162,-0.0017904043197631836
-0.002897959202528,-0.0025050081312656403,-0.0014852285385131836
-0.0013662679120898247,-0.0033954656682908535,-0.002019166946411133
-0.000994812697172165,-0.0027447398751974106,-0.001439213752746582
-0.0011248048394918442,-0.00319202383980155,-0.001698613166809082
-0.0008063334971666336,-0.0038052666932344437,-0.000783085823059082
-0.00229047704488039,-0.004172049462795258,-0.0014240741729736328
-0.0032716020941734314,-0.004078064113855362,-0.00018829107284545898
-0.0030018873512744904,-0.0036510764621198177,-0.0003561973571777344
-0.003184322267770767,-0.0029221936129033566,-0.002416253089904785
-0.0037427162751555443,-0.0026288488879799843,-0.0026450157165527344
-0.002812442369759083,-0.0029078535735607147,-0.0015159249305725098
-0.002042633481323719,-0.0024305912666022778,-0.0016988515853881836
-0.00261065736413002,-0.0034533394500613213,-0.0018055438995361328
-0.0023860661312937737,-0.0028171115554869175,-0.0012562274932861328
-0.002256345935165882,-0.0038422527723014355,-0.0026597976684570312
-0.001691698096692562,-0.0031648902222514153,-0.002141118049621582
-0.001981675624847412,-0.00271224370226264,-0.0015920400619506836
-0.0020584305748343468,-0.0028487746603786945,-0.002645254135131836
-0.002158774994313717,-0.00199750903993845,-0.0010889768600463867
-0.0029125697910785675,-0.002490376587957144,-0.0013789534568786621
-0.0038942545652389526,-0.0036656148731708527,-0.0019892454147338867
-0.006928625516593456,-0.007429937366396189,-0.0017146468162536621
-0.0005864845588803291,0.0030597285367548466,-0.002050161361694336
-0.0027800993993878365,-0.004199068062007427,-0.003148794174194336
-0.0015688668936491013,-0.0013479678891599178,0.00013196468353271484
-3.2733194530010223e-05,-0.0037798797711730003,-0.0025229454040527344
-0.0020121699199080467,-0.005320882424712181,-0.002278745174407959
-0.0006941566243767738,-0.003112001344561577,-0.0006000995635986328
-0.004205246455967426,-0.0019305916503071785,-0.003911256790161133
-0.0035269390791654587,-0.0035060467198491096,-0.000691831111907959
-0.0036637336015701294,-0.0026445602998137474,-0.003484487533569336
-0.004583581350743771,-0.0014996905811131,-0.0016690492630004883
-0.0019512772560119629,-0.00211769575253129,0.0009708404541015625
-0.0016691265627741814,-0.003912557847797871,-0.0056975483894348145
-0.0016998127102851868,-0.003990168683230877,-0.001592874526977539
-0.0022151218727231026,-0.003595080692321062,0.0011538863182067871
-0.0014617443084716797,-0.0025961389765143394,-0.0041255950927734375
-0.0034139007329940796,-0.0014858427457511425,-8.20159912109375e-05
-0.0017512030899524689,-0.0031637530773878098,-0.0010128617286682129
-0.0015787398442626,-0.0035750120878219604,-0.0031339526176452637
-0.0018428005278110504,-0.004797643516212702,-0.00037223100662231445
-0.0027442118152976036,-0.0034998334012925625,-0.00047892332077026367
-0.0038926443085074425,-0.0019653593190014362,-0.002691328525543213
-0.0030457573011517525,-0.002836102619767189,-2.1219253540039062e-05
-0.002739916555583477,-0.0024091266095638275,-0.001425027847290039
-0.002085183747112751,-0.003738595638424158,-0.003652632236480713
-0.002415752038359642,-0.004495041444897652,-0.0009211301803588867
-0.0010603191331028938,-0.003976317588239908,-0.0007989406585693359
-0.0004975795745849609,-0.0023044380359351635,-0.0024012327194213867
-0.0011102315038442612,-0.0024125920608639717,-0.0014858245849609375
-0.0010673413053154945,-0.00298025319352746,-0.002325117588043213
-0.0022902749478816986,-0.0024887430481612682,-0.002340376377105713
-0.0028601307421922684,-0.003710235469043255,-0.0014246702194213867
-0.0026020891964435577,-0.004117099568247795,-0.0010274648666381836
-0.002959335222840309,-0.0021512391977012157,-0.0016226768493652344
-0.0030168090015649796,-0.0028739040717482567,-0.0016533136367797852
-0.002050461247563362,-0.00284913694486022,-0.0012720227241516113
-0.0021302904933691025,-0.00241689570248127,-0.0017757415771484375
-0.002445637248456478,-0.003052871208637953,-0.0017910003662109375
-0.0024550212547183037,-0.0036496995016932487,-0.0024622678756713867
-0.0024126507341861725,-0.003032996319234371,-0.0016078352928161621
-0.003739630803465843,-0.0037852181121706963,-0.0017298460006713867
-0.004210630431771278,-0.0037167835980653763,-0.0014399290084838867
-0.005426186136901379,-0.003045290242880583,-0.0015621185302734375
-0.003918115049600601,-0.0032141301780939102,-0.0017147064208984375
-0.0032381778582930565,-0.0021850797347724438,-0.001959085464477539
-7.632840424776077e-05,-0.0018976833671331406,-0.0024933815002441406
0.0005327127873897552,-0.0027298196218907833,-0.0013184547424316406
0.0007119020447134972,-0.00355320330709219,-0.0011353492736816406
-0.0010200822725892067,-0.003850223496556282,-0.00200498104095459
-0.0016762679442763329,-0.00355494674295187,-0.001867532730102539
-0.0029509346932172775,-0.0030262302607297897,-0.0032561421394348145
-0.0035238200798630714,-0.001850181259214878,-0.0021271109580993652
-0.0029159365221858025,-0.0025082817301154137,-0.00046384334564208984
-0.003075054846704006,-0.003163483925163746,-0.00214231014251709
-0.0037212297320365906,-0.0021601789630949497,-0.0012267827987670898
-0.002592017874121666,-0.002833965700119734,-0.0013184547424316406
-0.002114100381731987,-0.0033895662054419518,-0.0022800564765930176
-0.0016207797452807426,-0.003054619301110506,-2.181529998779297e-05
-0.0015106499195098877,-0.003252741415053606,-0.000769495964050293
-0.0009156195446848869,-0.0043525719083845615,-0.002982020378112793
-0.0008805692195892334,-0.0033642365597188473,-0.0007390975952148438
-0.002533438615500927,-0.003813417162746191,-2.181529998779297e-05
-0.0037184525281190872,-0.003091840073466301,-0.002386927604675293
-0.003615817055106163,-0.0020029041916131973,-0.0011205673217773438
-0.004436812363564968,-0.001462280284613371,-0.0017615556716918945
-0.0034931711852550507,-0.0026235058903694153,-0.0027228593826293945
-0.003192037343978882,-0.003984929993748665,-0.0018072128295898438
-0.0014025894924998283,-0.004385473672300577,-0.00250929594039917
-0.001483251340687275,-0.0032141287811100483,-0.001929640769958496
-0.00019190646708011627,-0.003497546538710594,-0.00220412015914917
-0.0007624709978699684,-0.0027302568778395653,-0.0009833574295043945
-0.0023414883762598038,-0.0034600310027599335,-0.0014717578887939453
-0.0029503172263503075,-0.0028639575466513634,-0.0017464756965637207
-0.0031382152810692787,-0.0030900007113814354,-0.0015940666198730469
-0.0036614472046494484,-0.002995492424815893,-0.001044929027557373
-0.0038456888869404793,-0.0032892636954784393,-0.0020977258682250977
-0.0031620878726243973,-0.0035657640546560287,-0.0017161965370178223
-0.0011551864445209503,-0.0034012827090919018,-0.0015788674354553223
-0.0014020195230841637,-0.00334344245493412,-0.0007700920104980469
-7.336307317018509e-05,-0.004367925692349672,-0.001166701316833496
-0.0005480395630002022,-0.005243477877229452,-0.001578688621520996
-0.0015292922034859657,-0.0034858742728829384,-0.0027077198028564453
-0.002651963382959366,-0.0025824150070548058,-0.0016243457794189453
-0.004178658127784729,-0.0019381153397262096,-0.002418041229248047
-0.005442619323730469,-0.002040059771388769,-0.0008159875869750977
-0.0044108061119914055,-0.0029137679375708103,-0.0012890100479125977
-0.00423913449048996,-0.0032867249101400375,-0.001884162425994873
-0.0025758007541298866,-0.0031900983303785324,-0.0014417171478271484
-0.0019415263086557388,-0.0031108357943594456,-0.001609504222869873
-0.0013110572472214699,-0.003218045923858881,-0.002631664276123047
-0.0004949681460857391,-0.0033001494593918324,-0.002448439598083496
-0.0009690383449196815,-0.0038787932135164738,-0.001334547996520996
-0.0019210511818528175,-0.0035299179144203663,-0.0017465949058532715
-0.0022921673953533173,-0.004189209546893835,-0.000998854637145996
-0.0022861789911985397,-0.0025684256106615067,-0.0005411505699157715
-0.002883799374103546,-0.0017771129496395588,-0.001670241355895996
-0.0017861323431134224,-0.0017830943688750267,-0.0024638772010803223
-0.0017604231834411621,-0.0029700985178351402,-0.0016095638275146484
-0.0017138505354523659,-0.0029582856222987175,-0.00096893310546875
-0.0019860398024320602,-0.0032049394212663174,-0.00225067138671875
-0.0012414054945111275,-0.004277301020920277,-0.00124359130859375
-0.0017691031098365784,-0.004105433821678162,-0.0026167631149291992
-0.002149856649339199,-0.003489881753921509,-0.0019301176071166992
-0.0021181562915444374,-0.0022405991330742836,-0.0019301176071166992
-0.002195514738559723,-0.002586780581623316,-0.0010603666305541992
-0.002688951790332794,-0.0038283243775367737,-0.0018079280853271484
-0.00235883891582489,-0.003149531316012144,-0.0018993616104125977
-0.000593169592320919,-0.0020365468226373196,-0.0018076896667480469
-0.00046144332736730576,-0.0016994867473840714,-0.001197218894958496
0.0006708577275276184,-0.001610042992979288,-0.002417922019958496
-0.0001321667805314064,-0.004147892352193594,-0.00212782621383667
-0.0017222343012690544,-0.005073363892734051,-0.0020821094512939453
-0.0033647483214735985,-0.0041085802949965,-0.0018227100372314453
-0.005400033667683601,-0.003969115205109119,-0.0009986162185668945
-0.0071339718997478485,-0.0020860666409134865,-0.0016851425170898438
-0.006246148608624935,-0.002147560939192772,-0.001303553581237793
-0.0029604472219944,-0.0005941153503954411,-0.001791834831237793
8.369050920009613e-05,-0.0021222070790827274,-0.002265036106109619
-0.0017231199890375137,-0.0045153056271374226,-0.0015633106231689453
-0.0017680302262306213,-0.005795241333544254,-0.001105666160583496
-0.0022653210908174515,-0.005482630804181099,-0.0018687248229980469
-0.0002826964482665062,-0.004255393985658884,-0.0015177726745605469
-0.0006222184747457504,-0.002653844188898802,-0.001487135887145996
-0.0004489729180932045,-0.0012081651948392391,-0.0021587014198303223
-0.0011445777490735054,-0.001442998182028532,-0.0016551017761230469
-0.0018817447125911713,-0.0023092529736459255,-0.001975536346435547
-0.0031558210030198097,-0.0035385428927838802,-0.0005871057510375977
-0.00512813962996006,-0.003544977866113186,-0.0015027523040771484
-0.0033890334889292717,-0.003312573302537203,-0.0013806819915771484
-0.0012443196028470993,-0.0011843838728964329,-0.00144195556640625
0.0010540569201111794,-0.0015521678142249584,3.814697265625e-05
0.002561524510383606,-0.0012389272451400757,-0.0022203922271728516
0.002710863947868347,-0.003259714227169752,-0.0012439489364624023
-0.0006223814561963081,-0.004763267934322357,-0.0011217594146728516
-0.0035496260970830917,-0.0038984855636954308,-0.0011675357818603516
-0.005307620391249657,-0.002835167571902275,-0.0022051334381103516
-0.00532156229019165,-0.0013221600092947483,-0.002052605152130127
-0.004183482378721237,-0.0011389614082872868,-0.0015034079551696777
-0.003915277309715748,-0.0027333255857229233,-0.0010303258895874023
-0.002656087279319763,-0.003712482750415802,-0.0019457340240478516
-0.0020961668342351913,-0.005165420938283205,-0.0008009672164916992
-0.0017429208382964134,-0.004975362680852413,-0.0018537044525146484
-0.0017933780327439308,-0.004110760521143675,-0.0014263391494750977
-0.001608927734196186,-0.0031528761610388756,0.00013005733489990234
-0.002091190777719021,-0.002459287643432617,-0.0013958215713500977
-0.0022177500650286674,-0.002728956751525402,-0.0016398429870605469
-0.0027139876037836075,-0.002172507345676422,-0.001853346824645996
-0.003938878886401653,-0.002609570510685444,-0.00121229887008667
-0.002708389423787594,-0.0033135153353214264,-0.0021582841873168945
-0.0006171585991978645,-0.0022999104112386703,-0.0029975175857543945
-0.00035299360752105713,-0.0016660946421325207,-0.000845789909362793
0.0010465066879987717,-0.0023642810992896557,-0.001639246940612793
0.0007826946675777435,-0.0033038435503840446,-0.001532435417175293
6.174668669700623e-05,-0.004701457917690277,-0.00038802623748779297
-0.0007581459358334541,-0.004553200677037239,-0.0018068552017211914
-0.0029015904292464256,-0.002488332334905863,-0.0018525123596191406
-0.004631875082850456,-0.0016035796143114567,-0.0010135173797607422
-0.004388410598039627,-0.00076673598960042,-0.0016847848892211914
-0.005122830159962177,-0.002598903141915798,-0.0012575387954711914
-0.00428006611764431,-0.003423352725803852,-0.0012423396110534668
-0.001448851078748703,-0.002877185121178627,-0.0022492408752441406
-0.0001764511689543724,-0.00276773190125823,-0.0018981695175170898
0.0008071428164839745,-0.004087574779987335,-0.0009062290191650391
-0.0005504302680492401,-0.0045541198924183846,-0.000982522964477539
-0.003096221946179867,-0.005976242013275623,-0.002004861831665039
-0.005190457217395306,-0.0048384456895291805,-0.002096414566040039
-0.007233137264847755,-0.002797307912260294,-0.00249326229095459
-0.007658936083316803,-0.002693693619221449,-0.00285947322845459
-0.006324246525764465,-0.001919733826071024,-0.001867532730102539
-0.004636559635400772,-0.0015914333052933216,-0.0019894838333129883
-0.0009932341054081917,-0.002046091016381979,-0.0012722611427307129
0.0006279107183218002,-0.0020703026093542576,-0.0020505785942077637
0.0006547942757606506,-0.004380666185170412,-0.00226438045501709
-0.00014069117605686188,-0.004888029303401709,-0.001394510269165039
-0.0011338554322719574,-0.004820571281015873,-0.002172708511352539
-0.0025378623977303505,-0.0031915679574012756,-0.002783060073852539
-0.0030806418508291245,-0.0015956633724272251,-0.0022185444831848145
-0.003339977003633976,-0.0005102623254060745,-0.0009216070175170898
-0.0036502862349152565,-0.001260907854884863,-0.0013488531112670898
-0.003487042151391506,-0.0025528008118271828,-0.002004861831665039
-0.0025429315865039825,-0.0026406445540487766,-0.0022184252738952637
-0.0007297182455658913,-0.0031566135585308075,-0.0014709234237670898
-0.0014248499646782875,-0.003293655812740326,-0.0013642311096191406
-0.0009897099807858467,-0.004041481297463179,-0.0014251470565795898
-0.00129679124802351,-0.004521976690739393,-0.0013487935066223145
-0.0010316157713532448,-0.0038753170520067215,-0.001913309097290039
-0.0013203462585806847,-0.0026374412700533867,-0.001928567886352539
-0.003523317165672779,-0.0016249273903667927,-0.0015625357627868652
-0.005353134125471115,-0.002846401184797287,-0.00220334529876709
-0.005740206688642502,-0.0031240484677255154,-0.0017303824424743652
-0.00723616685718298,-0.002635922282934189,-0.0009982585906982422
-0.004453687928617001,-0.0035896459594368935,-0.0012268424034118652
-0.0013605765998363495,-0.003951360005885363,3.9696693420410156e-05
0.0009721154347062111,-0.003193612676113844,-0.0010131597518920898
0.0030116774141788483,-0.004148545209318399,-0.001592874526977539
0.0024298913776874542,-0.004377421922981739,-0.0011349916458129883
-9.695999324321747e-06,-0.0036201346665620804,-0.0009670257568359375
-0.002519119530916214,-0.002609571907669306,-0.00299680233001709
-0.005614990368485451,-0.00286740530282259,-0.002051115036010742
-0.007927905768156052,-0.001946927048265934,-0.001440882682800293
-0.0063339052721858025,-0.0020995247177779675,-0.0015020370483398438
-0.003622414544224739,-0.0025108191184699535,-0.0014409422874450684
-0.0012730788439512253,-0.0019215368665754795,-0.000876307487487793
0.00032586976885795593,-0.002883746288716793,-0.0017308592796325684
0.0005241669714450836,-0.004713454283773899,-0.00173109769821167
0.0005661183968186378,-0.003798279445618391,-0.0009073019027709961
-0.001010635867714882,-0.003919822629541159,-0.0005717873573303223
-0.002964453771710396,-0.0026806690730154514,-0.0012736916542053223
-0.003225342370569706,-0.0024808249436318874,-0.0018687844276428223
-0.003241804428398609,-0.0023018461652100086,-0.0014414787292480469
-0.003922433592379093,-0.0018613380379974842,-0.0021281838417053223
-0.00412555318325758,-0.0025520934723317623,-0.0015789270401000977
-0.0027901409193873405,-0.0027186693623661995,-0.0012586116790771484
-0.0016675600782036781,-0.0024796477518975735,-0.0006936788558959961
-0.0010824203491210938,-0.004214707762002945,-0.0017005205154418945
-0.0006163585931062698,-0.004070808179676533,-0.0023872852325439453
-1.2550503015518188e-05,-0.0032066982239484787,-0.0013499259948730469
-0.0004946049302816391,-0.0034005604684352875,-0.0017769336700439453
-0.0017445450648665428,-0.0028965258970856667,-0.0018379688262939453
-0.0025615589693188667,-0.0022597061470150948,-0.002204418182373047
-0.0034904927015304565,-0.002327924594283104,-0.0020671486854553223
-0.005455547943711281,-0.002642921172082424,-0.0017924904823303223
-0.004658184014260769,-0.0030425535514950752,-0.0024791359901428223
-0.0032676002010703087,-0.0023430041037499905,-0.0019605159759521484
-0.0021667340770363808,-0.0029498040676116943,-0.00246429443359375
0.00011786352843046188,-0.003733656834810972,-0.0023878812789916992
0.00036165304481983185,-0.0032048248685896397,-0.00186920166015625
0.0005706390365958214,-0.0036834320053458214,-0.00133514404296875
-0.0007768869400024414,-0.003967666067183018,-0.002464473247528076
-0.0024584252387285233,-0.002410191111266613,-0.0011064410209655762
-0.0040834397077560425,-0.0019194516353309155,-0.000709831714630127
-0.003793921321630478,-0.0029010786674916744,-0.0012439489364624023
-0.004146912135183811,-0.0028715538792312145,-0.0018085241317749023
-0.004561041481792927,-0.002672635018825531,-0.001259148120880127
-0.003041391260921955,-0.0020587611943483353,-0.0013811588287353516
-0.0011129630729556084,-0.0023495685309171677,-0.0017930269241333008
-0.0006082616746425629,-0.0031678443774580956,-0.0005872249603271484
-0.00022854097187519073,-0.003677117172628641,-0.0010143518447875977
-0.0006167665123939514,-0.0034917951561510563,-0.002555370330810547
-0.0014845812693238258,-0.004375730641186237,-0.0020973682403564453
-0.003070235252380371,-0.004347066394984722,-0.0011662840843200684
-0.004247399978339672,-0.0029018837958574295,-0.001547694206237793
-0.0049273110926151276,-0.00264798104763031,-0.0020207762718200684
-0.003956139087677002,-0.0020005167461931705,-0.0015630722045898438
-0.0028044888749718666,-0.0024733603931963444,-0.0023261308670043945
-0.0026105372235178947,-0.003602770157158375,-0.0014260411262512207
-0.0007360698655247688,-0.0035036811605095863,-0.0019753575325012207
-0.0002771792933344841,-0.0032889489084482193,-0.001685500144958496
-0.0006762854754924774,-0.003165552858263254,-0.002646803855895996
-0.0016946503892540932,-0.0038510975427925587,-0.002539992332458496
-0.0018661990761756897,-0.0031091724522411823,-0.0005413293838500977
-0.002500958740711212,-0.0028039454482495785,-0.0013195276260375977
-0.00450474489480257,-0.002608765382319689,-0.0015484094619750977
-0.004716577939689159,-0.0021140435710549355,-0.0018079280853271484
-0.003918040543794632,-0.002526667434722185,-0.0020369291305541992
-0.002835921011865139,-0.002739828545600176,-0.0013960599899291992
-0.0013998402282595634,-0.003361815121024847,-0.0014415979385375977
-0.0006086574867367744,-0.003999635111540556,-0.002143383026123047
-8.671917021274567e-05,-0.0037140515632927418,-0.0007549524307250977
0.0005042385309934616,-0.0038630394265055656,-0.0013347864151000977
-0.0011862833052873611,-0.004011642187833786,-0.0022352933883666992
-0.0029830019921064377,-0.002014223951846361,-0.0019453763961791992
-0.004338933154940605,-0.0025299349799752235,-0.0013655424118041992
-0.004371194168925285,-0.0022911056876182556,-0.0008620023727416992
-0.004266015253961086,-0.0031156945042312145,-0.002357304096221924
-0.003857591189444065,-0.0031808032654225826,-0.0020978450775146484
-0.0022824490442872047,-0.0032346853986382484,-0.0018995404243469238
-0.0011453209444880486,-0.0025166263803839684,-0.0016095638275146484
-0.0006626378744840622,-0.0030239825136959553,-0.0011211633682250977
-0.00017910823225975037,-0.0028188745491206646,-0.0015026330947875977
-0.000890602357685566,-0.003062465228140354,-0.0008465051651000977
-0.0004682885482907295,-0.0038961670361459255,-0.0005717277526855469
-0.0031164120882749557,-0.0030617383308708668,-0.0009378194808959961
-0.0037413304671645164,-0.0026795174926519394,-0.002433180809020996
-0.0038640182465314865,-0.0024325335398316383,-0.001563429832458496
-0.0036930684000253677,-0.0021494273096323013,-0.002006053924560547
-0.002601814456284046,-0.0024989531375467777,-0.002555370330810547
-0.0019776923581957817,-0.0033694934099912643,-0.002021312713623047
-0.001312779262661934,-0.0038537071086466312,-0.0020517706871032715
-0.0007181670516729355,-0.004475344438105822,-0.0018687248229980469
-0.00100781861692667,-0.004183177836239338,-0.0007852315902709961
-0.0016958769410848618,-0.0035782400518655777,-0.0017161369323730469
-0.0027826745063066483,-0.003116111271083355,-0.001700758934020996
-0.003778562881052494,-0.003236356656998396,-0.0011968612670898438
-0.003472459502518177,-0.00324954092502594,-0.0017458200454711914
-0.0041543059051036835,-0.00299222394824028,-0.0009827017784118652
-0.003063378855586052,-0.0028775683604180813,-0.0013948678970336914
-0.0024669812992215157,-0.002730394247919321,-0.0019136667251586914
-0.001604076474905014,-0.003149968571960926,-0.0017306804656982422
-0.0006502103060483932,-0.003124185372143984,-0.0014407634735107422
-0.00039117876440286636,-0.004324511159211397,-0.0019293427467346191
-0.0010950742289423943,-0.0035283230245113373,-0.0030129551887512207
-0.0015101619064807892,-0.003194031771272421,-0.0020973682403564453
-0.0020408742129802704,-0.0032217716798186302,-0.0012124180793762207
-0.0033230287954211235,-0.0025740922428667545,-0.002372145652770996
-0.0032732458785176277,-0.002581905573606491,-0.001716017723083496
-0.0021724384278059006,-0.002589561976492405,-0.0006479620933532715
-0.0026596486568450928,-0.0025815535336732864,-0.0023264288902282715
-0.0025462787598371506,-0.0030996063724160194,-0.00199049711227417
-0.0012809643521904945,-0.003396112471818924,-0.00252455472946167
-0.0014147479087114334,-0.003817410208284855,-0.0023108720779418945
-0.001958085224032402,-0.0037621292285621166,-0.002051234245300293
-0.00158791895955801,-0.0032723331823945045,-0.001806795597076416
-0.0025662165135145187,-0.002949741668999195,-0.001242220401763916
-0.0035611484199762344,-0.00314148748293519,-0.002081751823425293
-0.004266691394150257,-0.0023688217625021935,-0.001868128776550293
-0.003469204530119896,-0.0025540138594806194,-0.0009065866470336914
-0.0032345429062843323,-0.0031719435937702656,-0.0023255348205566406
-0.002832254394888878,-0.0035138954408466816,-0.0016082525253295898
-0.001991548575460911,-0.003388882614672184,-0.001562356948852539
-0.0015149731189012527,-0.0033211340196430683,-0.001760721206665039
-0.001744091510772705,-0.003073903266340494,-0.0023862719535827637
-0.0018267259001731873,-0.0037361616268754005,-0.001516580581665039
-0.0011838702484965324,-0.003146862145513296,-0.002157449722290039
-0.0015497365966439247,-0.0031668166629970074,-0.001318216323852539
-0.0028286781162023544,-0.0028942269273102283,-0.002081155776977539
-0.003066842444241047,-0.0030468059703707695,-0.002065896987915039
-0.0023703482002019882,-0.0032732649706304073,-0.001318216323852539
-0.002724315971136093,-0.002940945792943239,-0.002264261245727539
-0.001987902447581291,-0.003119796048849821,-0.001425027847290039
-0.002080317586660385,-0.0033867908641695976,-0.002493143081665039
-0.0013065412640571594,-0.003974561113864183,-0.001699686050415039
-0.000494849868118763,-0.003482211846858263,-0.0017608404159545898
-0.0009112171828746796,-0.0032707620412111282,-0.002676248550415039
-0.002491169609129429,-0.0032856171019375324,-0.001226663589477539
-0.0030597541481256485,-0.0027893357910215855,-0.0015469789505004883
-0.0038238773122429848,-0.003843028098344803,-0.0027524232864379883
-0.00426617544144392,-0.00413127476349473,-0.0021115541458129883
-0.003455790691077709,-0.0036304458044469357,-0.0015777349472045898
-0.0029780594632029533,-0.0033199009485542774,-0.0020051002502441406
-0.001580268144607544,-0.0036210413090884686,-0.00198972225189209
-0.0007714750245213509,-0.004491179715842009,-0.0010436773300170898
-0.0021981466561555862,-0.004030709154903889,-0.0020966529846191406
-0.001947859302163124,-0.0032176445238292217,-0.002447664737701416
-0.002093294635415077,-0.0033336584456264973,-0.0010440349578857422
-0.0020613204687833786,-0.003187864553183317,-0.0004947185516357422
-0.0025588804855942726,-0.0034554051235318184,-0.0018376708030700684
-0.0021953945979475975,-0.00377088924869895,-0.0013034939765930176
-0.0024996502324938774,-0.0023443102836608887,-0.0017914772033691406
-0.002657945267856121,-0.0025739851407706738,-0.0017608404159545898
-0.0031454553827643394,-0.003576594404876232,-0.00195920467376709
-0.0033172862604260445,-0.0035292240791022778,-0.0018676519393920898
-0.00338091142475605,-0.004426573868840933,-0.0015473365783691406
-0.003360442817211151,-0.004619598388671875,-0.0020357370376586914
-0.0030036186799407005,-0.0036492948420345783,-0.001105189323425293
-0.0016280459240078926,-0.0027077789418399334,-2.187490463256836e-05
-0.0015782741829752922,-0.0031456095166504383,-0.0016699433326721191
-0.0022404929623007774,-0.0026447908021509647,-0.0017004013061523438
-0.0033826706930994987,-0.0042003304697573185,-0.0012274980545043945
-0.00347739364951849,-0.004601978696882725,-0.0014412403106689453
-0.004019416868686676,-0.003446184564381838,-0.002311110496520996
-0.0026872940361499786,-0.0032796673476696014,-0.0017925500869750977
-0.0014966269955039024,-0.0022016288712620735,-0.0010906457901000977
6.276275962591171e-05,-0.002273424994200468,-0.001731574535369873
0.0009885560721158981,-0.0017696083523333073,-0.0018538236618041992
-0.0003316933289170265,-0.0040834760293364525,-0.00142669677734375
-0.0031307321041822433,-0.004494373686611652,-0.0014113783836364746
-0.00276974868029356,-0.003824078943580389,-0.0020523667335510254
-0.003067789599299431,-0.0030323327518999577,-0.002342402935028076
-0.0005323989316821098,-0.0017436947673559189,-0.0011827945709228516
-0.0011042449623346329,-0.0025539728812873363,-0.0019458532333374023
-0.0007268516346812248,-0.003134594764560461,-0.0008016824722290039
-0.0020438479259610176,-0.0038331225514411926,-0.0006947517395019531
-0.004676923155784607,-0.004537321627140045,-0.0013816356658935547
-0.005216953344643116,-0.0035720719024538994,-0.0020530223846435547
-0.006024513393640518,-0.0033572139218449593,-0.0021902918815612793
-0.006752454675734043,-0.0038292892277240753,-0.002327442169189453
-0.005163836292922497,-0.0033954703249037266,-0.0013813972473144531
-0.0036705369129776955,-0.0036738007329404354,-0.0016406774520874023
-0.00205960962921381,-0.003866167739033699,-0.0008015632629394531
0.0019270572811365128,-0.0012231264263391495,-0.0011983513832092285
0.006136682815849781,-0.0017027421854436398,-0.0016562938690185547
0.008958892896771431,-0.001889639999717474,-0.0015952587127685547
0.006902378052473068,-0.003241008147597313,-0.0013206005096435547
0.001705915667116642,-0.004975598771125078,-0.0018854141235351562
-0.004045750945806503,-0.005983248818665743,-0.0021753311157226562
-0.0079848887398839,-0.003741709515452385,-0.002007126808166504
-0.009370171464979649,-0.0023359479382634163,-0.001198410987854004
-0.00659413356333971,-0.00023076031357049942,-0.0014424324035644531
-0.003010442480444908,-0.0003942428156733513,-0.0004354715347290039
0.0013358723372220993,-0.0002874312922358513,-0.0011219978332519531
0.004166320897638798,-0.003375749569386244,-0.0019767284393310547
0.0034056082367897034,-0.005454558413475752,-0.0015343427658081055
0.0011120103299617767,-0.006133072078227997,-0.002297520637512207
-0.0023349495604634285,-0.007021414116024971,-0.00264894962310791
-0.005766728892922401,-0.005965630989521742,-0.0011687278747558594
-0.007363469339907169,-0.004369373898953199,-0.00045168399810791016
-0.007396922446787357,-0.0022979648783802986,-0.002725362777709961
-0.0063540758565068245,-0.0007154638879001141,-0.001764059066772461
-0.004664303734898567,-0.0006843539886176586,-0.0006349682807922363
-0.0032939566299319267,-0.0029491237364709377,-0.0007571578025817871
-0.0009455867111682892,-0.00413458701223135,-0.0010016560554504395
0.0011698957532644272,-0.004927531816065311,-0.0008645057678222656
0.0016928128898143768,-0.005763651337474585,-0.001642763614654541
0.0009641023352742195,-0.005737610161304474,-0.002070307731628418
-0.0004485929384827614,-0.004302642308175564,-0.0016126632690429688
-0.0014657862484455109,-0.0022472795099020004,-0.0012769699096679688
-0.0033829938620328903,-0.000395309180021286,-0.0010329484939575195
-0.004583788104355335,-0.0006287689320743084,-0.001414477825164795
-0.005066331475973129,-0.0009271069429814816,-0.001078963279724121
-0.004743109457194805,-0.0017032749019563198,-0.0013844966888427734
-0.0037600500509142876,-0.0035124425776302814,-0.0016590356826782227
-0.001069696620106697,-0.004644694738090038,-0.001872718334197998
0.0008828407153487206,-0.005341752897948027,-0.0019031763076782227
0.003350735642015934,-0.0060515678487718105,-0.0012625455856323242
0.002524212934076786,-0.005115784239023924,-0.0020711421966552734
-0.0007573738694190979,-0.0036327396519482136,-0.0014910697937011719
-0.0033674919977784157,-0.002353071700781584,-0.0018879175186157227
-0.0062850285321474075,-0.0015339511446654797,-0.0022848844528198242
-0.008622018620371819,-0.0014116107486188412,-0.002178192138671875
-0.00921540055423975,-0.0027603739872574806,-0.0006522536277770996
-0.006038561463356018,-0.002510727383196354,-0.001277923583984375
-0.0023156050592660904,-0.0036610327661037445,-0.0012475252151489258
0.000919438898563385,-0.00397817138582468,-0.0012476444244384766
0.0034522227942943573,-0.005200616084039211,-0.0010492205619812012
0.0033640265464782715,-0.003963348921388388,-0.002117156982421875
0.0015163859352469444,-0.0035085082054138184,-0.0015987157821655273
-0.0014770766720175743,-0.0031188460998237133,-0.0014920234680175781
-0.004169435240328312,-0.002517878543585539,-0.0008972287178039551
-0.005781317129731178,-0.0014210017397999763,-0.0016602277755737305
-0.005502636544406414,-0.0015911129303276539,-0.001675426959991455
-0.005156484432518482,-0.001938037108629942,-0.0018889904022216797
-0.002497820183634758,-0.0013986644335091114,-0.0014464855194091797
9.029265493154526e-05,-0.0034428201615810394,-0.0006986856460571289
0.002863917499780655,-0.003540624398738146,-0.001614212989807129
0.002223895862698555,-0.004882500506937504,-0.000988602638244629
0.0010064002126455307,-0.005161938723176718,-0.002423107624053955
-0.0009830435737967491,-0.004523194395005703,-0.0006685853004455566
-0.0024031922221183777,-0.0030729719437658787,-0.0012178421020507812
-0.004962584003806114,-0.002694644033908844,-0.001568913459777832
-0.005968733690679073,-0.002123543992638588,-0.0019353628158569336
-0.005002915859222412,-0.0022218055091798306,-0.0016455650329589844
-0.004399044439196587,-0.0024356101639568806,-0.0009434223175048828
-0.0013190628960728645,-0.003133800346404314,-0.0011723041534423828
0.003830408677458763,-0.001944775227457285,-0.0023778676986694336
0.0061131734400987625,-0.0033417493104934692,-0.0031562447547912598
0.002472887746989727,-0.005633964203298092,-0.0007760524749755859
-0.002276419661939144,-0.00485125882551074,-0.0005166530609130859
-0.005977182649075985,-0.00412832060828805,-0.0018898248672485352
-0.007493929006159306,-0.0027176770381629467,-0.0019354820251464844
-0.006847584620118141,-0.0007124878466129303,-0.0024393796920776367
-0.005793056450784206,-0.0013607540167868137,-0.0026074647903442383
-0.0032553374767303467,-0.0020624930039048195,-0.0013867616653442383
-0.0005201706662774086,-0.0018578697927296162,-0.002744615077972412
0.0005409372970461845,-0.0036241458728909492,-0.0008219480514526367
0.0007914286106824875,-0.005575078073889017,-0.0014322400093078613
0.00020231027156114578,-0.006791734602302313,-0.0019512176513671875
-0.00046965572983026505,-0.00525783933699131,-0.0005018711090087891
-0.0010781018063426018,-0.0030625415965914726,-0.001631021499633789
-0.0025403397157788277,-0.0014402931556105614,-0.002348184585571289
-0.0034266002476215363,-0.0006638229824602604,-0.0015851259231567383
-0.0048434119671583176,-0.0011025052517652512,-0.0015087127685546875
-0.004207952879369259,-0.002771935425698757,-0.0027599334716796875
-0.0033365553244948387,-0.0027687782421708107,-0.0017376542091369629
-0.0029050959274172783,-0.002797403372824192,-0.0023021697998046875
-0.0008001942187547684,-0.003524778876453638,-0.0015698075294494629
0.001324349083006382,-0.004095416981726885,-0.0010660290718078613
0.0019479282200336456,-0.0038815350271761417,-0.001767873764038086
0.0009585544466972351,-0.0034054117277264595,-0.0008525252342224121
-0.0005404697731137276,-0.002875352744013071,-0.0004404783248901367
-0.0024440567940473557,-0.0016392767429351807,-0.0013255476951599121
-0.005512341856956482,-0.0019760560244321823,-0.0016307234764099121
-0.014279667288064957,-0.009080611169338226,-0.0015085339546203613
-0.007283969782292843,0.0006770510226488113,-0.00045549869537353516
-0.005953647196292877,-0.004368550144135952,-0.005048394203186035
0.0013606948778033257,-0.00047389091923832893,0.0008720159530639648
0.006160184741020203,-0.0030092690140008926,-0.0024237632751464844
0.007510245777666569,-0.0030925399623811245,-0.0013405084609985352
0.004416733980178833,-0.005670029670000076,-0.0007606148719787598
-0.0009419992566108704,-0.0035833343863487244,-0.0004706382751464844
-0.005917644128203392,-0.0036966027691960335,-0.0016306042671203613
-0.007788987830281258,-0.0029745246283710003,-0.0003032088279724121
-0.007793444208800793,-0.0015458231791853905,-0.003843247890472412
-0.004270005971193314,-7.077818736433983e-05,0.0003377199172973633
0.0006866492331027985,0.0006450503133237362,-0.002149343490600586
0.0024848440662026405,-0.0014170962385833263,-0.002668023109436035
0.0016880789771676064,-0.004028920084238052,0.0007343292236328125
0.0010206913575530052,-0.005182838067412376,-0.0015848875045776367
-0.0011280542239546776,-0.004840835928916931,-0.0026378631591796875
-0.000974622555077076,-0.004254103172570467,-0.0001049041748046875
-0.002612711861729622,-0.002975834533572197,-0.0023630857467651367
-0.0027051949873566628,-0.0018451833166182041,-0.002469778060913086
-0.0035859383642673492,-0.002360244281589985,-0.0007147789001464844
-0.0056751798838377,-0.002900240011513233,-0.0018894672393798828
-0.005959252826869488,-0.00207437202334404,-0.0014775395393371582
-0.006150875240564346,-0.0029869088903069496,-0.001446843147277832
-0.00430931244045496,-0.002991938963532448,-0.0013707876205444336
-0.0006353585049510002,-0.003190469928085804,-0.0021338462829589844
0.002510516904294491,-0.004868931137025356,-0.0013557672500610352
0.004860294982790947,-0.003827837761491537,-0.0017982721328735352
0.004617036320269108,-0.003392087761312723,-0.001981377601623535
0.0013475064188241959,-0.001756950281560421,-0.0017372369766235352
-0.0016837986186146736,-0.0011222083121538162,-0.0008522272109985352
-0.004859874024987221,-0.0013394858688116074,-0.002057671546936035
-0.008385112509131432,-0.0032730940729379654,-0.002149224281311035
-0.009047886356711388,-0.004359153565019369,-0.0012795329093933105
-0.005741696804761887,-0.003632144071161747,-0.0021492838859558105
-0.0020248759537935257,-0.0028532668948173523,-0.0015543699264526367
0.002822062000632286,-0.0010608835145831108,-0.002210676670074463
0.005028708837926388,-0.0004996401257812977,-0.0019362568855285645
0.004343646578490734,-0.0020983945578336716,-0.0003033876419067383
0.0021519046276807785,-0.004284064285457134,-0.0005016326904296875
-0.002254122868180275,-0.0058506932109594345,-0.0008678436279296875
-0.00651081558316946,-0.005542517639696598,-0.0010510683059692383
-0.009116006083786488,-0.0044168634340167046,-0.0013104677200317383
-0.008459375239908695,-0.0029422384686768055,-0.0011578798294067383
-0.0055016567930579185,-0.00072127440944314,-0.0006389617919921875
-0.001973601058125496,0.00040197791531682014,-0.001584768295288086
0.0025761034339666367,-0.0017360677011311054,-0.002164483070373535
0.004535903222858906,-0.004564092960208654,-0.0021033287048339844
0.0032894015312194824,-0.006276593543589115,-0.0015845298767089844
0.00020719505846500397,-0.006016552913933992,-0.0021033883094787598
-0.0019092671573162079,-0.004169293213635683,-0.00013506412506103516
-0.004807090386748314,-0.0016796556301414967,-0.0012947320938110352
-0.005558534525334835,-0.0014375504106283188,-0.002149224281311035
-0.005034768953919411,-0.0010128486901521683,-0.001706838607788086
-0.004494207911193371,-0.0014302185736596584,-0.0012034177780151367
-0.003040449693799019,-0.0008682622574269772,-0.002393484115600586
-0.0008353302255272865,-0.001279719639569521,-0.002424001693725586
0.0009056972339749336,-0.0022999518550932407,-0.0010050535202026367
0.0008599068969488144,-0.004131969064474106,-0.0007915496826171875
0.0014551691710948944,-0.0053695980459451675,-0.0014933347702026367
0.001358194276690483,-0.005736560095101595,-0.0017833709716796875
-0.0010069338604807854,-0.00460634334012866,-0.0014783143997192383
-0.002788711339235306,-0.003129770513623953,-0.0012494325637817383
-0.004835110157728195,-0.0008211713284254074,-0.0015851259231567383
-0.005990448407828808,-0.00015111779794096947,-0.0023479461669921875
-0.006206877529621124,9.994488209486008e-05,-0.0016307234764099121
-0.0059851352125406265,-0.002790411002933979,-0.0004862546920776367
-0.0013892613351345062,-0.0030267955735325813,-0.0009899139404296875
0.00016371626406908035,-0.005928429309278727,-0.0018597841262817383
0.0017167693004012108,-0.004861465189605951,-0.0013869404792785645
0.003930390812456608,-0.0031545916572213173,-0.00201261043548584
0.002497199922800064,-0.0027983947657048702,-0.00271451473236084
-8.681323379278183e-05,-0.0020487699657678604,-0.0012496113777160645
-0.003928531892597675,-0.002097334247082472,-0.00199735164642334
-0.004807199351489544,-0.0014450657181441784,-0.0014175772666931152
-0.006714187562465668,-0.003298815805464983,-0.0022417306900024414
-0.0060251858085393906,-0.0026369825936853886,-0.0012195706367492676
-0.0036462340503931046,-0.0017275996506214142,-0.0017844438552856445
0.0013247299939393997,-0.0019462392665445805,-0.001662611961364746
0.0036090612411499023,-0.002241291105747223,-0.002257704734802246
0.003953772597014904,-0.0052000731229782104,-0.00102156400680542
0.0013912953436374664,-0.006056503392755985,-0.0014486312866210938
-0.0017447229474782944,-0.005265978164970875,-0.0014181137084960938
-0.006003042683005333,-0.004821660462766886,-0.0023949146270751953
-0.00927039422094822,-0.0033831954933702946,-0.0015406608581542969
-0.008868702687323093,-0.001708370167762041,-0.0021663308143615723
-0.007205119356513023,0.00030684564262628555,-0.0016780495643615723
-0.0035814614966511726,-0.0001839357428252697,-0.0007166266441345215
0.0022607091814279556,-0.002003022003918886,-0.002471446990966797
0.0055280933156609535,-0.005332056898623705,-0.0013272762298583984
0.004518721252679825,-0.005400188732892275,-0.00012218952178955078
0.003205631859600544,-0.004919026978313923,-0.0019226670265197754
0.0007346849888563156,-0.0030908966436982155,-0.0017397403717041016
-0.0019067665562033653,-0.002551837358623743,-0.0005342960357666016
-0.0041024768725037575,-0.001983143389225006,-0.0024722814559936523
-0.005233781412243843,-0.0014896970242261887,-0.0012668371200561523
-0.004780896008014679,-0.0008171848021447659,-0.0019991397857666016
-0.004013552330434322,0.00010908953845500946,-0.0017704963684082031
-0.0022012582048773766,-0.0006493204273283482,-0.0013585090637207031
4.264526069164276e-05,-0.003050371538847685,-0.0016484260559082031
0.000666402280330658,-0.0045612044632434845,-0.0005497932434082031
0.0017337547615170479,-0.005994963925331831,-0.0014193058013916016
0.0012930696830153465,-0.00690357806161046,-0.002960205078125
-0.00020570121705532074,-0.004691417794674635,-0.0018613338470458984
-0.002691298723220825,-0.0035001756623387337,-0.0006867051124572754
-0.004326414316892624,-0.0017514564096927643,-0.0014495253562927246
-0.005907383747398853,-0.0011978689581155777,-0.0017547607421875
-0.0062140412628650665,-0.0006048297509551048,-0.0016173720359802246
-0.0060094622895121574,-0.0022290460765361786,-0.0023037195205688477
-0.003316601738333702,-0.004395192489027977,-0.0016171932220458984
-0.000851004384458065,-0.006682623643428087,-0.0009764432907104492
0.0011110175400972366,-0.005897740367799997,-0.0025026798248291016
0.0025178836658596992,-0.00294320797547698,-0.0010228157043457031
0.0026764869689941406,-0.0025692591443657875,-0.0009466409683227539
-0.00032800063490867615,-0.002239700872451067,-0.0007941722869873047
-0.002687796950340271,-0.0031408793292939663,-0.0030829906463623047
-0.005233658477663994,-0.0026761931367218494,-0.001664280891418457
-0.006481612101197243,-0.0022133630700409412,-0.0020000338554382324
-0.006164594553411007,-0.0010814010165631771,-0.0023816823959350586
0.0029388247057795525,0.0034112557768821716,-0.0019238591194152832
0.005426195450127125,-0.0023563457652926445,-0.003236055374145508
0.004501780495047569,-0.004730189219117165,0.0007925033569335938
0.00273972749710083,-0.005971647333353758,-0.002244114875793457
-0.0010690707713365555,-0.006264411844313145,-0.003129303455352783
-0.005701612681150436,-0.004810985177755356,-0.002091705799102783
-0.007442294619977474,-0.0024389722384512424,-0.001923978328704834
-0.007550448179244995,-0.0009677237831056118,-0.002228975296020508
-0.005320955067873001,-0.0004531112499535084,-0.0009319782257080078
-0.002474188804626465,0.00012217555195093155,-0.0024733543395996094
-0.0003123963251709938,-0.0017444947734475136,0.0003190040588378906
-3.995373845100403e-06,-0.005871047265827656,-0.0017105340957641602
-0.0016517043113708496,-0.008934041485190392,-0.001512289047241211
-0.0026145055890083313,-0.008561519905924797,0.0012799501419067383
-0.0033207805827260017,-0.004688123241066933,-0.0027028322219848633
-0.0007852707058191299,-0.0009459764696657658,-0.002275824546813965
0.0033196909353137016,0.00011648936197161674,-0.0006887912750244141
0.001616867259144783,-0.000783085823059082,-0.0013908147811889648
0.0005021896213293076,-0.0027742916718125343,-0.002581298351287842
-0.003021135926246643,-0.002776279579848051,-0.0003230571746826172
-0.006454317830502987,-0.002145172096788883,-0.002611875534057617
-0.006092078052461147,-0.002468119841068983,-0.002184748649597168
-0.0031218240037560463,-0.003628810867667198,-0.0019712448120117188
0.0014323964715003967,-0.0032915230840444565,-0.0026580095291137695
0.005324176512658596,-0.0025175046175718307,-0.001544356346130371
0.005524876527488232,-0.0014888760633766651,-0.0002167820930480957
0.003689204342663288,-0.0020520384423434734,-0.0025360584259033203
8.468329906463623e-05,-0.0031464574858546257,-0.0009796619415283203
-0.004440153017640114,-0.00348316365852952,-0.0009490251541137695
-0.007560303434729576,-0.002619038335978985,-0.001574695110321045
-0.008487864397466183,-0.003642795607447624,-0.0015747547149658203
-0.006461659446358681,-0.004030498676002026,-0.0011172294616699219
-0.004107034765183926,-0.003670262638479471,-0.0014072656631469727
-0.0011969255283474922,-0.003437308594584465,-0.0009648799896240234
0.0009028920903801918,-0.003931912127882242,-0.0008122920989990234
0.0010160384699702263,-0.002686969470232725,-0.0016211271286010742
-0.0004192441701889038,-0.0023221252486109734,-0.0016213655471801758
-0.0038280487060546875,-0.003308061044663191,-0.0015298128128051758
-0.005297153256833553,-0.0036797733046114445,-0.0008586645126342773
-0.004776516929268837,-0.003889581188559532,-0.0014995932579040527
-0.003201005980372429,-0.003682523500174284,-0.0011944174766540527
-0.0030142590403556824,-0.0021239356137812138,-0.0014843940734863281
-0.0017230892553925514,-0.0012157708406448364,-0.00023305416107177734
-0.001179494895040989,-0.0018624570220708847,-0.0006296634674072266
-0.0006498731672763824,-0.0031984220258891582,-0.0012552142143249512
0.0007171984761953354,-0.003780917264521122,-0.0015451908111572266
-0.000517629086971283,-0.0048165046609938145,-0.0020945072174072266
-0.0003620106726884842,-0.004111267626285553,-0.0018353462219238281
-0.0006980830803513527,-0.002582873683422804,-0.0015760064125061035
-0.0010311491787433624,-0.0014001321978867054,-0.0005536675453186035
-0.0013141073286533356,-0.0017231018282473087,-0.0015606880187988281
-0.0022252751514315605,-0.0020060730166733265,-0.0016978979110717773
-0.0031877551227808,-0.0036381115205585957,-0.0011943578720092773
-0.0032010748982429504,-0.0023674066178500652,-0.0018658041954040527
-0.0027117962017655373,-0.0012782672420144081,-0.002110004425048828
-0.0009481674060225487,-0.0017738970927894115,-0.0007671713829040527
0.00029812566936016083,-0.0040676528587937355,-0.0018201470375061035
-0.00012842100113630295,-0.0056718140840530396,-0.0008588433265686035
-0.0006213858723640442,-0.003784346394240856,-0.0007214546203613281
-0.002738330513238907,-0.00365920877084136,-0.0006757378578186035
-0.004000979475677013,-0.0027386080473661423,-0.0006910562515258789
-0.00500867236405611,-0.001959885936230421,-0.001637578010559082
-0.0037683621048927307,-0.001587879378348589,-0.0011188983917236328
-0.00238973181694746,-0.0021322383545339108,-0.002263188362121582
-0.00027294084429740906,-0.0025890199467539787,-0.0014391541481018066
0.0008318079635500908,-0.003072385210543871,-0.002537965774536133
0.0013021575286984444,-0.003544663544744253,-0.0012409687042236328
0.0023744581267237663,-0.003003254532814026,-0.0009816884994506836
0.0013280874118208885,-0.0018058111891150475,-0.000905454158782959
0.001972978003323078,-0.0009214184246957302,-0.002522706985473633
-0.00039888080209493637,-0.0027316580526530743,-0.002186894416809082
-0.0031163180246949196,-0.0045674992725253105,-0.0016679763793945312
-0.004788799211382866,-0.004015660844743252,-0.001240849494934082
-0.005089497193694115,-0.002443426288664341,-0.0023546218872070312
-0.0030319690704345703,-0.0001139598898589611,-0.0019119977951049805
-0.00047115888446569443,5.868123844265938e-05,-0.0017898082733154297
0.0020139971747994423,-0.0015636789612472057,-0.0012558698654174805
0.0034433547407388687,-0.001343994401395321,-0.0011336207389831543
0.005768631584942341,-0.0010534878820180893,-0.0015301704406738281
0.0022032056003808975,-0.00647470448166132,-0.0006910562515258789
-0.0035840310156345367,-0.008327709510922432,0.0001938343048095703
-0.006784732453525066,-0.006467110477387905,-0.0017287731170654297
-0.010316507890820503,-0.0027245846576988697,-0.0027970075607299805
-0.00834186002612114,0.0002474905923008919,-0.002446293830871582
-0.00569003913551569,0.0008911183103919029,-0.0017140507698059082
-0.0018371595069766045,-0.002406562678515911,0.0005900263786315918
0.0014520352706313133,-0.0036604413762688637,-0.002324223518371582
0.0010913554579019547,-0.004212729167193174,-0.0012104511260986328
0.0007116682827472687,-0.004446773324161768,-0.0009511709213256836
-0.0005445629358291626,-0.004266653209924698,-0.002874016761779785
-0.001894066110253334,-0.004510889295488596,-0.0033013224601745605
-0.0037402762100100517,-0.003985455725342035,-0.0009208917617797852
-0.003244210034608841,-0.0022988002747297287,-0.002797722816467285
-0.0024872170761227608,-0.0009228698909282684,-0.0011343955993652344
-0.0016570035368204117,-0.0003834315575659275,-0.0010429024696350098
-0.0012075956910848618,-0.0007882989011704922,-0.0030422210693359375
-0.0005867285653948784,-0.002197256777435541,-0.0016996264457702637
-0.0014822455123066902,-0.002559937071055174,-0.00014328956604003906
-0.00010911095887422562,-0.003573344089090824,-0.0024169087409973145
0.0005059251561760902,-0.004897711332887411,-0.0015169382095336914
0.0010668663308024406,-0.004859374836087227,-0.0006471872329711914
0.00019132718443870544,-0.003535898867994547,-0.0019135475158691406
-0.001268935389816761,-0.0020935912616550922,-0.00018912553787231445
-0.0016974695026874542,-0.000999425072222948,-0.001165628433227539
-0.004391582682728767,-0.0005469461902976036,-0.0025847554206848145
-0.005430239252746105,-0.0019325814209878445,-0.001409769058227539
-0.006592767313122749,-0.0029045208357274532,-0.001348733901977539
-0.003960480913519859,-0.004966939799487591,-0.001837015151977539
-0.0013836314901709557,-0.004931719973683357,-0.001684427261352539
-0.00010172836482524872,-0.004096552263945341,-5.7220458984375e-06
0.002519889734685421,-0.004328796174377203,-0.0010126829147338867
0.001413644291460514,-0.002458497416228056,-0.0012263059616088867
-0.0006794547662138939,-0.002116447314620018,-0.0015314817428588867
-0.0019030878320336342,-0.0018292521126568317,-0.0012111663818359375
-0.0044060442596673965,-0.0023213839158415794,-0.0022184252738952637
-0.00517371017485857,-0.002486870624125004,-0.002462625503540039
-0.005033909343183041,-0.002175582107156515,-0.0027068257331848145
-0.002110450528562069,-0.002262132242321968,-0.001333475112915039
9.733997285366058e-05,-0.0020596361719071865,-0.001867532730102539
0.0027980078011751175,-0.0027129934169352055,-0.0015469789505004883
0.002907666377723217,-0.0032098214142024517,-0.0014859437942504883
0.0027149058878421783,-0.003514614887535572,-0.0014247894287109375
0.001370682381093502,-0.00410229479894042,-0.0013942718505859375
-0.0014675473794341087,-0.002244926057755947,-0.001226186752319336
-0.0038420958444476128,-0.0022950530983507633,-0.0020194649696350098
-0.0038941875100135803,-0.0012837550602853298,-0.001271963119506836
-0.0043410491198301315,-0.0011124187149107456,-0.0019585490226745605
-0.003190428949892521,-0.0019255871884524822,-0.0010428428649902344
-0.001804528757929802,-0.002599140629172325,-0.0019432306289672852
-0.0002647070214152336,-0.003201107494533062,-0.0018821954727172852
-0.0004327744245529175,-0.0024901749566197395,-0.0017905831336975098
0.00041896943002939224,-0.004069383721798658,-0.00046318769454956055
1.0418705642223358e-05,-0.003499844577163458,-0.001256704330444336
-0.0022156070917844772,-0.003533662762492895,-0.0009821653366088867
-0.0023266365751624107,-0.0030469479970633984,-0.0016993880271911621
-0.002739488147199154,-0.002740319352596998,-0.0015925765037536621
-0.0035233590751886368,-0.002118535805493593,-0.0011044740676879883
-0.003222295083105564,-0.0012270058505237103,-0.001882791519165039
-0.002343817614018917,-0.0011633899994194508,-0.0023102760314941406
-0.0011182092130184174,-0.0020750188268721104,-0.0017001628875732422
0.0003184899687767029,-0.002703655045479536,-0.0009219646453857422
0.0020281989127397537,-0.0033828048035502434,-0.000937342643737793
0.002389117144048214,-0.003765594679862261,-0.0011205673217773438
0.0011051194742321968,-0.0022561075165867805,-0.0012273192405700684
-0.00032045040279626846,-0.0021290709264576435,-0.0019141435623168945
-0.0008602607995271683,-0.00211254321038723,-0.0020669102668762207
-0.0029218830168247223,-0.002302178181707859,-0.0004341602325439453
-0.00456077978014946,-0.0029492536559700966,-0.0011817216873168945
-0.004333259537816048,-0.002742832526564598,-0.0014104843139648438
-0.0034126052632927895,-0.0025186515413224697,-0.002066671848297119
-0.0014712167903780937,-0.003220784477889538,-0.00044924020767211914
0.0003755306825041771,-0.0041336421854794025,-0.0015174150466918945
0.000548006035387516,-0.004198761656880379,-0.0009223222732543945
0.0001494651660323143,-0.003866155631840229,-0.0009683370590209961
-0.0008195526897907257,-0.003792340401560068,-0.0013346076011657715
-0.0016955668106675148,-0.0034609767608344555,-0.0012127161026000977
-0.0020313002169132233,-0.0029739723540842533,-0.0011211633682250977
-0.0036429231986403465,-0.0024711848236620426,-0.002234935760498047
-0.003221161663532257,-0.002219492569565773,-0.0009226799011230469
-0.002244178205728531,-0.002594339195638895,-0.0017923712730407715
-0.0016190949827432632,-0.0019606007263064384,-0.002387404441833496
0.00013317633420228958,-0.002516170497983694,-0.001197218894958496
0.0021602651104331017,-0.0030210171826183796,-3.7670135498046875e-05
0.0017458237707614899,-0.0023754178546369076,-0.0015940070152282715
0.000535307452082634,-0.002750582527369261,-0.0016397833824157715
-6.933324038982391e-05,-0.0034824777394533157,-0.0016090869903564453
-0.0004070643335580826,-0.002974539529532194,-0.0016090869903564453
-0.0027871783822774887,-0.0031306184828281403,-0.0029213428497314453
-0.003822077065706253,-0.0028410707600414753,-0.0022040605545043945
-0.002773887477815151,-0.0023609562776982784,-0.0017919540405273438
-0.002708248794078827,-0.003368089906871319,-0.0016546249389648438
-0.0018205614760518074,-0.002624259330332279,-0.002524256706237793
-0.0005979379639029503,-0.0037260204553604126,-0.002234339714050293
0.0005736639723181725,-0.0038107135333120823,-0.0016852617263793945
-0.0005265567451715469,-0.004464013502001762,-0.0008001327514648438
-0.00099957175552845,-0.0033652321435511112,-0.0022802352905273438
-0.0013089869171380997,-0.003241506405174732,-0.0022954344749450684
-0.0030319401994347572,-0.003315120004117489,-0.0021429061889648438
-0.0026718098670244217,-0.0022360216826200485,-0.0020362138748168945
-0.0026805438101291656,-0.0012954850681126118,-0.0016243457794189453
-0.0025066742673516273,-0.0021870918571949005,-0.0013651251792907715
-0.0013081440702080727,-0.002886839210987091,-0.001395583152770996
-0.0007027545943856239,-0.002967449836432934,-0.001197218894958496
-0.0007430324330925941,-0.0032238103449344635,-0.0007547140121459961
0.0004434129223227501,-0.0036881971172988415,-0.0004342794418334961
0.0004092985764145851,-0.003129162359982729,-0.0015480518341064453
-0.0005546305328607559,-0.0024084514006972313,-0.0011359453201293945
-0.0013496121391654015,-0.002599116414785385,-0.001456618309020996
-0.0023300759494304657,-0.0016309046186506748,-0.0023876428604125977
-0.00167862419039011,-0.002185200806707144,-0.0014111995697021484
-0.002198813483119011,-0.002556187566369772,-0.002235233783721924
-0.0016388874500989914,-0.0025011571124196053,-0.0013960003852844238
-0.0009544901549816132,-0.002332420088350773,-0.0012738704681396484
-0.0007702438160777092,-0.003042954485863447,-0.002448856830596924
0.00043026916682720184,-0.0035743513144552708,-0.00135040283203125
0.0002825595438480377,-0.0032997317612171173,-0.0014270544052124023
-0.0006210673600435257,-0.004103441722691059,-0.0012899041175842285
-0.001963823102414608,-0.002803890500217676,-0.0013356804847717285
-0.002330321818590164,-0.0028575784526765347,-0.001579880714416504
-0.00332502368837595,-0.0023941504769027233,-0.0008322000503540039
-0.00295222457498312,-0.001647967379540205,-0.0015035271644592285
-0.002733297646045685,-0.0022432184778153896,-0.0011525154113769531
-0.002479070797562599,-0.0023925742134451866,-0.0009388327598571777
-0.000859435647726059,-0.002189633436501026,-0.0017781853675842285
-0.00033227819949388504,-0.002687052357941866,-0.0003592371940612793
1.1690892279148102e-05,-0.0026694382540881634,-0.0019158124923706055
0.0003011440858244896,-0.0029047513380646706,-0.0021903514862060547
-0.00026841554790735245,-0.0034172027371823788,-0.001732468605041504
-0.0011219270527362823,-0.0030004200525581837,-0.001824021339416504
-0.002052006311714649,-0.002860915381461382,-0.0008169412612915039
-0.0027518076822161674,-0.0027815778739750385,-0.0008474588394165039
-0.002407561056315899,-0.0021123080514371395,-0.0013508200645446777
-0.0020798156037926674,-0.002791433595120907,-0.002510666847229004
-0.0024454407393932343,-0.0026224725879728794,-0.002236008644104004
-0.0008200965821743011,-0.0034228269942104816,-0.00154954195022583
0.0003045005723834038,-0.0034329318441450596,-0.0017173290252685547
0.0006965771317481995,-0.0031051398254930973,-0.0023888349533081055
5.3814612329006195e-05,-0.0020551439374685287,-0.002450108528137207
-0.0010804813355207443,-0.003218939993530512,-0.0019009709358215332
-0.0011022388935089111,-0.003273061942309141,-0.0020841360092163086
-0.0020050685852766037,-0.00260629178956151,-0.0005431175231933594
-0.0030144518241286278,-0.0025266921147704124,-0.001474142074584961
-0.0027802353724837303,-0.002390751615166664,-0.0013828277587890625
-0.0021734964102506638,-0.002610610332340002,-0.001779317855834961
-0.0015144869685173035,-0.002657816279679537,-0.00226747989654541
-0.0006395112723112106,-0.0024068262428045273,-0.001474142074584961
0.0003350004553794861,-0.003310415893793106,-0.0004975199699401855
5.992967635393143e-05,-0.0033704014495015144,-0.0024964213371276855
-0.0002620518207550049,-0.002913146745413542,-0.0017334818840026855
-0.001237090677022934,-0.002798368688672781,-0.0023136138916015625
-0.0016844188794493675,-0.002310461364686489,-0.0017949342727661133
-0.0022609885782003403,-0.0022952910512685776,-0.0021002888679504395
-0.0026817377656698227,-0.002762659452855587,-0.0021612048149108887
-0.002207295037806034,-0.002977862022817135,-0.0024816393852233887
-0.002356870099902153,-0.0025570173747837543,-0.0007879734039306641
-0.00048342812806367874,-0.00275485310703516,-0.0013371706008911133
0.00011828169226646423,-0.0022504255175590515,-0.0035800933837890625
-0.00037102214992046356,-0.0026982566341757774,-0.0008943080902099609
0.0002189595252275467,-0.002754292916506529,-0.0012604594230651855
-0.0008932091295719147,-0.003163748886436224,-0.0013066530227661133
-0.0011275075376033783,-0.002933864016085863,-0.0006961822509765625
-0.0023358054459095,-0.0023807343095541,-0.0013674497604370117
-0.0022271834313869476,-0.0018348577432334423,-0.0012301206588745117
-0.002603413537144661,-0.003795717842876911,-0.0024814605712890625
-0.0022801291197538376,-0.0030225031077861786,-0.0018863677978515625
-0.001262393780052662,-0.002406541258096695,-0.0015045404434204102
-0.0019097905606031418,-0.0027964096516370773,-0.00269472599029541
-0.0015502069145441055,-0.0033385660499334335,-0.0005739927291870117
-0.0007477188482880592,-0.0028291577473282814,-0.001641988754272461
-0.0010719569399952888,-0.003318862523883581,-0.001825094223022461
-0.0005921414121985435,-0.0026954077184200287,-0.0017791390419006348
-0.001042916439473629,-0.002119767013937235,-0.0013976097106933594
-0.0018741684034466743,-0.0018965285271406174,-0.0014280080795288086
-0.002406046725809574,-0.0019292826764285564,-0.0013364553451538086
-0.0021328087896108627,-0.002448837272822857,-0.0019010305404663086
-0.0008073542267084122,-0.0023068194277584553,-0.0016570687294006348
-0.0008573625236749649,-0.0027694362215697765,-0.0016723275184631348
-0.0007344009354710579,-0.0029330733232200146,-0.0015047788619995117
-0.00037536490708589554,-0.00353739270940423,-0.0025423169136047363
-0.00015323888510465622,-0.002888851799070835,-0.0008180141448974609
-0.00021850503981113434,-0.001965688541531563,-0.0021147727966308594
-0.001257830299437046,-0.0031490284018218517,-0.0012755393981933594
-0.0014459537342190742,-0.0026988484896719456,-0.0020841360092163086
-0.0028212061151862144,-0.0029829726554453373,-0.0019471049308776855
-0.0017737625166773796,-0.0036558471620082855,-0.0013521909713745117
-0.001584889367222786,-0.002344883047044277,-0.0017490386962890625
-0.0010767355561256409,-0.0015879655256867409,-0.0017030835151672363
-0.0007871231064200401,-0.0021946043707430363,-0.0018709301948547363
-0.0013789432123303413,-0.0030694687739014626,-0.0008481740951538086
-0.0003961622714996338,-0.0034513049758970737,-0.0013515949249267578
-0.00035038217902183533,-0.0026281755417585373,-0.0010311007499694824
-0.0008891727775335312,-0.0027932128868997097,-0.002816140651702881
-0.0017514917999505997,-0.002207266166806221,-0.0011681318283081055
-0.00135894026607275,-0.003304698970168829,-0.0014885663986206055
-0.0020953817293047905,-0.0029758531600236893,-0.0021752119064331055
-0.002317497506737709,-0.0027611679397523403,-0.0013663768768310547
-0.0014368360862135887,-0.002490706741809845,-0.002205491065979004
-0.0012656915932893753,-0.0033928179182112217,-0.001839280128479004
-0.0006891069933772087,-0.0024054287932813168,-0.0009389519691467285
-0.0006253635510802269,-0.002941871527582407,-0.0015338659286499023
-0.0004674689844250679,-0.0030202874913811684,-0.0017932653427124023
-0.0008220765739679337,-0.002155013382434845,-0.0017474889755249023
-0.001666639931499958,-0.002079607453197241,-0.0015032291412353516
-0.0021265586838126183,-0.003066440112888813,-0.0010454654693603516
-0.0021425550803542137,-0.002628970891237259,-0.001732170581817627
-0.0018187779933214188,-0.0028348471969366074,-0.0017930269241333008
-0.0017364704981446266,-0.0027510784566402435,-0.0024183988571166992
-0.0014413995668292046,-0.0030165277421474457,-0.0018233060836791992
-0.0013833418488502502,-0.003220515325665474,-0.00171661376953125
-0.0010453518480062485,-0.003354388754814863,-0.0018540620803833008
-0.0005025779828429222,-0.002891366370022297,-0.0011063218116760254
-0.0010353010147809982,-0.0026465333066880703,-0.0009537935256958008
-0.0019644219428300858,-0.002710084430873394,-0.0016708970069885254
-0.0014809472486376762,-0.0029430948197841644,-0.0007553696632385254
-0.002152533270418644,-0.003073426429182291,-0.0024033784866333008
-0.0018265927210450172,-0.0032105552963912487,-0.0025254487991333008
-0.0023139575496315956,-0.00253122765570879,-0.0014116168022155762
-0.0011914493516087532,-0.002941334620118141,-0.0008926987648010254
-0.001735961064696312,-0.002895108424127102,-0.0015031695365905762
-0.0008653216063976288,-0.0028970474377274513,-0.0014421939849853516
-0.0005945777520537376,-0.0027764728292822838,-0.0023427605628967285
-0.00019843410700559616,-0.0028072348795831203,-0.0019001960754394531
-0.0003133229911327362,-0.00256738206371665,-0.0021442174911499023
-0.0015723174437880516,-0.001977352425456047,-0.0013964176177978516
-0.002433427609503269,-0.0024113040417432785,-0.0013203024864196777
-0.0018822811543941498,-0.002808538731187582,-0.0006181597709655762
-0.0017450442537665367,-0.002004238311201334,-0.002144038677215576
-0.0021215518936514854,-0.0034429593943059444,-0.001747429370880127
-0.0018620919436216354,-0.0030627939850091934,-0.0014270544052124023
-0.0010987063869833946,-0.0029719453305006027,-0.001137077808380127
-0.0010569076985120773,-0.0031093107536435127,-0.0015796422958374023
-0.0009468551725149155,-0.0028968960978090763,-0.002312183380126953
-0.0007771272212266922,-0.0028371987864375114,-0.0005117058753967285
-0.0009340047836303711,-0.0029667187482118607,-0.0008628368377685547
-0.0017666975036263466,-0.0025616269558668137,-0.002694070339202881
-0.0027693836018443108,-0.0026616621762514114,-0.0014277100563049316
-0.0016310056671500206,-0.0021200161427259445,-0.002297520637512207
-0.0013724463060498238,-0.002850030083209276,-0.0020842552185058594
-0.0015570949763059616,-0.0034412299282848835,-0.0021758079528808594
-0.001971947029232979,-0.0019608018919825554,-0.0017485618591308594
-0.0005522416904568672,-0.0027156169526278973,-0.0018553733825683594
0.0002467576414346695,-0.0021457336843013763,-0.0015958547592163086
-0.0007742550224065781,-0.0029646800830960274,-0.0020383596420288086
-0.0013586999848484993,-0.0026015862822532654,-0.0004056692123413086
-0.001284717582166195,-0.002682980615645647,-0.0014432668685913086
-0.001167474314570427,-0.0027926755137741566,-0.0009855031967163086
-0.0017487099394202232,-0.0016328515484929085,-0.0026946067810058594
-0.001061457209289074,-0.001867285929620266,-0.0013671517372131348
-0.0016698697581887245,-0.002253921702504158,-0.0018402338027954102
-0.0011075111106038094,-0.0026882528327405453,-0.0010160207748413086
-0.0007996950298547745,-0.0033580372110009193,-0.002297520637512207
-0.0014670845121145248,-0.002947812434285879,-0.002038240432739258
-0.0006219074130058289,-0.0022341194562613964,-0.0015344619750976562
-0.0012761792168021202,-0.0023956606164574623,-0.0015192031860351562
-0.001858205534517765,-0.002469469327479601,-0.0008023381233215332
-0.0013176565989851952,-0.0029024919494986534,-0.0010160207748413086
-0.0014292998239398003,-0.002503862138837576,-0.0018399953842163086
-0.001866927370429039,-0.0016678865067660809,-0.0012297630310058594
-0.0016038855537772179,-0.0018707243725657463,-0.0021300315856933594
-0.002015603706240654,-0.0030888142064213753,-0.0009093880653381348
-0.001633819192647934,-0.0027432404458522797,-0.0016722679138183594
-0.0017192848026752472,-0.0029591694474220276,-0.0018250346183776855
-0.0009051645174622536,-0.0026263128966093063,-0.0015658140182495117
-0.0011237626895308495,-0.002505613025277853,-0.0015810728073120117
-0.0012163035571575165,-0.0023207333870232105,-0.0018404722213745117
-0.001105322502553463,-0.0024969768710434437,-0.0004367828369140625
-0.0016676988452672958,-0.0019761607982218266,-0.0017948150634765625
-0.0022216038778424263,-0.002285089809447527,-0.0018863677978515625
-0.0017233407124876976,-0.002269701100885868,-0.0032290220260620117
-0.0008760755881667137,-0.0026850681751966476,-0.0014132857322692871
-0.0064256275072693825,-0.010127684101462364,-0.001184225082397461
0.00023762229830026627,0.004780202638357878,-0.0006042122840881348
-0.000804348848760128,-0.0008745118975639343,-0.00530397891998291
-8.761603385210037e-05,-0.0004565557464957237,0.00026541948318481445
0.0011700522154569626,-0.004054304677993059,-0.0022826790809631348
-0.001738211140036583,-0.006641920655965805,-0.0011078715324401855
-0.0024840915575623512,-0.0051408871077001095,-0.00034499168395996094
-0.0036828387528657913,-0.0009925886988639832,-0.0043125152587890625
-0.0025344863533973694,-0.0011734641157090664,-0.0011234879493713379
-0.0016812225803732872,-0.001820805948227644,-0.0010473132133483887
-0.0010191034525632858,-0.0023110653273761272,-0.001917123794555664
0.00027173105627298355,-0.0016932394355535507,0.0020350217819213867
0.00046756770461797714,-0.002850637771189213,-0.004984259605407715
-0.0012326547876000404,-0.0032661142759025097,-0.0030771493911743164
-0.0024857772514224052,-0.003868923056870699,0.0024310946464538574
-0.0026823049411177635,-0.003882934805005789,-0.002085566520690918
-0.0025646667927503586,-0.001155775971710682,-0.003977537155151367
-0.0017075743526220322,-0.00029575731605291367,-0.0008798837661743164
-0.0013866433873772621,-0.0012197000905871391,-0.002634704113006592
6.935931742191315e-05,-0.003304116427898407,-0.002375185489654541
0.0010510478168725967,-0.0030190348625183105,-0.0012000799179077148
-0.0008499249815940857,-0.0025873975828289986,-0.002451181411743164
-0.0024509551003575325,-0.001678253524005413,-0.001215219497680664
-0.0027800193056464195,-0.0015046526677906513,-0.0013374090194702148
-0.0015918323770165443,-0.0035682707093656063,-0.0022530555725097656
-0.001140739768743515,-0.004617566242814064,-0.002024054527282715
-0.0003529489040374756,-0.0032252869568765163,-0.0016883611679077148
-0.0007056081667542458,-0.001218926627188921,-0.002924323081970215
0.004714814014732838,-0.0029394407756626606,-0.009545207023620605
0.25489580631256104,-0.1576036512851715,-0.002265334129333496
0.1210324838757515,-0.32679978013038635,0.010262250900268555
-0.10289579629898071,-0.15698936581611633,-0.005774497985839844
-0.04197734594345093,0.3757869005203247,0.000832974910736084
0.027546320110559464,0.5485718846321106,-0.008138895034790039
0.14800257980823517,0.5334784388542175,0.006799876689910889
0.2192835807800293,0.47328945994377136,-0.005926370620727539
0.22265625,0.4580502510070801,0.006891191005706787
0.1818326711654663,0.5770931243896484,-0.006581902503967285
0.20103710889816284,0.5057475566864014,0.005839347839355469
0.2457137256860733,0.43353766202926636,-0.0060770511627197266
0.30054810643196106,0.37592291831970215,0.0030335187911987305
0.23621954023838043,0.2459980994462967,-0.004808306694030762
0.1661771535873413,0.14879785478115082,0.004089534282684326
0.062265146523714066,0.07746629416942596,-0.003430604934692383
-0.05471291020512581,0.006608659401535988,0.0012559890747070312
-0.11419958621263504,-0.014126865193247795,-0.004022657871246338
-0.1790279597043991,0.02578294835984707,-0.0017031431198120117
-0.21379010379314423,0.06692806631326675,-0.005487978458404541
-0.18571621179580688,0.11086250096559525,-0.000713348388671875
-0.18698006868362427,0.06270919740200043,-0.0050484538078308105
-0.17919941246509552,-0.0489359050989151,0.0013887286186218262
-0.15202444791793823,-0.0763288289308548,-0.004472553730010986
-0.13633036613464355,-0.07782270759344101,-0.0016973018646240234
-0.1266014724969864,-0.06450799852609634,-0.005376756191253662
-0.12474185228347778,-0.067293182015419,0.0023881196975708008
-0.09831064939498901,-0.11072126030921936,-0.0032749176025390625
-0.08810537308454514,-0.15714703500270844,-0.001171112060546875
-0.07138291746377945,-0.22282083332538605,0.0055550336837768555
-0.10083597153425217,-0.31508976221084595,0.01603144407272339
-0.23443134129047394,-0.47610872983932495,0.12402474880218506
-0.2885286509990692,-0.3268444240093231,0.21804296970367432
-0.3663384020328522,0.07119791209697723,0.09224903583526611
-0.38763657212257385,0.1767633855342865,-0.11509108543395996
-0.11067458987236023,0.04310508817434311,-0.2528897523880005
0.15423369407653809,-0.23632752895355225,-0.2919026017189026
0.31400126218795776,-0.5497238039970398,-0.10583317279815674
0.34304705262184143,-0.4612641930580139,0.06999284029006958
0.11337852478027344,-0.12242504954338074,0.12777191400527954
-0.0027709342539310455,0.02452564239501953,0.13383835554122925
0.006301455199718475,0.030581355094909668,0.14694559574127197
0.05705641210079193,0.011320874094963074,0.14989948272705078
0.06638301908969879,-0.02221710979938507,0.1692647933959961
0.09011931717395782,-0.0684041827917099,0.1857154369354248
0.15019330382347107,-0.08110916614532471,0.2755323648452759
0.2713952958583832,-0.08731356263160706,0.6517238616943359
0.28346285223960876,-0.08396151661872864,0.8875024318695068
0.2341241091489792,-0.049032941460609436,0.9214174747467041
0.22225862741470337,-0.009474903345108032,0.8483081459999084
0.35123199224472046,-0.018500566482543945,0.7459740042686462
0.44322654604911804,-0.02667441964149475,0.7370283007621765
0.37752974033355713,-0.004548966884613037,0.7279984951019287
0.2965109050273895,0.03438669443130493,0.6159327030181885
0.22998440265655518,0.08777439594268799,0.5505484342575073
0.06062617897987366,0.16290313005447388,0.526134729385376
-0.07607802748680115,0.16896489262580872,0.18344402313232422
-0.055407553911209106,0.13428401947021484,0.08776819705963135
0.03220441937446594,0.21303409337997437,0.14699327945709229
0.1396363377571106,0.42674803733825684,0.0990058183670044
0.033332228660583496,0.2460750937461853,0.11672395467758179
-0.09523582458496094,0.12273240089416504,0.0968698263168335
-0.16367381811141968,0.15976274013519287,0.07074373960494995
-0.1778254210948944,0.26911282539367676,0.023384034633636475
-0.18712639808654785,0.30633771419525146,-0.02067190408706665
-0.2085796594619751,0.27368593215942383,-0.07635635137557983
-0.2422192394733429,0.23860812187194824,-0.14482635259628296
-0.2671896815299988,0.21982288360595703,-0.21259945631027222
-0.2669026851654053,0.2412014603614807,-0.25489914417266846
-0.31125229597091675,0.3345103859901428,-0.3093109428882599
-0.2672274708747864,0.31433093547821045,-0.27474623918533325
-0.21607716381549835,0.27563315629959106,-0.1737058162689209
-0.1510109156370163,0.2293669581413269,-0.06791645288467407
-0.0657588541507721,0.19329887628555298,0.056869715452194214
-0.04685962200164795,0.21309244632720947,0.11462575197219849
-0.08549068868160248,0.2396036982536316,0.09342536330223083
-0.13305318355560303,0.2891857624053955,0.060898393392562866
-0.18956509232521057,0.3340514302253723,0.038430213928222656
-0.15924111008644104,0.2868713140487671,-0.03759419918060303
-0.04266315698623657,0.2252398133277893,-0.13886317610740662
0.12403219938278198,0.27213001251220703,-0.25432586669921875
0.1841939091682434,0.30049675703048706,-0.34975287318229675
-0.029101304709911346,0.15010416507720947,-0.38679513335227966
-0.2041870653629303,0.09647339582443237,-0.414397656917572
-0.284198135137558,0.14852309226989746,-0.41184985637664795
-0.3965560793876648,-0.06345462799072266,-0.43303874135017395
-0.354156494140625,0.04619473218917847,-0.45563817024230957
-0.2155517190694809,0.29539358615875244,-0.3049558103084564
-0.1919771134853363,0.05948895215988159,-0.2078535258769989
-0.173369362950325,0.07908540964126587,-0.13989686965942383
-0.11831069737672806,0.10755765438079834,-0.09649419784545898
-0.06790736317634583,0.09381043910980225,-0.071857750415802
-0.029132261872291565,0.07400673627853394,-0.08625710010528564
0.04132352024316788,0.09979856014251709,-0.06861016154289246
0.08370248973369598,0.08793944120407104,-0.02986714243888855
0.10793843120336533,0.09955471754074097,0.0037723183631896973
0.08706681430339813,0.05456739664077759,-0.025774478912353516
0.01352449506521225,0.06444805860519409,-0.10832414031028748
-0.08500570803880692,0.07301521301269531,-0.187726229429245
-0.03130369633436203,0.05176013708114624,-0.24012205004692078
0.08549050986766815,0.002499520778656006,-0.262595534324646
0.059236541390419006,-0.030900657176971436,-0.2900576591491699
-0.04745251685380936,-0.03199046850204468,-0.2745039761066437
-0.09870653599500656,-0.014597892761230469,-0.20176973938941956
-0.09297746419906616,-0.025004327297210693,-0.1347346305847168
-0.030972763895988464,-0.09202080965042114,-0.23368731141090393
0.02491043508052826,0.10135000944137573,-0.31443092226982117
-0.0871255174279213,-0.15179133415222168,-0.38259169459342957
0.008193351328372955,0.012548446655273438,-0.3144679069519043
0.039102427661418915,0.01855701208114624,-0.29511699080467224
0.049803733825683594,-0.02489417791366577,-0.33384689688682556
0.09407201409339905,0.0180169939994812,-0.3734906017780304
0.1016271561384201,0.054173409938812256,-0.469738632440567
0.09556104242801666,0.08395224809646606,-0.4278511106967926
0.06691250950098038,0.12062352895736694,-0.29253312945365906
0.0038654208183288574,0.13328713178634644,-0.17713662981987
-0.05152468383312225,0.15124642848968506,-0.10704615712165833
-0.09748382121324539,0.18895429372787476,-0.05852311849594116
-0.11871212720870972,0.19897353649139404,0.002922534942626953
-0.0959717333316803,0.19709914922714233,0.05134814977645874
-0.03883405029773712,0.21602094173431396,0.05177205801010132
0.028542332351207733,0.22026914358139038,0.037420034408569336
0.06638210266828537,0.23199385404586792,-0.02288442850112915
0.0828254297375679,0.2615053653717041,-0.10786354541778564
0.0800679475069046,0.23731595277786255,-0.09690552949905396
0.04039500653743744,0.1923912763595581,0.006598949432373047
-0.031829752027988434,0.1966395378112793,0.08284306526184082
-0.09959729015827179,0.20226478576660156,0.13787609338760376
-0.11371740698814392,0.20590442419052124,0.20373064279556274
-0.10916532576084137,0.19716697931289673,0.21574944257736206
-0.11054196208715439,0.1826239824295044,0.1773318648338318
-0.1104213297367096,0.1628088355064392,0.12574529647827148
-0.08137541264295578,0.1359919309616089,0.046690165996551514
-0.055671095848083496,0.11686986684799194,-0.04049915075302124
-0.06282787024974823,0.10076874494552612,-0.0877806544303894
-0.08447245508432388,0.08603256940841675,-0.09999692440032959
-0.12585610151290894,0.07534348964691162,-0.1160624623298645
-0.1840018779039383,0.06636661291122437,-0.11136317253112793
-0.200034961104393,0.05940884351730347,-0.0896521806716919
-0.16887466609477997,0.05932670831680298,-0.0804816484451294
-0.1295204758644104,0.060617029666900635,-0.08795654773712158
-0.0836901143193245,0.058637797832489014,-0.09080225229263306
-0.025247320532798767,0.0537487268447876,-0.06871187686920166
0.024060295894742012,0.0570182204246521,-0.02967160940170288
0.03595920652151108,0.04513281583786011,0.014945030212402344
0.01350821927189827,0.04444614052772522,0.03878968954086304
-0.02959338203072548,0.04752439260482788,0.05666625499725342
-0.05865516513586044,0.03805255889892578,0.07938307523727417
-0.06575604528188705,0.03020113706588745,0.09451812505722046
-0.07547680288553238,0.026250362396240234,0.09614670276641846
-0.07757998257875443,0.01649683713912964,0.09111571311950684
-0.07288508117198944,0.012052744626998901,0.09342062473297119
-0.06424592435359955,0.003697127103805542,0.08851194381713867
-0.07328985631465912,-0.0028093457221984863,0.08608978986740112
-0.09173606336116791,-0.007818520069122314,0.12295740842819214
-0.08092326670885086,-0.022899866104125977,0.18361961841583252
-0.05434191972017288,-0.0494864284992218,0.24785542488098145
-0.041584767401218414,-0.06943446397781372,0.313923716545105
-0.0412617102265358,-0.07463419437408447,0.36153924465179443
-0.03892028331756592,-0.08217938244342804,0.39767003059387207
-0.02964186668395996,-0.09309574961662292,0.40938401222229004
-0.01622113585472107,-0.09129002690315247,0.39457136392593384
-0.0009592324495315552,-0.08201609551906586,0.36638617515563965
0.021041370928287506,-0.07513153553009033,0.33300721645355225
0.03503767400979996,-0.06618808209896088,0.3026501536369324
0.06231249123811722,-0.05306077003479004,0.26830410957336426
0.0956101194024086,-0.036762818694114685,0.22358059883117676
0.0926036387681961,-0.021819710731506348,0.17343997955322266
0.06112919747829437,-0.005604743957519531,0.12027567625045776
0.011866137385368347,0.014785230159759521,0.07477152347564697
-0.03168598562479019,0.032536208629608154,0.042143166065216064
-0.05358841270208359,0.04078759253025055,0.021702289581298828
-0.06029859185218811,0.04431353509426117,0.0073285698890686035
-0.059699513018131256,0.04220229387283325,-0.016300320625305176
-0.053926579654216766,0.03744542598724365,-0.04223072528839111
-0.04790575057268143,0.030416563153266907,-0.07011091709136963
-0.04080560803413391,0.01909254491329193,-0.09216064214706421
-0.02837027609348297,0.009188339114189148,-0.09832644462585449
-0.020946070551872253,0.006861969828605652,-0.08920753002166748
-0.0231546089053154,0.00620308518409729,-0.07258260250091553
-0.032141633331775665,0.0020963847637176514,-0.0523073673248291
-0.04243190586566925,0.0022287517786026,-0.046729445457458496
-0.04457145184278488,0.0027624815702438354,-0.05122828483581543
-0.039508141577243805,-0.0011009424924850464,-0.0662837028503418
-0.033562928438186646,-0.00373820960521698,-0.08425575494766235
-0.018225528299808502,-0.011383205652236938,-0.09283852577209473
0.012576378881931305,-0.02089904248714447,-0.09315049648284912
0.038525111973285675,-0.02580331265926361,-0.08229053020477295
0.0480525866150856,-0.029438287019729614,-0.06266111135482788
0.045579180121421814,-0.028282545506954193,-0.0436670184135437
0.0405859500169754,-0.02127387374639511,-0.03025585412979126
0.036570414900779724,-0.013988249003887177,-0.016436755657196045
0.03242464363574982,-0.017719142138957977,-0.0035422444343566895
0.02518342435359955,-0.023513995110988617,0.002908647060394287
0.014168009161949158,-0.022878281772136688,0.008073091506958008
0.010774947702884674,-0.022736892104148865,0.011688947677612305
0.01593673974275589,-0.029613792896270752,0.014131247997283936
0.029031261801719666,-0.037403207272291183,0.011149287223815918
0.05031229555606842,-0.045824021100997925,-0.007974982261657715
0.06213069707155228,-0.04779566079378128,-0.02814197540283203
0.06281621009111404,-0.04760907590389252,-0.04302668571472168
0.05740641802549362,-0.049337077885866165,-0.04719531536102295
0.028827786445617676,-0.040747061371803284,-0.02825474739074707
-0.011748891323804855,-0.03316591680049896,-0.006384372711181641
-0.036247618496418,-0.03116661310195923,0.0054435133934021
-0.04688505455851555,-0.03018798679113388,0.007514297962188721
-0.032243091613054276,-0.01799464412033558,0.07679867744445801
-0.002889864146709442,0.07400674372911453,0.4340660572052002
0.03238368779420853,0.11322364211082458,0.4852740168571472
0.04512244090437889,0.10069721937179565,0.2896580100059509
0.01530157309025526,0.05501445382833481,0.0863732099533081
-0.013794675469398499,0.005986404605209827,-0.052568793296813965
-0.03982023149728775,0.0214979350566864,-0.08191919326782227
-0.05872441828250885,0.04110273718833923,-0.06729960441589355
-0.04247629642486572,0.010005999356508255,-0.05917561054229736
-0.023387491703033447,-0.0158041100949049,-0.059528350830078125
0.031411606818437576,0.03103470243513584,0.14121508598327637
0.061815716326236725,0.14372213184833527,-0.2970072031021118
-0.05920208990573883,-0.03775639832019806,0.23038196563720703
-0.13813403248786926,-0.14824914932250977,0.28027403354644775
-0.0390983521938324,-0.016173887997865677,-0.07988154888153076
0.07632213830947876,0.0664256364107132,0.013298094272613525
0.41659754514694214,-0.08508068323135376,-0.015351057052612305
0.2927146553993225,-0.10824517160654068,0.0036638975143432617
0.13496756553649902,-0.061863403767347336,0.007764041423797607
-0.05527201294898987,-0.12223218381404877,0.009254217147827148
-0.1762537807226181,-0.2659090757369995,-0.012276530265808105
0.04259941726922989,-0.16618141531944275,0.006736159324645996
0.08361166715621948,-0.06465979665517807,-0.010751485824584961
0.05179991573095322,-0.09303942322731018,0.013249993324279785
0.06972311437129974,-0.1537337303161621,-0.010766983032226562
-0.31907451152801514,-0.7605196237564087,-0.004492044448852539
-0.2586238384246826,-0.587965190410614,-0.012227654457092285
-0.19234567880630493,-0.4619433581829071,0.009289085865020752
-0.27201348543167114,-0.0727924033999443,-0.014146745204925537
-0.20194348692893982,0.09764990210533142,0.006789863109588623
-0.07570919394493103,0.08604207634925842,-0.008437037467956543
0.030906129628419876,0.023047402501106262,0.001208186149597168
0.05874725803732872,-0.03650299459695816,-0.002879500389099121
0.0031939810141921043,-0.06836570799350739,-0.0015958547592163086
-0.06958016753196716,-0.07687690854072571,-0.00339508056640625
-0.1204129084944725,-0.0850318968296051,0.0016113519668579102
-0.14167772233486176,-0.08549118041992188,-0.004002034664154053
-0.11621706187725067,-0.08621916174888611,-0.003207683563232422
-0.05689499154686928,-0.044965267181396484,-0.002292037010192871
-0.02347058244049549,0.03289102390408516,-0.0015594959259033203
-0.0007159644737839699,0.14454975724220276,-0.0013924837112426758
0.010292064398527145,0.20140743255615234,-0.0005081892013549805
0.04348210245370865,0.19940774142742157,-0.00038683414459228516
0.1017293930053711,0.15574267506599426,-0.0027223825454711914
0.12003745138645172,0.1008680909872055,-0.0012891888618469238
0.08878429234027863,0.08137976378202438,-0.0025110244750976562
0.031049013137817383,0.04585570469498634,0.000250399112701416
-0.04448719695210457,0.059124089777469635,-0.0027256011962890625
-0.10173094272613525,0.1159670427441597,-0.002832651138305664
-0.11451978981494904,0.14117583632469177,-0.002176642417907715
-0.1239236444234848,0.11615937948226929,-0.001062631607055664
-0.1554381251335144,0.17235809564590454,-0.0016274452209472656
-0.06803609430789948,0.5495567321777344,-0.0023455023765563965
0.25419142842292786,0.5171260833740234,0.002460002899169922
0.34640100598335266,0.37633824348449707,0.0032681822776794434
0.1549450308084488,0.35592392086982727,-0.00039446353912353516
-0.03368773311376572,0.2910492420196533,-0.0014024972915649414
-0.11073460429906845,0.20658019185066223,-0.003417670726776123
0.024347998201847076,0.027839582413434982,-0.003265857696533203
0.1335534155368805,-0.11212660372257233,-0.0007030963897705078
0.10911919921636581,-0.10529837757349014,-0.0032363533973693848
0.1137193888425827,-0.09955239295959473,-0.003648519515991211
0.07968677580356598,-0.043977849185466766,0.0007611513137817383
-0.0014712633565068245,0.00028092600405216217,0.0004101991653442383
0.003495035693049431,-0.007781410589814186,-0.001832723617553711
0.0012303637340664864,-0.006572820246219635,-0.0030379295349121094
-0.003718157298862934,-0.006531313993036747,-0.00023031234741210938
-0.005956361070275307,-0.00561203807592392,-0.0024278759956359863
-0.0062377918511629105,-0.005225653760135174,-0.0015430450439453125
-0.005568590946495533,-0.005172228440642357,-0.0016802549362182617
-0.0030647264793515205,-0.0039033694192767143,-0.0003223419189453125
7.26180151104927e-05,-0.00567212700843811,-0.0029011964797973633
0.0025367969647049904,-0.006474786438047886,-0.0005054473876953125
0.00402893777936697,-0.007040931843221188,-0.0011920928955078125
0.002199675887823105,-0.0077783819288015366,-0.0011461973190307617
5.516503006219864e-05,-0.005828273482620716,-0.001207113265991211
-0.0010700169950723648,-0.004807460121810436,-0.00268709659576416
-0.0031821252778172493,-0.005347898229956627,-0.0014055371284484863
-0.005383625626564026,-0.004960192367434502,-0.0012682080268859863
-0.004669607616961002,-0.004255317151546478,-0.0034807920455932617
-0.003718758001923561,-0.004868088290095329,-0.0019398331642150879
-0.0015553943812847137,-0.005518573336303234,-0.0016499161720275879
6.025657057762146e-05,-0.005393537692725658,-0.0014516115188598633
0.0027627749368548393,-0.0065951161086559296,-0.0015431642532348633
0.003051523119211197,-0.006848322227597237,-0.0019857287406921387
0.0019163945689797401,-0.006003451533615589,-0.0030080676078796387
0.0004733121022582054,-0.006183425895869732,-0.0020772218704223633
-0.0018408596515655518,-0.005608108825981617,-0.0013144612312316895
-0.004106787033379078,-0.0054505690932273865,-0.0020009279251098633
-0.00454199593514204,-0.005161485634744167,-0.0020465850830078125
-0.0039525991305708885,-0.004734409041702747,-0.0021380186080932617
-0.003910043276846409,-0.005013062618672848,-0.0020160675048828125
-0.0013698674738407135,-0.005797860212624073,-0.0006276965141296387
0.0006940979510545731,-0.006944390945136547,-0.0015128850936889648
0.002939351834356785,-0.007332615554332733,-0.0014064311981201172
0.0031814249232411385,-0.006921619176864624,-0.0001398921012878418
0.0018563633784651756,-0.006006553769111633,-0.0013453960418701172
-0.0007301038131117821,-0.005580823868513107,-0.0013605356216430664
-0.0031379321590065956,-0.005136099644005299,-0.002093195915222168
-0.0049371980130672455,-0.005095834843814373,-0.0013306140899658203
-0.00582460779696703,-0.005347008816897869,-0.0016818046569824219
-0.004129994660615921,-0.0056251585483551025,-0.00027811527252197266
-0.002109265886247158,-0.005474601872265339,-0.0015143156051635742
-0.0007971040904521942,-0.005720803514122963,-0.0006449222564697266
0.002311360090970993,-0.005320018157362938,-0.0021099448204040527
0.0029057133942842484,-0.005330383777618408,-0.0022169947624206543
0.0027529923245310783,-0.006049443036317825,-0.0017441511154174805
0.0014243246987462044,-0.006817864254117012,-0.0009355545043945312
-0.000639820471405983,-0.005984938703477383,-0.0019884109497070312
-0.0020949775353074074,-0.00477367639541626,-0.0020647048950195312
-0.00390040036290884,-0.004382903687655926,-0.0017290711402893066
-0.003647085279226303,-0.004052874632179737,-0.002308964729309082
-0.002915378659963608,-0.005018116906285286,-0.0011339783668518066
-0.0011002738028764725,-0.005053932778537273,-0.002095460891723633
5.103647708892822e-06,-0.005495921708643436,-0.001317143440246582
0.0015565073117613792,-0.006236141547560692,-0.0016837120056152344
0.0015190215781331062,-0.0071682920679450035,-0.0015617012977600098
0.0015333173796534538,-0.0065916068851947784,-0.001760244369506836
-0.0001088930293917656,-0.005257494747638702,-0.002095937728881836
-0.002103058621287346,-0.005071891471743584,-0.0014243721961975098
-0.0028639109805226326,-0.005923112854361534,-0.002675473690032959
-0.003485126420855522,-0.004639423452317715,-0.002309143543243408
-0.003524363972246647,-0.004890169948339462,-0.001896977424621582
-0.0022967560216784477,-0.0053999172523617744,-0.0015462636947631836
-0.00036566518247127533,-0.006087127141654491,-0.002263665199279785
0.0013679666444659233,-0.005922209471464157,-0.0011343955993652344
0.002529407851397991,-0.005960812792181969,-0.0008289813995361328
0.0021337829530239105,-0.0058653466403484344,-0.0017904043197631836
0.0009189406409859657,-0.005235850811004639,-0.001317441463470459
0.000392252579331398,-0.006107136607170105,-0.0005391240119934082
-0.0018226588144898415,-0.005700882524251938,-0.002263307571411133
-0.003630048595368862,-0.00477058719843626,-0.0015921592712402344
-0.004359215497970581,-0.005058287642896175,-0.0018211007118225098
-0.003296901471912861,-0.005015973933041096,-0.0014700889587402344
-0.0007681809365749359,-0.005015484988689423,-0.0023092031478881836
0.000700581818819046,-0.00522027350962162,-0.0013478994369506836
0.0008108802139759064,-0.0054045626893639565,-0.0012716054916381836
0.002322230488061905,-0.006086560897529125,-0.0013176202774047852
0.0013447869569063187,-0.006461297161877155,-0.0005242824554443359
0.0005462914705276489,-0.005787781439721584,-0.0024313926696777344
-0.0009259972721338272,-0.006394290365278721,-0.0017906427383422852
-0.0026140091940760612,-0.005717933177947998,-0.0014548897743225098
-0.0037071770057082176,-0.004424319602549076,-0.0017446279525756836
-0.0031518051400780678,-0.004954609088599682,-0.0021108388900756836
-0.0021274350583553314,-0.004685256630182266,-0.000539243221282959
-0.0015265634283423424,-0.005339008755981922,-0.0006307363510131836
-7.902365177869797e-05,-0.004827264696359634,-0.001561582088470459
0.000562998466193676,-0.005990758538246155,-0.0027974843978881836
0.0020647188648581505,-0.006100441329181194,-0.001927793025970459
0.0008949590846896172,-0.006291021592915058,-0.0007225275039672852
-0.0014473963528871536,-0.006369490176439285,-0.0014091730117797852
-0.0020717401057481766,-0.00528781209141016,-0.002370476722717285
-0.002790692262351513,-0.0048622507601976395,-0.0014244318008422852
-0.0028890715911984444,-0.004452086053788662,-0.0017294883728027344
-0.0021308809518814087,-0.005316321738064289,-0.0018972158432006836
-0.0011967793107032776,-0.005486809648573399,-0.0027518272399902344
0.0002944553270936012,-0.005022921599447727,-0.0006766319274902344
0.001719428226351738,-0.005213567987084389,-0.0007225871086120605
0.001012294553220272,-0.005811293609440327,-0.0024013519287109375
0.00030446983873844147,-0.005068186670541763,-0.0011957883834838867
0.0005622413009405136,-0.006263037212193012,-0.0011501312255859375
-0.000657164491713047,-0.00578672531992197,-0.0011197924613952637
-0.002552117221057415,-0.005065787583589554,-0.0026609301567077637
-0.0026736948639154434,-0.005337914451956749,-0.002660989761352539
-0.003313519060611725,-0.005326280370354652,-0.0017148852348327637
-0.0024742651730775833,-0.004822157323360443,-0.0022489428520202637
-0.0015177587047219276,-0.00524695310741663,-0.002371370792388916
-8.062925189733505e-05,-0.0052103763446211815,-0.0015321969985961914
0.0014154314994812012,-0.006001895293593407,-0.001974821090698242
0.0007099220529198647,-0.006190768443048,-0.001562654972076416
0.00017111562192440033,-0.0058036018162965775,-0.002295255661010742
0.00020427070558071136,-0.005930093117058277,-0.0014562606811523438
-0.0003494704142212868,-0.005236371420323849,-0.00139540433883667
-0.0015113865956664085,-0.005245351232588291,-0.0018074512481689453
-0.0026493407785892487,-0.004883062094449997,-0.002067089080810547
-0.0024852342903614044,-0.005072925239801407,-0.002067089080810547
-0.0022117728367447853,-0.0048136478289961815,-0.0017925500869750977
-0.0006921878084540367,-0.005752841010689735,-0.0009380578994750977
-0.00013401173055171967,-0.004556287080049515,-0.0020672082901000977
0.000994957983493805,-0.005316855385899544,-0.0010448694229125977
0.001255885697901249,-0.006069710478186607,-0.0005258321762084961
-0.0002208305522799492,-0.00604463554918766,-0.001227736473083496
-0.00029968004673719406,-0.005192267708480358,-0.0019142627716064453
-0.0015250807628035545,-0.004616107791662216,-0.0009683370590209961
-0.0023577548563480377,-0.005711842328310013,-0.0018075108528137207
-0.003035777248442173,-0.004849860444664955,-0.0015480518341064453
-0.002162559889256954,-0.005649447441101074,-0.0015177130699157715
-0.0018602339550852776,-0.004449472762644291,-0.0009986162185668945
-0.0009350422769784927,-0.005603047087788582,-0.0016700029373168945
-0.00023176707327365875,-0.005727440118789673,-0.0016547441482543945
0.00016698334366083145,-0.005902096629142761,-0.0016853809356689453
-0.000473804771900177,-0.0063411276787519455,-0.0026468634605407715
-0.00016011297702789307,-0.005355796776711941,-0.002311408519744873
0.00012235809117555618,-0.0052796099334955215,-0.0004655122756958008
-0.000916765071451664,-0.005129462108016014,-0.0020982027053833008
-0.0020940108224749565,-0.004636475816369057,-0.0011674165725708008
-0.0017314525321125984,-0.0046731531620025635,-0.0015031695365905762
-0.0016405005007982254,-0.00553914625197649,-0.0018999576568603516
-0.000720675103366375,-0.005126927979290485,-0.0012284517288208008
-0.001461709849536419,-0.005434202030301094,-0.00115203857421875
-0.0007369536906480789,-0.004802331328392029,-0.0016554594039916992
0.0006003864109516144,-0.004748262465000153,-0.0014724135398864746
-0.000398438423871994,-0.005574679002165794,-0.0021746158599853516
-0.0004359772428870201,-0.005834680981934071,-0.0007404685020446777
-0.00029605720192193985,-0.0056159039959311485,-0.001076340675354004
-0.0017901351675391197,-0.004189836792647839,-0.001427292823791504
-0.002725834958255291,-0.005395128391683102,-0.002434372901916504
-0.001660800538957119,-0.004868733696639538,-0.0019310712814331055
-0.0013675875961780548,-0.004477011971175671,-0.0020227432250976562
-0.0012571075931191444,-0.004900374449789524,-0.0022972822189331055
-1.6891397535800934e-05,-0.006039082072675228,-0.0025720596313476562
1.4316290616989136e-05,-0.005029814317822456,-0.0011376142501831055
0.0006924569606781006,-0.0055759381502866745,-0.0008018016815185547
-0.00036780349910259247,-0.005394444800913334,-0.0013818740844726562
-0.0014081252738833427,-0.0053393663838505745,-0.003457188606262207
-0.0010635461658239365,-0.004962489008903503,-0.0011075139045715332
-0.001511184498667717,-0.005264398641884327,-0.0014584064483642578
-0.0009372420608997345,-0.004955659620463848,-0.00199282169342041
-0.0018287962302565575,-0.004886292852461338,-0.0013061761856079102
-0.0011107735335826874,-0.004118162207305431,-0.0015808939933776855
-0.0002148859202861786,-0.00507175549864769,-0.0027710795402526855
8.7750144302845e-05,-0.00472645740956068,-0.0020235180854797363
0.00039517227560281754,-0.005811058916151524,-0.0018405914306640625
0.00016768928617238998,-0.005277643911540508,-0.0017642974853515625
-3.519374877214432e-05,-0.005485963076353073,-0.0013217926025390625
-0.0009816307574510574,-0.004570111632347107,-0.0006198287010192871
-0.0007589720189571381,-0.004043491557240486,-0.0008182525634765625
-0.0011114859953522682,-0.004608552902936935,-0.0018863081932067871
-0.0016000783070921898,-0.004962349310517311,-0.001993238925933838
-0.0014624837785959244,-0.005141609348356724,-0.002268195152282715
-0.0006204992532730103,-0.004881930537521839,-0.0015661120414733887
-0.000841168686747551,-0.005203403532505035,-0.0016726851463317871
-0.0007127737626433372,-0.005594129674136639,-0.0018253922462463379
0.0002002241089940071,-0.004722624085843563,-0.0022224783897399902
9.441003203392029e-05,-0.0047881100326776505,-0.0015208721160888672
-0.001392924226820469,-0.0052392082288861275,-0.0019177794456481934
-0.0009319614619016647,-0.005613888613879681,-0.0016123652458190918
-0.0015199147164821625,-0.005132933147251606,-0.002466857433319092
-0.001906679943203926,-0.00527596939355135,-0.0023598670959472656
-0.0010584695264697075,-0.005935613065958023,-0.0014137029647827148
-0.00150226429104805,-0.004927461035549641,-0.002176642417907715
2.7078203856945038e-05,-0.004738387651741505,-0.0017799139022827148
-0.00027301348745822906,-0.004667533561587334,-0.001978278160095215
-0.0002058437094092369,-0.005113990046083927,-0.0007730722427368164
0.00010315142571926117,-0.005888442508876324,-0.0012156367301940918
-0.0004957318305969238,-0.004718043841421604,-0.0017801523208618164
-0.0014942502602934837,-0.005177280865609646,-0.0015054941177368164
-0.0008834851905703545,-0.005732933059334755,-0.001764833927154541
-0.0012618256732821465,-0.005962063558399677,-0.0012156963348388672
-0.0015606759116053581,-0.004698838107287884,-0.0018262863159179688
-0.0016223248094320297,-0.004018057137727737,-0.0015061497688293457
-0.0011004023253917694,-0.004073093645274639,-0.001384139060974121
-0.0012584179639816284,-0.004921099171042442,-0.001231551170349121
-0.0004474371671676636,-0.004553495906293392,-0.0026354193687438965
-0.000546521507203579,-0.005129173398017883,-0.0018725395202636719
-0.0013404861092567444,-0.004869371652603149,-0.001246809959411621
-0.0012253979220986366,-0.005412285216152668,-0.0012774467468261719
-0.001230284571647644,-0.005449735559523106,-0.0024372339248657227
-0.0008676117286086082,-0.0051482850685715675,-0.0007590055465698242
-0.001697535626590252,-0.004173820838332176,-0.0018578767776489258
-0.0016181143000721931,-0.004498383030295372,-0.001446068286895752
-0.0006744861602783203,-0.004127933643758297,-0.001095116138458252
-0.00120590440928936,-0.004661235027015209,-0.0013698339462280273
-0.0008589942008256912,-0.004876463674008846,-0.0019495487213134766
-0.0004763063043355942,-0.004891187883913517,-0.0023769140243530273
-0.00020540691912174225,-0.004551446996629238,-0.0008664131164550781
-0.0003062756732106209,-0.004589088261127472,-0.0011107325553894043
-0.000937136821448803,-0.004219078458845615,-0.0011261701583862305
-0.0005910946056246758,-0.0040155211463570595,-0.0026978254318237305
-0.00096147321164608,-0.004377620294690132,-0.0023317933082580566
-0.001818384975194931,-0.004248392768204212,-0.001919865608215332
-0.0017363540828227997,-0.005201544612646103,-0.001736760139465332
-0.0011458536610007286,-0.004891056567430496,-0.00025665760040283203
-0.0012656664475798607,-0.004868516698479652,-0.0017213821411132812
-0.0006941128522157669,-0.004792582243680954,-0.0025755763053894043
-0.0008652769029140472,-0.004512965679168701,-0.0014005303382873535
-5.8360397815704346e-05,-0.005599509924650192,-0.0008969306945800781
-0.00020159315317869186,-0.0048166196793317795,-0.001766502857208252
-0.0006966916844248772,-0.005096184089779854,-0.0011714696884155273
-0.001457548700273037,-0.004628090187907219,-0.0018276572227478027
-0.0012670736759901047,-0.004655973054468632,-0.0009885430335998535
-0.0015377840027213097,-0.003746124915778637,-0.0021026134490966797
-0.0017295414581894875,-0.004219423979520798,-0.001812577247619629
-0.0002908557653427124,-0.004952608607709408,-0.0017514228820800781
-0.00023468956351280212,-0.0053969016298651695,-0.001553177833557129
-0.0005792593583464622,-0.005641652271151543,-0.002774059772491455
-0.00021736789494752884,-0.005045940168201923,-0.001904308795928955
7.5427815318107605e-06,-0.005067743360996246,-0.0009735226631164551
-0.0008159885182976723,-0.004449743777513504,-0.00024116039276123047
-0.001213589683175087,-0.0035839183256030083,-0.0028504133224487305
-0.00035340338945388794,-0.0048751505091786385,-0.0006073117256164551
-0.0014407727867364883,-0.004553372971713543,-0.0011565685272216797
-0.0017482303082942963,-0.005551894195377827,-0.002133011817932129
-0.0012254836037755013,-0.004672199487686157,-0.0008512735366821289
-0.0017793383449316025,-0.004463336430490017,-0.0009275674819946289
-0.0009260941296815872,-0.004494347609579563,-0.0015380382537841797
-0.000579281710088253,-0.004678766243159771,-0.0010651350021362305
3.149546682834625e-05,-0.004712745547294617,-0.0012634992599487305
-0.0003368956968188286,-0.004877536557614803,-0.0015078186988830566
-0.0004084790125489235,-0.004997751675546169,-0.002667546272277832
-0.0009474679827690125,-0.004529695957899094,-0.0030031204223632812
-0.0017679287120699883,-0.005565745756030083,-0.0016605854034423828
-0.002055726945400238,-0.004642217420041561,-0.0019505023956298828
-0.0022957175970077515,-0.0038281166926026344,-0.0020269155502319336
-0.001429736614227295,-0.0044131893664598465,-0.0017520785331726074
-0.0005676262080669403,-0.004364385269582272,-0.001858830451965332
-0.0002050912007689476,-0.004905758425593376,-0.0015230178833007812
0.0001132255420088768,-0.004813601262867451,-0.0016298294067382812
-0.0005937535315752029,-0.005108444951474667,-0.00014960765838623047
-0.0004202676936984062,-0.0046549513936042786,-0.0014315247535705566
-0.001202884130179882,-0.004326541908085346,-0.0018744468688964844
-0.0009175734594464302,-0.004961333237588406,-0.0012488365173339844
-0.0009128693491220474,-0.00473928265273571,-0.002195000648498535
-0.0008509736508131027,-0.004772416315972805,-0.002637505531311035
-0.00041174236685037613,-0.004366910085082054,-0.0010353922843933105
-0.0011303247883915901,-0.004374261945486069,-0.001203298568725586
0.00016470812261104584,-0.004566853865981102,-0.0025919079780578613
-0.0004358673468232155,-0.004448805004358292,-0.0016460418701171875
-0.00040845293551683426,-0.004560420289635658,-0.0016916990280151367
2.581067383289337e-05,-0.005697552114725113,-0.0014475584030151367
-0.0004850989207625389,-0.005205564200878143,-0.0011575818061828613
-0.002038446255028248,-0.003926796838641167,-0.0009286403656005859
-0.0010187458246946335,-0.004294981248676777,-0.0002573728561401367
-0.0015280330553650856,-0.004787246696650982,-0.001569509506225586
-0.0013946564868092537,-0.0048126718029379845,-0.0026378631591796875
-0.0007586479187011719,-0.0049806321039795876,-0.001539468765258789
-0.0005221692845225334,-0.004538963548839092,-0.0016465187072753906
-0.00038400106132030487,-0.004529274068772793,-0.0023485422134399414
-0.0004098266363143921,-0.0035332022234797478,-0.0016162395477294922
-0.001621871255338192,-0.0039229970425367355,-0.002119779586791992
3.652554005384445e-05,-0.0044869957491755486,-0.001891016960144043
-0.0009647142142057419,-0.0048704855144023895,-0.000792384147644043
-0.0009704623371362686,-0.005493471398949623,-0.0012350678443908691
-0.0015017436817288399,-0.004075714386999607,-0.002531886100769043
-0.0017208168283104897,-0.003830348141491413,-0.002242147922515869
-0.0017151180654764175,-0.0034631453454494476,-0.0021964311599731445
-0.0013183234259486198,-0.004795738495886326,-0.0013113617897033691
-0.00012494530528783798,-0.004765345714986324,-0.0027458667755126953
-0.00030106958001852036,-0.0051713986322283745,-0.0012660026550292969
-0.0013843746855854988,-0.00433783233165741,-0.001983046531677246
-0.0010110847651958466,-0.004442060366272926,-0.0021202564239501953
-0.0006944313645362854,-0.004825230687856674,-0.002776503562927246
-0.0004155989736318588,-0.004723935388028622,-0.0017845630645751953
-0.0019903024658560753,-0.00457083061337471,-0.0018607378005981445
-0.0015371376648545265,-0.003968076780438423,-0.0017842650413513184
-0.0009544538334012032,-0.003894975408911705,-0.0005330443382263184
-0.002493911422789097,-0.003586726263165474,-0.0007164478302001953
-0.0015965234488248825,-0.00402555987238884,-0.0011742711067199707
-0.0004367278888821602,-0.004596298560500145,-0.0006706714630126953
0.00018023420125246048,-0.004335755482316017,-0.0011131763458251953
-0.0009806137531995773,-0.004923109896481037,-0.0017234086990356445
-0.0009257011115550995,-0.004563045687973499,-0.002059042453765869
-0.001386670395731926,-0.004678929224610329,-0.0010976791381835938
-0.001378137618303299,-0.004283241927623749,-0.001356959342956543
-0.001319914124906063,-0.004587517119944096,-0.0024557113647460938
-0.0012516006827354431,-0.003860432654619217,-0.0020897388458251953
-0.001432974822819233,-0.004052113741636276,-0.001876235008239746
-0.00030069705098867416,-0.004646108485758305,-0.0019981861114501953
-0.0005624108016490936,-0.004663276486098766,-0.0005941390991210938
-0.0013308683410286903,-0.004519850015640259,-0.0005028247833251953
-0.0010691192001104355,-0.004742753691971302,-0.0017085075378417969
-0.0012619588524103165,-0.004271423444151878,-0.0015103816986083984
-0.0007929010316729546,-0.004232143051922321,-0.0014341473579406738
-0.00013349391520023346,-0.0038115177303552628,-0.002136051654815674
-0.0008069463074207306,-0.004563918337225914,-0.0020291805267333984
-0.001045997254550457,-0.0042216600850224495,-0.0020290613174438477
-0.0013757096603512764,-0.004091644659638405,-0.0013118982315063477
-0.0012671183794736862,-0.005131391808390617,-0.0017087459564208984
-0.0005721887573599815,-0.004491066560149193,-0.0015409588813781738
-0.0011625457555055618,-0.004620191641151905,-0.0014187097549438477
-0.0009409571066498756,-0.004339788109064102,-0.0009610652923583984
-0.00039774365723133087,-0.00476875901222229,-0.0025787949562072754
-0.00011497270315885544,-0.004663179628551006,-0.0018769502639770508
-0.0016500400379300117,-0.0045072101056575775,-0.0013275146484375
-0.0007275193929672241,-0.004654658958315849,-0.0014037489891052246
-0.001081676222383976,-0.0044505540281534195,-0.0021054744720458984
-0.0006221113726496696,-0.004040391184389591,-0.0024106502532958984
-0.0016039377078413963,-0.003871762193739414,-0.001846015453338623
-0.001209980808198452,-0.005018898285925388,-0.0017240643501281738
-0.0007433649152517319,-0.0047365399077534676,-0.002258121967315674
-0.0004553571343421936,-0.0049997009336948395,-0.0019528865814208984
0.0005526533350348473,-0.005358192138373852,-0.0016172528266906738
-0.0007594795897603035,-0.004121474921703339,-0.0019073486328125
-0.0014403564855456352,-0.004000536166131496,-0.0018309354782104492
-0.0014947541058063507,-0.004229303449392319,-0.0010526180267333984
-0.0017425622791051865,-0.003840062767267227,-0.0024871230125427246
-0.0015310794115066528,-0.004278129898011684,-0.0008546113967895508
-0.0010727113112807274,-0.004441843368113041,-0.0012819766998291016
-0.001494438387453556,-0.005203871056437492,-0.0013124942779541016
-0.0015836544334888458,-0.004185925237834454,-0.0013887882232666016
-0.0010197320953011513,-0.0038169361650943756,-0.0012059211730957031
-0.0009776242077350616,-0.004264302551746368,-0.0028232336044311523
-0.0006851786747574806,-0.00494059082120657,-0.002060413360595703
-0.00022056326270103455,-0.00502505898475647,-0.00135880708694458
-0.0013380320742726326,-0.004367838613688946,-0.00141984224319458
-0.0002346588298678398,-0.003835677169263363,-0.00180131196975708
-0.0013614390045404434,-0.0032593542709946632,-0.00129777193069458
-0.0009916899725794792,-0.0036877263337373734,-0.0005503296852111816
-0.0004741102457046509,-0.003432799130678177,-0.001832425594329834
-0.001339145004749298,-0.0037266183644533157,-0.0011458396911621094
-0.0008215717971324921,-0.004392102360725403,-0.0014204978942871094
0.00020610075443983078,-0.004587385803461075,-0.0018783807754516602
-0.00039977673441171646,-0.00441108550876379,-0.001115560531616211
-0.00019118189811706543,-0.004235650412738323,-0.0016800165176391602
-0.00032918062061071396,-0.0038110222667455673,-0.0020154714584350586
-0.00043787993490695953,-0.0040838634595274925,-0.001725316047668457
-0.0005943244323134422,-0.004736949689686298,-0.002091526985168457
-0.0017024585977196693,-0.004509291611611843,-0.0010541677474975586
-0.0008033663034439087,-0.004043255932629108,-0.000932157039642334
-0.0006888080388307571,-0.0049391500651836395,-0.0017409920692443848
-0.0008587474003434181,-0.0044563086703419685,-0.00204622745513916
-0.0016302186995744705,-0.003551607020199299,-0.001161336898803711
-0.0007811281830072403,-0.003688571974635124,-0.0020006299018859863
9.827502071857452e-05,-0.003848194144666195,-0.0018327832221984863
-0.0006794873625040054,-0.004150348715484142,-0.0012074112892150879
-0.0008115861564874649,-0.004184527322649956,-0.0018639564514160156
-0.0016925623640418053,-0.004348279908299446,-0.001375734806060791
-0.0016347449272871017,-0.003585941158235073,-0.0015282630920410156
-0.0006090952083468437,-0.0036773784086108208,-0.002001345157623291
-0.00023965444415807724,-0.0045316265895962715,-0.000704348087310791
-0.0013256482779979706,-0.0032877102494239807,-0.0009179115295410156
-0.00041904672980308533,-0.003644113428890705,-0.0010857582092285156
-0.0019940054044127464,-0.004507197067141533,-0.0016655921936035156
-0.0012436984106898308,-0.004665465094149113,-0.0017114877700805664
0.00031809229403734207,-0.0038061393424868584,-0.0017573833465576172
-0.0007540471851825714,-0.0040525710210204124,-0.0019251108169555664
-0.001320675015449524,-0.003474273718893528,-0.0012843608856201172
-0.0009232349693775177,-0.0038346238434314728,-0.001910090446472168
-0.0010688528418540955,-0.004064519889652729,-0.0009028911590576172
-0.0006305985152721405,-0.00400947779417038,-0.0010402202606201172
-0.001988186500966549,-0.0029184436425566673,-0.0015131831169128418
-0.0008437195792794228,-0.00354184303432703,-0.0006892085075378418
-0.00194641575217247,-0.003402620553970337,-0.002077758312225342
-0.0011175833642482758,-0.00414910726249218,-0.002337217330932617
-0.0010452782735228539,-0.0042497748509049416,-0.0002467632293701172
-0.0010342011228203773,-0.004190925508737564,-0.0002161264419555664
-0.0008512670174241066,-0.004584072157740593,-0.0015434622764587402
-0.0007800702005624771,-0.0038536908105015755,-0.0015587806701660156
-0.0008771736174821854,-0.0035150861367583275,-0.0018030405044555664
-0.0009404802694916725,-0.003352757543325424,-0.002672731876373291
-0.0004023304209113121,-0.00440686009824276,-0.0024286508560180664
-0.0015254868194460869,-0.004543956369161606,-0.0018641352653503418
-0.0004198988899588585,-0.0037652412429451942,-0.0016047954559326172
-0.0008274437859654427,-0.003937436267733574,-0.0015437602996826172
-0.0010737041011452675,-0.00426301546394825,-0.002352595329284668
-0.0012779058888554573,-0.0032658586278557777,-0.0008116364479064941
-0.0012377426028251648,-0.0038303202018141747,-0.0011168718338012695
-0.0007826648652553558,-0.004280346445739269,-0.0020172595977783203
-0.0011492148041725159,-0.004537302069365978,-0.0014677047729492188
-0.0011518876999616623,-0.0040247319266200066,-0.001803278923034668
-0.00103725865483284,-0.0035880282521247864,-0.0020933151245117188
-0.0010097045451402664,-0.0033880220726132393,-0.0018491744995117188
-0.0016815420240163803,-0.0043451422825455666,-0.001955687999725342
-0.0013752533122897148,-0.00465999823063612,-0.002245306968688965
-0.0016357414424419403,-0.004038718529045582,-0.0023217201232910156
-0.00010344013571739197,-0.004822306334972382,-0.0012840032577514648
-0.0012076767161488533,-0.004221986047923565,-0.0027337074279785156
-0.0004639914259314537,-0.003841661848127842,-0.0025049448013305664
-8.66549089550972e-05,-0.0035874107852578163,-0.001574397087097168
-0.001036887988448143,-0.00408910121768713,-0.0013914704322814941
-0.0014520864933729172,-0.00404010247439146,-0.0023529529571533203
-0.0012406613677740097,-0.0038180481642484665,-0.0020020008087158203
-0.0022659599781036377,-0.003897726535797119,-0.0015900135040283203
-0.0008490616455674171,-0.004054720513522625,-0.001284480094909668
-0.0007645329460501671,-0.004678521305322647,-0.0025049448013305664
-0.0012602675706148148,-0.003358040004968643,1.2874603271484375e-05
-0.0008785855025053024,-0.003815947100520134,-0.0013756752014160156
-0.00021584052592515945,-0.003999212756752968,-0.002169013023376465
-0.0005035232752561569,-0.004416816867887974,-0.00029206275939941406
7.248576730489731e-05,-0.0029282961040735245,-0.0018330812454223633
-0.00022445525974035263,-0.00401037372648716,-0.0016192197799682617
-0.0014121653512120247,-0.004657536745071411,-0.0015581250190734863
-0.0012494204565882683,-0.004107476212084293,-0.0017260313034057617
-0.0013809362426400185,-0.003617146983742714,-0.0011464357376098633
-0.0012690341100096703,-0.004044275730848312,-0.0020467638969421387
-0.00192951038479805,-0.004906991496682167,-0.001497507095336914
0.00015253201127052307,-0.0046142637729644775,-0.0018638372421264648
-0.0009728409349918365,-0.00433538481593132,-0.0015589594841003418
-0.0008285911753773689,-0.0038393214344978333,-0.001772761344909668
-0.0010989094153046608,-0.0030777184292674065,-0.0014219284057617188
-0.0008378271013498306,-0.003142314963042736,-0.0010405778884887695
-0.00010676775127649307,-0.004678950645029545,-0.0009795427322387695
-0.001573682762682438,-0.003916616551578045,-0.0015441179275512695
-0.0018185684457421303,-0.004332327283918858,-0.0013458728790283203
-0.001151098869740963,-0.0038148555904626846,-0.001361250877380371
-0.000791965052485466,-0.0036741970106959343,-0.0014680027961730957
-0.0009312108159065247,-0.0037744352594017982,-0.0009034872055053711
-0.0005721449851989746,-0.004455097019672394,-0.0009188652038574219
-0.0008822940289974213,-0.0038444213569164276,-0.002307295799255371
-0.0010734973475337029,-0.0039495788514614105,-0.002093672752380371
-0.0009626280516386032,-0.004200480878353119,-0.0011777877807617188
-0.0002846755087375641,-0.003778618760406971,-0.0029325485229492188
-0.0016659433022141457,-0.003899778239428997,-0.0025662779808044434
-0.0007786927744746208,-0.00328096654266119,-0.0010100007057189941
-0.001130308024585247,-0.0042465198785066605,-0.0021085739135742188
-0.0009537264704704285,-0.00489640049636364,-0.0024291276931762695
0.0003231605514883995,-0.0039806365966796875,-0.0019103288650512695
-0.00016025453805923462,-0.0039005232974886894,-0.0011169910430908203
-0.0008145095780491829,-0.0035585854202508926,-0.0017119646072387695
-0.0013089431449770927,-0.004345241002738476,-0.001330554485321045
-0.001262914389371872,-0.0038689691573381424,-0.0009642243385314941
-0.0006183385848999023,-0.004905807785689831,-0.0014675259590148926
-0.0014503225684165955,-0.004450813867151737,-0.002031981945037842
-0.0015426557511091232,-0.0039021801203489304,-0.0010553598403930664
-0.0006543910130858421,-0.004158766940236092,-0.0014522075653076172
-0.0014650356024503708,-0.003972838632762432,-0.001177668571472168
-0.0016268454492092133,-0.003491349518299103,-0.0016052722930908203
-0.0007714945822954178,-0.004348711110651493,-0.0005981922149658203
-0.00023441854864358902,-0.003606450743973255,-0.001681506633758545
-0.0006661852821707726,-0.0035734297707676888,-0.0013154149055480957
-0.00012881960719823837,-0.0036146240308880806,-0.001162886619567871
-0.0009765373542904854,-0.004411318339407444,-0.0008270740509033203
-0.0012346655130386353,-0.0037946943193674088,-0.0002014636993408203
-0.0005826884880661964,-0.004064069129526615,-0.0016207695007324219
-0.0006840955466032028,-0.003825882449746132,-0.0019565820693969727
-0.0005565928295254707,-0.004242594353854656,-0.0014683008193969727
-0.0009309910237789154,-0.0038405032828450203,-0.002353191375732422
-0.0015620691701769829,-0.0037485985085368156,-0.0009492635726928711
-2.271123230457306e-05,-0.004160127602517605,-0.001254439353942871
-0.0010377392172813416,-0.00478657241910696,-0.0010561347007751465
-0.0002006571739912033,-0.0038035959005355835,-0.0015444755554199219
-0.0004923911765217781,-0.0035838838666677475,-0.0016210079193115234
-0.0014871349558234215,-0.0040830280631780624,-0.0018500089645385742
-0.0015154434368014336,-0.004217463545501232,-0.0019723176956176758
-0.0009634606540203094,-0.003975595347583294,-0.0009804964065551758
-0.000753563828766346,-0.003583601675927639,-0.0011026263236999512
-0.0010801488533616066,-0.003826173022389412,-0.0023233890533447266
-0.0012063998728990555,-0.0035052411258220673,-0.0012553930282592773
-0.0011023543775081635,-0.0038595935329794884,-0.0014691352844238281
-0.0011802753433585167,-0.00459863618016243,-0.0010421276092529297
-0.0013779886066913605,-0.0032568154856562614,-0.0023543834686279297
-0.0003771847113966942,-0.004285894334316254,-0.0024611949920654297
-0.00022277142852544785,-0.003990928642451763,-0.0033615827560424805
-0.0003423253074288368,-0.0034667765721678734,-0.0018204450607299805
-0.0009842906147241592,-0.003124370239675045,-0.0016221404075622559
-0.0013898732140660286,-0.0031267916783690453,-0.0012559294700622559
-0.0015066135674715042,-0.003164534457027912,-0.002308785915374756
-0.00015883706510066986,-0.003555777482688427,-0.0018205642700195312
-0.0006990004330873489,-0.004004073329269886,-0.001942455768585205
-0.0009161634370684624,-0.003997123800218105,-0.0009049177169799805
0.0001770518720149994,-0.0036411238834261894,-0.0010727643966674805
-0.0011405767872929573,-0.0039144838228821754,-0.0013475418090820312
-0.0007353490218520164,-0.004112018272280693,-0.0013933777809143066
-0.001371806487441063,-0.0036708107218146324,-0.0012562274932861328
-0.0012524835765361786,-0.003827029839158058,-0.001545727252960205
-0.0007642842829227448,-0.0037426240742206573,-0.0011946558952331543
-0.001290569081902504,-0.0043629854917526245,-0.0015305280685424805
-0.0008425787091255188,-0.003938009962439537,-0.0018811225891113281
-0.0003478368744254112,-0.0035157809033989906,-0.0029338598251342773
-0.0007526446133852005,-0.0036335987970232964,-0.001835167407989502
-0.0007551880553364754,-0.004098960198462009,-0.0013773441314697266
-0.0013902503997087479,-0.0038782889023423195,-0.00044667720794677734
-0.000856257975101471,-0.0036179162561893463,-0.0011333227157592773
-0.0009628273546695709,-0.0041427696123719215,-0.0009808540344238281
-0.0013955337926745415,-0.004117664881050587,-0.0023543238639831543
-0.001258181408047676,-0.0037365416064858437,-0.0014694929122924805
-0.0011680908501148224,-0.0035001523792743683,-0.0023393630981445312
-0.0017027612775564194,-0.0038865823298692703,-0.0019425749778747559
-0.0013813599944114685,-0.004277978092432022,-0.0014541149139404297
-0.0008780686184763908,-0.004526756703853607,-0.0003707408905029297
-0.0017513642087578773,-0.0028997333720326424,-0.0004013180732727051
-0.0001796465367078781,-0.0030386047437787056,-0.0012559294700622559
-0.0009801127016544342,-0.0036474261432886124,-0.002125978469848633
-0.00017633382230997086,-0.00403379462659359,-0.0012105703353881836
-0.0006074532866477966,-0.00422285683453083,-0.0011344552040100098
0.00019059330224990845,-0.0031503988429903984,-0.0009359121322631836
-0.0005860505625605583,-0.003605765290558338,-0.0009969472885131836
-0.0016257623210549355,-0.003257365897297859,-0.002217710018157959
-0.0004711691290140152,-0.004048332571983337,-0.0011190176010131836
-0.0008560046553611755,-0.004534116014838219,-0.0013629794120788574
-0.0007511768490076065,-0.003854033537209034,-0.002629518508911133
-0.0006150677800178528,-0.0028556110337376595,-0.002385377883911133
-0.0006705224514007568,-0.0036530019715428352,-0.0008900165557861328
-0.0010211952030658722,-0.004068952985107899,-0.0015920400619506836
-0.0017799772322177887,-0.0035270825028419495,-0.0014090538024902344
-0.0006674043834209442,-0.0031337346881628036,-0.0021715760231018066
-0.001137223094701767,-0.0037689395248889923,-0.0013475418090820312
-0.0005561932921409607,-0.004420212469995022,-0.0022479891777038574
-0.0015318961814045906,-0.0038042347878217697,-0.001347959041595459
-0.0017497604712843895,-0.0029369359835982323,-0.0015310049057006836
-0.0004773791879415512,-0.0036095092073082924,-0.0014701485633850098
-0.0008682524785399437,-0.003425442613661289,-0.002156853675842285
-0.0007304856553673744,-0.003786523826420307,-0.002050161361694336
-0.0007663359865546227,-0.0040792739018797874,-0.0016382336616516113
-0.0015448443591594696,-0.0034226039424538612,-0.001989006996154785
-0.0006526503711938858,-0.003024507313966751,-0.0007987022399902344
-0.001618117094039917,-0.0035563167184591293,-0.0013175010681152344
-0.0007544383406639099,-0.0036549903452396393,-0.0021109580993652344
-0.0013068309053778648,-0.0035800058394670486,-0.0020499229431152344
-0.0017804736271500587,-0.00367794930934906,-0.0012412071228027344
-0.001030036248266697,-0.004217731766402721,-0.0020346641540527344
-6.656162440776825e-06,-0.0034660259261727333,-0.0014091730117797852
-0.0009589055553078651,-0.0036803772673010826,-0.0015006065368652344
-0.0018779551610350609,-0.0034804996103048325,-0.001561582088470459
-0.0011986969038844109,-0.0036896849051117897,-0.001988649368286133
-0.0007430529221892357,-0.004624343477189541,-0.002263307571411133
-0.000246499665081501,-0.003887142986059189,-0.0009663105010986328
-0.001038295216858387,-0.0027558719739317894,-0.0014088749885559082
-0.0011483076959848404,-0.0034279925748705864,-0.0015003681182861328
-0.0009701373055577278,-0.00330155435949564,-0.000966191291809082
-0.0012914370745420456,-0.003262048587203026,-0.0011491775512695312
-0.0013205884024500847,-0.003795512020587921,-0.0019884109497070312
-0.00024183467030525208,-0.0034668492153286934,-0.002339482307434082
-0.0018480755388736725,-0.002758950926363468,-0.0020800232887268066
-0.0004139598459005356,-0.0036256182938814163,-0.0016678571701049805
-0.0007235482335090637,-0.0038728872314095497,-0.001423656940460205
-0.001101338304579258,-0.004848940297961235,-0.001103222370147705
-0.001247628591954708,-0.004270548932254314,-0.0014085173606872559
-0.001390041783452034,-0.003107050433754921,-0.002354860305786133
-0.0009652683511376381,-0.003515324555337429,-0.0018208026885986328
-0.0005706530064344406,-0.0035597309470176697,-0.0013325214385986328
-0.0002921801060438156,-0.00383188109844923,-0.002431154251098633
-0.0011541098356246948,-0.0036319950595498085,-0.0021259188652038574
-0.0007398072630167007,-0.0035208044573664665,-0.000966191291809082
-0.00027905870229005814,-0.0031562354415655136,-0.000966191291809082
-0.0007351478561758995,-0.0040136100724339485,-0.0018665790557861328
-0.0013055680319666862,-0.003287564031779766,-0.0010886192321777344
-0.002202417701482773,-0.0031790053471922874,-0.0011342167854309082
-0.001196533441543579,-0.0032713664695620537,-0.0012560486793518066
-0.0004039900377392769,-0.0034606503322720528,-0.0018360018730163574
-0.000555441714823246,-0.0036546122282743454,-0.003056764602661133
-0.0016672713682055473,-0.0033625252544879913,-0.001637578010559082
-0.0013235826045274734,-0.00347872544080019,-0.0014694929122924805
-0.0004328703507781029,-0.0037830080837011337,-0.002446115016937256
-0.0008247382938861847,-0.003338147886097431,-0.002049267292022705
-0.0007565608248114586,-0.003371947444975376,-0.0018051862716674805
-0.000667845830321312,-0.004385222680866718,-0.0021866559982299805
-0.0019847825169563293,-0.0037603387609124184,-0.0051621198654174805
-0.0013593565672636032,-0.004009059630334377,0.0009413957595825195
-0.0012084878981113434,-0.003969274461269379,0.0013228058815002441
-0.0014318795874714851,-0.0026724673807621002,-0.0016375184059143066
-0.001051248051226139,-0.002587493509054184,-0.003041386604309082
-0.0016063172370195389,-0.0033810511231422424,0.00030040740966796875
-0.00010698940604925156,-0.004867665469646454,-0.0038959383964538574
0.00030189286917448044,-0.006161668337881565,0.0009561777114868164
0.0999131128191948,-0.07852113991975784,-0.003026247024536133
0.3146904706954956,-0.2253223955631256,0.0010176897048950195
0.40189865231513977,-0.2501228451728821,-0.0016672611236572266
0.4623905420303345,-0.21172185242176056,-0.0004004836082458496
0.42918112874031067,-0.06733507663011551,-0.0018190741539001465
0.3750589191913605,0.17115852236747742,0.0005773305892944336
0.35216689109802246,0.3492152988910675,-0.0005206465721130371
0.20441362261772156,0.3428681194782257,-0.00027549266815185547
0.14339739084243774,0.2807287871837616,-0.0009304285049438477
0.10965479165315628,0.2313174456357956,-0.0006852149963378906
0.1033344641327858,0.2445899099111557,-0.001217961311340332
0.06402429938316345,0.28363052010536194,-0.002818763256072998
0.03131323307752609,0.30476003885269165,0.0021576285362243652
0.02263360098004341,0.30215737223625183,-0.0006480813026428223
0.1024986132979393,0.2807859182357788,-0.0019282102584838867
0.05584997311234474,0.23057271540164948,0.00042361021041870117
0.06409459561109543,0.1788119226694107,-0.00019919872283935547
0.12802870571613312,0.0944891944527626,0.0024123191833496094
0.09551732242107391,0.12903249263763428,-0.004025399684906006
0.1236819252371788,0.18338599801063538,-0.002147197723388672
0.13405810296535492,0.17474226653575897,-0.0014590024948120117
-0.016519401222467422,0.14760343730449677,-0.00217437744140625
-0.11264802515506744,0.12485653907060623,-0.0010733604431152344
-0.18189682066440582,0.05434085801243782,4.303455352783203e-05
-0.25851231813430786,0.009716604836285114,-0.0035248994827270508
-0.30674630403518677,0.019866591319441795,-0.0015693902969360352
-0.3447521924972534,0.030528901144862175,-0.0038716793060302734
-0.3291831314563751,0.0360293872654438,-0.0026804208755493164
-0.3829510509967804,0.053020674735307693,-0.0016880631446838379
-0.43122854828834534,0.0800839439034462,-0.0028474926948547363
-0.42462217807769775,0.10627371817827225,-0.0026952028274536133
-0.3698265552520752,0.0744442269206047,-0.0034443140029907227
-0.29449328780174255,0.0059655094519257545,-0.0012180805206298828
-0.19756676256656647,-0.005284343380481005,-0.00010597705841064453
-0.07973727583885193,-0.01965021714568138,-0.0021376609802246094
0.0017514433711767197,-0.03902854397892952,-0.0033465027809143066
0.021421315148472786,-0.04020164906978607,-0.001367807388305664
0.020263547077775,-0.0018428885377943516,-0.001131296157836914
0.01741713471710682,0.061008188873529434,0.003692150115966797
-0.044337403029203415,0.009669991210103035,0.02441650629043579
-0.08375745266675949,-0.012169433757662773,0.061992108821868896
0.06548915058374405,0.06785948574542999,0.16705846786499023
0.2644043564796448,0.06462825834751129,0.051656246185302734
0.28210264444351196,0.052724551409482956,-0.07078039646148682
0.04716900363564491,-0.032165419310331345,-0.11662590503692627
-0.18594340980052948,-0.24391822516918182,-0.0313875675201416
-0.34281232953071594,-0.30222657322883606,0.10411721467971802
-0.39890342950820923,-0.0817718654870987,0.850761890411377
-0.20830023288726807,0.18442711234092712,0.6869839429855347
-0.09935975819826126,0.19330182671546936,0.468791663646698
0.05611373484134674,0.1745261251926422,0.45994848012924194
0.24017052352428436,0.26236194372177124,0.43254196643829346
0.31437948346138,0.2741137146949768,0.28786325454711914
0.3492583632469177,0.2734508216381073,0.309800386428833
0.41431212425231934,0.1928262561559677,0.6477133631706238
0.49965715408325195,0.28974610567092896,0.602140486240387
0.17932230234146118,0.3406674265861511,0.09238219261169434
0.07613927125930786,0.04259311407804489,0.031810104846954346
0.3081713914871216,0.06355469673871994,0.2715149521827698
0.09281820058822632,0.26591381430625916,0.5251935124397278
-0.04705941677093506,0.3759997487068176,0.6943169832229614
-0.04048508405685425,0.4603038430213928,0.7706668972969055
-0.1634640097618103,0.5622174739837646,0.7481375932693481
-0.2529869079589844,0.6367266178131104,0.6687748432159424
-0.3130539059638977,0.6159265041351318,0.5430121421813965
-0.3471468687057495,0.5309426188468933,0.41806161403656006
-0.3633987307548523,0.47280213236808777,0.3186507225036621
-0.3751291036605835,0.46678006649017334,0.23482167720794678
-0.4032168984413147,0.4658765196800232,0.19597434997558594
-0.44479942321777344,0.42834585905075073,0.1882690191268921
-0.4606139063835144,0.3730924129486084,0.18707981705665588
-0.4208044409751892,0.2975952625274658,0.21047687530517578
-0.3235597014427185,0.18729257583618164,0.12153440713882446
-0.23210614919662476,-0.05323481559753418,-0.25363266468048096
-0.09600669145584106,0.005086660385131836,-0.29526638984680176
-0.06977611780166626,0.14999252557754517,-0.2922486662864685
-0.07818013429641724,0.22618699073791504,-0.25812554359436035
-0.1281980574131012,0.23716819286346436,-0.10441482067108154
-0.21495968103408813,0.17879337072372437,0.04657721519470215
-0.21876245737075806,0.0978538990020752,0.10823917388916016
-0.21213611960411072,0.03885012865066528,0.12196457386016846
-0.2330613136291504,0.014310359954833984,0.190379798412323
-0.25143006443977356,0.004070937633514404,0.2715038061141968
-0.2243659496307373,-0.01008230447769165,0.28710007667541504
-0.12410925328731537,-0.03584223985671997,0.26073187589645386
-0.0419413298368454,0.013240516185760498,0.19793927669525146
-0.046897903084754944,0.054233551025390625,0.11935222148895264
-0.05582932382822037,0.01016092300415039,0.012499868869781494
-0.057273708283901215,0.011413633823394775,-0.10243415832519531
-0.05287379026412964,0.045185387134552,-0.18591392040252686
-0.05250968039035797,0.038232386112213135,-0.23620563745498657
-0.02952532470226288,0.030388057231903076,-0.26686227321624756
-0.03503160923719406,0.05056476593017578,-0.266487717628479
-0.07009121775627136,0.05732560157775879,-0.22502517700195312
-0.10890989750623703,0.05654662847518921,-0.11995607614517212
-0.10626323521137238,0.05009448528289795,0.00944972038269043
-0.07303223013877869,0.03844958543777466,0.12371647357940674
-0.03890398144721985,0.019521474838256836,0.2250652313232422
0.002205096185207367,0.010540127754211426,0.30489981174468994
0.12053004652261734,-0.10835367441177368,0.3567740321159363
0.1958981454372406,-0.10889041423797607,0.3854190707206726
0.1716819703578949,-0.02720099687576294,0.3200693130493164
0.1668502241373062,0.0682528018951416,0.2280062437057495
0.0812641903758049,0.05663275718688965,0.14466291666030884
-0.0342671163380146,-0.04461127519607544,0.08158016204833984
-0.14552335441112518,-0.1671903133392334,0.09284031391143799
-0.13979394733905792,-0.1288812756538391,0.0939146876335144
-0.13904616236686707,-0.0523761510848999,0.03373420238494873
-0.10391359031200409,-0.05519741773605347,-0.06653594970703125
-0.031500134617090225,-0.09808629751205444,-0.15659654140472412
0.008930977433919907,-0.09995406866073608,-0.19412922859191895
0.03679690882563591,-0.07278597354888916,-0.1800248622894287
0.06741230934858322,-0.030721426010131836,-0.173733651638031
0.07483984529972076,-0.008976638317108154,-0.17351526021957397
0.05940705165266991,-0.0048223137855529785,-0.16021227836608887
0.006992138922214508,0.005181014537811279,-0.16900849342346191
-0.06304964423179626,0.020548760890960693,-0.18766140937805176
-0.11569933593273163,0.03496956825256348,-0.18590939044952393
-0.13208907842636108,0.037480711936950684,-0.16474425792694092
-0.12093156576156616,0.03592240810394287,-0.104483962059021
-0.10523387789726257,0.0428122878074646,-0.03806525468826294
-0.11103065311908722,0.04513990879058838,0.01191866397857666
-0.12776759266853333,0.019791364669799805,0.047648608684539795
-0.14584097266197205,0.0032552480697631836,0.056875765323638916
-0.15304051339626312,0.013839781284332275,0.0433344841003418
-0.14046983420848846,0.03312402963638306,0.020993709564208984
-0.11354734748601913,0.04182863235473633,-0.011057734489440918
-0.07718525826931,0.05232018232345581,-0.02641475200653076
-0.06125585734844208,0.003649294376373291,-0.02232462167739868
-0.05245932191610336,-0.04137653112411499,0.006241917610168457
-0.04032767936587334,-0.022941887378692627,0.03604531288146973
-0.036488473415374756,0.027343571186065674,0.03662687540054321
-0.062691330909729,0.0697321891784668,0.005493044853210449
-0.0901041254401207,0.057358384132385254,-0.03269779682159424
-0.1024942696094513,0.050945937633514404,-0.05741274356842041
-0.08963803201913834,0.051493167877197266,-0.07362699508666992
-0.07534319162368774,0.05576145648956299,-0.06778573989868164
-0.0662517175078392,0.06661444902420044,-0.03244352340698242
-0.0344059094786644,0.07694071531295776,0.0027337074279785156
0.11506922543048859,0.07692086696624756,0.02333974838256836
0.10555529594421387,0.060489773750305176,-0.060714662075042725
-0.057562679052352905,-0.0005750656127929688,-0.08099228143692017
-0.021970845758914948,-0.05885964632034302,0.034317731857299805
0.04109237343072891,-0.022038280963897705,0.08471083641052246
0.06067345291376114,0.028685450553894043,0.07122457027435303
0.03542598336935043,0.02872830629348755,0.05566436052322388
0.01767677813768387,0.007209420204162598,0.0642768144607544
-0.003977201879024506,0.009863972663879395,0.06517517566680908
-0.03298025578260422,0.010850191116333008,0.06278419494628906
-0.03782575577497482,0.006396949291229248,0.055884361267089844
-0.031053632497787476,0.007029473781585693,0.0511246919631958
-0.009362943470478058,0.009837806224822998,0.04146683216094971
0.015437722206115723,0.012566864490509033,0.009970247745513916
0.03196825087070465,0.012957215309143066,-0.010250210762023926
0.03301191329956055,0.007024943828582764,-0.018920063972473145
0.021651074290275574,0.0008577108383178711,-0.026541829109191895
0.002340972423553467,0.0010880231857299805,-0.027421295642852783
-0.013067960739135742,0.016009747982025146,-0.025768935680389404
-0.02546621859073639,0.026273071765899658,-0.032559752464294434
-0.02522251009941101,0.028605282306671143,-0.05310642719268799
-0.010799869894981384,0.036561667919158936,-0.08986127376556396
0.002368420362472534,0.036499738693237305,-0.10485601425170898
-0.0036597102880477905,0.029299378395080566,-0.0712006688117981
-0.019401103258132935,0.01989889144897461,-0.026600003242492676
-0.030700623989105225,0.004179716110229492,0.006062746047973633
-0.017712265253067017,-0.024559378623962402,0.04524260759353638
-0.014663800597190857,-0.030350923538208008,0.0737658143043518
-0.03262270987033844,-0.021568000316619873,0.09775054454803467
-0.06275568902492523,-0.016150474548339844,0.11117583513259888
-0.10245975852012634,-0.009884834289550781,0.1264604926109314
-0.11361865699291229,-0.04167729616165161,0.19209527969360352
-0.08538937568664551,-0.06809878349304199,0.27020782232284546
-0.06670704483985901,-0.0524219274520874,0.2997758388519287
-0.057376429438591,-0.01369941234588623,0.2888455390930176
-0.04587236046791077,0.019233524799346924,0.23524588346481323
-0.028721705079078674,0.02898961305618286,0.1300153136253357
-0.006258279085159302,0.028522968292236328,-0.0006812214851379395
0.041729241609573364,0.04983252286911011,-0.142858624458313
0.07773390412330627,0.07718813419342041,-0.2737520933151245
0.08764509856700897,0.07463496923446655,-0.3251553773880005
0.056064799427986145,0.05968976020812988,-0.3286588191986084
0.0025765597820281982,0.0339665412902832,-0.3234684467315674
-0.03332206606864929,0.06775587797164917,-0.3078216314315796
-0.05805172026157379,0.009941041469573975,-0.23265492916107178
-0.10125432908535004,-0.0228499174118042,-0.10521245002746582
-0.1093912422657013,0.00031822919845581055,0.018130779266357422
-0.10453113913536072,0.03631013631820679,0.07442092895507812
-0.06477323174476624,0.025706589221954346,0.08916628360748291
0.00878278911113739,-0.003792703151702881,0.06186389923095703
0.07775267958641052,-0.003111124038696289,-0.008141279220581055
0.1155686229467392,0.002898991107940674,-0.0815650224685669
0.11773152649402618,-0.00775521993637085,-0.11221903562545776
0.09083685278892517,-0.00779116153717041,-0.09794420003890991
0.04146800935268402,0.023496806621551514,-0.04199397563934326
-0.024869859218597412,0.02432084083557129,0.042379677295684814
-0.08578722178936005,-0.003972411155700684,0.10863566398620605
-0.09830200672149658,-0.0347517728805542,0.12776654958724976
-0.056952327489852905,-0.05393308401107788,0.1139380931854248
-0.003513246774673462,-0.038921236991882324,0.08577966690063477
0.03178395330905914,-0.004023432731628418,0.05060112476348877
0.036979079246520996,0.014981389045715332,0.025276780128479004
0.016538172960281372,0.008824348449707031,0.015959978103637695
-0.005597949028015137,-0.004240572452545166,0.031003952026367188
-0.03452207148075104,-0.01535940170288086,0.043497443199157715
-0.07348433136940002,-0.006352365016937256,0.03049290180206299
-0.11119034886360168,0.018400073051452637,0.007922112941741943
-0.13339030742645264,0.04256540536880493,-0.011904537677764893
-0.12868238985538483,0.05320626497268677,-0.033872783184051514
-0.10515831410884857,0.052481234073638916,-0.036875128746032715
-0.08007122576236725,0.04474884271621704,-0.033936142921447754
-0.04664990305900574,0.040937840938568115,-0.05219531059265137
0.0011528879404067993,0.049651145935058594,-0.08352375030517578
0.03702691197395325,0.06253200769424438,-0.10919886827468872
0.04979497194290161,0.0661168098449707,-0.11005926132202148
0.03076128661632538,0.04805105924606323,-0.06712090969085693
0.0019129514694213867,0.017067670822143555,-0.03549546003341675
-0.01888146996498108,0.005257606506347656,-0.026128530502319336
-0.04162268340587616,0.0224609375,-0.018272042274475098
-0.05262330174446106,0.0484737753868103,-0.033270835876464844
-0.0428975373506546,0.06561022996902466,-0.07002115249633789
-0.02956695854663849,0.060845792293548584,-0.08220845460891724
-0.020822882652282715,0.04868137836456299,-0.05776035785675049
-0.007345378398895264,0.041975438594818115,-0.02216494083404541
0.015042230486869812,0.04605293273925781,0.00650101900100708
0.05425252020359039,0.04586261510848999,0.031147539615631104
0.06321212649345398,0.0047719478607177734,0.05832052230834961
0.05344051122665405,-0.021154284477233887,0.09019303321838379
0.03061315417289734,-0.016963839530944824,0.11522865295410156
0.0015006810426712036,-0.00953984260559082,0.13790088891983032
-0.022350609302520752,-0.005873382091522217,0.1517065167427063
-0.042205870151519775,-0.0043149590492248535,0.1404401659965515
-0.047999635338783264,-0.0039406418800354,0.11813223361968994
-0.028813883662223816,0.015491306781768799,0.07408857345581055
-0.013161763548851013,0.023958444595336914,0.029827654361724854
-0.0003486424684524536,0.014744400978088379,-0.0027762651443481445
0.016825780272483826,0.0005370974540710449,-0.02443641424179077
0.03320847451686859,-0.007584512233734131,-0.023096680641174316
0.04201246798038483,-0.004922688007354736,-0.003093123435974121
0.028546065092086792,-0.00022709369659423828,0.00869905948638916
0.009000122547149658,-0.0023041367530822754,0.01691347360610962
0.0025736987590789795,-0.00674360990524292,0.02205413579940796
0.0023383498191833496,-0.00019091367721557617,0.009749412536621094
-0.007134631276130676,0.008398056030273438,-0.019651353359222412
-0.012510865926742554,0.002201378345489502,-0.03665804862976074
-0.007501617074012756,-0.0027942657470703125,-0.043932974338531494
-0.002043798565864563,-0.0025314688682556152,-0.010697126388549805
-0.032385870814323425,-0.03478604555130005,0.12137383222579956
-0.04465009272098541,-0.056294143199920654,0.1359550952911377
0.01719290018081665,-0.041455626487731934,0.05006217956542969
0.06211259961128235,-0.019297659397125244,-0.052403271198272705
0.06908157467842102,-0.016134023666381836,-0.12435442209243774
0.05944950878620148,-0.028080463409423828,-0.14528828859329224
0.015497013926506042,-0.023011326789855957,-0.11527669429779053
-0.040032610297203064,-0.0014418363571166992,-0.07121264934539795
-0.04203999042510986,0.012109577655792236,-0.06087923049926758
-0.02968314290046692,-0.012491285800933838,-0.06128472089767456
-0.00023546814918518066,-0.026337265968322754,-0.057328879833221436
0.019273266196250916,-0.03035193681716919,-0.055609703063964844
0.028323635458946228,-0.029134094715118408,-0.051441311836242676
0.0288325697183609,-0.02378976345062256,-0.04501688480377197
0.026350751519203186,-0.0260465145111084,-0.033304810523986816
0.027244895696640015,-0.028631389141082764,-0.016753792762756348
0.028033599257469177,-0.02065587043762207,-0.0008028745651245117
0.030990123748779297,-0.006727695465087891,0.005682766437530518
0.036366745829582214,0.0002110004425048828,0.0012410879135131836
0.046005845069885254,0.0025311708450317383,-0.010555863380432129
0.05360710620880127,0.0034012794494628906,-0.028744757175445557
0.04681047797203064,0.007371306419372559,-0.037978291511535645
0.028658464550971985,0.006698250770568848,-0.03370445966720581
0.0028281211853027344,0.0064321160316467285,-0.018961668014526367
-0.014833614230155945,0.007076442241668701,0.003178834915161133
-0.017709270119667053,0.007521510124206543,0.021050870418548584
-0.017732694745063782,0.008591234683990479,0.037679433822631836
-0.021045371890068054,0.009770810604095459,0.05652010440826416
-0.032328709959983826,0.012458384037017822,0.07540243864059448
-0.048279210925102234,0.014542698860168457,0.09092545509338379
-0.05449725687503815,0.01865708827972412,0.10132986307144165
-0.05074155330657959,0.027938425540924072,0.10409176349639893
-0.046311333775520325,0.038715481758117676,0.10408598184585571
-0.047393798828125,0.04424351453781128,0.0996558666229248
-0.05468769371509552,0.05116802453994751,0.0844031572341919
-0.06347479671239853,0.05777639150619507,0.07006323337554932
-0.08073260635137558,0.07207757234573364,0.06285083293914795
-0.10506802052259445,0.08994609117507935,0.06206858158111572
-0.12553618848323822,0.1115574836730957,0.08150684833526611
-0.15137581527233124,0.13167238235473633,0.10743463039398193
-0.14249782264232635,0.16595548391342163,0.18841922283172607
-0.1868605613708496,0.20724648237228394,0.20070546865463257
-0.238416850566864,0.18085342645645142,0.15643233060836792
-0.3348155915737152,0.16570723056793213,0.1000591516494751
-0.32843613624572754,0.22454839944839478,0.12875378131866455
-0.27550846338272095,0.2335941195487976,0.20976930856704712
-0.2238820344209671,0.15301531553268433,0.25243616104125977
-0.16236276924610138,0.11462122201919556,0.30186378955841064
-0.10061383992433548,0.21558350324630737,0.38491952419281006
-0.09515031427145004,0.3732907772064209,0.40628957748413086
