"event","experiment time","system time","system time text"
"START",0.000000000000000E0,1.682674721754690E9,"2023-04-28 18:38:41.755 UTC+09:00"
