X,Y,Z
-0.6737793684005737,-0.4223066568374634,0.5808336734771729
-1.0333245992660522,-0.28172656893730164,1.0835163593292236
-1.2449828386306763,0.27394890785217285,1.5434945821762085
-1.2542041540145874,0.5188273191452026,1.8569121360778809
-1.0104364156723022,0.1731969267129898,1.9957585334777832
-0.5575011372566223,-0.2397432178258896,1.508068323135376
-0.27481675148010254,-0.5194992423057556,0.4244837462902069
-0.28039076924324036,-0.6527785062789917,-0.4197671115398407
-0.32866618037223816,-0.8116241097450256,-0.6411471366882324
-0.3581268787384033,-0.8116797804832458,-0.5850262641906738
-0.3669198453426361,-0.2899593114852905,-0.4413236975669861
-0.4052616059780121,1.0491821765899658,-0.09399886429309845
-0.5257337093353271,1.3729701042175293,0.29605063796043396
-0.8243605494499207,1.1249297857284546,0.6248177886009216
-1.1868705749511719,0.42773789167404175,0.6241424083709717
-1.409159779548645,0.0350349135696888,-0.15355896949768066
-1.3391263484954834,-0.21187126636505127,-1.4541478157043457
-1.1000722646713257,-1.1201560497283936,-2.3460230827331543
-0.739387571811676,-2.3144631385803223,-2.337568521499634
-0.330099880695343,-3.1174278259277344,-2.056124687194824
-0.20388977229595184,-3.569352149963379,-1.7044306993484497
-0.5195311307907104,-3.8401997089385986,-0.9180797934532166
-1.1201072931289673,-3.6964101791381836,-0.30615943670272827
-1.8082103729248047,-3.3711886405944824,-0.25770899653434753
-2.483814001083374,-2.974848985671997,-0.580993115901947
-3.2229785919189453,-2.3111512660980225,-1.2118589878082275
-4.238927364349365,-1.5031462907791138,-1.8918745517730713
-5.270944118499756,-1.017396330833435,-2.2115514278411865
-5.77316951751709,-1.302516222000122,-2.28975510597229
-6.006386756896973,-1.9121403694152832,-2.18562912940979
-6.207039833068848,-2.5503602027893066,-2.127262830734253
-6.55552864074707,-3.2484867572784424,-2.118687629699707
-6.941112041473389,-3.8775086402893066,-2.117253065109253
-7.299031734466553,-4.28693962097168,-2.15051007270813
-7.7583441734313965,-4.623971462249756,-2.2601406574249268
-8.396021842956543,-4.977621555328369,-2.4697089195251465
-9.183716773986816,-5.163463592529297,-2.768601655960083
-10.039695739746094,-5.099003314971924,-3.175137758255005
-10.844945907592773,-4.691581726074219,-3.666635513305664
-11.426046371459961,-3.937751293182373,-4.2730512619018555
-11.738828659057617,-3.0236122608184814,-5.083375930786133
-11.765368461608887,-1.9831218719482422,-6.192343711853027
-11.37922477722168,-1.019038200378418,-7.543215274810791
-10.389391899108887,-0.20716853439807892,-9.001409530639648
-8.871617317199707,0.39607498049736023,-10.434407234191895
-7.224014759063721,0.8387507200241089,-11.644314765930176
-5.906259536743164,1.3961482048034668,-12.35821533203125
-5.1329755783081055,2.4047040939331055,-12.574589729309082
-4.706281661987305,3.7179460525512695,-12.30746841430664
-4.29803991317749,5.1200337409973145,-11.545364379882812
-3.7013611793518066,6.232327461242676,-10.585485458374023
-2.7199089527130127,6.847229480743408,-9.668116569519043
-1.515476942062378,6.871042251586914,-9.091792106628418
-0.319325715303421,6.426916599273682,-8.990047454833984
0.7392749190330505,5.709320068359375,-9.287302017211914
1.6013739109039307,4.982456684112549,-9.717254638671875
2.2307615280151367,4.379335403442383,-10.099279403686523
2.7513020038604736,3.836852788925171,-10.309786796569824
3.2561349868774414,3.351961135864258,-10.317148208618164
3.7022159099578857,2.8446195125579834,-10.09587287902832
4.163721084594727,2.1419849395751953,-9.647976875305176
4.622920036315918,1.305664300918579,-8.930096626281738
5.064953327178955,0.581574559211731,-7.965144634246826
5.567419052124023,0.19523540139198303,-6.991972923278809
6.180466175079346,0.11974970996379852,-6.069769382476807
7.040493488311768,-0.033352479338645935,-5.339334487915039
7.765707969665527,-0.23768964409828186,-4.755144119262695
8.075928688049316,-0.25188517570495605,-4.021403789520264
7.956959247589111,-0.018048444762825966,-3.146733283996582
7.741087436676025,0.6690991520881653,-2.135035991668701
7.994598865509033,1.9697110652923584,-1.1396968364715576
8.636507987976074,3.4733614921569824,-0.29573655128479004
9.483898162841797,4.787321090698242,0.34444954991340637
10.354965209960938,5.959851264953613,0.8127899169921875
11.043740272521973,6.595170974731445,1.1641900539398193
11.572003364562988,6.507897853851318,1.4726909399032593
12.015639305114746,5.795086860656738,1.6538710594177246
12.47782039642334,4.788843631744385,1.817049503326416
12.820136070251465,4.094053268432617,1.9071160554885864
12.949804306030273,4.252635955810547,1.8711796998977661
12.90351390838623,4.96518087387085,1.6729369163513184
12.80394458770752,5.646158695220947,1.1836879253387451
12.929753303527832,5.4419474601745605,0.5943958759307861
13.448689460754395,4.255147457122803,-0.04178338497877121
13.969189643859863,2.5054893493652344,-0.7674660086631775
14.260427474975586,0.7130287885665894,-1.5325419902801514
14.247833251953125,-0.9263817071914673,-2.387030839920044
14.03381061553955,-2.2030766010284424,-3.3576419353485107
13.689175605773926,-3.0347893238067627,-4.505688667297363
13.007061958312988,-3.68821120262146,-5.714491844177246
11.95519733428955,-4.213919162750244,-7.064335346221924
10.59890365600586,-4.302602767944336,-8.317169189453125
8.901884078979492,-4.0168657302856445,-9.234530448913574
7.254847049713135,-3.396902322769165,-9.977410316467285
5.998131275177002,-2.6177194118499756,-10.403777122497559
5.2118754386901855,-1.762927532196045,-10.495743751525879
4.766776084899902,-1.3213274478912354,-10.508013725280762
4.520221710205078,-1.4725817441940308,-10.640786170959473
4.220835208892822,-1.9561121463775635,-11.017062187194824
3.5798521041870117,-2.4405477046966553,-11.619170188903809
2.561110019683838,-2.554527521133423,-12.293270111083984
1.1594629287719727,-2.0323429107666016,-12.705694198608398
-0.3973493278026581,-0.847184419631958,-13.009034156799316
-1.611435055732727,0.809124767780304,-13.180249214172363
-2.3144264221191406,2.2504894733428955,-13.351775169372559
-2.638947010040283,2.9882893562316895,-13.45932674407959
-2.742748737335205,3.1280016899108887,-13.57014274597168
-3.093126058578491,2.5179505348205566,-13.589163780212402
-3.8207859992980957,1.8669803142547607,-13.431679725646973
-4.781336784362793,1.4743688106536865,-13.128503799438477
-5.908904552459717,1.2442221641540527,-12.958045959472656
-6.987251281738281,1.0628682374954224,-12.909401893615723
-7.796239852905273,0.7473694682121277,-12.953086853027344
-8.407637596130371,0.3504984676837921,-13.039138793945312
-8.908458709716797,-0.035262782126665115,-13.1278657913208
-9.206159591674805,-0.4403175115585327,-12.754484176635742
-9.622611999511719,-0.6559001207351685,-12.176435470581055
-10.305676460266113,-1.3098176717758179,-12.039443016052246
-10.891608238220215,-2.074894905090332,-11.97421646118164
-11.087374687194824,-2.5652878284454346,-11.67173957824707
-11.046180725097656,-2.9118473529815674,-11.287010192871094
-10.877779006958008,-3.503645181655884,-10.891928672790527
-10.631041526794434,-4.342888355255127,-10.40027141571045
-10.398633003234863,-5.355263710021973,-9.900396347045898
-10.124133110046387,-6.363861560821533,-9.457483291625977
-9.72545337677002,-7.083947658538818,-9.05274486541748
-9.359893798828125,-7.590043544769287,-8.744635581970215
-9.027776718139648,-8.019975662231445,-8.52381706237793
-8.601475715637207,-8.230419158935547,-8.35048770904541
-8.189451217651367,-8.09981918334961,-8.177346229553223
-7.888423442840576,-7.389066696166992,-7.999295711517334
-7.591797828674316,-6.2644147872924805,-7.746338367462158
-7.036620140075684,-4.8861775398254395,-7.520362377166748
-6.285246849060059,-3.486102819442749,-7.477204322814941
-5.527835845947266,-1.9216747283935547,-7.761720180511475
-4.993338584899902,-0.07030598074197769,-8.31660270690918
-4.543540000915527,1.854671835899353,-9.008098602294922
-3.919001817703247,3.7420358657836914,-9.70914363861084
-3.2245566844940186,5.34454345703125,-10.484318733215332
-2.527348518371582,6.436521053314209,-11.129976272583008
-1.8102962970733643,7.137515068054199,-11.225515365600586
-1.0780454874038696,7.528491020202637,-10.582576751708984
-0.38588571548461914,7.696955680847168,-9.438692092895508
0.30849286913871765,7.856353282928467,-8.181846618652344
1.0094184875488281,8.262908935546875,-7.09104061126709
1.7355073690414429,9.091416358947754,-6.357439041137695
2.6323318481445312,10.02239990234375,-6.245003700256348
3.836308240890503,10.481130599975586,-6.652162551879883
5.406007766723633,10.444756507873535,-7.536407470703125
6.98393440246582,9.708325386047363,-8.724695205688477
8.2534818649292,8.59079360961914,-9.801162719726562
9.022300720214844,7.291369915008545,-10.458853721618652
9.287068367004395,5.813226222991943,-10.590011596679688
9.083497047424316,3.8582324981689453,-10.34160327911377
8.504511833190918,1.739220380783081,-9.749140739440918
7.659467697143555,0.19834467768669128,-8.966053009033203
6.7667365074157715,-0.4264099895954132,-8.102949142456055
6.082304000854492,-0.4134436547756195,-7.102638244628906
6.032395362854004,-0.27367085218429565,-6.017697334289551
6.4827728271484375,-0.3802739381790161,-4.929366588592529
7.111605644226074,-0.654649019241333,-3.7533516883850098
7.654701232910156,-0.9837561249732971,-2.4537079334259033
8.142724990844727,-0.8101409077644348,-0.810664713382721
8.548377990722656,0.02594628371298313,1.150225043296814
9.004157066345215,1.420702338218689,3.2044994831085205
9.7335786819458,3.378429651260376,5.47352409362793
10.893814086914062,5.311852931976318,7.770565509796143
12.485482215881348,6.636991500854492,9.71563720703125
14.015690803527832,7.0127081871032715,10.956737518310547
15.412298202514648,6.396957874298096,11.3524808883667
16.654027938842773,5.025835037231445,11.161507606506348
17.53031349182129,3.396883249282837,10.548521041870117
17.834640502929688,2.364346742630005,9.468284606933594
17.449939727783203,1.9828892946243286,7.926451206207275
16.58307456970215,1.6145035028457642,6.279058933258057
16.009538650512695,1.824546456336975,4.664437294006348
15.810699462890625,2.2191152572631836,3.217632532119751
15.498932838439941,2.017202377319336,2.4546139240264893
15.192816734313965,0.9633614420890808,2.243032455444336
15.464077949523926,-1.2992618083953857,2.0980722904205322
16.019445419311523,-4.3125834465026855,0.8856546878814697
16.113082885742188,-6.81626033782959,-1.4343582391738892
14.726183891296387,-7.470430850982666,-3.911478042602539
11.659354209899902,-6.293846130371094,-6.011046886444092
8.177398681640625,-4.170854568481445,-7.671446323394775
5.652395248413086,-2.3977837562561035,-8.98294448852539
4.764864921569824,-1.341589331626892,-10.092495918273926
5.165247440338135,-0.9944186806678772,-10.925580978393555
5.874512195587158,-0.9743243455886841,-11.425402641296387
6.197864055633545,-0.812591552734375,-11.69994831085205
6.204686164855957,0.050951212644577026,-11.674117088317871
6.136948108673096,1.3941080570220947,-11.378182411193848
6.059729099273682,2.389263391494751,-10.861322402954102
6.056569576263428,2.7951953411102295,-10.233881950378418
6.184516429901123,2.6700820922851562,-9.788984298706055
6.219344139099121,2.1416192054748535,-9.701306343078613
5.989805221557617,1.5281779766082764,-9.843531608581543
5.39694356918335,1.25679612159729,-10.046553611755371
4.4695611000061035,1.262546420097351,-10.317713737487793
3.346642017364502,1.473235011100769,-10.608475685119629
2.207392930984497,1.7459437847137451,-10.82679557800293
1.2582967281341553,1.7993756532669067,-11.25812816619873
0.45957285165786743,1.540334701538086,-11.89678955078125
-0.3400316536426544,1.1803674697875977,-12.631715774536133
-1.172981858253479,0.7775769233703613,-13.386885643005371
-2.1667141914367676,0.33059459924697876,-14.047171592712402
-3.379943370819092,-0.020392432808876038,-14.43039608001709
-4.645195007324219,-0.020117832347750664,-14.47410774230957
-5.77947998046875,0.05179310962557793,-14.381999015808105
-6.46044921875,-0.09368829429149628,-14.432292938232422
-6.7494354248046875,-0.7950783371925354,-14.767013549804688
-6.861894130706787,-1.906707525253296,-15.220948219299316
-7.186690330505371,-3.2046639919281006,-15.43963623046875
-8.029571533203125,-4.548806667327881,-15.359902381896973
-9.902016639709473,-5.934854030609131,-14.996082305908203
-11.609273910522461,-5.960147857666016,-13.976280212402344
-12.406306266784668,-5.230756759643555,-12.76700210571289
-12.543066024780273,-4.9076642990112305,-11.855620384216309
-12.181622505187988,-5.289989948272705,-11.398510932922363
-11.442211151123047,-6.238927364349365,-11.134157180786133
-10.53866958618164,-7.4129252433776855,-10.765495300292969
-9.621360778808594,-8.402816772460938,-10.256148338317871
-8.634693145751953,-8.642241477966309,-9.661206245422363
-7.773301601409912,-7.876123905181885,-9.077138900756836
-6.9757490158081055,-6.168250560760498,-8.568238258361816
-6.095468044281006,-4.163334369659424,-7.946284294128418
-5.192549705505371,-2.540147304534912,-7.602155685424805
-4.497461795806885,-1.3516989946365356,-7.7051825523376465
-4.183456897735596,-0.18352359533309937,-8.090370178222656
-4.1240034103393555,1.1893936395645142,-8.738360404968262
-4.050718784332275,2.679994821548462,-9.574769020080566
-3.5716323852539062,3.9459803104400635,-10.219221115112305
-2.5921363830566406,4.8587236404418945,-10.514235496520996
-1.3140394687652588,5.410184860229492,-10.189186096191406
-0.141971617937088,6.119356632232666,-9.317112922668457
0.6384906768798828,6.9678215980529785,-8.182254791259766
1.2271066904067993,8.018959045410156,-6.976930618286133
1.7837804555892944,9.066829681396484,-6.110807418823242
2.5185017585754395,9.882842063903809,-5.805973529815674
3.482346296310425,10.285690307617188,-5.95370626449585
4.7961859703063965,10.459774017333984,-6.299271106719971
6.245937347412109,10.299823760986328,-6.978404998779297
7.466288089752197,9.765934944152832,-7.807649612426758
8.422566413879395,8.837451934814453,-8.649925231933594
9.215584754943848,7.385010719299316,-9.388762474060059
9.950121879577637,5.398640155792236,-9.984073638916016
10.423163414001465,3.015148401260376,-10.395057678222656
10.15799331665039,0.9657554030418396,-10.491318702697754
9.494536399841309,-0.2962260842323303,-10.161011695861816
8.997085571289062,-1.0675636529922485,-9.57348918914795
8.939107894897461,-1.5956990718841553,-8.673666000366211
9.308725357055664,-2.0604476928710938,-7.499480724334717
9.791169166564941,-2.707341194152832,-6.0698018074035645
10.338770866394043,-3.2099056243896484,-4.314658164978027
10.656113624572754,-3.2234907150268555,-2.345872163772583
10.950285911560059,-2.1102113723754883,-0.13519397377967834
11.604233741760254,0.40799424052238464,2.201414108276367
13.058917045593262,3.516810894012451,4.264912128448486
15.694313049316406,5.716403007507324,5.791666030883789
18.822492599487305,6.355967044830322,6.746284008026123
21.48952293395996,5.693363666534424,6.793602466583252
23.07816505432129,4.0160627365112305,6.122975826263428
23.475515365600586,2.3658552169799805,4.8825883865356445
23.206859588623047,0.9074037075042725,3.12264084815979
22.668264389038086,-0.5474726557731628,1.5798741579055786
21.395034790039062,-2.5135598182678223,0.3215765953063965
19.63001251220703,-4.09014368057251,-0.43278053402900696
18.138126373291016,-4.860815048217773,-0.8976251482963562
16.783966064453125,-5.351715564727783,-1.3692147731781006
15.75721263885498,-5.691580772399902,-2.0908632278442383
14.764004707336426,-5.64225959777832,-2.7698562145233154
13.04320240020752,-5.8335652351379395,-3.647779941558838
10.90285587310791,-5.758944988250732,-4.894710063934326
8.080526351928711,-5.331564426422119,-6.038796901702881
5.138335227966309,-4.7152323722839355,-7.293757915496826
2.8936991691589355,-4.4222917556762695,-8.597627639770508
1.7029941082000732,-4.480033874511719,-9.949724197387695
1.4632309675216675,-4.175234317779541,-11.25271987915039
1.6913559436798096,-3.060872793197632,-12.363479614257812
2.0137178897857666,-1.2365268468856812,-13.20370101928711
2.3283398151397705,1.0865693092346191,-13.592049598693848
2.828089475631714,3.494206428527832,-13.649508476257324
3.6151769161224365,5.533390998840332,-13.538294792175293
4.555100440979004,6.766684532165527,-13.218994140625
5.561228275299072,7.199153423309326,-12.703003883361816
6.291882514953613,6.926107883453369,-12.115979194641113
6.709391117095947,6.413697242736816,-11.589043617248535
6.729154109954834,5.669275760650635,-11.14289665222168
6.434732913970947,4.705496788024902,-10.862313270568848
5.980407238006592,3.6597542762756348,-10.88711929321289
5.38930082321167,2.485978841781616,-11.313251495361328
4.663303852081299,1.38422691822052,-12.131758689880371
3.814434289932251,0.541431188583374,-12.996381759643555
2.8886215686798096,0.3200826644897461,-14.025031089782715
2.0049543380737305,0.30129513144493103,-15.202326774597168
1.206182599067688,0.21829846501350403,-16.45667839050293
0.5492348670959473,0.4931420087814331,-17.53398323059082
0.11400201171636581,0.7206538915634155,-18.679685592651367
-0.5190457701683044,0.5263850688934326,-19.437124252319336
-1.801669716835022,0.6852912902832031,-19.372234344482422
-3.0174756050109863,0.5461557507514954,-18.705772399902344
-3.811901092529297,-1.1065696477890015,-18.187288284301758
-4.354116916656494,-3.830042839050293,-18.28076934814453
-5.186248302459717,-5.992247104644775,-18.591718673706055
-6.407454490661621,-6.198748588562012,-18.85150909423828
-7.862273693084717,-4.67890739440918,-18.32028579711914
-9.279473304748535,-3.187000036239624,-16.719213485717773
-9.765958786010742,-2.899819850921631,-15.239876747131348
-8.927818298339844,-3.9608161449432373,-14.306562423706055
-7.714132308959961,-5.577910423278809,-13.547321319580078
-6.655926704406738,-6.5664238929748535,-12.833683967590332
-5.865304470062256,-6.498555660247803,-12.210769653320312
-5.3976149559021,-5.621487140655518,-11.830266952514648
-4.9333014488220215,-4.186295986175537,-11.44029426574707
-4.277766704559326,-2.687154531478882,-10.569856643676758
-3.2842140197753906,-1.1430637836456299,-9.415327072143555
-2.2189271450042725,0.17080058157444,-8.436311721801758
-1.602332592010498,1.3576058149337769,-7.850060939788818
-1.5450745820999146,2.553741455078125,-7.614965438842773
-1.6293158531188965,3.8209736347198486,-7.701785564422607
-1.525110125541687,4.819060802459717,-8.161651611328125
-1.0733524560928345,5.232705593109131,-8.589056968688965
-0.3165513277053833,5.644697666168213,-8.344220161437988
0.4531750977039337,6.300452709197998,-7.38010835647583
1.0759025812149048,7.277395725250244,-6.09642219543457
1.6600570678710938,7.8934502601623535,-5.047670364379883
2.570493698120117,8.110535621643066,-4.451609134674072
3.64909029006958,8.055009841918945,-4.384497165679932
4.688814640045166,8.097508430480957,-4.49663782119751
5.750959396362305,8.315187454223633,-4.84024715423584
6.737194061279297,8.297176361083984,-5.405665397644043
7.705464839935303,7.905283451080322,-6.056350231170654
8.655129432678223,7.098249435424805,-6.681250095367432
9.475871086120605,6.014820098876953,-7.232146739959717
10.097373008728027,4.800556182861328,-7.562935829162598
10.667675018310547,3.2108054161071777,-7.606440544128418
10.99545669555664,1.60232675075531,-7.470332622528076
10.9717435836792,0.7136960625648499,-7.137454986572266
11.295318603515625,0.10907220095396042,-6.738884449005127
12.267096519470215,-0.7726635336875916,-6.428025722503662
13.326398849487305,-1.9019876718521118,-6.074970722198486
14.220548629760742,-3.0241127014160156,-5.543707370758057
14.688135147094727,-3.749565839767456,-4.717832088470459
14.711186408996582,-3.9819533824920654,-3.320483922958374
14.37518310546875,-3.2122902870178223,-1.4837243556976318
14.190619468688965,-1.0512996912002563,0.8147201538085938
14.295512199401855,2.1692352294921875,3.0728378295898438
14.658886909484863,5.285461902618408,4.676333427429199
15.852322578430176,6.980641841888428,5.609777450561523
17.293882369995117,6.470878601074219,6.005960941314697
18.055204391479492,4.609455108642578,5.840673923492432
18.3765811920166,2.4666144847869873,5.066460609436035
18.492908477783203,0.45331257581710815,4.217717170715332
18.130687713623047,-1.0297268629074097,3.6352148056030273
17.35512351989746,-1.559733271598816,3.346937894821167
16.12632942199707,-1.4778378009796143,3.392953395843506
14.997096061706543,-0.9920773506164551,3.324589490890503
14.02798080444336,-0.6704230308532715,3.0432794094085693
13.253722190856934,-0.8513467311859131,2.2427351474761963
12.63845157623291,-1.6555651426315308,1.0607471466064453
12.006121635437012,-2.6611487865448,-0.4518345296382904
11.163101196289062,-3.2406301498413086,-2.0567219257354736
10.309717178344727,-3.117323875427246,-3.795870065689087
9.6537504196167,-2.4538302421569824,-5.449366092681885
8.880553245544434,-1.8975750207901,-6.831533432006836
8.281064987182617,-1.4201538562774658,-8.040900230407715
7.841376781463623,-1.0415674448013306,-8.934529304504395
7.510851860046387,-0.5977223515510559,-9.565657615661621
7.311883449554443,0.1208411231637001,-9.844795227050781
7.2583136558532715,0.9200746417045593,-9.945558547973633
7.574155807495117,1.726830005645752,-9.992781639099121
8.23323917388916,2.7033512592315674,-10.071417808532715
8.927915573120117,3.582333564758301,-10.12093448638916
9.408559799194336,4.255722999572754,-10.148921012878418
9.550995826721191,4.683771133422852,-10.021181106567383
9.224776268005371,4.611447811126709,-9.661131858825684
8.62385082244873,3.929459810256958,-9.364082336425781
7.854609489440918,2.702326536178589,-9.24173641204834
6.983734130859375,1.172558307647705,-9.296015739440918
6.010421276092529,-0.3359159827232361,-9.6129789352417
4.9704694747924805,-1.320610761642456,-10.186599731445312
3.8950979709625244,-1.7428371906280518,-11.076290130615234
2.8907508850097656,-1.5435889959335327,-12.189995765686035
2.1405951976776123,-0.8825971484184265,-13.613332748413086
1.6521614789962769,-0.007237937767058611,-15.271416664123535
1.224387526512146,0.8813089728355408,-16.819761276245117
0.6056289672851562,1.6752511262893677,-17.69512176513672
-0.552523136138916,2.5903711318969727,-17.592697143554688
-1.81220281124115,3.280608654022217,-16.773473739624023
-2.3671281337738037,2.847187042236328,-16.039058685302734
-2.2367238998413086,0.8398633599281311,-15.770008087158203
-2.116182804107666,-1.6020843982696533,-15.908291816711426
-2.653895616531372,-3.5906624794006348,-16.387800216674805
-4.103476524353027,-4.8036580085754395,-16.778348922729492
-6.189454555511475,-4.861396789550781,-16.566951751708984
-8.388774871826172,-4.174279689788818,-15.695077896118164
-9.831795692443848,-3.559736728668213,-14.536397933959961
-10.05423355102539,-3.8493499755859375,-13.682490348815918
-9.409337043762207,-5.314094543457031,-13.350142478942871
-8.661096572875977,-7.167497634887695,-13.242231369018555
-8.372808456420898,-8.556050300598145,-13.031708717346191
-8.331489562988281,-9.120261192321777,-12.527029037475586
-8.2518949508667,-8.426198959350586,-11.889389991760254
-7.758716106414795,-6.2492170333862305,-11.255642890930176
-6.586836338043213,-3.383676767349243,-10.40628433227539
-4.509089469909668,-0.7870283722877502,-9.417638778686523
-2.1938064098358154,0.6785984039306641,-8.866365432739258
-0.6210319995880127,1.7284972667694092,-8.851758003234863
-0.17175430059432983,3.530508518218994,-9.373332977294922
-0.347243994474411,5.559520721435547,-10.282780647277832
-0.15427611768245697,6.924254894256592,-11.235930442810059
0.6505491733551025,6.986513137817383,-11.616360664367676
1.6273176670074463,6.437351703643799,-11.142168045043945
2.06746506690979,6.418137550354004,-9.859964370727539
2.114326000213623,6.8113298416137695,-8.146484375
2.1175453662872314,7.337222576141357,-6.425030708312988
2.072279214859009,7.958463191986084,-5.067094326019287
2.0100157260894775,8.49354076385498,-4.236868381500244
2.21560001373291,8.884618759155273,-3.7474727630615234
2.7959156036376953,9.083541870117188,-3.3776581287384033
3.6921002864837646,9.38792896270752,-3.008042097091675
4.6410651206970215,9.659428596496582,-2.729973554611206
5.480535984039307,9.847238540649414,-2.421276092529297
6.113938331604004,9.962239265441895,-2.047759771347046
6.438444137573242,9.872302055358887,-1.6956830024719238
6.5508713722229,9.599564552307129,-1.3031597137451172
6.5335469245910645,9.349565505981445,-0.8463000655174255
6.333672046661377,9.193243980407715,-0.3456365168094635
5.935366630554199,9.21012020111084,0.1929265409708023
5.470506191253662,9.390841484069824,0.7992650866508484
4.962991237640381,9.652186393737793,1.486355185508728
4.416576385498047,9.897988319396973,2.2747347354888916
3.762998342514038,10.017363548278809,3.1223464012145996
2.9923641681671143,9.939799308776855,3.7222561836242676
2.185889959335327,9.428971290588379,3.8132150173187256
1.492199182510376,8.498659133911133,3.454808235168457
1.0248026847839355,7.282970905303955,3.040696620941162
0.6362638473510742,6.185658931732178,2.7849044799804688
0.1968635767698288,5.594326972961426,2.695688486099243
-0.15666207671165466,5.572206974029541,2.80448317527771
-0.3362208902835846,5.641048908233643,3.058584213256836
-0.4353478252887726,5.401421546936035,3.2721378803253174
-0.43359360098838806,4.941511631011963,3.2550690174102783
-0.47884565591812134,4.578254699707031,3.0694985389709473
-0.7242037653923035,4.355770111083984,2.893079996109009
-1.0470918416976929,3.993177652359009,2.6159205436706543
-1.3094757795333862,3.6389200687408447,2.25776743888855
-1.5812307596206665,3.4521234035491943,2.0188803672790527
-1.8931033611297607,3.435457229614258,1.9068681001663208
-2.227501392364502,3.5217936038970947,1.8595316410064697
-2.5175318717956543,3.541334390640259,1.836198091506958
-2.699268341064453,3.4510529041290283,1.7802048921585083
-2.8643665313720703,3.277275323867798,1.6543734073638916
-2.960275411605835,3.0440547466278076,1.4533193111419678
-2.999579906463623,2.8463733196258545,1.2250949144363403
-3.0692877769470215,2.7313685417175293,1.1039071083068848
-3.112591505050659,2.724731206893921,1.1096888780593872
-3.054986000061035,2.7321696281433105,1.148608922958374
-2.9168992042541504,2.622924327850342,1.1622554063796997
-2.7832562923431396,2.463726282119751,1.1015636920928955
-2.7910866737365723,2.3315200805664062,1.0165866613388062
-2.9048502445220947,2.262950897216797,0.928584635257721
-2.9197700023651123,2.187037467956543,0.7863355875015259
-2.834658622741699,2.076590061187744,0.7216306328773499
-2.7196311950683594,1.9899351596832275,0.7336665391921997
-2.599368095397949,1.9575549364089966,0.7719523906707764
-2.5198850631713867,1.8631783723831177,0.7736863493919373
-2.366068124771118,1.821191668510437,0.6764576435089111
-2.0998826026916504,1.795485496520996,0.5950543880462646
-1.8371423482894897,1.6267188787460327,0.5626935958862305
-1.5914833545684814,1.4170165061950684,0.5148541927337646
-1.3996297121047974,1.31102454662323,0.4103475511074066
-1.3356846570968628,1.2843793630599976,0.33099040389060974
-1.3647364377975464,1.253884196281433,0.2606530785560608
-1.3717371225357056,1.2223800420761108,0.1848089098930359
-1.3271782398223877,1.2534308433532715,0.1853625774383545
-1.2625070810317993,1.291069507598877,0.2580024302005768
-1.142726182937622,1.3380591869354248,0.33829668164253235
-1.042081594467163,1.390545129776001,0.3724519908428192
-0.983170211315155,1.3939182758331299,0.3658430278301239
-0.9743629097938538,1.3225072622299194,0.3554132878780365
-0.9648882746696472,1.2297552824020386,0.2887469232082367
-0.9551853537559509,1.1454979181289673,0.18061192333698273
-0.9807019829750061,1.0828183889389038,0.12623655796051025
-0.9331813454627991,1.0102689266204834,0.0837426409125328
-0.8208552598953247,0.9660890698432922,0.13054539263248444
-0.6646424531936646,0.9766338467597961,0.22517363727092743
-0.5053583383560181,0.9689881205558777,0.24955664575099945
-0.32441699504852295,0.8805719614028931,0.21022334694862366
-0.17865979671478271,0.8394826054573059,0.17850211262702942
-0.1013871282339096,0.7678893804550171,0.19176198542118073
-0.029824761673808098,0.6546744704246521,0.2207166850566864
0.0284087173640728,0.5636207461357117,0.24179400503635406
0.06533469259738922,0.542555034160614,0.2672247588634491
0.013406515121459961,0.5820976495742798,0.34170031547546387
-0.08974185585975647,0.6071999073028564,0.4735337197780609
-0.16183309257030487,0.6128450036048889,0.5243141055107117
-0.21407368779182434,0.6462759375572205,0.5080575346946716
-0.27998027205467224,0.7200974225997925,0.42144063115119934
-0.34443461894989014,0.7486688494682312,0.3424929976463318
-0.39493533968925476,0.745013415813446,0.3095715343952179
-0.40656352043151855,0.7692545652389526,0.32632794976234436
-0.3787822127342224,0.7592717409133911,0.3955232799053192
-0.2776950001716614,0.706831693649292,0.38465970754623413
-0.16430267691612244,0.6557650566101074,0.3467418849468231
-0.1137908399105072,0.7204339504241943,0.3341381549835205
-0.15608422458171844,0.8405216932296753,0.32605892419815063
-0.27353015542030334,0.9461536407470703,0.3180192708969116
-0.4502042531967163,1.011013388633728,0.2563583254814148
-0.6248666048049927,1.0932581424713135,0.1755302995443344
-0.7724264860153198,1.1643898487091064,0.14021357893943787
-0.853198766708374,1.1840548515319824,0.1808696687221527
-0.8268164396286011,1.2150026559829712,0.2921871542930603
-0.7038357257843018,1.1895508766174316,0.40344950556755066
-0.5563727617263794,1.1083526611328125,0.5013379454612732
-0.42865708470344543,1.100134253501892,0.5790720582008362
-0.39915645122528076,1.192911148071289,0.6133706569671631
-0.5030841827392578,1.2180116176605225,0.5739493370056152
-0.6293462514877319,1.224016547203064,0.30018919706344604
-0.5694728493690491,1.4353593587875366,0.23312775790691376
-0.766583263874054,1.6627360582351685,0.3596164584159851
-0.838915228843689,1.6842114925384521,0.46440833806991577
-0.834266185760498,1.5492632389068604,0.5865475535392761
-0.7575620412826538,1.4222383499145508,0.6679659485816956
-0.6836755275726318,1.418201208114624,0.710368812084198
-0.6400673389434814,1.524867057800293,0.7490999698638916
-0.6492853164672852,1.6003592014312744,0.7721815705299377
-0.6724447011947632,1.6530351638793945,0.7917934656143188
-0.6854761242866516,1.6488739252090454,0.7860801815986633
-0.4651466906070709,1.72493577003479,0.8166818618774414
-0.5099514722824097,1.8913729190826416,0.9593843817710876
-0.6185165047645569,2.0716676712036133,0.9633783102035522
-0.627556324005127,2.2376492023468018,1.0330654382705688
-0.6095287203788757,2.3337771892547607,1.0866273641586304
-0.5573286414146423,2.476247787475586,1.2229050397872925
-0.5356573462486267,2.4026947021484375,1.3374817371368408
-0.48960813879966736,2.2439777851104736,1.387822151184082
-0.40484508872032166,2.159060478210449,1.3914742469787598
-0.30267104506492615,2.1218435764312744,1.339821696281433
-0.19616587460041046,2.1295714378356934,1.252032995223999
-0.1263873279094696,2.213397264480591,1.204876184463501
-0.11332705616950989,2.3205206394195557,1.1629101037979126
-0.13828301429748535,2.445335865020752,1.192476511001587
-0.14402063190937042,2.486985683441162,1.2933135032653809
-0.15868079662322998,2.396143913269043,1.3289161920547485
-0.20105305314064026,2.1540863513946533,1.2967259883880615
-0.22173036634922028,1.8306411504745483,1.1426334381103516
-0.22258441150188446,1.6447309255599976,0.9077160358428955
-0.21478986740112305,1.6782467365264893,0.7515885233879089
-0.2507026195526123,1.8318243026733398,0.618915855884552
-0.3714492917060852,1.9983954429626465,0.5675114989280701
-0.5571168661117554,2.052173137664795,0.5457870364189148
-0.7994927167892456,2.0272111892700195,0.5054662823677063
-1.072509527206421,2.018383264541626,0.4827204942703247
-1.314854621887207,2.0356285572052,0.503167450428009
-1.5145310163497925,2.044283151626587,0.5539077520370483
-1.6406139135360718,2.0128729343414307,0.5922271609306335
-1.0100663900375366,0.4248918890953064,0.32933592796325684
1.2329745292663574,0.8052977919578552,-0.1783754676580429
1.0486689805984497,0.47619661688804626,0.034768275916576385
1.1595981121063232,0.7594389915466309,0.15162698924541473
0.9100585579872131,0.6375183463096619,0.36574727296829224
0.5710104703903198,0.7447073459625244,0.46671488881111145
0.20146888494491577,0.7325697541236877,0.4725930690765381
-0.14000321924686432,0.8805389404296875,0.4259693920612335
-0.4659169018268585,1.116614580154419,0.3471141457557678
-0.6860730051994324,1.2751113176345825,0.30254000425338745
-0.7530642151832581,1.309723138809204,0.2630791962146759
-0.7554072737693787,1.2894444465637207,0.2289699763059616
-0.7611634135246277,1.3493975400924683,0.1858358234167099
-0.8202453851699829,1.4462862014770508,0.10776445269584656
-0.9136762619018555,1.5089634656906128,0.0335373654961586
-1.0087883472442627,1.5616663694381714,0.05693456903100014
-1.1137398481369019,1.673924207687378,0.36578360199928284
-0.9684532880783081,1.5471800565719604,0.3982398211956024
-0.6661503314971924,1.2815847396850586,0.3777775466442108
-0.5036227107048035,1.1410348415374756,0.46861639618873596
-0.4629293978214264,1.0196752548217773,0.5737518072128296
-0.4538669288158417,0.8939050436019897,0.601576030254364
-0.3663734793663025,0.8272464871406555,0.6346534490585327
-0.27094975113868713,0.7720730304718018,0.7037888765335083
-0.21539480984210968,0.7725902199745178,0.7356573939323425
-0.22436167299747467,0.8859261274337769,0.7375772595405579
-0.20636653900146484,1.0254442691802979,0.7266951203346252
-0.3039412796497345,1.4674434661865234,0.468580424785614
-0.35657528042793274,1.3032950162887573,0.1803443878889084
-0.3285151422023773,1.067594289779663,-0.05600423365831375
-0.33586567640304565,0.9619254469871521,-0.06940776109695435
-0.3319862484931946,0.8907862901687622,-0.10955571383237839
-0.22449153661727905,0.8041573166847229,-0.04877369850873947
0.2170400619506836,1.03972589969635,1.1179279088974
0.2747691571712494,1.172918677330017,2.1695213317871094
0.14208434522151947,1.4568347930908203,2.7741618156433105
0.001553335227072239,1.6386748552322388,2.8641979694366455
-0.021589800715446472,1.7897067070007324,2.5152575969696045
0.00491638109087944,1.9248754978179932,2.056607246398926
0.07957756519317627,2.135746479034424,1.7896754741668701
0.22728821635246277,2.3536007404327393,1.6986030340194702
0.3733040392398834,2.4624133110046387,1.597967267036438
0.46895283460617065,2.7206130027770996,1.5015422105789185
0.49941539764404297,3.0215330123901367,1.421999454498291
0.48866283893585205,3.3866119384765625,1.3996089696884155
0.4742535352706909,3.797368288040161,1.4336785078048706
0.5040671229362488,3.9580161571502686,1.5708318948745728
0.6213817596435547,4.097105026245117,1.7273039817810059
0.833734393119812,4.334214210510254,1.8119797706604004
1.1198241710662842,4.555585861206055,1.8071610927581787
1.4677077531814575,4.872559547424316,1.6951321363449097
1.8472750186920166,5.353377819061279,1.4935247898101807
2.3372650146484375,5.9517011642456055,1.2123316526412964
2.814120054244995,6.610008716583252,0.9692567586898804
3.157742738723755,7.044900894165039,0.686473548412323
3.452796459197998,7.11394739151001,0.5511058568954468
3.667820453643799,6.898383140563965,0.5238572955131531
3.7963411808013916,6.644758701324463,0.40326055884361267
3.801870822906494,6.494436264038086,0.15449810028076172
3.715172290802002,6.355364799499512,-0.20515994727611542
3.5793960094451904,6.228796482086182,-0.6401221752166748
3.4417526721954346,6.230347633361816,-1.150155782699585
3.3475801944732666,6.2828192710876465,-1.6721158027648926
3.3010687828063965,6.237637042999268,-2.194195032119751
3.271683692932129,5.892545223236084,-2.67207670211792
3.1952221393585205,5.154062747955322,-3.057739019393921
3.0392611026763916,4.3363871574401855,-3.371311902999878
2.82216215133667,3.57572603225708,-3.636422634124756
2.587637186050415,3.256474733352661,-3.862109661102295
2.3914196491241455,3.4579970836639404,-3.9795758724212646
2.248302698135376,3.9668736457824707,-3.936760187149048
2.1527862548828125,4.304738521575928,-3.8019368648529053
2.0897514820098877,4.274750232696533,-3.7108285427093506
2.0710322856903076,4.058061122894287,-3.7169880867004395
2.0962111949920654,3.9190590381622314,-3.704662322998047
2.142021656036377,3.826895236968994,-3.5695202350616455
2.2176294326782227,3.925384998321533,-3.296687602996826
2.3307008743286133,4.237926006317139,-2.8848230838775635
2.457585573196411,4.482265472412109,-2.4397335052490234
2.580068826675415,4.511306285858154,-2.1259710788726807
2.710843563079834,4.354475975036621,-2.027341365814209
2.8444302082061768,4.097231388092041,-2.0714592933654785
2.9894604682922363,3.9483144283294678,-2.1029722690582275
3.124987840652466,3.832648277282715,-1.9594553709030151
3.213886260986328,3.73435378074646,-1.6853574514389038
3.236605167388916,3.6197447776794434,-1.388927698135376
3.1725409030914307,3.3874666690826416,-1.1113932132720947
3.024611711502075,3.144209146499634,-0.99294114112854
2.820321798324585,2.854271173477173,-1.0546663999557495
2.576496124267578,2.481304168701172,-1.1698957681655884
2.3220531940460205,2.178457260131836,-1.2526568174362183
2.068594217300415,1.9312793016433716,-1.2597121000289917
1.8248296976089478,1.7058532238006592,-1.2280110120773315
1.6261045932769775,1.5416038036346436,-1.1338285207748413
1.4777425527572632,1.4151742458343506,-0.972906768321991
1.3796519041061401,1.4014264345169067,-0.8043350577354431
1.3014483451843262,1.42708420753479,-0.6268661022186279
1.243694543838501,1.4376827478408813,-0.45445626974105835
1.188049554824829,1.4400672912597656,-0.3332904279232025
1.1342097520828247,1.4501457214355469,-0.3275555968284607
1.0861235857009888,1.4469709396362305,-0.39995601773262024
1.031260371208191,1.4751062393188477,-0.4340444803237915
0.9910107851028442,1.5462990999221802,-0.41718295216560364
0.9918755292892456,1.5831823348999023,-0.42405417561531067
1.0319777727127075,1.5272051095962524,-0.4501814544200897
1.0933676958084106,1.4345978498458862,-0.4794141948223114
1.1525700092315674,1.40703547000885,-0.49728772044181824
1.2004121541976929,1.4317739009857178,-0.44270196557044983
1.204077959060669,1.3129417896270752,-0.32520148158073425
1.1423778533935547,1.1815546751022339,-0.22753268480300903
1.0237047672271729,1.1144769191741943,-0.17310333251953125
0.8652364611625671,0.9896848797798157,-0.17359520494937897
0.6949915289878845,0.8710147738456726,-0.1941702514886856
0.5148934125900269,0.7573832869529724,-0.20710761845111847
0.35243335366249084,0.6518533229827881,-0.27003902196884155
0.23033086955547333,0.5358390808105469,-0.39119580388069153
0.1731666773557663,0.37359216809272766,-0.46548330783843994
0.15664948523044586,0.2234836220741272,-0.4495767652988434
0.20041269063949585,0.10665261745452881,-0.3600030541419983
0.22537317872047424,0.07674851268529892,-0.24971303343772888
0.25181785225868225,0.024230197072029114,-0.16041122376918793
0.25602272152900696,0.012104825116693974,-0.11233291774988174
0.24822677671909332,0.052123021334409714,-0.08936533331871033
0.21846088767051697,0.06304943561553955,-0.061616525053977966
0.16324427723884583,0.03574354946613312,-0.06859986484050751
0.08427302539348602,-0.03403899446129799,-0.1093483567237854
0.015549792908132076,-0.11012215912342072,-0.13919036090373993
-0.037920355796813965,-0.1655912697315216,-0.16908328235149384
-0.05936458706855774,-0.17336387932300568,-0.1813632845878601
-0.06214812397956848,-0.14368535578250885,-0.15727952122688293
-0.02169734425842762,-0.09500593692064285,-0.13763704895973206
0.04504359886050224,-0.08138573169708252,-0.10607166588306427
0.12622606754302979,-0.0905613973736763,-0.06267295032739639
0.21581479907035828,-0.027436228469014168,-0.036806732416152954
0.3044506013393402,0.04132308065891266,-0.062069106847047806
0.37776023149490356,0.14757122099399567,-0.059045884758234024
0.43317797780036926,0.2074098140001297,0.0011017145588994026
0.45220947265625,0.18971817195415497,0.07110556215047836
0.44659721851348877,0.13310743868350983,0.10462256520986557
0.40974706411361694,0.08176569640636444,0.07333707809448242
0.4516829550266266,0.12209436297416687,-0.009638174436986446
1.2380685806274414,0.12476365268230438,-0.05471670255064964
1.407201886177063,-0.8142025470733643,-0.48541563749313354
1.2217953205108643,-0.9702781438827515,-1.0716911554336548
0.9523784518241882,-0.25720322132110596,-1.094753384590149
0.7331859469413757,0.09787047654390335,-0.6845951676368713
0.5550122261047363,0.16454005241394043,-0.2804698348045349
0.42114949226379395,0.0774187222123146,-0.10379306972026825
0.351431280374527,-0.059298474341630936,-0.08239424228668213
0.34536460041999817,-0.1887773722410202,-0.05982555076479912
-0.2011253982782364,0.11162610352039337,0.055592332035303116
-0.48763757944107056,-0.14480409026145935,0.11301089078187943
0.04715044051408768,0.25521838665008545,0.038001514971256256
0.004754780791699886,0.21230849623680115,-0.017660681158304214
0.009320983663201332,0.2941622734069824,-0.007429135963320732
0.0019767838530242443,0.3349653482437134,-0.005766790360212326
-0.003633656073361635,0.353691965341568,-0.06674742698669434
0.0032154610380530357,0.3812492787837982,-0.03840792924165726
-6.045063491910696e-05,0.4197844862937927,0.03156758472323418
0.004517789464443922,0.4870721995830536,0.09142372757196426
-0.026192761957645416,0.40580523014068604,0.1085737943649292
-0.00993762444704771,0.03885332867503166,0.058657366782426834
-0.0025955503806471825,0.0781506672501564,0.046562567353248596
-0.0023409519344568253,0.08395875990390778,0.08079057931900024
-0.0017457172507420182,0.05569571629166603,0.159438356757164
-0.005107957869768143,0.02459292858839035,0.14850609004497528
-0.0023745140060782433,0.014548254199326038,0.11025132238864899
-0.0015768971061334014,0.012882446870207787,0.06562605500221252
-0.001739403000101447,0.0071968017145991325,0.015588140115141869
-0.0009348619496449828,0.005962692201137543,-0.0008638049475848675
-0.0006748783634975553,0.0038633933290839195,0.0005689766258001328
-0.0001041629584506154,0.0030625807121396065,0.0007348917424678802
-1.0229647159576416e-05,0.0007042596698738635,-0.002291632816195488
-0.001540748286060989,0.000461912015452981,0.0008077542297542095
0.0006773728528060019,-0.0006976219010539353,0.0018453756347298622
-0.0009431606158614159,0.0008009388111531734,0.00016385596245527267
0.0007728219497948885,0.0007464364171028137,-0.0020777261815965176
-0.0004937774501740932,-5.890349711989984e-05,-0.0021206028759479523
0.001241949386894703,-0.001775193028151989,-0.0003325059078633785
0.0004587137373164296,-0.00037303875433281064,-0.0013184081763029099
-0.0015857152175158262,0.001662514521740377,0.0002499823458492756
0.0017882436513900757,-0.0003005014732480049,-0.0013425876386463642
-0.0007342426106333733,-5.592301022261381e-07,0.0014276327565312386
-0.001855433569289744,0.0020972127094864845,-0.0005974350497126579
0.000984223559498787,0.0018310784362256527,0.0001302468590438366
0.00045185768976807594,-3.233527240809053e-05,0.0014221463352441788
-0.002315881894901395,-0.00037951304693706334,0.0010837120935320854
-0.00037017627619206905,-0.0007065492100082338,0.000903415959328413
-0.00016088230768218637,-0.00195400882512331,-0.00023694895207881927
-0.0005148164345882833,3.803556319326162e-05,0.00048130564391613007
-0.001266342238523066,-0.0005880525568500161,-0.00045628752559423447
0.0010854953434318304,-0.0014642325695604086,0.0009024576283991337
-0.0022330698557198048,8.918929961510003e-05,-0.00026880064979195595
-0.0005395655753090978,4.7111359890550375e-05,-1.313723623752594e-05
0.0009069744846783578,-0.0001474050513934344,-0.000979599542915821
0.0003511727845761925,0.00024940594448708,-0.00030342256650328636
-0.001172555610537529,-0.0024136006832122803,-4.06741164624691e-05
-0.0014188979985192418,0.0025782284792512655,-0.0014164629392325878
-0.00208906433545053,-0.001577235059812665,-0.0005440656095743179
0.001865197205916047,0.0009634206653572619,0.0007166750729084015
0.00037525492371059954,0.0008338370826095343,-0.0024797036312520504
-1.2767646694555879e-05,-0.0008601996232755482,-0.0010722228325903416
-0.00045522081200033426,-0.0015037388075143099,0.00020007463172078133
0.0008534565567970276,0.0007418385939672589,0.0004666573368012905
-0.0013688555918633938,-0.000488961988594383,-0.001399471890181303
-0.00027695944299921393,-0.00024874485097825527,-0.0002708244137465954
-6.905663758516312e-05,0.00013331334048416466,-0.00042022857815027237
0.0005586504703387618,-6.402689177775756e-05,-0.001016510184854269
0.001546037383377552,-0.0001538666692795232,0.0005238628946244717
-0.0014124682638794184,0.0002485369623173028,-0.00044978875666856766
0.0004401052719913423,6.988761742832139e-05,-0.0005669165402650833
-0.0006432686932384968,0.0007583147380501032,-0.00021085189655423164
0.0009639777126722038,-0.0015788399614393711,-0.0013813101686537266
0.00010111354640685022,-0.0011852247407659888,-0.0010643941350281239
-0.0019771521911025047,0.00033551768865436316,-0.0019723176956176758
0.00031582958763465285,0.0009816004894673824,0.0010642185807228088
0.00014320900663733482,-0.0010006465017795563,0.0005498547106981277
-0.004489892162382603,-0.0005620238953270018,0.0011400110088288784
-0.0019622743129730225,0.00019379533478058875,-0.002294774167239666
0.0007986247073858976,0.0014111262280493975,-0.0005711759440600872
0.0005635654088109732,-0.0006476514972746372,0.0014887256547808647
0.0016155140474438667,0.0002927106979768723,0.0013547688722610474
-0.00016270531341433525,1.5349432942457497e-05,0.000454513356089592
-0.001233296119607985,0.0013573162723332644,0.0016215108335018158
0.0006054108962416649,-0.000818219967186451,0.0006159008480608463
0.0008086101152002811,-0.002317313337698579,-0.00041926978155970573
-0.00037795750540681183,0.000196248380234465,0.00041962647810578346
-0.0007161790272220969,0.0010378073202446103,-0.0018166298978030682
0.0003745369613170624,0.0014064377173781395,-0.0010329680517315865
0.0010280766291543841,0.0013193523045629263,-0.0001852838322520256
-0.0018159938044846058,-0.0012399391271173954,0.00011527957394719124
0.0026274905540049076,-0.0003272739122621715,0.0003613559529185295
-0.0005590143846347928,-4.994949995307252e-05,0.00030953530222177505
-0.0007880461635068059,-0.0018409253098070621,-0.0008340259082615376
-0.0020178304985165596,0.0008141805301420391,0.001577453687787056
-0.0007155447965487838,-0.0017722815973684192,-1.8046237528324127e-05
-0.0011949894251301885,0.0007189634488895535,-0.00030604656785726547
-0.0006509055965580046,-0.001377210603095591,-0.0011055273935198784
0.0018740450032055378,-0.001699274405837059,-0.0024240375496447086
0.0003690927696879953,3.897080023307353e-05,0.0009158328175544739
0.0023436355404555798,-0.0024857213720679283,-0.0033638838212937117
-0.00195896765217185,0.0005662612384185195,0.002199193462729454
0.00039343658136203885,-0.0022570048458874226,0.0003922940231859684
-0.00018819779506884515,-0.0005802784580737352,-0.00017416011542081833
0.002448446350172162,0.0009685137774795294,-0.00033040717244148254
-0.000579833984375,0.00021856764215044677,-0.0009770230390131474
0.0014914374332875013,-0.001792696537449956,-0.0014073117636144161
-0.0019954394083470106,0.0010984311811625957,-0.0012065093033015728
-0.000892140727955848,-0.0005941337440162897,0.0007032970897853374
-0.0017174542881548405,-0.0021672630682587624,-0.0006650350987911224
-0.0005440782988443971,9.790077456273139e-06,-0.0011444957926869392
-0.0003190412244293839,0.0022039685864001513,0.0006371592171490192
0.0025907878298312426,-0.0006824623560532928,0.003235462587326765
4.5604712795466185e-05,4.298270505387336e-05,0.0029616900719702244
-0.0011344653321430087,0.001193963922560215,-0.0028931426350027323
-0.00020795161253772676,-0.000626839289907366,0.000854989979416132
-0.0011695313733071089,0.00093688047491014,0.0008549247868359089
0.0004403495113365352,0.00010118051432073116,-0.002090265043079853
-0.0011200353037565947,0.00010742686572484672,-0.0012724599801003933
-0.0020630608778446913,-0.0018830196931958199,-0.00048709334805607796
-0.00015992551925592124,-0.0010655750520527363,-0.0005182619206607342
-0.0006291745230555534,-0.001529497792944312,-0.0015140180476009846
-0.0006015229737386107,0.0022524467203766108,0.00042227888479828835
-0.0009836865356191993,0.0029355476144701242,-0.0009702881798148155
0.0002319537743460387,-1.1090407497249544e-05,-0.0012341104447841644
0.001483905827626586,-0.0004577025247272104,-0.0004487442784011364
0.00022618479852098972,-0.0028007361106574535,-0.003678601700812578
0.0004813156265299767,-0.0004928407724946737,-0.0017307656817138195
-0.0011092782951891422,-0.0005896110669709742,0.0008876095525920391
-0.001030981307849288,0.000972865498624742,-0.001675149891525507
0.000640217331238091,0.0013600862585008144,-0.00043224869295954704
0.0004324907495174557,0.0004812430706806481,-0.00044263480231165886
-0.0009012816590256989,0.00029772205743938684,0.001604076474905014
0.000505666364915669,0.0013206423027440906,-0.0020308722741901875
0.000458268856164068,4.8203335609287024e-05,0.0004418063908815384
0.0015991671243682504,-0.0007656586822122335,0.0013707168400287628
0.0008024263079278171,0.0001942639210028574,-0.00023772520944476128
-0.0005078489193692803,1.8228980479761958e-05,-0.0008976566605269909
-0.003108916338533163,0.0011540430132299662,0.0004923171363770962
-0.00042897730600088835,-8.938691462390125e-05,0.0015639732591807842
-0.00014024111442267895,-0.0018433608347550035,0.002141679171472788
0.0018893539672717452,-0.0015847678296267986,0.0009294077754020691
-0.0006755719659850001,-0.0013644754653796554,0.0014181677252054214
0.0013801221502944827,-0.0005761798820458353,0.0016807550564408302
-0.0015920237638056278,0.0013843944761902094,0.00015662191435694695
-0.000923836778383702,0.0010786636266857386,-0.0006271465681493282
0.0019076645839959383,1.142181281466037e-05,-0.0007615452632308006
0.0005933945649303496,0.0006673583993688226,-0.0006688670255243778
5.150708602741361e-05,0.0018528384389355779,0.0013131997548043728
0.0018014701781794429,-6.46376283839345e-05,-0.0002956157550215721
-0.0028553178999572992,3.159829066134989e-05,0.0013421177864074707
-7.657558307982981e-05,-0.0012179568875581026,-0.00015005096793174744
-0.001032436266541481,-0.0005024088313803077,0.0005433829501271248
-0.0012891648802906275,0.0005577955744229257,0.002597479149699211
0.0005678285961039364,0.0030350678134709597,-0.0027814984787255526
0.004094120115041733,0.00045899205724708736,-0.0036049478221684694
-9.436620166525245e-05,0.002322911750525236,-0.0003485213965177536
-0.0011945180594921112,0.0027855029329657555,0.00034443335607647896
-0.00011984026059508324,0.0002585086040198803,-0.00224087992683053
-0.00017123925499618053,-0.00024110040976665914,-0.0018323510885238647
-0.00028640145319513977,0.0012982268817722797,0.00129800196737051
0.00019323386368341744,-0.0001963391259778291,-0.0009092260152101517
-0.0005575631512328982,-0.0013926432002335787,8.926726877689362e-05
-0.00035276610287837684,-0.0014970391057431698,0.002846703864634037
0.002644269960001111,0.0013423331547528505,-0.0012321537360548973
0.000993376481346786,-0.001683816546574235,0.0016709575429558754
0.0032606925815343857,-0.00026920990785583854,-0.002004867885261774
-0.002941543236374855,-0.001070555066689849,-0.0016855550929903984
-0.000648322282359004,0.0008734639268368483,-0.0012555746361613274
3.957227454520762e-05,-0.0004445344675332308,-0.0011250795796513557
0.0018485637847334146,-0.00042565487092360854,0.0010954774916172028
-0.0003006072074640542,-0.0006584150833077729,1.1038035154342651e-05
8.578001870773733e-05,0.00025155130424536765,-0.0005233781412243843
0.0026469421572983265,0.0016422540647909045,-0.00031085778027772903
0.002875423990190029,0.0005920739495195448,0.001265061553567648
-0.00026843755040317774,-0.002543265465646982,-0.0004643951542675495
-0.0009049387881532311,-0.0014320194022729993,-0.001253089401870966
-0.0029385285452008247,0.0006817314424552023,0.0015197941102087498
0.0007398425368592143,-0.00011448450095485896,-0.0001139235682785511
0.0018652942962944508,0.0002857886138372123,-0.0015203389339148998
-0.0006929825176484883,-0.00042613400728441775,-0.0004973756149411201
-0.0005422475514933467,-0.0004927130648866296,-0.0002872520126402378
0.0004361786413937807,-0.002386223990470171,-0.0010848073288798332
-0.0008522587013430893,-0.0006594303413294256,0.000241180881857872
0.000526498886756599,0.0002560048596933484,-0.00010666996240615845
-0.0008721933700144291,-0.0006017993437126279,-0.0020880619995296
-0.0008020394598133862,-0.0014025797136127949,0.0015154764987528324
0.00028026921791024506,0.002238760469481349,-0.0024885861203074455
0.002907609799876809,0.0020239592995494604,0.0007456806488335133
-0.0006429165368899703,-0.0006834102678112686,0.0002197064459323883
0.0005922680720686913,-0.0007457943866029382,-0.0003477977588772774
-0.0016375966370105743,-0.0005889341700822115,-1.1440832167863846e-05
-0.001211842754855752,-0.0012004865566268563,0.0012840661220252514
0.0005042981938458979,0.0004999418160878122,-0.0016083931550383568
-0.0011956526432186365,0.0012109773233532906,-0.0020778817124664783
-0.00014210605877451599,-0.00124791928101331,-0.0017556389793753624
0.0008237815927714109,-0.0014787473483011127,0.00268595851957798
-0.0030844074208289385,0.00040091172559186816,-0.0011516562663018703
0.0001022072829073295,-0.0006378128309734166,0.001140668522566557
-0.00023654682445339859,-0.00021010915224906057,0.0005334680899977684
-0.00030179222812876105,0.0001618069363757968,0.0005448414012789726
0.0006489562802016735,-0.0027138744480907917,-0.0020645237527787685
0.0024597900919616222,-0.000186700199265033,-0.0017633517272770405
-0.0019472087733447552,-0.0010178728261962533,-0.001363078597933054
-0.00021516389097087085,0.0009408864425495267,-0.0009143049828708172
7.742695743218064e-06,0.00022369716316461563,0.0010899901390075684
-0.001954902894794941,-1.0659998224582523e-05,-0.001340128481388092
0.0006605875678360462,0.0014162617735564709,0.00016269320622086525
0.00045601255260407925,-0.000287086411844939,-0.0007906826213002205
-0.00017196079716086388,-0.0016950996359810233,-0.0027278659399598837
-0.002279936335980892,-0.0001357291912427172,-0.0007620397955179214
-0.0012085468042641878,-0.0012928725918754935,-0.00048640230670571327
-7.417990127578378e-05,3.128740354441106e-05,3.6349520087242126e-05
0.0009727086871862411,0.0002571234363131225,2.6229768991470337e-05
0.00023487687576562166,-0.0001522723032394424,-0.0012076972052454948
-0.0008511602645739913,-0.0004859663895331323,0.0007864776998758316
-0.0018379887333139777,0.0002793000021483749,-0.002940611680969596
0.0006472732638940215,0.0005799708887934685,0.0027486993931233883
0.0013218179810792208,0.001271358341909945,0.00014284532517194748
-0.0026569447945803404,0.00036108988570049405,-0.0011551794596016407
-0.0004910177085548639,-0.0015915364492684603,-0.0006602159701287746
0.0016043573850765824,-0.0003023002645932138,0.0009137121960520744
-0.004427596926689148,0.000850207987241447,8.945027366280556e-05
0.0026084748096764088,0.0007713783998042345,-0.0011643660254776478
-0.0006805091397836804,-0.0007942079100757837,0.00012658210471272469
-0.001859756768681109,-0.001512196147814393,0.0006445669569075108
-0.000607622554525733,0.0008682365296408534,-0.0012761489488184452
-0.0012220138451084495,-0.0013392575783655047,0.0002522389404475689
9.527502697892487e-05,-0.0011480862740427256,0.0018299808725714684
0.0005269734538160264,0.00017204266623593867,-0.002897396683692932
-0.0006067424546927214,0.0014059379464015365,-0.000146613921970129
-9.168710676021874e-05,0.00048821268137544394,0.00045259715989232063
-0.0009795041987672448,-0.0025130074936896563,0.0006180065684020519
0.0010812499094754457,0.000948036671616137,0.0002797851338982582
-0.0019448811654001474,-0.0005354034365154803,0.00027367984876036644
-0.0006820103153586388,-0.0010360777378082275,-0.0009271395392715931
-0.0017117123352363706,-0.00028099067276343703,0.0004037371836602688
0.0007818053709343076,-0.0004695424868259579,0.0007217186503112316
-0.00101965491194278,0.0008365146932192147,0.001934343483299017
0.0018602873897179961,0.0019936582539230585,-0.0007527857087552547
0.00020485550339799374,-0.0004885954549536109,0.00035288184881210327
0.00050233060028404,0.0014778826152905822,-0.0019057453610002995
-0.00014045304851606488,0.0012483018217608333,0.001583135686814785
-0.0006176915485411882,0.00090502027887851,0.0009351884946227074
-0.001554778660647571,-0.0037959564942866564,-0.00046379631385207176
-0.0015236197505146265,-0.0004712663358077407,0.00017509609460830688
-0.0020316913723945618,0.0022073190193623304,0.0009214496240019798
0.0005249431123957038,-0.0029546860605478287,0.0006745746359229088
0.0011977747781202197,-0.0015976352151483297,0.0016640974208712578
0.002861984074115753,0.000710260181222111,0.0018894006498157978
-0.001790953567251563,0.00044450588757172227,-0.001265557948499918
0.0015627651009708643,-9.030460205394775e-06,-0.002859193831682205
0.0029357378371059895,0.0006403667503036559,-0.0018181162886321545
-0.002997784875333309,0.0011037567164748907,0.0015995181165635586
0.001412771875038743,0.0011067806044593453,0.002103978767991066
0.0017520585097372532,0.003661018330603838,-0.0027656112797558308
-0.0013755919644609094,-0.0018990470562130213,-0.002613664139062166
0.00043855339754372835,0.0010666490998119116,-0.00016595283523201942
-0.0007949373684823513,-0.00034793614759109914,-0.0019389325752854347
0.0015619602054357529,0.0003841668367385864,0.0016669873148202896
0.0015990547835826874,0.0006330939941108227,-0.0012128110975027084
0.001784943393431604,0.0013814421836286783,0.0018476932309567928
-0.0013362836325541139,-0.0011944790603592992,-0.0018125358037650585
0.001837671734392643,0.0015216788742691278,-0.002329455455765128
0.0002273267600685358,-0.00016900658374652267,0.003366850782185793
-0.0013013276038691401,-0.0014097733655944467,0.0004472276195883751
0.001838783617131412,-0.0006933020777069032,0.00011499132961034775
-0.0016222604317590594,0.00025931064737960696,-0.0020187334157526493
0.0013853871496394277,0.00034545446396805346,-0.0012039914727210999
-0.0017672628164291382,-0.0015845383750274777,0.0005092201754450798
-0.0005555918323807418,-0.0014102268032729626,-0.0007308353669941425
0.0009520236635580659,-0.00034522858913987875,0.0010667983442544937
0.0008138397242873907,-0.0002170302759623155,-0.0003716726787388325
-0.0013177543878555298,-0.0003832115326076746,0.0007322076708078384
-0.0008897483348846436,0.0005841339589096606,-0.00010151835158467293
-0.0005483310669660568,0.00028159882640466094,-0.0023569492623209953
0.0013802084140479565,0.0005062620621174574,-0.00030502164736390114
-0.0009694987093098462,-0.0010708619374781847,0.0008164355531334877
-0.0011231916723772883,0.0005185555201023817,-0.00011639390140771866
-0.0011322463396936655,-0.0011901286197826266,0.0008194409310817719
0.0001384651695843786,-0.00036582467146217823,0.0006797020323574543
-0.0020202931482344866,-0.00012001492723356932,0.0001523960381746292
-0.002206625184044242,-0.00018474407261237502,-0.0009817159734666348
0.0010075439931824803,-0.0011267041554674506,-8.609471842646599e-05
-0.004045973066240549,0.0014203761238604784,-0.00379543611779809
0.007309745531529188,-0.0007839222671464086,-0.006117712706327438
-0.0005562962032854557,-0.0034730033949017525,-0.0063806273974478245
0.000793393817730248,0.0021699685603380203,0.0006506508216261864
0.0024018127005547285,0.001960496651008725,0.004363569896668196
-0.0027356911450624466,-0.00366010470315814,0.006850162986665964
0.0012773597845807672,0.001515986048616469,0.006366014946252108
0.0006957254372537136,0.0035077643115073442,0.004557995591312647
-0.0016997333150357008,0.0010899098124355078,0.001245927531272173
0.0005250713438726962,0.0005506197339855134,-0.002837230684235692
-0.0003241281083319336,0.0012213053414598107,-0.005811235401779413
0.00022741254360880703,-0.0008335898164659739,-0.0060242884792387486
0.0016229990869760513,-0.00029504066333174706,-0.0038922708481550217
-0.0019674748182296753,0.0008394659380428493,-0.000587554182857275
0.0002408761065453291,-0.001091519370675087,0.0038129491731524467
0.00032103725243359804,0.0023604698944836855,0.005211641080677509
-0.0010385829955339432,0.002674667863175273,0.0032559758983552456
0.0008527940372005105,0.0012757093645632267,0.001040492206811905
0.0008954387158155441,-0.0011176792904734612,-0.0014254897832870483
-0.0003831449430435896,0.0008304231450892985,-0.0011266833171248436
-0.0002491427003405988,0.0012789508327841759,-0.0017538033425807953
0.00013089037383906543,-0.0007573020993731916,2.3324042558670044e-05
0.0008707438828423619,0.0007383594638668001,0.0022968119010329247
0.0019338778220117092,-0.001701362314634025,0.0028717881068587303
0.001547164865769446,-0.00047393914428539574,0.001023128628730774
0.0018430420896038413,-0.001609510974958539,0.0032327533699572086
0.00031859803129918873,-0.0008156827534548938,-0.0012183482758700848
-0.00024972055689431727,0.0003020459262188524,-0.0015610968694090843
0.0013836479047313333,0.0018962741596624255,-0.002857789397239685
-0.0006395555101335049,-0.0009005775209516287,0.00020591123029589653
-0.0008806341793388128,-0.0002907843445427716,0.0010085338726639748
-0.00027077028062194586,0.00028552371077239513,0.001187231857329607
-0.001157296821475029,9.35647840378806e-05,0.00202756654471159
-0.002032677875831723,-0.0019243123242631555,0.0002373894676566124
-0.0004660214763134718,0.0013960299547761679,0.0014623356983065605
9.75034199655056e-05,5.2997835155110806e-05,-0.002178472001105547
-0.001117392792366445,0.0010330977384001017,-0.002220655558630824
0.0013090132270008326,-0.0011980985291302204,-3.840308636426926e-06
0.0018641494680196047,-0.0005643668118864298,-0.0011610896326601505
0.0012897056294605136,-2.188094367738813e-05,0.002643235959112644
-4.444803926162422e-05,0.0009574415744282305,0.0025688791647553444
0.0004988368018530309,0.001509248511865735,0.001065258402377367
0.000507345306687057,0.0012141680344939232,0.0004262058064341545
-0.002788582816720009,-0.001347260200418532,-0.0004411856643855572
0.00055931560928002,-0.00013918736658524722,-0.0025595691986382008
0.0008842212846502662,-0.00037913816049695015,-0.00032570958137512207
-0.0003535664873197675,-0.0014238209696486592,-0.0008215364068746567
-0.0008270764956250787,0.0002971137291751802,-3.9460137486457825e-06
0.0023231618106365204,0.001975167775526643,0.004465478006750345
0.000807556789368391,-0.00035962535184808075,0.003433769103139639
0.005544203333556652,0.009829316288232803,-0.00743416603654623
0.0027345684356987476,-0.002363434061408043,-0.012612682767212391
-0.0006077055586501956,-0.00512379314750433,-0.013922957703471184
-0.0017853552708402276,-0.00016844924539327621,-0.007349211256951094
0.0007071321597322822,-0.0014688142109662294,0.0038221110589802265
0.002351634204387665,0.002933657495304942,0.014520827680826187
-0.0009389675105921924,-0.0018448436167091131,0.0195914339274168
0.005037432070821524,0.0031078369356691837,0.017010563984513283
-3.1383708119392395e-05,-0.001694921520538628,0.005134303122758865
-0.0029882914386689663,0.0012603884097188711,-0.006758042611181736
0.00025937543250620365,0.0013125219848006964,-0.014714823104441166
-0.001066346187144518,0.0013599261874333024,-0.01712178811430931
0.0010402819607406855,-0.0027396606747061014,-0.008809635415673256
-0.0006593475700356066,-0.00218146201223135,-0.0009085685014724731
-0.00040981697384268045,0.0007037990726530552,0.009943865239620209
0.0006703612161800265,-0.0011939695104956627,0.011660272255539894
0.0007659848779439926,0.00015653975424356759,0.011882222257554531
6.397557444870472e-05,-0.0006991339032538235,0.0017861779779195786
0.0012665803078562021,0.0014691201504319906,-0.005803672596812248
0.0003429960925132036,-0.0013540969230234623,-0.010792305693030357
0.0008244765922427177,-0.002550143515691161,-0.011163124814629555
0.00039677295717410743,0.0014113086508587003,-0.006176089867949486
0.00022136275947559625,-0.000504988944157958,0.000566716305911541
-0.0022665623109787703,0.00233287550508976,0.009550624527037144
-5.876677460037172e-05,-0.00153345987200737,0.010847795754671097
-0.001860927906818688,-4.022549546789378e-05,0.005798442754894495
-0.0018815082730725408,-0.0003532309492584318,0.0016325660981237888
0.0008176055271178484,-0.0002594876568764448,-0.006302055902779102
-0.0010774031979963183,-0.0005730954580940306,-0.011393540538847446
-0.0010752726811915636,0.0012386529706418514,-0.007658723741769791
-0.0028447576332837343,-0.0008887704461812973,-0.005087547469884157
0.00011108480975963175,-0.0010850453982129693,0.002380488906055689
-0.0002900694962590933,0.0012493832036852837,0.007227119989693165
-0.0008093859651125968,0.00014949776232242584,0.007602626457810402
0.0014300716575235128,0.000846188107971102,0.004767904058098793
-0.0013569262810051441,-0.0005889894091524184,1.6026198863983154e-05
-0.0016508926637470722,-0.00025657020159997046,-0.004006038419902325
-0.0017848496790975332,-0.0013207693118602037,-0.005657997447997332
-0.0007054811576381326,0.000349817710230127,-0.003414976643398404
-0.0009430351201444864,0.00014954799553379416,-0.0009315786883234978
-0.0013067981926724315,-0.0007590941968373954,0.006656352896243334
0.0007563526160083711,-0.0016515194438397884,0.00669283838942647
0.0019032156560570002,-0.0015955328708514571,0.004651200491935015
-0.0008286549127660692,0.0013898706529289484,0.003365693148225546
-0.0009586360538378358,-0.0010396928992122412,-0.0012004510499536991
-0.0012449257774278522,-0.0005438122316263616,-0.007410143967717886
0.0010357210412621498,-0.00013910996494814754,-0.005239720921963453
0.0009060250595211983,-3.288747393526137e-06,-0.001395980827510357
0.0011283883359283209,0.0002462350530549884,-0.0022161281667649746
-0.0012072039535269141,1.9866354705300182e-05,0.002372231800109148
-0.0004668199981097132,0.0009679795475676656,0.005737189669162035
0.0005632907268591225,-0.0016475109150633216,0.0007213926874101162
-0.0021797812078148127,0.0023480085656046867,0.0007061054930090904
-0.0009499336592853069,-0.0017162414733320475,-0.0023022012319415808
0.000977895106188953,-0.0003253144968766719,-0.001106922049075365
-0.0004152044130023569,1.7168022168334574e-05,-0.002339965431019664
0.0012356621446087956,0.0010562983807176352,0.0011282684281468391
0.000606090878136456,-0.002755217719823122,0.004374927841126919
0.00257100653834641,-0.00019933869771193713,0.0009013148956000805
0.00040772088686935604,2.303525252500549e-05,0.002526109106838703
-4.8956950195133686e-05,0.0010436229640617967,-0.00020064692944288254
0.0005220248131081462,-0.0019207416335120797,-0.0034084245562553406
-0.00041730000521056354,0.0014843419194221497,-0.004553850740194321
-0.0005653718253597617,0.000660892459563911,-0.003946383949369192
0.0011967364698648453,0.0007936500478535891,-0.0031522854696959257
0.0004997871583327651,-0.0014226326020434499,-0.0020832926966249943
-0.0021970567759126425,-0.002443782752379775,0.0027282978408038616
-0.002880424028262496,-0.0005372256855480373,0.0022878111340105534
-0.0015035717515274882,-0.0007675926317460835,0.002626085188239813
-0.0026660417206585407,0.002217810833826661,0.001562685240060091
0.0005585807375609875,-0.0021877819672226906,-0.002428061794489622
0.0003820131241809577,0.0007118679932318628,-0.002562817884609103
-0.0007339293952099979,-0.0010863890638574958,-0.004352782387286425
-0.0019408741500228643,0.00019485774100758135,-0.001003058161586523
0.0008745987433940172,0.00045661762123927474,0.0027474714443087578
0.002120958175510168,-0.00151784997433424,0.002091800794005394
-0.0009612857829779387,0.0014112101634964347,0.0017882008105516434
0.0020795115269720554,0.000166714919032529,0.0009935139678418636
0.0011648901272565126,-0.00024751602904871106,-0.0009379712864756584
-0.0014183761086314917,-0.0009519221493974328,0.0371612086892128
0.0008726101950742304,0.0019854367710649967,0.14311660826206207
-0.0008568466291762888,-0.0015195495216175914,0.2652992606163025
-0.004160571843385696,-0.0006194919114932418,0.35334518551826477
-0.0038628308102488518,0.0015864043962210417,0.32679691910743713
-0.011163842864334583,0.0011491584591567516,0.2547202706336975
-0.020409805700182915,0.0026415938045829535,0.27888205647468567
-0.03044193796813488,0.00407090550288558,0.3304036557674408
-0.041845329105854034,0.004885034170001745,0.29143813252449036
-0.06475325673818588,5.3324132750276476e-05,0.15365447103977203
-0.11797253042459488,-0.007642944809049368,0.02079630084335804
-0.2759404182434082,-0.023958129808306694,0.021234549582004547
-0.46352389454841614,-0.025042034685611725,0.18868054449558258
-0.3338540494441986,-0.01707623153924942,0.4433414041996002
-0.1625520884990692,-0.008684879168868065,0.7973344326019287
-0.1711437702178955,-0.015133535489439964,0.963025689125061
-0.25157177448272705,-0.023482544347643852,0.9685874581336975
-0.3043350577354431,-0.04235469922423363,1.0482292175292969
-0.38642406463623047,-0.12008358538150787,1.2022379636764526
-0.6083232164382935,-0.10658620297908783,1.2872710227966309
-0.9183143973350525,-0.13437549769878387,1.3390241861343384
-1.1696213483810425,-0.3328855633735657,1.3690319061279297
-1.3896576166152954,-0.7442413568496704,1.3965903520584106
-1.5699896812438965,-1.4643206596374512,1.4378498792648315
-1.756443977355957,-2.3361942768096924,1.4469091892242432
-1.9202263355255127,-3.1700003147125244,1.4669350385665894
-1.9613372087478638,-3.798347234725952,1.4896941184997559
-1.8337217569351196,-3.3917157649993896,1.508617877960205
-1.747632384300232,-2.4908974170684814,1.4674601554870605
-1.6860175132751465,-1.9034981727600098,1.3681398630142212
-1.6439837217330933,-1.9199727773666382,1.2140533924102783
-1.604807734489441,-2.3268558979034424,1.054313063621521
-1.5675386190414429,-2.6480045318603516,0.8610360026359558
-1.557332992553711,-2.6718318462371826,0.7300552725791931
-1.6269032955169678,-2.4817564487457275,0.7185277938842773
-1.8058241605758667,-2.208397150039673,0.7616868615150452
-2.027322292327881,-1.9003832340240479,0.7989250421524048
-2.227997064590454,-1.5763484239578247,0.8248764276504517
-2.2629127502441406,-1.2441380023956299,0.8881899118423462
-2.1339359283447266,-0.95494145154953,0.9692408442497253
-1.9651172161102295,-0.7983835339546204,1.067054271697998
-1.8134218454360962,-0.7886441946029663,1.1008734703063965
-1.6754405498504639,-0.8521187901496887,1.0132312774658203
-1.5664517879486084,-0.9339194297790527,0.8438349366188049
-1.5745958089828491,-1.0175535678863525,0.6567624807357788
-1.7244768142700195,-1.1203343868255615,0.5020493268966675
-1.9109770059585571,-1.2407673597335815,0.42489972710609436
-1.9855444431304932,-1.2823060750961304,0.4655212163925171
-1.9499653577804565,-1.1494888067245483,0.5470227599143982
-1.8359054327011108,-0.8853621482849121,0.5917525291442871
-1.6754417419433594,-0.6255132555961609,0.6281203627586365
-1.518675684928894,-0.4366493821144104,0.621176540851593
-1.3889293670654297,-0.3315589129924774,0.568284809589386
-1.2871341705322266,-0.2798886299133301,0.5138199925422668
-1.172470211982727,-0.23331794142723083,0.443656325340271
-1.0467029809951782,-0.15252183377742767,0.3483670949935913
-0.898237943649292,-0.03307266905903816,0.2624204754829407
-0.7680569291114807,0.12329071015119553,0.2006855458021164
-0.7144895792007446,0.28617310523986816,0.19528305530548096
-0.7541011571884155,0.3942740261554718,0.2561497390270233
-0.7818153500556946,1.0463508367538452,0.34741494059562683
-0.795103907585144,3.6722147464752197,0.3856929838657379
-1.023579478263855,2.245779514312744,0.23849210143089294
-0.944665253162384,1.2754404544830322,0.16949699819087982
-0.9042898416519165,0.5880275368690491,0.01955808885395527
-0.8687041401863098,0.038396332412958145,-0.06413659453392029
-0.8098325729370117,-0.3395824134349823,-0.03563171625137329
-0.7281973958015442,-0.6478118300437927,0.024568988010287285
-0.6547839045524597,-0.8622495532035828,0.10256525129079819
-0.6101064682006836,-0.7791010141372681,0.18064013123512268
-0.6307699680328369,-0.773581326007843,0.2727072238922119
-0.6984958648681641,-0.7569283843040466,0.32606369256973267
-0.7609070539474487,-0.6828160881996155,0.34606003761291504
-0.757590115070343,-0.5658716559410095,0.3736542761325836
-0.7347159385681152,-0.27646327018737793,0.3559596836566925
-0.7247555255889893,-0.09649866074323654,0.3194943070411682
-0.721869170665741,-0.06588242948055267,0.27842196822166443
-0.7282817363739014,-0.10405021905899048,0.24381430447101593
-0.7478111982345581,-0.10973633825778961,0.21377544105052948
-0.7229611277580261,0.029347624629735947,0.17333465814590454
-0.6280964016914368,0.27726686000823975,0.13843552768230438
-0.4918534755706787,0.49661776423454285,0.102669857442379
-0.3745894432067871,0.6759872436523438,0.08480857312679291
-0.2935049831867218,0.7846692800521851,0.11038413643836975
-0.2733115553855896,0.7872815728187561,0.16195465624332428
-0.2577228546142578,0.7046324014663696,0.18442922830581665
-0.2263801246881485,0.5802627801895142,0.1778578758239746
-0.18680597841739655,0.4181695580482483,0.14856752753257751
-0.1329704374074936,0.3101615905761719,0.0844322144985199
-0.03022603876888752,0.30255603790283203,-0.07305014133453369
0.06913810223340988,0.22772707045078278,-0.280293345451355
0.2633489668369293,0.09358321875333786,-0.41236215829849243
0.30660852789878845,-0.114460788667202,-0.538358747959137
0.24781674146652222,-0.4932063817977905,-0.6219857931137085
0.4081544876098633,-0.9542171359062195,-0.7913036942481995
0.43784451484680176,-1.3857290744781494,-0.7292227149009705
0.3819580674171448,-1.6871589422225952,-0.5563737154006958
0.26595500111579895,-1.7969679832458496,-0.3910507261753082
0.09828690439462662,-1.7779804468154907,-0.2892538011074066
-0.10810353606939316,-1.7658692598342896,-0.24442839622497559
-0.31459200382232666,-1.82009756565094,-0.24018171429634094
-0.47259604930877686,-1.8880586624145508,-0.2466699182987213
-0.5591554045677185,-1.8921561241149902,-0.1920623481273651
-0.5712876319885254,-1.8586870431900024,-0.09690242260694504
-0.5356265902519226,-1.8199732303619385,-0.0052334899082779884
-0.4831194579601288,-1.7674109935760498,0.08591277152299881
-0.43513011932373047,-1.7308741807937622,0.16037288308143616
-0.41058823466300964,-1.694973349571228,0.19962789118289948
-0.41707542538642883,-1.6036269664764404,0.21703776717185974
-0.4359586238861084,-1.4935178756713867,0.25634273886680603
-0.45167845487594604,-1.3713754415512085,0.2993951439857483
-0.4551544189453125,-1.2057353258132935,0.35776424407958984
-0.43025892972946167,-1.0157382488250732,0.41963374614715576
-0.3744579553604126,-0.8446053266525269,0.46389132738113403
-0.31655362248420715,-0.7033845782279968,0.48102664947509766
-0.26712581515312195,-0.6158580183982849,0.4819897711277008
-0.2306995987892151,-0.566447377204895,0.4795082211494446
-0.20987330377101898,-0.5478775501251221,0.4914889335632324
-0.21605156362056732,-0.570293128490448,0.4832901358604431
-0.2478993982076645,-0.5973951816558838,0.44716063141822815
-0.3010116219520569,-0.6318988800048828,0.40913626551628113
-0.3528091311454773,-0.6484955549240112,0.3869650661945343
-0.39426976442337036,-0.6218923926353455,0.3751678168773651
-0.4037681818008423,-0.5612341165542603,0.37627893686294556
-0.3889104127883911,-0.4855460226535797,0.3768347501754761
-0.36435845494270325,-0.4210570156574249,0.37646275758743286
-0.343341588973999,-0.37925097346305847,0.36636483669281006
-0.3410455882549286,-0.35884788632392883,0.3535136282444
-0.3493701219558716,-0.35707396268844604,0.3364217281341553
-0.3707670569419861,-0.37066203355789185,0.3111203908920288
-0.40039634704589844,-0.38692915439605713,0.279989093542099
-0.4238375127315521,-0.40742775797843933,0.24819456040859222
-0.4279315769672394,-0.4175432324409485,0.22210438549518585
-0.407554030418396,-0.4180384576320648,0.2002532035112381
-0.36033084988594055,-0.4030004143714905,0.1817905604839325
-0.29778069257736206,-0.3820618689060211,0.1739765852689743
-0.23671360313892365,-0.35993659496307373,0.17886987328529358
-0.1871829628944397,-0.3389681279659271,0.17285023629665375
-0.1522849053144455,-0.3109104037284851,0.15355563163757324
-0.13639959692955017,-0.27055010199546814,0.1246066465973854
-0.14115387201309204,-0.22456368803977966,0.08380221575498581
-0.165577232837677,-0.194733664393425,0.04496139660477638
-0.1924743503332138,-0.18120773136615753,0.011740326881408691
-0.22274690866470337,-0.15628570318222046,-0.022804493084549904
-0.24130727350711823,-0.13168901205062866,-0.04137125611305237
-0.23912246525287628,-0.11012838035821915,-0.06168920546770096
-0.20924605429172516,-0.10626839846372604,-0.07098603248596191
-0.16802628338336945,-0.10508661717176437,-0.0798448771238327
-0.1130671575665474,-0.11233493685722351,-0.08405853062868118
-0.04903649911284447,-0.11902265250682831,-0.08054806292057037
0.011192485690116882,-0.13566048443317413,-0.0739239826798439
0.059644509106874466,-0.14981190860271454,-0.07523409277200699
0.10185135155916214,-0.16266724467277527,-0.08360973000526428
0.1392240673303604,-0.18304891884326935,-0.08593446016311646
0.18852663040161133,-0.1989983320236206,-0.08124569803476334
0.2474341094493866,-0.202154740691185,-0.07124893367290497
0.32295310497283936,-0.1914544254541397,-0.06053956598043442
0.4039517343044281,-0.16545435786247253,-0.049326278269290924
0.4884149432182312,-0.12737062573432922,-0.03654390573501587
0.5796617865562439,-0.06815149635076523,-0.012780090793967247
0.6658576726913452,0.00150161306373775,0.01831577718257904
0.7345105409622192,0.08134940266609192,0.04965591058135033
0.7926290035247803,0.15231174230575562,0.08285913616418839
0.8306201696395874,0.2224844992160797,0.10906340926885605
0.8536783456802368,0.28360456228256226,0.12270492315292358
0.8650786876678467,0.3432169556617737,0.1292121559381485
0.8608197569847107,0.37830570340156555,0.1251034289598465
0.8395267128944397,0.3835696876049042,0.11230581253767014
0.815290629863739,0.3694640100002289,0.09326421469449997
0.7881603240966797,0.3512340188026428,0.1023038849234581
0.7739102840423584,0.3166930675506592,0.13173449039459229
0.7757831811904907,0.2696169912815094,0.17049503326416016
0.7703500390052795,0.2163364738225937,0.1968986690044403
0.753506600856781,0.16261866688728333,0.21351371705532074
0.7305067777633667,0.1211220994591713,0.21362850069999695
0.7112768292427063,0.10097894817590714,0.2075553685426712
0.7075169682502747,0.10320135951042175,0.19764654338359833
0.7121289372444153,0.13303536176681519,0.18426543474197388
0.7196963429450989,0.17645899951457977,0.16595859825611115
0.724604606628418,0.25025975704193115,0.15616962313652039
0.7303397059440613,0.3521419167518616,0.15768975019454956
0.7371301054954529,0.46275991201400757,0.15557894110679626
0.7541892528533936,0.5645291209220886,0.1552300602197647
0.7693760395050049,0.6677725911140442,0.1539350152015686
0.7839741706848145,0.7606803774833679,0.16922208666801453
0.7968156337738037,0.8631547689437866,0.19561727344989777
0.8192298412322998,1.0098649263381958,0.21991674602031708
0.8468539118766785,1.1929523944854736,0.24849902093410492
0.8758482933044434,1.365598201751709,0.2728898525238037
0.8903466463088989,1.4931803941726685,0.2781946659088135
0.8783290982246399,1.5764238834381104,0.2708193063735962
0.8458379507064819,1.6421629190444946,0.2648276090621948
0.8264296054840088,1.6955081224441528,0.2531363368034363
0.842572033405304,1.7210749387741089,0.24562589824199677
0.8643755912780762,1.711185336112976,0.24340881407260895
0.8835926651954651,1.645054578781128,0.24009466171264648
0.8896718621253967,1.5044636726379395,0.23828929662704468
0.8535559773445129,1.3113386631011963,0.23548270761966705
0.7654514312744141,1.129204273223877,0.23267041146755219
0.6699254512786865,0.9756950736045837,0.22575217485427856
0.5945638418197632,0.864032506942749,0.19156089425086975
0.5453352332115173,0.8114554286003113,0.1683318018913269
0.5154772400856018,0.8083504438400269,0.17586109042167664
0.5000474452972412,0.8067537546157837,0.19098475575447083
0.4934960901737213,0.822727382183075,0.19377201795578003
0.4917624294757843,0.848027765750885,0.1880229413509369
0.4965510368347168,0.8663619756698608,0.1739148497581482
0.4927058517932892,0.8627266883850098,0.13758070766925812
0.460514634847641,0.8257023692131042,0.0826716497540474
0.3977263569831848,0.7224984169006348,0.04756926745176315
0.2852437496185303,0.569316565990448,0.03285716846585274
0.16021102666854858,0.41882404685020447,0.03675060719251633
0.049058135598897934,0.28153330087661743,0.04188171774148941
-0.03552727773785591,0.1268031746149063,0.03534722328186035
-0.07632290571928024,-0.03277822583913803,0.04739589989185333
0.007617430295795202,-0.27650392055511475,0.16777759790420532
0.21831528842449188,-0.44577816128730774,0.3001428246498108
0.47587329149246216,-0.5683944225311279,0.3736666142940521
0.6762894988059998,-0.6239300966262817,0.3824683725833893
0.8217021226882935,-0.6157175898551941,0.39283522963523865
0.919839084148407,-0.5359618067741394,0.40890979766845703
0.9414586424827576,-0.44564440846443176,0.4415161907672882
0.9017370343208313,-0.411556214094162,0.4845566153526306
0.8027268052101135,-0.3971408009529114,0.5248372554779053
0.6637007594108582,-0.3896471858024597,0.573655903339386
0.5053312182426453,-0.36415979266166687,0.5998393297195435
0.345897912979126,-0.32309651374816895,0.569103479385376
0.18966935575008392,-0.2905823290348053,0.49515587091445923
0.05647428706288338,-0.2601085901260376,0.40281206369400024
-0.057232894003391266,-0.22621141374111176,0.3070288300514221
-0.14264366030693054,-0.18247590959072113,0.21913357079029083
-0.22369642555713654,-0.1247931644320488,0.15028329193592072
-0.3176668584346771,-0.014656800776720047,0.11465099453926086
-0.45131948590278625,0.20509043335914612,0.11074892431497574
-0.6225644946098328,0.5335298180580139,0.11160300672054291
-0.8652854561805725,1.0279555320739746,0.08612486720085144
-1.0911880731582642,1.3758739233016968,0.04807548224925995
-1.1883844137191772,1.5111558437347412,-0.027235515415668488
-0.7228847146034241,0.8897870779037476,-0.13107962906360626
0.020403778180480003,-0.19264739751815796,-0.25231480598449707
0.25158852338790894,-0.5023594498634338,-0.2953312397003174
0.14540354907512665,-0.19315706193447113,-0.24778658151626587
0.022511452436447144,0.11753635853528976,-0.20224305987358093
0.030354440212249756,0.16471688449382782,-0.22119471430778503
0.08307970315217972,0.09190686047077179,-0.25282055139541626
0.11097991466522217,0.07538371533155441,-0.2353498935699463
0.11167287081480026,0.14757801592350006,-0.18921275436878204
0.09043519198894501,0.23735366761684418,-0.16626743972301483
0.036022014915943146,0.24472956359386444,-0.14441034197807312
-0.041870925575494766,0.17616885900497437,-0.13207480311393738
-0.12788116931915283,0.08081411570310593,-0.1194458156824112
-0.19710423052310944,0.0038079603109508753,-0.09889616817235947
-0.22810235619544983,-0.04820703715085983,-0.08779345452785492
-0.23036819696426392,-0.07861075550317764,-0.0824364498257637
-0.2234192043542862,-0.10396138578653336,-0.08544155955314636
-0.21456150710582733,-0.14361955225467682,-0.08896812051534653
-0.22242341935634613,-0.16623245179653168,-0.09657038003206253
-0.24226292967796326,-0.18053898215293884,-0.10716257244348526
-0.2848591208457947,-0.10268785804510117,-0.09220732003450394
-0.3305216133594513,0.03229187801480293,-0.11695432662963867
-0.360804945230484,0.14763709902763367,-0.15604045987129211
-0.3597870469093323,0.2474101334810257,-0.1524181365966797
-0.3480376899242401,0.31159019470214844,-0.16433285176753998
-0.2942398190498352,0.33786720037460327,-0.17706969380378723
-0.542466938495636,-0.16017934679985046,-0.06744600087404251
-0.9387903213500977,-0.4475477635860443,-0.11739107966423035
-1.341493010520935,-0.9647634625434875,-0.3839370310306549
-0.8188662528991699,-1.5700855255126953,-0.3794496953487396
-0.5285965800285339,-1.038074016571045,-0.18457527458667755
-0.4105960726737976,-0.45386168360710144,0.07143785059452057
-0.17640115320682526,-0.2488560825586319,0.049081675708293915
-0.034769389778375626,-0.13995985686779022,-0.07892747223377228
-0.025210507214069366,-0.054795973002910614,-0.08653399348258972
-0.053358327597379684,0.008042819797992706,-0.06259974092245102
-0.05964045971632004,0.10783465951681137,-0.06818731874227524
-0.02687285840511322,0.1999976933002472,-0.08220870047807693
0.02235460840165615,0.24268735945224762,-0.07345142960548401
0.0469646155834198,0.263740211725235,-0.06963804364204407
0.04233497381210327,0.25565165281295776,-0.048577237874269485
0.024186203256249428,0.23987171053886414,0.02129286527633667
0.00494806095957756,0.23913267254829407,0.12610448896884918
-0.009192327968776226,0.21057239174842834,0.2818370461463928
-0.011642436496913433,0.1716654747724533,0.4976652264595032
-0.0012912561651319265,0.129323348402977,0.5674631595611572
0.09606406092643738,-0.02308349683880806,0.546407163143158
0.2193388193845749,-0.12854471802711487,0.5421910881996155
0.3166065216064453,-0.11959009617567062,0.54476398229599
0.3571232855319977,-0.030292218551039696,0.5135616064071655
0.34370896220207214,0.04147624224424362,0.4197038412094116
0.279348760843277,0.0685945376753807,0.286445677280426
0.17006699740886688,0.06609568744897842,0.13643378019332886
0.018492449074983597,0.023103291168808937,0.029081497341394424
-0.15426601469516754,-0.023431720212101936,-0.05453270673751831
-0.30338379740715027,-0.04578061029314995,-0.13432809710502625
-0.4090026319026947,-0.08038972318172455,-0.1501629799604416
-0.44076693058013916,-0.08611095696687698,-0.10222155600786209
-0.4353282153606415,-0.018298350274562836,-0.04551593214273453
-0.3844188153743744,0.08828309923410416,-0.012105830013751984
-0.2933376431465149,0.11031170189380646,1.5015248209238052e-05
-0.2028011977672577,0.10116228461265564,0.013132095336914062
-0.1186080351471901,0.15035726130008698,-0.01866285130381584
-0.05431627109646797,0.22224804759025574,-0.049571238458156586
-0.026428712531924248,0.25977787375450134,-0.1439099907875061
-0.03435947373509407,0.24340757727622986,-0.24267299473285675
-0.06336236000061035,0.2780291736125946,-0.29961511492729187
-0.095655657351017,0.3249284327030182,-0.3498952388763428
-0.10715305805206299,0.36190348863601685,-0.3966004252433777
-0.09008453041315079,0.43586409091949463,-0.41871556639671326
-0.013257394544780254,0.5724624395370483,-0.43066731095314026
0.10007891058921814,0.6880325675010681,-0.37600037455558777
0.18948841094970703,0.697755753993988,-0.35409775376319885
0.26544293761253357,0.6893549561500549,-0.34394335746765137
0.3399563133716583,0.7117052674293518,-0.3198729157447815
0.3916221261024475,0.69380122423172,-0.2673112154006958
0.36688268184661865,0.653450071811676,-0.2289140373468399
0.273413747549057,0.6127892732620239,-0.23804175853729248
0.14991576969623566,0.5361488461494446,-0.2331428825855255
0.0168784037232399,0.4420463442802429,-0.1833038330078125
-0.09825164824724197,0.3741740882396698,-0.11788035184144974
-0.17921395599842072,0.30188220739364624,-0.08323801308870316
-0.2184883952140808,0.18486690521240234,-0.08894836157560349
-0.24119852483272552,0.06498013436794281,-0.13235804438591003
-0.26755985617637634,-0.034210097044706345,-0.17320853471755981
-0.3014357089996338,-0.07979346066713333,-0.20401827991008759
-0.3436579704284668,-0.140104740858078,-0.2420935034751892
-0.34710127115249634,-0.2628670036792755,-0.270206093788147
-0.32028937339782715,-0.3866262137889862,-0.2833021879196167
-0.2846646308898926,-0.5283967852592468,-0.26212644577026367
-0.2610647678375244,-0.541167140007019,-0.34154564142227173
-0.24187245965003967,-0.41124510765075684,-0.35264870524406433
-0.08925894647836685,-0.332187294960022,-0.23266266286373138
0.1041850596666336,-0.5305787324905396,0.03727828338742256
0.32490089535713196,-0.3021812438964844,-0.11256234347820282
0.29622194170951843,-0.0063367062248289585,-0.34031686186790466
0.25263237953186035,-0.33791783452033997,-0.35959628224372864
0.2998470067977905,-0.3921646177768707,-0.42887189984321594
0.3271777033805847,-0.544610857963562,-0.49532467126846313
0.18926791846752167,-0.35503894090652466,-0.698168158531189
0.2083183079957962,-0.4257535934448242,-0.8410366773605347
0.19348222017288208,-0.8186930418014526,-0.8157608509063721
0.03842606022953987,-1.018998146057129,-0.712501585483551
-0.17819474637508392,-0.8915513157844543,-0.6451768279075623
-0.3163624703884125,-0.8602349162101746,-0.6122881174087524
-0.42137593030929565,-0.8867442607879639,-0.6546441912651062
-0.5227840542793274,-0.8039500117301941,-0.7674325108528137
-0.5711928606033325,-0.7804141044616699,-0.8790720701217651
-0.566533088684082,-0.8024096488952637,-0.958499550819397
-0.5499278903007507,-0.7344909906387329,-1.0366696119308472
-0.5255482196807861,-0.6851497888565063,-1.0988637208938599
-0.48979896306991577,-0.6915833353996277,-1.0560745000839233
-0.4702337980270386,-0.654802680015564,-0.9324089288711548
-0.46289119124412537,-0.5703954696655273,-0.7880397439002991
-0.4396713674068451,-0.4510546624660492,-0.6722620129585266
-0.3762625455856323,-0.2967318594455719,-0.6130848526954651
-0.2785274386405945,-0.14829206466674805,-0.6105186343193054
-0.18428288400173187,-0.021428313106298447,-0.638767659664154
-0.11257275193929672,0.0714651420712471,-0.6629893183708191
-0.0646928995847702,0.11845309287309647,-0.6789872646331787
-0.03397626429796219,0.12537944316864014,-0.6773438453674316
-0.02770555391907692,0.11714418232440948,-0.643839955329895
-0.1581178903579712,0.0364069938659668,-0.6273720264434814
0.30104130506515503,0.009879874996840954,-0.5964698195457458
0.35435590147972107,-0.11114215105772018,-0.45329776406288147
0.4418514370918274,-0.27059173583984375,-0.24421784281730652
0.5000601410865784,-0.4440878927707672,-0.1491757482290268
0.4357813596725464,-0.44114580750465393,-0.19283939898014069
0.25640785694122314,-0.3243853747844696,-0.29369595646858215
0.1465083658695221,-0.08904222398996353,-0.3943769633769989
0.15656019747257233,0.22239236533641815,-0.46100446581840515
0.19137132167816162,0.49174433946609497,-0.5204808712005615
0.22218436002731323,0.5936440825462341,-0.6132939457893372
0.23921184241771698,0.5455982685089111,-0.6896138191223145
0.2772556245326996,0.34873178601264954,-0.7337202429771423
0.3372752368450165,0.184394970536232,-0.7881182432174683
0.45146676898002625,0.096365787088871,-0.9133946895599365
0.6224260330200195,0.038410406559705734,-1.0683001279830933
0.8300055861473083,0.02507968619465828,-1.3573423624038696
1.050775408744812,0.051846012473106384,-1.715983510017395
1.2415955066680908,0.07122264057397842,-1.9449529647827148
1.3860135078430176,-0.10799582302570343,-2.098062515258789
1.5953373908996582,-0.05089711770415306,-2.2452192306518555
1.7658716440200806,0.4608660638332367,-2.2664825916290283
1.7063038349151611,0.6628130078315735,-2.24379563331604
1.5834896564483643,0.7253178954124451,-2.045661449432373
1.3641831874847412,0.7037007212638855,-1.8241127729415894
1.1785510778427124,0.7598168849945068,-1.570069432258606
1.048614740371704,0.9312474727630615,-1.3641679286956787
0.9616531133651733,1.2400217056274414,-1.233242154121399
0.938890814781189,1.6521917581558228,-1.1349742412567139
0.9696199297904968,2.083064079284668,-1.0549118518829346
1.0043894052505493,2.4082040786743164,-0.9527276754379272
0.9790332317352295,2.5643537044525146,-0.8559412360191345
0.8738585710525513,2.6312386989593506,-0.7693357467651367
0.8105331659317017,2.6551146507263184,-0.7168170213699341
0.8162674903869629,2.649960517883301,-0.6540008187294006
0.8405715227127075,2.610138177871704,-0.5820192098617554
0.8348060846328735,2.5525684356689453,-0.5173973441123962
0.8566699624061584,2.5447967052459717,-0.42746931314468384
0.9327061176300049,2.5500080585479736,-0.35250985622406006
1.0470211505889893,2.530794858932495,-0.30522382259368896
1.149910569190979,2.4520342350006104,-0.2953626811504364
1.2207584381103516,2.2894577980041504,-0.3700586259365082
1.277503252029419,2.07800030708313,-0.4847143888473511
1.353112816810608,1.850326418876648,-0.5893345475196838
1.428282380104065,1.5878233909606934,-0.6500239968299866
1.4713724851608276,1.3194248676300049,-0.6383221745491028
1.4764894247055054,1.0626407861709595,-0.5982354879379272
1.4705089330673218,0.8293935656547546,-0.567833662033081
1.4964712858200073,0.6356381773948669,-0.5722390413284302
1.5095572471618652,0.49754369258880615,-0.6188380718231201
1.5013762712478638,0.40961623191833496,-0.6194453239440918
1.452714204788208,0.3375506103038788,-0.5736975073814392
1.3472317457199097,0.29718372225761414,-0.49131205677986145
1.178228497505188,0.31787359714508057,-0.3629388213157654
0.9955046772956848,0.40390250086784363,-0.2189590334892273
0.8350704312324524,0.540078341960907,-0.07901066541671753
0.7495853900909424,0.7074036598205566,0.01713530346751213
0.7452570796012878,0.8302565217018127,0.08350176364183426
0.7775039672851562,0.892401397228241,0.10070391744375229
0.8015486598014832,0.9193970561027527,0.07635052502155304
0.8429703712463379,0.9419388771057129,0.0311252623796463
0.8715431094169617,0.9154896140098572,-0.018994739279150963
0.891091525554657,0.8217684626579285,-0.054363913834095
0.9167894721031189,0.7511963844299316,-0.022785747423768044
0.9022108316421509,0.6774294972419739,0.06447911262512207
0.8813399076461792,0.6731864809989929,0.15699318051338196
0.8471366167068481,0.740708589553833,0.1330588161945343
0.784587562084198,0.8485709428787231,0.06576941907405853
0.6384716629981995,0.9670510292053223,0.0020852498710155487
0.46542102098464966,1.0630522966384888,-0.020899642258882523
0.33117029070854187,1.078718900680542,0.039970364421606064
0.24628733098506927,1.0065834522247314,0.13969872891902924
0.21679282188415527,0.8676210045814514,0.23532165586948395
0.23786194622516632,0.6978747248649597,0.33292725682258606
0.20982791483402252,0.5081479549407959,0.33976173400878906
0.10251175612211227,0.474824458360672,0.32516050338745117
-0.011027060449123383,0.5577512979507446,0.3248174786567688
-0.057171668857336044,0.6217057108879089,0.34064772725105286
-0.06553346663713455,0.6059443354606628,0.38410893082618713
-0.06760799884796143,0.5273082256317139,0.4201499819755554
-0.0665813535451889,0.41650286316871643,0.4506461024284363
-0.0644487589597702,0.3330036401748657,0.494887113571167
-0.07765990495681763,0.25390294194221497,0.5398023724555969
-0.08036032319068909,0.17095138132572174,0.5674418807029724
-0.05795728415250778,0.1429426521062851,0.5720084309577942
-0.022371282801032066,0.15856614708900452,0.5591107606887817
0.015789683908224106,0.20623885095119476,0.5119208693504333
0.03780364990234375,0.32478469610214233,0.413381963968277
0.028322532773017883,0.5130664706230164,0.27891844511032104
-0.033656857907772064,0.8207713961601257,0.1472991704940796
-0.133492112159729,1.2351200580596924,-0.008690964430570602
-0.277646005153656,1.6193841695785522,-0.13467828929424286
-0.12970209121704102,-0.06603938341140747,0.03093835897743702
-0.06386630982160568,-0.30052879452705383,0.031320419162511826
-0.06684798747301102,0.0179104283452034,-0.04231838136911392
-0.06099914759397507,-0.039619170129299164,-0.012267591431736946
-0.05540118366479874,-0.0481942854821682,-0.004116986878216267
-0.04994192719459534,-0.03367680683732033,-0.003245173953473568
-0.03546471893787384,-0.0665559321641922,-0.0014976076781749725
-0.024763859808444977,-0.08975311368703842,0.0058558061718940735
-0.018840190023183823,-0.11284378916025162,0.011113951914012432
0.002233379054814577,-0.2613946795463562,0.05533222481608391
-0.04373118281364441,-0.2139001190662384,0.034968629479408264
0.09764057397842407,-0.7201423048973083,0.10257340222597122
0.04188862815499306,-0.678932249546051,0.03274877741932869
0.11276525259017944,-1.186553955078125,0.0002319025807082653
-0.3380112648010254,-0.7300851345062256,-0.02590702287852764
-0.057939667254686356,0.12986046075820923,-0.0633026510477066
-0.02600996568799019,-0.038182344287633896,-0.26210495829582214
-0.010494093410670757,-0.014418656937777996,-0.3362063467502594
-0.006487633567303419,0.008897583931684494,-0.21432653069496155
-0.0019073092844337225,0.01342703215777874,-0.06041829288005829
0.001803539227694273,0.011756697669625282,0.024638814851641655
0.0001973587495740503,0.012955084443092346,-0.00016959663480520248
-0.0015776382060721517,0.0071456641890108585,-0.00023937178775668144
7.369308150373399e-05,0.005600170232355595,-0.0001575574278831482
-0.0008893059566617012,0.004659541416913271,-0.004248439334332943
0.0005279079778119922,0.002373343799263239,0.00011594872921705246
0.001592906191945076,0.0036370137240737677,-0.001906722318381071
-0.0006113393465057015,0.002074334304779768,-0.0001820046454668045
-0.00048404023982584476,0.002298039849847555,-0.001424103043973446
-0.002713198773562908,-0.0025002905167639256,-0.0011974168010056019
0.001663706381805241,0.0021557139698415995,-0.0013446896336972713
-0.002933935262262821,0.0025384598411619663,-0.0008856663480401039
0.001315937377512455,0.0009086051722988486,0.0008682915940880775
0.0020647398196160793,-0.0013226907467469573,0.0014429460279643536
0.000992817454971373,0.00011222043394809589,0.001066375058144331
-0.0010047696996480227,0.0014862094540148973,0.0012419321574270725
0.002998227719217539,-0.00039238444878719747,-0.0008566388860344887
0.0005277495947666466,0.00018328666919842362,-0.00048741651698946953
0.00032348514650948346,-0.001511549111455679,-0.0021353806369006634
0.00040775403613224626,-0.0006094534182921052,-0.003515911754220724
-0.001811724272556603,0.0009325168211944401,0.0010522082448005676
-0.00010524116805754602,-0.0003626713587436825,-0.0019663278944790363
-0.0010874150320887566,0.0010788977378979325,-0.0010307594202458858
-0.00012457792763598263,-7.25175195839256e-05,-0.0007822294719517231
-0.0006524164928123355,0.002146428218111396,-0.0003776955418288708
-0.0005360073409974575,7.319277210626751e-05,0.001403959933668375
-0.0009535909630358219,0.0008303294889628887,-0.00041338149458169937
-0.0010798933217301965,0.00047311445814557374,0.0004964596591889858
0.0007672752253711224,9.973925625672564e-05,0.0001611676998436451
0.001081874710507691,-0.00033958308631554246,-0.0011144313029944897
-0.000922686536796391,0.0009152984712272882,-0.001047852449119091
0.001722607878036797,-0.0007689128979109228,0.0007465318776667118
0.0001500112994108349,0.0001844987564254552,-0.0013041021302342415
0.00045254052383825183,-0.0005574650131165981,0.0021676477044820786
-0.00036238672328181565,0.0007043407531455159,-0.0011850055307149887
-0.00041143986163660884,-0.0014739226317033172,-0.0008750678971409798
-0.0007430034456774592,-0.00031438228324986994,-7.452210411429405e-05
0.0025635124184191227,-0.0012143502244725823,0.001402837224304676
-0.0013092563021928072,0.0005558528355322778,-0.0008499310351908207
-0.0017445845296606421,0.0008470648899674416,-0.0007134666666388512
2.715445589274168e-06,-0.0013987787533551455,-0.00037710973992943764
0.0005471538752317429,0.0025087168905884027,0.0012809759937226772
0.0015373171772807837,0.0015206842217594385,-0.0008916305378079414
-0.0011571026407182217,0.0014065809082239866,0.001419032458215952
-0.001687071518972516,0.001026814104989171,8.888542652130127e-06
0.0005275907460600138,-0.0008808366255834699,0.0009521269239485264
-0.0010029278928413987,8.925468137022108e-06,-1.1671334505081177e-05
-0.00033147071371786296,0.0003166127426084131,0.0007540956139564514
0.0002850510645657778,-0.001005646656267345,0.0006779287941753864
4.6363071305677295e-05,-0.0011538034304976463,-0.0008570118807256222
0.0011883265106007457,0.0007072134176269174,-0.0015465039759874344
-0.0009416009997949004,-0.0036102181766182184,0.00013011693954467773
0.00010848348028957844,0.0003855886170640588,6.114086136221886e-05
-0.0007260028505697846,-0.0011695805005729198,-0.0016890387050807476
0.0026455591432750225,0.0005811816081404686,-0.0016922345384955406
-0.0010235724039375782,0.002138544339686632,0.0029134401120245457
0.001157556427642703,-0.0015784293645992875,0.0010739951394498348
-0.0022042798809707165,-0.0003657813067547977,0.0004200269468128681
-2.7678353944793344e-05,3.5290759115014225e-05,-0.0019978568889200687
0.0010741574224084616,0.0007669674232602119,-0.000794372521340847
0.001619839109480381,-0.002888487419113517,-0.00014216452836990356
0.0036192010156810284,-0.0008548374753445387,-0.0006878473795950413
0.0006170196575112641,-0.00021594512509182096,0.0008163060992956161
-0.001905815675854683,0.00045831207535229623,-0.0004757954739034176
0.001720877131447196,-0.0010868539102375507,0.0007109087891876698
-0.0017850823933258653,1.4179226127453148e-05,-0.0005162376910448074
0.0008983187144622207,0.0007452169083990157,-0.0022249219473451376
0.0010138688376173377,0.0009742098627611995,0.0016735750250518322
-0.0005366235272958875,1.9999250071123242e-05,0.0030720015056431293
-0.00034049784881062806,0.001397034153342247,0.0007667848840355873
-0.0010054891463369131,-0.0004091216833330691,0.0016986248083412647
0.00010941483196802437,-0.00041263626189902425,-0.0006746486760675907
0.001906249555759132,-0.00021875814127270132,0.000524839386343956
0.0006782276905141771,0.00013764911273028702,-0.0008169603534042835
0.0002076471282634884,0.0015363412676379085,0.0006845295429229736
-0.0019304808229207993,-0.0003621805808506906,0.0029566334560513496
-0.0011488429736346006,0.0013899131445214152,-0.0005656629800796509
0.000667380983941257,0.0005554016097448766,0.0019519152119755745
0.0007611242472194135,0.0010374337434768677,-0.0007376107387244701
-0.0005952025530859828,0.0005716118030250072,-1.6075093299150467e-05
-5.857556243427098e-05,0.00020489456073846668,0.0014707674272358418
-0.0018059981521219015,7.947193807922304e-05,0.0007198136299848557
-0.0007447286625392735,-0.0011237442959100008,0.0006780019029974937
-0.0014601214788854122,-0.002659647027030587,-0.0010156496427953243
-0.0027645376976579428,0.0001760867889970541,-0.0004705004394054413
-0.000646934611722827,0.0003763872664421797,-0.00033737625926733017
0.0013056951574981213,0.001142312423326075,-0.0015658927150070667
0.0001917792542371899,0.0007842746563255787,-0.002262311754748225
0.001547328196465969,-9.137273445958272e-05,-0.0007914481684565544
0.0013908895198255777,-0.0002507585450075567,-0.00016464293003082275
0.002121394732967019,0.00029865160468034446,0.0005781129002571106
-0.0002987611514981836,-0.0006080865859985352,-0.0015731188468635082
-0.0015264784451574087,0.0010603838600218296,-0.0009094593115150928
0.0008427503053098917,0.002504239557310939,0.0014009419828653336
-0.0006305103888735175,-0.0012100713793188334,0.0010856236331164837
0.0013281083665788174,-0.00035582389682531357,0.0008759177289903164
-0.002191791543737054,0.0010764241451397538,0.0010442296043038368
0.0016353701939806342,-0.00040184956742450595,0.00027440348640084267
0.0010771716479212046,-8.280288602691144e-05,0.0008794735185801983
0.0016000596806406975,-0.0007557377102784812,5.880091339349747e-05
0.0025824997574090958,0.0008368325652554631,0.0005070106126368046
-0.0028232226613909006,-0.00099142175167799,0.002372908405959606
-0.0002516742388252169,-0.0019570840522646904,0.00020509539172053337
0.002338749822229147,-4.872989666182548e-05,0.0010322947055101395
0.0009818692924454808,0.0016932438593357801,0.0005806228145956993
-0.00039841729449108243,0.0024203958455473185,0.0005939267575740814
-7.731548976153135e-06,0.0025604781694710255,-0.0013283425942063332
-0.0004145675338804722,0.000969294342212379,-0.0012738103978335857
-0.0010100502986460924,0.0009232216980308294,0.00021409755572676659
-0.000982693862169981,-0.0011600940488278866,-0.00020603230223059654
-0.0018423623405396938,0.0019360969308763742,-0.0011125723831355572
0.0006861216388642788,0.0018082389142364264,-0.0003262637183070183
0.0011042378610000014,0.0007413765997625887,0.00011369073763489723
0.00016952680016402155,0.001375442137941718,0.0005688830278813839
0.00011067093873862177,0.001226038788445294,0.0007395916618406773
-0.0009937671711668372,-0.0010838177986443043,0.0016372669488191605
-0.0004278454289305955,-0.0005786161636933684,0.0008894512429833412
-0.002255453495308757,-0.0001996988576138392,-0.0010406333021819592
0.0004148980660829693,0.0004389271780382842,0.00030772527679800987
-0.000421881559304893,-0.001193534815683961,0.0005135717801749706
-0.0016219017561525106,-0.00044492032611742616,0.0012427452020347118
-0.0012498021824285388,0.0003703697002492845,-0.000805907417088747
0.0006040241569280624,0.00043348659528419375,-0.0012882058508694172
-5.232050898484886e-05,0.0002404634142294526,-0.0011517414823174477
-0.0005913443164899945,-0.001070078113116324,-0.0002489299513399601
0.0013640213292092085,0.0001823554193833843,0.00016267923638224602
-0.0005249587702564895,-0.0004022084176540375,-0.0021534718107432127
0.0023824095260351896,-0.001930122496560216,-0.0005992930382490158
0.0007115423213690519,-0.0012920291628688574,6.276881322264671e-05
0.0031609912402927876,0.0010215858928859234,-0.0011006551794707775
0.0007521620718762279,0.0004878884647041559,0.00025942130014300346
-0.001498718629591167,-0.0003396351239643991,0.001500534825026989
0.0012717677745968103,-0.0009391126222908497,0.0016486067324876785
-0.0011996031971648335,-0.0006256008055061102,0.0009980779141187668
0.00036633556010201573,-0.0016184273408725858,-0.00016199517995119095
-0.001028098282404244,-3.846856998279691e-05,0.0005244421772658825
0.0029448054265230894,0.00017644852050580084,0.00042830174788832664
0.0014821127988398075,-0.0007749907672405243,-0.0010831980034708977
0.0012586736120283604,-0.0026530518662184477,0.0012715691700577736
0.001608520746231079,-0.0017168887425214052,0.0024344753473997116
-0.001248252228833735,0.0006650424329563975,-0.00018101464956998825
-0.0015300310915336013,0.0001866086240625009,-0.0011039343662559986
-0.0007052500732243061,-0.001387585885822773,-1.6299542039632797e-05
-0.0006905759801156819,-0.002514692023396492,-0.0009694444015622139
-0.0020338743925094604,-0.0005586000042967498,0.0008715991862118244
-0.0012254724279046059,-0.0017530192853882909,0.0014486736617982388
-0.0018249499844387174,-0.0012723186518996954,-0.0004094135947525501
-0.0030581087339669466,0.000530223420355469,-0.0007007401436567307
-0.0012759212404489517,0.0013731138315051794,0.0017285957001149654
-0.00026073012850247324,0.0006720874225720763,-0.00016073556616902351
-0.000352076516719535,-0.0014605720061808825,0.0028124176897108555
0.0006438358686864376,-0.0007892287103459239,0.0018120277673006058
0.0016292054206132889,-0.0005697842570953071,-0.0006801583804190159
-0.001172008691355586,0.0011399248614907265,-0.001411758828908205
0.0006440008291974664,0.002218238776549697,-0.0007172063924372196
0.0012906503397971392,-0.0003645930555649102,0.0007514078170061111
0.0007138096261769533,-0.0012884436873719096,0.00020066602155566216
-0.0020680055022239685,-7.762497261865065e-05,-0.000851375050842762
0.0027637674938887358,-0.0025503700599074364,-0.0021842869464308023
-0.0022188094444572926,-0.0009165927185676992,0.0007622046396136284
-0.00011917328811250627,0.0013502899091690779,-0.0011281068436801434
0.0008340096101164818,-0.001096863066777587,-0.001495081465691328
-0.0007407176308333874,-0.0009509219089522958,-0.000447660218924284
0.0015571429394185543,0.0004550000885501504,-0.0005284948274493217
-0.0033183058258146048,-0.00047231261851266026,-0.001011858694255352
0.00010358970030210912,0.0017478500958532095,0.0003814040683209896
0.0008117242250591516,0.001974751241505146,0.0002610292285680771
0.0011846869019791484,-9.940982272382826e-05,-0.0003050682134926319
-0.00023531061015091836,-0.001373732346110046,-0.0022220113314688206
0.0016505487728863955,0.0007100586663000286,0.0008532763458788395
0.0007567918510176241,-0.0011043529957532883,-0.0012777852825820446
0.0012454389361664653,0.0012406143359839916,-2.202112227678299e-05
-0.002208947204053402,0.002057938603684306,-0.0004499913193285465
-0.0003107122902292758,0.0013421321054920554,0.0008492879569530487
-0.0012366933515295386,-0.0024291700683534145,-4.340382292866707e-05
-0.0022041695192456245,-0.0016105244867503643,0.0016515376046299934
-0.0007349033840000629,-0.00019771748338826,0.0013450076803565025
0.001360641443170607,-0.00039798091165721416,-0.0018744692206382751
-0.0005291376146487892,-0.0005841358797624707,0.00026804395020008087
0.001852686982601881,0.0013350124936550856,-0.00114818150177598
0.0015280477236956358,0.00023486066493205726,-0.0022592521272599697
0.0002228965749964118,0.0001892284635687247,-0.001690685749053955
0.0008149172645062208,-0.0014177229022607207,-0.0010459348559379578
0.00020056603534612805,0.0010312364902347326,0.000974070280790329
-0.0009896006667986512,-4.6544751967303455e-05,0.0001301146112382412
0.0016554222675040364,0.0002168602659367025,0.0007609277963638306
4.234560765326023e-05,0.0019604319240897894,0.0028778742998838425
0.0006922617321833968,9.334988135378808e-05,-0.0007456955499947071
-0.0011032414622604847,-0.0007005384541116655,0.002110810950398445
3.090090467594564e-05,0.0006753276684321463,0.000640390906482935
-0.0005078566027805209,-0.0006027232739143074,0.0025197830982506275
0.0007644654251635075,-0.001466173562221229,0.0008231089450418949
0.00019774471002165228,-0.0007860022597014904,0.0007384205237030983
0.0011246360372751951,-0.0004897422040812671,-0.000735035166144371
0.0016466155648231506,0.0007446329109370708,-0.0010612728074193
-0.0003317975206300616,-0.002396934200078249,-0.002035189885646105
0.0003299980016890913,-0.00034390325890854,-0.0006077354773879051
-0.0010101888328790665,0.001027328660711646,-0.0006198035553097725
-0.0018600034527480602,0.0002800455840770155,-0.0008091540075838566
-0.0003364349831826985,0.0029902360402047634,0.0008556563407182693
0.0002752931322902441,0.00044159076060168445,0.0005778884515166283
0.000306555099086836,0.0005478402599692345,0.0029593375511467457
0.0009592958958819509,0.0010381281608715653,0.0007233479991555214
0.000559487147256732,-0.0002623541804496199,0.0006291083991527557
1.7001264495775104e-05,-0.0021784985437989235,0.0014466987922787666
0.000745524768717587,-7.797482976457104e-05,0.0019337190315127373
-0.0008931182092055678,0.0008876873762346804,-0.00027537252753973007
0.00025758720585145056,0.002106832107529044,-5.73648139834404e-06
-0.00017091541667468846,-0.0025414491537958384,-0.0008789869025349617
0.00021960478625260293,1.1815500329248607e-05,-4.8012007027864456e-05
-0.0011279546888545156,-0.002129632281139493,0.0023781275376677513
0.0015340687241405249,-0.0021827907767146826,0.0002555171959102154
-0.0017725119832903147,-0.0005904866848140955,-0.0008342484943568707
0.0012451091315597296,-0.002492038533091545,0.0015679611824452877
-0.00038953908369876444,-0.00012448831694200635,0.0003285259008407593
-0.0005796171026304364,0.00013464954099617898,6.462913006544113e-06
-0.0009945376077666879,0.0008310661651194096,-0.001757348421961069
0.0017064522253349423,-0.0004556915955618024,0.0008543804287910461
-0.0011343416990712285,-0.001254906179383397,-0.0010692207142710686
0.002519238041713834,0.001081514754332602,-0.0005247276276350021
0.00016873197455424815,0.000902816595043987,0.0002502524293959141
-0.0014249361120164394,-0.0004969355068169534,-0.001034789253026247
0.0005085187149234116,-0.0010050666751340032,0.0014454126358032227
0.0013861923944205046,0.0007876052986830473,0.0007382459007203579
0.0016517096664756536,-0.00015595265722367913,-0.000596263911575079
0.0003692431782837957,0.0013008667156100273,0.0013237977400422096
-0.0012097450671717525,-0.0003340478870086372,-0.0015859720297157764
0.0017519793473184109,-0.002668843837454915,-0.0009168311953544617
-0.0005953308427706361,-0.0004821222391910851,-0.0005828705616295338
-0.00034976465394720435,-9.3024194939062e-05,-0.003151777433231473
-0.001687470474280417,0.0006630472489632666,-0.0009956820867955685
-0.0007436282467097044,-0.0006036168779246509,-0.0009693792089819908
-0.0015391145134344697,-0.0005162651650607586,0.0011262623593211174
0.00038069853326305747,0.00016129290452226996,0.0005323397926986217
0.0018233328592032194,-3.0188379241735674e-05,0.0019323639571666718
0.0005378519417718053,-0.002343483967706561,0.0002652471885085106
0.0008901881519705057,0.00014603891759179533,-0.0002937503159046173
-0.0006945351487956941,4.863445428782143e-05,0.0009172046557068825
-0.0018013447988778353,-0.0010227551683783531,-0.00014539668336510658
-0.003298194380477071,-0.002187124453485012,0.00042386725544929504
0.001972467638552189,0.0002683099010027945,0.00043798238039016724
-0.0020392013248056173,-0.0005056099616922438,-0.0009400504641234875
1.0633724741637707e-05,0.0011476804502308369,0.002004606183618307
-0.0006659009377472103,0.0012118690647184849,-0.0016958583146333694
-0.002053940435871482,0.0016957654152065516,0.0006575770676136017
3.119432949461043e-05,-0.0015799481188878417,0.0018462464213371277
-0.002494281157851219,-0.0009642253280617297,0.00040521053597331047
-0.0006463003228418529,-0.0007162209949456155,-0.0010335459373891354
6.440444849431515e-06,0.0014286888763308525,0.0004564928822219372
0.001216270960867405,-0.0012880315771326423,-6.183842197060585e-05
-0.0011094675865024328,-0.0009705828269943595,-0.000315637793391943
0.0005486738518811762,-0.0011640734737738967,0.0002556741237640381
0.000269840908003971,1.544058250146918e-05,0.0013949745334684849
0.0003724636335391551,0.0018109554657712579,0.0009254533797502518
0.0017783463699743152,0.0035484018735587597,-0.0007363590411841869
0.0002314158482477069,-3.649346035672352e-05,0.0007708766497671604
-0.00280032679438591,0.0012644607340916991,0.000676068477332592
-0.0007770449155941606,0.002259509637951851,0.0028270669281482697
0.0010802436154335737,-0.0016785066109150648,1.2638047337532043e-05
0.0026053462643176317,-0.0009663997334428132,0.0005360441282391548
-0.0008248051744885743,-0.0010191304609179497,0.0002862396650016308
-0.00023654947290197015,0.0018101060995832086,-0.0008277595043182373
0.0019168825820088387,0.0005222014151513577,0.0020119696855545044
0.0029614579398185015,0.0012087001232430339,0.0016561374068260193
0.0009217428741976619,0.0012731485767289996,-0.0005159364081919193
0.00020019049406982958,-0.0005911878542974591,0.0016602897085249424
9.899036376737058e-05,0.001334277680143714,0.001219003926962614
-0.0009222606313414872,0.0013679568655788898,0.0014653620310127735
-0.0021635598968714476,0.0005602201563306153,0.001582008320838213
0.0037508702371269464,0.001260360237210989,0.00039030658081173897
0.0018070291262120008,0.0003716633655130863,-0.000157239381223917
-0.0004828690434806049,0.0010792221873998642,0.0016980599611997604
-3.865378675982356e-05,0.00147177220787853,-4.0984246879816055e-05
-0.0008746808161959052,-0.0014319125330075622,-0.0005399547517299652
5.689289537258446e-05,-8.861418609740213e-05,-0.0015492928214371204
0.0019950028508901596,-0.0020588149782270193,-0.0009648948907852173
-0.0008726890664547682,0.001251228153705597,0.001057775691151619
-0.0005530708003789186,0.0019524486269801855,-0.00043699657544493675
-0.0018431060016155243,0.0013204804854467511,-0.0029981585685163736
0.0011727246455848217,-0.00011254436685703695,0.0006636758334934711
-0.0009090682724490762,-0.0006808629259467125,-0.0005073160864412785
0.0009964696364477277,-0.0012697763741016388,-0.0005630077794194221
-0.001817160053178668,0.0014320005429908633,0.00041863322257995605
-0.0004495628527365625,0.001508041168563068,-0.002277067396789789
0.0019664568826556206,-0.00033832842018455267,0.0014574835076928139
0.0014272758271545172,0.000403047539293766,-0.0012418786063790321
-0.0019328345078974962,-0.0015269452705979347,9.806826710700989e-06
0.0011510516051203012,0.0003451014927122742,0.0012504039332270622
0.0030506844632327557,0.0009658843046054244,0.0025620111264288425
0.0016026027733460069,-0.001533081172965467,-0.002007258590310812
-0.0015423242002725601,-0.0009746162686496973,0.0006415215320885181
-0.0007786833448335528,-0.00013558162027038634,-0.0010101315565407276
0.0018471934599801898,-0.00025941862259060144,-0.000389881432056427
0.0029978847596794367,-4.599748717737384e-05,-0.0005863234400749207
0.0005203461041674018,4.295209510019049e-05,0.0006355349905788898
0.00038755411515012383,0.001347307930700481,0.0003651026636362076
-0.0012375067453831434,0.0007885767263360322,0.00011130329221487045
0.002442033728584647,0.002425726503133774,0.0013932040892541409
-0.0009937102440744638,0.00023927130678202957,-0.0016273530200123787
0.000313319091219455,0.001212315633893013,0.0011423267424106598
0.001012132503092289,-0.00016906594100873917,0.001393995713442564
0.002522015478461981,0.000667069514747709,-0.0005097165703773499
0.0008242501644417644,4.442247882252559e-05,-0.0003382093273103237
0.0013372506946325302,-0.0016045779921114445,-0.0016882126219570637
-0.00013521115761250257,4.5039341785013676e-06,-0.001593670342117548
-0.0012699285289272666,-0.0012273835018277168,0.0012888391502201557
0.0015927032800391316,-0.0012297803768888116,-0.001195091288536787
-0.0004237183602526784,-0.0001232130452990532,0.0024405457079410553
0.001383769093081355,0.0005218045553192496,0.0006205416284501553
-0.001688614021986723,-0.0007785569177940488,-0.0012782709673047066
-0.0010055131278932095,-0.0004904029192402959,-0.0006090188398957253
-0.0020016010385006666,-0.00035513946204446256,-0.00023193610832095146
0.0007904571248218417,-0.0010744592873379588,-0.0021214489825069904
0.001547334948554635,-1.0880721674766392e-05,0.0001793145202100277
0.0027801119722425938,-0.0005376539775170386,-0.0007858150638639927
-0.0016516147879883647,-0.00010457230382598937,0.00048099178820848465
-0.00018154981080442667,-1.6954305465333164e-05,-0.0010620434768497944
0.00030010638874955475,0.0007707286276854575,0.0014945431612432003
-0.0012011175276711583,-0.0011177188716828823,-0.0020706309005618095
-0.00014957517851144075,-0.0023388350382447243,-0.0009006471373140812
0.0011026430875062943,0.0010260689305141568,0.000154231209307909
-0.0004000076442025602,0.00030995503766462207,-0.00025838008150458336
0.0013899028999730945,-0.0007055082824081182,0.0005014198832213879
0.0003252489259466529,-0.000402503035729751,8.8477972894907e-05
0.0030193026177585125,-0.0007356644491665065,0.0013422942720353603
-0.0017248019576072693,-0.00027432607021182775,-0.0016406816430389881
0.0015144008211791515,-8.790479478193447e-05,-0.0018705124966800213
0.002517320681363344,0.000609501963481307,0.001640927977859974
0.0015601805644109845,-0.0004890519776381552,-0.0011290255934000015
4.948879359290004e-05,-5.559697456192225e-05,0.0003091334365308285
0.0005600167787633836,-0.000152269727550447,0.0013674735091626644
-0.0001465365057811141,-0.00029201427241787314,-0.000718576367944479
-0.0005867570289410651,0.001956758787855506,-2.988288179039955e-05
-0.00014433544129133224,7.693261431995779e-05,0.0006225090473890305
-0.00044367474038153887,0.000940862053539604,0.002375934273004532
0.0006966703222133219,-0.0011004226980730891,0.0011203577741980553
-0.0016309324419125915,-0.0005611325614154339,-0.000406698789447546
0.002055513206869364,-0.002651672577485442,-0.0011897701770067215
0.0004935692995786667,0.0003795373486354947,-0.0011871070601046085
-0.0006201003561727703,-0.0012215211754664779,0.0006299647502601147
0.0020236195996403694,-0.00061218993505463,0.0005500698462128639
0.000632385432254523,0.0013411660911515355,-0.0010848264209926128
-0.0009127805824391544,0.00010119827493326738,-0.000812651589512825
-0.00032737443689256907,0.0007966108387336135,-0.0028186088893562555
5.319126648828387e-05,0.00043868200737051666,-0.0009032636880874634
-0.004356613848358393,-0.0036498610861599445,0.00024183373898267746
-0.0009413762018084526,0.0009384992299601436,-0.0025552844163030386
-0.0008685207576490939,0.00020940306421834975,0.0003870115615427494
0.0015421726275235415,-0.00033867545425891876,-0.0008849143050611019
0.0005684201605618,-0.0008019414963200688,0.0020667188800871372
-0.0003873883979395032,-0.001656283624470234,-0.0004036296159029007
0.001576727139763534,0.0008203458273783326,0.002775026485323906
0.0011562139261513948,-0.0016574593028053641,0.0007081474177539349
0.0016744901658967137,-0.00011027403525076807,-0.0024122202303260565
5.9549231082201004e-05,-0.000151020401972346,0.0007771812379360199
0.0007231616182252765,0.001134096528403461,-0.0011392361484467983
0.002414268907159567,0.000449664075858891,0.00017423508688807487
-0.003069978440180421,0.0018434394150972366,-0.0009407042525708675
0.00042781734373420477,0.00039494605152867734,0.0006377510726451874
-7.341027958318591e-05,-0.0018442774889990687,0.000557806808501482
-0.0011426694691181183,-9.511332609690726e-05,0.001654230523854494
-0.0050151837058365345,-0.0005541291320696473,0.00146903982385993
0.0013092912267893553,-0.0019709309563040733,-0.001461236272007227
-0.0029246187768876553,4.087052366230637e-05,-0.00010573631152510643
0.00046904748887754977,0.0007442113710567355,-0.0009440993890166283
-0.0005420294473879039,-1.469211929361336e-05,-0.0012620147317647934
-0.002133534289896488,0.00030355562921613455,0.002124460879713297
0.00031971902353689075,0.0015504298498854041,0.0015650223940610886
0.0005649961531162262,-0.0001031269202940166,0.0009245323017239571
-0.0008906851289793849,0.001227703643962741,-0.0010559605434536934
-0.0003492645046208054,0.0004423374484758824,0.0005411370657384396
-0.0008380203507840633,0.00022021331824362278,0.0003632758744060993
-0.0021408386528491974,-0.0008690195973031223,0.0005864487029612064
-0.0018137390725314617,0.001201572478748858,-0.0006060972809791565
-0.0016012187115848064,-0.0003156303137075156,0.00022720545530319214
0.0006539126625284553,0.0025598930660635233,-0.0007816501893103123
0.0020856279879808426,0.0014094074722379446,-0.0023441265802830458
0.0016920830821618438,-0.0003043387841898948,0.00042369263246655464
0.0012934078695252538,0.0018589469837024808,0.0006633768789470196
-0.0009286424610763788,-0.00023195307585410774,-0.000238160602748394
0.0013840466272085905,0.0008173323585651815,0.001694229431450367
0.003842025762423873,-0.0012137837475165725,0.000876513309776783
-0.0013692477950826287,0.0007681407150812447,-0.00014081411063671112
0.0004355160635896027,-0.0011722121853381395,0.00021986151114106178
0.0015311406459659338,6.2366470956476405e-06,-0.0004959963262081146
0.0004265559546183795,2.6166822863160633e-05,0.0010672667995095253
-0.0010919785127043724,0.0016514940652996302,-0.0019905748777091503
0.0017211843514814973,-0.0002130423381458968,0.0005330760031938553
0.004516171757131815,-0.0006476702401414514,0.0012952727265655994
-0.0017994485097005963,-0.001216319389641285,-0.0007441029883921146
0.0003473255201242864,0.00031313407816924155,-0.000915077980607748
-0.0011277555022388697,0.0007055605528876185,-0.0033144820481538773
-0.0008001866517588496,-0.0006316126091405749,0.0004496299661695957
0.0004957198398187757,-0.0024240349885076284,-0.00023875851184129715
-0.0006246720440685749,0.001456190599128604,0.0011990820057690144
-0.0012217708863317966,0.00012814789079129696,0.0007023373618721962
-0.0033373860642313957,-0.0007032909779809415,-0.0012295199558138847
-0.0005963839357718825,-0.0015698391944169998,-0.0009944303892552853
-0.00228429539129138,0.00042486851452849805,-0.0009140027686953545
-0.0005991127109155059,-0.0012104595080018044,-0.0017209243960678577
-0.00016901222988963127,-0.0001531845045974478,-0.0029643545858561993
0.0009676911868155003,0.0033141763415187597,0.0006281412206590176
4.250902566127479e-05,2.8016693249810487e-06,0.0008310740813612938
-0.00044516619527712464,-0.0007275489624589682,0.0013962485827505589
-0.00010081948130391538,0.0007334612309932709,-0.0013718409463763237
0.0008803129894658923,0.00041810059337876737,-0.00018519768491387367
0.0008803129894658923,0.0001318107679253444,0.0015770159661769867
0.00266264914534986,-0.0006830605561845005,0.0003475104458630085
0.0007094867760315537,0.00042374921031296253,-0.00030363257974386215
0.0007558189099654555,-0.00036106444895267487,0.0010609268210828304
0.0005560817662626505,-0.00047318352153524756,-0.00017611170187592506
-0.0012441612780094147,-0.00013566088455263525,-0.001832800917327404
0.0018395129591226578,-0.001212376868352294,-0.00048204557970166206
-0.0021292015444487333,0.0001908142294269055,-0.0010550939477980137
-0.0005592682864516973,-0.0013868423411622643,0.0003246897831559181
0.0014504630817100406,-0.0005212294636294246,0.0018307757563889027
-0.00031601169030182064,-0.0015569328097626567,-4.355655983090401e-05
0.0005313219735398889,-0.0006018339190632105,0.0005524242296814919
0.00014010358427185565,-0.0015589740360155702,-0.00040684593841433525
-0.0006222081137821078,0.002198569243773818,0.0004323720932006836
0.001147728762589395,-0.0005689876270480454,0.001992718316614628
-0.0009399154223501682,0.0020206887274980545,-0.0022652591578662395
0.0011669113300740719,-0.0010736382100731134,0.00010575307533144951
-0.001061703311279416,-0.0004706241306848824,-0.0010438021272420883
-0.0011599741410464048,0.00029743154300376773,1.0277144610881805e-05
6.778287934139371e-05,-0.00035034382017329335,0.001516648568212986
-0.0001231658097822219,-0.0007333063404075801,0.00046336837112903595
-0.0008992340881377459,-0.0005016504437662661,-0.00030393339693546295
0.00010051659774035215,0.001066418713890016,0.00011764513328671455
0.0009255203185603023,-0.0002169761573895812,0.0008233711123466492
-0.0010942210210487247,-0.002185052027925849,-0.0011676079593598843
-0.0016199032543227077,-0.0012073564575985074,-0.0017978493124246597
-0.001034540357068181,-0.0003591397253330797,-0.002746999729424715
0.002561776200309396,0.0004961490049026906,0.0010318448767066002
-0.00032429164275527,0.00042051522177644074,-0.0008893595077097416
-0.0025453902781009674,-0.0007737106643617153,0.0028664395213127136
0.0006237714551389217,-0.0003031301312148571,0.00147653603926301
0.0030463850125670433,-0.0009678153437562287,-0.0002451692707836628
0.00047776635619811714,0.0005997212720103562,-0.00035142945125699043
4.7423032810911536e-05,-0.00016365933697670698,0.0012842346914112568
-0.0002782816009130329,0.0001436694583389908,-0.0010273889638483524
-0.0014322430361062288,-0.0011950384359806776,-0.0011928761377930641
0.002978217788040638,-8.796231122687459e-05,-0.00010737171396613121
-0.0013893741415813565,4.3726060539484024e-05,-2.366025000810623e-05
0.0005451460601761937,-0.0009530950919725001,0.00019391998648643494
-0.0011261338368058205,0.0012919888831675053,0.0013307253830134869
-0.00013357371790334582,-0.0015088575892150402,0.0005759852938354015
-0.0010834878776222467,-0.0002592582895886153,5.970615893602371e-05
-0.0014715103898197412,0.0009673936874605715,0.0016767773777246475
-0.001085355062969029,-0.002321676118299365,-0.0006038304418325424
-0.0007774935802444816,-0.0006183183868415654,0.00023213587701320648
-0.0003481965104583651,0.0033372670877724886,0.0012007406912744045
-0.0038699605502188206,0.0010027402313426137,0.00017835339531302452
-0.0033184823114424944,-0.004640674218535423,-0.002462347038090229
-0.002499560359865427,-0.004961585160344839,-0.007324214093387127
0.0009069836232811213,-0.001671092351898551,-0.0281975194811821
-0.0010054323356598616,-0.0023709710221737623,-0.042493902146816254
0.001493152929469943,-0.0004654644289985299,0.008451518602669239
0.0003067147044930607,6.31730435998179e-05,0.07608488947153091
-0.0006711691385135055,5.362899537431076e-05,0.12362818419933319
0.0017152895452454686,-0.0011152323568239808,0.11683179438114166
0.002588076749816537,0.005818133242428303,0.021612491458654404
0.0018458536360412836,0.00592146348208189,0.008065788075327873
0.003990917466580868,0.009768260642886162,0.04325253516435623
0.002120046876370907,0.01286258827894926,-0.023038603365421295
0.0007634431822225451,0.016973724588751793,0.15567751228809357
-0.005778079386800528,0.017657091841101646,0.5888047218322754
-0.04594886302947998,-0.021548809483647346,0.796374499797821
-0.060237519443035126,-0.0024936245754361153,0.5792754888534546
-0.05912141501903534,-0.005677469074726105,0.2979772388935089
-0.07703250646591187,-0.019165581092238426,0.1995135247707367
-0.13883469998836517,-0.011545563116669655,0.2617974877357483
-0.25637274980545044,-0.002465782454237342,0.4401472508907318
-0.2892582416534424,0.004406554624438286,0.7576447129249573
-0.256676584482193,0.009088125079870224,1.130351185798645
-0.27324143052101135,0.01293454971164465,1.408510446548462
-0.32357409596443176,0.021438557654619217,1.5020787715911865
-0.4126909077167511,0.034078773111104965,1.4746277332305908
-0.5487587451934814,0.06261268258094788,1.3896771669387817
-0.8477372527122498,0.12519048154354095,1.2991341352462769
-1.292939305305481,0.1455327719449997,1.302392601966858
-1.7117830514907837,0.11697360128164291,1.416473388671875
-2.0624406337738037,0.005701404996216297,1.5218218564987183
-2.2801077365875244,-0.1694597601890564,1.58884859085083
-2.3289358615875244,-0.40238329768180847,1.5695358514785767
-2.2165751457214355,-0.6753519177436829,1.477749228477478
-2.0107975006103516,-0.9561018347740173,1.3275154829025269
-1.764762043952942,-1.244673728942871,1.174994945526123
-1.535125970840454,-1.5504869222640991,1.059632420539856
-1.3331071138381958,-1.903064489364624,0.9695228338241577
-1.2129758596420288,-2.2769463062286377,0.8953818082809448
-1.1702731847763062,-2.6574864387512207,0.7665577530860901
-1.1994198560714722,-2.944183349609375,0.6184036731719971
-1.3438146114349365,-3.0527329444885254,0.5186926126480103
-1.5266294479370117,-2.9982311725616455,0.48856455087661743
-1.675757884979248,-2.7810513973236084,0.5614359974861145
-1.8192415237426758,-2.464047431945801,0.6754128932952881
-1.9166475534439087,-2.1164259910583496,0.7641008496284485
-1.931621789932251,-1.737538456916809,0.8664554357528687
-1.9242686033248901,-1.433408260345459,0.8558643460273743
-1.8730581998825073,-1.2357805967330933,0.7907958626747131
-1.8593690395355225,-1.056320309638977,0.7151288986206055
-1.9038124084472656,-0.916159987449646,0.6196668148040771
-2.0007455348968506,-0.7924073934555054,0.5972498059272766
-2.1437184810638428,-0.6468235850334167,0.6761406064033508
-2.294236421585083,-0.5457510352134705,0.7553247809410095
-2.373950719833374,-0.5448362827301025,0.7863793969154358
-2.3512752056121826,-0.5744089484214783,0.7692427635192871
-2.2116968631744385,-0.5912914872169495,0.6916970610618591
-1.9939463138580322,-0.5138885378837585,0.6251033544540405
-1.7412928342819214,-0.386417955160141,0.5480756759643555
-1.5283598899841309,-0.25234347581863403,0.48516225814819336
-1.4031498432159424,-0.16997376084327698,0.40345141291618347
-1.3468918800354004,-0.18362832069396973,0.3179018199443817
-1.3279200792312622,-0.2765558660030365,0.2551678717136383
-1.33132004737854,-0.45036256313323975,0.17056623101234436
-1.342078447341919,-0.6547649502754211,0.11627130210399628
-1.362026333808899,-0.780591607093811,0.06325570493936539
-1.378106713294983,-0.7839615345001221,0.021410515531897545
-1.3425848484039307,-0.6769014000892639,0.01985277608036995
-1.1868064403533936,-0.4800807535648346,-0.0012796721421182156
-0.9156672954559326,-0.24457931518554688,-0.03332037478685379
-0.6124541163444519,0.01978575624525547,-0.042445965111255646
-0.39119255542755127,0.2769576907157898,-0.022547727450728416
-0.28379741311073303,0.29965847730636597,0.029164202511310577
-0.21009382605552673,-0.3462567925453186,0.024069789797067642
-0.14299948513507843,-0.7943853139877319,-0.06824256479740143
-0.3393934965133667,-1.034508466720581,0.03656566143035889
-0.47916123270988464,-0.8970003724098206,0.08836200833320618
-0.4274805784225464,-0.5742179155349731,0.08361444622278214
-0.35746365785598755,-0.7442695498466492,0.0972098857164383
-0.3098308742046356,-0.7497556209564209,0.1341072916984558
-0.26239755749702454,-0.8837445378303528,0.15067347884178162
-0.26070985198020935,-0.8675910830497742,0.16305942833423615
-0.26445266604423523,-0.6672508120536804,0.13170389831066132
-0.1796494424343109,-0.4606620669364929,0.07940537482500076
-0.0890985056757927,-0.3148372173309326,0.021848872303962708
-0.05099744349718094,-0.15707604587078094,0.010255172848701477
-0.05225339159369469,-0.11527453362941742,0.047232627868652344
-0.08944980055093765,-0.17296849191188812,0.0982213020324707
-0.12664136290550232,-0.18586991727352142,0.13240563869476318
-0.17553603649139404,-0.08508006483316422,0.12211783230304718
-0.028797471895813942,-0.07427535951137543,0.21089030802249908
-0.1227719709277153,0.2580719590187073,0.03276548907160759
-0.2548098862171173,0.43231886625289917,-0.21328502893447876
0.030805282294750214,0.2984938621520996,-0.06691636145114899
0.05824409797787666,-0.06680792570114136,0.10825598239898682
0.028099725022912025,-0.44841793179512024,0.16709208488464355
-0.011049007065594196,-0.6866246461868286,0.1435670405626297
-0.04989622160792351,-0.8380878567695618,0.12631168961524963
-0.10217220336198807,-0.9941283464431763,0.09610983729362488
-0.21494267880916595,-1.1786478757858276,0.05245722085237503
-0.3428178131580353,-1.3246889114379883,0.041886068880558014
-0.4491383135318756,-1.3592427968978882,0.06522467732429504
-0.5151469111442566,-1.3329073190689087,0.10909333825111389
-0.5368067026138306,-1.2955152988433838,0.15000364184379578
-0.5350136160850525,-1.285185694694519,0.17631861567497253
-0.5276905298233032,-1.3140493631362915,0.21760331094264984
-0.49124035239219666,-1.3412690162658691,0.27306443452835083
-0.4333955645561218,-1.385976791381836,0.333038866519928
-0.3911631405353546,-1.4517501592636108,0.3707819879055023
-0.39104846119880676,-1.5526502132415771,0.3922010064125061
-0.41970115900039673,-1.6639686822891235,0.39471715688705444
-0.4706837236881256,-1.7630282640457153,0.36817991733551025
-0.5566761493682861,-1.829669713973999,0.3858664929866791
-0.7656170129776001,-2.069897413253784,0.2341005802154541
-0.9325758814811707,-2.0820560455322266,0.4488259255886078
-0.9855781197547913,-2.6046760082244873,0.4595024883747101
-1.267064094543457,-3.1713809967041016,0.35022100806236267
-1.3962323665618896,-3.3023264408111572,0.3333180248737335
-1.393598198890686,-3.4868953227996826,0.3344980478286743
-1.3672385215759277,-3.2264060974121094,0.3986794948577881
-1.2618579864501953,-2.3090384006500244,0.431932270526886
-0.9211923480033875,-2.2485411167144775,0.3898119032382965
-0.9343898892402649,-1.9194128513336182,0.2481304109096527
-0.9153546690940857,-1.4024243354797363,0.21856991946697235
-0.6948076486587524,-1.0641570091247559,0.15482689440250397
-0.49849796295166016,-0.6964105367660522,0.09299197047948837
-0.33346399664878845,-0.4048493206501007,0.08776045590639114
-0.22651687264442444,-0.18493467569351196,0.09200377762317657
-0.17180675268173218,-0.03946349397301674,0.10041829943656921
-0.20200853049755096,0.02741337940096855,0.11627156287431717
-0.4109537601470947,0.11089149862527847,0.13238155841827393
-0.7040597796440125,0.15318743884563446,0.12209968268871307
-1.0180259943008423,0.13106802105903625,0.08338557183742523
-1.3721733093261719,-0.015430151484906673,-0.025623951107263565
-1.4498121738433838,-0.06251803040504456,-0.04563281312584877
-1.3787440061569214,-0.24211372435092926,-0.10923803597688675
-1.2671128511428833,-0.2646683156490326,-0.09913107752799988
-1.175085186958313,-0.2575789988040924,-0.07697038352489471
-1.2901183366775513,-0.5251017808914185,-0.03583519905805588
-1.1379631757736206,-0.4603683054447174,0.04523659124970436
-1.0734206438064575,-0.4357258081436157,0.017926141619682312
-0.7313047051429749,-0.35518231987953186,0.03346099704504013
-0.24341517686843872,-0.12268383800983429,-0.059061214327812195
0.14537204802036285,0.24042043089866638,-0.11779957264661789
-0.09597824513912201,0.16774463653564453,-0.16056248545646667
-0.8404787182807922,-0.7129746079444885,-0.29644617438316345
-0.28291475772857666,0.11489082872867584,-0.4225551187992096
-0.12076911330223083,-0.23056016862392426,-0.5200803875923157
-0.3497607707977295,-0.004142746329307556,-0.6667132377624512
-0.3682416081428528,0.2030004858970642,-0.7045316696166992
-0.24589067697525024,0.46750831604003906,-0.7465331554412842
0.009613617323338985,0.7159730195999146,-0.7198314666748047
0.32002848386764526,0.8242997527122498,-0.676097571849823
0.5697699189186096,0.8230371475219727,-0.6791829466819763
0.690485417842865,0.7336273789405823,-0.7297345399856567
0.673808217048645,0.6509281992912292,-0.7974246144294739
0.6071006059646606,0.6668211221694946,-0.8612760305404663
0.5520580410957336,0.7663963437080383,-0.8674216270446777
0.5255215167999268,0.9210253357887268,-0.7949604988098145
0.5291103720664978,1.0689588785171509,-0.6555176973342896
0.5660276412963867,1.1709433794021606,-0.43751266598701477
0.645273745059967,1.2074973583221436,-0.19513803720474243
0.7448570728302002,1.2202192544937134,0.020567359402775764
0.8555254936218262,1.2272292375564575,0.16588033735752106
0.9309108257293701,1.2481014728546143,0.23276856541633606
0.9364458918571472,1.2631442546844482,0.24974580109119415
0.8631926774978638,1.2672228813171387,0.23973576724529266
0.739093542098999,1.2336409091949463,0.1852973997592926
0.5981665253639221,1.163437008857727,0.12501008808612823
0.5143264532089233,1.1150400638580322,-0.028709961101412773
0.4828750491142273,1.0972189903259277,0.09660108387470245
0.421760231256485,1.2379237413406372,0.21519894897937775
0.3883362114429474,1.2490887641906738,0.21171100437641144
0.34799686074256897,1.1802817583084106,0.1747320592403412
0.29242920875549316,1.138134241104126,0.15031033754348755
0.24688966572284698,1.1107639074325562,0.12775272130966187
0.21128027141094208,1.0703434944152832,0.11632803082466125
0.169089674949646,1.0346020460128784,0.13475044071674347
0.13364540040493011,1.005811095237732,0.17627950012683868
0.11677318811416626,0.9294776916503906,0.24353653192520142
0.11850850284099579,0.8265787363052368,0.29850417375564575
0.13742458820343018,0.773846447467804,0.3094591498374939
0.15147942304611206,0.7802782654762268,0.2879658341407776
0.15270863473415375,0.7803035378456116,0.2758210003376007
0.14554846286773682,0.7827565670013428,0.26026707887649536
0.1427866816520691,0.821932852268219,0.21877631545066833
0.14753377437591553,0.8423494696617126,0.2012162208557129
0.15726196765899658,0.8484818935394287,0.19560331106185913
0.139018252491951,0.8390060663223267,0.19898071885108948
0.09162072092294693,0.7918990850448608,0.13984858989715576
0.017189359292387962,0.6545004844665527,0.0746472179889679
-0.08955897390842438,0.5339567065238953,-0.012139669619500637
-0.2040139138698578,0.3795918822288513,-0.11071310937404633
-0.3087506890296936,0.21682298183441162,-0.163729727268219
-0.38281744718551636,0.09789473563432693,-0.179739847779274
-0.44902822375297546,0.02447875589132309,-0.14713706076145172
-0.47114765644073486,0.0052555277943611145,-0.0970243588089943
-0.42133066058158875,0.009455776773393154,-0.08086217194795609
-0.31048351526260376,0.03659684956073761,-0.0925063043832779
-0.1835501492023468,0.06006455421447754,-0.1190526932477951
-0.08215560764074326,0.06361055374145508,-0.14584490656852722
-0.019421475008130074,0.10728681087493896,-0.18441754579544067
-0.002628113841637969,0.18358425796031952,-0.20406474173069
-0.020892759785056114,0.2530454993247986,-0.2437698096036911
-0.0355374813079834,0.2737787365913391,-0.27869316935539246
-0.030736451968550682,0.2675800621509552,-0.26939815282821655
-0.003035316476598382,0.2508314549922943,-0.2431710809469223
0.0690518245100975,0.2391371876001358,-0.21780946850776672
0.16942636668682098,0.22801423072814941,-0.19224151968955994
0.2581600844860077,0.2082241177558899,-0.17288227379322052
0.30743440985679626,0.18088117241859436,-0.16425175964832306
0.2946039140224457,0.13421444594860077,-0.16885162889957428
0.22071720659732819,0.09329044073820114,-0.1775369942188263
0.12817159295082092,0.059180986136198044,-0.17902548611164093
0.046703893691301346,0.05242002010345459,-0.1756637692451477
0.01920906826853752,0.07577237486839294,-0.1684575378894806
0.04824444651603699,0.0954214483499527,-0.17308078706264496
0.10209573060274124,0.10233639180660248,-0.18432874977588654
0.1385541409254074,0.11515845358371735,-0.18323765695095062
0.13958477973937988,0.12761883437633514,-0.18633517622947693
0.10793577879667282,0.1292007565498352,-0.1946202665567398
0.06957022845745087,0.1031872034072876,-0.21000587940216064
0.049700383096933365,0.09000961482524872,-0.2327095866203308
0.05761171877384186,0.10183796286582947,-0.24991579353809357
0.08778533339500427,0.12200981378555298,-0.26717785000801086
0.12164478003978729,0.14769728481769562,-0.2889325022697449
0.14411653578281403,0.17485620081424713,-0.3206225037574768
0.17054645717144012,0.1885482668876648,-0.367648184299469
0.18637815117835999,0.17943519353866577,-0.4340447783470154
0.19749173521995544,0.15298832952976227,-0.480396568775177
0.21446751058101654,0.14107069373130798,-0.5119790434837341
0.24163499474525452,0.1509886384010315,-0.527320384979248
0.27318868041038513,0.15308907628059387,-0.5296785831451416
0.27288368344306946,0.14283475279808044,-0.5225273966789246
0.23338712751865387,0.10942406952381134,-0.5184977650642395
0.1589561253786087,0.08568955212831497,-0.5325009226799011
0.07699575275182724,0.062479037791490555,-0.5547268986701965
0.008962512016296387,0.052457407116889954,-0.5581018328666687
-0.02460397034883499,0.03184613958001137,-0.5510473847389221
-0.027178127318620682,-0.00010160161764360964,-0.5580714344978333
-0.0006426559411920607,-0.021898509934544563,-0.5718844532966614
0.03829801455140114,-0.02157396450638771,-0.5826938152313232
0.06438101083040237,-0.006859199609607458,-0.5746252536773682
0.08064394444227219,0.012876788154244423,-0.5521251559257507
0.09226465225219727,0.058673303574323654,-0.5285154581069946
0.11777504533529282,0.12814049422740936,-0.5065092444419861
0.1560412049293518,0.20491516590118408,-0.47474944591522217
0.2187802642583847,0.28088271617889404,-0.43937036395072937
0.28819209337234497,0.3680724799633026,-0.4129456877708435
0.36757028102874756,0.4630037546157837,-0.39941245317459106
0.44460487365722656,0.5300900936126709,-0.3675170838832855
0.4678334891796112,0.5262038111686707,-0.3185012936592102
0.3968008756637573,0.45319509506225586,-0.28561896085739136
0.2732628881931305,0.34447944164276123,-0.26671096682548523
0.14736782014369965,0.23372071981430054,-0.2713826894760132
0.06175149232149124,0.1572137326002121,-0.28290390968322754
0.013496077619493008,0.13461095094680786,-0.29738858342170715
-0.015439126640558243,0.13955914974212646,-0.2922474443912506
0.04083346575498581,0.12759330868721008,-0.2779286801815033
1.0378605127334595,0.32068392634391785,-0.1365625560283661
1.4447845220565796,0.7411147356033325,-0.0454571433365345
1.8650727272033691,0.876325786113739,-0.00021323328837752342
1.8105186223983765,0.8240966796875,-0.01380733959376812
1.4456151723861694,0.5492774248123169,-0.08338385820388794
0.9773101210594177,0.0021557786967605352,-0.13227790594100952
0.395394891500473,-0.478414922952652,-0.0984782874584198
-0.22298122942447662,-0.7917762994766235,-0.010092761367559433
-0.6286170482635498,-1.0314685106277466,0.11290000379085541
-0.7370681762695312,-0.9882368445396423,0.13660293817520142
-0.6847571134567261,-0.7605518698692322,0.04646766185760498
-0.4816682040691376,-0.45526546239852905,-0.030353082343935966
-0.2698182463645935,-0.09721753001213074,-0.11178535223007202
-0.14433592557907104,0.1942095309495926,-0.21669606864452362
-0.21261221170425415,0.3009609580039978,-0.2981589734554291
-0.42341846227645874,0.19191011786460876,-0.36370787024497986
-0.6011011004447937,-0.0002244017960038036,-0.35950541496276855
-0.643380880355835,-0.08850392699241638,-0.3037497401237488
-0.6926285028457642,-0.0921691358089447,-0.306646466255188
-0.5351610779762268,-0.043259117752313614,-0.17977532744407654
-0.29310110211372375,0.13527518510818481,-0.05831136927008629
-0.08106687664985657,0.40323367714881897,-0.029337508603930473
0.11358135938644409,0.5385450720787048,-0.04677408188581467
0.30233368277549744,0.4892803132534027,-0.03956969827413559
0.4549378454685211,0.40047556161880493,0.04130086302757263
0.6419554352760315,0.3935779929161072,0.1607809215784073
0.9067708849906921,0.5507844090461731,0.2276618480682373
0.8333192467689514,0.6126272678375244,0.21970166265964508
0.6736989617347717,0.48786163330078125,0.22212719917297363
0.49042877554893494,0.37079334259033203,0.20717968046665192
0.44819656014442444,0.3581717312335968,0.19778788089752197
0.4992285966873169,0.379264235496521,0.15883809328079224
0.5319658517837524,0.29119035601615906,0.09034856408834457
0.5066927075386047,0.048574257642030716,0.04947756975889206
0.45074155926704407,-0.2213226705789566,0.02873479202389717
0.3522339165210724,-0.4719671607017517,0.07057119160890579
0.28284093737602234,-0.6252848505973816,-0.3238123953342438
0.3608635663986206,-0.4608280062675476,-0.8349608778953552
0.6110827326774597,0.8498626947402954,-0.9476656913757324
0.7287542223930359,2.433647394180298,-0.9717755317687988
0.9007735848426819,2.7329976558685303,-0.8597756624221802
0.9336699843406677,2.0414838790893555,-0.7173886895179749
0.8478971123695374,0.9969226717948914,-0.7320311069488525
0.8031575679779053,0.20758067071437836,-0.8868025541305542
0.8371223211288452,0.06689926981925964,-1.1034189462661743
0.9076281785964966,0.4628516435623169,-1.3149170875549316
0.9424377679824829,1.0346169471740723,-1.4641950130462646
0.9592652320861816,1.4757951498031616,-1.486676573753357
0.9393253922462463,1.7081197500228882,-1.37861967086792
0.877109706401825,1.7980620861053467,-1.175915002822876
0.8246995210647583,1.837714672088623,-0.9097980260848999
0.8034115433692932,1.9248770475387573,-0.7177247405052185
0.7904893159866333,2.0992016792297363,-0.652320921421051
0.8196357488632202,2.2966368198394775,-0.6074693202972412
0.9094273447990417,2.408440351486206,-0.6041513681411743
1.0783597230911255,2.4112300872802734,-0.67440265417099
1.2854353189468384,2.335530996322632,-0.8315144777297974
1.5259724855422974,2.2496399879455566,-0.9861770272254944
1.768756628036499,2.1861441135406494,-1.0038906335830688
1.9254860877990723,2.1548707485198975,-0.8467928171157837
1.9890236854553223,2.129723072052002,-0.6158734560012817
1.9693578481674194,2.1032798290252686,-0.47811824083328247
1.8799649477005005,2.0834836959838867,-0.47833511233329773
1.7542741298675537,2.0638539791107178,-0.538506805896759
1.5979574918746948,1.9779974222183228,-0.5281038284301758
1.4215742349624634,1.832807183265686,-0.4306981563568115
1.273768663406372,1.7158066034317017,-0.2952221930027008
1.1635457277297974,1.6186689138412476,-0.1869598925113678
1.1126662492752075,1.5134203433990479,-0.1268446296453476
1.0906976461410522,1.4046504497528076,-0.08635792136192322
1.0748544931411743,1.3195620775222778,-0.061791591346263885
1.0246386528015137,1.226751685142517,-0.04538971558213234
0.9265245795249939,1.0816069841384888,0.01457497850060463
0.8037390112876892,0.8783489465713501,0.027530455961823463
0.6903576254844666,0.6352916955947876,-0.032779112458229065
0.5929703712463379,0.3620249927043915,-0.07965580374002457
0.5346081852912903,0.11064139753580093,-0.037618186324834824
0.4880250096321106,-0.10071133077144623,0.015222927555441856
0.5097820162773132,-0.21095015108585358,0.018540799617767334
0.5822503566741943,-0.17851285636425018,-0.044094618409872055
0.6556994915008545,-0.05732287839055061,-0.12168113142251968
0.6912329792976379,0.05611952766776085,-0.16189593076705933
0.6828171610832214,0.12463690340518951,-0.15214870870113373
0.6029101014137268,0.1875852346420288,-0.08206042647361755
0.4510843753814697,0.26942792534828186,-0.0015630833804607391
0.30008262395858765,0.37315085530281067,0.017612209543585777
0.19007161259651184,0.4708757698535919,0.031687065958976746
0.121522918343544,0.5595560669898987,0.11609995365142822
0.46524304151535034,2.794457197189331,-0.04947825148701668
0.6600927114486694,2.9718430042266846,-0.015420948155224323
0.9976277947425842,1.9827690124511719,0.04031224548816681
1.125359296798706,1.3326793909072876,0.013940560631453991
1.056374430656433,1.3692715167999268,0.01633330062031746
0.9739152193069458,1.5373406410217285,0.041707366704940796
0.9129096269607544,1.6784067153930664,0.04355991631746292
0.521567702293396,1.8405109643936157,0.013838772661983967
-0.261539489030838,1.7699689865112305,0.19245997071266174
0.02778950147330761,-0.5856924057006836,0.03404849395155907
-0.013434600085020065,0.06306035071611404,0.04876293987035751
0.0719897523522377,-0.14766201376914978,0.09761969745159149
0.09278184920549393,-0.1334788203239441,0.28981924057006836
0.03762885183095932,0.2626320421695709,0.392356276512146
0.060972824692726135,0.33949199318885803,0.29859110713005066
0.06947869062423706,0.01643482781946659,0.11395174264907837
0.0715961679816246,-0.029041044414043427,0.06051541864871979
0.1031959056854248,0.00957399234175682,0.0374058336019516
0.21972323954105377,-0.003855103626847267,0.04023011401295662
0.28681573271751404,-0.01892460137605667,0.048816412687301636
0.17689476907253265,-0.03496726602315903,0.07172343134880066
0.07303629070520401,0.03042265772819519,0.09225454181432724
0.0032732731197029352,0.029528217390179634,0.07350770384073257
-0.002995541552081704,0.02468019910156727,0.03467694669961929
-0.0006442193407565355,0.014683245681226254,0.04101724177598953
-0.0015166709199547768,0.007825072854757309,0.03655245155096054
0.0013816413702443242,0.008422412909567356,0.03120407834649086
-0.0018682141089811921,0.0024167189840227365,0.010717710480093956
0.0003931111132260412,0.0005711906705982983,-0.0021161148324608803
-0.001227422384545207,0.0008521541603840888,-0.0008870656602084637
-0.0014925312716513872,0.0008434758055955172,-0.0011908295564353466
-9.250745642930269e-05,0.0008927442831918597,-0.01836821809411049
-0.0005481689004227519,0.0018240588251501322,0.0012432467192411423
0.0014907472068443894,0.0024674786254763603,-0.0020561437122523785
0.00210036663338542,0.0013718827394768596,-0.001380179077386856
-0.0004900902276858687,0.0008895841892808676,0.0017751343548297882
-0.0010346900671720505,0.0015388843603432178,0.0005709598772227764
-0.0013012724230065942,0.002192956628277898,0.0001829373650252819
0.0020402183290570974,0.0008118696860037744,-0.010072575882077217
0.0026468862779438496,0.0007032127468846738,-0.027093105018138885
0.002833002246916294,0.0017156967660412192,-0.007086800877004862
9.021256119012833e-05,0.002527161967009306,-0.0003263666294515133
0.0015187769895419478,0.0003143983194604516,-0.0012498428113758564
0.0015805623261258006,-0.00030611822148784995,-0.0002061501145362854
0.00019032023556064814,-0.0009070199448615313,-0.0005319635383784771
0.0015666419640183449,0.00017342445789836347,4.620896652340889e-05
0.00012774133938364685,-0.00010646662121871486,0.00020115170627832413
-0.0013753467937931418,-0.00026918575167655945,0.00038464367389678955
0.0010177751537412405,0.0019154124893248081,-0.0002990430220961571
0.0021355038043111563,0.000855740625411272,0.0005182810127735138
-0.002193230204284191,-6.921820749994367e-05,0.0005441657267510891
0.001040379866026342,9.611361747374758e-06,-0.00017621926963329315
0.0012058052234351635,0.0018331350293010473,-0.001154556404799223
-0.0023124967701733112,-1.2435571989044547e-05,-0.000917801633477211
-0.0019814877305179834,0.003485331544652581,0.0010108058340847492
0.0014276248402893543,-0.0011435087071731687,2.6767607778310776e-05
-0.00010206212755292654,0.0021330213639885187,0.0018914612010121346
-0.0008155230316333473,-0.00022707210155203938,-0.0008473340421915054
0.0008780034258961678,0.00048615093692205846,0.0010401024483144283
-0.00047861080383881927,0.0010709811467677355,0.00012131175026297569
-0.0009507780196145177,0.002295516896992922,0.00047167763113975525
-0.000737458816729486,-0.0014928298769518733,-0.0008654952980577946
-0.0003830033238045871,0.0005316909519024193,8.802209049463272e-05
0.0003115490544587374,0.00031943703652359545,4.248227924108505e-05
0.00034052252885885537,-0.0011360518401488662,0.001094695646315813
-0.0003617530455812812,0.000682354555465281,0.0001633879728615284
-0.0011275714496150613,0.0006270959274843335,-6.585381925106049e-05
-0.0009499386651441455,0.001559468568302691,0.0017448295839130878
0.0015800015535205603,-0.0017522501293569803,-0.0015079034492373466
0.0006891741068102419,0.0005993210361339152,-0.0007238690741360188
0.0008257186273112893,-0.0006804279983043671,-0.0010682721622288227
-0.0007559327641502023,-0.00078455766197294,-0.001034183893352747
-0.0019457349553704262,0.0016225359868258238,-7.669441401958466e-07
0.0015456691617146134,-0.00020891991152893752,0.0018985997885465622
-0.0009883056627586484,0.0022478746250271797,0.0002999575808644295
0.0015163973439484835,-0.0006283394759520888,-0.0012950096279382706
0.00022893607092555612,-0.0022684279829263687,0.0006787097081542015
-0.0018946686759591103,-0.00118851603474468,0.0007242495194077492
0.0006822838331572711,0.00035754861892201006,-0.001363879069685936
0.00011636209092102945,-5.604028410743922e-05,-0.0015524309128522873
-0.0040550194680690765,0.0011204517213627696,0.00016253581270575523
0.00013013818534091115,0.00018594847642816603,-0.0007599829696118832
-0.002287638606503606,0.0013008826645091176,0.0001660543493926525
-0.0020415624603629112,0.001132570905610919,-0.0007346267811954021
0.0023634489625692368,-0.0010724165476858616,0.0017869570292532444
-0.0020997426472604275,0.0005268115783110261,3.437511622905731e-06
-0.0033940018620342016,0.0014776547905057669,-0.0002933405339717865
-0.0009532145340926945,0.001088300603441894,-0.0008249077945947647
-0.0024904287420213223,0.001978210872039199,-0.0010077068582177162
-0.00047787779476493597,-0.0015299711376428604,-0.0010255500674247742
-0.00113419268745929,-0.0011937441304326057,-0.0025192140601575375
-9.662512456998229e-05,-0.00039958948036655784,0.0005807052366435528
6.376515375450253e-05,-0.0006556867738254368,-0.002059497404843569
4.778619040735066e-05,-0.0015198824694380164,-0.00040727201849222183
-0.0023312882985919714,-0.001363452523946762,7.380079478025436e-05
-0.0019312812946736813,-0.0015884896274656057,0.0016301521100103855
-0.001496601733379066,2.8772343284799717e-05,0.0004162834957242012
0.00040702574187889695,-0.001254871254786849,0.0005883234553039074
-3.994675353169441e-06,0.0005058907554484904,0.000297721941024065
-0.002129197120666504,0.0010742093436419964,0.0014798990450799465
0.0007353861583396792,-3.629755519796163e-05,6.76540657877922e-05
0.00047173319035209715,-5.387442070059478e-05,0.0007611410692334175
0.0010159302037209272,0.0012690486619248986,-0.00020215008407831192
0.0017578869592398405,-0.001351235550828278,-0.0019369330257177353
0.0009787119925022125,-0.004410868510603905,-0.0020476472564041615
0.0004383566265460104,0.0012858993140980601,-0.0017115562222898006
-0.0013689101906493306,5.041716212872416e-05,-0.0014308448880910873
-0.0013681112322956324,-0.00022442106273956597,0.0010442971251904964
-0.0019499040208756924,0.0021277503110468388,0.0008172257803380489
0.0018016909016296268,-0.0014462118269875646,-0.000237918458878994
0.00010279120760969818,-0.0013502768706530333,-0.0029448475688695908
-0.0014072211924940348,-0.000376625161152333,-0.0005149794742465019
0.00028175904299132526,0.0011940423864871264,0.0027222223579883575
-0.001452491502277553,-0.002011870965361595,-0.0012618666514754295
-0.0013066205428913236,0.0006614018930122256,0.000866384245455265
0.00039434045902453363,0.001070197089575231,0.00010258937254548073
-0.001193119795061648,0.0002849270822480321,0.0014894423075020313
-0.0011092302156612277,1.0621493856888264e-05,0.0017115501686930656
0.0006747147417627275,0.00022685879957862198,0.0016495413146913052
-0.003825228661298752,0.0013163579860702157,-0.0008066920563578606
-0.0007365248166024685,-0.0005388379795476794,0.0022297739051282406
0.001264041755348444,-0.00034149771090596914,0.00015357369557023048
0.000283638306427747,0.00032022426603361964,0.0008924892172217369
-0.00032622559228911996,-0.001701647532172501,-0.00019487924873828888
0.002698941621929407,0.0014981110580265522,-0.0003257286734879017
-0.0010920681525021791,0.0034552679862827063,0.00027241744101047516
0.0009091596584767103,0.0009717383072711527,0.0009043202735483646
-0.0007571802707388997,-0.0007345490157604218,-0.00010581687092781067
0.001310865511186421,-0.0014774096198379993,0.0019630794413387775
0.001350014004856348,0.0005505876033566892,0.0003313603810966015
-0.0009763088892214,0.0013747045304626226,0.0007283370941877365
-0.0011667250655591488,-0.0014668883522972465,-0.0009659659117460251
-4.441337659955025e-05,0.00017679945449344814,-3.4611206501722336e-05
-0.00047664440353401005,0.0015158368041738868,-0.0018998892046511173
0.0005540925776585937,-0.0007562325918115675,0.0012043430469930172
0.001593257999047637,0.0012896077241748571,0.0011638631112873554
-0.0016723356675356627,-0.001194486627355218,0.0009241607040166855
0.0021016299724578857,0.00017943818238563836,-0.002313976874575019
-6.307000876404345e-05,0.00024388617021031678,0.0007800520397722721
0.0008256267756223679,7.530807488365099e-05,0.001615219283849001
0.0011345958337187767,-0.00011234419798711315,0.002226846292614937
-0.0009131086408160627,-0.0014654963742941618,0.0001940559595823288
-0.0006038163555786014,-0.0002574591198936105,-0.0001247175969183445
0.0006499998853541911,0.0015196682652458549,-0.0020238179713487625
-0.0010707791661843657,0.0011552473297342658,0.0023716697469353676
-0.0009900854201987386,0.0018143797060474753,0.001228108536452055
-0.00042905265581794083,0.0018883968004956841,0.002275788690894842
-0.0020272156689316034,-0.00041577027877792716,0.0014398223720490932
-0.0010009733960032463,-6.595433660550043e-05,0.00027583399787545204
0.0011410070583224297,0.001070949132554233,0.0017320504412055016
-0.000994080794043839,0.0004936220939271152,0.0031892280094325542
0.001623540185391903,-0.0011681903852149844,-0.0021759767550975084
0.0027942215092480183,0.00018492204253561795,0.001676824875175953
-0.0018993334379047155,-0.0004566334537230432,0.00022087479010224342
-0.00023658506688661873,-0.0009461620938964188,3.691576421260834e-05
0.0002265386574435979,0.00019660033285617828,-0.00037321122363209724
-0.00046146035310812294,-0.0008834601612761617,0.00036688800901174545
0.0020467047579586506,0.001727769267745316,0.00031389109790325165
0.0012446932960301638,-0.0003687927091959864,-0.000984865240752697
-0.0010922305518761277,0.00047995673958212137,-0.001992871519178152
-0.0012862887233495712,0.0013369088992476463,0.0007847831584513187
0.0014895242638885975,0.0009869694476947188,-0.0006962008774280548
0.00013621494872495532,-0.002608484821394086,0.002497491892427206
-0.0005926921730861068,0.0008565541356801987,0.0005414006300270557
0.0012645925162360072,0.001347868936136365,-0.0017299884930253029
0.0007069265702739358,0.0011918077943846583,-0.003456515958532691
0.00031996777397580445,0.00013043131912127137,0.001519323792308569
0.0029301317408680916,0.0005658581503666937,-0.002184867160394788
0.0006906015332788229,-0.0004467735707294196,0.00042308541014790535
0.00023786412202753127,0.0013436696026474237,-0.0011564353480935097
-0.0010240019764751196,-0.0013871036935597658,0.0008636610582470894
0.00076031603384763,0.0005037406226620078,-0.00019148364663124084
0.0009638074552640319,0.00048366820556111634,-0.0020908378064632416
0.0013558247592300177,-0.0013536466285586357,-0.0012841662392020226
0.0027498328126966953,-0.0002545438474044204,0.0016169711016118526
0.001940232003107667,-0.0008138077100738883,0.0008877976797521114
-0.0010030005360022187,0.0003639674687292427,0.0025039557367563248
-0.002040568273514509,0.0007626427104696631,-5.241250619292259e-05
-0.0011505531147122383,-0.0010960545623674989,0.00012363167479634285
-0.00025413307594135404,0.0014174367533996701,-0.0005464195273816586
0.00044136960059404373,0.00022826743952464312,-0.0009762453846633434
0.0007745310431346297,-0.0004074291209690273,5.093589425086975e-05
-0.0010632541961967945,0.0003283857076894492,-0.0007425118237733841
-0.0002858774969354272,-9.239376231562346e-05,0.001592813991010189
-0.0021919161081314087,-0.0034454059787094593,0.0009948080405592918
-0.0022984426468610764,0.00032003759406507015,-0.0017980490811169147
0.0016061806818470359,0.0006402056314982474,0.0007997392676770687
0.003323387121781707,-0.0004623430722858757,0.00015259115025401115
0.001014293753542006,0.0013758912682533264,0.00010137446224689484
0.00013278750702738762,0.0006227494450286031,0.000279273372143507
0.001710599404759705,0.0009222414228133857,6.028730422258377e-05
0.0005228295922279358,0.0014391610166057944,-0.0019048592075705528
0.0005493111093528569,-0.0001971521705854684,7.86706805229187e-05
0.0006342659471556544,0.0008811617735773325,-0.00036075105890631676
0.0012242363300174475,-0.001052971463650465,0.0028200140222907066
-0.00315373414196074,-0.0010100945364683867,-0.0005901637487113476
0.0015498052816838026,0.0031131459400057793,0.0014042300172150135
-0.0011658200528472662,-0.002575632417574525,0.0003552110865712166
-0.0014012681785970926,0.0001676522078923881,-0.00022880733013153076
-8.779714698903263e-05,-0.0011785756796598434,0.0013589691370725632
-0.00011320077464915812,0.0010786892380565405,-0.0007011438719928265
-0.0011574262753129005,0.00023926084395498037,0.0013066134415566921
0.000914213596843183,-0.00043113483116030693,0.0010366402566432953
-0.0005334807210601866,0.0009009783971123397,0.00031945109367370605
0.0020255749113857746,0.0010232417844235897,0.003031832631677389
-0.002017635852098465,0.0007225709268823266,0.0007156813517212868
0.001329954480752349,0.0010261537972837687,-0.0014956183731555939
0.0025701886042952538,-0.0006178155308589339,-7.721874862909317e-05
0.0005673439591191709,0.000299647479550913,-4.840083420276642e-06
-0.0010270904749631882,-0.001212761620990932,-0.001300734467804432
0.00016647815937176347,0.002051715273410082,-0.0010681175626814365
0.0018322854302823544,0.0004492911684792489,-0.0009096595458686352
-0.0010712380753830075,0.0012285001575946808,-0.0008656433783471584
0.00142627430614084,-0.000133706780616194,-0.002009470947086811
-0.0008998056873679161,0.0016266497550532222,0.001370924524962902
0.00021605876099783927,-0.00020693667465820909,-0.0006040758453309536
-0.0010160200763493776,0.0024077100679278374,-0.0005088602192699909
-0.000811489240732044,-0.0009100559400394559,9.674252942204475e-05
-0.0003742143453564495,-6.369243055814877e-05,0.00018018530681729317
0.00019117476767860353,0.0013429891550913453,-1.7154961824417114e-05
0.0007380456663668156,0.0012049047509208322,-0.0007500862702727318
0.0011819945648312569,-0.0006364047876559198,0.0007980093359947205
-0.004292200319468975,-0.00019878134480677545,-0.000761332456022501
0.001396578038111329,0.0011527729220688343,0.0001803613267838955
0.00046985968947410583,0.0006935138953849673,-0.0008183307945728302
0.0011953047942370176,-0.0007211572956293821,-0.0005602706223726273
0.0013103592209517956,-0.0002741853822953999,-0.0008840332739055157
0.0008642798056825995,-0.0008070838521234691,0.0006081359460949898
0.00014036227366887033,0.00041286792838945985,0.003992445766925812
0.0025553167797625065,0.0010879792971536517,0.00021688174456357956
-0.0016005540965124965,0.000344712141668424,0.0018265093676745892
-0.0032557088416069746,0.00024724044487811625,0.0014174478128552437
-0.001113724778406322,-0.00029835800523869693,-0.0002676653675734997
0.0006285152630880475,-0.001025667297653854,0.00041969679296016693
0.0014928251039236784,0.00026665974291972816,0.0020030918531119823
-0.001078456873074174,0.0005090073682367802,0.0013641994446516037
0.001854240195825696,-0.0006483242032118142,0.001054427120834589
-0.00028747390024363995,-0.001397737767547369,-0.0018835719674825668
0.001187567482702434,0.002040497027337551,0.0005177757702767849
0.000550805707462132,-0.00025807725614868104,-5.507003515958786e-05
0.00017661790479905903,-0.0007311006775125861,0.001997855491936207
-0.0019118329510092735,-0.0012637329054996371,0.00041087809950113297
-0.0001484723761677742,-0.0004323866160120815,0.0023063309490680695
0.0022542313672602177,0.0014411471784114838,0.0002090916968882084
-0.0012308763107284904,0.0006793247302994132,0.0021330234594643116
0.0006943227490410209,0.0015523089095950127,0.0028547397814691067
0.0008768552797846496,0.0011007518041878939,0.0008464362472295761
-0.002918415470048785,-0.0006428197375498712,-0.0019466872327029705
0.0030759172514081,-0.0009490372030995786,-0.001374763436615467
-0.0010192255722358823,-0.0002981606521643698,0.00420722272247076
0.00014942596317268908,-0.0011164748575538397,0.0005681691691279411
-0.0013888158136978745,-0.001833664020523429,1.18231400847435e-06
0.0006284306291490793,-0.0009846752509474754,0.00044128065928816795
-0.000830449047498405,-0.0013679041294381022,0.0007595284841954708
-0.0007014868315309286,-0.0002631564566399902,-0.0018705283291637897
-0.0018671525176614523,0.0036141397431492805,0.0014578904956579208
0.0014546866295859218,0.0005695595173165202,0.0009568841196596622
0.0024690846912562847,-0.00024217198370024562,0.0007440978661179543
0.0006883131572976708,0.00023414575844071805,-0.0008879643864929676
0.0007370489765889943,0.00048794501344673336,-0.0007353653199970722
-0.00012046241317875683,0.0013613104820251465,0.0004395251162350178
0.0010955369798466563,-0.0019135787151753902,-0.003858284093439579
-0.0006135503062978387,-0.0011680575553327799,-0.0020013421308249235
0.0029612109065055847,-0.0031478514429181814,0.0006184093654155731
-0.0003708423755597323,0.0011973368236795068,0.00043535279110074043
-0.0019793915562331676,0.0004857401072513312,0.00045692455023527145
-0.0005167954368516803,0.0011186802294105291,0.0004654242657124996
-0.0009929686784744263,0.0006776608061045408,-0.0008656238205730915
0.0008667168440297246,0.0014335685409605503,-0.0012681814841926098
0.0023144111037254333,0.0004820211906917393,-0.0019321073777973652
0.0022764760069549084,-0.0009622897487133741,-0.0007385271601378918
7.084588287398219e-05,-0.0013079680502414703,-5.4894015192985535e-05
0.002679594326764345,6.937031866982579e-05,0.0008656051941215992
0.0007597216754220426,0.0008707154775038362,-0.0004867478273808956
0.000615072378423065,-0.0008325951057486236,9.439699351787567e-05
-0.0006355480873025954,0.0008944648434408009,-0.0005500880070030689
0.0001385920331813395,-0.0005207135691307485,-0.0028739809058606625
-0.0010920546483248472,0.0009482860332354903,-0.0008960510604083538
0.0014657092979177833,0.0015448525082319975,0.000639395322650671
0.00129526702221483,0.0011144856689497828,-0.0008320012129843235
0.0006924610934220254,-0.0005032433546148241,-0.0006157658062875271
-0.0002441726392135024,0.0004890504642389715,-0.00022028665989637375
0.0031153764575719833,0.0004924518289044499,-0.001184443011879921
-0.001011990592814982,0.0001406482479069382,-0.0008472865447402
5.6705757742747664e-05,-0.00013027910608798265,0.00018582865595817566
-0.00024076932459138334,0.0011839908547699451,0.0011307182721793652
-0.00034361652797088027,-0.0012808311730623245,-0.0004921127110719681
-0.0004954166943207383,-0.0005095797241665423,-0.001899859867990017
0.001746030175127089,0.0014842902310192585,-0.0018410240299999714
0.0015353742055594921,-4.409785469761118e-05,0.0007196050137281418
0.0007020450429990888,-0.001204303465783596,0.00033287331461906433
0.0007209534524008632,-0.00044929730938747525,-0.0020136376842856407
0.0016796508571133018,0.000490490987431258,-0.0005361307412385941
-0.0013060190249234438,-0.0011300424812361598,-0.001056245993822813
0.0005681113107129931,-0.0022901352494955063,0.0009385230951011181
-0.0010606780415400863,-0.0003742571861948818,0.000971013680100441
-0.0016824229387566447,0.0022729213815182447,0.0005532922223210335
0.0008273400599136949,0.0004830108373425901,-2.115173265337944e-05
0.002008074428886175,0.001335148117505014,0.0013068057596683502
0.0015452170046046376,-0.0006619563209824264,0.0009384904988110065
-0.00020242348546162248,-0.0018881841097027063,-0.0019151857122778893
-0.0025979368947446346,-0.0011177316773682833,0.002085681539028883
0.0009214602177962661,3.375631422386505e-05,-0.0018026907928287983
0.0027025823947042227,-0.0019854523707181215,0.0011350424028933048
0.0013851776020601392,-0.0011827514972537756,0.0017736400477588177
0.002007292117923498,-0.0010123092215508223,0.0015970724634826183
-0.0012280227383598685,-0.0003565656370483339,-3.3229589462280273e-06
0.0015155657893046737,0.0011502509005367756,-0.001828653272241354
0.00032810281845740974,-0.0012491203378885984,0.0029317052103579044
0.0011909670429304242,-0.002640089252963662,0.00022007478401064873
-0.00047947175335139036,-0.0004984341212548316,0.0005032415501773357
0.0008076339727267623,-0.001654246007092297,-0.00226804381236434
-0.0015570027753710747,7.868809916544706e-05,0.0019329357892274857
0.0005772544536739588,-0.0008864414412528276,0.0011811251752078533
-0.0009694801410660148,0.0006053606048226357,-0.000462130643427372
0.000561571097932756,-0.0011869468726217747,-0.00040087802335619926
-0.001495752832852304,0.00046172659494914114,0.001381716225296259
-0.0019942966755479574,-0.0010837058071047068,-0.0011613364331424236
0.0011674314737319946,-0.0012787501327693462,0.0014311643317341805
0.001495532924309373,0.0014914700295776129,0.002528918907046318
-0.0006475509144365788,0.0026046193670481443,-9.613810107111931e-05
0.002746115205809474,-2.6317422452848405e-05,-0.00048362789675593376
0.0012917346321046352,-7.777143036946654e-05,-0.000855655875056982
0.00038492833846248686,0.0004207723250146955,-0.001435692422091961
-0.0007524534594267607,0.0013787042116746306,-0.00014257291331887245
0.0017035136697813869,-0.000990976463072002,0.00019005592912435532
-4.529947182163596e-05,-0.0012898686109110713,0.0006341724656522274
0.001867649145424366,-0.0006094310083426535,-0.00010352302342653275
-0.0006318908417597413,0.0016256705857813358,-0.00026445556432008743
0.001555363298393786,-0.0005045919679105282,0.0009086667560040951
-6.914805271662772e-05,0.0024006683379411697,0.0025657527148723602
-5.764799425378442e-06,-2.9998758691363037e-05,0.0012983540073037148
0.0001657341927057132,-0.0010523932287469506,0.00042438413947820663
0.0004933029995299876,0.0008978396072052419,0.0012134788557887077
0.0027545993216335773,-0.0001118701184168458,-0.00101371668279171
-0.0019456136506050825,0.002535045612603426,-6.296811625361443e-05
-0.00021227207616902888,0.0011026161955669522,0.0005470188334584236
7.69472389947623e-05,0.0012924994807690382,4.714354872703552e-05
-0.002095110947266221,-0.0007920981151983142,0.0008736858144402504
-0.000670319888740778,0.0006800973205827177,0.000678475946187973
-0.002887795679271221,-0.001451885444112122,0.0031922725029289722
-0.0031535793095827103,-0.0006116581498645246,0.0022250120528042316
0.0017051598988473415,0.0014259108575060964,-0.00023139454424381256
-0.0019612140022218227,0.0015276436461135745,0.0015452001243829727
0.002621508203446865,-0.0012252366868779063,0.0012712948955595493
-0.0003945217467844486,0.001223539817146957,0.0014081811532378197
0.00010803632903844118,0.0011336797615513206,0.002875726670026779
-0.0003273905022069812,0.0005507137393578887,0.0014386852271854877
-0.000563315930776298,-0.00041667564073577523,-0.0011892644688487053
0.0004888990079052746,0.001345271710306406,-0.000224933959543705
-0.0030520418658852577,-0.0012112745316699147,-0.0012680338695645332
5.533540388569236e-06,0.0007522740634158254,-0.0005708183161914349
0.0004241748829372227,0.0002479547692928463,-0.0014698696322739124
0.002685464918613434,-0.00043088497477583587,0.00018635019659996033
-0.0017886124551296234,-0.0001617710804566741,-0.0014906814321875572
0.0011477889493107796,-0.0005687021184712648,0.0006369180046021938
0.0005239798338152468,0.003556714626029134,-0.001014977227896452
3.3958174753934145e-05,0.0016925018280744553,0.00017652101814746857
-0.0005887382430955768,0.0012463199673220515,-0.0006874795071780682
-0.0009171060519292951,0.0022250316105782986,0.0020356029272079468
0.0027025032322853804,-0.0006816553650423884,0.0006694491021335125
0.00031604451942257583,-0.0011285337386652827,0.0005605258047580719
-0.002905870322138071,0.0001001914351945743,-0.0007730009965598583
-0.0005215422715991735,-0.001088643679395318,0.0007340819574892521
-0.00021926293266005814,-0.0004828122619073838,0.0005919463001191616
5.291213165037334e-05,-0.0035422516521066427,0.0006918148137629032
0.0009996345033869147,-0.0012200182536616921,-0.0016904380172491074
7.340684533119202e-06,-0.001261030905880034,-0.00014873407781124115
-0.0021319861989468336,0.001223045983351767,-0.001870324369519949
-0.001892035361379385,0.0025362507440149784,-0.0010785670019686222
0.0012777219526469707,0.0020798114128410816,-0.002359426813200116
0.0004582673136610538,0.0007801887113600969,-0.00011278409510850906
0.001308072474785149,0.0008713125716894865,0.0005005463026463985
-0.0006283120019361377,0.0011354981688782573,0.0001753740943968296
-0.0010626973817124963,-0.000809230376034975,0.001591905951499939
-0.00060330203268677,-0.0012182919308543205,0.0001189117319881916
0.0007357216672971845,0.0013579318765550852,0.0005318932235240936
0.0022473318967968225,6.363563443301246e-05,-0.00012644007802009583
-0.0027744227554649115,-0.0006618211045861244,-0.0011026756837964058
-0.001342973904684186,-3.917409048881382e-05,0.0017232042737305164
0.0009327633888460696,-0.0008271128172054887,0.00035517383366823196
0.0014020123053342104,-0.0008681254694238305,0.0005232193507254124
0.0008423797553405166,0.0003830322821158916,-0.0004022587090730667
0.001152904354967177,0.001936454209499061,0.000246221199631691
-0.002164318226277828,0.00027465607854537666,0.0029888348653912544
0.0004639554535970092,7.62505951570347e-05,-0.004342581145465374
0.0005439571687020361,-0.0002652672119438648,1.5390105545520782e-06
0.0004968192079104483,-0.00031879678135737777,-0.00015771808102726936
-0.0010506159160286188,8.053152851061895e-05,0.0006646942347288132
0.00012410448107402772,0.0005750805139541626,0.0006135613657534122
-0.0003816215612459928,0.0018541382160037756,-0.0025717969983816147
0.0017813978483900428,0.00023440361837856472,0.001526807900518179
0.001241800026036799,0.00024464106536470354,0.0008213594555854797
0.0005224802298471332,0.0006827310426160693,0.00012174714356660843
-0.0009959022281691432,0.001203580992296338,-0.0016604047268629074
-0.001013212837278843,0.0004270031931810081,0.001230723224580288
-0.0011461960384622216,-0.0006276150234043598,-0.0017301221378147602
0.0012636984465643764,-0.000940802798140794,-0.0019873837009072304
0.0004998876829631627,-0.0011469749733805656,-0.0022890479303896427
-0.0033379937522113323,0.0003289489250164479,0.0018263347446918488
0.001422212109901011,0.0009778308449313045,0.0010037869215011597
-0.0007461337372660637,0.0003450637450441718,0.0008418667130172253
0.0018612358253449202,0.0013771444791927934,0.0014850138686597347
-0.002001413144171238,0.0011981800198554993,-0.00050010671839118
-6.788058090023696e-05,-0.0009299708181060851,-0.0017313696444034576
0.0015923340106382966,-0.00035099961678497493,-0.0005587800405919552
-0.0004595197970047593,-0.0020707433577626944,0.0011745830997824669
0.0012337180087342858,0.002139714313670993,0.002562090288847685
-0.0005001035169698298,0.0025624753907322884,0.0006409082561731339
-0.00030968751525506377,-0.001312157604843378,-0.0005601774901151657
0.0005225909990258515,-0.0015965921338647604,0.0003729634918272495
-0.000445734360255301,0.002403742168098688,-0.0012710057199001312
0.0022108713164925575,0.00010813094559125602,-0.0001426003873348236
-0.00037559078191407025,0.0002719153417274356,0.0008771237917244434
0.002923115622252226,0.001046758028678596,0.0013521835207939148
-0.0015496632549911737,-0.001580184092745185,-0.000529073178768158
-5.9899321058765054e-05,0.0010513326851651073,0.0006612441502511501
-0.004399253986775875,0.0007280248682945967,-0.00044663064181804657
0.0015635968884453177,-0.0007700067944824696,0.0012858076952397823
0.000612049363553524,-8.104699372779578e-05,0.0028221854008734226
-0.0006144571234472096,-0.0022333154920488596,0.0008515887893736362
-0.0001912807929329574,-0.0010535352630540729,-0.0004451042041182518
-0.0007389972452074289,0.002464903285726905,-0.0001460709609091282
0.0026381572242826223,0.00043211234151385725,-1.823902130126953e-05
-0.000795992324128747,-0.00037480477476492524,-0.0009752209298312664
0.0015614378498867154,-0.0013844091445207596,-2.2075604647397995e-05
0.0012893613893538713,-0.0010316249681636691,0.00018856627866625786
-0.000621723011136055,0.0006757276714779437,0.0012956424616277218
0.0008058997918851674,0.0011031330795958638,-0.0014333338476717472
1.653886283747852e-05,0.0011015351628884673,0.0012026629410684109
0.000253883539699018,0.0006252608145587146,-0.00021149078384041786
-0.0007479977211914957,0.00045188903459347785,-0.0001662168651819229
-0.002211705083027482,0.0003738382365554571,0.0013890881091356277
0.0005039203679189086,-0.0015271261800080538,0.00013766856864094734
0.0007436348823830485,-0.0010562821989879012,-0.0005654380656778812
0.0007742612506262958,0.0011522772256284952,-0.00022615119814872742
-0.0012380231637507677,-0.0006824969314038754,-0.002185964956879616
0.001626739278435707,0.0014472330221906304,-0.0004184250719845295
0.0007971712620928884,0.0014588001649826765,-0.00015566637739539146
0.001085059018805623,0.0002542523725423962,0.001297354232519865
-0.002134449779987335,-0.0013238245155662298,0.0007789102382957935
-0.0009693166357465088,-0.001657518558204174,-0.0010895635932683945
0.0015489384531974792,-0.0011217762948945165,0.0007330905646085739
0.0005057782400399446,0.00018743365944828838,0.0012036710977554321
-0.000796161824837327,-0.001576708978973329,-0.0016556363552808762
-0.0014174773823469877,-8.24091985123232e-05,0.0004077805206179619
0.0007527343695983291,0.0010480465134605765,-0.0005605700425803661
-0.0006776493974030018,0.00017905708227772266,0.0008040335960686207
-0.0008648614166304469,0.0005043262499384582,-2.719322219491005e-05
-0.0019490343984216452,0.002484919037669897,-0.0019241627305746078
0.0012800134718418121,0.00015648642147425562,-0.0004164231941103935
-0.0028896979056298733,-9.038861753651872e-05,-0.0023080664686858654
0.0006955935386940837,-0.000156423106091097,0.001577937975525856
0.002796827582642436,-0.0012714886106550694,-0.0007547247223556042
0.0015837313840165734,0.0009882908780127764,0.0008383737877011299
0.0008138114935718477,0.001225045882165432,-7.455796003341675e-05
-0.0020601802971214056,-0.002011661184951663,-0.0005930806510150433
-0.0013049079570919275,-0.002296885708346963,0.0007305103354156017
0.000101901387097314,-0.000229310491704382,-0.002074146643280983
-0.0020581884309649467,0.002650099340826273,-0.0002592019736766815
0.00039320203359238803,-0.001293217414058745,0.002223313320428133
-0.00022917872411198914,0.0003978899330832064,0.0009764214046299458
-0.0020458486396819353,0.00032577652018517256,-0.0011963164433836937
8.840858936309814e-05,-0.00013681453128810972,0.00044978316873311996
0.0002382097882218659,0.00038125080754980445,-0.0001626661978662014
-0.002754384418949485,0.0010185453575104475,0.0006618485786020756
0.0001450744312023744,0.00036286309477873147,0.0009066890925168991
0.0005376243498176336,0.000511467456817627,0.0005130739882588387
0.0022505035158246756,-4.2399180529173464e-05,0.0003488417714834213
0.0010265146847814322,-0.0004977997159585357,-0.0011401311494410038
0.0017284811474382877,0.0013163811527192593,-0.0019207554869353771
0.001776950666680932,0.0024836447555571795,0.0005141724832355976
-0.0006622962537221611,-0.00150784058496356,0.0007487679831683636
-0.0008905291906557977,0.0002919237595051527,-0.00031250203028321266
-0.0018362172413617373,0.0012816987000405788,0.0015127062797546387
0.0006780731491744518,0.0010460088960826397,0.0009590350091457367
-0.0032159127295017242,-0.00038404716178774834,0.000638467725366354
-0.0007357108988799155,0.00011209974763914943,0.0003074365667998791
-0.0001428808318451047,-0.0016321135917678475,0.00030581001192331314
-3.795229713432491e-05,0.0007426271331496537,-0.0019027492962777615
-0.00023226265329867601,9.26660286495462e-05,-0.0010997941717505455
0.0026692512910813093,0.0005411423626355827,-0.0007378705777227879
0.00013505438982974738,-0.0007414023275487125,0.0005174651741981506
-0.0011390019208192825,-0.0005126367905177176,8.123926818370819e-05
-0.00011091065243817866,-0.0004874116857536137,-0.00012328475713729858
-0.0023200027644634247,0.0012034293031319976,0.0027390806935727596
0.0016535219037905335,-0.00021323485998436809,0.002391524612903595
0.0002279317850479856,0.0003082120674662292,-0.0012588701210916042
0.0009257963392883539,0.0002579841238912195,-0.00027519790455698967
0.0007439024047926068,-0.0010972985764965415,-0.00035029882565140724
-0.0012800612021237612,-6.251157901715487e-05,0.001040649600327015
-0.0016068313270807266,-0.0006795660010538995,-0.0002344720996916294
-0.0014658835716545582,0.0001086956326616928,-0.0017723562195897102
0.00027103006141260266,-0.0005573609378188848,0.0004252842627465725
-0.0009883720194920897,-0.0008699476020410657,-0.00048565398901700974
0.00026144954608753324,-0.0005567598855122924,0.0009684320539236069
-0.0012603719951584935,0.0012921697925776243,-5.0541479140520096e-05
-0.002083555096760392,-0.00024074564862530679,0.00038355356082320213
0.003553915536031127,-0.0011131217470392585,-0.00219237944111228
0.0021392444614320993,-0.0015743812546133995,6.065471097826958e-05
0.001724119996652007,-0.0006466391496360302,0.0006269132718443871
0.0013558048522099853,-0.00077686773147434,-0.0009688530117273331
-0.00013475975720211864,-7.790957170072943e-05,-9.044073522090912e-05
-0.0018186764791607857,-0.00021559499145951122,-0.0009993775747716427
-0.00015276166959665716,0.0008887213771231472,-0.0003148689866065979
0.0002195482375100255,-0.00026655785040929914,0.0007218997925519943
0.0004919558414258063,0.0004043151857331395,-0.00035254238173365593
-0.0015863749431446195,0.0008780915522947907,-0.00032404670491814613
0.00048559074639342725,0.0010700416751205921,1.6810838133096695e-05
0.0005375223699957132,0.0017193203093484044,0.00030070357024669647
0.0002813963801600039,0.0003220713697373867,-0.0010742922313511372
0.0008872655453160405,-0.0015147108351811767,-0.0007182275876402855
0.0012884741881862283,-5.638190486934036e-05,-0.001247879583388567
-1.3811542885378003e-05,-0.0012598643079400063,0.0007699979469180107
-0.001147650764323771,0.000810709607321769,0.0001295800320804119
-0.0001998318184632808,-0.0012705506524071097,0.0006981650367379189
-0.0018429486081004143,-0.0007055107853375375,0.0009904964827001095
-0.0019963467493653297,0.00024790086899884045,0.0006413562223315239
0.0008632296230643988,-0.0006543472991324961,-0.0010931026190519333
-0.0007519775535911322,0.0008519366383552551,0.0026694107800722122
-0.0014465469866991043,0.0008233612752519548,-0.0013120532967150211
0.0006315176142379642,-0.002379622543230653,0.0005233972333371639
0.003892467822879553,-0.0017444782424718142,0.001313293818384409
0.00038455205503851175,-0.0003489819064270705,8.940696716308594e-08
-0.0005086243618279696,-0.001018783077597618,-0.00025593116879463196
-9.610067354515195e-05,-0.0006443426827900112,0.000288418959826231
-0.0019744010642170906,-0.0003804643638432026,-0.0013369768857955933
0.0001345562923233956,-0.001743736444041133,0.002359490841627121
0.0007337171118706465,0.002267042873427272,-0.0003276844508945942
0.0017608983907848597,0.0009048358770087361,0.0003471607342362404
0.0005252841510809958,-0.0007490057032555342,-0.0011276896111667156
-0.0003543579368852079,0.0005671284743584692,-0.0001348629593849182
-0.0012997178127989173,-0.001805678359232843,0.0012665013782680035
-0.0036009554751217365,-0.0015215190360322595,-0.002994289854541421
-0.00020764482906088233,-0.0021888588089495897,-0.0008990420028567314
-0.003205298911780119,-0.0035023298114538193,0.001127889845520258
-0.00029149383772164583,0.00022636749781668186,-0.007661373820155859
0.0011159868445247412,-0.001653557876124978,-0.036415789276361465
-0.003206623252481222,0.0021314050536602736,0.0017176945693790913
-0.027425676584243774,0.005964226089417934,-0.03652103617787361
-0.04134433716535568,0.009446082636713982,-0.09518611431121826
-0.05083318054676056,0.004489406943321228,0.24645483493804932
-0.055102381855249405,0.000822377041913569,0.6627210378646851
-0.08999218791723251,0.00213984283618629,0.6017063856124878
-0.20536760985851288,-0.0012475457042455673,0.42476844787597656
-0.4051550328731537,0.007342746946960688,0.4052325487136841
-0.4118261933326721,0.008182764984667301,0.4138093888759613
-0.3210640549659729,0.004204002674669027,0.4849727749824524
-0.34044408798217773,0.0002399649820290506,0.6627006530761719
-0.5647261738777161,0.006741806399077177,0.8758525848388672
-0.9358507394790649,0.03804386779665947,1.1716318130493164
-1.469132900238037,0.04561736434698105,1.505651593208313
-2.0101685523986816,-0.049921467900276184,1.756411075592041
-2.428256034851074,-0.44039708375930786,1.7682069540023804
-2.667778253555298,-1.2094570398330688,1.6724339723587036
-2.74318528175354,-1.8664849996566772,1.6233601570129395
-2.6070761680603027,-1.849830985069275,1.5840140581130981
-2.3347132205963135,-1.5419384241104126,1.4254366159439087
-2.0317025184631348,-1.3783458471298218,1.1893812417984009
-1.8457143306732178,-1.5348284244537354,0.9895895719528198
-1.8610329627990723,-1.9650770425796509,0.8619073033332825
-2.041308879852295,-2.418064832687378,0.8672706484794617
-2.2540109157562256,-2.653524398803711,0.9249815344810486
-2.4055023193359375,-2.5726778507232666,0.9785259366035461
-2.46941876411438,-2.247422456741333,0.8730506896972656
-2.3801090717315674,-1.8933017253875732,0.7334253787994385
-2.235935688018799,-1.645777702331543,0.6712130308151245
-2.145698308944702,-1.562548041343689,0.699796736240387
-2.1419901847839355,-1.6103111505508423,0.7384553551673889
-2.149831771850586,-1.7100955247879028,0.7600077390670776
-2.164130449295044,-1.7242271900177002,0.8169203996658325
-2.1578750610351562,-1.5888257026672363,0.8315989375114441
-2.1426308155059814,-1.3525875806808472,0.7990541458129883
-2.074204444885254,-1.130244493484497,0.7965713143348694
-1.9760100841522217,-0.939629316329956,0.8231323957443237
-1.9007289409637451,-0.7925509214401245,0.8688996434211731
-1.8392350673675537,-0.7052733302116394,0.9074649810791016
-1.8068015575408936,-0.6373070478439331,0.9066169857978821
-1.7970917224884033,-0.5744825005531311,0.8814435005187988
-1.8388501405715942,-0.533320426940918,0.8376307487487793
-1.9362778663635254,-0.5640769600868225,0.7531875371932983
-2.0224874019622803,-0.6955124735832214,0.6901518702507019
-2.0085999965667725,-0.8324522972106934,0.7163083553314209
-1.9284335374832153,-0.8827437162399292,0.6941620111465454
-1.7784836292266846,-0.8511136770248413,0.6500852108001709
-1.5870039463043213,-0.7752189040184021,0.6164897084236145
-1.4073810577392578,-0.7105138301849365,0.5959809422492981
-1.2673897743225098,-0.6906418800354004,0.5484842658042908
-1.1718260049819946,-0.7275756001472473,0.49573299288749695
-1.122715711593628,-0.8245561718940735,0.4534457325935364
-1.0854123830795288,-0.9670439958572388,0.36791273951530457
-1.0408684015274048,-1.1691209077835083,0.2776041328907013
-0.983217179775238,-1.3616105318069458,0.23029904067516327
-0.9313065409660339,-1.4470425844192505,0.2327297031879425
-0.8886633515357971,-1.365950107574463,0.2804281711578369
-0.886355459690094,-1.092164158821106,0.3019411861896515
-0.879616379737854,-0.7190595269203186,0.3269083499908447
-0.7229951024055481,-0.2742322087287903,0.312132328748703
-0.1012352928519249,0.47229263186454773,0.07348716259002686
0.18064458668231964,-0.28080084919929504,-0.21565569937229156
0.08037348091602325,-1.1262043714523315,-0.29049620032310486
-0.05215074121952057,-1.1488527059555054,-0.27392813563346863
-0.15113647282123566,-0.798581600189209,-0.2899416983127594
-0.19563256204128265,-0.4431965947151184,-0.33982938528060913
-0.18758204579353333,-0.07325974106788635,-0.3815211355686188
-0.14886446297168732,0.3153870701789856,-0.44657817482948303
-0.0816841721534729,0.493951678276062,-0.4495963454246521
-0.03808928653597832,0.48521119356155396,-0.420613169670105
0.01053334679454565,0.37311816215515137,-0.334499329328537
0.043024443089962006,0.2295977622270584,-0.19850444793701172
0.03107539191842079,0.08914665877819061,-0.06708427518606186
0.012247641570866108,-0.04733022302389145,-0.002029640134423971
0.012176789343357086,-0.10348911583423615,0.0036789518781006336
-0.0008154420065693557,-0.03876284882426262,-0.009119400754570961
-0.04755442962050438,0.07364761084318161,0.0014611249789595604
-0.11888453364372253,0.13454878330230713,0.05867727845907211
-0.15957757830619812,0.17394524812698364,0.13116756081581116
-0.15054281055927277,0.22115643322467804,0.17629589140415192
-0.1018940657377243,0.23353798687458038,0.20969122648239136
-0.06875741481781006,0.2131301760673523,0.25301048159599304
-0.06705363094806671,0.17682823538780212,0.2928169071674347
-0.07889564335346222,0.1621347814798355,0.31078392267227173
-0.06174216419458389,0.17447833716869354,0.31627508997917175
0.007005740888416767,0.184010848402977,0.31905969977378845
0.04788653925061226,0.23678717017173767,0.21811285614967346
0.06263192743062973,0.22754892706871033,0.09259486198425293
0.01058047916740179,0.3735107183456421,-0.0374838262796402
-0.15741145610809326,0.4303436577320099,-0.00930624920874834
0.00813168566673994,0.18494583666324615,0.20910027623176575
0.1244170144200325,0.16946382820606232,0.2250976264476776
0.15317702293395996,0.19104766845703125,0.19282683730125427
0.184891015291214,0.15016840398311615,0.19148965179920197
0.1611790806055069,0.15785303711891174,0.20098036527633667
0.11840631067752838,0.18119244277477264,0.1997009813785553
0.06899231672286987,0.17232319712638855,0.1845749169588089
0.015273700468242168,0.14854702353477478,0.17575398087501526
-0.007487091701477766,0.11426995694637299,0.17395763099193573
-0.011728708632290363,0.08326144516468048,0.16210415959358215
0.0054221684113144875,0.03752094879746437,0.12287900596857071
0.01678827404975891,-0.032558802515268326,0.08894260972738266
0.009336350485682487,-0.10146873444318771,0.08445689082145691
-0.017228413373231888,-0.15152524411678314,0.09494761377573013
-0.056051261723041534,-0.20825359225273132,0.12112695723772049
-0.1011553555727005,-0.25307220220565796,0.15503406524658203
-0.14073321223258972,-0.27269503474235535,0.17385265231132507
-0.16489261388778687,-0.2531093657016754,0.1706201136112213
-0.17869214713573456,-0.2241336703300476,0.16098922491073608
-0.1897844672203064,-0.19614145159721375,0.1564549207687378
-0.17435592412948608,-0.1770862489938736,0.14710837602615356
-0.1301567703485489,-0.15679270029067993,0.12421878427267075
-0.07630807161331177,-0.13782738149166107,0.09762675315141678
-0.05014437437057495,-0.14966993033885956,0.08113779127597809
-0.04834088310599327,-0.17776574194431305,0.10059857368469238
-0.07753258943557739,-0.20344527065753937,0.14331062138080597
-0.11599510908126831,-0.2026464194059372,0.1748514473438263
-0.13341030478477478,-0.1840471625328064,0.18502791225910187
-0.11880660057067871,-0.14442704617977142,0.17966344952583313
-0.08989612013101578,-0.0824904516339302,0.16352495551109314
-0.06012798845767975,-0.02569332905113697,0.14958301186561584
-0.031946152448654175,-0.012256883084774017,0.14837846159934998
-0.003013846231624484,-0.028816167265176773,0.17631939053535461
0.023252910003066063,-0.029120299965143204,0.23445911705493927
0.039410777390003204,-0.017821915447711945,0.29112643003463745
0.0766684040427208,0.0023246309719979763,0.3344019949436188
0.16114044189453125,0.038051504641771317,0.35930684208869934
0.28403440117836,0.09269823879003525,0.3726325035095215
0.4090309143066406,0.14975565671920776,0.3567185401916504
0.4941532611846924,0.19509278237819672,0.3149639070034027
0.5181813836097717,0.21715278923511505,0.2608920931816101
0.468703031539917,0.22663922607898712,0.19569605588912964
0.35433197021484375,0.23605772852897644,0.12511451542377472
0.18917149305343628,0.23824232816696167,0.048128921538591385
0.0029182424768805504,0.22524873912334442,-0.01108018308877945
-0.17237421870231628,0.1929832100868225,-0.0607697069644928
-0.2823227643966675,0.17225375771522522,-0.09318874031305313
-0.34046968817710876,0.13240034878253937,-0.09192453324794769
-0.34522873163223267,0.08642330765724182,-0.07070910185575485
-0.303104966878891,0.04947568103671074,-0.03796953335404396
-0.2187868356704712,0.034911736845970154,-0.026819515973329544
-0.09077933430671692,0.06269916146993637,0.0059778462164103985
0.04264247417449951,0.11091229319572449,-0.002626670291647315
0.1741672158241272,0.16743363440036774,-0.02609631046652794
0.27667927742004395,0.21033723652362823,-0.0565725639462471
0.37485751509666443,0.23998993635177612,-0.09396680444478989
0.44278594851493835,0.2514902651309967,-0.11597581207752228
0.48048460483551025,0.2310132384300232,-0.13343362510204315
0.48870792984962463,0.19115903973579407,-0.14629387855529785
0.4533102512359619,0.1477857381105423,-0.14892667531967163
0.38678494095802307,0.1124124526977539,-0.16360943019390106
0.28457334637641907,0.07621397078037262,-0.17326311767101288
0.15913300216197968,0.03823425993323326,-0.1831018030643463
0.0274889525026083,-0.0009032877860590816,-0.18229033052921295
-0.09199628233909607,-0.0404772125184536,-0.16793371737003326
-0.1755545735359192,-0.08659756928682327,-0.14431174099445343
-0.2383459061384201,-0.14067211747169495,-0.11490516364574432
-0.28606098890304565,-0.19141384959220886,-0.0755029022693634
-0.3073621988296509,-0.23432950675487518,-0.026583559811115265
-0.306045264005661,-0.260733962059021,0.03387126326560974
-0.2685248553752899,-0.2683802843093872,0.09391696751117706
-0.1791534274816513,-0.24909444153308868,0.13262654840946198
-0.055914152413606644,-0.19909797608852386,0.15361662209033966
0.07185153663158417,-0.13759572803974152,0.1616218239068985
0.17423033714294434,-0.07940012216567993,0.15295226871967316
0.23126725852489471,-0.026173386722803116,0.13202142715454102
0.2420145720243454,0.017015526071190834,0.09840445220470428
0.20870855450630188,0.02830706164240837,0.05824371427297592
0.15232588350772858,0.009279741905629635,0.019116763025522232
0.08881774544715881,-0.014080441556870937,-0.011778568848967552
0.03827950730919838,-0.03143621236085892,-0.03188394010066986
0.007546895183622837,-0.04220257326960564,-0.0472881980240345
0.00491573940962553,-0.04101554676890373,-0.05616973340511322
0.0056971111334860325,-0.030630551278591156,-0.06763650476932526
-0.003089775564149022,-0.024708010256290436,-0.08207116276025772
-0.018852226436138153,-0.03086364082992077,-0.09682054817676544
-0.042411427944898605,-0.0462658666074276,-0.1107257604598999
-0.06059948727488518,-0.0648970752954483,-0.10976968705654144
-0.06529562175273895,-0.07460472732782364,-0.09821049869060516
-0.049905743449926376,-0.07073727995157242,-0.07334616780281067
-0.019450610503554344,-0.05468371510505676,-0.04508624225854874
0.01794496364891529,-0.03411026671528816,-0.012687822803854942
0.05390635132789612,-0.0036645662039518356,0.01883297599852085
0.08658840507268906,0.02265971526503563,0.04143495857715607
0.12184872478246689,0.05799888074398041,0.06135023757815361
0.15636621415615082,0.08855998516082764,0.07327907532453537
0.1941697597503662,0.10876908898353577,0.07187552750110626
0.2295953929424286,0.1251976042985916,0.05295110493898392
0.25604555010795593,0.14241082966327667,0.029431236907839775
0.2709251642227173,0.14341963827610016,0.004032936412841082
0.2730368673801422,0.13075104355812073,-0.02030973881483078
0.2572943866252899,0.10669951140880585,-0.030910450965166092
0.22623485326766968,0.07208283245563507,-0.037226028740406036
0.18285170197486877,0.0289409589022398,-0.04290468990802765
0.13230687379837036,-0.005926395766437054,-0.049971599131822586
0.07371973246335983,-0.05719570815563202,-0.04150967299938202
0.03241166099905968,-0.10290221869945526,-0.031517013907432556
0.010776404291391373,-0.11198946088552475,-0.01582513377070427
0.030014393851161003,-0.11322135478258133,0.00029897456988692284
0.08398601412773132,-0.11867737025022507,-0.030547622591257095
0.16909833252429962,-0.09191516786813736,0.013426549732685089
0.2453765869140625,-0.04014863818883896,0.048784539103507996
0.3388913571834564,0.0180203914642334,0.025139130651950836
0.41927915811538696,0.05924159660935402,0.00010861270129680634
0.48005637526512146,0.08548323810100555,-0.0015959707088768482
0.5172272324562073,0.09766693413257599,-0.011706927791237831
0.5603973269462585,0.10237863659858704,-0.01921810768544674
0.5996770858764648,0.10346493870019913,-0.01398925669491291
0.6402377486228943,0.09668099135160446,-0.017887059599161148
0.6815524697303772,0.10511096566915512,-0.034765373915433884
0.7236772775650024,0.14613719284534454,-0.07431890815496445
0.742680013179779,0.1900591105222702,-0.12150932848453522
0.7338545322418213,0.21853096783161163,-0.16651122272014618
0.6999844312667847,0.23635417222976685,-0.2109026461839676
0.6432204842567444,0.2661227583885193,-0.23997385799884796
0.5763347148895264,0.30981191992759705,-0.24708236753940582
0.5062304735183716,0.3345836400985718,-0.2509843409061432
0.4246938228607178,0.3346576690673828,-0.2714989185333252
0.3615795075893402,0.3412475883960724,-0.28084278106689453
0.3237202763557434,0.33244451880455017,-0.2704673707485199
0.27953022718429565,0.30283311009407043,-0.2563442587852478
0.19638340175151825,0.25894102454185486,-0.25262969732284546
0.10250137746334076,0.39020851254463196,-0.2777499556541443
0.022453412413597107,0.3515157103538513,-0.2958378791809082
-0.05801108106970787,0.19865450263023376,-0.27384406328201294
-0.11095498502254486,0.10798771679401398,-0.24469122290611267
-0.09010883420705795,0.057117342948913574,-0.21666966378688812
-0.05524299666285515,0.07179588079452515,-0.18813017010688782
-0.024660877883434296,0.08436118811368942,-0.1561903953552246
0.004137482028454542,0.08495986461639404,-0.1328888088464737
0.03798873350024223,0.108090840280056,-0.1278792768716812
0.07091578841209412,0.14800548553466797,-0.12224483489990234
0.1092410758137703,0.17661157250404358,-0.10884328186511993
0.13839603960514069,0.19544970989227295,-0.09936455637216568
0.17359840869903564,0.1798730492591858,-0.10310528427362442
0.1784014254808426,0.12864342331886292,-0.12528622150421143
0.15249520540237427,0.04489120841026306,-0.15740512311458588
0.08790316432714462,-0.047145772725343704,-0.1678769439458847
0.006996964104473591,-0.13153749704360962,-0.1485041379928589
-0.07370134443044662,-0.18097056448459625,-0.10659503936767578
-0.13418656587600708,-0.19082856178283691,-0.05721944570541382
-0.1578466147184372,-0.1801740527153015,-0.0291337501257658
-0.1657295525074005,-0.1713147759437561,-0.017318209633231163
-0.1595395803451538,-0.19182351231575012,-0.01825324445962906
-0.15276211500167847,-0.19740363955497742,-0.014390436932444572
-0.14102528989315033,-0.15574274957180023,-0.018665343523025513
-0.11606614291667938,-0.08837489038705826,-0.019891036674380302
-0.07431656122207642,-0.013128332793712616,-0.015469389036297798
-0.025936564430594444,0.06096207723021507,0.0006642518565058708
0.020618952810764313,0.10744675248861313,0.011393062770366669
0.04587750881910324,0.12992578744888306,0.023327860981225967
0.0530877523124218,0.14915701746940613,0.03726151958107948
0.06460301578044891,0.15680429339408875,0.04890257120132446
0.08891874551773071,0.17209430038928986,0.05351649597287178
0.13668383657932281,0.22081521153450012,0.04135969653725624
0.20102287828922272,0.2777421176433563,0.0007917657494544983
0.25228151679039,0.32134658098220825,-0.06595658510923386
0.24750888347625732,0.31767889857292175,-0.15017719566822052
0.16011758148670197,0.27210134267807007,-0.2372252196073532
-0.005860481411218643,0.18195201456546783,-0.30975985527038574
-0.2120872139930725,0.05825795233249664,-0.36030229926109314
-0.40859147906303406,-0.05977068468928337,-0.3984720706939697
-0.5462089776992798,-0.15579895675182343,-0.42117199301719666
-0.5878682732582092,-0.19967533648014069,-0.4128219187259674
-0.5586685538291931,-0.19205273687839508,-0.3487131893634796
-0.486503541469574,-0.12462975084781647,-0.2587220370769501
-0.39608457684516907,-0.018559424206614494,-0.16345246136188507
-0.29771512746810913,0.09802284836769104,-0.07456174492835999
-0.17753112316131592,0.2225283533334732,0.0028041559271514416
-0.057593002915382385,0.37091490626335144,0.0658707395195961
0.09950318932533264,0.5728094577789307,0.10137765854597092
-0.0728273019194603,0.4763503074645996,0.1701391339302063
-0.36792609095573425,-0.25885531306266785,0.1727563887834549
0.155973881483078,-0.3868878483772278,0.11046585440635681
0.39592257142066956,-0.055529046803712845,0.24994997680187225
0.4161183834075928,0.30816712975502014,0.26754602789878845
0.4286879897117615,0.3656426668167114,0.17833538353443146
0.47580036520957947,0.32849767804145813,0.09647568315267563
0.5476381778717041,0.3850068747997284,0.044489338994026184
0.571704089641571,0.4223494529724121,0.01725638657808304
0.5554851293563843,0.33906516432762146,0.007713161408901215
0.4866378605365753,0.1567787081003189,-0.019126176834106445
0.3506088852882385,0.032379209995269775,-0.05727473273873329
0.1404827982187271,-0.05744042620062828,-0.07422655075788498
-0.10766444355249405,-0.11885801702737808,-0.07001449167728424
-0.33392608165740967,-0.19007200002670288,-0.031246328726410866
-0.4805591106414795,-0.31332698464393616,0.0057199993170797825
-0.5288994908332825,-0.40021952986717224,0.04482213035225868
-0.4849347174167633,-0.4260176420211792,0.059400107711553574
-0.3708036243915558,-0.3094177842140198,0.06850279867649078
-0.21034514904022217,-0.2763899564743042,0.08775393664836884
0.004302171524614096,-0.2099725753068924,0.05715261772274971
0.14325329661369324,-0.1623961180448532,0.04253755882382393
0.24714533984661102,-0.12360824644565582,0.02630266360938549
0.2624417841434479,-0.028400186449289322,0.008974381722509861
0.20276248455047607,0.03839455544948578,0.034782011061906815
0.14635348320007324,0.04374825209379196,0.04121583327651024
0.16669604182243347,0.06969836354255676,0.055392369627952576
0.21287208795547485,0.01057861465960741,0.04888707026839256
0.022244615480303764,-0.33632421493530273,0.05849522352218628
-0.03905630484223366,-0.680168092250824,-0.30050063133239746
0.12399653345346451,0.19210392236709595,-0.33239278197288513
0.16803275048732758,0.08988306671380997,-0.10751430690288544
0.4359528720378876,-0.2664974331855774,-0.13584208488464355
0.49901533126831055,-0.383910208940506,-0.1510506570339203
0.2428104728460312,-0.1652630716562271,-0.10332734137773514
-0.14600032567977905,-0.05021098628640175,-0.08515526354312897
-0.3975697159767151,-0.08546405285596848,-0.08325323462486267
-0.47895005345344543,-0.041737839579582214,-0.05007050931453705
-0.4419725835323334,0.03795219585299492,0.0018052048981189728
-0.34890446066856384,0.0714866891503334,0.03883667290210724
-0.25250574946403503,0.0648636743426323,0.04776439070701599
-0.14563824236392975,0.039527565240859985,0.023365726694464684
-0.0431094691157341,0.03208243101835251,-0.014056213200092316
0.06562327593564987,0.0010898078326135874,-0.029737967997789383
0.1690087914466858,0.03174225986003876,-0.030173128470778465
0.24645909667015076,0.13330107927322388,-0.05849328637123108
0.28367409110069275,0.22021335363388062,-0.11686205118894577
0.3232099413871765,0.24427376687526703,-0.17112663388252258
0.38326501846313477,0.314046710729599,-0.21128949522972107
0.478224515914917,0.43221789598464966,-0.24076317250728607
0.5803549289703369,0.5557829737663269,-0.26515960693359375
0.5833439230918884,0.6350259780883789,-0.21860545873641968
0.5281957387924194,0.5336306691169739,-0.21848136186599731
0.35917219519615173,0.4694563150405884,-0.21040862798690796
0.10821507126092911,0.35561177134513855,-0.1331990659236908
-0.13754849135875702,0.2591801881790161,-0.09598659723997116
-0.38920870423316956,0.2527230978012085,-0.07833915948867798
-0.4878929555416107,0.12779656052589417,-0.028935184702277184
-0.5597783327102661,0.016372041776776314,0.027877232059836388
-0.5472109317779541,-0.03091888129711151,0.07154827564954758
-0.47738924622535706,-0.06185176223516464,0.10380075126886368
-0.39131471514701843,-0.030110182240605354,0.12271036952733994
-0.2234002649784088,-0.002197324763983488,0.1567397266626358
-0.019780024886131287,0.09136991947889328,0.18533721566200256
0.17523235082626343,0.2575279772281647,0.19022704660892487
0.29264575242996216,0.3658536374568939,0.13413847982883453
0.3011484146118164,0.4020792841911316,0.05455683171749115
0.23729804158210754,0.40992358326911926,0.007242899853736162
0.14511165022850037,0.3683423399925232,-0.03953446075320244
0.018384872004389763,0.2612113356590271,-0.11281159520149231
-0.1176677718758583,0.128165140748024,-0.18686692416667938
-0.247346892952919,0.011627662926912308,-0.2583545744419098
-0.3702291250228882,-0.1600213199853897,-0.28682056069374084
-0.47470882534980774,-0.3711015284061432,-0.24054671823978424
-0.5473763942718506,-0.569451093673706,-0.1610279232263565
-0.6021234393119812,-0.6383187770843506,-0.08492718636989594
-0.6415441036224365,-0.5363724827766418,-0.08719007670879364
-0.6286002993583679,-0.3616788983345032,-0.13010504841804504
-0.5736011862754822,-0.11579933017492294,-0.14547522366046906
-0.47042661905288696,0.08462563902139664,-0.13706251978874207
-0.35024750232696533,0.1509370058774948,-0.10953953117132187
-0.22558626532554626,0.10262648016214371,-0.052413664758205414
-0.13076575100421906,0.012302703224122524,0.009618012234568596
-0.11502452939748764,-0.06072588264942169,0.03696537762880325
-0.1860494315624237,-0.07460468262434006,0.037155792117118835
-0.3439200818538666,-0.10070770978927612,-0.027077363803982735
-0.5554121136665344,-0.20362530648708344,-0.12103156000375748
-0.7372207641601562,-0.33104878664016724,-0.19964535534381866
-0.806050181388855,-0.37706446647644043,-0.21280668675899506
-0.7485722899436951,-0.2951454818248749,-0.1801447868347168
-0.5622223615646362,-0.14928148686885834,-0.18116052448749542
-0.03578883782029152,0.15602292120456696,-0.1956872045993805
0.4460393190383911,0.3661127984523773,-0.21226590871810913
0.6083385348320007,0.49470463395118713,-0.2136634737253189
0.5566692352294922,0.4592169523239136,-0.1785409152507782
0.2194395661354065,0.1485361009836197,-0.06696043163537979
0.062134627252817154,-0.21613506972789764,-0.08101287484169006
0.07221449911594391,-0.1845283806324005,-0.09311176836490631
0.06111178547143936,-0.030836021527647972,-0.07581453770399094
0.008528213016688824,-0.06346345692873001,-0.10100815445184708
-0.042465727776288986,-0.15645092725753784,-0.15030458569526672
-0.036476556211709976,-0.22541430592536926,-0.1360001116991043
0.01293573435395956,-0.2353697270154953,-0.08660673350095749
0.042938388884067535,-0.15756651759147644,-0.059143051505088806
0.04622393101453781,-0.051923442631959915,-0.02100152149796486
0.06932421773672104,0.07497595250606537,-0.018149541690945625
0.11945582926273346,0.19893944263458252,-0.05488145723938942
0.1928195208311081,0.289839506149292,-0.08518204838037491
0.27178144454956055,0.34891295433044434,-0.10273174941539764
0.34074366092681885,0.4048072397708893,-0.126919224858284
0.3776332139968872,0.4369220435619354,-0.14753662049770355
0.39835959672927856,0.4373492896556854,-0.19320198893547058
0.4222271144390106,0.41032007336616516,-0.29134294390678406
0.485088974237442,0.35994967818260193,-0.4162224531173706
0.5737197995185852,0.33196303248405457,-0.5336505174636841
0.7228922247886658,0.5099799036979675,-0.655522882938385
0.867011308670044,0.528762936592102,-0.6983811855316162
0.9338850378990173,0.31188538670539856,-0.6794546246528625
0.8966116905212402,0.043756723403930664,-0.7581015229225159
0.8450911045074463,-0.1539594531059265,-0.8887643218040466
0.7976375818252563,-0.37363243103027344,-0.9091774225234985
0.7456870675086975,-0.27520114183425903,-0.7758768796920776
0.5526118874549866,0.5177457332611084,-0.46989065408706665
0.2619573473930359,1.0966532230377197,-0.31169646978378296
0.12507006525993347,1.2941572666168213,-0.12064129114151001
0.058904942125082016,1.165115237236023,-0.027164233848452568
0.08565480262041092,0.8798669576644897,-0.09845146536827087
0.2313040792942047,0.6218971610069275,-0.29506272077560425
0.46228933334350586,0.4432474672794342,-0.5601332783699036
0.7252125144004822,0.31755998730659485,-0.8038336634635925
0.9510043859481812,0.19494059681892395,-0.995665431022644
1.1502811908721924,0.0857221856713295,-1.1358946561813354
1.3092948198318481,-0.006233565974980593,-1.2339270114898682
1.3581570386886597,-0.08904758095741272,-1.321663498878479
1.2930173873901367,-0.11311403661966324,-1.3681164979934692
1.102540135383606,-0.046542488038539886,-1.3211884498596191
0.8471720218658447,0.13036783039569855,-1.1885451078414917
0.6267179846763611,0.4482195973396301,-1.0538030862808228
0.5178846716880798,0.858341634273529,-0.9667450189590454
0.5653767585754395,1.2044978141784668,-0.8961125612258911
0.6786630749702454,1.3648632764816284,-0.842917799949646
0.8044667840003967,1.3185473680496216,-0.7966712117195129
0.9193342328071594,1.1352065801620483,-0.7919560670852661
1.0539470911026,0.967980146408081,-0.8330426216125488
1.1421184539794922,0.9129312634468079,-0.866223156452179
1.173262119293213,0.9930182695388794,-0.858403205871582
1.1366527080535889,1.1614887714385986,-0.782202422618866
1.0750138759613037,1.3402446508407593,-0.6513487696647644
1.0542731285095215,1.4621098041534424,-0.515764594078064
1.1056145429611206,1.4973844289779663,-0.4320286810398102
1.215421199798584,1.4399991035461426,-0.3977876305580139
1.341679334640503,1.290550947189331,-0.3718993067741394
1.4064275026321411,1.0983630418777466,-0.354966938495636
1.3779581785202026,0.9522408246994019,-0.3348120450973511
1.262418508529663,0.8932185173034668,-0.2914523482322693
1.1181018352508545,0.9128687381744385,-0.2231893539428711
0.9930768013000488,0.9769952297210693,-0.14799712598323822
0.8983443379402161,1.0374764204025269,-0.0769626796245575
0.8320284485816956,1.0644726753234863,-0.00801131408661604
0.7786997556686401,1.0247057676315308,0.08238644152879715
0.7284802794456482,0.9253965020179749,0.1582532376050949
0.6798197627067566,0.8053309917449951,0.14590634405612946
0.6820480227470398,0.7143561244010925,0.08858659863471985
0.7005181908607483,0.694250762462616,0.021247614175081253
0.7041981816291809,0.7430323958396912,0.0007689702324569225
0.674549400806427,0.8209116458892822,0.05051516741514206
0.6280894875526428,0.8544477820396423,0.08572801202535629
0.6549636125564575,0.8323399424552917,0.09163884818553925
0.7547253370285034,0.7774098515510559,0.061108630150556564
0.8714075684547424,0.6898869872093201,-0.02728455886244774
0.9786714315414429,0.5650781989097595,-0.12242491543292999
1.0765843391418457,0.4261476695537567,-0.19704531133174896
1.1266975402832031,0.31992533802986145,-0.25511765480041504
1.1337628364562988,0.2796190679073334,-0.2918020784854889
1.1323894262313843,0.3069622814655304,-0.2998029887676239
1.1072286367416382,0.36476996541023254,-0.2896812856197357
1.0494441986083984,0.3522019684314728,-0.3254760205745697
1.0168167352676392,0.25107914209365845,-0.3499479293823242
0.9986159801483154,0.11161045730113983,-0.3084084689617157
0.9319005608558655,-0.01050934474915266,-0.22779975831508636
0.8394886255264282,-0.08598200231790543,-0.17699676752090454
0.7758969068527222,-0.10749601572751999,-0.15478754043579102
0.7171843647956848,-0.07191591709852219,-0.12496466934680939
0.6617130041122437,0.008281954564154148,-0.10760517418384552
0.6090903282165527,0.12922008335590363,-0.13072966039180756
0.5541309118270874,0.2756209671497345,-0.17973342537879944
0.5263208746910095,0.3749675452709198,-0.19749484956264496
0.5366227030754089,0.4250543415546417,-0.15859784185886383
0.5460503101348877,0.4258865714073181,-0.1306104063987732
0.5599905252456665,0.3848882019519806,-0.15581633150577545
0.6038237810134888,0.3391934037208557,-0.19294877350330353
0.6398940086364746,0.30595862865448,-0.20380520820617676
0.7840101718902588,0.31356117129325867,-0.28112101554870605
1.069587230682373,0.4194616675376892,-0.437970906496048
1.1771880388259888,1.3573452234268188,-0.5162507891654968
0.21507979929447174,2.4081406593322754,-0.25279220938682556
-0.5145301818847656,3.0582923889160156,0.1282835304737091
-0.28759562969207764,-0.5835388898849487,0.04563598334789276
-0.0016613455954939127,0.2591784596443176,0.037787649780511856
-0.011494983918964863,0.1530960649251938,0.005824394058436155
0.00816500373184681,0.026677144691348076,0.0040222336538136005
-0.0021350891329348087,0.012469648383557796,0.009433455765247345
0.024864569306373596,0.010965495370328426,0.026538405567407608
0.03115556389093399,0.00959059689193964,0.039616234600543976
0.03591196984052658,0.009183666668832302,0.031137792393565178
0.03283410891890526,0.0031078734900802374,0.028989313170313835
0.042860645800828934,0.004193378146737814,0.02829076535999775
0.04786456376314163,0.00022432970581576228,0.05174719914793968
0.05902507156133652,0.0015649650013074279,0.04579610005021095
0.06627735495567322,0.0011374854948371649,0.03235943615436554
0.07208437472581863,-0.0005554859526455402,0.011334581300616264
0.08093664050102234,-0.0011958088725805283,-0.030610259622335434
0.09149021655321121,-0.0034826654009521008,-0.09128452837467194
0.11607729643583298,-0.00046107839443720877,-0.1103849783539772
0.1433722972869873,8.673383854329586e-05,-0.10727334767580032
0.19521932303905487,-0.002719339681789279,-0.10573425143957138
0.42590072751045227,-0.08965370804071426,-0.041437018662691116
0.7256817817687988,-0.12844781577587128,0.11414574831724167
0.06680479645729065,0.010188348591327667,-0.029375459998846054
0.0009667281992733479,0.030048683285713196,0.09368889778852463
-0.004445347934961319,0.022228045389056206,0.07999918609857559
0.001824476639740169,0.013450461439788342,0.06330462545156479
-0.001469320966862142,0.006736899260431528,0.010820109397172928
-2.744118683040142e-05,0.002399998251348734,-0.003144866554066539
0.0005238331505097449,0.000573602388612926,-0.0034476681612432003
-0.0028788121417164803,-0.0003672004968393594,-0.007064665202051401
0.002599842846393585,0.0003233571769669652,-0.023084111511707306
0.0007382812909781933,0.00042188004590570927,-0.06300479173660278
-0.000230842997552827,-0.0015299506485462189,-0.09862616658210754
0.002657598117366433,0.0017584923189133406,-0.09902170300483704
0.0014743555802851915,0.001009877771139145,-0.00513861421495676
0.0025988076813519,-0.0004401360056363046,-0.0002075578086078167
-0.0016252321656793356,0.00044696294935420156,4.59747388958931e-05
0.0003979471803177148,0.00040086216176860034,-0.0005652736872434616
9.301526006311178e-05,0.0007992710452526808,9.811995550990105e-05
0.0009147683740593493,0.0006319043459370732,-0.0009260275401175022
0.00044924780377186835,0.002100904006510973,-9.219162166118622e-05
0.0018306577112525702,0.0019587266724556684,0.0026415432803332806
-0.0010202561970800161,0.002966200467199087,-0.002413668902590871
-0.003066351404413581,0.0008015973726287484,0.0001417943276464939
0.0010045565431937575,0.0003131736011710018,-0.0002504894509911537
0.0007285968167707324,1.1100055417045951e-05,-0.00047339778393507004
0.00025641830870881677,0.002113399328663945,0.0011138464324176311
0.0001664034789428115,-0.0015146248042583466,0.0004728236235678196
0.002806395059451461,0.0007943356758914888,-0.00019855936989188194
0.0021529884543269873,0.0015793319325894117,-1.1096708476543427e-06
-0.0005900674732401967,-0.0016361686866730452,0.0002774572931230068
-0.0016641796100884676,0.0022045718505978584,0.0006961054168641567
-0.00029584756703116,-4.5000313548371196e-05,-0.0013960739597678185
9.938306175172329e-05,-0.00011954764340771362,-0.001444703433662653
-0.0006087514921091497,0.0009406568133272231,-0.00016638590022921562
-0.001150625990703702,0.002219331683591008,-0.000983869656920433
0.001333037973381579,2.249007229693234e-05,0.0010419972240924835
-9.929464431479573e-05,-0.0014039973029866815,0.00021156948059797287
0.00022587733110412955,-0.0016886892262846231,-0.0011956444941461086
-0.00022267884924076498,0.00025958011974580586,0.0007534674368798733
0.00048625466297380626,-0.00042591753299348056,0.0016751880757510662
2.324648085050285e-05,-0.0008444249397143722,0.00043495604768395424
-0.0003650423896033317,-0.00034135376336053014,0.001278911717236042
0.0007838095771148801,0.000484982825582847,0.001603337936103344
0.001291940687224269,-0.0006886721821501851,0.001770583912730217
0.002435259521007538,-0.0003134046564809978,0.002773052081465721
-0.00015999103197827935,-1.885902020148933e-05,-0.0015529869124293327
0.0022205968853086233,0.0001038986083585769,0.0004189237952232361
-0.001238583237864077,9.937124559655786e-05,-0.0005137152038514614
-0.00042688092798925936,-0.0015867112670093775,0.0013334527611732483
-0.0010143741965293884,0.0013558153295889497,-0.0010668542236089706
0.00020646592020057142,-0.001517679076641798,-0.001258760690689087
0.0013721315190196037,2.056277298834175e-05,0.000912780873477459
0.00045437656808644533,-0.00046549932449124753,-0.0014768745750188828
0.0015806274022907019,0.0009033654350787401,0.0004943972453474998
-0.00042923662113025784,-4.469168197829276e-05,0.00048619555309414864
-0.00023163005243986845,-0.0015001092106103897,0.00014930544421076775
-0.0022970635909587145,-0.0025863382034003735,-0.0007134568877518177
0.0018564022611826658,0.0010552683379501104,5.060387775301933e-05
0.00020948763994965702,0.000357232172973454,-0.0009338073432445526
-0.002458200789988041,-0.0010044421069324017,-0.0023743112105876207
-0.0014655310660600662,0.00202930741943419,0.0006752787157893181
-0.0002844191621989012,-0.00017738774477038532,0.00037780357524752617
-0.003992593381553888,-0.0031830172520130873,-0.0010891719721257687
-0.0007456672028638422,-1.6252321074716747e-05,-0.001514478586614132
-9.513532859273255e-05,-0.001729563344269991,0.0017409133724868298
0.0010982271051034331,0.000605229870416224,0.0008096061646938324
0.0008410068694502115,-0.00023537735978607088,-0.000709406565874815
-5.079404218122363e-06,-0.001423413516022265,0.003022481221705675
-0.0002751244464889169,0.00015232988516800106,-0.000693746842443943
-0.0014434531331062317,0.0015270536532625556,-0.0007962784729897976
0.0015617464669048786,0.0007606504950672388,-0.0008919378742575645
0.0017036929493770003,0.0008416106575168669,-0.0009609134867787361
0.0011658912990242243,-0.0006188330007717013,-0.001508035697042942
0.0016548475250601768,-0.0003924642805941403,-0.0018625021912157536
-0.0001536455238237977,0.0004266820615157485,-0.00028500426560640335
0.0004921710351482034,0.0002807407872751355,0.00038691144436597824
0.0006783592398278415,0.0015949435764923692,2.0135194063186646e-06
-0.0016007738886401057,0.0008433995535597205,-0.0006997291930019855
0.00018213789735455066,0.0006539416499435902,-0.00022339541465044022
-0.0013640935067087412,0.0005908247549086809,-0.0002897079102694988
-0.0007197300437837839,0.0009546865476295352,0.0022603459656238556
0.0006419442361220717,0.0009190001292154193,0.000128219835460186
0.0014723744243383408,-0.0005173390964046121,0.0013034283183515072
-0.0011287350207567215,-0.0007780626183375716,-0.0013964846730232239
-0.0008153091184794903,0.0011295790318399668,0.0009581316262483597
0.0013317313278093934,-0.000794821185991168,-0.0008405670523643494
0.00015052894013933837,-0.0008945540757849813,-0.0023941639810800552
0.0012658608611673117,-0.0015092117246240377,-0.0013041319325566292
0.0019180733943358064,-0.0006247129058465362,-0.000909748487174511
0.00028156096232123673,0.00011804269161075354,6.310408934950829e-05
-0.0006972445407882333,-0.00028690166072919965,-0.0007833652198314667
-0.0018171037081629038,-0.000495959771797061,-0.0013029477559030056
-0.0002983156591653824,-0.001823951257392764,-0.0008466504514217377
-0.00032121886033564806,0.0004264198651071638,-0.0010525127872824669
-0.0006824721931479871,0.0009570781840011477,0.0008674846030771732
-0.0018241694197058678,-0.002035249723121524,-0.000963172409683466
0.0001785423228284344,0.00016158598009496927,0.0009634951129555702
0.00012847490143030882,-0.0006533412961289287,0.00020209746435284615
-0.002118888543918729,0.0004126037238165736,-0.0012278039939701557
-0.0028744274750351906,-9.579372999724001e-05,-0.0014808042906224728
-0.0006271711317822337,-0.0004522668314166367,-0.003467289498075843
-0.0007917544571682811,-0.00016784122271928936,-0.00010371720418334007
0.003575950860977173,-0.0016204037237912416,0.0002343147061765194
0.002401496982201934,-0.00026938217342831194,-6.701331585645676e-06
0.00020925269927829504,0.0008080613915808499,-0.0009222491644322872
-0.0001457466569263488,-0.002553913276642561,-0.0008434196934103966
-0.003920568153262138,0.0019267364405095577,0.0013356013223528862
0.00029894421459175646,-0.0001409418327966705,-0.0005909292958676815
-0.0015718076610937715,0.0013475512387230992,0.0002754209563136101
-0.0002583365421742201,-0.002552914433181286,-0.0019776131957769394
0.00018618616741150618,-0.002407489577308297,0.00023027602583169937
0.0015268215211108327,0.00030440729460678995,-0.0008965074084699154
-0.0008866993011906743,-0.0006918805884197354,-0.0020417412742972374
0.0017671406967565417,-0.002108948538079858,-0.001569828949868679
-0.0013253313954919577,0.0001179988612420857,-0.00019279634580016136
-0.0026161654386669397,-6.788977771066129e-05,-8.200900629162788e-05
-0.001131807453930378,0.003361241426318884,-0.0002481373958289623
0.0013827492948621511,0.00037051172694191337,-0.001972267869859934
-0.001489717629738152,-0.000856005004607141,0.0004411321133375168
-0.001694514648988843,0.0003293679910711944,-0.0020784842781722546
0.0009032934322021902,0.002410427900031209,-0.0018307780846953392
0.0011432443279772997,-6.178441253723577e-05,0.0006406353786587715
-0.0018332871841266751,0.0008958032121881843,-0.0020663728937506676
0.00042161127203144133,-0.00012685067486017942,0.0018633878789842129
-0.0001640921109355986,0.0003546436782926321,-0.0004389905370771885
0.00024923047749325633,-2.4862238205969334e-06,0.0006957822479307652
-0.0019858668092638254,-0.002348762471228838,0.00012602703645825386
0.0006402763538062572,0.00046539990580640733,-0.0010785209015011787
0.00015366170555353165,-0.001481507671996951,5.8580655604600906e-05
0.0003323598357383162,-0.00015871558571234345,0.00047563156113028526
-0.00042941857827827334,0.00043190043652430177,0.0008307220414280891
0.001606567995622754,-0.00020539399702101946,-0.0002920664846897125
-0.0008331508142873645,0.0007338253781199455,0.0028391205705702305
0.000572731951251626,-0.0007199943065643311,-0.0006805127486586571
0.0019255329389125109,-0.0008761457283981144,-0.0013591977767646313
0.0006197851616889238,0.0024469466879963875,-0.0012492090463638306
4.373854608274996e-05,-0.001388645963743329,0.0008063623681664467
0.001841904828324914,-1.3922113794251345e-05,-0.0009595798328518867
-0.0015148753300309181,0.0011683996999636292,-0.0021317063365131617
0.0010857016313821077,0.0014965011505410075,0.0016915276646614075
-0.0009422557195648551,0.0001507457491243258,0.00027213897556066513
0.0014572524232789874,-0.001064987271092832,-0.0010264180600643158
-0.0018601969350129366,0.002233832608908415,0.0013955854810774326
-0.00041250267531722784,-0.0009869943605735898,-0.0007288176566362381
-0.00027144880732521415,-0.0012971860123798251,-0.0006419792771339417
-0.0004938227357342839,-0.000317941652610898,0.0014342209324240685
0.0020974320359528065,-0.0008546285098418593,-0.00042084138840436935
0.00045026696170680225,0.0013272992800921202,0.0002774395979940891
-0.0005260308971628547,-0.002012501936405897,0.000417063944041729
-0.0009659851202741265,0.0010802269680425525,0.0003622029908001423
0.0012646587565541267,-0.00131196656730026,-0.0003684507682919502
-0.001209950540214777,0.000457171379821375,-0.0005245120264589787
-7.83221039455384e-05,-8.82536405697465e-05,0.0017178724519908428
0.00022101720969658345,-0.0012507234932854772,-0.0006222468800842762
-0.0022971099242568016,-0.0006503783515654504,-0.0024409571196883917
0.0005157208070158958,0.0019733679946511984,0.0019383449107408524
-0.0007126315613277256,-0.0006614183075726032,0.0011381786316633224
0.0008967166650108993,0.00014871530584059656,-0.0009361575357615948
0.0009401992429047823,-0.0013398039154708385,-3.245752304792404e-05
-0.0003253348695579916,0.0012700939550995827,-0.001638876274228096
0.00020415900507941842,0.0014043357223272324,-0.0009175632148981094
-0.0022344975732266903,-0.001176001038402319,-0.0007684258744120598
0.003002370474860072,-0.0007033139700070024,-0.0006923135370016098
-0.0012288596481084824,0.0013252157950773835,0.0011452673934400082
-0.00041093729669228196,0.0015733971958979964,0.0010994761250913143
0.0003137088206131011,0.0022319969721138477,-0.0006510196253657341
-0.0016168999718502164,1.1061510122090112e-05,0.0009606215171515942
0.0006632984150201082,-0.0009724438423290849,0.0006383792497217655
-0.001587661448866129,-0.000403365062084049,0.0013048890978097916
0.002515204483643174,0.0013623106060549617,-0.00020512333139777184
0.0006484582554548979,-0.00029469342553056777,-0.00180797278881073
-0.00124957668595016,0.0023255906999111176,-0.0006348504684865475
-0.0012570340186357498,0.0009399980772286654,0.001016345340758562
-0.002096995012834668,0.001245462684892118,-0.00018740352243185043
0.0016638410743325949,-0.0003123073256574571,-0.000790989026427269
-0.0021101245656609535,-0.0006441371515393257,0.0028671291656792164
0.0009935194393619895,0.0013053828151896596,0.0011137351393699646
0.0006265358533710241,-0.00024164747446775436,-0.000571513082832098
-0.00034266815055161715,0.0014875414781272411,0.0013002892956137657
0.0002703915233723819,-0.0002850585151463747,-0.001686179544776678
-0.002158206654712558,0.0005359670612961054,0.0010954421013593674
-0.0005291510606184602,0.0004728501953650266,-0.0007890104316174984
-0.0016897986643016338,0.000980853452347219,-0.000685329083353281
-0.0009856588440015912,-0.000860988802742213,-0.0006539034657180309
0.0008407438872382045,0.0003869601059705019,0.0005445028655230999
-7.085615652613342e-05,0.0014785898383706808,-0.00044060032814741135
-0.001719543943181634,-0.0001860066840890795,-0.0006802319549024105
-0.0006505511119030416,0.000530916266143322,0.0011759912595152855
-0.002220385940745473,-0.0016503807855769992,0.0029868120327591896
-0.0004472532600630075,0.0001911950676003471,0.003850208595395088
-0.002008420880883932,-0.0015029114438220859,0.000908298883587122
0.00023422727826982737,-3.1514966394752264e-05,0.0017874082550406456
0.001077938126400113,0.0005805995315313339,-0.0012066387571394444
0.0003077518776990473,-0.0002417846117168665,-0.00020662182942032814
-0.00027258312911726534,-0.002706852974370122,-0.0002950900234282017
-0.0006073424592614174,-0.00014569095219485462,0.0012226453982293606
0.0009518646402284503,-0.00256532384082675,0.0011491598561406136
-0.0006649404531344771,0.0010834730928763747,0.0006330395117402077
0.0017322937492281199,-0.0013465499505400658,-0.00030601443722844124
-0.00014283796190284193,-0.0002501265553291887,-0.0019004491623491049
0.0016539390198886395,-0.0006729484302923083,0.000647262204438448
-0.00043504463974386454,-0.0004713471280410886,7.571186870336533e-06
-0.0006665214314125478,-0.0023332133423537016,0.0022324654273688793
-0.00010299656423740089,-2.3453743779100478e-05,0.00020872987806797028
-0.001857553725130856,-0.001041932264342904,-0.0002016974613070488
-0.000997885363176465,0.001178078819066286,0.0009021828882396221
0.0017968915635719895,0.001840852084569633,-0.0008461484685540199
-0.00017810877761803567,0.0006493538385257125,-0.00024027936160564423
-0.0019791042432188988,0.0005540389101952314,-0.0014664116315543652
-0.0009431345388293266,0.00019238170352764428,0.002560554537922144
0.0005432431935332716,8.411845192313194e-05,0.0013141990639269352
-0.0017875554040074348,-0.0007537120254710317,0.00017836084589362144
0.00045050744665786624,0.0003965019714087248,0.0005661915056407452
0.00014530919725075364,-0.000519359135068953,4.208134487271309e-05
0.00025743013247847557,-0.0018635443411767483,-0.0028720605187118053
-0.0028853663243353367,0.0008014808408915997,0.0002901768311858177
0.0005467540468089283,-0.000835264683701098,-0.000790867954492569
0.0016668796306475997,-0.0017442015232518315,0.0011846651323139668
-0.0021906697656959295,-0.0020122479181736708,0.0011102142743766308
-0.00022312643704935908,0.0005174888065084815,0.00048144208267331123
-0.0011404422111809254,-0.00091597402933985,0.0019776099361479282
0.0009738414082676172,-0.0017149222549051046,0.0004609394818544388
-0.0008637465070933104,0.00066248734947294,-0.0018834311049431562
0.0008689060341566801,-0.0007684290176257491,0.0001927693374454975
-0.000448203063569963,0.001871463842689991,-0.0008623884059488773
0.0008479574462398887,0.0005822275998070836,0.001411152072250843
-0.0007566006388515234,-0.0012611588463187218,-1.635029911994934e-05
-0.0019496968016028404,0.0007764257024973631,0.0018787551671266556
0.0002734884328674525,0.00088019686518237,0.0019570505246520042
0.00032621901482343674,0.0021619764156639576,-0.000914369709789753
0.0011500571854412556,-0.0003571580455172807,-0.00032462412491440773
-0.0014214911498129368,0.0014471334870904684,0.0016554361209273338
0.000833061640150845,0.0012277232017368078,0.0009800679981708527
0.00054144550813362,0.001031714491546154,0.0001627439633011818
0.0011585585307329893,0.0011186432093381882,-4.987185820937157e-05
0.00028184583061374724,0.001751942909322679,-0.0006339033134281635
-0.000543606118299067,-0.0005662094918079674,0.0015249061398208141
4.495249595493078e-05,0.0008231616811826825,0.00043247733265161514
-0.002459065057337284,0.0003399744746275246,0.0021271980367600918
-0.0006065702764317393,0.0009261362720280886,0.002105360385030508
-0.0014307661913335323,-0.0008742969366721809,0.0004849233664572239
-0.0004781533498317003,-0.00018453823577146977,0.0018386081792414188
0.00017063977429643273,0.0008660911116749048,0.0026973732747137547
0.0007165878196246922,0.00020589353516697884,-0.0017575626261532307
-0.0017407580744475126,0.00016855000285431743,0.0015277364291250706
-0.00040278589585796,-0.0012320063542574644,0.0008933716453611851
-0.0019473964348435402,0.0009233079617843032,0.0017048208974301815
0.0019512050785124302,-0.0017805994721129537,0.002968225162476301
-0.0005844200495630503,-0.0018670940771698952,-0.002074838150292635
-0.0019452953711152077,-0.0013078302145004272,-0.003124922513961792
-0.001537940464913845,0.00012144149513915181,0.0013086376711726189
0.0015521253226324916,0.0009454234968870878,9.450223296880722e-05
0.0008534534717909992,-0.0009194810409098864,-3.018788993358612e-05
0.0017802335787564516,-0.00044277519918978214,-0.00022779451683163643
-0.0009597940370440483,-0.0013472781283780932,0.0019162287935614586
0.002747592516243458,-0.0026186711620539427,-0.00033733807504177094
0.0007869474356994033,-0.0019011343829333782,0.0007598786614835262
0.0019688582979142666,0.001539137214422226,-0.0005250964313745499
0.0007178489468060434,-0.0026312307454645634,0.0010607941076159477
0.001870997715741396,0.0004330023657530546,0.0010735769756138325
0.0006533187115564942,-0.0012567187659442425,0.0010265987366437912
0.0008834158070385456,0.002065042033791542,0.0017909258604049683
0.0009241515072062612,-0.00024182090419344604,0.0009659174829721451
0.0016996640479192138,-0.002890068106353283,0.0025925766676664352
0.0019980352371931076,0.0009452339727431536,0.0017535602673888206
0.0022656829096376896,0.00010260980343446136,-0.0016337139531970024
0.0020324443466961384,0.0010666714515537024,0.0008197557181119919
-6.471702363342047e-06,-0.0010966142872348428,-0.0002697436138987541
-0.0015782886184751987,-0.001854023546911776,0.000498464796692133
-0.0008288749377243221,-0.00016877525195013732,0.0007703737355768681
-0.0004610168980434537,-0.0003473744145594537,0.0005799047648906708
-0.0007265340536832809,-0.0007516422774642706,0.002729075960814953
0.0005880282260477543,-0.00012263604730833322,0.0024749855510890484
-0.000525705749168992,0.0017437073402106762,0.0008352771401405334
0.00028438170556910336,0.0010880158515647054,-0.0007616057991981506
-0.0018221786012873054,-0.0006835188250988722,-0.000667329877614975
0.0017718933522701263,0.00010882673086598516,0.0016389037482440472
-0.0017642518505454063,-0.0008909238968044519,0.00023994548246264458
0.0019829163793474436,-0.0010264773154631257,0.0011706906370818615
-7.703871233388782e-05,-6.054874393157661e-05,4.8434827476739883e-05
0.0009534447453916073,0.0021427322644740343,-0.0009255227632820606
0.0008325372473336756,-0.00017741376359481364,-0.00034628482535481453
0.0006529730744659901,-0.0015894284006208181,-0.000292027834802866
-0.0009795445948839188,8.623249595984817e-05,5.285162478685379e-05
-0.0003053685650229454,-0.0006599745247513056,-0.0007384349592030048
-0.0015586521476507187,0.0017688283696770668,0.0014738528989255428
0.00032583146821707487,0.0009832563810050488,0.0003758678212761879
-1.4254183042794466e-05,0.0006048213108442724,-0.0010888706892728806
0.00040450628148391843,-0.001256993506103754,-0.001955700106918812
-0.0001286585466004908,-0.002628787886351347,0.001758610364049673
-0.00047356041613966227,-0.0006704984698444605,-0.0038476691115647554
0.0021222226787358522,-0.00022521796927321702,-0.000347210094332695
0.001428772695362568,-0.0013619972160086036,0.0010431432165205479
0.0015712517779320478,-0.0006959406891837716,-0.0008133463561534882
-0.003016509348526597,-0.0007939483039081097,-0.0016218018718063831
-0.000943771272432059,0.0009264537948183715,-0.0009408318437635899
0.0009986587101593614,-0.00021262983500491828,0.0005252519622445107
0.0002588325587566942,-0.0006398008554242551,0.0017140870913863182
-0.0003281831741333008,0.002089780056849122,-0.0014963955618441105
-0.0004988918663002551,-0.001834387774579227,-0.0010079718194901943
-0.000723421573638916,-0.0007611382752656937,0.000377521850168705
0.0013410609681159258,-0.0004189221072010696,-8.480297401547432e-05
0.0012872472871094942,-0.0005572625668719411,0.00096173956990242
0.0009160025510936975,0.0005202523898333311,0.0005209865048527718
7.72888888604939e-05,0.00013817442231811583,0.0018608286045491695
0.0018677320331335068,-0.0014551947824656963,-0.00011736759915947914
-0.0001573348417878151,-0.0002790793951135129,-0.0005837557837367058
0.0008746400708332658,0.0033366945572197437,0.0009382409043610096
0.0014628085773438215,0.0018128145020455122,0.0011763242073357105
-6.850901991128922e-05,-0.0007901591015979648,-0.00041704531759023666
-0.0010097326012328267,1.1083873687312007e-05,0.0008635912090539932
0.001768210786394775,0.0012843412114307284,-0.002474947366863489
0.00040086847729980946,0.0010780268348753452,-0.0007933485321700573
-0.0016950392164289951,0.0001267457555513829,-0.001952888909727335
0.0008100924314931035,-0.0006969533860683441,-0.0003529028035700321
-0.0016360210720449686,-0.000797620858065784,-0.00041921576485037804
-0.0008963639847934246,0.00034738355316221714,-0.00020438991487026215
-0.0010513599263504148,0.00018839281983673573,0.00045314477756619453
0.0005324039957486093,-0.0006889680516906083,0.0017437986098229885
-0.0005107561592012644,-0.00040294454083777964,-0.0009441301226615906
-0.0030080918222665787,-0.0011095370864495635,0.001949431374669075
0.0009757308289408684,0.0005743796937167645,-0.0008894982747733593
-0.0020949349272996187,0.0003518364974297583,-0.001297877635806799
-0.0018720284570008516,-0.0006087657529860735,-0.0011822963133454323
-0.0021226746030151844,-0.001127186813391745,0.003028061706572771
-0.00016152270836755633,0.001461405772715807,-0.0008212709799408913
-0.0020573867950588465,0.00040662512765266,-0.00038754846900701523
0.0018092566169798374,-0.0006951246177777648,0.001147763803601265
0.0016201219987124205,0.00039862972334958613,-6.538676097989082e-05
9.306546417064965e-05,0.00044257185072638094,0.0012608673423528671
-0.00028562702937051654,0.000762944167945534,-0.0005939528346061707
0.0006073308759368956,0.0011200739536434412,0.0017283237539231777
-0.0009248797432519495,0.001049855723977089,0.0005092816427350044
-0.0014710940886288881,-0.0006582958158105612,-0.0004478585906326771
-0.0007956865592859685,0.000504214724060148,2.0644161850214005e-05
-0.0015267243143171072,0.00023124070139601827,0.00033782655373215675
0.0010769329965114594,0.001280381577089429,0.0008075535297393799
-0.0015502754831686616,0.0001429454714525491,0.00020221713930368423
0.00021819988614879549,0.0012561398325487971,0.0018505346961319447
-0.000945068895816803,0.00020871858578175306,0.0014625121839344501
-0.001379088731482625,0.00018232737784273922,0.00038948236033320427
-0.0005575034883804619,0.0017980672419071198,0.0003154464066028595
0.0003152692224830389,-0.0002898185048252344,-0.0005166535265743732
0.0012987744994461536,-0.0005958157125860453,-0.0012607406824827194
0.0009347805171273649,-0.0008721448248252273,-0.00017497502267360687
0.000810144585557282,-0.0016977246850728989,-0.000425844918936491
-0.0010464091319590807,-0.0008128865156322718,-0.0003694584593176842
-0.00010871014092117548,9.658298222348094e-05,-0.00043630367144942284
-0.00013204471906647086,0.00029678535065613687,0.0013173744082450867
-0.00023031531600281596,0.0005220887251198292,0.00023852800950407982
-2.88479495793581e-05,0.00012281359522603452,0.001393850427120924
-0.0020230228547006845,-0.0002955690142698586,-0.0016067330725491047
-0.0014150859788060188,-0.0005273972637951374,0.00046404218301177025
-0.0007564861443825066,-0.0013220844557508826,0.0016851015388965607
0.0007859137840569019,-0.0004896828322671354,0.0004928740672767162
0.001984602538868785,-0.0007922179065644741,0.0008995388634502888
0.0014048691373318434,0.0009485663613304496,0.00022320356220006943
-7.405236829072237e-06,-0.000644536514300853,-0.0011142357252538204
-0.00017481687245890498,-0.0010625035502016544,0.0013645761646330357
-0.0004150339518673718,-0.0003250742447562516,0.001315041445195675
0.0007958904025144875,-0.002379786688834429,-0.0009392020292580128
-0.0004004015354439616,-0.0007422089111059904,0.0006642872467637062
0.0021834401413798332,-0.0008729484397917986,0.0018145819194614887
4.359005833975971e-05,-0.001745932619087398,-0.0011223522014915943
0.0013282729778438807,-0.0005526076420210302,0.0014452622272074223
0.0004805887583643198,-0.003429088043048978,-0.0010330751538276672
-0.0005064159631729126,0.0015812631463631988,-0.0013688071630895138
-0.0006694014882668853,-0.000985491555184126,8.39470885694027e-05
-0.0013018245808780193,0.00043629604624584317,0.0026272498071193695
0.0001874151057563722,5.333349690772593e-05,-0.000980268232524395
0.0009626148967072368,-0.0016575208865106106,0.0018748273141682148
0.0007996294880285859,0.0012322751572355628,0.0008641574531793594
-0.0002621093299239874,-4.021869972348213e-05,-0.001217791810631752
-0.001957211410626769,0.0010980162769556046,0.0009644022211432457
0.0015872736694291234,0.0009546991786919534,0.0017519667744636536
0.001806718180887401,-0.0019566684495657682,0.000827583484351635
-0.0011749924160540104,-0.0018908693455159664,0.0006109932437539101
-0.0008061447297222912,-0.0012759454548358917,-0.0018186084926128387
-0.00345227331854403,-0.00017136837414000183,0.0009682341478765011
0.0008370141149498522,0.0021463807206600904,0.0017751720733940601
0.0017066526925191283,0.0017069887835532427,-0.0010193833149969578
-0.00022467173403128982,0.002341620158404112,-0.000985028687864542
-0.0015959697775542736,-0.001460674568079412,-0.0003962349146604538
6.797327660024166e-05,-0.0017751939594745636,-0.0003821202553808689
0.004236291162669659,0.0009437890257686377,-0.00046206265687942505
0.0021116214338690042,-0.00023013234022073448,0.0005083931609988213
0.00021730083972215652,0.0002260665933135897,0.0014035780914127827
-0.0009457016130909324,-0.0007348019862547517,0.0001004934310913086
0.00029148871544748545,-0.0015309134032577276,0.001249457709491253
0.00047711102524772286,0.0010888383258134127,-0.0017806869000196457
0.00089220330119133,-0.0006756609654985368,0.0007785107009112835
0.0030203352216631174,-0.0015861957799643278,0.0007449546828866005
0.0008020316599868238,-0.0020833394955843687,-0.00018391432240605354
-0.000783081806730479,-0.0008598832064308226,-0.00025209086015820503
-0.0008827871060930192,0.0019875536672770977,0.0024174456484615803
-0.0031853560358285904,-0.002177097601816058,0.0005268678069114685
0.0021435790695250034,0.0018978504231199622,-4.8183370381593704e-05
-0.0009281107923015952,0.0009351177141070366,0.0006479672156274319
0.0002955925010610372,0.0005700625479221344,-0.0004559224471449852
-0.0008865847485139966,-0.00010877716704271734,0.0003789789043366909
0.0040952605195343494,-0.00023464956029783934,0.0012547611258924007
0.004027349874377251,-0.0006479721632786095,0.0016853944398462772
0.0008119702688418329,0.00023753452114760876,0.0017232592217624187
0.0005219520535320044,-0.0013020389014855027,-0.00010766414925456047
-0.0019391307141631842,-0.0059664249420166016,0.0005537830293178558
-0.003404668066650629,-0.005304629448801279,0.00035830680280923843
-0.0017200515139847994,-0.00329240458086133,-2.598203718662262e-05
-0.002617004094645381,-9.288301225751638e-05,0.001968459691852331
0.000832689693197608,1.283222809433937e-05,0.0013696388341486454
0.0031765378080308437,-0.0004526883130893111,-0.0006431778892874718
-2.5220797397196293e-06,0.0005675603752024472,0.0005350988358259201
-0.000869647366926074,-0.00023085533757694066,0.011330220848321915
-0.0004799189046025276,0.001873440807685256,0.024115443229675293
0.00018693666788749397,0.00036875472869724035,0.004562515765428543
-0.00038964650593698025,-0.00044138444354757667,0.000875422265380621
-0.005122616421431303,-0.004521879833191633,-0.014784230850636959
-0.002265484305098653,-0.0005882832338102162,-0.12305077910423279
-0.000641488644760102,-0.0005499336984939873,-0.36974790692329407
0.00047591025941073895,0.0001160467800218612,-0.5772925615310669
-3.08892922475934e-05,-0.0030254179146140814,-0.5917524695396423
-0.00041812361450865865,-0.0040243822149932384,-0.4379957914352417
-0.002328941598534584,-0.0008014247287064791,-0.27495279908180237
-0.00042978295823559165,-0.002056234050542116,-0.1768222451210022
-0.0002159310970455408,0.0016109388088807464,-0.15886108577251434
0.0015307506546378136,0.00012106160284020007,-0.20376598834991455
0.0017006604466587305,0.0014704852364957333,-0.23799505829811096
-0.0012002403382211924,0.00020611655781976879,-0.2009216547012329
0.002292495220899582,0.0024855162482708693,-0.11387677490711212
0.0013086437247693539,0.0016971216537058353,-0.029139840975403786
-0.004087985958904028,0.002931230468675494,0.06247689574956894
-0.007705270778387785,0.003988611977547407,0.16862143576145172
-0.010782819241285324,-0.0003073332190979272,0.22650977969169617
-0.014506836421787739,-0.0010960442014038563,0.23495550453662872
-0.022938936948776245,-0.0072207823395729065,0.21801620721817017
-0.03217945247888565,-0.014874817803502083,0.20136068761348724
-0.05245409533381462,-0.015252985991537571,0.20475009083747864
-0.09200529754161835,-0.011472447775304317,0.1879991888999939
-0.18395866453647614,-0.013201371766626835,0.14784696698188782
-0.27479425072669983,-0.01355314627289772,0.2305448353290558
-0.3102646470069885,-0.013127307407557964,0.5262278318405151
-0.40271732211112976,-0.013552045449614525,0.8834826946258545
-0.5417963862419128,-0.007446483243256807,1.1370021104812622
-0.7217907309532166,-0.009089522063732147,1.1666789054870605
-0.9454488754272461,-0.010937223210930824,1.0884599685668945
-1.217846155166626,-0.03835618123412132,1.0191552639007568
-1.590461254119873,0.13443076610565186,1.0678415298461914
-1.9975029230117798,0.10091488063335419,1.2307724952697754
-2.400127410888672,-0.03760651499032974,1.4172483682632446
-2.683485507965088,-0.49162402749061584,1.5408109426498413
-2.8756160736083984,-1.2555667161941528,1.5070236921310425
-2.8865740299224854,-1.971443772315979,1.5042309761047363
-2.7961413860321045,-1.8919931650161743,1.4698407649993896
-2.6776180267333984,-1.619571328163147,1.3883885145187378
-2.5237324237823486,-1.651483178138733,1.265475869178772
-2.339264392852783,-2.115144729614258,1.0517855882644653
-2.150423049926758,-2.685894250869751,0.8450236320495605
-2.021022319793701,-3.054837465286255,0.6249318718910217
-1.8525502681732178,-3.052243232727051,0.4226730465888977
-1.7328732013702393,-2.806225061416626,0.345143586397171
-1.7587032318115234,-2.5247247219085693,0.36880895495414734
-1.8747931718826294,-2.318099021911621,0.44530534744262695
-2.0937111377716064,-2.3558595180511475,0.47983136773109436
-2.260342597961426,-2.5692360401153564,0.47812601923942566
-2.2139413356781006,-2.65130615234375,0.4891384541988373
-2.0453598499298096,-2.511828660964966,0.3543773889541626
-1.8111774921417236,-2.2779054641723633,0.25821197032928467
-1.7103593349456787,-2.0493040084838867,0.27363812923431396
-1.7166802883148193,-1.8593413829803467,0.27236515283584595
-1.764891266822815,-1.6802395582199097,0.26910164952278137
-1.795530915260315,-1.4920507669448853,0.23708327114582062
-1.7310621738433838,-1.3191806077957153,0.17402297258377075
-1.6090019941329956,-1.232047200202942,0.16210240125656128
-1.5081379413604736,-1.2081397771835327,0.23079192638397217
-1.4137152433395386,-1.158952236175537,0.3147760331630707
-1.3652194738388062,-1.007834792137146,0.3216748535633087
-1.320533275604248,-0.7961872220039368,0.29201388359069824
-1.2427725791931152,-0.5247452259063721,0.22821685671806335
-1.109744668006897,-0.21917040646076202,0.1835375428199768
-0.9468149542808533,0.061633769422769547,0.24194113910198212
-0.8091045022010803,0.18642204999923706,0.3444102704524994
-0.7153061628341675,0.10621213912963867,0.4565558135509491
-0.667519211769104,-0.09423094242811203,0.5176109075546265
-0.65423184633255,-0.2489410936832428,0.5214486122131348
-0.6821457743644714,-0.2237241566181183,0.49380576610565186
-0.7445335388183594,-0.016298087313771248,0.5069630146026611
-0.8436121940612793,0.2979743480682373,0.591484546661377
-0.9452125430107117,0.6042030453681946,0.7035451531410217
-1.013682246208191,0.798071563243866,0.8250521421432495
-1.020122766494751,0.8325571417808533,0.9147740006446838
-0.9641417860984802,0.6898239254951477,0.9548870921134949
-0.7177232503890991,-0.03321819379925728,0.9193248152732849
-0.1658603399991989,-2.211928367614746,0.5565026998519897
0.2156713604927063,-3.575767755508423,0.12147843837738037
0.40860405564308167,-2.8071534633636475,-0.14178942143917084
0.7210825085639954,0.8624626994132996,-0.4924277663230896
0.19763150811195374,0.9850876927375793,-0.28449320793151855
-0.1687558889389038,-0.48187416791915894,-0.2003515362739563
-0.5099896192550659,-0.9353854060173035,-0.04138638451695442
-0.6921260356903076,-0.9059497117996216,0.04820368438959122
-0.7039368748664856,-0.8316386938095093,0.13636310398578644
-0.6029157042503357,-0.6385037899017334,0.24917039275169373
-0.45776328444480896,-0.20902729034423828,0.32025736570358276
-0.3187786638736725,0.13507157564163208,0.35129842162132263
-0.14976303279399872,0.29308971762657166,0.40553900599479675
-0.05074698477983475,0.2971659302711487,0.45118656754493713
-0.02772022783756256,0.2602792978286743,0.41843369603157043
-0.005072012078016996,0.1770806759595871,0.4198213517665863
-0.02532721497118473,0.09045896679162979,0.36995550990104675
-0.1383325755596161,0.06626258045434952,0.26005831360816956
-0.3459421992301941,0.20563486218452454,0.1580485701560974
-0.4724887013435364,0.31871241331100464,0.12687650322914124
-0.535938560962677,0.45869189500808716,0.14659161865711212
-0.09240340441465378,0.40173861384391785,0.41128918528556824
0.3020927608013153,0.3927864134311676,0.6811297535896301
0.591246485710144,0.08849303424358368,0.7495786547660828
0.7283502817153931,-0.28803667426109314,0.745241641998291
0.6794859170913696,-0.6500363349914551,0.6921224594116211
0.5310793519020081,-0.999046266078949,0.6024503707885742
0.33051371574401855,-1.287661075592041,0.5227470397949219
0.12431129813194275,-1.4872828722000122,0.4829457998275757
-0.08323469012975693,-1.6200393438339233,0.4659126102924347
-0.3136138319969177,-1.7387210130691528,0.43035009503364563
-0.5783858895301819,-1.9026672840118408,0.36501070857048035
-0.8131347298622131,-2.154758930206299,0.3038882315158844
-0.9556005001068115,-2.4154906272888184,0.2596786916255951
-1.0009366273880005,-2.512840509414673,0.24665850400924683
-0.9752878546714783,-2.4290268421173096,0.26357996463775635
-0.8956095576286316,-2.190500497817993,0.23874811828136444
-0.8008455038070679,-1.836850643157959,0.16738297045230865
-0.716399073600769,-1.432201623916626,0.0942901074886322
-0.6686502695083618,-1.0270830392837524,0.022271737456321716
-0.656093418598175,-0.6681368947029114,-0.041993800550699234
-0.6772269606590271,-0.4166414737701416,-0.10018892586231232
-0.7177717089653015,-0.330124169588089,-0.13978295028209686
-0.7602770924568176,-0.39919087290763855,-0.14332841336727142
-0.8244624733924866,-0.5913475155830383,-0.12175068259239197
-0.9024971127510071,-0.8921267986297607,-0.09316814690828323
-1.100581407546997,-1.4892253875732422,-0.1059369370341301
-1.4186084270477295,-2.147500514984131,-0.12932492792606354
-1.6826720237731934,-2.6057255268096924,-0.12400978803634644
-1.76419997215271,-2.611729621887207,-0.055407505482435226
-1.651662826538086,-2.290131092071533,-0.009466912597417831
-1.4980158805847168,-1.8862755298614502,0.00792869832366705
-1.3520056009292603,-1.763771414756775,-0.0057373130694031715
-1.2347965240478516,-1.7703502178192139,-0.05285981670022011
-1.0945876836776733,-1.8524901866912842,-0.10447081178426743
-0.8980649709701538,-1.8876181840896606,-0.11168568581342697
-0.7122705578804016,-1.8511368036270142,-0.11756355315446854
-0.5307708978652954,-1.7814842462539673,-0.07787856459617615
-0.34472405910491943,-1.6413064002990723,-0.03608477860689163
-0.17701545357704163,-1.4630354642868042,-0.0018849419429898262
-0.047563716769218445,-1.2437435388565063,0.014877259731292725
0.035269297659397125,-0.9812707901000977,-0.004338567610830069
0.054472554475069046,-0.7699186205863953,0.019319623708724976
0.013025283813476562,-0.6546239256858826,0.046624377369880676
-0.038230445235967636,-0.51479172706604,0.06259028613567352
-0.006616049911826849,-0.42606425285339355,0.05506409332156181
-0.04154766723513603,-0.3857879340648651,-0.013147983700037003
-0.1614072322845459,-0.4555523693561554,-0.07418753206729889
-0.25330841541290283,-0.4042404592037201,-0.16099299490451813
-0.2887883186340332,-0.18883010745048523,-0.22443807125091553
-0.3476921021938324,0.1926751732826233,-0.2817378342151642
-0.3329498767852783,0.47386640310287476,-0.20363399386405945
-0.35117843747138977,0.6999967694282532,-0.20344384014606476
-0.38364413380622864,0.816484808921814,-0.2541685998439789
-0.6583936810493469,0.3707424998283386,-0.30881237983703613
-0.8556376099586487,-0.2739901840686798,-0.2740738093852997
-0.8729808926582336,-0.3711417615413666,-0.3024337887763977
-0.7698513865470886,-0.0445624478161335,-0.3348720669746399
-0.6732955574989319,0.2952180504798889,-0.4111042618751526
-0.5093015432357788,0.335044264793396,-0.45665618777275085
-0.21082937717437744,0.11477929353713989,-0.38216304779052734
0.11636103689670563,0.09249825775623322,-0.35793253779411316
0.4323597550392151,0.14368528127670288,-0.319767028093338
0.5734612345695496,0.0539061538875103,-0.2385496199131012
0.50497967004776,-0.10673411935567856,-0.17939601838588715
0.14051057398319244,-0.366794228553772,-0.11629961431026459
-0.4428631067276001,-0.833476722240448,-0.10245144367218018
-0.4202665090560913,-0.8946660757064819,-0.2652812898159027
-0.36024871468544006,-0.7198644280433655,-0.4535526633262634
-0.16405144333839417,-0.02473621442914009,-0.5298478603363037
0.17608961462974548,0.427188903093338,-0.5254190564155579
0.5254038572311401,0.8438031077384949,-0.4456714391708374
0.9336960315704346,1.4083095788955688,-0.32492130994796753
1.2269082069396973,1.7283607721328735,-0.22683385014533997
1.2401611804962158,1.7480701208114624,-0.19094642996788025
0.9637863636016846,1.4362590312957764,-0.20573768019676208
0.5856715440750122,0.9079688191413879,-0.22964514791965485
0.2732449471950531,0.48375335335731506,-0.22416909039020538
0.11274418979883194,0.20366232097148895,-0.16155657172203064
0.12601543962955475,0.07277026772499084,-0.0568457692861557
0.26434722542762756,0.09354425221681595,0.06873451918363571
0.441723108291626,0.21278837323188782,0.20101869106292725
0.5970188975334167,0.37281426787376404,0.29626932740211487
0.6902908086776733,0.5205528140068054,0.34739428758621216
0.702724039554596,0.6072866320610046,0.35816410183906555
0.6300894618034363,0.60240238904953,0.33785387873649597
0.5355067849159241,0.5583664774894714,0.2558865547180176
0.4335682988166809,0.48244866728782654,0.20115073025226593
0.33693069219589233,0.43629637360572815,0.22046689689159393
0.2737865746021271,0.39758116006851196,0.24516893923282623
0.27208054065704346,0.36538195610046387,0.24065275490283966
0.28777453303337097,0.3499070703983307,0.2533293068408966
0.31247857213020325,0.3830360174179077,0.30314159393310547
0.351777583360672,0.42537638545036316,0.3365350365638733
0.4013350307941437,0.4700775444507599,0.33111628890037537
0.4446515142917633,0.5436009764671326,0.32433226704597473
0.44917142391204834,0.5731447339057922,0.3162761926651001
0.39458781480789185,0.5806838870048523,0.3061618208885193
0.28279390931129456,0.5873883962631226,0.3295707404613495
0.1472642868757248,0.5600858330726624,0.3499421179294586
0.03667226433753967,0.5451564192771912,0.37916019558906555
-0.03742372989654541,0.5157778859138489,0.42667779326438904
-0.05301946774125099,0.4547659456729889,0.46091434359550476
-0.02392072044312954,0.3655843734741211,0.4566587805747986
-0.00963605660945177,0.25704512000083923,0.43437477946281433
-0.05208073556423187,0.1534302830696106,0.4141998887062073
-0.16030041873455048,0.08574631065130234,0.43411126732826233
-0.2681467533111572,0.06362660974264145,0.4411410689353943
-0.3213420510292053,0.10584942996501923,0.4181270897388458
-0.312367707490921,0.16379743814468384,0.37852272391319275
-0.2864927053451538,0.23240739107131958,0.3403005003929138
-0.2508402168750763,0.32709363102912903,0.28050217032432556
-0.21073168516159058,0.35677722096443176,0.16709491610527039
-0.21313147246837616,0.35701850056648254,0.06229675933718681
-0.25642967224121094,0.335320383310318,0.007042291108518839
-0.3031899034976959,0.2724219262599945,-0.028011085465550423
-0.31890732049942017,0.2566014230251312,-0.025547394528985023
-0.30331704020500183,0.24943102896213531,-0.021035628393292427
-0.2654133439064026,0.23957280814647675,0.010671433061361313
-0.230753555893898,0.20668524503707886,0.05164225399494171
-0.22180293500423431,0.1700744926929474,0.07537021487951279
-0.2497178614139557,0.15633901953697205,0.07902316749095917
-0.2644707262516022,0.13555970788002014,0.052595559507608414
-0.25829562544822693,0.12687893211841583,0.019620191305875778
-0.22681304812431335,0.09211188554763794,-0.014313275925815105
-0.1806783676147461,0.043436698615550995,-0.020482541993260384
-0.12269416451454163,0.013756302185356617,-0.019419407472014427
-0.06513713300228119,0.04393763467669487,-0.03871901333332062
-0.013433458283543587,0.11317582428455353,-0.11882317066192627
-0.026063313707709312,0.18991178274154663,-0.19127239286899567
-0.05131194368004799,0.2549358010292053,-0.26392263174057007
-0.05529402196407318,0.2593142092227936,-0.29561904072761536
-0.04547548294067383,0.2151765674352646,-0.26935067772865295
-0.03324952349066734,0.1684206873178482,-0.2520196735858917
-0.03171314671635628,0.13927797973155975,-0.25328361988067627
-0.026905087754130363,0.10723827034235,-0.26113662123680115
-0.012750653550028801,0.08538011461496353,-0.27859604358673096
-0.0010013249702751637,0.07649046927690506,-0.2826181948184967
0.0016788803040981293,0.07309786975383759,-0.2789265215396881
0.0005512636271305382,0.09135433286428452,-0.2672458291053772
0.012828435748815536,0.14202602207660675,-0.2465173900127411
0.031581126153469086,0.19191402196884155,-0.2353399395942688
0.060872968286275864,0.21199744939804077,-0.2322504073381424
0.0769033282995224,0.20652519166469574,-0.23802147805690765
0.08401823043823242,0.19190096855163574,-0.23343737423419952
0.08634268492460251,0.16420680284500122,-0.20374536514282227
0.07181647419929504,0.12224843353033066,-0.18572695553302765
0.05640089511871338,0.0869283601641655,-0.17801401019096375
0.04894883930683136,0.08611050248146057,-0.18874947726726532
0.06291920691728592,0.10948207974433899,-0.19708527624607086
0.10908456891775131,0.14192630350589752,-0.18549972772598267
0.18712864816188812,0.18632005155086517,-0.16635927557945251
0.2847752869129181,0.2320782095193863,-0.14936137199401855
0.384609192609787,0.27083784341812134,-0.14348803460597992
0.4680500030517578,0.2940118610858917,-0.15307489037513733
0.5367594957351685,0.3120211362838745,-0.1725194752216339
0.5958779454231262,0.31535807251930237,-0.17607533931732178
0.6303947567939758,0.32248908281326294,-0.16147646307945251
0.6482858657836914,0.34661412239074707,-0.14068304002285004
0.6478819251060486,0.37561285495758057,-0.11435028910636902
0.6236346960067749,0.3940262198448181,-0.09786691516637802
0.568867027759552,0.4002971649169922,-0.09470564126968384
0.5011465549468994,0.38477200269699097,-0.11335069686174393
0.45305928587913513,0.3726043105125427,-0.14872483909130096
0.4282793700695038,0.378109335899353,-0.1816907674074173
0.42621910572052,0.3925638794898987,-0.20789478719234467
0.44032320380210876,0.3855381906032562,-0.2260679304599762
0.4710128605365753,0.3549695611000061,-0.24445438385009766
0.49399301409721375,0.31983232498168945,-0.2757715582847595
0.5209451913833618,0.2795141339302063,-0.31560802459716797
0.5487059950828552,0.229261115193367,-0.35262277722358704
0.5521276593208313,0.1852893978357315,-0.3930550515651703
0.5331912636756897,0.14277416467666626,-0.4259922206401825
0.5013763904571533,0.09629994630813599,-0.45223549008369446
0.4682519733905792,0.05545903369784355,-0.46590015292167664
0.44920891523361206,0.02013019099831581,-0.47791925072669983
0.459116131067276,0.0010771381203085184,-0.4826743006706238
0.4819386601448059,0.01065229531377554,-0.4948771297931671
0.5111295580863953,0.036172568798065186,-0.5067892074584961
0.5518069863319397,0.07532346248626709,-0.5187872052192688
0.5889500975608826,0.1272287368774414,-0.5144835710525513
0.594354510307312,0.1555538773536682,-0.4787062406539917
0.5305038690567017,0.16181497275829315,-0.4347230792045593
0.40948793292045593,0.14776010811328888,-0.38496461510658264
0.2697012722492218,0.13637588918209076,-0.32497426867485046
0.13957712054252625,0.12850017845630646,-0.27117931842803955
0.033233899623155594,0.10826174914836884,-0.2299831360578537
-0.05146287754178047,0.08928752690553665,-0.216230571269989
-0.12412749230861664,0.06929410994052887,-0.22752609848976135
-0.18196703493595123,0.05292452499270439,-0.24530616402626038
-0.22650893032550812,0.036891233175992966,-0.26281753182411194
-0.264157235622406,0.03778977319598198,-0.2553478479385376
-0.28122836351394653,0.05578448623418808,-0.23319140076637268
-0.29424038529396057,0.0775405541062355,-0.2045944780111313
-0.30702170729637146,0.1031375303864479,-0.19068105518817902
-0.3337186872959137,0.1355302482843399,-0.1929054856300354
-0.37769973278045654,0.1564485877752304,-0.21821138262748718
-0.4471433460712433,0.14095287024974823,-0.27407220005989075
-0.5166409611701965,0.09255364537239075,-0.33721786737442017
-0.616557776927948,0.005393920000642538,-0.3865927457809448
-0.21855922043323517,-0.5022924542427063,-0.36589518189430237
0.12973853945732117,-0.08164593577384949,-0.2900073230266571
0.3240997791290283,-0.5236454606056213,-0.2582555413246155
0.38347697257995605,-0.6920042037963867,-0.15186800062656403
0.28942957520484924,-0.7046512961387634,-0.10286024212837219
0.1548628807067871,-0.505469024181366,-0.08408153802156448
-0.06456933170557022,-0.2003764808177948,-0.03251315653324127
-0.2537054717540741,-0.06081783026456833,-0.03094828501343727
-0.38689494132995605,0.04236475005745888,-0.11952156573534012
-0.48078179359436035,0.1898159682750702,-0.18773183226585388
-0.39479976892471313,0.26067015528678894,-0.20955750346183777
-0.1326679140329361,0.31770482659339905,-0.19344685971736908
0.0912296324968338,0.4751085638999939,-0.21167726814746857
0.23069210350513458,0.5717662572860718,-0.27733856439590454
0.37187719345092773,0.5672228932380676,-0.34496527910232544
0.4778060019016266,0.558838963508606,-0.35924434661865234
0.567634642124176,0.5309609770774841,-0.27713295817375183
0.5678837299346924,0.46562305092811584,-0.15502245724201202
0.4837917387485504,0.414424329996109,-0.05024091526865959
0.413969486951828,0.40310773253440857,0.019632812589406967
0.4612555205821991,0.45261135697364807,0.06002870947122574
0.5860182642936707,0.5587751269340515,0.0928553119301796
0.6785535216331482,0.6367269158363342,0.07813122123479843
0.6967249512672424,0.5844314694404602,0.008482263423502445
0.7388260960578918,0.34498846530914307,-0.03728895261883736
0.8219093084335327,0.123539999127388,-0.10988922417163849
0.9876420497894287,0.08223463594913483,-0.27192527055740356
1.2573292255401611,0.24620625376701355,-0.44836917519569397
1.5512607097625732,0.7047852277755737,-0.8808851838111877
1.75593101978302,2.474713087081909,-0.985592246055603
1.8385422229766846,3.3877851963043213,-1.2026095390319824
2.0403149127960205,3.276951551437378,-1.163437843322754
2.1213765144348145,2.6184353828430176,-1.1394240856170654
2.1285462379455566,1.8703782558441162,-1.1555479764938354
2.0927486419677734,1.4264549016952515,-1.206042766571045
2.058472156524658,1.4654356241226196,-1.301393985748291
2.033220052719116,1.8375396728515625,-1.4252890348434448
2.0000064373016357,2.302325487136841,-1.4720735549926758
1.8718109130859375,2.620192289352417,-1.3977724313735962
1.663281798362732,2.6673903465270996,-1.1787859201431274
1.516689658164978,2.545130968093872,-0.8953986763954163
1.4119651317596436,2.326878070831299,-0.7062695622444153
1.3617043495178223,2.1425514221191406,-0.6361360549926758
1.3052525520324707,2.067180871963501,-0.6547671556472778
1.274160623550415,2.1138253211975098,-0.7199360728263855
1.2746601104736328,2.221442699432373,-0.777080237865448
1.2340620756149292,2.2685694694519043,-0.8007737994194031
1.1458195447921753,2.306124448776245,-0.8151000142097473
1.0150644779205322,2.3344411849975586,-0.7841476798057556
0.851547122001648,2.3172030448913574,-0.6785137057304382
0.6840848922729492,2.2452046871185303,-0.47820886969566345
0.5389189124107361,2.102421998977661,-0.2642604410648346
0.4564272463321686,1.8896355628967285,-0.09464289993047714
0.46967941522598267,1.6643420457839966,-0.054494570940732956
0.5538662075996399,1.471238374710083,-0.14014528691768646
0.669523298740387,1.2974756956100464,-0.23720967769622803
0.765994668006897,1.140131950378418,-0.2877485156059265
0.8168028593063354,0.9830785989761353,-0.2876944839954376
0.8309133648872375,0.8168949484825134,-0.2868417501449585
0.8529238700866699,0.6527590155601501,-0.32410478591918945
0.868611752986908,0.5069693326950073,-0.4010933041572571
0.874692976474762,0.4064874053001404,-0.4668126702308655
0.8507434725761414,0.3705155551433563,-0.5297852754592896
0.7568531036376953,0.4077129065990448,-0.5667040348052979
0.5952690243721008,0.5400575995445251,-0.5164773464202881
0.42515212297439575,0.7560956478118896,-0.3849859833717346
0.31914180517196655,1.0328006744384766,-0.2530178427696228
0.3243459463119507,1.3123983144760132,-0.1641276478767395
0.4462111294269562,1.5352721214294434,-0.12728281319141388
0.5824505090713501,1.610660195350647,-0.1065482348203659
0.6952800750732422,1.525335669517517,-0.12258739024400711
0.7934513688087463,1.288137435913086,-0.18051615357398987
0.9063313007354736,0.9245474934577942,-0.24839505553245544
1.019118309020996,0.49073007702827454,-0.3263709545135498
1.092407464981079,0.0974152609705925,-0.41656607389450073
1.1414220333099365,-0.09668474644422531,-0.5022827982902527
1.1549793481826782,-0.016206951811909676,-0.5629727840423584
1.0700056552886963,0.22824938595294952,-0.5280541181564331
0.9274863600730896,0.4805045425891876,-0.3461077809333801
0.7129160165786743,0.6511061787605286,-0.10735629498958588
0.47464755177497864,0.6887507438659668,0.0991944819688797
0.3372840881347656,0.6382689476013184,0.20487461984157562
0.6081240773200989,2.372760057449341,-0.04756348207592964
0.7572594285011292,1.992276668548584,-0.05953710898756981
0.6548284292221069,1.8042939901351929,-0.07984104752540588
0.19291679561138153,2.069615125656128,-0.06131039932370186
0.1428259313106537,-0.8253788352012634,0.04396382346749306
0.026507342234253883,0.3816523551940918,-0.03305617719888687
-0.04790776968002319,0.22621160745620728,0.006389498710632324
-0.009564226493239403,0.11405377835035324,0.017520710825920105
-0.00882226973772049,0.036929432302713394,0.021329564973711967
0.012496688403189182,-0.004692472983151674,0.028544601052999496
0.04722404479980469,-0.0029771309345960617,0.019615821540355682
0.04431210458278656,-0.00308822700753808,0.009515037760138512
0.04862615838646889,-0.0018754234770312905,-0.013725037686526775
0.04178455471992493,-0.0036237253807485104,-0.028966255486011505
0.05679945647716522,0.0006945903296582401,-0.03689102083444595
0.0612424835562706,-0.00013223735732026398,-0.042413994669914246
0.05950770154595375,-0.0010057541076093912,-0.048600517213344574
0.06843657046556473,1.5097932191565633e-05,-0.05681215971708298
0.06984831392765045,0.0011919487733393908,-0.06039198115468025
0.10557946562767029,-0.0076640634797513485,-0.08974236249923706
0.06900867074728012,-0.0006008275086060166,-0.053898610174655914
0.08734558522701263,0.01611289195716381,-0.036003656685352325
0.08571626245975494,-0.003015263471752405,-0.07071290910243988
0.07542534172534943,-0.0031760409474372864,-0.028324751183390617
0.09359076619148254,-0.008754298090934753,-0.0022801021113991737
0.36400988698005676,-0.14602944254875183,-0.01665867120027542
0.7125710844993591,-0.010018620640039444,-0.00774080865085125
1.1112310886383057,-0.04410791024565697,0.04280886426568031
1.115970253944397,-0.05984692648053169,0.0882977843284607
0.4919052720069885,-0.13330380618572235,0.14034926891326904
-0.030049776658415794,0.05286634340882301,0.06256978213787079
0.01855459250509739,0.0224603321403265,-0.013064466416835785
0.020764483138918877,0.0137043921276927,0.027421442791819572
0.021294403821229935,0.011758362874388695,0.04292519390583038
0.021416377276182175,0.009617714211344719,0.031067999079823494
0.015042543411254883,0.009606681764125824,0.019304070621728897
0.017103297635912895,0.010771814733743668,0.015849415212869644
0.016672737896442413,0.008016600273549557,0.014464415609836578
0.013512630946934223,0.006661584600806236,0.008183350786566734
0.0015524394111707807,0.007175385486334562,-0.0008024736307561398
0.00200251373462379,0.006820119917392731,0.0002489425241947174
-0.0007163373520597816,0.008227298967540264,-0.014322543516755104
-0.00017278618179261684,0.0013784479815512896,-0.03577696904540062
-0.0006835981621406972,0.0012210339773446321,-0.05862433463335037
-0.0006841307622380555,0.001401596236974001,-0.07467254996299744
0.00079702353104949,0.00036151104723103344,-0.10821947455406189
0.0035179750993847847,0.00010478231706656516,-0.13356132805347443
-0.0006439111893996596,0.00100745540112257,-0.11364210397005081
-0.001058298978023231,0.002686046063899994,0.045273248106241226
0.0007363533368334174,0.0006784913130104542,0.08183173090219498
0.0014237151481211185,0.0010723728919401765,0.10391972959041595
0.0010266549652442336,0.0005355008761398494,0.14303556084632874
0.0006423608283512294,-0.0010658579412847757,0.18402186036109924
-0.0007202528649941087,0.0012530367821455002,0.1506410539150238
0.004081693012267351,0.001303104218095541,0.044967349618673325
9.265044354833663e-05,-0.00041449128184467554,0.00010827230289578438
0.0006058415747247636,-7.280769932549447e-05,0.00030747661367058754
-0.0008897442021407187,-0.0012067249044775963,0.0008050627075135708
-0.0021147984080016613,0.0006404436426237226,-0.000379777979105711
-0.0006932650576345623,-0.0020773904398083687,-3.697769716382027e-05
-0.00021895603276789188,-0.001477113924920559,0.001246666070073843
0.0008613858371973038,-0.001557343639433384,-0.0008826879784464836
-0.0027541215531527996,3.762351116165519e-05,-0.0029053587932139635
0.0009417349356226623,-0.003639494301751256,0.001901273149996996
-0.0009416525717824697,-0.0016567709390074015,-0.0002441694959998131
0.0005097354296594858,-0.0026475093327462673,0.00031967461109161377
0.0007510178256779909,0.00021778576774522662,0.0017742929048836231
-0.0010138065554201603,0.001169663155451417,0.0008222670294344425
0.00036624359199777246,-0.002921484876424074,0.001489921472966671
-0.0005925121949985623,-0.0006751297041773796,-0.0004479009658098221
0.0020176521502435207,-0.0013893893919885159,-0.001064156647771597
-0.0016865963116288185,0.002319257939234376,0.001133748795837164
0.00041943148244172335,0.00021589317475445569,-0.002088143490254879
-0.0020042061805725098,-1.2212622095830739e-05,-0.0011213072575628757
0.0016336719272658229,0.00036062992876395583,0.0002803145907819271
0.0019439002498984337,-0.0015925675397738814,0.0008731330744922161
-0.0004915606114082038,-0.0009382287971675396,-0.002121591242030263
0.0015478185378015041,-0.0004996911156922579,-0.0014085578732192516
0.0007374185952357948,-0.0006882429006509483,9.985687211155891e-05
-0.001995465252548456,0.0005453969934023917,0.0017265696078538895
0.000732676824554801,0.00020477871294133365,0.0008647707290947437
0.002936957636848092,0.000926207925658673,-0.0008711842820048332
0.0017641016747802496,-0.0017270995303988457,-0.0003987392410635948
0.0012210151180624962,-0.0006944108754396439,0.00092735281214118
-0.001013376982882619,-0.0015508835203945637,0.001180086750537157
-0.0009863214800134301,-0.00029208281193859875,4.494376480579376e-05
0.0010153104085475206,0.0003673158644232899,0.00187373673543334
0.0007155694183893502,0.00019617867656052113,0.0015806807205080986
-0.0019438632298260927,-0.00047467160038650036,-0.0009975251741707325
0.0008398789213970304,-0.0016180452657863498,-0.0020670006051659584
0.0012779689859598875,0.0011367285624146461,0.002672893460839987
-0.001947800861671567,-0.00044930068543180823,-0.001062505878508091
-0.00022127339616417885,-0.0017334769945591688,-0.0008643665350973606
0.0012258144561201334,-0.0013324972242116928,-0.0009297220967710018
0.0005677472800016403,-0.002279250882565975,0.0018684612587094307
0.001593780005350709,-0.00025343208108097315,0.0010079429484903812
-0.00297300866805017,0.0001897179172374308,0.00016691675409674644
2.206559292972088e-05,-0.000862715533003211,-0.0006447639316320419
-0.002572119701653719,0.0002992216614075005,-0.0037465477362275124
0.0002528597542550415,-0.0007373493863269687,0.00017959345132112503
-0.0007799141458235681,0.0003039466100744903,-0.0015812884084880352
-0.0002844987320713699,0.001248465385288,-0.0001344475895166397
0.002317942213267088,-0.0008535676752217114,0.0013404111377894878
-0.0010072776349261403,0.00025459288735873997,-0.0015017674304544926
0.001132838660851121,-0.0028027158696204424,-0.001712423749268055
-0.00010074145393446088,-1.043954398483038e-06,-0.00086979940533638
0.003207969944924116,-0.000709178508259356,0.00015738187357783318
-0.001516228774562478,0.0005899309180676937,-1.4019664376974106e-05
-0.001566562568768859,-0.0003922429168596864,0.0007979781366884708
0.003119516419246793,0.0012922683963552117,0.0011738571338355541
-0.00033913087099790573,8.292697020806372e-05,-0.0033428638707846403
0.0017024014377966523,0.0002513132058084011,0.002211477607488632
-1.933216117322445e-05,-0.0010901209898293018,0.0011379579082131386
7.279744022525847e-05,1.845270162448287e-06,0.0017860648222267628
0.001733544748276472,-0.0005089490441605449,0.0007181372493505478
0.0004466825630515814,-0.0028255789075046778,0.0013712509535253048
0.00011778215412050486,-0.001787745044566691,0.002985925879329443
0.0008909779135137796,-0.0008979555568657815,-0.002080258447676897
0.002272625919431448,-0.0013826509239152074,-0.00011351378634572029
0.0021405224688351154,-0.00230539427138865,-0.0009369491599500179
0.0007892345311120152,-0.0010664917062968016,0.00023084692656993866
-0.000578221632167697,0.0008840709924697876,0.0003235745243728161
-0.0004447972169145942,-0.003039031522348523,0.0007054717279970646
-6.590370321646333e-05,-0.0007766718044877052,-0.0003625662066042423
0.002511237282305956,0.0013045886298641562,0.0006073568947613239
-0.000802869675680995,-0.0008747003739699721,-0.0013192449696362019
-0.0002207026700489223,-0.0006762949051335454,0.001651777420192957
0.0005843686521984637,0.001181601663120091,0.002320169471204281
0.002051504096016288,0.0006718726363033056,-0.0019456823356449604
0.0005171883967705071,-0.0002551401557866484,-0.0005305605009198189
0.0006333022611215711,-0.002278609899803996,-0.00035186251625418663
7.556792115792632e-05,0.0011640475131571293,-0.0009228293783962727
0.0009323068661615252,-0.0015369304455816746,0.0011762743815779686
0.00030620137113146484,0.0012150534894317389,0.0030397875234484673
0.0006351017509587109,0.0005564537132158875,0.0017201914452016354
-0.0003650339785963297,-0.0004076276964042336,0.0001495140604674816
0.0011055635986849666,-0.00036741397343575954,-0.0005362494848668575
0.0004882645735051483,-0.001588747720234096,-0.0017074337229132652
0.001000923104584217,-0.00020363760995678604,-0.0010738675482571125
-0.0015954740811139345,-0.0007576538482680917,0.0030130967497825623
0.002242407528683543,-0.0006764273857697845,0.001234638039022684
0.0007219965918920934,0.0001316482957918197,0.0007806289941072464
0.00048098049592226744,-0.0003615691384766251,-0.0009552193805575371
0.0005588572821579874,0.0007285980973392725,0.0006598271429538727
9.813040378503501e-05,-0.0024887665640562773,0.0006534354761242867
0.0011474722996354103,0.000696960196364671,3.865361213684082e-05
0.00020657744607888162,-0.0011880251113325357,-9.849900379776955e-05
0.0017565016169101,0.00087481684749946,-0.00039894552901387215
0.0018611638806760311,0.0010718908160924911,0.00033395644277334213
0.002002798020839691,-0.0014601238071918488,0.0012132786214351654
-0.002028961665928364,-0.0005826122942380607,-0.0027441787533462048
-0.0002820882364176214,-0.0005403360119089484,-0.0011795759201049805
0.0005978201515972614,-0.0007986626587808132,0.0006268462166190147
0.0007266519824042916,-0.0011821107473224401,-0.00017349235713481903
0.002516562584787607,-0.0002478738024365157,0.0018923217430710793
-0.00024940952425822616,-0.00017044696141965687,0.0017991364002227783
0.0005058629321865737,-6.0192091041244566e-05,0.0006180242635309696
-0.0020024965051561594,0.00016079642227850854,-0.0004599131643772125
0.0011818453203886747,-0.0005832907627336681,0.0011558267287909985
-0.0018631360726431012,0.000512078171595931,0.0003404994495213032
0.0011238654842600226,0.00026413792511448264,-0.0008832230232656002
0.00023454983602277935,0.0002540505665820092,0.0010244767181575298
-0.0004829057725146413,-0.00033663856447674334,-0.0002647596411406994
0.0017436598427593708,0.00016434038116130978,0.0006877966225147247
-0.0003631669678725302,0.000894579105079174,-0.00024377740919589996
0.0007647656602784991,0.00024265600950457156,-0.00048137130215764046
-0.0010837344452738762,0.0021308371797204018,0.002807099837809801
0.0021366411820054054,-0.00201730546541512,0.00025698449462652206
-0.0005435642669908702,0.0004985828418284655,-0.00011186348274350166
-0.0018873116932809353,-0.0031878347508609295,-0.0007404736243188381
0.0001550666056573391,-0.0013875379227101803,-5.657412111759186e-05
4.2360887164250016e-05,0.0005401360103860497,0.0009300969541072845
0.0017569039482623339,0.0009798238752409816,-8.933711796998978e-06
1.9387982320040464e-05,-0.0005225666100159287,-0.00020086299628019333
0.0007150056771934032,-0.0014967508614063263,0.0018180799670517445
0.00038642509025521576,-0.00021443728473968804,0.0006361077539622784
-0.0006032055825926363,0.0014010362792760134,0.0019130939617753029
0.0023418129421770573,0.000608203699812293,0.0003547738306224346
-0.000244915543589741,0.0005701205227524042,0.000833610538393259
-5.8261677622795105e-05,0.0019422611221671104,0.00041536102071404457
0.0016442971536889672,0.0012919169384986162,-0.000450698658823967
-0.0008792690932750702,0.0006486759521067142,-0.0011104075238108635
-0.0008821985684335232,0.0017887752037495375,0.00019933516159653664
0.002356457058340311,0.0007171960896812379,0.0011098291724920273
-0.0003461189044173807,-0.0011574029922485352,-0.0002715527079999447
0.001071810256689787,-0.0018315757624804974,0.002278734929859638
-0.002668333239853382,-0.0016020112670958042,0.001031843014061451
0.0002305805974174291,0.0002165583719033748,0.0005241129547357559
-0.0008181722369045019,0.001025360426865518,0.0007081376388669014
-0.00012853738735429943,-0.0005137482658028603,-0.0005980371497571468
-0.00015863109729252756,-0.00205385428853333,0.0007292823866009712
0.00048334914026781917,-8.330320997629315e-05,0.0007564998231828213
-0.0014519699616357684,0.00017342553474009037,-0.0007263482548296452
0.00043512354022823274,0.0011761737987399101,0.0008734618313610554
-0.00106183928437531,0.00042862456757575274,0.0011562895961105824
0.0013263365253806114,-0.0010480727069079876,0.0007476257160305977
0.0010970383882522583,-0.001786833512596786,-0.001202340703457594
0.0005746153183281422,-0.0003205956018064171,-0.002082685474306345
-0.0008616274571977556,0.0011196419363841414,-0.0007774699479341507
-0.0001207116583827883,0.0013055859599262476,-0.00136476568877697
-0.0001659854024183005,-0.001004439895041287,0.000554308295249939
0.000571011973079294,-0.0024634855799376965,0.00030839163810014725
-0.0009757520165294409,0.0011245914502069354,0.0016831154935061932
0.0019465195946395397,-0.0019973034504801035,0.0006849244236946106
0.0014317304594442248,-0.0007088660495355725,0.0004961062222719193
-0.0004711080400738865,0.0006525825010612607,-2.89049930870533e-05
0.0019427811494097114,-0.000432389322668314,0.0004171747714281082
-0.00045304957893677056,-0.001552203088067472,0.003508501686155796
-0.0007081804797053337,-0.0017492769984528422,0.0004613129422068596
0.002014058642089367,7.570075104013085e-05,-0.0002507786266505718
-0.0005662781186401844,-0.0014257894363254309,6.7202840000391e-05
-0.000426282174885273,0.00016524178499821573,-0.0009729992598295212
0.0018097078427672386,0.0001703018060652539,-0.0011703395284712315
0.00022208108566701412,-0.0006982536870054901,1.309392973780632e-05
0.0019845610950142145,-0.0012481964658945799,-0.0012700166553258896
-0.0005811890587210655,-0.0017410676227882504,0.0009570908732712269
-0.0015535092679783702,0.0017095902003347874,-0.00011349981650710106
-3.2611656934022903e-05,-8.272603736259043e-06,-9.109405800700188e-05
-0.0011942824348807335,0.0004548511060420424,0.0002407357096672058
0.0004957631463184953,0.0013095926260575652,0.0003082072362303734
-0.0002107734908349812,-0.001357030589133501,-0.0018825088627636433
-0.0016968074487522244,-0.0016726976027712226,-0.00013700127601623535
-0.0007625705329701304,-0.0003150181146338582,-0.0007351473905146122
0.001460569561459124,-0.0012365637812763453,0.0011417996138334274
0.0009713468607515097,-0.0015375009970739484,0.0004248768091201782
0.001357109984382987,0.0023771561682224274,0.002651839517056942
-0.001115368795581162,0.0023308172821998596,0.0014193286187946796
-0.0008756838506087661,-0.0011959430994465947,0.0012937579303979874
-0.0012578474124893546,-0.0001607724407222122,-0.002454374684020877
0.00320852966979146,0.002150394953787327,0.0008330894634127617
0.0028255670331418514,-0.0013601839309558272,0.0016871648840606213
0.0005037202499806881,-0.001047244993969798,-0.0007191356271505356
-0.0016188190784305334,-0.0012065020855516195,-0.001925281248986721
0.0008790148422122002,0.0007341931923292577,0.0001611551269888878
-0.0008666872163303196,-0.0005451893666759133,-0.00016934331506490707
-0.0010696720564737916,0.00029344239737838507,-0.0003887787461280823
-0.000327182759065181,-0.000935340125579387,-0.00017279665917158127
-9.26825450733304e-05,-0.0013672749046236277,0.0004908568225800991
-0.0016911118291318417,-0.002322816988453269,-0.0012226211838424206
0.0019593825563788414,-0.0015480754664167762,-0.0009801965206861496
-0.0016185743734240532,-0.0017336978344246745,0.00033700326457619667
-0.0017163457814604044,-0.0009955863934010267,2.3357104510068893e-05
-0.0007179267122410238,0.00023559288820251822,0.0023509603925049305
-0.0005310107371769845,0.0008169505745172501,0.0008549927733838558
0.0002498280955478549,0.000178590853465721,3.1276606023311615e-05
-0.0015598682221025229,-0.001059350441209972,-0.0001217871904373169
-8.367793634533882e-05,0.00010018983448389918,-0.001155360136181116
0.0009248714777640998,0.0002717131283134222,-0.0023802202194929123
0.0019927991088479757,-0.0018119440646842122,0.000769500620663166
0.00037928918027319014,0.0005664672353304923,0.0006174021400511265
-0.001752038486301899,0.001336120767518878,-2.8479844331741333e-06
-0.00285912468098104,-0.0003307727165520191,0.0003339978866279125
2.8807116905227304e-05,0.0019209299935027957,-0.0007272716611623764
-0.0002120730932801962,-0.001380913658067584,-0.0004349160008132458
0.0020566738676279783,-0.000708465464413166,0.00019572069868445396
0.0005529840127564967,-0.0007320160511881113,0.002165266778320074
-0.0018691611476242542,0.0011803999077528715,-0.0013455781154334545
-0.0008072234923020005,0.00016321332077495754,-1.2828968465328217e-06
0.0015275698387995362,0.0007690824568271637,-0.0011464422568678856
0.002215869491919875,0.0020540838595479727,-0.0009244140237569809
-0.0005354422610253096,0.0011137216351926327,-0.0007547708228230476
-0.0008166774641722441,0.001911153900437057,0.0002587265335023403
-0.002138404408469796,-0.0012087393552064896,-0.002488324185833335
-0.0011462566908448935,0.00011545886809471995,0.0015104901976883411
0.000999718438833952,-0.004426296334713697,-0.0018850401975214481
-0.0012692359741777182,-0.002083473838865757,-0.0018832311034202576
8.817724301479757e-05,-0.0007191363256424665,-0.0016195778734982014
-0.00030317908385768533,-0.0016870084218680859,3.246543928980827e-05
0.0014134945813566446,0.001007577870041132,-0.002419506898149848
-0.0009623661171644926,-0.0011629494838416576,0.0018999399617314339
-0.0008321376517415047,0.0005923399003222585,0.000571289099752903
-0.0010258735856041312,0.00020138462423346937,-0.0007223617285490036
0.0011829521972686052,0.002370262984186411,0.0006603514775633812
0.0012655830942094326,-0.001309111132286489,-0.0023181207943707705
-0.0006249949801713228,-0.0014326818054541945,-0.00040836818516254425
-0.001895587774924934,0.00019289669580757618,0.0013982690870761871
0.0031231390312314034,0.0022850760724395514,0.00013273535296320915
0.0020085559226572514,-0.0006188630359247327,-4.9936119467020035e-05
0.0008138618431985378,4.5595617848448455e-05,0.0003229063004255295
-0.0014099121326580644,0.0003263099060859531,-3.1134113669395447e-06
0.0014170333743095398,0.0009154011495411396,0.0003252541646361351
-0.0025396691635251045,-4.6276472858153284e-05,0.00012422027066349983
-9.435461834073067e-05,-0.001460681320168078,0.0002094414085149765
0.002113558817654848,0.00016200210666283965,0.001260892953723669
-0.0009863607119768858,-0.0010228382889181376,0.0004944354295730591
-0.0020773482974618673,-0.0005401647067628801,-0.0011408496648073196
-0.0020246177446097136,-0.00031539390329271555,0.0007388093508780003
0.00031640741508454084,0.00022654677741229534,-0.002748259110376239
-0.0018356931395828724,-0.0017564429435878992,-0.0018925853073596954
-0.0031658560037612915,-0.0004719048738479614,-0.0006566070951521397
-0.0004281265428289771,0.0006889670039527118,0.0025562304072082043
0.00012411773786880076,0.00011340627679601312,0.00014265114441514015
0.0009022933663800359,0.0009461767040193081,0.0004678233526647091
-0.00035088183358311653,-0.0009155119769275188,1.3885553926229477e-05
0.0005894803907722235,-0.0004473282606340945,0.0006053736433386803
-0.00013467698590829968,-0.0010996087221428752,-0.0007351296953856945
0.0009348485036753118,0.0013422436313703656,-0.0009202193468809128
0.00015279932995326817,0.0009559489553794265,0.002185700461268425
-0.0029159612022340298,0.0019921851344406605,0.0006727590225636959
-6.83646067045629e-05,-0.0006310057360678911,-0.0021754801273345947
-0.000616176868788898,0.0007181516848504543,-0.00042019085958600044
-1.930579310283065e-05,-5.749927368015051e-06,0.00181090971454978
0.0004342305473983288,0.0018970787059515715,-0.002017384860664606
0.0006825713207945228,0.00027494976529851556,0.00015762727707624435
0.0011369065614417195,0.0009005263564176857,-5.67571260035038e-05
-0.0012287757126614451,0.0006795353256165981,0.0011797016486525536
0.0011536881793290377,0.0008779407944530249,-9.435461834073067e-05
0.0002151423250325024,-0.0012519359588623047,0.0019071204587817192
0.0001488296256866306,-0.0002817464410327375,0.0002431771717965603
-0.001825567800551653,-0.001040264847688377,0.00041049346327781677
-0.00378778507001698,-0.0004836641892325133,0.0019042608328163624
-0.0002742968499660492,-0.001370218233205378,-0.0010481714271008968
4.022248322144151e-05,6.495925481431186e-05,0.00011642882600426674
0.0008587888441979885,-1.6239500837400556e-05,-0.0005721906200051308
-7.677963003516197e-05,0.0023600992280989885,-0.002131737768650055
0.0038400101475417614,-0.0014263972407206893,2.1657906472682953e-05
-0.0022964458912611008,-0.00010759990982478485,0.0018094377592206001
-0.0013912656577304006,-0.0018923563184216619,0.0016818754374980927
2.3938133381307125e-05,-0.001842288882471621,-0.0001658257097005844
8.643179899081588e-05,-0.00038652686635032296,0.00025912700220942497
0.0009258601348847151,-0.00028506043599918485,-0.0016769911162555218
-0.0021431988570839167,-0.0018437387188896537,-0.0005898610688745975
-0.0018177605234086514,-0.000752641586586833,-0.002910805866122246
0.0006253645988181233,0.0005055228248238564,0.0008824802935123444
-9.688467252999544e-05,0.0024371135514229536,-0.00011727027595043182
-0.00015687866834923625,0.002301777247339487,0.0002504936419427395
-0.00018137972801923752,-0.0008727106614969671,0.0009357249364256859
0.0008999604033306241,0.001076434855349362,1.6563571989536285e-06
0.00026080175302922726,0.002147824503481388,-0.0014505651779472828
-0.00022069609258323908,-0.000687868450768292,0.0001123049296438694
0.0005140700377523899,0.0005925793666392565,0.00037862081080675125
-0.0007817771402187645,0.00019418347801547498,0.0001910845749080181
-0.0008739224285818636,0.0006354692741297185,0.000478972215205431
0.00035901955561712384,0.0012472036760300398,-0.0016272268258035183
0.0030434858053922653,-0.0016276787500828505,7.719593122601509e-05
0.0007176984800025821,-0.0007125725387595594,-0.0010804124176502228
-0.0016061757924035192,-0.0010079171042889357,0.002391550689935684
0.0003358453686814755,0.0006816142704337835,0.0016646306030452251
-0.0023145326413214207,-0.00105476682074368,0.00013198144733905792
0.0012176081072539091,-0.0009274397743865848,0.001566608902066946
-0.0014956204686313868,-0.001157270628027618,-0.00031491415575146675
0.0015739293303340673,-0.001954201143234968,0.0011648130603134632
-0.0010135980555787683,0.0006865892792120576,-0.001976385246962309
0.0015418424736708403,-0.0001238423283211887,0.0011195889674127102
-0.0013562093954533339,-0.0004503458912950009,0.0005203778855502605
0.001473196316510439,0.0009094977285712957,0.0006998083554208279
-0.000900479091797024,-0.0004319364670664072,-0.0006549418903887272
-0.0009402320720255375,0.0004270265344530344,-0.0009730164892971516
-0.0007759151048958302,2.382394450251013e-05,-0.0002808612771332264
0.0012055161641910672,-0.0007232167990878224,0.00039081601426005363
-0.0010054402519017458,-0.0003506405628286302,0.0011623338796198368
0.00019272527424618602,0.00020030728774145246,0.000251151155680418
-0.0002962310682050884,-0.00018398684915155172,-0.002253551734611392
0.0013987172860652208,-0.001156401471234858,0.00032150931656360626
0.001854650559835136,-0.0007137841312214732,-0.0018313904292881489
-0.0004008388496004045,-0.001446771901100874,-0.0007045506499707699
-0.0005893906345590949,0.0009980099275708199,-0.0025003203190863132
-0.0013606944121420383,-0.0014403248205780983,-0.0003229808062314987
-0.0006203357479535043,0.00015144649660214782,0.0016666669398546219
-0.0014737669844180346,-0.0007370581151917577,-0.001935118343681097
4.876224556937814e-05,-0.0017352108843624592,0.0008100681006908417
0.0009730622987262905,0.0005632173852063715,9.452784433960915e-05
0.0006500208401121199,-0.0005395975895226002,-0.0007414384745061398
0.0008544607553631067,0.0012652823934331536,-0.0015603960491716862
0.0022779202554374933,0.0001518147182650864,0.0005211303941905499
0.0026430697180330753,-0.002333418233320117,0.0018742457032203674
0.0014635554980486631,-0.00146789092104882,-0.00028105033561587334
0.0005405761185102165,-0.00045565940672531724,0.00024017645046114922
0.0010228746104985476,-0.0019105442333966494,0.001412766519933939
-0.0007537674391642213,-0.0008815601468086243,-0.002767754253000021
-9.889615466818213e-05,-0.00034919421887025237,-5.079759284853935e-05
-0.0019047933164983988,-0.001679917797446251,-0.0011261948384344578
0.00033385990536771715,-0.0035968611482530832,-0.001095302402973175
0.0015881047584116459,-0.00018043768068309873,-0.0007410328835248947
-0.0010359077714383602,0.0007346244528889656,-0.001020132564008236
0.0012498055584728718,-0.0001077688139048405,0.002893444150686264
0.002711082110181451,0.0021718970965594053,-0.0005351090803742409
0.0009097247384488583,0.00020953474449925125,-0.0012787864543497562
0.0029901862144470215,-0.00011057720985263586,-0.0009890343062579632
-0.0015375243965536356,-0.0022972647566348314,-0.0014274748973548412
0.0004832821723539382,-0.0013217488303780556,-0.0009430460631847382
0.0002473819477017969,-0.0012080392334610224,-0.0006543300114572048
0.0019768388010561466,-0.00014437267964240164,-0.0013110656291246414
-0.0026493296027183533,0.003062439849600196,0.0005388222634792328
2.6462948881089687e-06,-0.002145904116332531,0.0012051449157297611
-0.0016882580239325762,-0.00025537642068229616,-0.0017399410717189312
0.00019406434148550034,9.562823106534779e-05,-0.0014600432477891445
0.00211686035618186,0.0018939648289233446,0.00026726769283413887
0.0006494586705230176,-0.0027543166652321815,-0.0018613971769809723
0.0007497350452467799,0.00015799724496901035,-0.0014070076867938042
-0.0013634831411764026,0.0016858527669683099,0.001983196008950472
-0.0007493722951039672,-0.00041763728950172663,-0.0001983214169740677
0.0007174967904575169,-0.003250708105042577,0.001180929597467184
-0.0016570028383284807,-0.0008455467177554965,0.0018766033463180065
0.0020064415875822306,-0.0005102547002024949,3.868713974952698e-06
0.0016364259645342827,-0.0010893912985920906,0.0024596047587692738
0.0023624037858098745,-0.0003176072204951197,0.0008880728855729103
-0.0020113836508244276,-0.0014854059554636478,-0.0021590995602309704
-0.0008704853826202452,0.00044298890861682594,-0.00021765520796179771
-0.0007704879390075803,-0.0005868148873560131,0.0014553391374647617
0.0008154244278557599,-0.0002701650373637676,0.0004396094009280205
0.0009063950856216252,-0.0003635762841440737,0.000744133722037077
0.0007037285249680281,-0.000575563870370388,0.0006149704568088055
-0.0004725573235191405,0.0013348612701520324,-0.0006397725082933903
-0.00155087118037045,-0.0004545165575109422,0.0007328209467232227
8.31127108540386e-05,-2.270044933538884e-05,-1.7502810806035995e-05
-0.0008870768360793591,-0.0016919698100537062,1.6052741557359695e-05
-0.0009782840497791767,0.0013903352664783597,0.0016794302500784397
6.540876347571611e-05,-0.0005593649111688137,-2.9520131647586823e-05
-0.00013211241457611322,0.0023570663761347532,7.699942216277122e-05
0.002948366105556488,-0.0002943767176475376,0.001754791010171175
0.0012992818374186754,0.0008368142880499363,8.515035733580589e-05
-0.0020792041905224323,-0.0016114297322928905,0.0012289779260754585
-0.0007917837938293815,-0.00016539917851332575,0.0001951572485268116
0.0010553847532719374,0.0004330130759626627,-0.00026663485914468765
0.000423857185523957,-0.00014012109022587538,-0.0004838458262383938
0.00013090946595184505,0.0025613894686102867,-0.0009530945681035519
-0.00017795659368857741,0.00027242948999628425,-0.00014140643179416656
-0.0012458841083571315,-0.0010676732053980231,-0.001929186750203371
0.0002753956359811127,0.0010416657896712422,-0.0011855396442115307
-0.0005983875598758459,-0.0008976481622084975,0.0004017045721411705
0.003564010374248028,-0.0008366386173292994,-0.0006875079125165939
0.002414323855191469,0.0011064036516472697,-0.0010305228643119335
-0.0010447259992361069,0.00041029512067325413,0.0008827918209135532
0.0016754267271608114,0.00030856236116960645,0.002212507650256157
-1.1420983355492353e-05,-0.001925472286529839,-0.0018324502743780613
-0.0015059870202094316,-0.0002809703291859478,0.0015891790390014648
-0.0018150712130591273,0.0034552498254925013,-0.0005351384170353413
-0.0029932535253465176,0.0002895503130275756,0.00038631539791822433
-8.938368409872055e-06,-0.0018984319176524878,0.0006962432526051998
0.0011482051340863109,-0.0001508655841462314,-0.002045215107500553
0.00024319469230249524,-0.0006750667816959321,-0.000134976115077734
0.004853925667703152,0.0006115062860772014,-0.0025842853356152773
0.0011696116998791695,-0.00047279964201152325,-0.0007642423734068871
0.0017198207788169384,0.0005029825260862708,0.00012498721480369568
-0.0006563976057805121,-0.000515088380780071,0.002529110759496689
-0.0018074156250804663,0.0015105119673535228,0.003446836955845356
0.001161698717623949,-0.0019233099883422256,0.004902389366179705
0.0002136133552994579,0.0005307929241098464,0.004270154517143965
-0.0010271097999066114,-0.0009916896233335137,0.0022874344140291214
-0.0010966183617711067,-0.0021038257982581854,-0.005088722798973322
0.0018459551502019167,8.038213127292693e-05,-0.005703019443899393
-0.0008427721331827343,-0.0010264276061207056,-0.004767184611409903
0.001017394126392901,-0.0004751041124109179,-0.0032637217082083225
-0.0016968996496871114,-7.323311001528054e-05,0.0031246691942214966
-0.0005804336979053915,0.0015109495725482702,0.006484577432274818
-0.001492033712565899,0.0003953512932639569,0.00553010031580925
-0.0008740474004298449,-0.0001584433630341664,0.005623576231300831
-0.0016399725573137403,0.0014567638281732798,-8.464325219392776e-05
0.001943063922226429,-0.0010367169743403792,-0.003167996881529689
-0.0007211624761112034,0.002558284206315875,-0.004745121113955975
0.0007502970984205604,1.797584627638571e-05,-0.006695140618830919
0.002009972231462598,0.00029521092073991895,-0.001138987485319376
-0.00029740214813500643,-0.000461668154457584,0.0037777936086058617
-0.0009107281803153455,0.0011894917115569115,0.005224955268204212
0.0005575028480961919,0.0012308007571846247,0.0021782992407679558
0.0011391371954232454,0.0002744596858974546,0.001987351104617119
0.00185677083209157,-0.0022151744924485683,-0.0014369422569870949
0.0014000387163832784,-0.0006047611823305488,-0.003532051108777523
0.0015098265139386058,6.509591912617907e-05,-0.003070578444749117
0.0017079657409340143,-0.0011602244339883327,-0.0004995628260076046
0.0010633128695189953,0.00042446391307748854,0.0010314355604350567
0.00010590653982944787,0.0009645529207773507,0.0012586028315126896
0.000993924681097269,-0.0008894388447515666,0.002584751695394516
0.001353451400063932,-0.00027797711663879454,0.0013604960404336452
-0.000488881953060627,0.001971911871805787,0.001944633200764656
0.001001156633719802,-0.0022950046695768833,-0.0013294569216668606
0.00024748319992795587,0.00040917834849096835,-0.001011581625789404
0.00044588869786821306,-0.00027445508749224246,-0.0005407347343862057
-0.0008816786576062441,6.432915688492358e-05,0.0008523650467395782
-0.0014103162102401257,-0.0021775197237730026,0.0021463949233293533
-0.0019312561489641666,0.0007351558888331056,0.0024520186707377434
0.0027668264228850603,-0.00043317285599187016,0.0018243114463984966
0.0019512337166815996,0.00023087591398507357,-0.0011315317824482918
1.4582998119294643e-05,-0.002689280081540346,-0.0027038620319217443
0.0021435311064124107,-0.001304667443037033,-0.0018151639960706234
0.00044763003825210035,-0.001988300820812583,-0.0023254258558154106
-0.000670707318931818,0.0006047466304153204,0.004113083705306053
-0.0008978750556707382,0.00030301048536784947,0.003033437766134739
-0.0007232777425087988,0.00039989277138374746,0.0010875221341848373
-0.00043405842734500766,0.0005104139563627541,0.003316587768495083
0.00013978310744278133,-0.00014105383888818324,0.0016997288912534714
-0.0007334674010053277,0.0034033472184091806,0.0003175479359924793
0.0016106747789308429,-0.00047443807125091553,-0.0024324851110577583
0.0022410450037568808,0.0003439513093326241,-0.0012529711239039898
0.0004428387328516692,0.0015255617909133434,-0.002815181389451027
-0.00035104958806186914,0.0011678992304950953,-0.0007437746971845627
0.00046405004104599357,-0.0006607263931073248,-0.00012171408161520958
-0.000668326101731509,0.0023188183549791574,0.00038242246955633163
0.0014153881929814816,-0.0016561347292736173,0.00019589578732848167
0.0007727674674242735,0.001926615834236145,-0.0007780222222208977
0.0003567430248949677,4.452593202586286e-05,-0.0008350671268999577
0.00048430843162350357,0.00043308112071827054,0.000874948687851429
0.0020872685126960278,-0.0007637358503416181,0.0004154462367296219
-0.0005908061284571886,0.0024176761507987976,-0.0007201256230473518
-0.002509166719391942,0.00021486854529939592,-8.608167991042137e-05
-0.0008175268885679543,0.0004494930326472968,-0.0002698400057852268
0.0012154746800661087,0.0004430720000527799,0.0030314158648252487
0.0017270678654313087,0.0002619770239107311,-0.0010120612569153309
0.0018859085394069552,-0.001098267501220107,-0.0001756683923304081
-0.0007005535298958421,-0.0018873622175306082,-7.260404527187347e-05
0.0011615935945883393,0.002049663569778204,-0.001974208280444145
0.0007682447321712971,0.00046881113667041063,-0.0018242723308503628
-0.000874004908837378,0.00019007836817763746,0.0009396616369485855
0.0005965926102362573,0.0012907629134133458,0.0014485917054116726
-0.0003777349484153092,-0.0003344111901242286,0.0009421133436262608
-0.0008264776552096009,0.00255858083255589,0.00311924796551466
0.0007083782111294568,0.0011061428813263774,0.0014157122932374477
0.001372570637613535,-6.697955541312695e-05,8.386559784412384e-05
-0.0008155188988894224,-0.0007498321356251836,0.0007700934074819088
0.003681494854390621,0.0012243692763149738,-0.0010144910775125027
-0.0008176332339644432,0.001615392044186592,0.0005095195956528187
0.0011333986185491085,-0.0004613409982994199,0.0006914134137332439
-0.0005239582969807088,0.0011149572674185038,-0.0010380065068602562
-8.4270432125777e-05,-0.0015063922619447112,0.0014070416800677776
-0.0011688333470374346,-0.0024039149284362793,0.002371104434132576
-0.000363759754691273,0.0014946864685043693,0.0003763963468372822
-0.002092446433380246,-0.00023098794918041676,-0.0009586522355675697
-0.0012447622139006853,-0.00040569130214862525,-0.00042415596544742584
0.0008846491691656411,0.000541584740858525,0.00047134701162576675
-0.00013986887643113732,-0.00047094907495193183,0.0012676320038735867
0.0009964557830244303,0.0018723888788372278,0.0030137025751173496
0.00098367256578058,0.000564244226552546,0.0020437794737517834
0.0004678995755966753,4.4554930354934186e-05,0.0012067570351064205
0.0005195648991502821,9.382340067531914e-05,0.00021393084898591042
-0.0008138548582792282,0.0022960463538765907,0.0004985942505300045
-0.0010170540772378445,-0.0012001515133306384,0.0016221818514168262
-0.0015700608491897583,0.00016886182129383087,0.00019962992519140244
-0.00014100864063948393,-0.0026562195271253586,-0.0008781515061855316
0.003160009626299143,-0.0010795490816235542,-0.000712056178599596
-0.00026508193695917726,-0.00027820401010103524,-0.0005578594282269478
0.0008147321059368551,-0.0005336643662303686,-0.0003376537933945656
0.0006661277147941291,0.0002940460399258882,0.0009545120410621166
0.0003692770842462778,-0.002155464142560959,0.0008558565750718117
-0.0021609924733638763,-0.0010843407362699509,0.0032124873250722885
0.001590582774952054,-0.0026929392479360104,0.00012372806668281555
-0.00039986392948776484,-0.0015379264950752258,-0.0019735111854970455
0.0002270667755510658,-0.0034951316192746162,0.00022376887500286102
5.875498754903674e-05,-0.0012024161405861378,0.0008863629773259163
-0.002451281063258648,0.0008904728456400335,0.002159071620553732
-0.0018137204460799694,0.0015203104121610522,-0.0020164987072348595
-0.000601530889980495,-0.0002948264591395855,0.001798134297132492
0.0001878300099633634,-0.0001171936237369664,0.0027992166578769684
-0.0002417557407170534,-0.000485091470181942,-0.0016103093512356281
-0.0016849227249622345,0.00015353455091826618,-0.0021224350202828646
1.072592567652464e-06,-0.00024318259966094047,-0.0007459227927029133
0.00012677378254011273,-0.00019364780746400356,-0.0020625898614525795
2.423819387331605e-05,0.00010372112592449412,-0.0009963777847588062
-0.0014655340928584337,0.002421470358967781,-0.0008014347404241562
-0.000231491110753268,-0.00013296194083523005,0.0013161548413336277
0.0010905020171776414,-0.0012845126911997795,0.00047752540558576584
0.0017190659418702126,-0.0006994050927460194,-5.175778642296791e-05
0.0018911061342805624,0.0009070136584341526,-0.0012011784128844738
0.0020638825371861458,0.0003364550357218832,-4.7076959162950516e-05
-0.0004445489030331373,-0.00235120696015656,-0.0003898255527019501
-0.00042355444747954607,-0.0004766051424667239,-0.0005099610425531864
-0.00041876075556501746,8.638711733510718e-05,-0.000369346234947443
0.0022398848086595535,0.001209818059578538,-0.0013582278043031693
0.00017939720419235528,-8.421187521889806e-05,-0.0027689042035490274
-0.0007276053656823933,-0.0013032270362600684,0.0006428388878703117
-0.00177396135404706,-0.0007261199643835425,0.001056427601724863
-0.00011542445281520486,0.0006206054240465164,0.001478554680943489
-0.0004147637519054115,-0.0005360054201446474,3.29907052218914e-05
-0.0005273129208944738,0.00110254914034158,0.0013174288906157017
-0.0015443742740899324,0.0022642200347036123,-0.00017687072977423668
-0.0013329274952411652,0.00260404241271317,0.0017694677226245403
0.0015992128755897284,0.0005406251293607056,-0.0018194080330431461
0.0004141904355492443,0.0002891256590373814,-0.0001908848062157631
0.0007609340245835483,-0.00011540848936419934,0.0007002088241279125
-0.001503819483332336,-0.000889250251930207,0.0011222721077501774
0.0013795848935842514,0.0005129040218889713,-0.00013766903430223465
0.0002457428490743041,0.0008177841082215309,-0.0007214550860226154
-0.0009971543913707137,0.0008183167665265501,-0.001106814481317997
0.0005539191770367324,0.0020090423058718443,-0.0005447147414088249
0.0003288820735178888,0.0013754761312156916,-0.0009607002139091492
0.0014121800195425749,-0.00016187672736123204,0.001757399644702673
7.527315756306052e-05,0.0005891346954740584,0.00023886514827609062
0.0007605272112414241,-5.221610626904294e-05,-4.158820956945419e-05
0.0018779896199703217,-0.001344648189842701,-0.0007784850895404816
0.00021842459682375193,0.002493583597242832,-0.0009115156717598438
-0.002099857199937105,0.00031272118212655187,-0.0009176409803330898
0.00043562037171795964,-0.0005577755509875715,-0.0019359500147402287
-0.001380655448883772,0.0013141602976247668,0.0014148391783237457
0.0010563475079834461,0.0003386838361620903,0.001534532755613327
0.00199005170725286,-0.0024304708931595087,-6.904825568199158e-06
0.0005424918490462005,0.0008964143926277757,-0.0015978268347680569
0.0011379746720194817,0.0023382497020065784,0.0013095461763441563
0.00023206803598441184,-0.0010338749270886183,0.0015644016675651073
0.0017343572108075023,-8.179490396287292e-05,0.00200302479788661
0.0019398953299969435,0.0006812745123170316,0.00021041324362158775
0.0008748971158638597,-0.0002028949820669368,0.0005214703269302845
0.0013855481520295143,-0.002186714205890894,-0.0005735196173191071
0.001976503524929285,-9.18716104933992e-05,-0.0008209273219108582
0.00041610602056607604,0.0020760484039783478,0.001993299927562475
0.0008488696767017245,-1.5192199498414993e-07,0.002754430752247572
0.0008947867318056524,0.0014444092521443963,0.0008251061663031578
-0.0013574486365541816,-0.0006885164184495807,0.0016861064359545708
-0.0007308681961148977,-0.0016204527346417308,0.0006506973877549171
0.00029950885800644755,0.00011832502787001431,-0.0017685182392597198
0.0012875183019787073,-0.0015955842100083828,-0.002048645168542862
0.0008646083297207952,-0.002338872291147709,-0.0004464876838028431
-0.0010225867154076695,-0.0013574182521551847,-0.00042749708518385887
-0.001175718498416245,-0.00018536105926614255,-0.0006128530949354172
0.0011667697690427303,-0.002224865136668086,-0.0001355544663965702
0.002242420567199588,0.0020726779475808144,0.001382713671773672
0.003168720519170165,0.0011840850347653031,-0.0019095679745078087
0.0008480420219711959,0.00029192602960392833,0.0009626513347029686
-0.0002515093656256795,0.0006732633337378502,-0.0006899922154843807
-0.0007761520682834089,-0.00046923282206989825,0.00018219323828816414
-0.0012373961508274078,-0.0009118630550801754,0.0009657843038439751
-9.146344382315874e-06,-0.0005472763441503048,-0.0009146737866103649
-0.008114924654364586,-0.00533234141767025,0.0006513539701700211
0.005899427924305201,0.0023378287442028522,0.001411153469234705
-0.004614043049514294,-0.0006836451357230544,0.0017787092365324497
-0.0014283697819337249,0.0009763031848706305,0.0025062845088541508
-0.0007687736069783568,0.0009246885892935097,9.989272803068161e-05
0.004387638997286558,0.00023732670524623245,-0.0001741466112434864
0.001830498455092311,3.929547165171243e-05,-0.0024128698278218508
0.0004331378440838307,0.0010837872978299856,-0.0017366930842399597
-0.0008482718840241432,0.0004809296515304595,-0.00018605682998895645
0.00024309151922352612,4.523648021859117e-05,0.00035642925649881363
0.0015735647175461054,0.00252155726775527,0.0010994337499141693
-0.0012528480729088187,-0.00037249975139275193,0.002664040308445692
-2.7926464099437e-05,0.0013376496499404311,0.001826189924031496
-0.0013624364510178566,-0.00022109855490271002,0.00010232534259557724
0.0013097603805363178,-1.0493349691387266e-06,-0.0006095059216022491
-0.0010260981507599354,-0.00048814149340614676,-0.002628448186442256
0.00253760046325624,0.00014387638657353818,-0.0012169401161372662
0.0009229259449057281,-0.0018809250323101878,0.000555926002562046
-0.0009341910481452942,-0.0013166989665478468,0.0008608377538621426
0.0016653203638270497,0.0021102565806359053,0.0013561858795583248
-0.0032230662181973457,-0.0012130255345255136,0.002145737875252962
-0.00018599728355184197,-0.002568041905760765,0.0027201822958886623
0.0004539902147371322,0.000980175333097577,-4.421919584274292e-06
-3.070512320846319e-05,-0.0021208093967288733,-0.003014060202986002
-0.0025540965143591166,-0.00025515654124319553,-0.002285766415297985
0.0013719354756176472,-0.002655197400599718,-0.0006769509054720402
-0.00025855499552562833,-0.0011480074608698487,-0.0007226234301924706
-7.1526155807077885e-06,-0.0003863434540107846,0.0018675671890377998
0.0032286650966852903,0.0009904960170388222,0.0016084113158285618
0.00043154697050340474,0.0014123407891020179,0.00019374024122953415
-0.0016739885322749615,0.0005160664441064,0.0011303420178592205
-0.0017291160766035318,0.00096534175099805,-0.0009570438414812088
0.00015208387048915029,0.0004629173781722784,-0.0015444066375494003
0.000176584959262982,-0.0015371165936812758,-0.0017350888811051846
0.00011890073074027896,0.0014205588959157467,-0.0013951887376606464
0.0009426164906471968,0.00060909369494766,-1.2209173291921616e-05
0.0005086618475615978,-0.0024708379060029984,0.0013093361631035805
-0.00012756732758134604,0.00031456240685656667,0.00024726754054427147
0.0010166008723899722,0.0004418306634761393,0.0037085628136992455
-0.00015519000589847565,0.0001185229339171201,0.0032571563497185707
0.001359019661322236,-0.0002044552529696375,-0.00020422786474227905
0.0010098792845383286,0.0008376396726816893,-0.0011581717990338802
-0.0013338399585336447,-0.00221544923260808,-0.0031250971369445324
0.0021748747676610947,0.00025995884789153934,-0.0004555443301796913
0.0012046427000313997,4.0579256165074185e-05,-0.00016815168783068657
-0.0006111004040576518,-0.0017663754988461733,0.002131754532456398
-0.0008146526524797082,0.0002509916666895151,0.0018661166541278362
-0.0007699115667492151,0.0006949406233616173,0.0011433344334363937
0.0020903078839182854,0.0016958510968834162,-0.0007671304047107697
0.0012812395580112934,-7.506740075768903e-06,-0.0019162846729159355
0.0030891266651451588,0.0011490455362945795,-0.005425230599939823
-0.0018782011466100812,-0.00019744875316973776,-0.0018763020634651184
0.0003430262440815568,-5.475486250361428e-05,0.0006847898475825787
-0.000641278107650578,-0.0015378693351522088,0.0012294058687984943
-0.0006583854556083679,-0.0013591477181762457,0.0005179010331630707
-0.0018658627523109317,0.00012556463479995728,-0.0007095499895513058
-0.00040113419527187943,0.0005283158970996737,0.000618557445704937
0.00183192640542984,0.0008500257390551269,-0.0030534090474247932
0.0026145854499191046,0.0015510072698816657,-0.002829441800713539
-0.001237144460901618,-0.0005001593381166458,0.0014960644766688347
-0.0021823360584676266,-0.000446587655460462,-0.0007506385445594788
-0.002233468694612384,-0.00030996749410405755,0.0003505786880850792
-0.0026702398899942636,0.0002762487274594605,-0.0011328100226819515
0.0016592610627412796,-0.00040978158358484507,0.0004203454591333866
-0.0014435681514441967,-0.00012737305951304734,0.0002541043795645237
0.0003463423636276275,-0.000657342083286494,0.00015077367424964905
-0.0001468895934522152,0.0018306539859622717,-0.0010038726031780243
-0.00033730565337464213,-0.0003060001181438565,0.00046352948993444443
0.001246095634996891,-0.00045785235124640167,-0.00017374521121382713
0.0008125330787152052,0.0022250162437558174,0.00014050770550966263
0.001214057789184153,-0.000771271821577102,0.004228363279253244
-0.0006301812245510519,0.001091076759621501,0.0026555010117590427
-0.0009637312614358962,-0.0016310163773596287,-0.0004617278464138508
-0.0021299293730407953,0.0014691692776978016,0.000899679958820343
-0.00010985793778672814,-6.282592221396044e-05,-0.00045546144247055054
0.0019109486602246761,-0.0008463279227726161,-0.0001974012702703476
0.0008965127635747194,-0.00028731394559144974,-0.0017025656998157501
0.0020515257492661476,-0.0004007646057289094,-0.00045434245839715004
-0.0006041010492481291,-0.0012949047377333045,0.00019757263362407684
-0.0009473824757151306,-9.195482562063262e-05,0.0011062431149184704
0.0003140399348922074,-0.0014070988399907947,0.0028518307954072952
0.00014812499284744263,-0.0015221474459394813,0.0015564695931971073
-6.971735274419188e-05,-0.0006890451186336577,0.0011790012940764427
-0.0019043690990656614,0.0010811580577865243,-0.0006785537116229534
-0.00046301347902044654,-0.0005760496715083718,0.0008407877758145332
0.0004025138623546809,-0.0013446379452943802,-0.0019099912606179714
5.304857040755451e-05,0.00022973578597884625,0.000914362259209156
-0.0014689478557556868,0.0018872872460633516,0.001468033529818058
-0.001659587724134326,-0.0003252793394494802,0.00022267131134867668
-0.001346932491287589,-0.0004935911274515092,0.0017771581187844276
0.00311426748521626,0.0007397861336357892,0.0019860155880451202
0.0004867928219027817,-0.0003217498306185007,0.0012001167051494122
0.0007051280117593706,-0.001458770944736898,0.00013547111302614212
-0.0012349848402664065,-0.0014955225633457303,-0.0007585524581372738
0.002587590366601944,-0.0014496248913928866,0.0007199686951935291
-0.0012814501533284783,0.00028036453295499086,-0.0004574148915708065
0.0005188727518543601,-0.0002574089157860726,0.0007854104042053223
0.0019244891591370106,-0.0004307806957513094,0.00022747833281755447
0.0009422320872545242,0.0020636834669858217,0.000139500480145216
0.003244534833356738,0.0001651157799642533,0.0018175584264099598
-0.000310831586830318,-0.0011875811032950878,-0.001308009959757328
-0.0005395971238613129,-0.000563069770578295,0.0006105313077569008
0.001720484346151352,0.0013518801424652338,-0.0028648911975324154
0.002009171061217785,0.0006099235033616424,-0.001409473828971386
0.00010468883556313813,0.0003887990314979106,-0.0019953264854848385
-0.0010210293112322688,0.0004018485196866095,0.00037142448127269745
0.0017796731553971767,0.0013468401739373803,0.00282567972317338
-0.0021804473362863064,-0.0002995259710587561,0.0018445714376866817
-0.0006601795321330428,-0.003191361203789711,0.0031929421238601208
0.0008269295794889331,0.0016260307747870684,-0.0007091211155056953
0.001990977209061384,-0.0025627107825130224,-0.0011201859451830387
0.0009856338147073984,-0.002335010562092066,-0.0006093918345868587
0.001705859787762165,-0.00047177530359476805,-0.0006873966194689274
0.0008214240078814328,-0.002074731979519129,0.00027107493951916695
0.0024670122656971216,-0.0023388895206153393,0.0008156858384609222
-0.0016933779697865248,0.00040789495687931776,0.0016380702145397663
-0.0030685579404234886,-0.0018213323783129454,0.0005566803738474846
-0.003106108633801341,-0.0031547772232443094,-0.0014625280164182186
-0.0019992217421531677,0.0018238159827888012,0.0015213037841022015
0.0007920374046079814,-5.1049384637735784e-05,-0.00022732792422175407
-0.0007213135831989348,-0.00013958357158116996,0.0005406886339187622
-0.0020896457135677338,-0.0003401195863261819,0.00027836719527840614
0.00035818020114675164,-0.00013230388867668808,0.001179827842861414
-0.0003462259192019701,0.00077077402966097,0.0008432040922343731
-0.0018687566043809056,0.0009207293041981757,-0.016493022441864014
-0.0007773931138217449,0.0027588431257754564,-0.09885074943304062
-0.006951081100851297,0.004656135104596615,-0.10271835327148438
-0.014692092314362526,0.006675876211374998,0.04771216958761215
-0.02795047126710415,0.007391355466097593,0.12825952470302582
-0.04204205796122551,0.006411312147974968,0.04697958379983902
-0.05629803240299225,0.001011128886602819,-0.010137071833014488
-0.08769670128822327,-0.0011436347849667072,-0.029802918434143066
-0.1808076798915863,-0.007339674513787031,-0.013983739539980888
-0.34333348274230957,-0.004455470945686102,0.08104796707630157
-0.34118905663490295,-0.003269789507612586,0.2243393063545227
-0.21674273908138275,-0.003930519800633192,0.42526760697364807
-0.17323920130729675,-0.004835468716919422,0.5452423095703125
-0.2601141929626465,-0.0009043769678100944,0.5472109317779541
-0.35308390855789185,0.002344307256862521,0.49492740631103516
-0.4424284100532532,0.008834430947899818,0.5276361107826233
-0.6026179790496826,0.023647066205739975,0.7189475297927856
-0.893016517162323,0.046457309275865555,0.8997050523757935
-1.3392810821533203,0.08779887855052948,1.0223088264465332
-1.8426002264022827,0.20649303495883942,1.1036367416381836
-2.266512393951416,0.21275538206100464,1.135276436805725
-2.624387264251709,0.23337224125862122,1.2417235374450684
-2.909609079360962,0.16907577216625214,1.3470022678375244
-3.0551226139068604,-0.3169439136981964,1.3936272859573364
-3.075747489929199,-1.1483738422393799,1.4044266939163208
-2.9931578636169434,-2.1132020950317383,1.4124821424484253
-2.7188940048217773,-2.276923656463623,1.297339677810669
-2.3099701404571533,-1.8332866430282593,1.012971043586731
-1.8990315198898315,-1.4440476894378662,0.7194527387619019
-1.5819206237792969,-1.5336803197860718,0.48632335662841797
-1.4219344854354858,-2.0253493785858154,0.3326835334300995
-1.361103892326355,-2.498098611831665,0.2527748644351959
-1.3510918617248535,-2.632601499557495,0.19725899398326874
-1.355568289756775,-2.451364517211914,0.14681527018547058
-1.382718563079834,-2.1594367027282715,0.0931682288646698
-1.4535112380981445,-1.9347577095031738,0.07806038111448288
-1.5037438869476318,-1.8204152584075928,0.14318351447582245
-1.5269012451171875,-1.750970721244812,0.2417295277118683
-1.5083495378494263,-1.690935730934143,0.3426947593688965
-1.4138422012329102,-1.6431682109832764,0.4829980731010437
-1.2975504398345947,-1.5349680185317993,0.5960124135017395
-1.1689519882202148,-1.384301781654358,0.6338018774986267
-1.0533089637756348,-1.2531075477600098,0.6803370118141174
-0.95166015625,-1.1575874090194702,0.7299149632453918
-0.9117197394371033,-1.078686237335205,0.8139922022819519
-0.9379779696464539,-0.9954419732093811,0.8908063173294067
-0.9908859133720398,-0.8917614221572876,0.9519171118736267
-1.0458900928497314,-0.773980975151062,1.0133157968521118
-1.051202416419983,-0.6713970899581909,1.0384241342544556
-0.9849297404289246,-0.5918694734573364,1.0479809045791626
-0.9193283915519714,-0.5080270767211914,1.060024380683899
-0.8981351852416992,-0.4141506552696228,1.0494427680969238
-0.882023811340332,-0.30900365114212036,1.027085542678833
-0.8520009517669678,-0.20475712418556213,0.9808934926986694
-0.8030245900154114,-0.1251053810119629,0.9448551535606384
-0.731776773929596,-0.08228708803653717,0.9248380661010742
-0.6736317873001099,-0.05945881828665733,0.9108073115348816
-0.6738861203193665,-0.04529239609837532,0.9051246643066406
-0.7524531483650208,-0.049208078533411026,0.9108089804649353
-0.8455625772476196,-0.05078946426510811,0.91837078332901
-0.9096879363059998,-0.053231243044137955,0.9069867134094238
-0.927891731262207,-0.033565931022167206,0.8770959377288818
-0.9236389994621277,0.016635334119200706,0.8408461213111877
-0.9177520871162415,0.09168800711631775,0.8096570372581482
-0.9028123021125793,0.1535407453775406,0.75702965259552
-0.8511339426040649,0.19876974821090698,0.6895015239715576
-0.7492720484733582,0.23663422465324402,0.6111332178115845
-0.6199724078178406,0.2619747221469879,0.5356549620628357
-0.46707698702812195,0.2881569266319275,0.47810935974121094
-0.3664712905883789,0.26352375745773315,0.4354524612426758
-0.36202457547187805,0.1978377401828766,0.40153974294662476
-0.3246167302131653,0.6983580589294434,0.3339889347553253
-0.47694236040115356,0.8948770761489868,0.22366833686828613
-0.5983814597129822,1.0130382776260376,0.1981467306613922
-0.6052515506744385,1.487592339515686,0.1502864807844162
-0.5598536729812622,0.6857227683067322,0.07983788102865219
-0.44445064663887024,-0.3102770447731018,-0.012917302548885345
-0.41089242696762085,-0.3889036774635315,-0.06336503475904465
-0.32283028960227966,0.07781706005334854,-0.02077128365635872
-0.21143721044063568,0.04997504502534866,0.04979342967271805
-0.14543311297893524,0.17095130681991577,0.10386587679386139
-0.11566323041915894,0.2675907611846924,0.1480538547039032
-0.1430184543132782,0.23756413161754608,0.18543212115764618
-0.2231559008359909,0.1251949816942215,0.22319281101226807
-0.3328758180141449,-0.01321334671229124,0.2533203959465027
-0.4449078142642975,-0.1726653277873993,0.2813560366630554
-0.536892831325531,-0.3096449673175812,0.30983299016952515
-0.6067273020744324,-0.4220026433467865,0.35079747438430786
-0.6792765855789185,-0.5163219571113586,0.37759649753570557
-0.7586949467658997,-0.6261323094367981,0.3578736484050751
-0.7027339935302734,-0.4377901554107666,0.12628234922885895
-0.5425105094909668,-0.4417302906513214,-0.11824271827936172
-0.4270120859146118,-0.3952634334564209,-0.144611194729805
-0.38538849353790283,-0.3552430272102356,-0.18199318647384644
-0.408579558134079,-0.3533460795879364,-0.15569980442523956
-0.4527866840362549,-0.41307172179222107,-0.14373528957366943
-0.5012914538383484,-0.49583134055137634,-0.15801090002059937
-0.5523727536201477,-0.49944525957107544,-0.15558288991451263
-0.5983209609985352,-0.5046536922454834,-0.1604032814502716
-0.6346842646598816,-0.5440391898155212,-0.14650104939937592
-0.7805673480033875,-0.5405413508415222,-0.0964755266904831
-0.8048452734947205,-0.5991111993789673,-0.11228085309267044
-0.6793907284736633,-0.6469240784645081,-0.24886047840118408
-0.07221615314483643,-0.55817049741745,-0.2475917488336563
0.4227963984012604,-0.3673439919948578,-0.14897510409355164
0.6397259831428528,-0.14788247644901276,-0.08090765029191971
0.7457135319709778,-0.04846067354083061,-0.01905759423971176
0.7323386073112488,-0.058765243738889694,0.0477515272796154
0.6134665608406067,-0.10806622356176376,0.11588696390390396
0.49272313714027405,-0.1486155092716217,0.03609146177768707
0.3864382207393646,-0.25426605343818665,0.0641012042760849
0.2843070328235626,-0.3527393639087677,-0.027694225311279297
0.22637048363685608,-0.5946052670478821,-0.08608413487672806
0.14401675760746002,-0.8636540770530701,-0.0928802564740181
0.07382190972566605,-1.125832438468933,-0.3283493220806122
0.07321444898843765,-1.4150927066802979,-0.5741583108901978
0.07849032431840897,-1.5394622087478638,-0.6787601709365845
0.0393461175262928,-1.502814769744873,-0.5727834105491638
-0.036276925355196,-1.37458074092865,-0.3159812390804291
-0.12424246966838837,-1.1611571311950684,-0.241567462682724
-0.168152317404747,-1.003373384475708,-0.1289624124765396
-0.19035935401916504,-0.8572220206260681,-0.12631817162036896
-0.18486899137496948,-0.7412703633308411,-0.05863163620233536
-0.16674351692199707,-0.6361263394355774,-0.06693590432405472
-0.12731967866420746,-0.6006101965904236,-0.07417277991771698
-0.09002824127674103,-0.6204389929771423,-0.02091514877974987
-0.08315888792276382,-0.6270612478256226,-0.025054501369595528
-0.09046100825071335,-0.6588343381881714,-0.07583671808242798
-0.11996030807495117,-0.6781057715415955,-0.14450706541538239
-0.17388880252838135,-0.6215114593505859,-0.12869268655776978
-0.2608916163444519,-0.49746012687683105,-0.10371239483356476
-0.33102676272392273,-0.4083840548992157,-0.07166178524494171
-0.3513043224811554,-0.3146916329860687,-0.061137352138757706
-0.32042548060417175,-0.18942292034626007,-0.06537550687789917
-0.2524367868900299,-0.07642467319965363,-0.07908305525779724
-0.17738892138004303,-0.013412151485681534,-0.06678884476423264
-0.11822227388620377,0.025977864861488342,-0.07092472910881042
-0.07583805918693542,0.025696901604533195,-0.0384642630815506
-0.060961175709962845,0.003916168585419655,-0.007927391678094864
-0.09411992132663727,-0.028710218146443367,0.04418187960982323
-0.15935108065605164,-0.07325659692287445,0.06246064603328705
-0.21278181672096252,-0.10101418942213058,0.04196922481060028
-0.2268524169921875,-0.09327377378940582,0.04764724150300026
-0.21372835338115692,-0.03860626742243767,0.07741951197385788
-0.17445926368236542,0.018213320523500443,0.09004226326942444
-0.12740492820739746,0.05149218440055847,0.0997936949133873
-0.08533567190170288,0.05315891280770302,0.09262510389089584
-0.0590880885720253,0.03528750315308571,0.08580633997917175
-0.0533488467335701,0.004706531297415495,0.08123544603586197
-0.08050456643104553,-0.03841564059257507,0.07700208574533463
-0.1286674588918686,-0.08001195639371872,0.06390924751758575
-0.17971199750900269,-0.10780869424343109,0.03579505532979965
-0.20682203769683838,-0.1102490946650505,0.010319042950868607
-0.21860040724277496,-0.08784445375204086,-0.019309423863887787
-0.21679632365703583,-0.08876371383666992,-0.03860823065042496
-0.19230882823467255,-0.08960740268230438,-0.05233496427536011
-0.15169468522071838,-0.07394866645336151,-0.06697387993335724
-0.10353408753871918,-0.06610113382339478,-0.08438669890165329
-0.047260742634534836,-0.0687188133597374,-0.09735266119241714
0.00900812167674303,-0.08399976044893265,-0.11031586676836014
0.04985826089978218,-0.10194823890924454,-0.1224455013871193
0.08341062068939209,-0.150620698928833,-0.11825421452522278
0.10981877148151398,-0.1835280805826187,-0.10959074646234512
0.1254858821630478,-0.20398221909999847,-0.08816614747047424
0.15978756546974182,-0.21930187940597534,-0.05929651856422424
0.20194540917873383,-0.21279790997505188,-0.026990244165062904
0.2508762776851654,-0.1830655336380005,-0.006812115665525198
0.2954365313053131,-0.12851227819919586,0.006022190675139427
0.32739701867103577,-0.0822008028626442,0.01604984700679779
0.35332822799682617,-0.048567742109298706,0.028126748278737068
0.3780108690261841,-0.0005491463816724718,0.02957944944500923
0.4160221815109253,0.03380776196718216,0.03366979956626892
0.4650663435459137,0.04632269963622093,0.04399130493402481
0.5369964838027954,0.07390531897544861,0.0565078929066658
0.61628657579422,0.1292767971754074,0.06795752048492432
0.6832941174507141,0.18723782896995544,0.08093883842229843
0.7398535013198853,0.23112861812114716,0.08237134665250778
0.7796257138252258,0.27269765734672546,0.06972932070493698
0.8124688863754272,0.32156604528427124,0.04451349750161171
0.8303703665733337,0.3290306329727173,0.01701289974153042
0.8143904209136963,0.290143758058548,-0.002212407300248742
0.7664937376976013,0.21744239330291748,-0.02087344229221344
0.7266032695770264,0.12621955573558807,-0.04460018500685692
0.695688009262085,0.04595426842570305,-0.06607351452112198
0.6628953218460083,-0.013517689891159534,-0.08133790642023087
0.6415239572525024,-0.03333613649010658,-0.0869491919875145
0.6223790645599365,-0.05411997064948082,-0.07445289194583893
0.6089907884597778,-0.07286862283945084,-0.051317743957042694
0.5968453288078308,-0.06949349492788315,-0.018872983753681183
0.5821126699447632,-0.044273361563682556,0.016145454719662666
0.569689154624939,0.0019568174611777067,0.03625812381505966
0.5481595993041992,0.056040823459625244,0.0387100987136364
0.5367904901504517,0.0907587930560112,0.028998402878642082
0.5416584610939026,0.1356615573167801,0.009516047313809395
0.5532585382461548,0.15455888211727142,-0.0046576703898608685
0.5498683452606201,0.15162354707717896,-0.013869278132915497
0.5317820310592651,0.13044555485248566,-0.03211938589811325
0.5176944136619568,0.10636285692453384,-0.04924803972244263
0.5198138356208801,0.11715036630630493,-0.050322093069553375
0.5312712788581848,0.14051827788352966,-0.03699323534965515
0.5338228940963745,0.18468041718006134,-0.011609211564064026
0.5090283155441284,0.23835644125938416,0.01731697842478752
0.45890679955482483,0.28833115100860596,0.01849718578159809
0.3925016522407532,0.30410850048065186,0.015991684049367905
0.32645708322525024,0.28913164138793945,0.009485739283263683
0.2744918763637543,0.2506454885005951,-0.011040840297937393
0.22996388375759125,0.21609634160995483,-0.03599369898438454
0.19482852518558502,0.19259394705295563,-0.043693430721759796
0.16762909293174744,0.1721743792295456,-0.033750999718904495
0.1470750868320465,0.1329667866230011,-0.014852676540613174
0.1235319972038269,0.10803195834159851,-0.007772928103804588
0.1104460209608078,0.10417090356349945,-0.003997364081442356
0.10664783418178558,0.13329657912254333,0.0023541683331131935
0.09606336802244186,0.18491609394550323,0.004972588270902634
0.07448475062847137,0.2209451049566269,0.009566805325448513
0.037540584802627563,0.2263617068529129,0.008280232548713684
-0.004703618586063385,0.21458403766155243,0.005508890841156244
-0.05066285282373428,0.19281615316867828,0.006897196639329195
-0.09013287723064423,0.15117383003234863,0.011901173740625381
-0.11704039573669434,0.09484584629535675,0.015393109992146492
-0.14349034428596497,0.02398635260760784,0.024093924090266228
-0.18919551372528076,-0.042966049164533615,0.027373874559998512
-0.24306964874267578,-0.10054808855056763,0.019172189757227898
-0.27415648102760315,-0.1397426277399063,0.003720529843121767
-0.27519118785858154,-0.15165026485919952,-0.009675917215645313
-0.2502956986427307,-0.14937326312065125,-0.01678149774670601
-0.21864718198776245,-0.14799503982067108,-0.019193574786186218
-0.19074630737304688,-0.1300181746482849,-0.02803899720311165
-0.17003364861011505,-0.1126541793346405,-0.04347510635852814
-0.16334538161754608,-0.10749883204698563,-0.05698585510253906
-0.19790175557136536,-0.14161178469657898,-0.07985420525074005
-0.35934633016586304,-0.2583059072494507,-0.11787562817335129
-0.4613299071788788,0.26055169105529785,-0.2114010453224182
-9.41079924814403e-05,0.2605873644351959,-0.24524688720703125
0.5196089148521423,0.5622574090957642,0.02167385444045067
0.8051498532295227,0.7129063606262207,0.06596728414297104
0.9020784497261047,0.7829961180686951,0.030785702168941498
0.9139614701271057,0.7252337336540222,0.019818805158138275
0.9620543718338013,0.6493809223175049,0.05198361352086067
1.2882863283157349,0.4890407919883728,0.06792370229959488
0.8761794567108154,0.7958461046218872,-0.1333097517490387
-0.14993783831596375,1.194390892982483,-0.3245372474193573
-0.8125502467155457,0.06393688917160034,-0.2457801103591919
-0.7864781618118286,-1.1880308389663696,-0.17157192528247833
-0.7698767185211182,-1.1009141206741333,-0.161817729473114
-0.6074236035346985,-0.6193593144416809,0.03757660463452339
-0.2871324419975281,-0.3750886023044586,0.15294857323169708
-0.05453437566757202,-0.20607347786426544,0.06041412055492401
0.08792979270219803,-0.06928637623786926,-0.04128582775592804
0.09795499593019485,-0.0152108920738101,-0.13872157037258148
0.0462411567568779,-0.04334830865263939,-0.18251709640026093
0.01717754639685154,-0.152828186750412,-0.19083760678768158
-0.026872457936406136,-0.12880513072013855,-0.21192249655723572
-0.08783887326717377,-0.1253741830587387,-0.19369208812713623
-0.10831088572740555,-0.13644258677959442,-0.13273125886917114
-0.10785336047410965,-0.06018856540322304,-0.1161688044667244
-0.07777523249387741,0.03855013847351074,-0.0985298901796341
-0.027086753398180008,0.15776655077934265,-0.05932469293475151
0.013642784208059311,0.3105669319629669,-0.06042015925049782
0.033475611358881,0.3988041281700134,-0.0888480693101883
0.044325683265924454,0.3177773058414459,-0.09198016673326492
0.018049603328108788,0.13601547479629517,-0.0809757187962532
-0.06038208678364754,0.10870636254549026,-0.10589545220136642
-0.14068171381950378,0.10594440251588821,-0.09591019153594971
-0.2064315229654312,-0.008218762464821339,-0.06221720948815346
-0.27970388531684875,-0.04518503695726395,-0.0630294680595398
-0.338018000125885,-0.06004941463470459,-0.05131172388792038
-0.3613579571247101,-0.08568846434354782,-0.021852368488907814
-0.3310280740261078,-0.05413408577442169,0.0014171074144542217
-0.2578699588775635,0.03666559234261513,0.03115689568221569
-0.1704232543706894,0.15407125651836395,0.04092387482523918
-0.09347814321517944,0.18256442248821259,0.052253495901823044
-0.039799075573682785,0.16260285675525665,0.052783094346523285
-0.0116289546713233,0.13751456141471863,0.04560667276382446
-0.010544496588408947,0.1249295324087143,0.041553448885679245
-0.02845585346221924,0.10793856531381607,0.0459924042224884
-0.038838230073451996,0.11385712772607803,0.07253597676753998
-0.030392812564969063,0.1716565191745758,0.0998951643705368
-0.01432616077363491,0.21375983953475952,0.12181052565574646
0.002314335200935602,0.1990373432636261,0.13507892191410065
-0.0001629562466405332,0.15893223881721497,0.1370445042848587
-0.015372001565992832,0.10492600500583649,0.13638509809970856
-0.04535698890686035,0.030637701973319054,0.13482405245304108
-0.08792335540056229,-0.02432461641728878,0.14630921185016632
-0.12663842737674713,-0.04144222289323807,0.14905424416065216
-0.14662837982177734,-0.05137288197875023,0.1495077759027481
-0.16761259734630585,-0.08116468787193298,0.15929803252220154
-0.18049563467502594,-0.13225983083248138,0.17275631427764893
-0.1934119164943695,-0.16417911648750305,0.19822466373443604
-0.20688830316066742,-0.14683447778224945,0.18863141536712646
-0.19871558248996735,-0.10868441313505173,0.1855241060256958
-0.1626390665769577,-0.004281307104974985,0.17073290050029755
-0.10449213534593582,0.08150337636470795,0.09554408490657806
-0.05307900905609131,0.14108414947986603,0.05989661067724228
-0.028786687180399895,0.1763569712638855,0.024795828387141228
-0.04301329329609871,0.14807899296283722,-0.013086573220789433
-0.09175927937030792,0.0927983894944191,-0.047925300896167755
-0.15789543092250824,0.03503948822617531,-0.08783196657896042
-0.20393548905849457,-0.016592932865023613,-0.10217154771089554
-0.2568801939487457,-0.019075000658631325,-0.0852426290512085
-0.33823949098587036,0.028879981487989426,-0.06341685354709625
-0.4090369641780853,0.03938375413417816,-0.05908815562725067
-0.4562091529369354,0.014620478264987469,-0.09184599667787552
-0.47682228684425354,-0.04652170464396477,-0.12311523407697678
-0.4853185713291168,-0.11400805413722992,-0.15126070380210876
-0.5055229067802429,-0.13282915949821472,-0.16772888600826263
-0.5366454124450684,-0.13394795358181,-0.17283430695533752
-0.5522944331169128,-0.13365447521209717,-0.17518162727355957
-0.5384041666984558,-0.13482093811035156,-0.20005454123020172
-0.5101536512374878,-0.10412827134132385,-0.20436246693134308
-0.4723265469074249,-0.070288747549057,-0.2275756597518921
-0.4146672487258911,-0.10197636485099792,-0.24318630993366241
-0.36083418130874634,-0.16373781859874725,-0.22781889140605927
-0.30734673142433167,-0.2249995768070221,-0.2013891488313675
-0.2562177777290344,-0.2512596845626831,-0.18130168318748474
-0.22143049538135529,-0.2345089465379715,-0.1638830155134201
-0.1847110539674759,-0.18006454408168793,-0.14322076737880707
-0.130028635263443,-0.11199282109737396,-0.1318056583404541
-0.06370528787374496,-0.04630411043763161,-0.12128707766532898
0.019444195553660393,-0.020775048062205315,-0.11119849234819412
0.10639674216508865,-0.009775842539966106,-0.10377370566129684
0.186514213681221,0.001535134739242494,-0.0942249447107315
0.23916569352149963,-0.0056274509988725185,-0.08642923086881638
0.2434810847043991,-0.021578988060355186,-0.09167273342609406
0.19918178021907806,-0.03225934877991676,-0.10331244766712189
0.12599411606788635,-0.038286350667476654,-0.11853960156440735
0.04240601509809494,-0.053635742515325546,-0.12567554414272308
-0.03166554868221283,-0.0787847712635994,-0.11439279466867447
-0.08453517407178879,-0.08136619627475739,-0.09692336618900299
-0.13347741961479187,-0.08611301332712173,-0.09326498210430145
-0.18239839375019073,-0.10992252081632614,-0.10962893813848495
-0.24398505687713623,-0.15612836182117462,-0.14560212194919586
-0.3039269745349884,-0.21960456669330597,-0.18461619317531586
-0.3459729552268982,-0.26731961965560913,-0.22972534596920013
-0.3639015853404999,-0.2719247043132782,-0.2757510542869568
-0.36048662662506104,-0.22741210460662842,-0.3162103295326233
-0.3282546401023865,-0.1262865513563156,-0.37508001923561096
-0.3042699694633484,-0.019719630479812622,-0.44710680842399597
-0.2885338068008423,0.04962274804711342,-0.48795318603515625
-0.2884107828140259,0.07965227961540222,-0.4870748817920685
-0.29980742931365967,0.08066354691982269,-0.4632872939109802
-0.3044237494468689,0.060823000967502594,-0.42771491408348083
-0.2880595028400421,0.04245112091302872,-0.39929839968681335
-0.26193469762802124,0.014509235508739948,-0.38852620124816895
-0.23383256793022156,-0.03708001598715782,-0.3867872655391693
-0.2156572937965393,-0.07758456468582153,-0.38332435488700867
-0.22663536667823792,-0.10869613289833069,-0.3830951452255249
-0.24889379739761353,-0.15380501747131348,-0.3712880313396454
-0.4548962712287903,-0.25536951422691345,-0.21321646869182587
-0.7202123403549194,-0.4886786937713623,-0.19616985321044922
-0.6607577800750732,-0.771463930606842,-0.2609337568283081
-0.05437971279025078,-0.426037073135376,-0.2515682280063629
-0.17682813107967377,-0.2533726394176483,-0.1630045473575592
0.07294442504644394,-0.2015744149684906,-0.023889794945716858
0.3485174775123596,-0.0756925418972969,0.024330200627446175
0.43362173438072205,-0.09124087542295456,0.015237636864185333
0.40933871269226074,-0.1585744470357895,-0.1552480310201645
0.26606783270835876,-0.20239277184009552,-0.3162979185581207
0.2597092092037201,-0.17427730560302734,-0.3406323194503784
0.3265726566314697,0.024865349754691124,-0.2672625184059143
0.3905426263809204,0.29988977313041687,-0.1888960599899292
0.38146069645881653,0.5346048474311829,-0.16613775491714478
0.34189853072166443,0.6394370794296265,-0.18491777777671814
0.3240257799625397,0.6011762619018555,-0.20785026252269745
0.327547162771225,0.5529742240905762,-0.18081606924533844
0.3885205090045929,0.5495827198028564,-0.1704302728176117
0.5462478399276733,0.5901661515235901,-0.24806834757328033
0.7521181702613831,0.6557605862617493,-0.44715800881385803
0.9917972683906555,0.7485082745552063,-0.7642220854759216
1.2930657863616943,0.7149913311004639,-1.105878233909607
1.6477761268615723,0.4935586750507355,-1.6915514469146729
2.0156099796295166,0.14308856427669525,-1.872154712677002
2.1702802181243896,0.03408161923289299,-1.9501218795776367
2.2843120098114014,-0.4409483075141907,-1.9314587116241455
2.434037446975708,-0.4027060568332672,-1.6933727264404297
2.1127231121063232,0.6416863203048706,-1.5208395719528198
1.7576687335968018,1.4004703760147095,-1.5868744850158691
1.6184200048446655,1.645655632019043,-1.5584665536880493
1.4775270223617554,1.4826464653015137,-1.5670884847640991
1.405077576637268,1.2489114999771118,-1.520796537399292
1.5043601989746094,1.15497624874115,-1.5082181692123413
1.6303869485855103,1.2264975309371948,-1.6447408199310303
1.6946358680725098,1.30596125125885,-1.7834709882736206
1.6234506368637085,1.3366647958755493,-1.8551383018493652
1.4746947288513184,1.408286452293396,-1.818774700164795
1.2941415309906006,1.5358487367630005,-1.747718095779419
1.1103419065475464,1.6442663669586182,-1.6271162033081055
0.935981273651123,1.6928308010101318,-1.4380522966384888
0.7991589903831482,1.7189099788665771,-1.283381700515747
0.7548351883888245,1.8030563592910767,-1.211207389831543
0.7728843092918396,1.959363341331482,-1.195812702178955
0.8098085522651672,2.062926769256592,-1.152195930480957
0.8292326927185059,2.052612781524658,-1.06131112575531
0.8352764844894409,1.94108247756958,-0.8791980743408203
0.8481120467185974,1.7476283311843872,-0.7466891407966614
0.8991429805755615,1.570773959159851,-0.7498870491981506
0.9812895059585571,1.480737566947937,-0.8699816465377808
1.0034403800964355,1.4257845878601074,-0.9393218159675598
0.9748138189315796,1.3933759927749634,-0.9062551856040955
0.8654322028160095,1.355745553970337,-0.8005737662315369
0.7304606437683105,1.3256455659866333,-0.636755108833313
0.5968929529190063,1.3369253873825073,-0.4778418242931366
0.47975030541419983,1.3754124641418457,-0.3602248728275299
0.3813225328922272,1.3809115886688232,-0.27966636419296265
0.3333648443222046,1.3339345455169678,-0.2492908537387848
0.35115981101989746,1.267043948173523,-0.2265823483467102
0.40384599566459656,1.2279142141342163,-0.2002352625131607
0.48367902636528015,1.2124955654144287,-0.22066329419612885
0.5661868453025818,1.183768391609192,-0.25780540704727173
0.6089327335357666,1.0899341106414795,-0.24553434550762177
0.6328736543655396,0.9438409209251404,-0.2015462964773178
0.6812542676925659,0.7468716502189636,-0.1750747412443161
0.7197089195251465,0.5257237553596497,-0.15894849598407745
0.7453394532203674,0.3153036832809448,-0.17296604812145233
0.7560135722160339,0.1685808151960373,-0.20096555352210999
0.7345740795135498,0.10735128074884415,-0.2367621660232544
0.7015713453292847,0.12887780368328094,-0.26416200399398804
0.635122537612915,0.22903530299663544,-0.2048342227935791
0.5131264925003052,0.3557071387767792,-0.036981891840696335
0.37985339760780334,0.4293256998062134,0.19700317084789276
0.5417368412017822,2.3356049060821533,0.14307713508605957
0.5366984009742737,2.7494773864746094,0.18298034369945526
0.5394749045372009,2.5485823154449463,0.3338720202445984
0.522730827331543,2.214848279953003,0.3380947411060333
0.5485550761222839,1.9184082746505737,0.2589987516403198
0.920708417892456,-0.704251766204834,0.0343208871781826
0.3410379886627197,0.6681352257728577,-0.22609268128871918
-0.01878780499100685,0.16793742775917053,-0.00045930175110697746
-0.053790852427482605,0.03831945359706879,0.4234314560890198
0.030102718621492386,0.03876633197069168,0.4788249433040619
0.11353187263011932,0.032767876982688904,0.31316930055618286
0.08329354226589203,0.002257369924336672,0.11118504405021667
0.06394641846418381,0.014705181121826172,0.036520928144454956
0.05565493181347847,0.010677683167159557,0.0685744658112526
0.01941375620663166,0.015519476495683193,0.11264041066169739
0.01089749950915575,0.0055254315957427025,0.10270415246486664
0.01727486029267311,0.017112497240304947,0.0733661875128746
0.03382853418588638,0.0013553713215515018,0.01936846598982811
0.0560818612575531,-0.004791792947798967,-0.009042510762810707
0.06299728900194168,0.0017510609468445182,-0.0018383930437266827
0.07176988571882248,0.00210168631747365,-0.0018251840956509113
0.07691457867622375,0.0013109938008710742,-0.016140740364789963
0.08417342603206635,0.00021203423966653645,-0.013551347889006138
0.09230059385299683,0.0006392052746377885,-0.002815613290295005
0.26940739154815674,-0.058293700218200684,0.0830085352063179
0.23933525383472443,-0.020737798884510994,0.09915554523468018
0.3314838707447052,-0.027024107053875923,0.11126989126205444
0.40148478746414185,-0.0860714465379715,0.1502620279788971
0.24405820667743683,0.00696186488494277,0.14231669902801514
0.24759913980960846,-0.002471317769959569,0.0908774808049202
0.29356610774993896,-0.014748224057257175,0.060005053877830505
0.21178148686885834,-0.025197135284543037,0.03649013862013817
0.09107338637113571,0.011654810979962349,0.06978317350149155
0.04287230223417282,0.03442457318305969,0.10207932442426682
-0.001264464808627963,0.02098846808075905,0.06767468899488449
0.0008825756376609206,0.013048785738646984,0.036234475672245026
0.0007751594530418515,0.004791283514350653,0.00462621683254838
-0.000850700365845114,-0.0006442283047363162,0.0009124386124312878
0.0007976945489645004,-0.0012893738457933068,-1.933891326189041e-06
0.0016096923500299454,-0.00022277778771240264,-0.008885973133146763
0.0007731897057965398,0.00039139040745794773,-0.06216831132769585
0.00013083528028801084,0.000359432480763644,-0.15820854902267456
0.0005549219204112887,-0.0006737823714502156,-0.26745355129241943
-0.0012435107491910458,-0.0006844350136816502,-0.20258668065071106
0.0028119508642703295,-0.00031771769863553345,-0.06529060006141663
0.0007866169326007366,0.0009454195387661457,-0.004254146944731474
-0.0009691511513665318,-0.00026066284044645727,0.0028799818828701973
-0.0013289442285895348,-0.00039488612674176693,0.0015952731482684612
0.002995552960783243,0.00024327010032720864,-0.0010734270326793194
0.0014578435802832246,-0.0008883070549927652,-0.0011858120560646057
-0.00031910970574244857,0.0011462429538369179,0.001565233338624239
-0.002806501928716898,-0.0004484577802941203,-0.00026995083317160606
0.0001016578171402216,-0.000110516746644862,0.00025586318224668503
0.0003653107560239732,-0.0009936209535226226,0.0017967685125768185
0.0017764561343938112,-0.00017397779447492212,-0.00015474436804652214
-0.0009873723611235619,0.0013139302609488368,0.0004505920223891735
0.0015890214126557112,-0.0007574126357212663,0.00014891009777784348
-0.00027891964418813586,0.0011014736955985427,0.0008040480315685272
0.001204154221341014,-0.0002823542454279959,0.0001242486760020256
-0.00016497692558914423,-0.0006240378133952618,-0.0024558219593018293
0.0005151164950802922,0.0002486311423126608,-0.000123477540910244
-0.0015411102212965488,-0.0005359360948204994,-0.00115225650370121
-0.0016110846772789955,0.0012886303011327982,-0.0012058941647410393
0.0009418214322067797,-0.0015036941040307283,-0.0006775232031941414
4.6349334297701716e-05,0.0001630880287848413,0.00048548122867941856
0.0014554278459399939,0.0010469910921528935,0.0006359494291245937
-0.0005072775529697537,-0.0009964036289602518,0.001096304040402174
-0.0008926369482651353,0.001475542550906539,-0.0006688390858471394
0.002209833823144436,0.0002628795336931944,0.0013739652931690216
0.00032724541961215436,0.002189942868426442,0.0006599714979529381
0.0011176716070622206,-1.4621839000028558e-05,-0.00191583763808012
0.0019866609945893288,0.0013174914056435227,0.0006330739706754684
0.0018977115396410227,0.0009489099029451609,-0.0021211672574281693
0.0011925064027309418,-0.0011552537325769663,0.00124267116189003
0.000637949095107615,0.0008100531413219869,0.0008642338216304779
0.00031836976995691657,5.025325663154945e-05,-0.0003035622648894787
-0.00018822436686605215,-0.0015836236998438835,0.0005180779844522476
0.00014174130046740174,0.000979402451775968,-0.0010840795002877712
0.0014252607943490148,0.00047565909335389733,0.00010262522846460342
0.0018242023652419448,0.001804043771699071,-0.0009852759540081024
-0.004166498780250549,-0.0011405224213376641,-0.0006618616171181202
0.000781654380261898,-0.0009208115516230464,-0.0011545466259121895
0.0021797106601297855,0.00026470853481441736,-0.00012619420886039734
0.0013171127066016197,-0.00019495305605232716,-0.0012050410732626915
-0.0016700951382517815,3.841015859507024e-05,0.0009481250308454037
0.00024365243734791875,0.0009148564422503114,0.00031775515526533127
-0.0008501852862536907,-0.0005584957543760538,0.0009011467918753624
-0.0019948119297623634,-0.001121221692301333,-0.0006730477325618267
0.001954395556822419,-1.706802322587464e-05,-0.0009772339835762978
-0.001360707450658083,-0.0005907129379920661,0.00015008216723799706
-0.000521182781085372,0.0012198163894936442,0.0014672288671135902
-0.0015579513274133205,0.0007612200570292771,-0.0021855628583580256
0.0009906813502311707,0.0017511029727756977,-0.00039235036820173264
0.0028767320327460766,-0.0007346915081143379,-0.00109782163053751
-0.0008346675895154476,0.00016889802645891905,0.000500767957419157
0.0018545924685895443,0.0013153888285160065,0.0016227574087679386
0.00099466391839087,-0.0020166654139757156,-0.0016860072501003742
0.0008852079045027494,0.0009767276933416724,0.0011470634490251541
0.0003730687312781811,-0.00020465796114876866,0.00022257352247834206
0.00099465053062886,0.0012006921460852027,0.0016393749974668026
-0.00047432491555809975,-0.0007548623834736645,0.0017829732969403267
0.0001355389249511063,-0.000982829020358622,0.00019732723012566566
0.0011185234179720283,-0.0008243776392191648,0.000788442324846983
0.0005896196234971285,-0.0015740575036033988,-0.0005055880174040794
-0.0003974169958382845,-0.0010867934906855226,0.00023988448083400726
0.0018281866796314716,-0.0005831898306496441,-0.0026834672316908836
0.0028375349938869476,-0.0007837254088371992,-0.001270979642868042
-0.0001734347315505147,-0.0008047643932513893,0.0006523551419377327
0.0017858643550425768,-0.0018452818039804697,0.0006288900040090084
-0.00023174646776169538,-0.0010231640189886093,0.00011889450252056122
0.0009501792956143618,-0.00044982711551710963,0.0016222563572227955
-0.0008591723162680864,-0.00035688275238499045,-0.0007788497023284435
0.001974129118025303,8.347856055479497e-05,-0.0010524243116378784
-0.002072810661047697,0.00016310707724187523,0.0008424147963523865
0.00019698249525390565,-8.452746260445565e-05,0.0003864886239171028
0.001692880061455071,-0.0005569722270593047,-0.0013192659243941307
-0.001872812514193356,0.0008274880237877369,-0.0002796454355120659
-0.001978806219995022,-0.0015342033002525568,-0.0022328076884150505
0.0005912136984989047,0.001061274902895093,0.0004307045601308346
0.0006223726668395102,-0.0007382231415249407,0.003229686524719
1.0869407560676336e-06,0.001424067304469645,-0.0005139312706887722
0.0008074920624494553,0.0011684037744998932,0.0029620262794196606
0.0007656264351680875,-0.00029007188277319074,0.00031597958877682686
-0.0017127112951129675,0.0003741204855032265,-0.0019322605803608894
-0.0008711309637874365,0.00042350991861894727,-0.001226926688104868
0.0006287613650783896,-0.00014454234042204916,0.0011811037547886372
0.0013018186436966062,-9.825056622503325e-05,0.0019460334442555904
-0.0006793069187551737,-0.0002670949907042086,0.0018368437886238098
0.0028646625578403473,0.0030327418353408575,0.0017703315243124962
0.00215945765376091,0.0010153972543776035,0.0009735138155519962
0.0025754247326403856,-0.0005523696891032159,0.0014134375378489494
-0.0024827169254422188,-0.0002101534919347614,0.0008693537674844265
-0.0005075627705082297,0.001932154526002705,-0.0010646735318005085
-0.0005357922054827213,-0.003292168490588665,0.0002408078871667385
-0.0006956531433388591,-4.167252700426616e-05,-3.797141835093498e-05
-0.0008407954592257738,-0.0003498002770356834,0.0016893548890948296
9.727219003252685e-05,-0.0029073464684188366,0.0017777425236999989
-0.002414621412754059,0.0006610230193473399,0.00017665047198534012
0.00016111638979054987,-0.00309999892488122,-0.0014409394934773445
-0.0014341170899569988,-0.002384407678619027,-0.0002670180983841419
-0.0024392467457801104,-0.000152304201037623,-0.0005695517174899578
-0.0009247069829143584,-0.0025416924618184566,0.0009476509876549244
-0.00047683354932814837,0.002586201997473836,-0.0008274968713521957
-0.00041930924635380507,0.002161161508411169,-0.0003180340863764286
0.00021987067884765565,0.0010768172796815634,0.0008411756716668606
0.0005591574008576572,0.0007260789861902595,-0.0031224070116877556
0.0006688919966109097,-0.00011918452219106257,0.0013431627303361893
-0.00041874300222843885,0.002275796141475439,-0.001265137456357479
-0.0006065014749765396,-0.0003369009355083108,-0.0003200201317667961
0.00045503448927775025,-0.0013760663568973541,0.0002949037589132786
-0.0009708043653517962,-0.0009233162272721529,-0.00034886598587036133
-0.0009300579549744725,0.0024818016681820154,-0.0013744495809078217
-0.0011282372288405895,-0.0020936785731464624,0.0006092344410717487
-0.0015836377860978246,-0.0015173706924542785,-0.00015615811571478844
5.163601599633694e-07,0.0007761878077872097,-0.0014598038978874683
-0.0003528851084411144,-0.0002648418885655701,-0.000495473388582468
0.0007926494581624866,0.000939848949201405,0.0006612790748476982
0.0014986534370109439,-0.001186951412819326,1.759268343448639e-05
0.0012620287016034126,-0.0007852794951759279,0.0002812114544212818
0.0009440472349524498,-0.0004646349116228521,0.0005624410696327686
-0.0005344985984265804,-0.0008494470966979861,7.550697773694992e-06
0.0015395713271573186,-0.000414819223806262,-5.210377275943756e-05
-0.0014064458664506674,0.00010439637117087841,0.0010715643875300884
0.000486795324832201,0.00025539760827086866,-0.00029064249247312546
0.0011412098538130522,-0.0015040358994156122,-0.0006901854649186134
-0.0003701340174302459,0.0005141075816936791,0.0029130708426237106
-0.00031180086079984903,-0.0011230703676119447,0.0020927884615957737
-0.0012295262422412634,-0.00088604906341061,0.001697841566056013
0.0012392080388963223,-0.0011308626271784306,0.0015313378535211086
-0.0008407207787968218,-0.0012080942979082465,0.0003763246349990368
0.002146803541108966,-0.0018680421635508537,0.00053406972438097
0.0005678152665495872,0.0010103023378178477,0.0019607245922088623
-9.904499165713787e-06,0.0007662148564122617,0.0011798050254583359
0.0019435242284089327,-0.0013728360645473003,0.0013350672088563442
0.0025530827697366476,-0.0013811219250783324,-0.0003077578730881214
-0.0016126336995512247,0.0010583335533738136,0.001758322585374117
0.0031668853480368853,0.001270257867872715,0.0013914350420236588
-0.001855836482718587,0.00042044316069222987,-0.001034970860928297
0.001134195365011692,0.00032919994555413723,-0.0009059524163603783
0.0017062423285096884,0.0009643638622947037,0.00031404197216033936
0.0009213239536620677,0.0009251948795281351,0.0008078892715275288
-0.00012636359315365553,-0.001238090917468071,-0.0021932271774858236
-0.0006671689916402102,-6.0490470787044615e-05,0.001116267405450344
2.764968667179346e-05,-0.002033360069617629,0.0004129265435039997
-0.0009234741446562111,0.002475182292982936,0.0003287727013230324
0.001004920806735754,-0.0008143541635945439,-0.0007980107329785824
0.0008647802751511335,-0.0001129431402659975,0.0023952298797667027
0.001020841533318162,0.00024791518808342516,0.0011011995375156403
-0.00031511334236711264,0.0004892718279734254,0.0014382828958332539
2.364075044170022e-05,-0.0017509792232885957,0.00040470995008945465
0.0019453263375908136,0.0024155848659574986,-0.0007003191858530045
-0.001061915187165141,0.00040196877671405673,-0.0003695548512041569
6.171403219923377e-05,0.0008526010205969214,-0.0004191538318991661
3.534875577315688e-05,0.0021674034651368856,0.00283869169652462
-0.00044524797704070807,-0.0005337577313184738,-0.00013956986367702484
-0.0008828053250908852,0.0006888995412737131,-0.0009600897319614887
-0.0002538994885981083,-0.0016043833456933498,-0.0008718818426132202
0.0030867699533700943,-1.6340432921424508e-05,-0.0020908107981085777
-0.0007702334551140666,-0.0008917003870010376,-0.00039233872666954994
0.000250289827818051,-0.0007761191809549928,-0.0013739797286689281
0.0006722272373735905,0.0007580653764307499,0.00019616959616541862
-0.0017054430209100246,0.0013391671236604452,0.0007708794437348843
0.0018845994491130114,0.0013796294806525111,-0.0011225142516195774
-0.0004983970429748297,2.3015280021354556e-05,0.0005968227051198483
0.0005524677108041942,0.00021325837587937713,0.000879963394254446
-0.001295766094699502,-0.000346538086887449,-0.001494244672358036
-0.0021914136596024036,0.0005283783539198339,0.0002802601084113121
-0.0018635785672813654,-0.0014159956481307745,0.0009212829172611237
0.0018354420317336917,5.463806155603379e-05,-0.0007802816107869148
0.002979269716888666,-0.0016063754446804523,0.00048205675557255745
0.0005175006226636469,-0.0005563587183132768,0.0014704330824315548
-8.783588418737054e-05,9.9844197393395e-05,-0.0013312124647200108
-0.001762339030392468,0.001291993772611022,-0.0002954108640551567
-0.0015594061696901917,-9.226692782249302e-06,-0.002926081418991089
0.00148750189691782,-0.000755884509999305,0.0014452580362558365
0.0006794988294132054,0.001305668381974101,-0.00035956641659140587
-0.0003798490506596863,-0.0023304896894842386,-0.00011657644063234329
-0.000295693171210587,0.0013401452451944351,0.0002141883596777916
-0.0005618923460133374,0.0012250076979398727,-0.0001916317269206047
0.002076235134154558,0.0004364456981420517,1.5828292816877365e-05
1.0691292118281126e-05,-0.001268137013539672,-0.0014881915412843227
0.00046236341586336493,0.00239078002050519,-0.000355549156665802
0.0013588514411821961,0.0009452946251258254,0.0016120010986924171
-0.000203625182621181,-0.0015173304127529263,0.00012276135385036469
-0.001002694945782423,-0.0002617976861074567,0.0012142220512032509
-0.00011426437413319945,-0.0009715300984680653,-0.0026617427356541157
0.0005771451396867633,-0.0012145517393946648,0.0007259678095579147
-0.001952325226739049,0.0013977428898215294,0.00041650841012597084
-0.002123960293829441,0.0005758468178100884,-0.0008873911574482918
0.0008984612068161368,0.0005169910145923495,0.0005946578457951546
0.0008705214131623507,-0.00034721504198387265,0.0015234104357659817
-0.0001798293087631464,0.00017689507512841374,0.0018144943751394749
-0.0010982779785990715,0.00028955371817573905,-0.0007277657277882099
-0.001730246003717184,-0.0008518770919181406,0.0008280528709292412
-0.0005304014193825424,-0.0010476565221324563,0.0016380404122173786
-0.00024384533753618598,-0.001206913497298956,0.0009586680680513382
-7.015041774138808e-05,-0.00038900424260646105,-2.4182256311178207e-05
0.0040755923837423325,-0.0012121873442083597,0.0014829006977379322
0.00012285946286283433,0.001186599489301443,-0.0020522642880678177
0.0002078143006656319,0.0011320046614855528,-0.00011694524437189102
0.0014536473900079727,-0.000449664075858891,0.0004691728390753269
-0.0019006039947271347,-0.00043634831672534347,0.0027389852330088615
-0.0012651181314140558,0.0010058521293103695,-0.0022306188475340605
0.0003077446890529245,0.0009456647676415741,-0.0015011788345873356
-0.0007082921219989657,-0.001303074648603797,0.001115551684051752
-0.0006901825545355678,0.00234146136790514,-0.000991541426628828
0.001598451053723693,-0.0013784009497612715,0.0007784725166857243
-3.1740637496113777e-06,0.0005577171104960144,0.0011742180213332176
-0.0003325287834741175,-0.001523772720247507,-0.0005599488504230976
0.0029309086967259645,-0.0003570418921299279,-0.001031328458338976
-0.0007487813709303737,0.0016895625740289688,0.0006866720505058765
-0.0016111128497868776,-0.0010811901884153485,0.002466462552547455
0.0007000481709837914,0.0003016564587596804,-0.0011588935740292072
-0.000586525013204664,0.0020175310783088207,0.00011968985199928284
-0.001552161993458867,0.00241537531837821,-0.0021388588938862085
0.0018494937103241682,-0.0004725565668195486,-0.00015586940571665764
0.000548244861420244,-0.0010436647571623325,0.0008310195989906788
0.00047953531611710787,-0.0004255450621712953,0.001573242712765932
-0.0016458604950457811,-0.0009016281110234559,-0.0019127298146486282
-0.0007353258552029729,-0.000530383491422981,-0.0010807584039866924
0.0014851884916424751,0.00037979011540301144,0.0005288571119308472
-0.0014778445474803448,0.0011531721102073789,-0.0019614649936556816
0.0017979005351662636,0.0002368971472606063,-0.0005649211816489697
0.0004934842581860721,0.0010763254249468446,-0.00133537407964468
0.00029482360696420074,-0.0008301138877868652,-0.0008796541951596737
-0.0006268963916227221,-0.0006578073371201754,0.0008010668680071831
-0.0016524952370673418,-0.0014118053950369358,-0.00039654970169067383
-0.0008969565387815237,-0.0015668014530092478,-0.0007901648059487343
0.0008909180760383606,0.0012966588838025928,0.001715332269668579
0.0003961027250625193,0.0009200879139825702,0.00046737492084503174
0.0013725650496780872,0.0019082868238911033,-0.0009881192818284035
7.054561865516007e-05,-0.0003133220598101616,-0.0020214258693158627
-0.0013026497326791286,-0.001757415127940476,-0.0007956656627357006
-0.000556964660063386,0.0028266841545701027,-0.0010377466678619385
0.00029628461925312877,-0.0011749339755624533,0.0023114513605833054
-0.0010824338532984257,-0.00016825911006890237,0.001839805394411087
-0.000503363786265254,-0.0007851685513742268,0.002072660718113184
0.0002990466309711337,-0.00037557436735369265,-0.00027837837114930153
0.0003822748549282551,0.0012883315794169903,0.0030269119888544083
0.0004701591678895056,-0.0012541882460936904,-0.0021145865321159363
0.0014686082722619176,0.001545288716442883,-0.0011738603934645653
-0.0005069245817139745,-0.0002845692215487361,0.0006203115917742252
0.0010840250179171562,1.2988570233574137e-05,7.383991032838821e-05
-0.0003277165815234184,-0.0036238241009414196,0.0021329959854483604
0.0013889881083741784,-0.002534541767090559,0.0011447607539594173
0.0007615473587065935,-0.00045274884905666113,0.0018595526926219463
0.0006679441430605948,0.00014563341392204165,0.0016327733173966408
-0.00041809293907135725,-0.0003257460775785148,0.00022635795176029205
-0.0010147015564143658,-0.0029329892713576555,-0.0006675790064036846
-0.000500711495988071,-0.002442701254040003,-0.0011980808340013027
-0.0008472251356579363,0.0005004064878448844,0.00029875757172703743
-0.002044848632067442,0.0004024021909572184,-0.0006722309626638889
0.0007580489618703723,-0.00018839362019207329,-0.0006572697311639786
0.0006195645546540618,0.0011514427606016397,-0.0017819222994148731
0.003521634265780449,-0.002581746317446232,0.0029973923228681087
0.002120811492204666,0.0009309632587246597,-0.0017763236537575722
0.003150537144392729,-0.0009576961165294051,-0.0005275593139231205
-0.002162469085305929,-0.00028444899362511933,0.0013915146701037884
-2.2769032511860132e-05,0.0012808633036911488,0.0016397647559642792
-0.0002571272198110819,-0.0007218337850645185,0.0007654489018023014
-0.0008767361287027597,-0.0001619628892512992,-0.0005587087944149971
0.0018122575711458921,-0.0007925994577817619,-0.0012146453373134136
0.0006148411775939167,0.00021612827549688518,0.0006639687344431877
-4.801963223144412e-05,-0.0007194402278400958,0.0003055073320865631
0.0011719879694283009,-0.002303736750036478,0.00265727611258626
-0.001915680943056941,-0.0002301995555171743,0.0007949271239340305
0.00017979543190449476,-2.1898937120568007e-05,0.0003316490910947323
0.0013196284417062998,-0.0015561460750177503,-0.0008441363461315632
0.00046703388215973973,-0.001411538221873343,-0.0011882954277098179
-6.027199560776353e-05,0.00047477876069024205,-7.509393617510796e-05
-0.0007675057277083397,0.0001678108237683773,0.0013908143155276775
-0.0006119770696386695,-0.0001903843367472291,0.00021103397011756897
-0.0005983564769849181,0.0018386023584753275,0.00042444653809070587
-0.0006076776189729571,-0.00042854665662162006,-0.00023548491299152374
-1.244142185896635e-05,0.0011969775659963489,0.00020587164908647537
-0.00010645098518580198,-0.00033220951445400715,0.0008780532516539097
-0.0007468255935236812,-0.0008505425648763776,-0.00018072407692670822
0.001980783883482218,0.001257882104255259,-0.0005357232876121998
0.0015676385955885053,0.0020866389386355877,-0.00063741160556674
0.0020675137639045715,-0.0023075768258422613,-0.0012688473798334599
0.00026073362096212804,0.0009649028070271015,-0.0003383355215191841
0.0010721988510340452,-0.0006308633601292968,-0.0027423708233982325
0.0008186697959899902,-0.00020769253023900092,-0.0004917774349451065
-0.0006596508901566267,-0.0005613602697849274,0.0004248828627169132
0.0007752100354991853,0.00011299169273115695,0.0002710586413741112
0.0003208747657481581,0.0006837071268819273,0.00015254784375429153
0.00021670173737220466,-0.0003189181734342128,0.0029788236133754253
0.002176788169890642,-0.003478226251900196,0.00039049703627824783
0.0005785304820165038,0.0007020797347649932,0.00037862593308091164
0.0025117190089076757,-0.0004012678691651672,-0.0013763969764113426
0.0027948992792516947,0.0002505914308130741,0.0001760120503604412
0.0008481286931782961,-0.0009491626406088471,-0.0005939076654613018
0.0018936957931146026,0.0007260245038196445,-0.0014095203951001167
0.002442573197185993,-0.0011781356297433376,-0.0012641116045415401
-0.0021050837822258472,0.0012779070530086756,-0.001227539498358965
0.0006832459475845098,0.0008502034470438957,-0.0006131483241915703
3.8800411857664585e-05,0.0010632590856403112,-0.002245742129161954
0.0009341551922261715,0.001372452126815915,0.0018259650096297264
-0.0001790508977137506,-0.002257472602650523,0.0012155259028077126
0.0011722370982170105,-0.001613786444067955,0.00025012996047735214
0.0013484768569469452,0.0015546835493296385,-0.0007650838233530521
0.00043101783376187086,5.053015411249362e-05,-9.929342195391655e-05
0.0012138157617300749,0.0009779917309060693,-0.0010413434356451035
-0.0019833091646432877,0.004461139906197786,-0.0014432142488658428
0.00018615717999637127,0.0020915751811116934,-0.00039433082565665245
-8.095789235085249e-05,-0.0015268618008121848,-0.00020498037338256836
0.00028845141059719026,-0.0007611809414811432,-0.000525470357388258
-0.0005776085890829563,-4.2660103645175695e-05,0.0006817406974732876
0.00038990500615909696,0.001504750456660986,0.0030140243470668793
-0.0006774900248274207,-0.00010592942271614447,-0.0017458433285355568
-0.0024564149789512157,-0.00033465068554505706,-0.0024801313411444426
0.0005377769120968878,-0.0026065935380756855,0.002003033645451069
-0.0001487935078330338,0.0009866302134469151,0.0009187529794871807
0.0008685339707881212,0.0005464097484946251,0.001859381329268217
-0.0007624967256560922,0.0015449337661266327,-0.0008995695970952511
0.0010921286884695292,0.00046795146772637963,0.0010535926558077335
0.0005626422353088856,0.00041318382136523724,0.000822009053081274
0.000995405949652195,0.0006882883608341217,0.00035675475373864174
0.0006978469900786877,0.0012355032376945019,0.0003421125002205372
0.0031170626170933247,0.0018858471885323524,0.001905121374875307
-0.0007427711971104145,-4.05135506298393e-06,-0.0009906166233122349
-0.0010048262774944305,-0.0008488060557283461,-0.00037143193185329437
0.002801168244332075,-0.00041305783088319004,-0.0005405256524682045
-0.0019086319953203201,0.0003906842030119151,-0.003084377385675907
0.001314203254878521,-0.00027770292945206165,0.0016975421458482742
-0.0010485532693564892,0.00014653860125690699,-0.0008798651397228241
0.0012272919993847609,0.0022646274883300066,0.0011328221298754215
-0.000809759832918644,-0.00022409646771848202,2.8675422072410583e-05
0.002087697619572282,-0.00046734174247831106,-0.0002011447213590145
0.0002514480729587376,0.00022454748977907002,-0.0020163552835583687
0.0014536366797983646,-0.001172913471236825,-0.0011348850093781948
0.0017484485870227218,-0.00037023669574409723,-0.0024600739125162363
-0.0010746869957074523,-0.001183126587420702,0.0006722165271639824
0.0017482637194916606,-1.3732511433772743e-05,0.0007933899760246277
0.0006894534453749657,-0.0005236052093096077,-0.0008379826322197914
-0.0015151113038882613,0.0002513746148906648,-0.00014689238741993904
-0.00134759780485183,0.0004995198687538505,0.0006223227828741074
0.0012814748333767056,0.0004957914352416992,-0.002940187696367502
0.0006309753516688943,0.002628014422953129,0.0009692632593214512
0.0006682596285827458,-0.0010969488648697734,0.00012557394802570343
-0.0006224063690751791,0.0001135052225436084,-0.000830166507512331
-0.0018314815824851394,-0.0010926404502242804,-0.0009723789989948273
-0.0008828556165099144,-0.002299163956195116,-0.0031648187432438135
-1.8926133634522557e-05,0.0001863643992692232,-0.0017171245999634266
-0.0020082693081349134,5.058022361481562e-05,0.0007430259138345718
-0.0008535225060768425,-0.0010322610614821315,0.00155928498134017
0.00038954734918661416,-0.0007484321249648929,0.002185430843383074
0.00025053034187294543,0.0010041941422969103,0.0005441252142190933
-0.000723874312825501,-0.002623302163556218,0.0009484956972301006
-0.0004815267166122794,0.0007698313565924764,0.000395091250538826
-0.0038795757573097944,-0.0014032245380803943,-0.0028367475606501102
-0.002328550675883889,0.0013640661491081119,-0.0023089090827852488
-0.0013351159868761897,-0.0016087059630081058,0.0002158847637474537
-0.0018650850979611278,0.001446206122636795,-0.001467765774577856
-0.0019825338385999203,-0.0008254772983491421,-0.0021664390806108713
0.00037862491444684565,0.00010556378401815891,0.00022481335327029228
-2.6268709916621447e-05,6.400693382602185e-05,0.0007766694761812687
-0.000655573618132621,0.0015796119114384055,-0.0008217599242925644
-0.002204595599323511,-0.000787624332588166,0.0020068297162652016
0.00017067758017219603,-0.00033488692133687437,0.0011191978119313717
-0.000699921976774931,-0.0003480965388007462,0.0026188883930444717
0.0003970340476371348,-0.00012518996663857251,9.607570245862007e-05
0.0015154305147007108,0.0011874160263687372,-0.0015057981945574284
0.0017042487161234021,-0.0015007787151262164,-0.0006397380493581295
-0.00037714478094130754,0.0008390787406824529,-0.000210536178201437
0.0023006638512015343,-0.0011662814067676663,-0.0006073471158742905
4.7884590458124876e-05,-0.0003169527917634696,0.0005650650709867477
0.0009834531228989363,0.0016037189634516835,0.001863622572273016
-0.00010068650590255857,0.0004507756675593555,-0.0007562548853456974
0.0003062445321120322,9.497733844909817e-05,-0.0014058002270758152
-0.001390717807225883,-0.0014550314517691731,-0.0006063529290258884
-1.1200347216799855e-05,0.0007988017750903964,-0.002060438971966505
-0.0010058424668386579,-0.00014888888108544052,0.0006923056207597256
-0.0005903893616050482,-0.001151302712969482,-0.0021543472539633512
0.000960296718403697,-0.0015354586066678166,1.2880656868219376e-05
0.0010444525396451354,-0.0008044209680519998,-0.0016462686471641064
0.0008097728714346886,-7.423235365422443e-05,-1.4959368854761124e-05
0.00014025418204255402,0.0015726664569228888,0.0005203359760344028
0.00040112040005624294,0.0015460035065189004,0.001993373967707157
0.0012919477885589004,-0.001451117917895317,0.0007446175441145897
0.002452581189572811,-0.001499503618106246,0.00036092475056648254
0.0007785180350765586,-0.0019144240068271756,-0.00044228462502360344
-0.0008816831978037953,-0.0014491791371256113,-0.0018788897432386875
0.00023897492792457342,-0.00031067777308635414,0.0019025327637791634
-0.000411692017223686,-0.0005542972940020263,-0.0005540540441870689
-0.0003544340725056827,0.0009828793117776513,-0.0015340973623096943
0.0006619396153837442,-0.0005316059687174857,0.0016835792921483517
-0.0029607582837343216,0.0011999814305454493,0.0013799788430333138
4.963282844983041e-05,0.0004256129905115813,0.0006234911270439625
-0.0018252325244247913,0.0007537144119851291,-0.0005733338184654713
0.001651439699344337,-0.0027311379089951515,0.003563692793250084
0.000355811818735674,-0.0005537373945116997,0.0003242236562073231
-0.0018281555967405438,-0.0005277598393149674,0.0010763779282569885
0.002047542715445161,-0.00035492071765474975,-0.00015639932826161385
3.540801117196679e-06,0.002620100509375334,-0.0009430795907974243
0.0003454906982369721,0.0008019603556022048,0.002063096035271883
-0.00023885868722572923,0.000990543281659484,9.212549775838852e-05
-0.00048173899995163083,-0.00011546749738045037,-0.0006940397433936596
-0.0013313614763319492,0.00043054146226495504,0.00024821190163493156
0.002959789941087365,0.0008928662282414734,-0.0007257061079144478
0.00030403357231989503,0.0021400079131126404,0.0008849883452057838
0.0025733131915330887,-0.0011966665042564273,0.0010421150363981724
-0.0023900028318166733,-0.004058018792420626,-0.0004155621863901615
-0.0005196647252887487,-0.00029790171538479626,0.002120299730449915
0.0008006291463971138,-0.0013349869986996055,-0.0005012853071093559
0.001393182436004281,0.0018552136607468128,-0.0026983933057636023
0.0005610680091194808,0.0015264550456777215,0.000744375865906477
-0.0003268299042247236,-0.0010187278967350721,0.0007070917636156082
0.0004772550310008228,0.0007295627729035914,0.0004808027297258377
0.0006184025551192462,0.0014068045420572162,9.9970493465662e-05
-0.0009955627610906959,-0.0034899974707514048,-0.0007732231169939041
0.0015885024331510067,0.00022511224960908294,0.0011959183029830456
-0.0007242961437441409,-0.000697737152222544,-0.0004458269104361534
-0.0006867455667816103,-0.0002644407795742154,0.0006649778224527836
0.0005659133894369006,-0.001074998639523983,0.0012024389579892159
0.0020594140514731407,0.00016656704246997833,0.000439976342022419
0.0027602417394518852,-0.00019031483680009842,0.0003152796998620033
-0.0011327671818435192,0.00191757723223418,0.0016516540199518204
0.001586411613970995,-0.0024023856967687607,-0.0017129145562648773
0.0008684233180247247,0.001505803200416267,-4.311278462409973e-05
-0.0005838680081069469,0.003438274608924985,0.0009012864902615547
0.0015080450102686882,-0.00010799066512845457,0.0008962266147136688
0.0006105556385591626,-0.0014566774480044842,0.001777909230440855
0.001908313948661089,-0.0009008757770061493,0.0008758963085711002
-0.00316827860660851,0.002686576684936881,-0.0009771431796252728
0.0017002462409436703,-0.0003395731037016958,0.0027480870485305786
-0.00025045411894097924,-0.00010707364708650857,-0.0016305632889270782
0.00021293590543791652,0.0006178388139232993,0.00029303785413503647
0.0004291138902772218,0.0003006340702995658,0.001436738297343254
-0.0008963414002209902,0.0018921390874311328,-0.0007542446255683899
-0.000971208035480231,-0.0009881450096145272,0.0007644090801477432
0.00031163659878075123,-3.9793390897102654e-05,-0.0016627958975732327
-0.0011086504673585296,0.0006190395215526223,-0.003444514935836196
-0.00028466840740293264,0.0007292943773791194,0.0013483758084475994
-0.00023231221712194383,0.0013433463172987103,0.0003272993490099907
0.00021962622122373432,0.00031989358831197023,0.0014498215168714523
0.004058356396853924,0.0015740557573735714,-0.00038316240534186363
0.0008127617184072733,0.0041802250780165195,0.0009739845991134644
0.0005620932788588107,0.0005860282690264285,0.0007251021452248096
-0.0013396700378507376,-4.4608270400203764e-05,0.00018661096692085266
0.0004730083455797285,0.0013321386650204659,0.0003881920129060745
-0.0021818969398736954,0.0024221704807132483,0.0018302933312952518
-0.001971779391169548,-0.0019185394048690796,0.0014358148910105228
0.0007249377085827291,-0.001945703523233533,-0.000990591011941433
0.0012653402518481016,-0.0021348274312913418,0.0007064901292324066
-0.0010508110281080008,0.00037440299638547003,-0.0008392087183892727
0.00026407657423987985,0.0013745137257501483,0.00039750896394252777
-0.0008043836569413543,-0.00032618094701319933,-0.0021138519514352083
-0.00012169909314252436,0.001436815015040338,-0.0007188073359429836
-0.0013781784800812602,-0.0019925374072045088,0.0017451494932174683
0.0022206827998161316,0.0014676600694656372,0.0009362529963254929
0.0008528832113370299,0.0034493182320147753,0.00030188821256160736
-4.6006491174921393e-05,-0.0005405456176958978,-5.222577601671219e-05
0.0005958153633400798,-0.0005064571741968393,-0.0002876492217183113
-4.3415522668510675e-05,-0.0005522218416444957,0.0006759953685104847
-0.0022690193727612495,0.002517071319743991,0.0007444387301802635
0.00035167389432899654,0.0007211249903775752,0.0005678720772266388
0.0017445071134716272,0.0025637662038207054,-0.0010337531566619873
0.0008877196814864874,-0.0015537230065092444,-7.5554009526968e-05
-0.00039965237374417484,0.0002673465060070157,0.0006434991955757141
-0.0007818915182724595,-0.001556471805088222,-0.000882438849657774
-0.0027094874531030655,-0.0006731012254022062,8.801696822047234e-05
-0.0016539711505174637,0.003600607393309474,-0.0019292477518320084
0.0008850865997374058,-0.0004007921670563519,-0.00044267158955335617
-0.00017028531874530017,-0.0002657368022482842,0.0008568852208554745
-0.0014094541547819972,-0.0018945260671898723,0.0008246609941124916
-0.0002806976262945682,0.000977222342044115,-0.001543558668345213
-0.00028043132624588907,0.0014896144857630134,-0.002214941428974271
-0.0016737098339945078,-0.00013307761400938034,5.6356657296419144e-05
-0.0015948803629726171,0.0010110164294019341,-0.002189220627769828
-0.001038628863170743,-0.0004408622917253524,-0.0004527647979557514
-0.001372056663967669,0.000983928912319243,-0.0016221590340137482
0.001507196226157248,0.0011381771182641387,0.0012180991470813751
-0.0010419816244393587,-0.0004139131342526525,0.0015800227411091328
0.002411886118352413,-0.00035664107417687774,0.001828172244131565
-0.0009215924656018615,0.0011704155476763844,0.0013927454128861427
1.1404394172132015e-05,-0.0007838678429834545,0.00031124427914619446
0.00033631004043854773,-0.00029278098372742534,0.0011149863712489605
-0.0013082039076834917,0.0009642806835472584,0.0008812542073428631
0.0012710676528513432,0.00045322009827941656,0.0017180191352963448
-0.001409119926393032,0.0015971463872119784,0.0005160490982234478
-0.0008091098279692233,-0.00040981173515319824,-0.001964951865375042
-0.0005985654424875975,-0.0015492705861106515,-0.002421468263491988
3.366899909451604e-05,-0.0002483163261786103,-7.92178325355053e-05
2.640250022523105e-05,0.0006189889973029494,-0.0006974749267101288
0.00116410490591079,-5.931812120252289e-05,0.000906812958419323
0.0029534446075558662,0.00014679683954454958,-0.00011262064799666405
0.0014096101513132453,0.0024767962750047445,-0.0005515096709132195
-0.0007520426297560334,-0.0012996612349525094,-0.0006345529109239578
0.002096740761771798,-0.00023892409808468074,-0.0010191132314503193
-0.0007664215518161654,-0.0010677655227482319,-0.0005974872037768364
0.0021212438587099314,0.002285420661792159,0.00024700118228793144
-0.0009516241261735559,-0.002576779806986451,0.0005087009631097317
-0.00048823407269082963,-1.3753683560935315e-05,0.0005337344482541084
0.0005665121716447175,-3.052747342735529e-05,-0.001104077324271202
-0.003129689022898674,-0.0009450569632463157,0.0003079310990869999
-0.0008675081189721823,-0.0012847402831539512,0.0006958250887691975
0.0013961787335574627,0.0010290140053257346,0.0025203567929565907
-0.002534797415137291,-0.00024541077436879277,0.0008782376535236835
0.00028948477120138705,-0.0006914902478456497,0.001558142714202404
0.001375169726088643,0.00025908814859576523,-0.0008101901039481163
-0.0003233944298699498,0.001420492772012949,-0.0009982092306017876
0.0022391662932932377,-0.0029875373002141714,-0.0003733523190021515
0.00013953010784462094,0.000682032376062125,0.0011526388116180897
0.000249860662734136,0.0018023792654275894,-2.424744889140129e-05
-0.000587703543715179,0.0002777196641545743,0.000425560399889946
-0.0014461604878306389,-0.001992348814383149,0.001996831502765417
-0.001744168228469789,0.0003243349492549896,-0.0015904465690255165
0.0002543270820751786,-0.0005435777129605412,-7.637403905391693e-05
0.0008745773229748011,-5.8854966482613236e-06,0.0021265922114253044
-0.0009005400934256613,0.001505430554971099,-0.0005718888714909554
0.004043351858854294,-0.0009121871553361416,0.0004132143221795559
-0.0005363486707210541,-0.0013065888779237866,0.00021734600886702538
0.0016138874925673008,0.0006652156007476151,-0.0019203731790184975
2.8718553949147463e-05,0.0009315662318840623,-0.0017657503485679626
2.499012043699622e-05,0.000465246761450544,0.0021645422093570232
-0.0015425931196659803,0.0006172434659674764,-0.00033095013350248337
-3.09828610625118e-05,0.0007698425906710327,4.5620836317539215e-05
-0.00047726332559250295,-0.0013586020795628428,-0.0001625879667699337
-0.005350847728550434,0.002202310599386692,0.0003748382441699505
-0.002116535324603319,0.00026707074721343815,0.00031949393451213837
0.00267635565251112,-0.0005787491681985557,-0.0006509618833661079
0.0005837501958012581,-0.00036698111216537654,0.0009684106335043907
0.00043115104199387133,0.0022082957439124584,0.0013772058300673962
-0.000516776810400188,0.002403512829914689,0.00018554413691163063
0.0008355763857252896,0.0006234559696167707,-0.0006978265009820461
6.205926183611155e-05,0.0003377191023901105,-0.0014240988530218601
0.0012109469389542937,0.0011459884699434042,-0.00026881974190473557
0.0006910701049491763,0.00010174033377552405,-0.0009177476167678833
0.0001943905372172594,-0.0006934795528650284,0.0013099866919219494
0.0009605932282283902,-0.00011584471940295771,0.002361681777983904
0.001974458573386073,0.0034349479246884584,0.0013994821347296238
0.0018405241426080465,-0.0024836170487105846,-0.0011060256510972977
0.0018128273077309132,0.001415250706486404,0.0017395620234310627
0.0013542785309255123,0.00017110123008023947,2.6811379939317703e-05
-0.00027957087149843574,0.0015607387758791447,0.002648160792887211
0.0010961975203827024,0.00040931603871285915,0.0005592782981693745
-0.0010473808506503701,-0.0012402458814904094,0.0011161454021930695
-0.0002502024872228503,6.97673240210861e-05,0.002712496556341648
0.00028482655761763453,-0.0015853872755542397,-6.251735612750053e-05
-0.0015414749504998326,0.0007650976185686886,0.0006398558616638184
-0.0011396040208637714,0.0011896055657416582,-0.00029278313741087914
-0.0011361177312210202,0.00018477712001185864,-0.0011485111899673939
0.0006316885119304061,-0.0008389420108869672,0.00021822331473231316
0.0019330295035615563,-0.0006530544487759471,0.0014994372613728046
-0.0016728906193748116,-4.691901267506182e-05,-0.0003645094111561775
0.0005610906518995762,0.0012402712600305676,-0.0017052851617336273
0.000255626073339954,0.002451743232086301,-0.0012842393480241299
-0.0015766634605824947,0.0015262262895703316,0.0010176929645240307
-0.0018818618264049292,-0.001185404253192246,-0.0011099064722657204
0.000815732404589653,0.0020903293043375015,-0.0011311192065477371
-0.00103836040943861,-0.0009129174868576229,7.129833102226257e-05
-0.0032296611461788416,-0.001243980135768652,0.00035468582063913345
0.0009168806136585772,0.0004729598294943571,0.000788514968007803
0.0008034411584958434,-0.0014396847691386938,-0.0001458916813135147
0.0011885343119502068,-0.0011539276456460357,0.001549210399389267
0.0013860354665666819,0.0005465943249873817,0.0007103290408849716
0.0001247623295057565,0.0007186345756053925,-0.0025421895552426577
0.0010174131020903587,-4.765941412188113e-06,0.001068820245563984
-0.0005490583134815097,0.0006066958303563297,-0.0012265583500266075
-0.0006388536421582103,0.00039100812864489853,-0.00039418647065758705
0.0004796740831807256,0.0003542564809322357,-5.1437877118587494e-05
0.0005417921347543597,-0.00042564875911921263,-0.0002664262428879738
0.0012243603123351932,-0.0017785346135497093,0.0003759283572435379
0.000797527318354696,0.0018301057862117887,0.001912511419504881
-0.002270967001095414,-0.0005393085884861648,0.0004179454408586025
-0.0013341770973056555,-0.00017425426631234586,-0.0005533061921596527
-0.0014079466927796602,-0.0009732025791890919,0.00011434825137257576
-0.002161456737667322,-0.00014422819367609918,0.0009874100796878338
-0.001151852309703827,-0.0011647514766082168,0.0036886539310216904
-0.0013264246517792344,0.001112982165068388,0.0008020703680813313
-0.0003200160281267017,-0.00039809546433389187,-0.002281337510794401
-0.0010356404818594456,-0.0010868218960240483,-0.0006781741976737976
6.45447289571166e-06,-0.0009949428495019674,-0.001549560111016035
-0.0004585635324474424,-0.0037932998966425657,0.0022608241997659206
-0.002276170765981078,0.0003322028205730021,-0.001873999834060669
-0.0017813825979828835,7.0343361585401e-05,0.002585343085229397
0.0014828538987785578,0.0016064547235146165,0.014348791912198067
-0.000673984526656568,-0.00043973635183647275,0.09577365964651108
-0.00853750016540289,0.0006553554558195174,0.14308765530586243
-0.0172098521143198,0.004272662103176117,0.1279563158750534
-0.02357747033238411,0.009121214039623737,0.11670898646116257
-0.03542933985590935,0.007423978764563799,0.20400208234786987
-0.04863249137997627,0.010429355315864086,0.28853800892829895
-0.07136677950620651,0.0023627046030014753,0.2666553854942322
-0.11287134885787964,0.000613007927313447,0.19523102045059204
-0.22943896055221558,-0.007640128489583731,0.20185856521129608
-0.3159102201461792,-0.010159744881093502,0.2834223806858063
-0.21497803926467896,-0.007568798027932644,0.31572791934013367
-0.09965357929468155,-0.007648959290236235,0.3621268570423126
-0.12798982858657837,-0.010242807678878307,0.42346131801605225
-0.23360732197761536,-0.009716300293803215,0.4761817753314972
-0.34091225266456604,-0.0066755386069417,0.5623806118965149
-0.516760528087616,0.005794180557131767,0.6751009821891785
-0.7891800999641418,0.026242926716804504,0.7102984189987183
-1.167574167251587,0.05039779841899872,0.7283911108970642
-1.6335773468017578,0.08178725093603134,0.8259721994400024
-2.1396937370300293,0.2183043658733368,1.0268254280090332
-2.6840338706970215,0.22655333578586578,1.2807592153549194
-3.1983537673950195,0.1409396380186081,1.4848135709762573
-3.4988341331481934,-0.3622339069843292,1.5006108283996582
-3.579777240753174,-1.2263692617416382,1.368607521057129
-3.4842889308929443,-2.2469401359558105,1.2818400859832764
-3.3443655967712402,-3.3128738403320312,1.253645658493042
-3.083556890487671,-3.7361676692962646,1.2136375904083252
-2.6799731254577637,-3.360907793045044,1.1157931089401245
-2.2161338329315186,-2.634089946746826,0.8756155967712402
-1.7670307159423828,-2.0303242206573486,0.6368499398231506
-1.5017958879470825,-1.800363302230835,0.4492805600166321
-1.4615280628204346,-1.9347871541976929,0.35578760504722595
-1.5221266746520996,-2.1666171550750732,0.43341776728630066
-1.6820098161697388,-2.317671298980713,0.5452907085418701
-1.8737388849258423,-2.318389892578125,0.6771910786628723
-2.062877655029297,-2.1322569847106934,0.8912642598152161
-2.217965602874756,-1.6858689785003662,1.1347715854644775
-2.3371901512145996,-1.0916436910629272,1.2669650316238403
-2.3436036109924316,-0.6017341613769531,1.2745788097381592
-2.1910386085510254,-0.3763367235660553,1.2369771003723145
-1.9900861978530884,-0.4016018807888031,1.174547553062439
-1.7517575025558472,-0.5668787360191345,1.0814969539642334
-1.4874619245529175,-0.766370952129364,0.9714583158493042
-1.254730463027954,-0.9093720316886902,0.8201423287391663
-1.0938485860824585,-0.9986988306045532,0.6692734956741333
-1.0609039068222046,-1.0379056930541992,0.5353652238845825
-1.1453092098236084,-1.0512173175811768,0.4197816550731659
-1.2865371704101562,-1.0133801698684692,0.3711502254009247
-1.3965203762054443,-0.8686948418617249,0.4558489918708801
-1.4672667980194092,-0.5829770565032959,0.5728241205215454
-1.513414978981018,-0.2608895003795624,0.6416666507720947
-1.4993971586227417,0.0793175920844078,0.7514426708221436
-1.4468050003051758,0.4171990752220154,0.8819222450256348
-1.40745210647583,0.7175485491752625,0.954298734664917
-1.4125983715057373,0.9384874701499939,0.9711179137229919
-1.456629753112793,1.040692925453186,0.9517756700515747
-1.4889618158340454,1.0130912065505981,0.8558720350265503
-1.4552032947540283,0.8680882453918457,0.6818456649780273
-1.3703081607818604,0.6353780031204224,0.4819941222667694
-1.243395447731018,0.37819039821624756,0.2674030065536499
-1.0522844791412354,0.14925290644168854,0.0967850312590599
-0.8270778059959412,-0.06033947318792343,-0.04216327145695686
-0.635497510433197,-0.2830254137516022,-0.17874230444431305
-0.5062963962554932,-0.4439213275909424,-0.2632420063018799
-0.23942141234874725,0.47238385677337646,-0.17417126893997192
-0.27217406034469604,0.817605197429657,-0.29190802574157715
-0.016737887635827065,1.092763900756836,-0.23895159363746643
0.15158428251743317,0.23074553906917572,-0.3039785325527191
-0.04463210329413414,-0.41241878271102905,-0.39930132031440735
-0.42445534467697144,-0.6904453635215759,-0.3411314785480499
-0.5193502902984619,-0.3075335621833801,-0.25704771280288696
-0.3727553188800812,0.11426084488630295,-0.28104493021965027
-0.1787438541650772,0.0882195308804512,-0.2653273344039917
-0.029805775731801987,0.19086334109306335,-0.1829429715871811
0.07499875128269196,0.44603824615478516,-0.08647715300321579
0.1276390701532364,0.5767711997032166,-0.017245618626475334
0.14951582252979279,0.583328902721405,0.024060701951384544
0.11825164407491684,0.5009024739265442,0.08517012745141983
0.013099358417093754,0.3716779053211212,0.15941612422466278
-0.09708546847105026,0.32209062576293945,0.11958083510398865
-0.19694440066814423,0.22831779718399048,0.20187747478485107
-0.2942246198654175,0.05467784032225609,0.22665445506572723
-0.3463303744792938,-0.08732878416776657,0.2261800318956375
-0.3352748155593872,-0.09030885994434357,0.27695000171661377
-0.3023848235607147,-0.005495218560099602,0.26061615347862244
-0.26916083693504333,0.09855901449918747,0.14778760075569153
-0.3775666058063507,-0.22122052311897278,0.1449958086013794
-0.562799334526062,-0.8514067530632019,0.04367850720882416
-0.6571075320243835,-1.3889940977096558,-0.28376466035842896
-0.6844603419303894,-1.8671987056732178,-0.5198866128921509
-0.7366611957550049,-2.0392580032348633,-0.630401611328125
-0.8312371969223022,-2.183093547821045,-0.6150266528129578
-0.9363756775856018,-2.3457391262054443,-0.5673512816429138
-1.0395534038543701,-2.316962957382202,-0.5461363196372986
-0.925844132900238,-2.190321207046509,-0.4458818733692169
-0.5375105142593384,-1.6240601539611816,-0.37184545397758484
-0.25120115280151367,-1.12086820602417,-0.2592542767524719
-0.14920049905776978,-0.7669200301170349,-0.14452821016311646
-0.17765985429286957,-0.5829169154167175,-0.012097302824258804
-0.28645530343055725,-0.4653410315513611,0.12822678685188293
-0.4266152083873749,-0.3166656494140625,0.2373466193675995
-0.5463458895683289,-0.17666968703269958,0.33292877674102783
-0.6049346923828125,-0.08582191914319992,0.4238826334476471
-0.5956858396530151,-0.036847714334726334,0.4951415956020355
-0.5527961254119873,-0.030443614348769188,0.5378456711769104
-0.49919232726097107,-0.08923262357711792,0.5447389483451843
-0.44782763719558716,-0.16511507332324982,0.5388398766517639
-0.39017099142074585,-0.24451430141925812,0.5192581415176392
-0.3525201678276062,-0.32126331329345703,0.48419278860092163
-0.32781320810317993,-0.372190922498703,0.43873661756515503
-0.3305988907814026,-0.4120480716228485,0.4230698347091675
-0.3330308794975281,-0.43790575861930847,0.4169679880142212
-0.3430677652359009,-0.4616451561450958,0.423470675945282
-0.3319544196128845,-0.47948431968688965,0.4273785948753357
-0.2974703907966614,-0.45738455653190613,0.4214805066585541
-0.2660224735736847,-0.43004509806632996,0.4061287045478821
-0.23822021484375,-0.4226439893245697,0.38788601756095886
-0.2304895967245102,-0.4687182605266571,0.36761003732681274
-0.24731703102588654,-0.5405908823013306,0.34106460213661194
-0.29812905192375183,-0.6056553721427917,0.29149943590164185
-0.367966890335083,-0.6678816080093384,0.23370665311813354
-0.47928860783576965,-0.6362248659133911,0.1955006867647171
-0.5134845972061157,-0.7261056303977966,0.18599878251552582
-0.5852645039558411,-0.8215051293373108,0.20057399570941925
-0.6261921525001526,-0.8171291947364807,0.1511216163635254
-0.7163896560668945,-1.0995206832885742,0.10343451797962189
-0.6873980164527893,-1.3445466756820679,0.0451941080391407
-0.6178964376449585,-1.4709192514419556,-0.011568505316972733
-0.5414202213287354,-1.552994728088379,-0.06673397123813629
-0.4726193845272064,-1.5772989988327026,-0.07936933636665344
-0.40567636489868164,-1.52497398853302,-0.05349033698439598
-0.3023419678211212,-1.3514739274978638,0.002751363907009363
-0.14345137774944305,-1.0516376495361328,0.10735255479812622
0.05893900245428085,-0.6114611029624939,0.24447473883628845
0.2643739879131317,-0.14088523387908936,0.37663882970809937
0.4393945336341858,0.2256869077682495,0.491544634103775
0.5497602820396423,0.45159411430358887,0.5807957649230957
0.5652441382408142,0.47834450006484985,0.6177505850791931
0.5195299983024597,0.293857604265213,0.5767524838447571
0.415900856256485,0.1402805596590042,0.4528963267803192
0.2769968807697296,-0.071816086769104,0.3144559860229492
0.1133221983909607,-0.3838573396205902,0.1981128752231598
-0.0404047816991806,-0.6124566793441772,0.04700511321425438
-0.16462047398090363,-0.6807454228401184,-0.10714930295944214
-0.2712346613407135,-0.6769242882728577,-0.21785882115364075
-0.38315799832344055,-0.6881910562515259,-0.2874152660369873
-0.47733697295188904,-0.6540018916130066,-0.34760594367980957
-0.49610158801078796,-0.5047921538352966,-0.4038497805595398
-0.4297579824924469,-0.18142075836658478,-0.4577418863773346
-0.3297610878944397,0.1277325600385666,-0.49431002140045166
-0.24531430006027222,0.2946108281612396,-0.5122441649436951
-0.2073136568069458,0.3089679479598999,-0.5745682120323181
-0.18696196377277374,0.14283767342567444,-0.6688234210014343
-0.1315453052520752,0.028542522341012955,-0.7505755424499512
-0.06596193462610245,0.04022881016135216,-0.7966334223747253
-0.029109377413988113,0.057669054716825485,-0.8045405745506287
-0.05913200601935387,0.061005979776382446,-0.7754656672477722
-0.13625235855579376,0.008250890299677849,-0.749335527420044
-0.24052304029464722,-0.09307698160409927,-0.771342396736145
-0.37469547986984253,-0.2177363634109497,-0.8172376751899719
-0.48220691084861755,-0.338564932346344,-0.8552637100219727
-0.5088715553283691,-0.4295435845851898,-0.8734813332557678
-0.4665599763393402,-0.4360261559486389,-0.8492151498794556
-0.4029756784439087,-0.4791504740715027,-0.8027320504188538
-0.34810253977775574,-0.3615380823612213,-0.7469474673271179
-0.2657757103443146,-0.29130226373672485,-0.7222088575363159
-0.22601622343063354,-0.24824921786785126,-0.6567366719245911
-0.14841890335083008,-0.22759027779102325,-0.5600681900978088
-0.09251287579536438,-0.26014676690101624,-0.48353859782218933
-0.05191698297858238,-0.3504127562046051,-0.43326690793037415
-0.014742439612746239,-0.3173080384731293,-0.43742233514785767
-0.016288669779896736,-0.22923889756202698,-0.40650835633277893
-0.026093801483511925,-0.26245957612991333,-0.3103667199611664
-0.06675947457551956,-0.23873429000377655,-0.23833246529102325
-0.05780339986085892,-0.25699442625045776,-0.20983542501926422
-0.17918922007083893,-0.5533765554428101,-0.16549831628799438
-0.28275492787361145,-0.6551704406738281,-0.2937631607055664
-0.1992509663105011,-0.23185433447360992,-0.3220033347606659
0.2540871500968933,0.6201291680335999,-0.34490424394607544
0.6734327673912048,1.249468207359314,-0.22135326266288757
0.9674601554870605,1.5820289850234985,-0.05057816952466965
1.1958856582641602,1.817604660987854,0.08591921627521515
1.2834439277648926,1.7251368761062622,0.18356071412563324
1.221599817276001,1.2058042287826538,0.2228652536869049
1.094002604484558,0.78412926197052,0.2126574069261551
1.0044423341751099,0.38902589678764343,0.16758579015731812
0.8685871958732605,0.0909150168299675,0.10019233077764511
0.7287682890892029,-0.049729183316230774,0.039549753069877625
0.6330265998840332,-0.041912563145160675,0.031600698828697205
0.5717357993125916,0.07964475452899933,0.07640678435564041
0.5139910578727722,0.19019638001918793,0.1739031821489334
0.4758404791355133,0.2972509264945984,0.3019953966140747
0.4828186631202698,0.46010470390319824,0.4168340265750885
0.5102220773696899,0.5841904282569885,0.5223162770271301
0.5287284255027771,0.6237743496894836,0.5909247994422913
0.5601441264152527,0.6312312483787537,0.631824254989624
0.5645005702972412,0.6181261539459229,0.6421011090278625
0.5394607186317444,0.6618912220001221,0.6364618539810181
0.46759694814682007,0.7217044234275818,0.6299816370010376
0.3749852478504181,0.7722895741462708,0.605891764163971
0.25010251998901367,0.7776383757591248,0.5835729241371155
0.09274007380008698,0.7045636177062988,0.5855218172073364
-0.02781027741730213,0.609508216381073,0.5764638185501099
-0.05780971795320511,0.5430671572685242,0.5120848417282104
-0.05169238522648811,0.417527973651886,0.40743759274482727
-0.04427308589220047,0.23994040489196777,0.28820523619651794
-0.04769979417324066,0.18672536313533783,0.1815447062253952
-0.09270907938480377,0.1738729476928711,0.13168713450431824
-0.12731929123401642,0.19534838199615479,0.11608042567968369
-0.1705692857503891,0.23909986019134521,0.1388256847858429
-0.1773238331079483,0.26107707619667053,0.15722957253456116
-0.13880227506160736,0.22527487576007843,0.13981543481349945
-0.10501690953969955,0.1576334834098816,0.10387414693832397
-0.06595019996166229,0.08684160560369492,0.08018852770328522
-0.0648886039853096,0.040985506027936935,0.07157373428344727
-0.12223471701145172,0.03438645973801613,0.11644932627677917
-0.23036837577819824,0.0945267528295517,0.15490463376045227
-0.3848802149295807,0.14245833456516266,0.1327923983335495
-0.5626257658004761,0.04539848119020462,0.07169468700885773
-0.6801159381866455,-0.11297411471605301,-0.018512433394789696
-0.6842402219772339,-0.2567841410636902,-0.1142946109175682
-0.6241361498832703,-0.37695184350013733,-0.16055426001548767
-0.5300805568695068,-0.3842761218547821,-0.17302057147026062
-0.43660521507263184,-0.2976245880126953,-0.16242358088493347
-0.34195220470428467,-0.16368460655212402,-0.13606345653533936
-0.21968302130699158,-0.018839268013834953,-0.09659674018621445
-0.10334651917219162,0.03443678095936775,-0.04130663722753525
-0.042807549238204956,0.0059260418638587,0.0026432410813868046
0.021539442241191864,-0.035592686384916306,0.029123956337571144
0.0861075147986412,0.0013605360873043537,0.019872134551405907
0.10853894799947739,0.05353998765349388,-0.009255765937268734
0.09559066593647003,0.04370653256773949,-0.03884534910321236
0.07300981134176254,0.018239637836813927,-0.06661338359117508
0.040162116289138794,0.0015059305587783456,-0.08137315511703491
-0.0030508493073284626,-0.006532533559948206,-0.07628241181373596
-0.06645991653203964,-0.005120259243994951,-0.059349238872528076
-0.14599326252937317,-0.004547035321593285,-0.04666518419981003
-0.2090739607810974,-0.010915451683104038,-0.05329166352748871
-0.2562745213508606,-0.043194618076086044,-0.07324764132499695
-0.2903808355331421,-0.10041876137256622,-0.09521844983100891
-0.32697880268096924,-0.14478778839111328,-0.1065317690372467
-0.34867557883262634,-0.1633995622396469,-0.11239232122898102
-0.3482239246368408,-0.1803935021162033,-0.11172568053007126
-0.32261762022972107,-0.18598081171512604,-0.10604435205459595
-0.25755664706230164,-0.14699804782867432,-0.08800239861011505
-0.1564854234457016,-0.08007466793060303,-0.061184633523225784
-0.04730726033449173,-0.00817037746310234,-0.03808283060789108
0.053198572248220444,0.03738512471318245,-0.01729978807270527
0.11793649196624756,0.06536687910556793,-0.0074138157069683075
0.13603506982326508,0.0709584504365921,-0.004416161682456732
0.12042512744665146,0.055450741201639175,-0.017801105976104736
0.09391681849956512,0.04670332372188568,-0.04347238317131996
0.08037987351417542,0.03872630000114441,-0.06983601301908493
0.09335079789161682,0.03669457510113716,-0.0919162854552269
0.12415659427642822,0.032464880496263504,-0.12165990471839905
0.1648361086845398,0.024035179987549782,-0.13734112679958344
0.20322296023368835,0.014179143123328686,-0.14559097588062286
0.23511964082717896,0.00890501867979765,-0.16027110815048218
0.2561836540699005,0.006443193182349205,-0.17448866367340088
0.28016355633735657,0.0006609378033317626,-0.20448864996433258
0.3002568185329437,0.0009991662809625268,-0.20960408449172974
0.3173907995223999,0.015244681388139725,-0.19239473342895508
0.31471920013427734,0.0479653961956501,-0.1697058379650116
0.29897165298461914,0.0841260626912117,-0.1608758568763733
0.286329060792923,0.1232856810092926,-0.16760294139385223
0.29428204894065857,0.14907172322273254,-0.20794157683849335
0.3094988465309143,0.15893051028251648,-0.2703303396701813
0.32636067271232605,0.1275760531425476,-0.31302136182785034
0.3412686884403229,0.07566561549901962,-0.34420377016067505
0.3571757376194,0.038185618817806244,-0.3649362027645111
0.37657561898231506,0.02602229081094265,-0.3745245337486267
0.4047212600708008,0.03991546854376793,-0.3639669716358185
0.4471634328365326,0.0839744359254837,-0.3336663246154785
0.5032099485397339,0.165727898478508,-0.3010857403278351
0.5754899978637695,0.2709922790527344,-0.26752370595932007
0.6541688442230225,0.366512656211853,-0.2281952053308487
0.7120278477668762,0.4193042814731598,-0.20695264637470245
0.705538809299469,0.4172472357749939,-0.21200652420520782
0.6478230357170105,0.35856929421424866,-0.2320200800895691
0.5664672255516052,0.2631354331970215,-0.26305338740348816
0.4812542498111725,0.16165268421173096,-0.29820770025253296
0.3974757492542267,0.07833834737539291,-0.3328663408756256
0.3309503495693207,0.015609604306519032,-0.3539793789386749
0.28148266673088074,-0.004216031637042761,-0.3791044354438782
0.22257082164287567,0.02152121253311634,-0.4146711528301239
0.15366339683532715,0.03072323277592659,-0.45485666394233704
0.08170761913061142,0.02788631245493889,-0.4925866425037384
0.00654575927183032,0.007772522978484631,-0.521867036819458
-0.05701420456171036,-0.04164044186472893,-0.5315608382225037
-0.083546482026577,-0.09403280168771744,-0.5231902599334717
-0.06626655906438828,-0.1280331164598465,-0.5072656273841858
-0.03914838656783104,-0.13288860023021698,-0.49326401948928833
-0.027461741119623184,-0.13091051578521729,-0.49921897053718567
-0.03680464252829552,-0.1306748390197754,-0.5203668475151062
-0.04964732006192207,-0.12580665946006775,-0.5395810604095459
-0.08994413912296295,-0.08041947335004807,-0.5781774520874023
-0.17189763486385345,-0.13329125940799713,-0.6006854176521301
-0.3067752718925476,-0.2790878415107727,-0.602560818195343
-0.4643614888191223,-0.4567713141441345,-0.6229335069656372
-0.35797566175460815,-0.5015776753425598,-0.5889970660209656
0.5818239450454712,-0.1941358894109726,-0.43327149748802185
0.6808136701583862,-0.0373646505177021,-0.31401780247688293
0.6930474042892456,-0.06219300255179405,-0.2711390554904938
0.5069862008094788,-0.0853332057595253,-0.28386470675468445
0.30041077733039856,-0.13387878239154816,-0.3704785704612732
0.21720373630523682,-0.21165825426578522,-0.37133026123046875
-0.026134105399250984,-0.11017322540283203,-0.2715844213962555
-0.011132252402603626,-0.14650167524814606,-0.33483874797821045
-0.05291825905442238,0.2620067894458771,-0.24027736485004425
0.0779912918806076,0.4798291325569153,-0.14428798854351044
0.1767403930425644,0.4988333284854889,-0.11583701521158218
0.25781527161598206,0.46412143111228943,-0.12674185633659363
0.29427632689476013,0.3756439685821533,-0.15370912849903107
0.3347760736942291,0.23341411352157593,-0.13290825486183167
0.3214915692806244,0.2135237157344818,-0.1229376345872879
0.2591637670993805,0.26016950607299805,-0.11924596130847931
0.24214190244674683,0.3245287835597992,-0.09861072897911072
0.27112215757369995,0.4509948492050171,-0.06643601506948471
0.2908036708831787,0.5499706864356995,-0.04743654280900955
0.38390833139419556,0.5196937322616577,-0.01463518850505352
0.4292566478252411,0.5271220803260803,-0.0512247309088707
0.4675643742084503,0.4703323245048523,-0.09900769591331482
0.48809993267059326,0.3459964394569397,-0.1530439257621765
0.5082802772521973,0.18565256893634796,-0.17048843204975128
0.5317954421043396,0.08431551605463028,-0.17101062834262848
0.5083612203598022,0.021890226751565933,-0.16856372356414795
0.4731212556362152,-0.03108556754887104,-0.1598391979932785
0.4408472180366516,-0.04500777646899223,-0.14108654856681824
0.4350697696208954,-0.016068514436483383,-0.14304333925247192
0.436818927526474,0.03894760087132454,-0.14351044595241547
0.422660768032074,0.0971296951174736,-0.12430677562952042
0.4096187353134155,0.18266668915748596,-0.032940372824668884
0.42597606778144836,0.3777540326118469,0.0386708565056324
0.4373525381088257,0.6322132349014282,0.05896121263504028
0.4740552604198456,0.7871840000152588,0.05203454568982124
0.5710877776145935,0.8843614459037781,0.05026247724890709
0.7088070511817932,0.9722923636436462,0.0752616748213768
0.8219780921936035,1.0483136177062988,0.10829605907201767
0.9539017081260681,1.1996829509735107,0.102614626288414
1.0412936210632324,1.379206895828247,0.07334169745445251
1.1210029125213623,1.4991782903671265,0.01888314262032509
1.2416185140609741,1.6364970207214355,-0.07692274451255798
1.424590826034546,1.7001826763153076,-0.21169903874397278
1.6684088706970215,1.747999906539917,-0.5112085342407227
1.849040150642395,1.4065779447555542,-0.6838224530220032
1.91800057888031,0.8638949394226074,-0.7887720465660095
2.09462308883667,-0.5633461475372314,-1.170451283454895
2.4089460372924805,-2.7545199394226074,-1.828274130821228
2.337602138519287,-3.4598817825317383,-2.174591541290283
2.2184674739837646,-3.469196081161499,-2.2662665843963623
2.2489993572235107,-2.9875266551971436,-2.136070489883423
1.9967814683914185,-0.483882337808609,-1.6299129724502563
1.3411096334457397,1.722611904144287,-1.4718189239501953
0.9905543923377991,2.4806766510009766,-1.1928887367248535
0.5910534262657166,2.172107458114624,-1.0033612251281738
0.2502375841140747,1.4638663530349731,-0.8003059029579163
0.051169268786907196,0.9127600789070129,-0.6320851445198059
0.038940299302339554,0.8914875388145447,-0.6056309342384338
0.22692060470581055,1.2722340822219849,-0.7479881644248962
0.5065014362335205,1.6444398164749146,-0.9866816997528076
0.7888184785842896,1.6983991861343384,-1.2578574419021606
0.994269609451294,1.4724345207214355,-1.5208020210266113
1.1206475496292114,1.2401200532913208,-1.6694989204406738
1.131662130355835,1.2314133644104004,-1.6690609455108643
1.0826107263565063,1.483087420463562,-1.5186153650283813
0.9757556319236755,1.8157833814620972,-1.309498906135559
0.8658406138420105,2.0555877685546875,-1.0720551013946533
0.7604465484619141,2.2011468410491943,-0.79771488904953
0.6469935178756714,2.2830355167388916,-0.5317181944847107
0.5805439352989197,2.314445734024048,-0.3252590000629425
0.5779061913490295,2.2713615894317627,-0.19149625301361084
0.6389732360839844,2.212859869003296,-0.1732085943222046
0.7113520503044128,2.097993850708008,-0.26580488681793213
0.850848913192749,1.9254875183105469,-0.39104482531547546
1.0142533779144287,1.6940994262695312,-0.4802662134170532
1.183165192604065,1.3809987306594849,-0.5228395462036133
1.3392233848571777,0.9559873342514038,-0.5365615487098694
1.4714319705963135,0.5418333411216736,-0.5491748452186584
1.533969521522522,0.26435425877571106,-0.5846899151802063
1.4824717044830322,0.14208532869815826,-0.6229390501976013
1.3592848777770996,0.15716370940208435,-0.6424912214279175
1.2401984930038452,0.19531802833080292,-0.5788163542747498
1.1057220697402954,0.22243627905845642,-0.4459962248802185
0.9785435795783997,0.23070725798606873,-0.2924969494342804
0.8961308002471924,0.22107845544815063,-0.18539825081825256
0.8206459283828735,0.252956748008728,-0.16157573461532593
0.7541429996490479,0.3020166754722595,-0.17314046621322632
0.6715591549873352,0.29984140396118164,-0.1862935572862625
0.6123707890510559,0.25806739926338196,-0.19865114986896515
0.5751603245735168,0.24821719527244568,-0.19358529150485992
0.5478257536888123,0.27677252888679504,-0.2084185630083084
0.5669246315956116,0.27264463901519775,-0.22657226026058197
0.5503196120262146,0.24605543911457062,-0.24152091145515442
0.500903308391571,0.22759254276752472,-0.22937288880348206
0.46476101875305176,0.2648477852344513,-0.1691533476114273
0.43929481506347656,0.38420453667640686,-0.08929978311061859
0.44120118021965027,0.5200151801109314,-0.025840066373348236
0.44543027877807617,0.5852455496788025,0.03610985353589058
0.4423059821128845,0.5737224221229553,0.1213085800409317
0.3921107351779938,0.5330320000648499,0.1773073971271515
0.3430270552635193,0.48865172266960144,0.18538540601730347
0.3418419361114502,0.4549750089645386,0.1875969022512436
0.3708667457103729,0.4914766252040863,0.22056278586387634
0.42105984687805176,0.5713538527488708,0.2703438997268677
1.2108359336853027,1.627022624015808,-0.11947941780090332
0.8900880813598633,3.344597578048706,-0.32229697704315186
0.6169633269309998,2.6099796295166016,-0.11395096778869629
0.22876980900764465,1.1936237812042236,0.11213809251785278
2.1888030460104346e-05,0.06441804766654968,0.06263994425535202
-0.06359916925430298,-0.3308003842830658,0.049914561212062836
-0.01267954334616661,-0.31911951303482056,0.14041772484779358
-0.023157484829425812,-0.15683792531490326,0.32916712760925293
-0.017520099878311157,0.03290431946516037,0.34480223059654236
0.020902389660477638,0.21870693564414978,0.2704206705093384
0.03643558546900749,0.3236709535121918,0.1846308410167694
0.0238335058093071,0.3589983284473419,0.16025598347187042
0.023462725803256035,0.45727500319480896,0.17357802391052246
0.030033010989427567,0.6150598526000977,0.12087032943964005
0.030125705525279045,0.7352163791656494,0.05756097659468651
0.011702755466103554,0.7907353043556213,0.03470359742641449
-0.00938783586025238,0.8175475001335144,0.056544285267591476
-0.05692685768008232,0.7598274946212769,0.09035045653581619
-0.09725145995616913,0.6202604174613953,0.10257718712091446
-0.09915481507778168,0.4487733840942383,0.10234815627336502
-0.09757145494222641,0.3766835927963257,0.10653550177812576
-0.09036574512720108,0.44547730684280396,0.10640207678079605
-0.09419150650501251,0.5315702557563782,0.09208113700151443
-0.11701852828264236,0.5725493431091309,0.09377304464578629
-0.14605282247066498,0.5914173126220703,0.09339380264282227
-0.1762906163930893,0.5965622663497925,0.08994501084089279
-0.2870993912220001,0.5124983191490173,0.08131200820207596
-0.34192803502082825,0.10290813446044922,0.06707261502742767
-0.031501688063144684,-0.04036642611026764,0.02728254161775112
-0.018277231603860855,0.00444578705355525,0.0807710662484169
-0.010624943301081657,0.013026442378759384,0.09704042226076126
-0.0066786715760827065,0.010468476451933384,0.07608027756214142
-0.00688397791236639,0.01084933616220951,0.05097178369760513
-0.006395021919161081,0.007773918565362692,0.03367002308368683
-0.003793019335716963,0.010056550614535809,0.014124387875199318
-0.0018153557321056724,0.011687736958265305,0.00592318270355463
-0.002792337443679571,0.012751583009958267,0.006618006620556116
0.0011139872949570417,0.010605075396597385,0.021034495905041695
-0.00025772611843422055,0.009905029088258743,0.03450987860560417
-0.0005248411907814443,0.009060008451342583,0.037789829075336456
0.0028545637615025043,0.004803825635462999,0.034405000507831573
0.0007860866608098149,0.0032549311872571707,0.03385638818144798
-0.0006213001906871796,-0.00030878977850079536,0.06405840069055557
0.0031931453850120306,-0.0010760464938357472,0.07861416786909103
-0.0005818967474624515,-0.0018244088860228658,0.06332240253686905
-0.0029180217534303665,-0.004519527778029442,0.03048589453101158
-0.000268639181740582,-0.0015915639232844114,-2.444768324494362e-05
-0.0005959416157566011,-0.003360435366630554,-0.019220246002078056
-0.00047055381583049893,-0.0031088232062757015,-0.03365069255232811
0.0019814185798168182,-0.0001457901526009664,-0.06576761603355408
-0.0024746109265834093,0.0008557892870157957,-0.13520313799381256
0.0014218599535524845,0.0019428915111348033,-0.2199028581380844
0.0034898328594863415,0.0006299886736087501,-0.2833790183067322
0.0016093750018626451,-0.0011149144265800714,-0.12955884635448456
0.0015960137825459242,-0.0015093854162842035,-0.006625839974731207
0.0022929629776626825,0.0014520497061312199,-0.0005839262157678604
9.251563460566103e-05,0.0020804377272725105,-5.58728352189064e-05
0.0037458401639014482,-0.0005326558602973819,-0.0006423010490834713
0.00023462274111807346,0.0003082433540839702,-0.0005470681935548782
-0.002464224584400654,0.0004336782731115818,-0.0034003788605332375
0.0008840804803185165,0.00033129850635305047,-0.0010290504433214664
0.0001346669450867921,0.0004372923285700381,0.0010586017742753029
-0.00044898787746205926,0.00042358660721220076,-0.0010697925463318825
-0.0025827125646173954,-0.0013958850177004933,-0.0001241043210029602
-0.0003723060362972319,-0.003735493402928114,0.0010057678446173668
-0.000571776763536036,-0.0027125731576234102,-0.0006706919521093369
0.001983798108994961,-0.0011210610391572118,-0.0010036402381956577
0.0021593007259070873,-0.0009367702296003699,0.0019013360142707825
8.815451292321086e-05,0.0011263735359534621,0.00038844719529151917
0.001186442095786333,-0.0011655428679659963,0.00039617065340280533
-0.001383808208629489,8.796434849500656e-05,-0.00031004752963781357
0.0003765412839129567,-0.0009179116459563375,0.0015339250676333904
-0.0016093214508146048,0.0015802045818418264,0.0007088794372975826
0.0002604839392006397,-0.00019319442799314857,-0.0012733112089335918
0.0011749849654734135,-0.0012627553660422564,0.00031925830990076065
0.001524125225841999,-0.0015820683911442757,-8.687376976013184e-05
-0.0012788232415914536,-0.00031010719249024987,0.001195705495774746
-0.0011081146076321602,-0.0013237062375992537,5.5872369557619095e-05
0.00037560361670330167,-0.0013803470646962523,0.0013412749394774437
0.001007039099931717,-0.00043199543142691255,-7.153209298849106e-05
0.0010362230241298676,-0.00027047577896155417,-0.0011040945537388325
-0.0015110905515030026,-0.0003570285043679178,-0.0007552206516265869
0.0016345592448487878,0.0023422513622790575,-0.0006274455226957798
0.0001857996394392103,0.0010389004601165652,-0.0011699316091835499
-0.00025251932675018907,-0.00031420151935890317,-8.53310339152813e-05
0.00041540147503837943,0.0013417520094662905,-0.0009418032132089138
0.0013714927481487393,-0.002034315839409828,-0.0009217225015163422
0.0004889211268164217,9.860986028797925e-05,-0.0014418382197618484
0.0007057529874145985,0.001352223800495267,0.0015598656609654427
0.00020987239258829504,-0.0011700560571625829,0.0024546878412365913
0.004106088541448116,-0.0023410336580127478,0.00015440955758094788
-0.0020554009824991226,0.0014494433999061584,-0.0006107166409492493
-0.0012104196939617395,-0.0007746121846139431,-0.0025485933292657137
0.0024210666306316853,0.00046349139302037656,2.348748967051506e-05
0.0024170922115445137,2.7609887183643878e-05,0.0006831004284322262
-0.0005302280769683421,0.0017549361800774932,-0.0008961539715528488
-0.0016301855212077498,0.0008704153588041663,0.0006978530436754227
-0.00024054807727225125,0.0002293924626428634,0.0010038502514362335
0.0010588103905320168,-0.0006001751171424985,0.0005747620016336441
0.000464392825961113,0.0009407298639416695,-0.0010132808238267899
0.00032052892493084073,-0.0016858874587342143,-0.002976352348923683
0.0009146801312454045,-0.00021102881873957813,-6.65825791656971e-05
0.0002465384895913303,-0.00042054400546476245,0.0013281702995300293
0.0010284425225108862,-0.001662642345763743,0.0015646587125957012
2.0231818780303e-06,0.002249247394502163,-0.0010361322201788425
-0.0004150278400629759,0.0017373878508806229,0.0004440522752702236
4.440158954821527e-05,0.00014407859998755157,-0.0023238761350512505
-0.0007982224924489856,-0.0016809856751933694,-0.000792291946709156
-0.0015913504175841808,0.0010790792293846607,-0.0021392670460045338
0.0008616873528808355,1.0086456313729286e-05,-0.00016373395919799805
0.0011003752006217837,0.0003065956989303231,0.0016878042370080948
-0.001992087345570326,-0.001389571581967175,-0.0009465944021940231
0.0017797296168282628,-0.0024708097334951162,-0.0014498787932097912
-0.0008671862306073308,-0.002244174713268876,0.0007951660081744194
-0.00010121645755134523,0.0006881941808387637,-0.0008282428607344627
0.0029126829467713833,-0.0013118397910147905,-0.001505217980593443
0.0005182871827855706,0.0008890617755241692,0.0013379687443375587
0.0024432200007140636,0.00011328299297019839,0.000165645033121109
-0.0005456870421767235,-6.865992327220738e-05,-0.0019286023452877998
-0.0013470322592183948,-0.0005347130936570466,0.00021577486768364906
0.0007341691525653005,-0.0013698413968086243,-0.001118529587984085
-0.001263467944227159,-6.22292936895974e-05,0.0005142544396221638
0.0007839000900276005,0.00015712183085270226,-0.0016404064372181892
-0.0011985569726675749,-0.00010653111530700698,-0.0009676921181380749
-0.0012125024804845452,-0.0027688839472830296,0.0006463923491537571
0.0011127034667879343,-0.000339282036293298,-0.00011287489905953407
-0.0003808260662481189,-9.620031050872058e-06,0.00039033684879541397
-0.0028130910359323025,-0.0023057975340634584,-0.0008003623224794865
0.0029309375677257776,-0.0006567798554897308,-0.0002592718228697777
0.001938377390615642,0.0006098195444792509,-0.001452634111046791
0.0009399225236847997,-0.000624640379101038,0.000665704719722271
-0.0009152354905381799,0.0013740620343014598,-0.0006293905898928642
-0.0009577758028171957,-0.0002518881228752434,0.0010397299192845821
-9.5976865850389e-05,0.001245873630978167,-0.0019171778112649918
0.0007287230109795928,0.0017635327531024814,0.002272574696689844
0.001220076228491962,-0.0008929703617468476,6.37490302324295e-05
-0.0005162181332707405,0.0010166233405470848,0.0011836020275950432
-0.0021785632707178593,0.00016148225404322147,0.0007969113066792488
0.002117936499416828,0.00023731302644591779,0.0004610363394021988
0.0014044756535440683,-0.0032208014745265245,-0.0010582972317934036
0.00012643795344047248,0.00022734847152605653,0.00043793488293886185
0.0006662607192993164,-0.0017742833588272333,-0.002653462579473853
-0.0002426075516268611,0.001228570588864386,-0.0003999299369752407
-0.0020226642955094576,-0.0011214027181267738,0.0011987658217549324
-0.0013683647848665714,-0.0008901996188797057,0.0003008190542459488
-0.00044770995737053454,0.002158587332814932,0.0008539576083421707
-0.00010721807484515011,-0.0008798429626040161,0.002221787814050913
-0.0005034964997321367,0.000887697038706392,-0.00042379600927233696
-0.0004905222449451685,-0.00271329446695745,0.0018279608339071274
0.00013798376312479377,0.0013759892899543047,-0.002478104317560792
-0.0020972348283976316,0.0030976522248238325,0.0007872381247580051
0.0030437312088906765,0.001301882672123611,-0.0003334200009703636
-0.0021807425655424595,-0.0007551711751148105,0.0018177442252635956
0.0016006798250600696,-0.0011301442282274365,0.0008989535272121429
-0.002104701241478324,-0.0019798302091658115,-0.0012508532963693142
0.0029515763744711876,-6.901222513988614e-05,-0.0001970403827726841
-0.001044578617438674,0.0009334607748314738,-0.001431901939213276
-0.0008411131566390395,0.0023364140652120113,0.0006347112357616425
0.0003842785081360489,-0.0013783145695924759,-0.0006635165773332119
0.0029614195227622986,-0.0002286280068801716,7.524434477090836e-05
-0.0005916490335948765,-0.00020727970695588738,-0.0010115629993379116
-0.000432392000220716,-0.0006837192340753973,0.0009890035726130009
-0.0010713627561926842,0.0023784032091498375,0.001354158390313387
0.0019798208959400654,8.755215094424784e-05,-0.0009508072398602962
-0.0009284676052629948,-0.0016622858820483088,0.0018421667627990246
-0.0023061209358274937,-0.0016364532057195902,2.882024273276329e-05
0.00023302918998524547,6.599736661883071e-05,0.0009166523814201355
-0.0013257190585136414,0.00039756091427989304,0.0010479460470378399
0.0011570052010938525,-0.0003127948148176074,-0.0016970899887382984
0.0004486043762881309,-0.0007538142963312566,-0.0006366190500557423
0.0021116973366588354,-0.0015391851775348186,-0.0016122288070619106
-0.003370419843122363,-0.0010600824607536197,-0.0011594914831221104
-0.0022268968168646097,0.00030266778776422143,-0.0008992007933557034
-0.0011142282746732235,-0.00251229340210557,0.0007269252091646194
0.0007713473751209676,-0.00018121425819117576,-0.0016334657557308674
0.0009487138595432043,-3.047933932975866e-05,0.0011295638978481293
0.0006977121229283512,0.0018798017408698797,0.0009046671912074089
-0.004038187209516764,-0.0005386148113757372,0.001927320845425129
0.0013176420470699668,-0.0006366946035996079,-0.0016324850730597973
0.0014795622555539012,0.0013401699252426624,-0.0017134454101324081
-0.0005311452550813556,-0.0001342774194199592,0.0004991227760910988
0.0008923143614083529,-0.0005526600289158523,0.001772646326571703
-0.0005778479971922934,0.0007978417561389506,8.326303213834763e-05
-0.0025121020153164864,0.001427146722562611,0.002382103353738785
-0.0008478460367769003,-0.00026900676311925054,-0.0012453948147594929
-0.00017699578893370926,0.002451412146911025,-0.000440055038779974
0.0026157936081290245,-0.00017965353617910296,0.0006992695853114128
-0.0004569615994114429,0.0011822870001196861,0.0008244384080171585
0.00044287118362262845,-0.0014506360748782754,0.00012318044900894165
-0.0006839122506789863,-0.0016831300454214215,0.0004158620722591877
-0.00029300260939635336,0.0007798854494467378,-0.0015306239947676659
0.0005086088785901666,-0.0019557136110961437,0.003025245852768421
0.0008288304088637233,-0.0008045725990086794,0.0021307840943336487
0.0018062106100842357,-0.0015848787734284997,0.00012249452993273735
-0.0003137872845400125,-0.0011538162361830473,-0.00028354721143841743
-0.0005489444592967629,-0.001524528255686164,0.0006408360786736012
-0.0020174416713416576,0.0005810083821415901,-0.000341096892952919
-0.0017260918393731117,-0.0013162276009097695,0.00019686203449964523
-4.065778921358287e-05,0.00024166121147572994,0.0016061519272625446
0.00013111610314808786,0.0023756520822644234,-0.000676443800330162
0.00011628246284089983,-2.7633559511741623e-05,-0.00032315170392394066
-0.0011617685668170452,0.0005574629176408052,-6.767921149730682e-06
-0.000647616689093411,-0.00023027832503430545,0.00019994238391518593
-0.0022678840905427933,-0.00040072062984108925,-0.0009998120367527008
-0.0011319508776068687,0.0021235973108559847,0.0006196568720042706
-0.0004254142113495618,0.0006508692167699337,-0.0005968748591840267
0.0016603304538875818,0.0012234115274623036,0.0007820432074368
-0.0002768529811874032,0.0010689481860026717,0.0009620729833841324
-0.00024953362299129367,-0.001737299025990069,-0.0005616080015897751
-0.0006905531045049429,-0.0023735284339636564,0.00042163068428635597
0.001249538385309279,3.671761805890128e-05,0.00042684469372034073
-0.002041063504293561,0.0013057139003649354,0.0015126154758036137
0.000179725990165025,-0.000596896861679852,-6.534252315759659e-05
-0.00014091862249188125,-0.001010752166621387,-0.0006373897194862366
0.0007295777322724462,-0.0013272450305521488,0.0005576284602284431
0.0004297058330848813,-9.34024719754234e-05,0.00028598587960004807
0.0004960775258950889,-0.0011117294197902083,9.775394573807716e-05
-0.0009771831100806594,-0.0005524656153284013,-0.0009765652939677238
-0.001046411576680839,-0.0009693959727883339,0.0037325890734791756
-9.592942660674453e-05,-0.0002732456778176129,0.0004736795090138912
0.0019399315351620317,7.775286212563515e-05,6.296113133430481e-05
-0.000611110357567668,0.00013208134623710066,-0.0008789990097284317
-0.001096289255656302,0.0021729255095124245,0.0006138836033642292
-0.0008408920839428902,0.00010418200690764934,-0.0030375763308256865
0.0004422005731612444,0.0007504969253204763,-0.0018982095643877983
-1.0270479833707213e-05,0.0006732652545906603,-4.864390939474106e-05
-0.00041729878284968436,-0.0007875795708969235,0.0011869026347994804
0.00018643983639776707,0.000948535103816539,0.0008263108320534229
0.0007023306097835302,0.0017130639171227813,0.0005085780285298824
0.001665595918893814,-0.0011548942420631647,-0.0020919989328831434
-0.0007021542987786233,-0.0009988249512389302,4.447996616363525e-06
-0.0003623349475674331,0.0019383752951398492,-0.000122052151709795
0.0015694833127781749,-0.0014364433009177446,-0.0016543571837246418
-0.001681703724898398,0.0018392447382211685,0.0012396997772157192
-0.001052174367941916,0.0015085740014910698,0.00026801833882927895
2.2144755348563194e-05,0.001139726140536368,0.0016501988284289837
0.0006844726158306003,0.0002284623187733814,-0.0011770953424274921
-0.0016258195973932743,0.0005355247994884849,-0.00029239337891340256
0.0015643811784684658,0.0009172532591037452,0.0020273770205676556
0.0016903486102819443,0.00108343455940485,0.001650006975978613
-0.00027398503152653575,0.00028350140200927854,0.0009220424108207226
0.0015255128964781761,-0.0003351509221829474,0.0003904756158590317
0.0029144941363483667,0.00035990230389870703,0.0012607080861926079
0.0014348417753353715,0.0005561772268265486,-0.0047308714129030704
-0.0009780765976756811,0.00018354762869421393,0.0022629546001553535
0.0026976182125508785,-0.00048091105418279767,-0.00011338386684656143
0.0007566220010630786,-0.001317745540291071,0.0005068276077508926
0.0011662160977721214,-0.00021200116316322237,0.0006727422587573528
0.0006953789852559566,0.0008858314831741154,0.0007942779920995235
-0.0008167638443410397,-0.001191700343042612,-0.0011967015452682972
0.0009689285652711987,-0.0007221100968308747,-0.0001964503899216652
-0.0007903556688688695,-0.0008012059843167663,0.0018856092356145382
0.001807750086300075,-0.0022496457677334547,0.0008070277981460094
-0.0010040153283625841,-4.854313738178462e-05,0.002590546850115061
0.0013614729978144169,0.0015168841928243637,-0.0005819578655064106
0.00016784417675808072,0.0005192640237510204,0.0014641489833593369
-0.0010363560868427157,0.0018215973395854235,0.0019772020168602467
0.0004744551843032241,-0.002226407639682293,-0.0007059331983327866
0.0005290597910061479,5.4165066103450954e-05,0.0026329956017434597
0.001196181634441018,0.001284811762161553,-0.00217827083542943
0.0026667085476219654,0.0012751328758895397,-0.002810287056490779
0.00010075297905132174,0.0020322694908827543,-0.000772169791162014
0.000629018060863018,-0.0003917489666491747,0.00012326985597610474
0.0012524640187621117,-0.002617885125800967,-0.0016168397851288319
0.0006294020568020642,0.0010691651841625571,0.0013556350022554398
0.0020917439833283424,0.00030350644374266267,0.002588412258774042
0.0024948108475655317,0.002075861906632781,-0.0004508611746132374
0.001358972629532218,-0.0003276409406680614,-0.000575763639062643
0.0007495585596188903,-0.0002898517996072769,-0.0005147061310708523
-0.0008632518001832068,-3.099254900007509e-05,-0.002089965622872114
-0.0004776475252583623,-0.00023693821276538074,0.0011704834178090096
0.00018468059715814888,0.0011100886622443795,0.0009782030247151852
-0.0003197550540789962,0.000296802434604615,0.002793597523123026
-0.0020468151196837425,-0.0004201205156277865,-0.00044693704694509506
-0.0004854864673689008,0.0013053894508630037,0.00012375740334391594
0.0012924398761242628,-0.0003628145786933601,0.0027008987963199615
0.0009566880762577057,-0.0025209623854607344,-1.008063554763794e-05
-0.002094761934131384,-3.649947393569164e-05,0.000318287406116724
0.0003010143991559744,0.00042405418935231864,0.0017024851404130459
0.00038836608291603625,-0.0004148415173403919,-0.00032524578273296356
0.001308955019339919,-0.0015319841913878918,0.00036606984212994576
0.0006524858763441443,-0.0016710013151168823,0.001132527831941843
6.16929610259831e-05,0.00039964058669283986,-0.0002706381492316723
0.0009613087750039995,-1.767675712471828e-05,6.225705146789551e-05
-0.001243065344169736,-0.0010038944892585278,2.6640482246875763e-05
0.0004701462166849524,-0.0005394392646849155,0.0006903004832565784
0.0008731257985346019,-0.00015070298104546964,0.0012465612962841988
0.00019561764202080667,0.0011776817264035344,1.3517681509256363e-05
-0.0006695414194837213,-0.0010174775961786509,0.0008898829109966755
-0.0010953808669000864,-0.0002411661553196609,0.0004920065402984619
0.002084157895296812,-0.0005103526636958122,-0.0002637556754052639
6.361765554174781e-05,0.0012643778463825583,-0.0022997420746833086
-0.002965114079415798,-0.00035758427111431956,-0.0007363646291196346
-0.0016583009855821729,0.002196919871494174,0.0011307778768241405
-0.00048347990377806127,0.00033779049408622086,-9.938608855009079e-06
-0.00045631566899828613,0.0007013119757175446,-0.000873601995408535
0.001134531106799841,-0.0013949162093922496,-0.0007533393800258636
0.0012423890875652432,-0.0026671080850064754,-0.002044705906882882
-0.0011462017428129911,0.00012063227768521756,0.00018630968406796455
-0.0007328792125917971,-0.0016868551028892398,-0.0013215718790888786
-0.00019086303655058146,0.0014337943866848946,0.0001452299766242504
-0.00021989148808643222,0.001959236105903983,0.00271544698625803
0.0017845374532043934,-0.0015397556126117706,0.0004770644009113312
0.0017323395004495978,0.0015905238687992096,0.0026629874482750893
-0.0006178242620080709,-0.0006285764393396676,0.0006657429039478302
0.0022988696582615376,0.0007240430568344891,0.004173392429947853
5.811423761770129e-06,-0.0014743636129423976,2.9844697564840317e-05
-0.0009196370374411345,-0.0008890007738955319,0.00044236844405531883
0.0006161007913760841,-0.00032197634573094547,0.00021327612921595573
0.0015103903133422136,-0.0014532872010022402,-0.0007033837027847767
0.00017125805607065558,0.00032259407453238964,0.0008392492309212685
-0.0008750979322940111,-7.87442913861014e-05,-0.0008025895804166794
-0.0007143431575968862,0.00117468589451164,7.184967398643494e-05
0.00045105614117346704,0.0011752186110243201,-2.6154331862926483e-05
-0.0012935696868225932,-0.0016124896937981248,0.0003176778554916382
-3.5345146898180246e-06,-0.002719033043831587,-0.0006772791966795921
-0.0011576260440051556,3.964931966038421e-05,0.0008959844708442688
-0.0012553641572594643,-0.0012842081487178802,0.0017726970836520195
-0.0021562762558460236,0.001053005806170404,-0.0028139431960880756
0.0003968960663769394,-0.001038374612107873,-0.003132457146421075
-0.0004939154605381191,-0.00025851678219623864,9.323470294475555e-06
-0.0021591901313513517,0.001652034930884838,-0.0017041540704667568
-0.00015557871665805578,-0.000632970011793077,0.0009194687008857727
-0.0014040686655789614,0.0012538796290755272,0.0009732646867632866
0.0006347484886646271,-0.0018479315331205726,0.00016112951561808586
8.374045137315989e-05,0.0007696895627304912,0.00048390449956059456
-0.0008038976229727268,-0.001532317022792995,5.459599196910858e-05
-0.001524282735772431,0.0001571923930896446,-0.0010972213931381702
0.0010571404127404094,-0.00032649587956257164,-0.0007122275419533253
-0.0009295777417719364,0.0011150732170790434,-0.0003013019450008869
0.003065444529056549,-0.00027721404330804944,0.0004889112897217274
-0.002778063528239727,-0.0011986678000539541,-0.0021670591086149216
-0.002176443347707391,0.0009110781247727573,-0.0023036294151097536
0.0003538260643836111,0.00035687422496266663,-0.0019507603719830513
-0.000177504844032228,-0.000409262313041836,0.00179598992690444
0.002043837681412697,0.0019015625584870577,0.0004995632916688919
0.0008759201737120748,0.00010499867494218051,9.011989459395409e-05
0.0009739244123920798,0.0017937091179192066,-0.0010063033550977707
0.00019073294242843986,-0.0002974136150442064,-0.0016406984068453312
-0.0007288565393537283,-0.001637782552279532,0.0008309814147651196
-0.0007130660815164447,-0.00012630246055778116,0.0004679514095187187
-0.0004803058400284499,0.0024974439293146133,0.0012831445783376694
-0.0012631193967536092,-0.002476890105754137,-0.0009091589599847794
4.1563151171430945e-05,-0.0012206771643832326,6.968621164560318e-06
0.0031561541836708784,-0.00024122762260958552,0.0024788174778223038
-2.6855850592255592e-05,-0.0021443224977701902,0.00023324042558670044
-0.0005426962161436677,0.0007132876780815423,0.0015645050443708897
-0.0016383207403123379,0.0019660387188196182,-0.0005673556588590145
-0.00013589340960606933,0.0008708683890290558,-0.00026016635820269585
-0.0014672076795250177,0.001483928062953055,0.0025454736314713955
-0.000224132469156757,-0.0002824742114171386,0.0009551071561872959
-0.0016268194885924459,-0.0003708911535795778,0.0007596309296786785
0.00036002244451083243,-0.0013355292612686753,0.0023922626860439777
0.00019677067757584155,0.00046796342940069735,0.0006689312867820263
0.001555094844661653,0.0002499425027053803,-0.001784108579158783
-0.0003445379843469709,-0.001034766435623169,-0.00039713457226753235
0.0021115639247000217,-0.001675121602602303,-0.0010254434309899807
-0.0007310943328775465,0.00020240701269358397,-0.0010358300060033798
0.00014756922610104084,-0.0013912454014644027,-0.0011092405766248703
-0.0004585662391036749,-0.0016274678055197,0.0010377997532486916
0.002940366743132472,1.8242397345602512e-05,0.0017799749039113522
-0.0019758285488933325,-0.0012086759088560939,0.0008800928480923176
-0.0011139009147882462,0.0012950821546837687,-2.1544285118579865e-05
6.934153498150408e-05,-0.001910564722493291,-0.0010125068947672844
0.0017048344016075134,-0.0004882668436039239,-3.8176774978637695e-05
-0.0006637810147367418,0.0004912437871098518,-0.0003332551568746567
0.000950177782215178,-6.862980080768466e-05,-5.692429840564728e-05
-0.0012325490824878216,-0.0003903396427631378,-5.50602562725544e-05
0.0002433717017993331,0.0001450480194762349,0.001717633567750454
0.001183467567898333,0.0002164207398891449,-0.0005420586094260216
0.00120232452172786,-0.0014471403555944562,-0.0006910413503646851
-0.00014816445764154196,-0.00018959565204568207,-0.000919007696211338
0.001021177158690989,5.034329660702497e-05,0.0007278486154973507
-0.0007168017327785492,-2.3872926249168813e-06,0.00303867319598794
0.0017173740779981017,0.0010745127219706774,-0.002190136816352606
0.00021828064927831292,0.0002854181220754981,0.001347073819488287
0.002506768796592951,0.0003259720397181809,0.0016936440952122211
0.0008540111593902111,-0.0005715131992474198,-0.0007255715318024158
-0.00021580781321972609,0.002466075122356415,-0.0007287389598786831
-0.0006541641196236014,-0.0008559521520510316,-0.0025708472821861506
0.0030385004356503487,0.0007652352214790881,-0.0018660631030797958
0.0004341951571404934,0.0008147699991241097,0.0027625104412436485
-0.0007645670557394624,0.0006900334265083075,0.00285121938213706
0.0022397448774427176,-0.0007518019992858171,5.090562626719475e-05
0.0002540949499234557,-0.0016803629696369171,0.00032638292759656906
0.0026719789020717144,0.000344971107551828,0.0006049498915672302
-0.0004277812549844384,0.0018557748990133405,0.0009748227894306183
-0.0004637339152395725,-0.0020763822831213474,0.00014072051271796227
-9.215576574206352e-05,0.001269690808840096,0.003099089954048395
-0.0005350394640117884,0.0002909791364800185,0.0010114377364516258
0.0012624094961211085,-0.0006118949968367815,0.0009414022788405418
0.0002746430691331625,-0.0013852769043296576,0.002529445104300976
0.001152125420048833,0.0011646016500890255,-0.0005791299045085907
0.0015697090420871973,0.001324657816439867,0.001335949171334505
-0.0007924535311758518,-0.0029901457019150257,-0.0002891398034989834
-0.000533860526047647,0.0006815544329583645,-0.00024999119341373444
0.0024280399084091187,-9.477023559156805e-05,0.00019203871488571167
0.0006445208564400673,-0.0012207546969875693,0.00012199720367789268
-0.0012109519448131323,0.0009293073671869934,0.0001417631283402443
0.0017470212187618017,0.00010399369057267904,0.0007263273000717163
-0.0017844014801084995,-0.0007541984668932855,0.0008224188350141048
-0.0010341887827962637,0.002154239686205983,-0.0008516442030668259
-0.001191403018310666,-0.0013289370108395815,3.060465678572655e-05
0.002347139175981283,0.0009366140584461391,6.868783384561539e-05
-0.0017363600200042129,0.000802360475063324,-0.0004898118786513805
0.0010913844453170896,0.0011621535522863269,-0.00038514984771609306
-0.001069862861186266,-0.0028072926215827465,-0.00029141223058104515
0.00201221345923841,0.0009315192583017051,-0.0007489430718123913
-0.00013735907850787044,0.00011266885121585801,-0.0011582141742110252
0.0019063507206737995,-0.0009869503555819392,-7.462222129106522e-06
-0.00015106296632438898,0.001029115286655724,0.0020792889408767223
-0.0003537295269779861,-6.224810931598768e-05,-0.0002110297791659832
-1.3224547728896141e-05,-0.0009206707472912967,-0.0006095678545534611
0.0020110441837459803,0.00014699052553623915,-0.0012215622700750828
-0.000717896269634366,0.0003557523887138814,-0.00021975766867399216
-0.0020564012229442596,0.0011794681195169687,0.00039729662239551544
0.002786734141409397,-0.0011138125555589795,0.0011372016742825508
-0.0009611324639990926,-8.210397936636582e-05,0.0002666143700480461
0.004111938644200563,0.0005039850948378444,0.00028782663866877556
0.0005219976883381605,0.003123736707493663,-0.0009417547844350338
-0.00019527919357642531,0.0008644280605949461,-0.0032039829529821873
0.0007211145129986107,0.0003307306033093482,0.001807287335395813
0.0015426180325448513,0.0006165360100567341,0.00010074954479932785
0.0007428707322105765,-0.0011821630178019404,-0.0007274933159351349
0.0009347575251013041,-0.0006574633298441768,0.00160166434943676
-0.0004980231169611216,-0.002415682189166546,-0.0005538980476558208
0.0006124855717644095,0.000977827119641006,-0.00031458260491490364
0.003122248686850071,-0.000548164127394557,0.0007911617867648602
0.004071503411978483,-0.0004968653083778918,-0.00038815755397081375
0.0021066232584416866,0.0002932945790234953,-0.0015998957678675652
0.0008346749236807227,-0.0015062934253364801,0.002435223665088415
0.0018653182778507471,0.001240224577486515,0.00043039629235863686
-0.0012119135353714228,-0.0006071311654523015,0.00011063367128372192
0.00036361257662065327,0.0005369627615436912,5.6039076298475266e-05
-0.0019422355107963085,-0.0015864190645515919,0.002453142311424017
-0.0004969379515387118,0.002254391787573695,-0.001495792530477047
0.0006793462089262903,0.00028951969579793513,-0.0020678015425801277
-0.0007297322736121714,0.0009459889261052012,3.343261778354645e-05
-0.0007891826680861413,0.0014834051253274083,0.00029277848079800606
0.0015693127643316984,-0.000328077090671286,-0.0003503751941025257
-0.0017328549874946475,-5.5631870054639876e-05,0.00170463090762496
0.0015095436247065663,-0.00043859443394467235,0.0013264617882668972
0.0041351537220180035,0.0011190010700374842,-0.0017754915170371532
0.00038062946987338364,-3.3082444133469835e-05,-3.2452866435050964e-05
0.00010111270239576697,0.0012296607019379735,-0.0011166054755449295
0.0007266892353072762,-0.0021014211233705282,-2.737250179052353e-05
0.0009394213557243347,0.00040068753878585994,-0.000923441257327795
-0.001407089876011014,-0.001180164865218103,-0.00028508156538009644
0.0003266450949013233,-0.0009868264896795154,0.0017910362221300602
-0.0015942930476740003,0.003015638329088688,0.0007430822588503361
0.0008069134200923145,0.0002545487368479371,-0.0011147977784276009
7.773994002491236e-05,0.00012059175060130656,-0.001078845001757145
-3.442316665314138e-05,-0.0014187576016411185,0.00020232424139976501
-0.0017716031288728118,-0.0026238381396979094,0.00016184430569410324
0.0005930411862209439,-5.3345847845776007e-05,-0.0010425024665892124
-0.0016056644963100553,-0.00023071237956173718,0.0018824473954737186
-0.0008397964993491769,0.0014720772160217166,0.00077106524258852
0.0017013918841257691,0.0002579420688562095,0.00013962993398308754
0.00024541362654417753,-0.0006628409028053284,0.0019639357924461365
-0.001011332031339407,-0.000492132268846035,-0.0004757856950163841
-0.0010234969668090343,0.001042806776240468,0.000839967280626297
0.002383218612521887,-0.00018544314661994576,-0.00014114147052168846
0.0003113088314421475,0.0008077534148469567,-0.0002584555186331272
-0.0008319863118231297,0.0013965783873572946,0.0026073725894093513
0.002641120459884405,0.0003593841684050858,0.0002698092721402645
-0.0032407371327281,0.0006227708072401583,-0.0007326048798859119
9.752810001373291e-05,-0.000895156990736723,-0.0006372490897774696
-0.002038327045738697,-0.00150555360596627,-0.0010018358007073402
0.00034354449599049985,-0.0005163955502212048,0.00047579314559698105
-0.0011265203356742859,0.0004729687643703073,0.0004140078090131283
-0.00024691561702638865,0.001166847301647067,0.00032865535467863083
-0.0002461166586726904,0.002133042085915804,-9.851576760411263e-05
5.84233202971518e-06,-0.001417826279066503,0.00012543285265564919
-0.000733983819372952,0.0006658308557234704,7.376773282885551e-05
-0.00037354158121161163,-0.0006375873344950378,-0.00017631519585847855
-0.0009450559737160802,-0.0004303934401832521,0.0013182507827877998
0.002623968757688999,-0.0011194030521437526,-5.2572693675756454e-05
-0.0007369404775090516,0.0009304321138188243,-0.0010387413203716278
0.0006129743997007608,-0.0013876041630282998,0.00033230986446142197
-0.0022017203737050295,0.0011727588716894388,0.0012865206226706505
-0.0011035057250410318,-0.0009083691984415054,0.0015796776860952377
-0.0008888549637049437,-0.0012591074919328094,0.0003146762028336525
-0.001274959766305983,0.0007108088466338813,4.804786294698715e-05
-0.0012941345339640975,-0.0005600516451522708,0.0014877528883516788
-0.004000930581241846,0.0010880855843424797,-0.00020541343837976456
-0.0009364309953525662,0.0017245810013264418,-0.000106077641248703
-0.0018703948007896543,0.0015879938146099448,0.00011717155575752258
-2.9351445846259594e-05,-0.0005566498730331659,0.0001448681578040123
-0.0014319333713501692,-0.0002520927810110152,-0.00031474046409130096
-0.0007349841762334108,-0.0007612891495227814,-0.0008705421350896358
-0.0006877620471641421,0.0010698784608393908,-0.0010756016708910465
0.00238312897272408,-7.288393680937588e-05,0.0018653273582458496
0.002796516055241227,-0.00016841436445247382,0.0004742145538330078
0.0019384454935789108,0.000724277226254344,-0.0013609696179628372
-0.000546246999874711,0.0025932099670171738,-0.00022423546761274338
-0.0013579785590991378,-0.001327495789155364,-0.0007041371427476406
-0.001645042560994625,0.0011555515229701996,-0.001176629215478897
0.0023901790846139193,0.00033556431299075484,0.00021886685863137245
0.0005156446131877601,-0.0014823977835476398,0.0016031237319111824
0.005245152395218611,-0.00041393752326257527,-0.00024324562400579453
-0.0030593720730394125,0.0008760731434449553,0.0004116743803024292
0.0014432343887165189,-0.00027574406703934073,0.0002902345731854439
-0.0009529273957014084,-5.604243779089302e-05,-2.2792723029851913e-05
-0.00031589929130859673,0.0005346466787159443,-0.0012339982204139233
-0.0006345141446217895,0.0011721685295924544,-8.160946890711784e-05
-0.00044196765520609915,0.0004605718713719398,0.0025187009014189243
0.0016796017298474908,-0.002045863075181842,-0.001131969504058361
0.0004228559846524149,-0.0006208054255694151,-0.0012864326126873493
-1.2737582437694073e-05,-0.0010678248945623636,0.002232421189546585
0.00021629425464197993,-0.0025994088500738144,-0.00085071986541152
-0.001500861020758748,-0.00035660003777593374,-0.00043648434802889824
0.0009740146342664957,-0.0003587305545806885,0.0017840592190623283
-0.00013728017802350223,0.001042744959704578,0.001239478588104248
7.231059134937823e-05,-0.0003327776794321835,-0.0009826631285250187
0.0015141440089792013,-0.00033341170637868345,0.0007764464244246483
-0.0019695369992405176,0.0004037512990180403,0.00047684041783213615
0.002238961635157466,0.0009181346977129579,-0.0009324308484792709
0.0024309754371643066,0.0015181449707597494,-0.0016392339020967484
-0.001004373887553811,-0.0013859063619747758,0.00043142586946487427
0.0005794080207124352,-0.0015678002964705229,-0.0007603387348353863
-0.0008066725567914546,0.000687688821926713,-0.0008255075663328171
-0.00040932896081358194,0.0008165858453139663,-0.0032748165540397167
-0.001426379894837737,-0.0006083175539970398,-0.0003829142078757286
-0.0018759213853627443,-0.0002469266182743013,0.00040351739153265953
0.0017941705882549286,0.0013334780232980847,-0.00045041507109999657
-0.0008934916113503277,-0.0016926719108596444,-0.00022937264293432236
0.0003299163072369993,-0.0006991677219048142,-0.0011915420182049274
0.00013204343849793077,0.00034212827449664474,0.0007104878313839436
0.00016870317631401122,-0.00021670295973308384,-0.00051505072042346
0.0005364857497625053,-0.0010364239569753408,-0.003296722425147891
0.0005824142717756331,-0.0004078453639522195,0.0005094902589917183
-0.00012838345719501376,-0.0010235682129859924,0.00106129702180624
-0.0002732761495281011,-0.0006447122432291508,-0.0011064829304814339
0.0003685456467792392,-0.0009773410856723785,-0.0006537456065416336
0.00014162884326651692,-0.0022371073719114065,-0.0006211940199136734
-0.00026556849479675293,0.0008028910961002111,-0.00012185145169496536
0.0007769325748085976,-0.0013651391491293907,0.0018157372251152992
0.0015561734326183796,0.001629585400223732,0.0009259753860533237
0.00043819050188176334,-0.0016568249557167292,0.0018076980486512184
0.0015199665213003755,-0.0012168707326054573,0.002432742156088352
-0.00042555714026093483,0.0009939615847542882,0.001574910245835781
-0.0009818915277719498,0.00018649116100277752,0.00028221169486641884
0.0028691887855529785,0.0012715102639049292,-0.002128242515027523
0.0008390611037611961,0.0014438166981562972,-0.0011852174066007137
0.00021226113312877715,-0.0003904626064468175,0.0018522394821047783
-0.000229823577683419,-0.0013209711760282516,9.215669706463814e-05
0.0005484290304593742,-0.0017508966848254204,0.0014495961368083954
9.196324390359223e-05,0.00032450477010570467,-0.0009232801385223866
-0.0004150201566517353,0.0004516222688835114,-0.001604151912033558
0.0021200429182499647,-0.0008163087186403573,0.0039314948953688145
0.0006454538088291883,-0.001526514533907175,0.000224309042096138
-0.0019660419784486294,-0.000872175907716155,-0.0011932915076613426
-0.0014001067029312253,-0.0016580196097493172,-0.0004222588613629341
0.0017647938802838326,0.0004746397607959807,-0.0008568866178393364
0.0015172997955232859,-0.0002439032687107101,0.000964239239692688
0.0006855945684947073,0.00023679730657022446,0.0012936722487211227
-0.001556055387482047,0.0017057012300938368,0.0034091006964445114
-0.00066922273254022,-0.0025292576756328344,0.0005874820053577423
-0.002726448467001319,0.00019488795078359544,0.0022518951445817947
-0.0017996684182435274,0.0013128829887136817,0.00029287394136190414
0.0017251998651772738,-0.0010692673968151212,0.0032169646583497524
0.0017928441520780325,-0.0015228037955239415,-0.0008052079938352108
0.0002498160465620458,-0.0012840793933719397,-0.001126771792769432
0.0016682157292962074,-0.0010244211880490184,-0.001349145546555519
0.0002620976883918047,0.0008044389542192221,-0.0006827889010310173
0.0022637294605374336,0.0012084405170753598,0.0005302811041474342
0.0012685542460530996,0.000366670050425455,0.002910216338932514
-0.0011208339128643274,0.0006561556365340948,-0.00036999862641096115
0.0020240952726453543,5.4398969950852916e-05,-0.0012447284534573555
0.0013633649796247482,0.0015915755648165941,-0.0010678945109248161
0.0012065642513334751,-0.0008530215709470212,-0.0007132440805435181
0.0005365129327401519,-7.511217700084671e-05,-0.00037422357127070427
0.0019202883122488856,0.000928297231439501,0.0006916020065546036
-0.0024076146073639393,-0.0008035564096644521,0.0001991833560168743
0.001730307238176465,-0.000871281954459846,-0.0012081889435648918
1.7894693883135915e-05,0.00021448881307151169,-0.0004015173763036728
0.000498923531267792,-0.0007522295927628875,-0.00157514913007617
0.0002139653079211712,0.002670731395483017,0.0004917304031550884
0.0019949607085436583,-0.0010670704068616033,0.0006580655463039875
-0.0009281249949708581,-0.0004167265142314136,0.001866874285042286
0.0019496483728289604,0.0015025518368929625,-0.00010266667231917381
-0.0020067438017576933,-0.002428273903205991,-0.0003460794687271118
-0.001343637122772634,0.0015613066498190165,-0.00038694310933351517
-0.0007007500389590859,0.0017032531322911382,-0.003131863195449114
0.002814519451931119,0.00041226967005059123,0.0014276099391281605
0.0028342269361019135,0.00010707143519539386,0.0005109501071274281
0.0016137238126248121,0.0007360711460933089,0.00033825961872935295
0.00024938638671301305,0.0006540457252413034,0.0010530520230531693
0.001134068239480257,7.077383634168655e-05,-0.0006708940491080284
0.002936495468020439,-0.0015681354561820626,-0.00025277817621827126
0.002190412487834692,-0.00026622237055562437,-0.0029767914675176144
0.0029472829774022102,0.0007068966515362263,-0.0006859404966235161
0.0012242223601788282,-0.00012051370867993683,0.0015527484938502312
-0.0013427985832095146,-0.00022943700605537742,-0.0012225317768752575
-0.0008894708007574081,-0.0005479686660692096,-0.0006567519158124924
-0.0007200937252491713,-0.0006784636061638594,-0.0005121422000229359
-0.00010669330367818475,-0.0021181830670684576,0.0007756790146231651
-0.0010611701291054487,0.0015188960824161768,0.0013820808380842209
-0.0017127442406490445,-0.00016582352691330016,-0.0015846374444663525
0.0018199390033259988,-0.0022899608593434095,-2.3492611944675446e-05
-0.0002230627869721502,0.00301098613999784,-0.0008774441666901112
-4.683592123910785e-06,0.0013837949372828007,0.00035666488111019135
0.0011341030476614833,0.0026414610911160707,-0.00011915713548660278
0.0018699344946071506,-0.0008973473450168967,-0.003135719569399953
0.0017027996946126223,-0.0014648354845121503,0.00015162955969572067
-0.0016724907327443361,-0.0007399230962619185,-0.00012347474694252014
-0.0010683202417567372,-0.0001797147560864687,0.00020966073498129845
0.0023019099608063698,-0.00020448214490897954,0.00043389899656176567
0.0009503928013145924,0.0011235998244956136,-0.00017268210649490356
0.002927523571997881,-3.1836461857892573e-06,-0.0009687012061476707
0.0014173461822792888,-0.00033125499612651765,-0.0011016097851097584
-0.0011893559712916613,0.0007545157568529248,-0.0022885806392878294
0.0011699467431753874,-0.00022134717437438667,0.00026243366301059723
0.00353989377617836,-0.0007878015749156475,-0.002024955116212368
-7.6245341915637255e-06,0.0021167476661503315,0.0011279960162937641
0.00010263032163493335,0.0013423003256320953,-0.00035618385300040245
-0.0010031673591583967,-0.0001953232567757368,1.4787539839744568e-05
-0.0012772066984325647,-0.00028160965302959085,-8.241785690188408e-05
6.297166692093015e-06,-0.0015116268768906593,-0.0006968816742300987
-0.0008869270095601678,0.0011304952204227448,-0.00039381394162774086
0.0016349315410479903,0.0006488608196377754,0.0015468341298401356
0.0006285229464992881,-0.00029309920500963926,-0.0006422842852771282
-0.0019390390953049064,0.0008353885496035218,0.001311478205025196
0.0010602128459140658,0.0007144810515455902,-0.0013319756835699081
0.0002774257445707917,0.00026759516913443804,-0.00023283669725060463
0.0005384155083447695,-3.307571751065552e-05,0.0021315175108611584
-0.0011618693824857473,-0.0014948091702535748,0.0009878608398139477
-0.0004673169751185924,0.0012599645415320992,0.0007516387850046158
-0.0008832988096401095,-0.00046938768355175853,-0.0007947706617414951
-0.0008108607726171613,0.001591366482898593,0.0006566517986357212
0.00039496683166362345,-0.0006103609339334071,0.0014732927083969116
-0.00261174188926816,1.2019839232380036e-05,-0.0016471333801746368
0.001780030783265829,-0.000773478124756366,0.0009053871035575867
0.0019209120655432343,0.0011834126198664308,3.506569191813469e-05
0.00022846904175821692,0.0011341412318870425,0.0007034498266875744
-0.00017313563148491085,0.0007439881446771324,0.00015190895646810532
0.00047786254435777664,0.0011814992176368833,0.0006072991527616978
0.0019465959630906582,-0.00230883969925344,0.0007183533161878586
0.0005515525117516518,0.003428330412134528,-0.0008731437847018242
0.0011134794913232327,0.0006985904765315354,-0.00011733872815966606
-0.00092599872732535,0.0011228964431211352,0.000701874028891325
-0.0009720714879222214,-0.002442010911181569,-0.00021185679361224174
-0.0005971934297122061,-0.0008118661353364587,-0.0006249453872442245
0.0019836758729070425,-0.0008081377018243074,-0.0009804773144423962
-0.0015101118478924036,0.0015083083417266607,-0.0027611448895186186
0.0018683741800487041,4.197180533083156e-05,-0.0006308821029961109
-4.974764306098223e-05,-0.0003246411797590554,-0.0006214319728314877
-0.000905953929759562,0.0003185122332070023,0.0009690076112747192
0.00022090025595389307,-0.0005394475301727653,0.0008992720395326614
-0.0017903189873322845,0.00026589236222207546,-0.0006557479500770569
0.00010969160939566791,-0.0017447550781071186,-0.0004420066252350807
4.8705231165513396e-05,-0.0007649782346561551,-0.00012162839993834496
-0.002337976358830929,0.0015016042161732912,0.0014136219397187233
0.004775326699018478,-0.00028164839022792876,0.0007576853968203068
0.0004110528971068561,-0.00030214659636840224,-0.0005219546146690845
0.0009367609163746238,-0.0017487757140770555,-0.0004846705123782158
-0.0013394694542512298,0.0004949528374709189,-0.0001577623188495636
0.0029402305372059345,-6.13815282122232e-05,0.00038259290158748627
-0.00010744389146566391,0.0023312391713261604,0.0019198828376829624
-0.0007141120149753988,-0.0015188928227871656,0.0014327908866107464
-0.00020394529565237463,-0.0005791074363514781,-0.000830640085041523
-0.00030834120116196573,-0.0023501096293330193,0.0008753808215260506
0.000761623727157712,0.0001442914071958512,-0.0008699339814484119
0.00016480936028528959,0.0021136992145329714,0.0018765837885439396
0.001619194634258747,-0.00044834305299445987,0.0017766933888196945
0.0011547394096851349,0.0018353174673393369,0.000886132474988699
0.00029809275292791426,-0.001434267032891512,-0.0010526236146688461
0.0006949037779122591,-0.0010438476456329226,0.0017418316565454006
-0.0004549716250039637,-0.00018380336405243725,0.000975252129137516
0.0037240609526634216,-8.633166726212949e-05,-0.0019124136306345463
1.5241792425513268e-05,0.0006285607814788818,3.8067810237407684e-05
0.0019015588331967592,0.001660801935940981,-0.0006516906432807446
-0.0012089353986084461,-0.0013486440293490887,-0.002450765809044242
8.661882020533085e-06,-0.00046474087866954505,-0.0009223776869475842
-0.0011458725202828646,-0.0014883771073073149,0.0005942340940237045
0.0006182054057717323,0.0007002086495049298,-0.0018939576111733913
-0.0018166403751820326,-0.001333297579549253,-0.000496608205139637
-0.0027514100074768066,-0.0003995932638645172,-0.0013775820843875408
-0.002219073474407196,0.0014700287720188498,0.0015428001061081886
0.0005207867361605167,0.00020076616783626378,-0.0020492717158049345
0.003989877179265022,-0.0007055660244077444,0.0006709499284625053
-0.0008331076242029667,0.00018925605399999768,0.0013346094638109207
0.0012039616703987122,0.0010623609414324164,-0.0009232438169419765
0.0009680056245997548,-0.0008886707364581525,-0.00046890880912542343
0.0002840863598976284,-0.0012199656339362264,0.0007429132238030434
-0.0022517757024616003,-0.0018370200414210558,-0.0002352655865252018
0.0008229811210185289,-0.0035854706075042486,0.0017273887060582638
0.00045439961832016706,0.0011016929056495428,-0.0006976858712732792
0.002739644143730402,-0.0011145095340907574,0.0013231653720140457
0.00015611165144946426,0.0001813846465665847,0.0004025106318295002
-0.0010547239799052477,1.1726820048352238e-05,0.00036103324964642525
-0.0021668600384145975,0.0032117811497300863,-0.0012661581858992577
-0.001269924221560359,0.0005761298234574497,-0.0006794161163270473
0.002332800067961216,0.0013553707394748926,0.0004399102181196213
0.00170236942358315,0.0009865075116977096,0.0009949766099452972
0.0018501748563721776,-0.0005836923373863101,0.0009526321664452553
0.001808619825169444,-6.359688995871693e-05,-0.000696851871907711
0.0003092601546086371,-0.0015336618525907397,8.318806067109108e-05
0.00020036144996993244,0.0006321487599052489,-0.0011069090105593204
0.0013021111954003572,-0.00034469872480258346,-0.0011244858615100384
0.0005849208682775497,0.0015704043908044696,0.0013157688081264496
0.0006522987969219685,-0.0012301757233217359,0.0005272068083286285
-0.0011566159082576632,0.000639644917100668,0.0004215599037706852
0.0026815319433808327,0.0015784092247486115,-0.000790976919233799
-0.002363459672778845,0.0004743257013615221,0.00036803167313337326
-0.00033466366585344076,0.0016586334677413106,0.0017701857723295689
-0.00016589119331911206,0.0026482322718948126,0.0008179573342204094
-0.0006260854424908757,0.00041969926678575575,0.0025679203681647778
0.0005840545054525137,0.0005186109337955713,-0.0005437247455120087
9.509813389740884e-05,0.00020835264876950532,0.0009777387604117393
0.0003950061509385705,-0.0002714793081395328,-2.1606218069791794e-05
-0.00047025486128404737,0.00013971273438073695,0.0008756127208471298
-0.0011316267773509026,-0.0009820432169362903,0.0016582310199737549
0.0016244786093011498,-0.00014714221470057964,-0.0006994656287133694
0.0014697356382384896,-0.0005090167978778481,0.002504264935851097
0.0016388463554903865,-0.0013497767504304647,0.00231171865016222
0.0016881894553080201,-0.00013944541569799185,0.0005124970339238644
-3.5408331314101815e-05,0.001213973038829863,-0.0010843346826732159
0.00029774298309348524,5.936988236499019e-05,0.0019377046264708042
0.0010042795911431313,-0.0002492904895916581,0.001511865295469761
0.0006775270448997617,0.0005328388069756329,-0.0019725975580513477
-0.0007368777878582478,-0.0012749149464070797,0.001843712292611599
-0.0034276177175343037,-0.0003002661687787622,-0.001106231939047575
0.00046166282845661044,-0.0011037418153136969,-0.00109158456325531
-0.00022887779050506651,0.0008768861880525947,-0.0007155360653996468
-0.0021189232356846333,-0.0015388671308755875,-0.00193792674690485
0.0012322881957516074,-0.0018477232661098242,-0.002077986253425479
-0.0027621870394796133,-0.0014458522200584412,0.0005494882352650166
-0.001967898104339838,-0.0019632799085229635,0.0024274419993162155
-0.0005146111361682415,0.0011491565965116024,0.00022713886573910713
-0.0008895786595530808,0.0013476810418069363,-0.00207881280221045
-0.0008115480304695666,-0.0009378438699059188,0.0011124531738460064
4.191428888589144e-05,0.0005991982761770487,0.0006917719729244709
-0.0006305339047685266,-0.0032932779286056757,0.00039589451625943184
0.0002780594804789871,-0.0008694420102983713,0.0013285689055919647
-0.0010231609921902418,0.0010094181634485722,0.0003069802187383175
-0.0014501790283247828,-0.0007518397178500891,0.00016047945246100426
-0.0005401769303716719,-0.0003584908554330468,-0.001402263529598713
-0.001393763697706163,-0.0019900016486644745,-0.0003620353527367115
0.001489108195528388,0.0016659857938066125,-0.0011015948839485645
0.0011546723544597626,0.00011173523671459407,-0.00022725528106093407
0.0002529260527808219,0.00037485556094907224,0.0008089807815849781
-0.001448919763788581,3.847007974400185e-05,-0.00038786837831139565
-0.000334919459419325,0.0012257072376087308,-0.002140760887414217
-3.40072438120842e-06,0.0006645196117460728,0.0010211016051471233
-0.0005943561554886401,-0.0008255189750343561,-0.00036960095167160034
-0.0011362479999661446,-0.00046326930169016123,-0.00048024440184235573
0.0007061267970129848,-0.00016765842156019062,0.0021269903518259525
-0.000837340543512255,0.0010274474043399096,0.0008192071691155434
0.0017190277576446533,-0.001443167100660503,0.0010967082343995571
0.0017622846644371748,0.0012852932559326291,-0.00046995794400572777
-0.0008963490254245698,-0.0009935736889019608,-0.0006108391098678112
-0.0033078931737691164,7.608957821503282e-05,-0.0015127556398510933
-0.0009675073088146746,0.0018143347697332501,-0.00028929952532052994
-0.0008575554238632321,-0.00025567266857251525,-0.0007523340173065662
0.0010814921697601676,-0.00043836553231813014,2.4510081857442856e-05
-0.002164406469091773,-0.0014530185144394636,0.000432510394603014
-0.001885041012428701,0.0013584806583821774,0.000709212850779295
-0.0020558263640850782,9.977723675547168e-05,-0.0007442263886332512
0.0028387971688061953,0.0013820893364027143,-0.001595372799783945
-0.0012547837104648352,-0.0020139231346547604,0.0003417832776904106
0.0013689625775441527,0.0021376784425228834,0.00043179793283343315
0.0037677655927836895,-0.0015533850528299809,0.0003965720534324646
0.0006769006722606719,0.000182995994691737,0.0015433290973305702
0.0003353360225446522,3.234346877434291e-05,-0.0006899302825331688
-0.0022173039615154266,-0.0009652766166254878,-0.0005735498853027821
0.0022803163155913353,-0.0010833650594577193,0.0012024897150695324
-0.0002124024322256446,0.0009195983875542879,-0.0011482825502753258
-0.00023517374938819557,0.0012554109562188387,0.0007790043018758297
0.0026085497811436653,-0.0002079961122944951,0.001715637743473053
0.00015396883827634156,0.0004123778489883989,0.001853106077760458
-0.0010204851860180497,-0.0006377065437845886,-0.0009714420884847641
-0.001127534662373364,4.575074854074046e-05,-6.910692900419235e-05
-0.000511545455083251,0.0004761175950989127,-0.0006406214088201523
0.0016770744696259499,-0.0012723925756290555,0.00017592962831258774
0.0008134113159030676,-0.0007373635307885706,0.002579432912170887
-0.0024224009830504656,0.0002700691984500736,0.0001698751002550125
0.0020338664762675762,-0.00022181664826348424,0.0004029017873108387
-0.000446979480329901,-0.0010197150986641645,-9.412085637450218e-05
-9.357802628073841e-05,0.0014205394545570016,-0.003310686908662319
-0.001685124123468995,0.0005523638683371246,-0.0006135134026408195
-0.001702434616163373,-0.00011342643847456202,0.0017476454377174377
0.001385711831972003,0.000465481512947008,-0.0007909517735242844
-0.0017522908747196198,-0.0014599839923903346,-0.001156071200966835
0.0009950846433639526,-0.0021756773348897696,0.001582377590239048
-0.0018100228626281023,-6.532685802085325e-06,-0.0011622761376202106
0.0015139018651098013,-0.001109984004870057,-0.000630001537501812
-0.0032843153458088636,-0.002020785119384527,0.0015186364762485027
-0.001758318510837853,-0.0013878184836357832,0.0026927413418889046
0.0012265525292605162,0.0014556385576725006,0.0006682062521576881
8.213621913455427e-05,-7.16240901965648e-05,-0.0010130289010703564
-0.0013349318178370595,-0.000439672963693738,-0.00024337554350495338
0.0013335783733054996,-0.0007902113138698041,0.0021749380975961685
0.0004480773350223899,5.4277072194963694e-05,0.0005317674949765205
-0.0011229267111048102,0.0008627041825093329,-9.881611913442612e-05
-0.0012097457656636834,0.002058996120467782,-0.0005789841525256634
0.0003653024905361235,0.0015559179009869695,0.0010251104831695557
-0.0006791892228648067,0.0005689504323527217,0.0016259197145700455
-0.00021390608162619174,0.0025878373999148607,0.0016262535937130451
-0.0027050268836319447,-9.689522994449362e-05,0.0004440764896571636
0.0005265368381515145,0.0013300457503646612,0.00015417905524373055
0.0008469150634482503,0.0011135307140648365,0.0001150309108197689
0.00038997604860924184,0.0004921603831462562,-0.0006282320246100426
-5.051077459938824e-05,-0.0013222512789070606,7.40434043109417e-05
0.002226212527602911,-0.0012818383984267712,0.0007149358280003071
0.0017508382443338633,0.00027637716266326606,0.0012006964534521103
-0.0009258437203243375,0.001029467792250216,0.0008209734223783016
0.0013804537011310458,0.000681126257404685,0.000778895802795887
0.00019502945360727608,-0.00038131832843646407,-0.0031628566794097424
0.0017761480994522572,3.014005415025167e-05,0.001249468419700861
0.001354132080450654,-0.0006929757073521614,-0.0003138883039355278
0.0017717157024890184,-0.00021280779037624598,-0.0022308314219117165
0.0005878818919882178,-0.001446844544261694,0.000898460391908884
-0.000788972363807261,1.5763533156132326e-05,-0.0004962370730936527
-0.00015113336849026382,0.00021129657397978008,-0.0011765342205762863
-0.0012821778655052185,0.0008262204937636852,0.0003246897831559181
0.0013581498060375452,-0.0004331668314989656,-0.0013899118639528751
-0.0006195136229507625,-0.0012097446015104651,0.0011270418763160706
0.0007988282013684511,-4.496095789363608e-05,-2.6016030460596085e-05
0.0001740506268106401,0.00012814451474696398,0.0008459030650556087
-0.0018396254163235426,-0.0011652513640001416,0.0005579320713877678
0.00045681846677325666,8.403750689467415e-05,-0.0010546119883656502
-5.7402008678764105e-05,-0.0009201099164783955,0.0015701986849308014
-0.0013042939826846123,-0.00028947333339601755,0.0004727100022137165
-0.002278987318277359,0.0012414106167852879,0.0009456244297325611
0.0001530112058389932,0.0014430119190365076,-0.0005896878428757191
0.0007771293167024851,0.0013136250199750066,0.0007424503564834595
-0.001403999631293118,8.191305823856965e-05,-0.0042661563493311405
-0.001525403931736946,-0.0001589305466040969,0.001370835117995739
0.0009707769495435059,-0.0005581383593380451,-0.0014348053373396397
0.0012163561768829823,0.0008051262120716274,-0.0008315602317452431
-0.0021887614857405424,-5.614010660792701e-05,-0.0006539276801049709
-0.0005296095041558146,0.001528519089333713,0.0007212301716208458
0.0007058309274725616,0.00022383641044143587,-0.000892378855496645
-0.0007714874227531254,0.00011838450882351026,-0.0003872588276863098
0.0017103124409914017,0.0005032112821936607,0.0013672318309545517
0.00046019424917176366,0.0012971400283277035,0.0015145433135330677
-0.0003779025573749095,0.001284623285755515,0.0006908276118338108
-0.00022242695558816195,0.0007777935243211687,0.0007689124904572964
0.0011509652249515057,-0.00035351733095012605,0.00018727779388427734
-0.0006119201425462961,0.00034152751322835684,0.0014636279083788395
-0.0011096649104729295,-0.0006896484410390258,0.00016267364844679832
-0.0005246238433755934,0.002332790521904826,0.00222827959805727
0.0008967051981016994,0.0012177249882370234,-0.00025298772379755974
0.0014630814548581839,-0.001174340141005814,-0.0004943604581058025
0.0018159502651542425,0.0011029288871213794,-0.002266960684210062
-0.0007796527352184057,0.001366714364849031,-0.0011441521346569061
-0.000902424450032413,0.0033883198630064726,-0.0012783757410943508
-0.0017229841323569417,0.0010889815166592598,-0.0018499577417969704
0.0022256849333643913,0.0007182695553638041,0.00020094262436032295
-0.0003058060829062015,0.0003983416245318949,0.0002912362106144428
0.0004707716580014676,0.0011906319996342063,0.0012688827700912952
0.0008417302160523832,0.000819575332570821,-0.0002824850380420685
0.0028191274031996727,-0.0025807488709688187,0.0011135442182421684
-0.0031650890596210957,0.001384757342748344,0.0009065787307918072
-0.0020468276925385,0.0013924805680289865,0.0018717087805271149
0.00036915249074809253,0.0008398618083447218,0.001887178048491478
-0.0023786970414221287,-0.003761015133932233,0.0002024625428020954
-0.0007556375348940492,-0.0011575999669730663,0.0010112444870173931
0.0004659544210880995,-0.00016264297300949693,0.0014189747162163258
1.1930445907637477e-05,-5.033630077377893e-05,8.993269875645638e-05
0.0005485573783516884,-0.0012681998778134584,-0.0013724090531468391
0.0025520387571305037,-0.0007979041547514498,0.0013656150549650192
-0.0006959523307159543,-0.0009036316769197583,-0.00030392035841941833
0.0005140957655385137,0.0006831263890489936,0.001340421847999096
-0.0009237448684871197,0.0013324050232768059,0.0009239031933248043
-0.0010407303925603628,-0.0007416738662868738,-0.0009981184266507626
-0.0007190205506049097,0.0009337207884527743,0.0016575856134295464
-0.00041007515392266214,0.00014299791655503213,0.0018557468429207802
-0.0016646903241053224,-8.576762775192037e-05,0.00010791420936584473
-5.0538365030661225e-05,-0.0003212004085071385,0.000520175788551569
-0.0018417804967612028,-0.0004847185336984694,0.0006972760893404484
-0.003264005295932293,0.001227394095622003,-0.00030173175036907196
-0.002244014758616686,-0.000183016003575176,0.0009747212752699852
0.0008021307876333594,-0.00042319114436395466,-0.0019408655352890491
0.00047695887042209506,-0.000204012991162017,-0.0016013127751648426
-0.001881062751635909,-0.0010626146104186773,0.000485085416585207
0.0021168747916817665,0.0016056065214797854,0.0017002858221530914
0.0002017929364228621,0.0003762292326427996,0.0009140553884208202
-0.0003287087311036885,-0.0010395072167739272,0.0013739834539592266
0.0014699450694024563,-0.0004721525765489787,0.00023164227604866028
0.0003109373210463673,0.0011513103963807225,5.539972335100174e-06
0.001554882270283997,-0.00042254672734998167,-0.0006461376324295998
0.0029090996831655502,-0.00017434012261219323,0.002916106954216957
-0.0015147191006690264,-0.0022158026695251465,0.00038579152897000313
-0.001293144072405994,-0.00010764434409793466,0.0005929851904511452
0.0003742297412827611,-0.002200877293944359,-0.0001399521715939045
-0.0014764009974896908,-0.00023732856789138168,-0.0020576943643391132
-0.001762092113494873,0.0021146307699382305,-0.0030944272875785828
0.00021557131549343467,-0.001966130919754505,-0.0007324698381125927
-0.0011108331382274628,0.0011733731953427196,0.0019530211575329304
-0.0031359007116407156,-0.001350770820863545,0.0018803165294229984
-0.0009463100577704608,0.0015063162427395582,-0.001012261025607586
0.00011176380212418735,-0.00038159865653142333,0.0005598030984401703
0.002927977591753006,-0.0001408838725183159,-0.0007632034830749035
-0.00032587270834483206,0.0007177192601375282,-0.0009695985354483128
0.000948727538343519,0.0007111724116839468,7.91880302131176e-05
-2.2872700355947018e-06,-0.0011343981605023146,-0.00035916827619075775
-0.0017642388120293617,0.00030497604166157544,-0.0006409953348338604
0.0003974491264671087,-0.0012511089444160461,0.0019023232161998749
-0.0004936088807880878,-0.0015860816929489374,0.0018167668022215366
0.00158871675375849,-0.0014462657272815704,3.324821591377258e-05
-0.001082820468582213,-0.0002839147055055946,0.0007064137607812881
-0.0019334341632202268,9.025942563312128e-05,0.00018896162509918213
-0.000997851137071848,0.0001960967929335311,0.002087285742163658
-0.00021914285025559366,-0.002528317039832473,-0.001126617193222046
0.00016882143972907215,-0.00016127160051837564,7.137702777981758e-05
0.000493194442242384,-0.0004787204088643193,-0.0004434119910001755
0.004524070769548416,0.002408253727480769,-0.0022161921951919794
-0.0012443363666534424,0.001898790942505002,-0.0020295046269893646
0.0011627781204879284,-0.00018698796338867396,0.0029090787284076214
0.0016746376641094685,-0.0014394726604223251,0.0018930830992758274
-0.00012516116839833558,9.376765228807926e-05,0.000635647214949131
-0.0013949563726782799,-0.0002950538764707744,-0.00014199549332261086
-0.001064802287146449,-0.000569637049920857,0.00011257175356149673
-0.0006783776334486902,0.0013092230074107647,-0.00035161711275577545
0.0009538735030218959,0.002173831919208169,-0.0017714593559503555
-0.002717826748266816,0.0011884623672813177,-0.0004545263946056366
0.0016167344292625785,0.0005718627944588661,-0.0005776397883892059
0.0019951695576310158,0.0008432389004155993,-0.0005139904096722603
-0.00023398682242259383,-0.0012215038295835257,0.0005480176769196987
-0.0008395895711146295,0.00027572541148401797,-0.000304460059851408
-0.0004088622226845473,-8.27301264507696e-05,0.0017734509892761707
-0.0002781009825412184,0.00117801025044173,-0.0017738793976604939
7.285432366188616e-05,-0.00016528158448636532,-0.0017722412012517452
0.00190777238458395,0.0012994569260627031,-0.0008159000426530838
-0.001325222896412015,-0.001246694941073656,0.002138590905815363
-0.0006130936089903116,0.0001136477294494398,0.00014787772670388222
-0.0004873024590779096,-0.0009217195329256356,0.0007855449803173542
0.00031830373336561024,0.002472745720297098,-0.0016009137034416199
0.0016409559175372124,-9.978195157600567e-05,0.0012790816836059093
-0.000847235438413918,0.0008957076352089643,-0.000726012047380209
-0.0007730168872512877,0.002415307564660907,0.0004859045147895813
-0.002106195315718651,-0.0003229546418879181,-0.0025564907118678093
-0.0029890001751482487,-0.004910236690193415,0.00046265823766589165
-0.003797269659116864,-0.007035173010081053,-0.0009064730256795883
-0.002078466350212693,-0.00426519475877285,-0.0010285042226314545
-0.0023975130170583725,-0.003045466961339116,-0.03621552139520645
9.06001660041511e-05,0.0013916303869336843,-0.10467825829982758
-0.001043373835273087,-0.0008736543823033571,-0.09404478967189789
-0.0009688009740784764,0.003014437621459365,-0.006949296686798334
-0.0008223270997405052,0.0046363030560314655,-0.1295284777879715
-0.008553973399102688,0.011281507089734077,-0.10955950617790222
-0.02213795855641365,0.01490766741335392,0.1262681931257248
-0.06069682538509369,0.00030472796061076224,0.5178748369216919
-0.08561602234840393,-0.007229088805615902,0.6027958393096924
-0.14974164962768555,-0.011365923099219799,0.40180879831314087
-0.39260169863700867,-0.009858573786914349,0.3999651074409485
-0.5411983728408813,-0.005978369619697332,0.5167802572250366
-0.5062710046768188,-0.009036476723849773,0.6843082904815674
-0.6022406220436096,0.007695406675338745,0.9842914938926697
-0.9302501678466797,0.031474769115448,1.2462424039840698
-1.4415148496627808,0.05763999745249748,1.336829423904419
-2.0445895195007324,0.19685141742229462,1.352569580078125
-2.5736939907073975,0.27400603890419006,1.4250808954238892
-2.8925368785858154,-0.11851859837770462,1.5295864343643188
-3.111049175262451,-0.7237719893455505,1.6445403099060059
-3.284626007080078,-1.635607123374939,1.7576625347137451
-3.3703951835632324,-2.802595853805542,1.8183867931365967
-3.133866310119629,-3.225853443145752,1.7000598907470703
-2.6897659301757812,-2.8641200065612793,1.3954966068267822
-2.20163631439209,-2.325960874557495,1.0850199460983276
-1.8676899671554565,-2.10357666015625,0.8389260768890381
-1.706329584121704,-2.3377203941345215,0.7344211935997009
-1.7292455434799194,-2.6800026893615723,0.6604058146476746
-1.8352185487747192,-2.808823347091675,0.5846213102340698
-1.971169352531433,-2.598292589187622,0.5371342301368713
-2.0798745155334473,-2.1748006343841553,0.497564435005188
-2.0477101802825928,-1.7112746238708496,0.5364945530891418
-1.8870700597763062,-1.3670141696929932,0.5881673693656921
-1.6968437433242798,-1.249355673789978,0.6337792277336121
-1.4817543029785156,-1.3407732248306274,0.6683995127677917
-1.3244872093200684,-1.4945590496063232,0.657529890537262
-1.2707488536834717,-1.6421937942504883,0.5687633156776428
-1.2934232950210571,-1.7535370588302612,0.46015700697898865
-1.3805969953536987,-1.7564274072647095,0.3319724202156067
-1.4838716983795166,-1.6211329698562622,0.23751722276210785
-1.6015774011611938,-1.3678948879241943,0.15587003529071808
-1.6606768369674683,-1.042539119720459,0.15464140474796295
-1.5572372674942017,-0.7280009388923645,0.22515365481376648
-1.383817434310913,-0.4853425621986389,0.30738943815231323
-1.196479320526123,-0.3374103307723999,0.38997966051101685
-1.0814160108566284,-0.25784194469451904,0.41282570362091064
-1.0196627378463745,-0.23092514276504517,0.37585145235061646
-1.0338037014007568,-0.20545968413352966,0.31215399503707886
-1.0781676769256592,-0.12005103379487991,0.23608268797397614
-1.128067135810852,0.009271438233554363,0.17209284007549286
-1.1303915977478027,0.14064624905586243,0.152283176779747
-1.0618735551834106,0.24047529697418213,0.1882728785276413
-0.9398579597473145,0.3067041337490082,0.2743142545223236
-0.7595366835594177,0.32222118973731995,0.3420179486274719
-0.5544269680976868,0.2682192027568817,0.3461778163909912
-0.2973812520503998,0.13135333359241486,0.30663520097732544
0.10758436471223831,-0.09144725650548935,0.04865878447890282
0.47626829147338867,-0.467693954706192,-0.4038059115409851
0.49293994903564453,-0.8990400433540344,-0.7195704579353333
0.18598541617393494,-1.0402095317840576,-0.7104473114013672
-0.19299066066741943,-0.9550502300262451,-0.5181708335876465
-0.3951672613620758,-0.18347978591918945,-0.27775874733924866
-0.5574983954429626,-1.2053860425949097,-0.14689446985721588
-0.6596097946166992,-1.790919303894043,0.09217632561922073
-0.6834818720817566,-1.61337149143219,0.31254279613494873
-0.5524669885635376,-1.2347090244293213,0.37223514914512634
-0.30062833428382874,-0.503951370716095,0.450191468000412
-0.06994351744651794,0.21396489441394806,0.5020573735237122
0.0762224867939949,0.5468025207519531,0.585603654384613
0.061728790402412415,0.46080482006073,0.7173185348510742
-0.12769359350204468,0.14423298835754395,0.8472115397453308
-0.3742607831954956,-0.2315981686115265,0.924233615398407
-0.5468493103981018,-0.5192363262176514,0.9147405028343201
-0.5929180383682251,-0.6356287598609924,0.8361253142356873
-0.537113606929779,-0.5502062439918518,0.7315131425857544
-0.41120827198028564,-0.39301782846450806,0.6272863149642944
-0.317001074552536,-0.34054744243621826,0.5019707083702087
-0.2372903972864151,-0.12909841537475586,0.3447745442390442
-0.14350292086601257,0.151346817612648,0.3132390081882477
-0.15535755455493927,0.36167198419570923,0.27050527930259705
-0.1931464821100235,0.45545971393585205,0.2628987431526184
-0.4981228709220886,0.5743866562843323,0.08084803819656372
-0.609127402305603,0.3139241933822632,0.1045680120587349
-0.3195975124835968,-0.10129367560148239,0.14722172915935516
-0.033201444894075394,-0.15545038878917694,0.14533035457134247
0.08432192355394363,-0.1916968822479248,0.19222863018512726
0.10886827856302261,-0.18407650291919708,0.1410117745399475
0.07775535434484482,-0.16959291696548462,0.11198534816503525
0.02638883702456951,-0.19024813175201416,0.13073080778121948
-0.0372372604906559,-0.1553676277399063,0.13965995609760284
-0.08930419385433197,-0.11266038566827774,0.13670065999031067
-0.14900723099708557,-0.11250569671392441,0.13819526135921478
-0.22829167544841766,-0.1395258605480194,0.14088958501815796
-0.3145604729652405,-0.20593039691448212,0.13464485108852386
-0.39214953780174255,-0.29389622807502747,0.11702617257833481
-0.44301557540893555,-0.39429065585136414,0.07233625650405884
-0.45179709792137146,-0.4699252247810364,0.011328296735882759
-0.4124683141708374,-0.506341278553009,-0.059514664113521576
-0.3565494120121002,-0.512320876121521,-0.13288022577762604
-0.30114778876304626,-0.5185690522193909,-0.20947417616844177
-0.2598344385623932,-0.5541850924491882,-0.2519585192203522
-0.23314467072486877,-0.6174774765968323,-0.2673480808734894
-0.2230483591556549,-0.6718602776527405,-0.24823643267154694
-0.20107893645763397,-0.6715418100357056,-0.2058974951505661
-0.16437232494354248,-0.6231484413146973,-0.15442471206188202
-0.11467163264751434,-0.5285891890525818,-0.11489264667034149
-0.06383135169744492,-0.4133342206478119,-0.08317066729068756
-0.023051943629980087,-0.2890889346599579,-0.05657096579670906
0.022643374279141426,-0.17695683240890503,-0.03501294180750847
0.046892911195755005,-0.08158063143491745,-0.020114419981837273
0.06683918088674545,-0.017785144969820976,-0.0018067858181893826
0.07759291678667068,0.012379017658531666,0.009122507646679878
0.07305009663105011,0.02495499700307846,0.019027868285775185
0.03883381932973862,0.03645801171660423,0.03926374018192291
-0.012861600145697594,0.053553108125925064,0.05838337168097496
-0.06728950887918472,0.07379196584224701,0.06151551380753517
-0.12334080040454865,0.09975751489400864,0.05734660103917122
-0.1746014952659607,0.12586989998817444,0.04788391292095184
-0.20486167073249817,0.13613265752792358,0.04359488934278488
-0.218194842338562,0.14036142826080322,0.05167806148529053
-0.2163303643465042,0.12615959346294403,0.05602114647626877
-0.20857837796211243,0.0856386050581932,0.0496966727077961
-0.20133483409881592,0.04276091232895851,0.047168001532554626
-0.2047378569841385,-0.016751445829868317,0.049851350486278534
-0.22330914437770844,-0.09157055616378784,0.06138043850660324
-0.2409309446811676,-0.19264116883277893,0.06805053353309631
-0.24665461480617523,-0.28873229026794434,0.060188088566064835
-0.23406799137592316,-0.36110368371009827,0.04436742141842842
-0.22265128791332245,-0.41817203164100647,0.033679354935884476
-0.22289198637008667,-0.49748679995536804,0.024755261838436127
-0.23237603902816772,-0.5698345303535461,0.008450059220194817
-0.25609925389289856,-0.635577917098999,-0.03254355490207672
-0.2695743143558502,-0.6988974809646606,-0.0887913778424263
-0.2740150988101959,-0.7505592703819275,-0.13624165952205658
-0.2700344920158386,-0.7531606554985046,-0.1819327175617218
-0.26390340924263,-0.7066113352775574,-0.21964217722415924
-0.2568468451499939,-0.670929491519928,-0.24025051295757294
-0.24277019500732422,-0.6419322490692139,-0.23083560168743134
-0.23660631477832794,-0.6227377653121948,-0.19236278533935547
-0.2330360859632492,-0.5890546441078186,-0.13384024798870087
-0.23267602920532227,-0.5431766510009766,-0.07611168920993805
-0.22272667288780212,-0.4540528357028961,-0.029468346387147903
-0.21691910922527313,-0.32633429765701294,-0.010906913317739964
-0.19129931926727295,-0.2169295996427536,-0.008130782283842564
-0.15058119595050812,-0.12566040456295013,-0.010218167677521706
-0.10103219747543335,-0.0678446888923645,-0.009832221083343029
-0.05632145330309868,-0.03513920679688454,-0.0018438035622239113
-0.03074626438319683,-0.02789188176393509,0.009412898682057858
-0.017054686322808266,-0.03588802367448807,0.04344197362661362
-0.02010548673570156,-0.04249363765120506,0.07020913064479828
-0.04115298017859459,-0.07154632359743118,0.08747440576553345
-0.07505039870738983,-0.12722785770893097,0.08599390834569931
-0.1188729777932167,-0.1980500966310501,0.08718300610780716
-0.15072175860404968,-0.20785056054592133,0.11802219599485397
-0.2581496834754944,-0.030409207567572594,0.28637152910232544
-0.36978432536125183,0.12052863836288452,0.22210758924484253
-0.40866968035697937,0.3247874975204468,0.10345763713121414
-0.37829992175102234,0.47815030813217163,0.018955696374177933
-0.3122660219669342,0.6089853048324585,-0.0028009966481477022
-0.24194996058940887,0.7272193431854248,-0.012677863240242004
-0.12771525979042053,0.7919285893440247,-0.044399574398994446
0.07838127762079239,0.724249541759491,-0.11624079197645187
0.309535413980484,0.6278526782989502,-0.19789810478687286
0.46084681153297424,0.6252434849739075,-0.2126498818397522
0.5094822645187378,0.7164564728736877,-0.16325676441192627
0.49957364797592163,0.8129475116729736,-0.13733845949172974
0.494133323431015,0.8814096450805664,-0.14223335683345795
0.5000645518302917,0.9255170822143555,-0.15113715827465057
0.5096250772476196,0.9703987836837769,-0.1473139226436615
0.5320939421653748,0.9876595735549927,-0.13594402372837067
0.547081708908081,0.9988887906074524,-0.13765937089920044
0.5344976186752319,1.0115350484848022,-0.1388280838727951
0.502225399017334,1.0071223974227905,-0.12990595400333405
0.4545404016971588,0.926186740398407,-0.061308249831199646
0.37455660104751587,0.8209550976753235,0.1901085376739502
0.22557432949543,0.7178372740745544,0.41088640689849854
0.05454825982451439,0.6419145464897156,0.5209447145462036
-0.11307206749916077,0.6013872027397156,0.5283243060112
-0.2716499865055084,0.5638437867164612,0.4826657176017761
-0.40718868374824524,0.5151172876358032,0.3978295922279358
-0.483611524105072,0.4539090394973755,0.3163627088069916
-0.48442697525024414,0.3935253322124481,0.3520669639110565
-0.45141416788101196,0.34203073382377625,0.3687271773815155
-0.36380717158317566,0.27775338292121887,0.30638352036476135
-0.25878915190696716,0.21446150541305542,0.2572186291217804
-0.15471218526363373,0.21344026923179626,0.216530442237854
-0.06559616327285767,0.21777190268039703,0.2123439610004425
-0.002506939461454749,0.2712564170360565,0.220023974776268
0.05023244023323059,0.3546716868877411,0.25303491950035095
0.0871371328830719,0.43487271666526794,0.2909093499183655
0.09925824403762817,0.5227046012878418,0.3109845221042633
0.09637492895126343,0.5521517992019653,0.338117390871048
0.07111138105392456,0.5000401139259338,0.37237176299095154
0.033020637929439545,0.41539835929870605,0.3484232425689697
-0.006117713171988726,0.35680800676345825,0.4349392056465149
-0.03518419712781906,0.33150139451026917,0.3896775245666504
-0.06621241569519043,0.2823066711425781,0.35911428928375244
-0.09888800978660583,0.2677656412124634,0.35414642095565796
-0.11026397347450256,0.22934739291667938,0.3143843710422516
-0.1949516087770462,0.12218344211578369,0.23409757018089294
-0.25918012857437134,0.02113325335085392,0.1468992829322815
-0.2667189836502075,0.0057385992258787155,0.10849612951278687
-0.25727781653404236,0.034911662340164185,0.10200253129005432
-0.23183439671993256,0.0630454495549202,0.12035560607910156
-0.18984194099903107,0.096140556037426,0.14885728061199188
-0.12881839275360107,0.1498800665140152,0.173150435090065
-0.07010633498430252,0.1967650204896927,0.1667143702507019
-0.01889287307858467,0.23463472723960876,0.14094200730323792
0.026219477877020836,0.3124515116214752,0.12089931964874268
0.055083904415369034,0.39635682106018066,0.10991090536117554
0.030056850984692574,0.4028903543949127,0.10494810342788696
-0.03292689472436905,0.3242567777633667,0.10828893631696701
-0.08184836804866791,0.23968812823295593,0.11250604689121246
-0.0882788896560669,0.21258240938186646,0.09599412977695465
-0.04325522109866142,0.226699560880661,0.07518791407346725
0.009119146503508091,0.2275574803352356,0.051213715225458145
0.027330374345183372,0.20570118725299835,0.0364890992641449
0.007970252074301243,0.16292177140712738,0.015466956421732903
-0.02601621113717556,0.1544494479894638,-0.0028912783600389957
-0.07768164575099945,0.22499725222587585,-0.01875690184533596
-0.04034492373466492,0.13409584760665894,0.008241426199674606
-0.0443556122481823,0.2167058140039444,0.045348264276981354
-0.5114138722419739,-0.7593416571617126,0.04922369495034218
-0.6048138737678528,-1.201155424118042,-0.16027535498142242
-0.3357781767845154,-1.3760299682617188,-0.15744735300540924
-0.14765053987503052,-0.7786809802055359,-0.04086177796125412
0.21825926005840302,-0.47173139452934265,0.0674188882112503
0.3501179814338684,-0.22141848504543304,0.11955894529819489
0.4655180871486664,-0.003302397206425667,0.04891008138656616
0.468153178691864,0.13367395102977753,-0.000912870280444622
0.3949093222618103,0.11661187559366226,-0.030222022905945778
0.30762186646461487,0.08259274810552597,-0.05118333548307419
0.26302456855773926,0.11922293156385422,-0.08058810234069824
0.23780517280101776,0.17262083292007446,-0.09081170707941055
0.2172975093126297,0.1811559945344925,-0.07600586116313934
0.18656539916992188,0.20970690250396729,-0.05532662943005562
0.1506073921918869,0.264527827501297,-0.05769338086247444
0.103307344019413,0.3129841387271881,-0.05815890058875084
0.055062051862478256,0.2571221888065338,-0.045328591018915176
0.001951229409314692,0.11399520933628082,-0.05385342240333557
-0.04072113335132599,-0.05429792404174805,-0.0886705219745636
-0.023709485307335854,-0.13461869955062866,-0.09495105594396591
0.06251940876245499,-0.06514641642570496,-0.07657977193593979
0.20162434875965118,0.09622149169445038,-0.020013272762298584
0.3042316734790802,0.2945351004600525,0.04716922342777252
0.36549708247184753,0.44533759355545044,0.07262462377548218
0.3595827519893646,0.5556873083114624,0.07000380754470825
0.3070391118526459,0.6235907077789307,0.09135666489601135
0.2727660834789276,0.6816316246986389,0.11332347989082336
0.239223912358284,0.7616892457008362,0.10384981334209442
0.2193857729434967,0.7636845111846924,0.06886759400367737
0.18502990901470184,0.670179545879364,0.034800492227077484
0.12700921297073364,0.5088668465614319,-0.007178381085395813
0.07639715075492859,0.489888072013855,-0.0723150372505188
0.0800430178642273,0.5903019905090332,-0.11283130943775177
0.17437753081321716,0.8033099174499512,-0.11500279605388641
0.3160518407821655,0.9524701237678528,-0.06337129324674606
0.4008558988571167,0.9351434707641602,0.007638753391802311
0.4917818009853363,0.8761107921600342,0.03840998187661171
0.46972131729125977,0.5570541024208069,0.03894469141960144
0.4417533278465271,0.39989539980888367,-0.010069988667964935
0.4396797716617584,0.2537245750427246,-0.022408518940210342
0.43188682198524475,0.10803847014904022,0.0018677907064557076
0.4026986062526703,0.09678396582603455,-0.05213030427694321
0.3377065658569336,0.15390264987945557,-0.10494158416986465
0.21531878411769867,0.1117100790143013,-0.13607586920261383
0.07145082205533981,0.02837604284286499,-0.1705707162618637
-0.06265448778867722,-0.10141147673130035,-0.1785905510187149
-0.2121070921421051,-0.2629292607307434,-0.12696997821331024
-0.3706008493900299,-0.40662410855293274,-0.09285493940114975
-0.5164355635643005,-0.5582538843154907,-0.08803407847881317
-0.633633017539978,-0.72023606300354,-0.10580337792634964
-0.7129698991775513,-0.8937510848045349,-0.144203782081604
-0.7476412653923035,-0.9870211482048035,-0.17799167335033417
-0.7240486145019531,-0.9640833139419556,-0.19319751858711243
-0.6338657736778259,-0.7909624576568604,-0.20306086540222168
-0.4921102821826935,-0.5537027716636658,-0.22705140709877014
-0.3483240604400635,-0.3204764723777771,-0.2411089539527893
-0.24999882280826569,-0.12568113207817078,-0.24249379336833954
-0.1758899688720703,-0.005678301677107811,-0.25631433725357056
-0.1272478550672531,0.06949474662542343,-0.20809486508369446
-0.09750242531299591,0.11007900536060333,-0.16876056790351868
-0.08619064837694168,0.13846030831336975,-0.1746232509613037
-0.07193318009376526,0.16933616995811462,-0.2039417177438736
-0.05191259831190109,0.19662824273109436,-0.21097218990325928
-0.03187057748436928,0.2379070669412613,-0.20734187960624695
4.368004738353193e-05,0.2688114643096924,-0.17311494052410126
0.026010662317276,0.2787126898765564,-0.13321450352668762
0.02462741546332836,0.2556915283203125,-0.1188368946313858
0.038249604403972626,0.20105929672718048,-0.11987366527318954
0.5208985805511475,0.47570765018463135,-0.09441544115543365
0.6969909071922302,0.5392735004425049,-0.09740617126226425
0.9840556979179382,0.6018548607826233,-0.09828554093837738
0.9533870816230774,0.5373361110687256,-0.1415167897939682
0.7492168545722961,0.21463018655776978,-0.18865475058555603
0.4843396246433258,-0.15028315782546997,-0.24408291280269623
0.27587854862213135,-0.414522260427475,-0.2795809805393219
0.11505071818828583,-0.45292407274246216,-0.31523722410202026
-0.0032796510495245457,-0.3569067120552063,-0.38538408279418945
-0.10878434777259827,-0.31990161538124084,-0.38260090351104736
-0.08299483358860016,-0.2710438072681427,-0.4065925180912018
-0.020696396008133888,-0.07343818247318268,-0.375696063041687
0.0456799641251564,0.10383273661136627,-0.3838770389556885
0.0631449967622757,0.23361872136592865,-0.3963850140571594
-0.0180827509611845,0.19503536820411682,-0.35846424102783203
-0.13616250455379486,0.06501080840826035,-0.3064999580383301
-0.25612324476242065,-0.051116861402988434,-0.24471141397953033
-0.37336263060569763,-0.15594108402729034,-0.2456464022397995
-0.46334391832351685,-0.26427316665649414,-0.3139578104019165
-0.4179114103317261,-0.32883375883102417,-0.4320526719093323
0.045343589037656784,-0.2876109480857849,-0.4880189895629883
0.4580378234386444,-0.15565195679664612,-0.36513444781303406
0.7747718095779419,-0.025059331208467484,-0.2339191734790802
0.9259112477302551,0.21960975229740143,-0.20472198724746704
0.8899604082107544,0.33449238538742065,-0.25648316740989685
0.7135669589042664,0.3445894122123718,-0.3045769929885864
0.4961315393447876,0.3340206444263458,-0.32137808203697205
0.328200101852417,0.34130311012268066,-0.3259527385234833
0.28257352113723755,0.3725622296333313,-0.2958869934082031
0.34064507484436035,0.38919925689697266,-0.2816166877746582
0.49320024251937866,0.3458145260810852,-0.3246994614601135
0.7000745534896851,0.24607300758361816,-0.4238377511501312
0.9271516799926758,0.14710888266563416,-0.6031225919723511
1.249409556388855,0.30739569664001465,-0.8014844655990601
1.5572073459625244,0.39832428097724915,-1.044225811958313
1.8019331693649292,0.3782355487346649,-1.2534297704696655
1.9473955631256104,0.0799817442893982,-1.3665217161178589
1.9940263032913208,0.25285452604293823,-1.6368438005447388
1.993643045425415,0.6406728029251099,-1.8123306035995483
1.9240763187408447,0.7542967200279236,-1.7947568893432617
1.7543011903762817,0.6552242040634155,-1.5905150175094604
1.562917947769165,0.5601001381874084,-1.3528550863265991
1.4374295473098755,0.5215202569961548,-1.1868534088134766
1.4327547550201416,0.5637492537498474,-1.1558353900909424
1.5407168865203857,0.6897644400596619,-1.2380609512329102
1.6909257173538208,0.8862539529800415,-1.3875370025634766
1.7885230779647827,1.0381108522415161,-1.495756983757019
1.8149181604385376,1.128009557723999,-1.519571304321289
1.7558234930038452,1.1582756042480469,-1.4438238143920898
1.624189853668213,1.117393136024475,-1.337487816810608
1.4416484832763672,1.0299586057662964,-1.257327914237976
1.2522207498550415,0.9719845056533813,-1.1681597232818604
1.0753989219665527,0.9827266335487366,-1.04228937625885
0.9243959784507751,1.0111825466156006,-0.9424203634262085
0.862541913986206,1.0845654010772705,-0.8141931295394897
0.8688812255859375,1.1824820041656494,-0.6706734895706177
0.9384632110595703,1.288755178451538,-0.4896930456161499
1.0481435060501099,1.3462638854980469,-0.3451710343360901
1.1806163787841797,1.3906776905059814,-0.30368801951408386
1.2766526937484741,1.4045425653457642,-0.34831470251083374
1.3012129068374634,1.3331167697906494,-0.4043537378311157
1.2490592002868652,1.1818331480026245,-0.46790775656700134
1.133504867553711,1.049323320388794,-0.4689626395702362
1.0052523612976074,1.045087456703186,-0.3938698470592499
0.8921809792518616,1.178558349609375,-0.26158344745635986
0.7822341918945312,1.335004210472107,-0.07027000188827515
0.7461180090904236,1.4540237188339233,0.09487554430961609
0.7671087980270386,1.4884272813796997,0.16771359741687775
0.8326007127761841,1.4017096757888794,0.16741691529750824
0.8942217230796814,1.1854327917099,0.08014687895774841
0.9226624369621277,0.9486479759216309,-0.07855860888957977
0.9337016940116882,0.7808954119682312,-0.1914495825767517
0.954557478427887,0.7375999093055725,-0.19298702478408813
0.9622046947479248,0.7940550446510315,-0.1028229370713234
0.9382985234260559,0.8902913331985474,-0.002655057003721595
0.9237089157104492,1.0554407835006714,0.07335379719734192
0.8691551089286804,1.1756495237350464,0.09605032205581665
0.7436045408248901,1.1632784605026245,0.10278870910406113
0.5890799164772034,1.0515815019607544,0.07369740307331085
0.4666036367416382,0.9186776280403137,-0.001397088635712862
0.3828456401824951,0.7965871095657349,-0.06845282018184662
0.3574356138706207,0.6886321902275085,-0.08000656962394714
0.3587368428707123,0.5233111381530762,-0.07623180001974106
0.38902679085731506,0.3271878957748413,-0.05149892717599869
0.43987905979156494,0.1937989592552185,-0.049126848578453064
0.5104183554649353,0.14177429676055908,-0.05444379150867462
0.5454229712486267,0.11846844851970673,-0.05107249692082405
0.5154221653938293,0.09939461946487427,-0.0529015026986599
0.4558321237564087,0.11000625044107437,-0.023341212421655655
0.35673952102661133,0.08404405415058136,-0.010282137431204319
0.2551947832107544,0.01107583288103342,0.003819033969193697
0.18511639535427094,-0.03848741576075554,0.018644001334905624
0.16632433235645294,-0.03995082154870033,0.00687895342707634
0.20521754026412964,0.018479352816939354,0.0042801350355148315
0.25778618454933167,0.07129941880702972,-0.0007950505241751671
0.3379531800746918,0.08105988055467606,0.01629200577735901
0.40204906463623047,0.02434174157679081,0.03520657494664192
0.42809733748435974,-0.07591872662305832,0.02729831449687481
0.43256479501724243,-0.18476958572864532,0.00816989317536354
0.41189777851104736,-0.32185930013656616,-0.022728951647877693
0.3939629793167114,-0.41016677021980286,-0.016548287123441696
0.347038209438324,-0.41181644797325134,0.02616732567548752
0.2805255055427551,-0.34667661786079407,0.08516593277454376
0.23009446263313293,-0.19899511337280273,0.13743627071380615
0.19810403883457184,-0.01047872006893158,0.15081332623958588
0.18567362427711487,0.13987259566783905,0.14139963686466217
0.1929355263710022,0.21450448036193848,0.116138756275177
0.22003264725208282,0.24623309075832367,0.09234783798456192
0.2389775812625885,0.2954147458076477,0.07585088163614273
0.33517417311668396,0.42760154604911804,0.03017841838300228
0.7831804156303406,0.8527496457099915,-0.12891963124275208
1.060500979423523,1.0833966732025146,-0.2181980460882187
0.9516897797584534,1.2902952432632446,-0.14245349168777466
0.5130019187927246,2.0444915294647217,-0.07863190025091171
-0.13575240969657898,2.6290953159332275,-0.04421320557594299
-0.26179689168930054,2.2793171405792236,-0.007907449267804623
-0.09620419889688492,1.1334116458892822,0.02920396812260151
0.02229800820350647,0.09346646815538406,0.08586671203374863
0.048151444643735886,-0.43651512265205383,0.04799629747867584
0.0417904257774353,-0.49776363372802734,0.023871254175901413
0.02709030732512474,-0.20934514701366425,0.03678438812494278
0.011155283078551292,0.14812031388282776,0.04865143448114395
0.03525582700967789,0.33502814173698425,0.07130428403615952
-0.034881290048360825,0.3306889533996582,0.05517372488975525
0.011285138316452503,-0.12097067385911942,0.008645905181765556
0.02485547959804535,-0.11597593873739243,0.00338163785636425
0.0032066432759165764,-0.09537877887487411,0.0022641755640506744
-0.00611185422167182,-0.17267581820487976,-0.008900009095668793
-0.0028177902568131685,-0.14742983877658844,0.0045457580126821995
0.00921392347663641,-0.12779664993286133,0.01489618793129921
0.09760983288288116,-0.09478331357240677,0.05905645340681076
0.009854110889136791,-0.18361814320087433,0.0413677953183651
0.019765596836805344,-0.11533895879983902,-0.01565181463956833
0.013021457940340042,-0.16297966241836548,-0.0015231058932840824
0.14093761146068573,-0.33497005701065063,0.1377631425857544
0.06710615754127502,-0.6201925873756409,0.1524066925048828
0.038754139095544815,-0.5488725900650024,0.04518703371286392
0.027176884934306145,-0.5804790258407593,0.031118566170334816
0.002126658335328102,-0.5713779330253601,0.03565153107047081
0.0037077534943819046,-0.6041140556335449,0.06229347735643387
0.005214570090174675,-0.6487592458724976,0.07177619636058807
-0.004016065038740635,-0.6401565670967102,0.0494573600590229
-0.026382356882095337,-0.6301108598709106,0.04730818793177605
-0.03993180766701698,-0.5967122316360474,0.06021967530250549
-0.04793673753738403,-0.5090811848640442,0.06673429906368256
-0.06869073957204819,-0.19187632203102112,0.06766070425510406
-0.03542652726173401,-0.0730292946100235,0.05516568571329117
-0.020014099776744843,-0.037153419107198715,0.05385695397853851
-0.015446512028574944,-0.022393912076950073,0.0722479522228241
-0.00966528058052063,-0.02148199826478958,0.13814856112003326
-0.008558204397559166,-0.01954960823059082,0.182793527841568
-0.007342309225350618,-0.01026542205363512,0.2024528682231903
-0.0052756960503757,-0.00445813313126564,0.21680304408073425
-0.0031888033263385296,0.0016442837659269571,0.19650086760520935
-0.00173258688300848,0.0016400227323174477,0.12190332263708115
-0.0021767255384474993,0.003138941479846835,0.011299695819616318
-0.0007934797322377563,0.004646024201065302,-0.013916977681219578
-0.0017253076657652855,0.003521385369822383,-0.0033624444622546434
-0.0002477859379723668,-0.0005822794628329575,0.0013851728290319443
0.000646267959382385,6.783318531233817e-05,0.0010307058691978455
0.0020161978900432587,0.0006553265266120434,0.003914643544703722
0.0006250925362110138,0.0002756640606094152,0.002829562872648239
0.0011854215990751982,-0.0005539106205105782,-0.0005071116611361504
0.0007241020211949944,-0.0017371808644384146,0.0004535452462732792
0.00016297397087328136,0.00011824344983324409,0.0005811108276247978
0.0006273348699323833,-0.0021016057580709457,-0.0020338469184935093
-0.0025849700905382633,0.0024883521255105734,-0.0008764374069869518
0.0002295273297931999,0.002184029668569565,-0.00013985997065901756
-0.00015982682816684246,0.0013515256578102708,7.15949572622776e-05
0.001216650241985917,-0.0014680889435112476,0.003751976415514946
0.0005090483464300632,-7.046202517813072e-05,0.0015026708133518696
0.0008222183678299189,0.0010086296824738383,-0.0002873465418815613
0.002739161718636751,-0.0002608991926535964,-0.0007810965180397034
0.0021240622736513615,-0.00024348337319679558,-0.0011305022053420544
-7.277927943505347e-05,-0.0006887639174237847,0.00019042566418647766
-0.0006894662510603666,0.0010570071171969175,0.00047847069799900055
2.559256972745061e-05,-0.0004857621679548174,-0.0007135597988963127
-0.001631223363801837,0.0014790910063311458,-0.0004048445262014866
-0.0009776835795491934,-0.00020056469656992704,-0.0001361314207315445
-0.0007703223964199424,-0.00014475015632342547,0.00170975923538208
-0.0026720857713371515,0.0007740404107607901,-0.0004386128857731819
0.0011927178129553795,0.0014824692625552416,-0.0016636140644550323
0.00038844323717057705,0.0007391810650005937,0.0005739741027355194
-0.001146602793596685,2.3323391360463575e-05,0.0010805069468915462
0.0007564921397715807,0.00034476694418117404,-0.0001551997847855091
-0.0023178791161626577,-0.0004344950430095196,0.0015312735922634602
-0.0018038891721516848,-0.00039215077413246036,0.002185080200433731
-0.0004071201547048986,0.0004916818579658866,0.0020596440881490707
-0.0014707866357639432,6.823925650678575e-05,-8.020596578717232e-05
0.0005823032697662711,0.0006499441806226969,0.00037146685644984245
-0.0001497997436672449,-0.0012800487456843257,-0.0015039308927953243
0.0002410991000942886,0.0014549542684108019,0.0002659517340362072
0.0015883923042565584,0.0013231277698650956,0.0013357438147068024
0.00012077743303962052,-0.00022943163639865816,-0.0005499864928424358
-0.000995087088085711,-0.0008233165717683733,-0.0005939286202192307
0.0004906784743070602,0.0001809474197216332,-0.002855378668755293
0.00018681179790291935,-0.001643584226258099,-0.0006295084021985531
-0.00016234643408097327,0.0006584310322068632,-0.0003486522473394871
0.0012667058035731316,-0.001466238871216774,-0.0011673076078295708
-0.0010511677246540785,0.0014127991162240505,0.000664255116134882
-0.003449077717959881,-0.00155795703176409,-0.0021853274665772915
-0.001953026046976447,0.0011748531833291054,0.002633023075759411
-0.0011426261626183987,-0.0022065623197704554,0.00287004467099905
0.0004524972755461931,-0.0012157345190644264,0.0015578502789139748
-0.0009893381502479315,0.0004929495044052601,0.0016566533595323563
0.001121749635785818,0.0006580654880963266,-0.0010765488259494305
-0.002535036765038967,0.0013126705307513475,-0.00013458868488669395
0.0012247891863808036,0.0004412987327668816,-0.0005545676685869694
9.32121038204059e-05,0.0018503771862015128,-0.0018568537198007107
0.00021999226009938866,0.002075385535135865,-0.0008958806283771992
-0.0014396897749975324,-0.0003619394265115261,-0.002318275161087513
-0.0005013668560422957,0.00022593371977563947,-3.2400712370872498e-06
-7.978844223544002e-05,0.0006110267713665962,0.000750434584915638
-0.00012438808334991336,0.0020911607425659895,1.934356987476349e-05
0.00011183429160155356,-0.0005917077651247382,-0.00038305995985865593
0.0016341139562427998,0.0023627940099686384,0.00093829445540905
-0.0003832306247204542,-0.0004167473816778511,0.00038728630170226097
0.00125299789942801,-0.00047901339712552726,0.0017355913296341896
0.0006588466349057853,0.0024813564959913492,-0.0005826903507113457
-0.001885783625766635,-0.0034467747900635004,0.001370331272482872
0.0005755099700763822,-0.0002768141566775739,0.002241451758891344
0.0006930093513801694,0.0011088910978287458,0.0008431104943156242
-0.0017762735951691866,0.0013347271597012877,-0.001523640938103199
-0.0002538824628572911,0.002732174238190055,0.0008058059029281139
-0.000621132436208427,0.0004911241121590137,-0.00025599636137485504
-0.0009673315798863769,0.0013626707950606942,-0.0008068443275988102
-0.001574532245285809,-0.00014920570538379252,-0.0005956557579338551
0.00027418177342042327,0.00046801366261206567,0.00015654601156711578
0.0005543463048525155,-0.001620969851501286,-0.001210188027471304
0.0015582971973344684,-0.0005098892725072801,-0.0006217295303940773
0.003859001910313964,-0.0022995334584265947,0.0006691049784421921
0.0013733855448663235,-6.631395081058145e-05,-0.001124668400734663
8.867666474543512e-05,-0.00010439715697430074,-0.0005781878717243671
0.0005317992181517184,-0.0010086052352562547,0.000201348215341568
-0.0002003037661779672,-0.0013047487009316683,0.0001249155029654503
-0.000469396123662591,-0.0013165544951334596,0.0005263052880764008
0.00034419956500642,-0.0010417161975055933,0.0014243233017623425
-0.0005888935411348939,0.0016337281558662653,0.002111166249960661
-0.001511412556283176,-0.0005732333520427346,0.0007351110689342022
0.0017897684592753649,-0.000553685356862843,-0.00017092935740947723
0.00016231068002525717,-0.0014948464231565595,-0.0009640185162425041
-0.0015457812696695328,-0.000326380948536098,0.0017518466338515282
-0.00024189759278669953,0.001089355442672968,0.0007811249233782291
-4.7071167500689626e-05,0.0001955967745743692,0.0024161646142601967
0.0016000939067453146,0.0011713790008798242,0.001508825458586216
-0.0006484963232651353,-0.0008485810249112546,-8.392846211791039e-05
-0.0012178801698610187,0.0006619639461860061,0.0015025166794657707
-0.0001770361850503832,0.0016053079161792994,0.0006599114276468754
0.0010959547944366932,-0.0036906541790813208,3.5400502383708954e-05
-0.0021683014929294586,-0.0020632881205528975,-0.000972219742834568
-0.00010914541780948639,-0.0006376978708431125,0.0004717460833489895
-0.0013175056083127856,-0.0009927434148266912,0.0002757529728114605
0.0007174157071858644,0.0005481615662574768,0.0013380879536271095
0.0008321920176967978,-0.001015116460621357,-0.0006453320384025574
0.0007605529972352087,-0.0002435986971249804,-0.0004977928474545479
0.0017515673534944654,-0.0005337963812053204,0.0013831895776093006
0.002086593070998788,0.0002944466832559556,-7.513444870710373e-06
0.0007486555259674788,-0.002412432339042425,-0.0009537902660667896
-0.0016423305496573448,-0.0008763210498727858,-0.0010800240561366081
-0.0022095039021223783,0.002557919593527913,-6.269896402955055e-05
0.0005077194655314088,0.0010449779219925404,0.0008499664254486561
-0.0014738845638930798,-0.0010725850006565452,4.2830128222703934e-05
-5.4952368373051286e-05,0.00251309503801167,-0.0006706309504806995
-0.002016495680436492,-0.0004400066682137549,0.0019989795982837677
0.0012810302432626486,-0.0007390796672552824,1.1729076504707336e-05
0.0012091710232198238,-0.0025942507199943066,0.0014835945330560207
-0.0009003189043141901,-0.0008283085189759731,-0.0007422752678394318
0.001436213729903102,0.00034058690653182566,-0.0012177890166640282
-0.0001747325004544109,-0.0013694288209080696,-0.0020676041021943092
0.0008110918570309877,-3.354460932314396e-05,-0.0016969721764326096
0.00013305101310834289,-0.00032462814124301076,-0.0014612823724746704
-0.0006265825359150767,-0.0008750854758545756,-0.0017273342236876488
0.00017849110008683056,0.0013084403472021222,0.0004972042515873909
0.0005571878282353282,-0.0005627290811389685,0.0006551230326294899
-0.0001597351219970733,-0.002593123121187091,4.099821671843529e-05
0.0007984183030202985,0.0002954449155367911,0.0007513798773288727
-0.0015145371435210109,0.0017660424346104264,-0.0005594282411038876
0.0005736737512052059,0.001034687040373683,-0.0010043303482234478
-0.00017600608407519758,0.0006096464348956943,-0.0007049906998872757
0.0011860014637932181,0.00039419421227648854,0.0006511337123811245
0.001831551780924201,-0.00227669021114707,-0.00019575143232941628
0.0006136560114100575,-0.0011132494546473026,0.0014237570576369762
-0.0003927525831386447,0.001548313652165234,-0.0015808213502168655
0.0014337010215967894,0.001424853689968586,0.001445019617676735
-8.909442112781107e-05,-0.0015847845934331417,0.00032329605892300606
-0.0010729425121098757,0.0004296370898373425,-0.0013192077167332172
-0.0010596266947686672,0.0001108567084884271,0.0018803137354552746
0.00013808402582071722,-0.0013395471032708883,-0.0007062279619276524
0.0023501054383814335,-6.389297777786851e-05,-4.5231543481349945e-05
-0.0006070379167795181,0.0014289076207205653,-0.0011498229578137398
0.001398855005390942,-0.0013274641241878271,0.0016302508302032948
-7.001799531280994e-05,-0.0002429257147014141,0.0007422692142426968
-0.0007997241336852312,-0.0002908626338467002,-0.0005160742439329624
0.0003603170916903764,-0.00035625515738502145,0.00028766971081495285
0.00017442843818571419,0.00034522145870141685,-5.8807432651519775e-05
0.0001703369925962761,-3.935951099265367e-05,0.0020046262070536613
-0.0011407372076064348,0.0011619924334809184,0.0017942367121577263
-0.00026284021441824734,-0.0015157117741182446,0.0012396532110869884
-0.0007179743843153119,-0.0004299409920349717,-0.0002474556677043438
-0.0015513289254158735,0.0014853902393952012,0.000996326096355915
0.0022327564656734467,0.002049714094027877,0.0007150960154831409
0.0003369065816514194,0.0016273815417662263,-0.00014377478510141373
-0.0024535534903407097,0.00152511615306139,0.0015888777561485767
-0.0010091016301885247,0.0009680887451395392,0.0005586491897702217
-0.0005260042380541563,0.002627504523843527,-0.000874930527061224
-0.0012470545480027795,-0.0014016509521752596,9.392108768224716e-05
0.0016206373693421483,0.0006029103533364832,0.000694730319082737
0.0002745161182247102,-0.0020738360472023487,0.000571640208363533
0.0005999543936923146,0.0011698942398652434,-0.0015751342289149761
-0.00018454864039085805,-0.00033392530167475343,-0.0024432509671896696
-0.0005025300197303295,-1.967229400179349e-05,-0.00014121457934379578
0.00012130104005336761,0.0024418088141828775,-0.000370523426681757
0.0014864373952150345,-0.0019582659006118774,-0.0018613608554005623
0.0015642549842596054,0.0006973379640839994,0.0007613622583448887
-0.0010339249856770039,-0.00010640404798323289,0.000998117495328188
0.00011352325964253396,-0.0003040101146325469,0.001579473726451397
-0.0003517309669405222,0.000894678698386997,-0.0010312232188880444
-0.00019394056289456785,0.0005965157179161906,0.0011920854449272156
5.959239206276834e-05,-0.00017500203102827072,-0.0023240861482918262
0.002630388829857111,9.420193237019703e-05,0.002506466582417488
-0.0005243915948085487,0.002480926923453808,0.0005335970781743526
-0.0019229496829211712,0.0006562080816365778,-0.0002042311243712902
-0.000488038407638669,0.003446668153628707,-0.000481998547911644
0.0017611758084967732,-0.00014842854579910636,0.0007837768644094467
0.001037062262184918,-0.0005734690348617733,0.0002980162389576435
0.002846842398867011,-0.00020967044110875577,0.0007051685824990273
0.0032290059607475996,-0.0004392349219415337,-0.0003023049794137478
-0.0015172302955761552,0.0009801294654607773,0.0016400734893977642
-0.0015941956080496311,0.0005787910777144134,-0.0007980507798492908
0.0003336825466249138,-0.0004416467563714832,0.0010235612280666828
0.0004679058911278844,0.0007642325945198536,0.0016755028627812862
-0.0009162664646282792,0.003347173100337386,-4.017353057861328e-05
4.140631062909961e-05,-0.0015112316468730569,0.0008852751925587654
-0.0018672470469027758,0.0013890715781599283,-0.0011243955232203007
0.00020336074521765113,4.3376268877182156e-05,-0.000266325194388628
-0.000597628764808178,-0.0003548196400515735,0.000758384820073843
-0.001469281385652721,-7.252457726281136e-05,0.0019211205653846264
-0.0008187964558601379,0.0005547325126826763,-0.0004986366257071495
0.0018797846278175712,0.0011805753456428647,-0.00038997968658804893
0.00048818974755704403,-0.0015397571260109544,-0.0003092070110142231
-0.0004274050588719547,-0.0006566528463736176,0.001222643069922924
0.0005514840013347566,-1.876328678918071e-05,-0.0011076154187321663
-0.0005920773837715387,-4.0068574890028685e-05,-0.00010866345837712288
-0.0012900409055873752,0.0019782704766839743,-0.0003985213115811348
0.0011440882226452231,0.0006823764997534454,0.0012739435769617558
-0.0006837463588453829,-0.0002483827993273735,-0.00023321202024817467
0.00018124832422472537,-0.003243107348680496,0.0005223271436989307
-0.0029415073804557323,0.0024378157686442137,-0.000853115227073431
0.0014146252069622278,8.33149824757129e-05,0.0003282632678747177
0.0016250117914751172,-0.002321579260751605,-0.0002519986592233181
-0.0015777057269588113,-0.002429170999675989,-0.000583029817789793
-0.001698728883638978,0.0021504457108676434,-0.00017875852063298225
-0.0001844555081333965,-0.00022216455545276403,-0.00029966607689857483
-0.0016051577404141426,-0.0014661710010841489,-0.0008084718137979507
-0.0013023563660681248,-0.0006408573244698346,0.000568116083741188
0.001731888740323484,0.002545478055253625,-0.0015439428389072418
7.992985774762928e-05,0.00318490294739604,-0.0020760423503816128
-0.00016445593792013824,-0.0010541512165218592,0.0019243517890572548
-0.0022009750828146935,-0.0019079606281593442,0.0018543107435107231
-0.00040488247759640217,-0.001333302934654057,-0.0009470912627875805
0.00042575743282213807,-0.000809725490398705,-0.001582255121320486
0.0006811165949329734,-0.000665771309286356,0.0015328489243984222
-0.0002443319244775921,-0.000963246391620487,0.0003536008298397064
0.002635170239955187,-0.001990274991840124,-5.5002979934215546e-05
-0.001398719847202301,-0.0015575113939121366,-0.0015090890228748322
-0.0010860915062949061,-0.0008168045897036791,0.0003519086167216301
-0.0005574540118686855,-0.001488986425101757,0.002561267465353012
-0.0004815091087948531,-0.0006482412572950125,-0.0012171966955065727
0.0007533986354246736,0.0006873340462334454,0.0002278345637023449
0.0003709765151143074,-0.001070451457053423,0.001191742718219757
-0.0005749783013015985,0.0001348953228443861,-0.0010554324835538864
-0.0007694379310123622,0.0009565532673150301,-0.001979953609406948
0.0004223266150802374,-0.00026477238861843944,-0.0020894096232950687
0.001832788111642003,-0.0018469998612999916,-0.0006913417018949986
-3.355523222126067e-05,0.0011959279654547572,0.0022413311526179314
-0.0012623006477952003,-0.001616537687368691,0.0013760114088654518
9.96399758150801e-05,-0.0005565996398217976,0.0009749392047524452
-0.0023194849491119385,-0.0014431222807615995,0.0006634052842855453
0.00038309069350361824,-0.0010244734585285187,0.00033237412571907043
-0.003165649017319083,0.002581697190180421,-0.0012749969027936459
-0.0003573457361198962,-0.00028226617723703384,0.0005015977658331394
-0.0010613648919388652,0.0001708912313915789,-0.0009800391271710396
0.0016129814321175218,0.00010085008398164064,0.0007803104817867279
-0.000442555989138782,-1.1438463843660429e-05,0.0012928284704685211
0.001714604441076517,0.0011132145300507545,-7.630279287695885e-05
0.0015271209413185716,-0.0016369293443858624,0.00048694154247641563
-0.0003847624466288835,-0.00020787713583558798,0.0002616378478705883
0.0016036073211580515,0.000760508410166949,0.0006627938710153103
0.0009668455459177494,0.0006465251208283007,0.0002462752163410187
0.0005231659160926938,5.581145887845196e-05,0.000228972639888525
-0.0010451696580275893,-0.0002187604404753074,-6.85025006532669e-05
-0.0005018725642003119,-0.001393734011799097,-0.0007258160039782524
-0.0031695610377937555,-9.970406972570345e-05,0.0005921823903918266
-0.0006935491692274809,0.0011682059848681092,0.0009332825429737568
-0.0027995770797133446,0.0001500795187894255,-0.0005578212440013885
-0.000790151534602046,-0.0014342748327180743,0.0002268729731440544
7.431057747453451e-05,-0.0007296024123206735,-0.0005358564667403698
-0.001837432966567576,-0.0006580059416592121,-0.0011885748244822025
0.0007234626682475209,0.0003670447913464159,0.001325715333223343
0.001308321370743215,0.00025948311667889357,-0.0013338448479771614
-0.0019122393568977714,0.0018421997083351016,0.00018309196457266808
0.0012802851852029562,-0.0001669671037234366,-0.0007240627892315388
-0.00026381562929600477,-0.00044793059350922704,-0.0013278014957904816
-0.0018369718454778194,-0.0010252069914713502,0.0003458866849541664
-0.000675034592859447,-0.0012814030051231384,-8.234940469264984e-05
0.0013995792251080275,0.0008526910096406937,0.0002011437900364399
-0.0015195116866379976,-0.0012067314237356186,0.001771876122802496
0.0025963212829083204,-0.0014817446935921907,-0.0012750881724059582
0.0020815320312976837,0.00023359736951533705,0.00019550928846001625
-0.0007677272660657763,6.283786206040531e-05,-0.0013542384840548038
-0.00171900843270123,0.0004055866738781333,-0.001846124418079853
0.0005213995464146137,-0.0014751683920621872,0.0008037136867642403
-0.0017039378872141242,-0.0006234895554371178,0.0002337973564863205
-0.0013818159932270646,2.3868047719588503e-05,-0.0016547990962862968
-0.0010025817900896072,-0.001241932506673038,-0.0012004636228084564
0.00010052752622868866,-0.0026013795286417007,-0.0012450502254068851
-0.0005306416423991323,0.0007523390231654048,-0.00041121430695056915
0.0016951211728155613,-4.281987639842555e-05,0.0005244254134595394
0.0009358539246022701,-0.0011528254253789783,-0.001749647781252861
0.0007066956604830921,0.00047608837485313416,-0.0023213205859065056
-9.598108590580523e-05,0.0006033874815329909,-0.0009183674119412899
0.0006262452807277441,-0.0010089448187500238,0.0011548255570232868
-0.0003769675095099956,-0.0027392006013542414,0.00164111889898777
0.0005674351705238223,-0.0010693278163671494,0.00010780850425362587
-0.0006933052791282535,0.0012665307149291039,1.1135824024677277e-05
0.0014807430561631918,0.000946605287026614,-0.0010478789918124676
-0.0019022704800590873,-4.8085348680615425e-05,0.0012211338616907597
0.0025900534819811583,-0.0004836549633182585,5.891826003789902e-05
-0.00034261957625858486,3.779194230446592e-05,-0.0008718562312424183
5.709537072107196e-05,0.0015778850065544248,0.0017198980785906315
0.0003660220536403358,0.0003347214369568974,0.00047939736396074295
0.0010666140588000417,-0.0015516298590227962,0.00037770532071590424
0.0038743845652788877,0.0023704073391854763,0.0009098048321902752
0.0009414091473445296,-0.0003423354937694967,-0.001263902522623539
0.002756885951384902,-0.0002760227944236249,-0.0017400761134922504
-0.0009994481224566698,-0.0015318006044253707,-0.0032182757277041674
-4.710169741883874e-05,-4.6023014874663204e-05,0.0003993622958660126
-0.001088575692847371,0.0022207163274288177,-0.0016230917535722256
-5.8997597079724073e-05,0.00025636880309320986,0.00022727251052856445
-0.0019957167096436024,-0.0007145587587729096,0.0004974058829247952
-0.00048597055138088763,0.0019794951658695936,0.0016878386959433556
-0.0018396873492747545,0.002201282884925604,-0.0018801349215209484
-0.00039172667311504483,-0.0001548155560158193,0.00034919753670692444
0.0001257097173947841,-0.00020296825096011162,-0.00025333138182759285
0.0004226521705277264,0.002070838585495949,0.0007240488193929195
-0.0011960139963775873,0.0013453986030071974,-0.0006547300145030022
0.0007209292380139232,3.805290907621384e-05,0.0004989514127373695
0.0012240030337125063,0.0006218085181899369,0.0005098734982311726
-0.0021345093846321106,-0.0013244295259937644,0.002565035130828619
0.0016493723960593343,3.938851659768261e-05,-0.00015046680346131325
-0.0003458677965682,0.00042101950384676456,-0.0005829641595482826
-0.0004854678700212389,0.000104325677966699,-0.0009575174190104008
-0.00014245268539525568,-0.0010895694140344858,-0.0006272858008742332
0.00013082922669127584,0.000523520982824266,0.0008399081416428089
0.00021019142877776176,-6.370606570271775e-05,0.0001655956730246544
-0.0024363950360566378,0.0012709801085293293,0.0006626537069678307
-0.0017005635891109705,0.0008113185758702457,-0.0013520275242626667
-0.00028767218464054167,-0.0035329069942235947,-0.0015949415974318981
-0.0011286984663456678,0.0019366932101547718,0.000721741933375597
0.0005741347558796406,0.0022126324474811554,-0.001502498984336853
0.0010963806416839361,-0.00046304555144160986,-0.002072681672871113
0.0005704698269255459,-0.001411061268299818,0.0026218462735414505
-0.0010849511018022895,0.0015887233894318342,-0.000995259266346693
0.00018001662101596594,0.0020142681896686554,0.0018490711227059364
-0.0010016279993578792,0.0037394638638943434,-0.0024050623178482056
0.00043495805584825575,-0.00109733862336725,2.76295468211174e-05
-0.0006971517577767372,-0.0014046673895791173,-0.0026898602955043316
0.002270621946081519,7.620021642651409e-05,0.0016267308965325356
-0.000556323560886085,-0.0002742717624641955,-0.0012348359450697899
-0.002450221450999379,0.0033879016991704702,0.002868045587092638
-0.0006395382806658745,0.00036787684075534344,-0.0007551852613687515
-0.0004601400869432837,-0.0021214555017650127,0.00018935278058052063
-0.0009514932753518224,0.0005939035909250379,0.0001840265467762947
-0.00035276246489956975,0.0011583012528717518,-9.613856673240662e-05
-0.0006531670223921537,0.001007566344924271,-0.0023630214855074883
-0.0027579283341765404,-0.000510506855789572,0.0017719562165439129
-0.0015704247634857893,0.00034516677260398865,8.218083530664444e-05
-0.0005387726705521345,0.0013881505001336336,-0.0013357908464968204
0.000777627807110548,-0.0013738138368353248,-0.0005964972078800201
0.00045152846723794937,-0.0008848118595778942,0.0003428407944738865
0.0006315581267699599,-0.00039558912976644933,7.758988067507744e-05
0.0005735464510507882,0.0004876602324657142,0.0011868593282997608
0.0005525074666365981,-0.002565121278166771,-0.001515982672572136
-0.0020550217013806105,-0.00019011736731044948,-0.0003422279842197895
0.0006084056803956628,-0.0005424536066129804,-0.00031746039167046547
0.0020652685780078173,0.0009588193497620523,-0.0023049735464155674
0.0005752298748120666,0.0010661447886377573,-0.0006245188415050507
4.1349761886522174e-05,-0.0011893846094608307,0.0002736523747444153
0.0009087413782253861,0.001641555572859943,-0.00013168063014745712
-0.001090886304154992,0.00017729189130477607,0.0010874015279114246
0.0007877075695432723,-0.0006797133246436715,0.0003449120558798313
-0.001260584918782115,6.4110026869457215e-06,0.0008385526016354561
0.001836671493947506,0.0004314514808356762,-9.515183046460152e-05
-7.5683637987822294e-06,0.0005002674297429621,0.0022709323093295097
-0.00034019717713817954,-0.0007647340535186231,0.0012658555060625076
8.311643614433706e-05,0.00029652498778887093,-0.0011903364211320877
-0.000656443415209651,0.0013271683128550649,-0.0013115103356540203
0.0016984539106488228,-0.001352629973553121,0.00023823045194149017
-0.0010539230424910784,-0.00013050531561020762,0.0006379713304340839
-0.00108441268093884,0.0012999128084629774,0.00017018569633364677
0.0019489277619868517,0.0012530412059277296,0.0016106893308460712
0.0015998947201296687,-0.00012695287296082824,-0.00041475286707282066
0.00033595849527046084,0.0003127350064460188,-0.00012446846812963486
0.00018144713249057531,0.0019110821885988116,-0.0026148860342800617
0.00043471375829540193,-0.0003653878520708531,0.0018709423020482063
-0.0009714497718960047,-0.0011042037513107061,0.0016386136412620544
0.0034089176915585995,-0.0005926105077378452,-0.0005829953588545322
0.0016977697378024459,-0.0026856677141040564,0.0020517813973128796
7.350777741521597e-05,-0.00025659860693849623,0.0007026242092251778
-0.001173608936369419,-8.632047683931887e-05,-0.0012856172397732735
-0.00043751116027124226,0.0016359457513317466,0.0007157484069466591
-0.0013343046884983778,0.001880404306575656,0.0008051865734159946
0.0012915721163153648,-0.0007356188725680113,-0.001151970587670803
0.00023152124776970595,0.00041881593642756343,8.792383596301079e-05
0.0005910479812882841,-0.0005769399576820433,0.0015731691382825375
0.0008670470560900867,3.6174533306621015e-06,-0.0006575845181941986
0.00078182591823861,0.0010182817932218313,0.0002295142039656639
0.00011957698734477162,0.001509201480075717,0.0015837992541491985
0.0038021961227059364,-0.0023654315154999495,-0.0001821424812078476
-0.0018828378524631262,-0.0026127288583666086,0.0002654995769262314
0.0004508901620283723,-0.00033838924719020724,0.001120374072343111
0.0010276666143909097,0.002385397208854556,0.0001395978033542633
0.0001000876072794199,0.0023270740639418364,-0.003270047251135111
-0.001312160980887711,-0.00020592709188349545,0.0030306456610560417
-0.0009827279718592763,0.0009733206243254244,-0.00010123150423169136
0.0006832114304415882,0.0014915000647306442,0.00013946788385510445
-0.003080634167417884,-0.0004086653934791684,-0.0010238010436296463
-0.0011333344737067819,-0.0009913083631545305,-0.0010071354918181896
-0.000645709689706564,1.350227466900833e-05,-0.0005141841247677803
-0.0016611028695479035,0.0015164052601903677,0.0009136241860687733
-0.00021394106443040073,-0.00029933798941783607,0.002134950365871191
-0.0017189128557220101,-0.0016250299522653222,0.00018075434491038322
0.00026940315729007125,0.00040403244202025235,-7.517542690038681e-05
0.0008071487536653876,-0.00011889655434060842,0.0005459189414978027
1.3793061953037977e-05,0.0012246682308614254,0.0006591030396521091
-0.0006283402908593416,-0.0004792519612237811,-0.0011931699700653553
0.0005770064308308065,-0.0013975099427625537,0.000909395981580019
-0.0017123767174780369,-0.0013035451993346214,0.0008428716100752354
-0.001082272850908339,6.478697468992323e-05,0.00047109415754675865
0.0002608037320896983,7.976609049364924e-05,-0.001176279503852129
-0.0005107140750624239,-0.0007431507110595703,0.0001819324679672718
0.0006373911164700985,-0.000982989207841456,-0.0009319041855633259
0.0016344785690307617,-0.0001949598517967388,0.0005032732151448727
0.0002752549771685153,-0.00029165466548874974,0.00015827175229787827
0.0011021664831787348,0.0006886549526825547,0.0004323110915720463
0.001632952131330967,-0.0017629372887313366,0.0016073854640126228
0.0018705060938373208,-0.0004428084066603333,0.001548263244330883
0.0011270742397755384,0.0001491068978793919,0.0017651407979428768
-0.0007919996278360486,0.0006399274570867419,-0.000417852308601141
0.002727100858464837,0.0007451092824339867,0.002908770926296711
-0.00016003206837922335,5.641583993565291e-05,3.3622607588768005e-05
-0.0021935347467660904,8.318138134200126e-05,0.0009291139431297779
-0.0030332293827086687,8.897040970623493e-07,0.001407417468726635
0.0007159924134612083,-0.00018057915440294892,-0.00010207528248429298
-0.00223052897490561,-0.0014264058554545045,-0.0008477605879306793
0.0012974523706361651,-0.0004789239610545337,0.0006074490956962109
0.0014854714972898364,0.0007685006712563336,0.0002268836833536625
0.001722352928481996,0.0013002846390008926,0.00026609422639012337
0.0017953235656023026,-0.0015740650705993176,-0.0012801368720829487
-0.0022994272876530886,0.002028460381552577,-0.0023890782613307238
-0.0030738746281713247,0.00011098456161562353,7.434561848640442e-05
0.0007865093648433685,-0.00030599170713685453,-0.0001618298701941967
0.002177212154492736,-0.0014607383636757731,0.0009364578872919083
0.0014593112282454967,2.0663188479375094e-05,-0.000909081194549799
0.00047021315549500287,0.0013996480265632272,-6.219558417797089e-05
0.0016207321314141154,-0.002377444412559271,0.00027370499446988106
-0.0011606733314692974,-0.00352366897277534,-2.5900546461343765e-05
0.0017309925751760602,0.0011578114936128259,0.0006088279187679291
0.000608736474532634,-0.0009117309236899018,-0.0008471221663057804
-0.00024097930872812867,-0.0011846863199025393,-0.0017457115463912487
-0.002332892268896103,-0.0022741854190826416,0.0018146680667996407
-0.0016975908074527979,0.0010021780617535114,-5.370099097490311e-05
-0.0017708276864141226,-0.0010449938708916306,0.001225681509822607
-0.0010426377411931753,-0.0008751089917495847,0.000632760114967823
0.0006527306395582855,-0.0006191792199388146,0.0004330230876803398
-0.0019292663782835007,0.0002037668600678444,-0.0007511959411203861
0.00213711429387331,-0.0008468501619063318,0.00042858440428972244
-0.0010754503309726715,-0.001211386639624834,-0.0024188391398638487
-0.0005342959193512797,-0.0009943390032276511,-0.0002720649354159832
0.0002890910254791379,-0.0014913321938365698,0.0012895790860056877
-0.0007769723306410015,0.0009657000773586333,0.0005241865292191505
0.00026073414483107626,-0.0014251300599426031,-0.000399579294025898
0.00033716688631102443,0.00047823117347434163,-0.00030956417322158813
0.00018216477474197745,-0.0005332624423317611,0.0024233749136328697
0.0007297106785699725,-0.001029675710014999,3.0943192541599274e-06
-0.0011929541360586882,0.0003689875884447247,0.00033544935286045074
0.0004845710354857147,-0.00039747016853652894,0.00037299981340765953
0.0019278695108368993,0.0006056585116311908,-0.0006736405193805695
-0.000655130366794765,0.0009659841889515519,-0.0012294421903789043
-0.00010643125278875232,0.0012807078892365098,0.0005321349017322063
-0.00032028311397880316,0.0009110610699281096,-0.0011144978925585747
-0.0009774620411917567,-7.337297574849799e-06,0.002705287653952837
-0.001683199661783874,-0.00044196518138051033,0.0005502579733729362
0.0011701423209160566,-0.0002796071639750153,-0.0008786828257143497
0.001617020694538951,0.0010549027938395739,-0.001353258267045021
0.0005033048801124096,-0.00026317944866605103,0.0013388893567025661
-0.0029859687201678753,0.0007307123159989715,-5.314452573657036e-05
-0.0009528904920443892,0.001000102492980659,0.0003169504925608635
-0.0009779242100194097,0.00039396696956828237,0.002558266744017601
-0.00019522052025422454,0.001536406809464097,0.0010304865427315235
-0.0020485143177211285,-0.0005549736088141799,-0.002252125646919012
0.001889529637992382,-0.002307749353349209,0.0011136773973703384
-0.0012082593748345971,-0.0009761687833815813,-0.00010312069207429886
-0.0018850024789571762,-0.00111097889021039,0.001191051211208105
0.0013273024233058095,-0.0006747530424036086,0.0009138160385191441
-0.001429850934073329,-0.0005679501919075847,-0.00026959460228681564
-0.000566986738704145,0.0018395474180579185,0.0009456058032810688
-0.00012106820940971375,0.0001240075653186068,0.00017448002472519875
0.000446185062173754,0.002327506896108389,-0.001192520372569561
0.0004406088264659047,0.00018909982463810593,0.00033701956272125244
0.00041450985008850694,-0.0004426020022947341,0.00017137126997113228
-0.0016951384022831917,-0.00046085164649412036,-0.0024060476571321487
0.000493180938065052,0.0010326490737497807,-0.0021288124844431877
-0.0009007012704387307,0.0002190964005421847,-0.0002578040584921837
0.0021651298739016056,0.0019927616231143475,-0.0005803126841783524
-0.0011495307553559542,7.330828520935029e-05,3.0780211091041565e-05
-0.0008302177302539349,0.0007710564532317221,0.00010508205741643906
0.0011742752976715565,-5.6598080846015364e-05,-0.0009671589359641075
0.0014283409109339118,0.0014241194585338235,-0.0006126919761300087
0.0005145263858139515,0.0002426868595648557,0.00044153444468975067
0.00019627866277005523,6.15919052506797e-05,-4.635658115148544e-05
0.00013045009109191597,0.0005807683919556439,-0.0011800499632954597
0.00015069011715240777,-0.00138544337823987,-0.0017028283327817917
0.000688031199388206,-0.0013687158934772015,-0.0005015255883336067
0.0015026922337710857,0.002672098344191909,-0.0001308135688304901
-0.0006120945909060538,0.0002218918816652149,-0.0009932252578437328
0.0015429353807121515,-0.0003016855916939676,-0.00013888301327824593
2.8358626877889037e-05,-0.0010980104561895132,0.0010386556386947632
0.0007234436925500631,-0.0002956000389531255,0.001414427999407053
-0.0003831188369076699,0.0007358795264735818,0.000269527081400156
0.0011934725334867835,0.0004732917877845466,-0.002206946723163128
-0.00012359482934698462,0.0008938354440033436,-0.0006238836795091629
-0.001213893061503768,-0.001556539093144238,0.0004717409610748291
0.00031750573543831706,-0.0010217635426670313,0.0013604876585304737
-0.0026609734632074833,0.001570291118696332,0.0007112086750566959
0.0018848679028451443,-0.0008197976276278496,0.00111415795981884
0.0002606059715617448,-1.9251408957643434e-05,0.00023851078003644943
0.001975984312593937,0.0005542716826312244,0.0006877938285470009
0.0007970028673298657,0.0005729137919843197,0.00041162408888339996
0.0006373735377565026,-0.0003827711334452033,7.96816311776638e-05
0.00138492276892066,0.0009160525514744222,-0.0008204667828977108
2.80554813798517e-05,-0.00034713896457105875,0.00020725280046463013
-0.0004230840131640434,6.192259752424434e-05,0.0011678552255034447
-0.000724509940482676,0.0015267236158251762,-0.0013063782826066017
-0.0006928183138370514,0.0013179316883906722,-0.000124999787658453
-0.00041020495700649917,0.0004772550018969923,-0.0005092755891382694
0.00024093795218504965,0.0010764662874862552,0.0010079275816679
0.0006061329622752964,-0.0003749433672055602,0.0003682193346321583
0.0009659260394982994,-0.00012993256677873433,-0.000376666896045208
-0.0004341813619248569,-0.0016310878563672304,-9.975023567676544e-05
0.0028058202005922794,-0.00021694929455406964,-0.0017021745443344116
0.00012441034778021276,0.00045521248830482364,0.0012200046330690384
-0.0011168890632689,-0.0015701215015724301,0.0002527446486055851
-0.0005713823484256864,-0.0002871759934350848,8.899811655282974e-05
-0.0021548978984355927,0.00024385831784456968,0.00024372804909944534
-0.001386343501508236,-0.0013705553719773889,-0.000182407908141613
0.0004544333787634969,0.0017693114932626486,-0.000519830733537674
-0.0015563846100121737,-0.0019700711127370596,0.001161058433353901
0.00033259554766118526,0.001968211494386196,-0.0004099402576684952
0.0006200186908245087,-0.0024499695282429457,0.00033337948843836784
-0.0006250090664252639,0.0034001965541392565,0.0017685568891465664
-0.00019864158821292222,-0.0005859439843334258,0.0009293542243540287
-0.001219697529450059,0.0007291249930858612,-0.0005646790377795696
-0.0004508818965405226,0.0014548483304679394,-0.0012203431688249111
0.0007323605241253972,-0.0015515942359343171,-0.0011212732642889023
0.00029221398290246725,0.0010125705739483237,-0.003224161686375737
-8.755279122851789e-05,0.00027620652690529823,0.0014733881689608097
0.0006711628520861268,0.00057747564278543,0.003225915599614382
-0.0005980997812002897,0.0007298084674403071,-0.000856444239616394
0.0011727851815521717,-0.0009159350302070379,-0.0012469938956201077
-0.0022664209827780724,0.0013970204163342714,-0.0001854579895734787
0.00026432782760821283,-0.00032248772913590074,-0.0006931559182703495
-0.0027463757432997227,0.0014362637884914875,0.001291964203119278
-0.0005748036783188581,0.0001400667242705822,0.0005161212757229805
0.0024944895412772894,0.0018002813449129462,-0.00016990909352898598
0.001627850579097867,0.0016119454521685839,-0.0022072847932577133
-9.7611453384161e-05,0.0010636005317792296,-0.0008807643316686153
-0.001475122175179422,0.000948362285271287,-0.0008038533851504326
-0.0033659664914011955,0.0003808426554314792,0.001693658996373415
0.001029601669870317,0.0012903742026537657,0.0024090916849672794
-0.00027241770294494927,0.000547618605196476,-0.0022000414319336414
-0.0005919119575992227,0.0010672197677195072,-0.0011846036650240421
-0.0011349305277690291,-0.0006254854379221797,-0.0003022984601557255
0.0009624551748856902,0.0006506235804408789,0.001149957999587059
-0.001767018693499267,-0.00040025979978963733,-0.001245022751390934
0.0008842250681482255,0.00034629079164005816,-3.152061253786087e-06
-0.00033044267911463976,-0.0006398777477443218,-0.00040475698187947273
-0.0013021641643717885,-8.606745541328564e-05,0.001269443891942501
0.001135427039116621,-0.0009673074819147587,0.00034585921093821526
-0.0003752550110220909,-0.0012664373498409986,-0.0009973794221878052
-0.0009009629720821977,0.0006984429201111197,-0.002222167095169425
-0.0007996835047379136,0.0002693712885957211,0.0013025556690990925
2.08364799618721e-05,-0.001294969581067562,-0.001285770907998085
-0.0006791182095184922,-0.0006383658619597554,0.0008893231861293316
0.0006585875526070595,-0.0006628669798374176,-0.0007551787421107292
-0.0015539794694632292,-0.00039617728907614946,-0.00031232647597789764
-0.0017481239046901464,-0.0006361281266435981,0.0003590565174818039
0.0017362283542752266,0.0010141918901354074,0.00029941555112600327
0.0020712539553642273,0.0019553531892597675,-0.0019030184485018253
0.0007917243055999279,0.00032759038731455803,0.0007199770770967007
-0.0013308151392266154,0.001627745688892901,0.001154338475316763
0.00037325944867916405,-0.00135835912078619,0.0003042961470782757
0.0012811310589313507,0.0021788515150547028,0.001027876976877451
-0.001722084591165185,-0.0010139840887859464,0.0011877696961164474
0.0003559798642527312,3.876344999298453e-05,0.0004439488984644413
-1.1451193131506443e-06,-0.0002534560626372695,0.0001642424613237381
-0.00022618225193582475,0.00010340751032344997,-0.0004211203195154667
0.00047044921666383743,-0.001805762993171811,0.0022742669098079205
0.0008643307373858988,0.0018579476745799184,-0.0001303008757531643
0.000585774309001863,0.0010812325635924935,0.0009057344868779182
0.0016169501468539238,-0.0026306812651455402,0.0017853770405054092
0.001224248087964952,0.0012690136209130287,-0.0007440927438437939
0.0009669867577031255,0.0009409122867509723,-1.4386605471372604e-05
-0.0003593729343265295,-0.0010528392158448696,-0.002818398643285036
9.709285222925246e-05,-0.00011434120824560523,1.3606622815132141e-05
0.0009025027393363416,-0.0003173790464643389,-0.0008094855584204197
-0.001729233074001968,0.0006999485194683075,-3.583729267120361e-05
6.2992621678859e-05,-0.0013994850451126695,-0.00012314459308981895
-0.0010933519806712866,-0.001196285942569375,-0.0004698880948126316
0.0015011393697932363,-0.0015053144888952374,-0.0008589285425841808
0.001087284181267023,-0.0006347271846607327,0.0011304528452455997
-0.0005677543813362718,0.00021727991406805813,0.0008553666993975639
-0.00213316036388278,-0.001052515348419547,0.0005778651684522629
0.0009250204311683774,0.0006221667863428593,0.0015502357855439186
-0.00023345471709035337,-0.0019776111003011465,0.0004045441746711731
0.0010767742060124874,-0.0016347536584362388,-0.0022711625788360834
0.002001157496124506,0.00040043407352641225,-0.0015742131508886814
0.00020656299602705985,-0.0010018162429332733,-0.0005506915040314198
0.001999136758968234,6.584505899809301e-05,0.0012551983818411827
0.002467092592269182,0.0008767599356360734,-0.001017558854073286
-0.0009268398862332106,0.0006296185893006623,-5.669053643941879e-05
0.0020156241953372955,-0.0003525985812302679,0.00022244732826948166
-0.0007798959850333631,0.0002186494821216911,-0.000191408209502697
-0.001595336478203535,1.5971862012520432e-05,-0.002406229032203555
-0.0003316665824968368,0.0013241166016086936,-0.003262701677158475
-0.0004748716892208904,-0.0006124395877122879,-0.0020166835747659206
0.0004788063233718276,0.0013045037630945444,0.00028242310509085655
0.0008706966182217002,-0.0004967487184330821,0.0018306351266801357
0.0005202246247790754,-0.0008813092135824263,0.0004926626570522785
-0.00033055857056751847,0.0007582011166960001,0.0039519560523331165
-0.0005880862008780241,0.00025033633573912084,0.0005489685572683811
-0.0009032017551362514,-0.00034955397131852806,-0.00012440746650099754
-3.820710116997361e-05,-0.0016843302873894572,0.001383208204060793
-0.0005749139236286283,-0.0006378606194630265,0.0005620354786515236
0.0012448240304365754,-0.0022860909812152386,-0.0022641110699623823
-0.0005780177307315171,-0.0007015673909336329,-4.01386059820652e-05
-0.00011995399836450815,-0.0020560510456562042,0.00014974502846598625
-0.0010451856069266796,0.0012209393316879869,0.0009913351386785507
-0.0005016344948671758,0.00015008222544565797,0.001981232315301895
-0.003521507605910301,-0.003850656095892191,-0.00034676864743232727
-0.006468295119702816,-0.008942886255681515,-0.00066368468105793
-0.003505374537780881,-0.005105191841721535,0.00030175410211086273
-0.002561816480010748,-0.005926510784775019,-0.003500973805785179
-0.0015503163449466228,-0.0057356529869139194,-0.08116470277309418
-0.000771341728977859,0.0006098608137108386,-0.1591378003358841
0.00020075174688827246,0.0014658288564532995,-0.1456725299358368
0.0056631616316735744,0.0031966171227395535,-0.07951561361551285
-0.01547329779714346,0.0016253311187028885,0.07793594896793365
-0.06639320403337479,0.011515245772898197,0.12308158725500107
-0.07788284868001938,0.02626173570752144,0.14586147665977478
-0.07354003190994263,-0.01286888774484396,0.4485686123371124
-0.1380278468132019,-0.019705377519130707,0.8508390188217163
-0.2258588969707489,-0.005753076635301113,0.7730619311332703
-0.20142550766468048,-0.005773365031927824,0.5554348826408386
-0.1378694325685501,-0.005226618144661188,0.3696293830871582
-0.17028789222240448,-0.004074877593666315,0.3244483470916748
-0.21589240431785583,-0.0037363898009061813,0.2933133542537689
-0.24930137395858765,-0.007422079797834158,0.3207930028438568
-0.3200516998767853,-0.008490273728966713,0.5424106121063232
-0.5136537551879883,-0.006375870201736689,0.9421687722206116
-0.9815123081207275,0.008779646828770638,1.3449348211288452
-1.6373344659805298,0.05989975854754448,1.6571930646896362
-2.319599151611328,0.30008944869041443,1.8463762998580933
-2.7305409908294678,-0.1931370496749878,1.9426777362823486
-2.9775755405426025,-0.9827579259872437,1.9191032648086548
-3.144305467605591,-1.8840737342834473,1.7928972244262695
-3.2468810081481934,-2.8744282722473145,1.7692033052444458
-3.2226202487945557,-3.696408271789551,1.8882625102996826
-3.020587682723999,-3.713596820831299,1.961380124092102
-2.793440580368042,-3.1858882904052734,1.829284906387329
-2.6101927757263184,-2.448545217514038,1.55948805809021
-2.4172189235687256,-1.7449475526809692,1.2727715969085693
-2.2103514671325684,-1.303369402885437,1.067470908164978
-2.0924410820007324,-1.2214689254760742,0.9715350270271301
-2.058300733566284,-1.407320261001587,1.0111271142959595
-2.0568735599517822,-1.7139310836791992,1.103800654411316
-2.0369069576263428,-1.928921103477478,1.0910451412200928
-1.9589980840682983,-1.926771640777588,0.9504188895225525
-1.8824431896209717,-1.7416870594024658,0.7586761116981506
-1.8594708442687988,-1.5505605936050415,0.6107010245323181
-1.8815382719039917,-1.4936648607254028,0.525084912776947
-1.8725862503051758,-1.5806314945220947,0.49877047538757324
-1.768646001815796,-1.647478699684143,0.5330914258956909
-1.6152403354644775,-1.480756163597107,0.543081521987915
-1.4758845567703247,-1.1459360122680664,0.4956759214401245
-1.3635231256484985,-0.8320404887199402,0.3709582984447479
-1.3074039220809937,-0.6132855415344238,0.244289830327034
-1.3186765909194946,-0.4919424057006836,0.17703303694725037
-1.326799988746643,-0.4526381492614746,0.15330453217029572
-1.2879377603530884,-0.5227078795433044,0.16398993134498596
-1.2431012392044067,-0.6652799844741821,0.18942657113075256
-1.207699179649353,-0.7664995193481445,0.20688769221305847
-1.1813559532165527,-0.8164271116256714,0.19535301625728607
-1.1551728248596191,-0.7528154850006104,0.15049254894256592
-1.1360844373703003,-0.552380383014679,0.15294532477855682
-1.118205189704895,-0.29333487153053284,0.21140792965888977
-1.0797514915466309,-0.12152528017759323,0.2744681239128113
-1.0469629764556885,-0.06899426132440567,0.3629390299320221
-1.0259597301483154,-0.08972989767789841,0.44898122549057007
-1.0375720262527466,-0.13135187327861786,0.4693283140659332
-1.053902268409729,-0.1855248212814331,0.41690531373023987
-1.0154672861099243,-0.31886690855026245,0.3257053792476654
-0.727730393409729,-0.9127158522605896,0.13726063072681427
-0.216838076710701,-0.22742514312267303,-0.16249418258666992
-0.23845095932483673,-0.346848726272583,-0.30243581533432007
-0.42850640416145325,0.09673561900854111,-0.17015336453914642
-0.6369439959526062,-0.03272010758519173,-0.0735008642077446
-0.7491626143455505,-0.3359256386756897,0.027398530393838882
-0.7898836731910706,-0.6367632150650024,0.15456101298332214
-0.744486927986145,-0.7032555341720581,0.2694637179374695
-0.6781249642372131,-0.6400560140609741,0.35564813017845154
-0.6195784211158752,-0.373582661151886,0.44426047801971436
-0.5747883319854736,-0.09884990751743317,0.5271931290626526
-0.5539290308952332,0.020797960460186005,0.607033371925354
-0.6107627749443054,0.05679351091384888,0.6552184820175171
-0.7607460618019104,-0.05894208699464798,0.647269070148468
-0.9284013509750366,-0.2043655961751938,0.4469263553619385
-1.0303733348846436,-0.43098801374435425,0.26933160424232483
-0.6876302361488342,-0.5227912068367004,0.3045593500137329
-0.4218333065509796,-0.2666391432285309,0.29796281456947327
-0.34581631422042847,-0.1502579301595688,0.25081154704093933
-0.43425223231315613,-0.26712095737457275,0.27285999059677124
-0.660997748374939,-0.6488017439842224,0.40514665842056274
-0.831591010093689,-1.0379650592803955,0.468336284160614
-0.9824708104133606,-1.3114323616027832,0.5108574032783508
-1.0059577226638794,-1.646637201309204,0.5393618941307068
-1.0583080053329468,-1.7591466903686523,0.5472954511642456
-1.111804723739624,-1.7546695470809937,0.5290015935897827
-1.1564075946807861,-1.7564663887023926,0.5307989716529846
-1.2142057418823242,-1.778021216392517,0.5434165596961975
-1.263269066810608,-1.8176064491271973,0.5521069765090942
-1.2626922130584717,-1.9024571180343628,0.5594728589057922
-1.2198811769485474,-1.939396858215332,0.5470529794692993
-1.1495879888534546,-1.9803133010864258,0.5445767641067505
-1.055859088897705,-2.0500869750976562,0.5555857419967651
-0.9778357744216919,-2.1400749683380127,0.5773642063140869
-0.9606171250343323,-2.2152822017669678,0.6077197194099426
-0.9724219441413879,-2.2262375354766846,0.6397423148155212
-0.9649525880813599,-2.1542928218841553,0.6860400438308716
-0.9000007510185242,-2.010857343673706,0.7406623363494873
-0.7824128866195679,-1.8555090427398682,0.7555265426635742
-0.710774302482605,-1.581323266029358,0.7237560153007507
-0.6392311453819275,-0.9423275589942932,0.5673269629478455
-0.40613117814064026,-1.3949567079544067,0.6791343092918396
-0.4369508624076843,-1.4792262315750122,0.6619139909744263
-0.4210481345653534,-1.6900373697280884,0.5615184307098389
-0.45584046840667725,-1.7424172163009644,0.49965399503707886
-0.4194098114967346,-1.7274583578109741,0.51402747631073
-0.3799164593219757,-1.526343822479248,0.5348363518714905
-0.34045884013175964,-1.233811855316162,0.5168395042419434
-0.33993443846702576,-0.9349461197853088,0.46723997592926025
-0.4480254054069519,-0.6191837787628174,0.40620699524879456
-0.6491710543632507,-0.29551437497138977,0.3562428951263428
-0.8399346470832825,-0.15112392604351044,0.39148029685020447
-1.0202915668487549,-0.1026725098490715,0.3530309200286865
-0.9903731346130371,0.06439930945634842,0.3414247930049896
-0.7587409615516663,-0.1293986588716507,0.37891703844070435
-0.8004591464996338,-0.24203571677207947,0.3361636698246002
-0.7430149912834167,-0.4410249888896942,0.24753926694393158
-0.7143712043762207,-0.4887601435184479,0.1716623306274414
-0.6894312500953674,-0.3471609354019165,0.08368907123804092
-0.6515317559242249,-0.1510678082704544,0.05070619657635689
-0.6423459649085999,0.05545314401388168,0.08629880845546722
-0.577374279499054,0.23100727796554565,0.11504017561674118
-0.4487571716308594,0.4268798530101776,0.12630082666873932
-0.3123011291027069,0.5944815874099731,0.14168979227542877
-0.24166132509708405,0.6175724864006042,0.14786486327648163
-0.24508322775363922,0.5228515863418579,0.11674220860004425
-0.44747066497802734,0.1377345323562622,0.08346440643072128
-0.5989137887954712,-0.15445131063461304,0.04114566370844841
-0.6323018670082092,-0.35298916697502136,0.013827487826347351
-0.5891695022583008,-0.2165021300315857,-0.010222455486655235
-0.2576262056827545,0.10951166599988937,-0.05417286977171898
-0.0197470523416996,0.3700588643550873,-0.03145626187324524
0.009869696572422981,0.5849953889846802,0.02118510939180851
0.016195224598050117,0.4992823302745819,-0.0044778031297028065
0.017506564036011696,0.3283199071884155,-0.05001732334494591
0.14232061803340912,0.3780866265296936,0.016249099746346474
0.2794811427593231,0.5189571976661682,0.08234715461730957
0.45312318205833435,0.7277151346206665,0.07261240482330322
0.5355933308601379,0.9863903522491455,0.057796966284513474
0.574885368347168,1.170072078704834,0.0307303573936224
0.6010213494300842,1.2695459127426147,-0.010680997744202614
0.5400893092155457,1.3466229438781738,-0.034689340740442276
0.24565526843070984,1.5386831760406494,-0.037586063146591187
0.6039061546325684,0.41253116726875305,-0.07521935552358627
-0.10137774795293808,-1.1966266632080078,-0.40943461656570435
-0.36270129680633545,-1.5821586847305298,-0.8858976364135742
-0.413356751203537,-1.318557858467102,-1.0926440954208374
-0.27098166942596436,-1.1799988746643066,-1.152958631515503
-0.03075253963470459,-0.8665850758552551,-1.0648024082183838
0.2390795648097992,-0.4739242196083069,-0.9016979336738586
0.5148147344589233,-0.05558876693248749,-0.7620582580566406
0.6989052891731262,0.28669676184654236,-0.6067104935646057
0.7849091291427612,0.49274739623069763,-0.43935370445251465
0.8385986089706421,0.6486833691596985,-0.30187517404556274
0.9090016484260559,0.8057504892349243,-0.2197483628988266
1.0093529224395752,0.9476051926612854,-0.18169055879116058
1.0826724767684937,1.0367460250854492,-0.16583968698978424
1.0923162698745728,1.073216438293457,-0.15829744935035706
1.0339370965957642,1.0686315298080444,-0.15155379474163055
0.9276686906814575,1.0502527952194214,-0.13769716024398804
0.7911303043365479,0.9808233380317688,-0.0987582802772522
0.6484099626541138,0.8680965900421143,-0.020362334325909615
0.5138034224510193,0.7121184468269348,0.07401610165834427
0.39728695154190063,0.569678783416748,0.16362865269184113
0.29946398735046387,0.5018121004104614,0.21833664178848267
0.21433579921722412,0.5139945149421692,0.243330717086792
0.1449793577194214,0.5773559212684631,0.25144004821777344
0.10428040474653244,0.6674447655677795,0.26234540343284607
0.0978723019361496,0.7796847820281982,0.27518531680107117
0.1327454298734665,0.9008171558380127,0.28301167488098145
0.17217805981636047,1.0135489702224731,0.2894783616065979
0.20402996242046356,1.083866834640503,0.29626765847206116
0.20770405232906342,1.0725773572921753,0.3029242157936096
0.18429529666900635,1.0241942405700684,0.3213348090648651
0.16411812603473663,1.0016977787017822,0.35845234990119934
0.17051412165164948,1.0125654935836792,0.3934864103794098
0.20846283435821533,1.0542556047439575,0.42427173256874084
0.27102047204971313,1.0959402322769165,0.45872193574905396
0.3462185561656952,1.110841989517212,0.47341805696487427
0.4132019281387329,1.1083309650421143,0.44118666648864746
0.4532758593559265,1.1224009990692139,0.40724414587020874
0.4477250576019287,1.1292918920516968,0.36421889066696167
0.4126104712486267,1.0560814142227173,0.3416840434074402
0.359270304441452,0.9223886132240295,0.34743964672088623
0.335745245218277,0.7794641852378845,0.3406640291213989
0.3076547086238861,0.6772503852844238,0.33010876178741455
0.3093114495277405,0.5485999584197998,0.27760905027389526
0.3267200291156769,0.4797794222831726,0.18554699420928955
0.35366538166999817,0.4686729907989502,0.09374304115772247
0.3123703896999359,0.4315458834171295,0.0048016090877354145
0.21182729303836823,0.36463263630867004,-0.12188602983951569
0.08879195898771286,0.2932402789592743,-0.25660964846611023
-0.01957951858639717,0.20470400154590607,-0.3332410454750061
-0.12580066919326782,0.08885791152715683,-0.32941508293151855
-0.229254350066185,-0.03836981952190399,-0.2692164480686188
-0.34232163429260254,-0.13897985219955444,-0.2408827245235443
-0.46181154251098633,-0.201664537191391,-0.30198389291763306
-0.5868406295776367,-0.30817216634750366,-0.4366253912448883
-0.6982033848762512,-0.3965150713920593,-0.5925511121749878
-0.7672359943389893,-0.36624935269355774,-0.7313892841339111
-0.791476845741272,-0.2470366507768631,-0.8314109444618225
-0.7651227116584778,-0.09003204107284546,-0.8867440819740295
-0.6716316342353821,0.057837050408124924,-0.8446770906448364
-0.5525469779968262,0.1561306118965149,-0.7612007260322571
-0.4172014594078064,0.1638638973236084,-0.6769921183586121
-0.3017108738422394,0.10038550943136215,-0.591403067111969
-0.2032783031463623,-0.018357649445533752,-0.4838081896305084
-0.11738546937704086,-0.15101951360702515,-0.40441644191741943
-0.013932584784924984,-0.220926433801651,-0.3956535756587982
0.10717806220054626,-0.18039879202842712,-0.42002514004707336
0.22991596162319183,-0.06128225475549698,-0.43605658411979675
0.3456597626209259,0.1216818243265152,-0.4305614233016968
0.423092246055603,0.29533058404922485,-0.4226270616054535
0.4496145248413086,0.38441428542137146,-0.4150317311286926
0.42502158880233765,0.4050210416316986,-0.3796820044517517
0.3736710250377655,0.3855259120464325,-0.32459771633148193
0.3161265254020691,0.3568822741508484,-0.27275580167770386
0.2814236879348755,0.3530622720718384,-0.23343662917613983
0.2861763834953308,0.3552311360836029,-0.19640378654003143
0.3171314001083374,0.37046018242836,-0.1670144647359848
0.36010682582855225,0.37966248393058777,-0.14902454614639282
0.3982861638069153,0.3864053785800934,-0.14444725215435028
0.431891530752182,0.3875172436237335,-0.16961519420146942
0.4607630670070648,0.37198638916015625,-0.2218117117881775
0.5054990649223328,0.3522329330444336,-0.29088321328163147
0.587752640247345,0.32017743587493896,-0.3632378876209259
0.698335587978363,0.2712298631668091,-0.41420412063598633
0.7975146770477295,0.21901436150074005,-0.4574621319770813
0.8664631247520447,0.15832091867923737,-0.4982777237892151
0.8934423327445984,0.10046570003032684,-0.5408316850662231
0.895114541053772,0.048785723745822906,-0.584324836730957
0.8886223435401917,-0.0008509753388352692,-0.6372929215431213
0.8828243613243103,-0.03942126780748367,-0.7044479846954346
0.8887717127799988,-0.07833146303892136,-0.7638720870018005
0.9027077555656433,-0.11593050509691238,-0.8075367212295532
0.9100728631019592,-0.15453821420669556,-0.851604163646698
0.9099056124687195,-0.1833094209432602,-0.8910834193229675
0.9057663679122925,-0.19449853897094727,-0.9086246490478516
0.8854656219482422,-0.2011987864971161,-0.9227585792541504
0.8488588333129883,-0.22069957852363586,-0.9380220174789429
0.8042793869972229,-0.2608794867992401,-0.945487916469574
0.761237382888794,-0.31087526679039,-0.9556622505187988
0.7290003299713135,-0.3678722381591797,-0.9678712487220764
0.7210191488265991,-0.4397386908531189,-0.9827320575714111
0.7239771485328674,-0.5224474668502808,-0.9986420273780823
0.7300117611885071,-0.5980035662651062,-1.0124558210372925
0.7186070084571838,-0.6661251187324524,-1.0115886926651
0.6774824857711792,-0.7337507605552673,-0.9991956949234009
0.5962547659873962,-0.8087773323059082,-0.9515171051025391
0.48069581389427185,-0.8789426684379578,-0.8857907056808472
0.3389575779438019,-0.9326274394989014,-0.8234620690345764
0.1770533174276352,-0.9621207118034363,-0.7776389718055725
-0.011299815960228443,-0.9808666706085205,-0.7465260624885559
-0.20903055369853973,-0.9828457832336426,-0.7214879393577576
-0.3808593153953552,-0.9410879611968994,-0.6819447875022888
-0.5076123476028442,-0.8441258072853088,-0.6170881986618042
-0.5665510296821594,-0.6781017184257507,-0.5420169234275818
-0.5701308250427246,-0.4657614529132843,-0.4598449468612671
-0.5389449596405029,-0.24369990825653076,-0.3769857585430145
-0.5001909136772156,-0.03183027356863022,-0.29961681365966797
-0.45741841197013855,0.1269468516111374,-0.23257440328598022
-0.411760151386261,0.21609799563884735,-0.19868509471416473
-0.3744063675403595,0.24685749411582947,-0.20439943671226501
-0.010642423294484615,0.39960402250289917,-0.22721080482006073
0.7068978548049927,0.7809281945228577,-0.21316716074943542
1.0924173593521118,1.0324703454971313,-0.13886132836341858
1.3796027898788452,1.1087571382522583,-0.1204541027545929
1.3426064252853394,0.977910041809082,-0.16016331315040588
1.1183432340621948,0.7203858494758606,-0.2273189127445221
0.6923497319221497,0.2866656482219696,-0.2674473822116852
0.16076092422008514,-0.34740421175956726,-0.2528287470340729
-0.10304248332977295,-0.8542919158935547,-0.2188526839017868
-0.19668827950954437,-0.9916468262672424,-0.1859959214925766
-0.20092561841011047,-0.8878506422042847,-0.15027399361133575
-0.14700593054294586,-0.7330653667449951,-0.15323595702648163
-0.10802239179611206,-0.5421742796897888,-0.19664698839187622
-0.08006346225738525,-0.3378733694553375,-0.2399907261133194
-0.011158078908920288,-0.21967923641204834,-0.24053901433944702
0.06134861335158348,-0.17045816779136658,-0.24210096895694733
0.022029081359505653,-0.12441008538007736,-0.26131704449653625
-0.012519574724137783,-0.12428571283817291,-0.2603316903114319
-0.052880726754665375,-0.09259609878063202,-0.21238061785697937
-0.10855303704738617,-0.07187484204769135,-0.17423322796821594
-0.1483554244041443,-0.07982315868139267,-0.15419337153434753
-0.30956536531448364,-0.13277213275432587,-0.1662987768650055
-0.2813575267791748,-0.16190828382968903,-0.23829515278339386
-0.11732436716556549,-0.05198897793889046,-0.27068957686424255
0.11438769102096558,0.21366719901561737,-0.2749660909175873
0.3813250958919525,0.5592405796051025,-0.29512807726860046
0.5410411357879639,0.830685019493103,-0.3399944305419922
0.634430468082428,0.908249020576477,-0.41917234659194946
0.7199157476425171,0.8820882439613342,-0.5136628746986389
0.8825132250785828,0.8984536528587341,-0.551472008228302
1.0794986486434937,1.0446674823760986,-0.5684528350830078
1.218826413154602,1.1741706132888794,-0.6053277254104614
1.2011383771896362,1.0698484182357788,-0.6344537734985352
1.1433781385421753,1.208876609802246,-0.7698302865028381
1.1941472291946411,1.1856006383895874,-0.7973169088363647
1.095829963684082,1.1268988847732544,-0.826206624507904
1.0325019359588623,0.8706369996070862,-1.0474692583084106
1.1272321939468384,1.117628574371338,-1.1114434003829956
1.0516818761825562,1.8110438585281372,-1.2091805934906006
0.8727463483810425,2.947479724884033,-1.4517881870269775
0.7467114329338074,3.32861590385437,-1.3113826513290405
0.6624168157577515,2.9777028560638428,-1.0235724449157715
0.6816868185997009,2.2712442874908447,-0.6978977918624878
0.7256684303283691,1.6365786790847778,-0.48569363355636597
0.7981855273246765,1.4198657274246216,-0.4635617136955261
0.8887559175491333,1.6312743425369263,-0.5934467315673828
1.008156180381775,1.9966843128204346,-0.7482143640518188
1.1461952924728394,2.2846436500549316,-0.846977949142456
1.2499788999557495,2.3632328510284424,-0.8512470722198486
1.3224107027053833,2.2619922161102295,-0.7884838581085205
1.3398854732513428,2.1178202629089355,-0.6832907199859619
1.3267395496368408,2.0188512802124023,-0.6140232086181641
1.3226455450057983,1.9632371664047241,-0.6530914902687073
1.3468494415283203,1.9399597644805908,-0.7046425342559814
1.2845674753189087,1.8536391258239746,-0.7308205366134644
1.2159428596496582,1.7524259090423584,-0.6905122995376587
1.205824613571167,1.7199443578720093,-0.6099275946617126
1.2169902324676514,1.7341821193695068,-0.5274806618690491
1.2663708925247192,1.8017044067382812,-0.4419281780719757
1.2622946500778198,1.8996278047561646,-0.34338510036468506
1.1694024801254272,1.931793451309204,-0.2574368417263031
1.0377956628799438,1.9106868505477905,-0.17346656322479248
0.9187029600143433,1.850894570350647,-0.2103274166584015
0.8497012853622437,1.7777514457702637,-0.32836753129959106
0.8522414565086365,1.6955677270889282,-0.40283024311065674
0.8593012690544128,1.6382468938827515,-0.3780441880226135
0.8727665543556213,1.6434210538864136,-0.2790777385234833
0.8525494337081909,1.68829345703125,-0.11923106759786606
0.8219367265701294,1.6832640171051025,-0.039878033101558685
0.817110538482666,1.5983691215515137,-0.0799948200583458
0.8213432431221008,1.4120655059814453,-0.19930657744407654
0.8470821976661682,1.1650681495666504,-0.3238050937652588
0.8696464896202087,0.950839638710022,-0.40528449416160583
0.9052340388298035,0.8154383897781372,-0.41643089056015015
0.9711804986000061,0.8225713968276978,-0.31127220392227173
1.026767373085022,0.9293279647827148,-0.13238021731376648
1.0950276851654053,1.0261640548706055,0.021855587139725685
1.1795425415039062,1.0424541234970093,0.03044082038104534
1.2681913375854492,0.9332848191261292,-0.1366870254278183
1.3485045433044434,0.6670491099357605,-0.33975785970687866
1.3602473735809326,0.2781282961368561,-0.46922850608825684
1.2623114585876465,-0.06667754054069519,-0.4605255722999573
1.0960521697998047,-0.1710987240076065,-0.3383234739303589
0.8853298425674438,-0.08335687965154648,-0.16007250547409058
0.6967085003852844,0.09703156352043152,0.032009366899728775
0.5536738634109497,0.2517918348312378,0.1354638636112213
0.49392762780189514,0.33969900012016296,0.1702011674642563
0.460164338350296,0.3332858383655548,0.12833361327648163
0.41396602988243103,0.24855664372444153,0.07417754083871841
0.3626607656478882,0.16031040251255035,0.06659018993377686
0.281892865896225,0.14077387750148773,0.13848839700222015
0.05889652296900749,0.2888645529747009,0.2577327787876129
-1.0708611011505127,1.4873172044754028,0.5980542302131653
-1.094689130783081,1.948563575744629,0.8960680961608887
-0.536889910697937,2.7867486476898193,0.5016167163848877
-0.5399083495140076,2.5674057006835938,0.10330580919981003
0.21143150329589844,-0.9025106430053711,-0.022637685760855675
0.05932985618710518,-0.34079164266586304,-0.19205041229724884
0.059433240443468094,-0.14286865293979645,0.03948779031634331
0.05473542585968971,-0.04358600452542305,0.1237238422036171
0.04899062216281891,-0.07840055227279663,0.07413557171821594
0.06874489039182663,-0.10959336161613464,0.08891957998275757
0.07168468832969666,-0.10386840999126434,0.08569251745939255
0.05287238210439682,-0.02633526921272278,0.05352898687124252
0.014783686026930809,0.1101134717464447,0.01801179349422455
0.018966179341077805,0.14801664650440216,0.016405373811721802
-0.005111111328005791,0.2220424860715866,0.029741261154413223
-0.01839522458612919,0.3148544430732727,0.006350183393806219
0.03813433647155762,0.24941310286521912,0.03651762008666992
0.06630898267030716,0.15985338389873505,0.03933604434132576
0.10790083557367325,0.06224260479211807,0.04121069610118866
0.11578459292650223,0.07768920063972473,0.05024520307779312
0.1966242641210556,0.020374193787574768,0.06410711258649826
0.25371816754341125,0.005314285401254892,0.09469911456108093
0.23580269515514374,0.002782306168228388,0.08255019783973694
0.20542481541633606,0.00942582730203867,0.03724290430545807
0.19403919577598572,-0.0037744734436273575,-0.004232313018292189
0.19105246663093567,-0.004869565367698669,-0.024260615929961205
0.1880713552236557,-0.00490602245554328,-0.010244078934192657
0.17093710601329803,-0.015167714096605778,0.001876765862107277
0.13838259875774384,-0.02329144813120365,-0.004774000030010939
0.0901372954249382,-0.01570064201951027,-0.004205415025353432
0.05915701016783714,0.00562488054856658,-0.009107708930969238
0.05030013248324394,0.024731196463108063,-0.029074493795633316
0.024970222264528275,0.0248043704777956,-0.09270013123750687
-0.001228890148922801,0.019283903762698174,-0.1832534521818161
0.0027235429733991623,0.016202669590711594,-0.28023651242256165
-0.0006789116305299103,0.011223090812563896,-0.32397040724754333
7.216111407615244e-05,0.006504837889224291,-0.3251022398471832
-0.0007848441018722951,0.005288572050631046,-0.28061041235923767
0.00025932598509825766,0.0071852123364806175,-0.20219182968139648
0.0017988993786275387,0.0052986289374530315,-0.11731476336717606
-0.0010339231230318546,0.0028857842553406954,-0.05173133686184883
-0.00018117885338142514,0.0025022891350090504,-0.0201925840228796
-1.3084907550364733e-05,0.0001819328754208982,-0.01572129689157009
-0.001346795936115086,0.002306336537003517,-0.028371047228574753
0.0006081880419515073,0.002111876616254449,-0.03869734704494476
0.000958127377089113,0.0019203952979296446,-0.03764406591653824
0.0016828852239996195,0.0014211784582585096,-0.06849401444196701
0.0037782604340463877,-0.0036481486167758703,-0.08865787088871002
-0.00017017399659380317,-0.0024343146942555904,-0.077059805393219
-0.0003169141709804535,-0.0019384340848773718,-0.033266253769397736
-0.0007985752308741212,0.002326428424566984,-0.020082170143723488
0.0005638980073854327,0.0003562218917068094,-0.021628934890031815
-0.0010306539479643106,0.0019135480979457498,0.0025877230800688267
0.002277524909004569,0.00035639782436192036,0.002491849008947611
0.0005660629249177873,-0.0004195143992546946,0.0024358690716326237
0.00015540351159870625,0.0022974424064159393,0.002068885136395693
-0.00012862862786278129,0.0013814624398946762,0.0039841774851083755
-0.0016160041559487581,0.002534611150622368,0.008042569272220135
7.986559648998082e-05,0.0013417464215308428,0.017359105870127678
-0.0010152262402698398,0.004883750807493925,0.028241047635674477
0.0014775299932807684,0.0033407569862902164,0.03452712297439575
0.0012666077818721533,0.0003771914343815297,0.0313694104552269
-0.0006168720428831875,0.00012914618127979338,0.019427530467510223
0.0004774208937305957,-0.0013933830196037889,0.001572366338223219
-0.0029593338258564472,9.432184742763638e-05,0.0009612240828573704
0.00044951235759072006,0.00027807996957562864,-0.0004161624237895012
-0.001154465600848198,0.001243524719029665,-0.000410676933825016
0.0006668702699244022,-0.0009533169213682413,-0.0013097603805363178
0.0007932777516543865,-0.00011505869042593986,-0.0009595542214810848
-0.0006666671833954751,-0.0007302488666027784,0.0007469994015991688
-0.001670158002525568,-0.0020956655498594046,-0.0007890057750046253
0.0005360044888220727,5.643483018502593e-05,0.002258182968944311
-0.0014208132633939385,-0.0007344399346038699,-0.00018404144793748856
0.0022428976371884346,0.0001547895953990519,-0.002357713645324111
0.00027027545729652047,-0.002585357753559947,0.00035114679485559464
-0.002247210592031479,0.00010257065878249705,0.0012720678932964802
-0.003251374000683427,-0.0016435389406979084,1.223292201757431e-05
-0.001133894664235413,-0.0015652419533580542,0.0017906916327774525
0.000278866762528196,-0.0005562187870964408,-6.382633000612259e-05
0.00022187511785887182,-0.0018246823456138372,0.0014901282265782356
-0.0017891954630613327,-0.0017505129799246788,0.0019774334505200386
0.0012108554365113378,-0.0003693975741043687,0.00020483322441577911
0.0004495563043747097,-0.0011938003590330482,7.1730464696884155e-06
0.0019680906552821398,0.0009505769121460617,0.0015004072338342667
0.0017964490689337254,-0.0019966312684118748,-0.0008436008356511593
-0.003120012581348419,-0.0007260371930897236,-0.00011762324720621109
0.0019695721566677094,-0.0008815445471554995,-0.00226056226529181
-0.0012757559306919575,-0.000880479346960783,-0.00220090732909739
-0.000951879657804966,-0.0025363906752318144,0.0001724492758512497
-0.0009111333638429642,8.149666246026754e-05,0.0023304088972508907
0.0002952369977720082,0.0018806789303198457,-0.0008530286140739918
0.0006584921502508223,-0.00021656033641193062,0.001635163091123104
0.0007010364788584411,-0.00017852024757303298,-5.658343434333801e-05
-0.00119140581227839,-0.0018890686333179474,0.000713069923222065
0.0008502937853336334,0.0009907628409564495,0.0008060680702328682
0.0010052897268906236,6.458460120484233e-06,7.875869050621986e-05
0.001299796742387116,-0.0017233066027984023,-0.0006146752275526524
-0.0010938523337244987,-0.0002226153010269627,-0.0008306573145091534
0.00016419350868090987,0.0009643204393796623,0.00015497906133532524
0.0014773982111364603,0.00036244606599211693,0.0003461940214037895
0.0009284887346439064,-0.002628746908158064,0.0010215705260634422
-0.0006145468214526772,2.642461913637817e-05,1.329788938164711e-05
0.0020007439889013767,-0.001828663982450962,-0.0006315596401691437
-0.0002805197727866471,-0.0018425123998895288,0.0003570057451725006
0.001619682414457202,-0.0006528153317049146,0.0004570344462990761
-0.0007779615116305649,-0.0009835800155997276,-0.0011725537478923798
0.000524718314409256,8.663092739880085e-05,-0.00016390904784202576
0.002520491136237979,9.781619883142412e-05,0.0007458268664777279
0.0011625995393842459,-0.00040595585596747696,0.0006379694677889347
-0.00197859900072217,-0.0016294119413942099,-0.004252126440405846
-0.0003926376230083406,-0.00046574321459047496,-0.0008333739824593067
0.0011746326927095652,0.00020723757916130126,0.0017757252790033817
-9.028101339936256e-05,0.001269754720851779,-0.0003659892827272415
0.0002013351331697777,0.0008660193416289985,0.0010707862675189972
0.00185321643948555,-0.0005750675918534398,0.0006298734806478024
-0.0008613435784354806,-0.002351129660382867,0.00261685810983181
0.0001459488703403622,0.0023503375705331564,-0.003257968695834279
-0.0010761757148429751,0.0008352653821930289,-0.0014187898486852646
-0.0006538428133353591,-0.0013100580545142293,-0.00017440179362893105
0.0019837520085275173,0.002231946215033531,0.0005361293442547321
0.0005691783153451979,-0.0002198426955146715,-0.0010690102353692055
0.0026331283152103424,0.0003969453973695636,-0.0006213327869772911
-0.0004964024992659688,0.00035497156204655766,0.000724895391613245
0.0010980319930240512,-0.0018740942468866706,6.017042323946953e-05
-0.0017373241716995835,0.0024125296622514725,0.0025322847068309784
0.0012816351372748613,0.0012473966926336288,0.002962651662528515
0.0027637709863483906,0.00011487174197100103,0.0022805295884609222
-0.000192604202311486,-0.0010494622401893139,-0.002194379922002554
-2.1912273950874805e-07,-0.000205913107492961,0.0028317300602793694
-0.0006492314860224724,0.0015339299570769072,-0.0017150850035250187
-0.0006829348858445883,0.0015875205863267183,-0.00010084360837936401
0.00011388291022740304,-0.0015792441554367542,-0.0012332196347415447
-0.00041220482671633363,-0.001069151097908616,0.0012791934423148632
-0.004160071723163128,0.0010861451737582684,0.00016466062515974045
-0.00032534991623833776,-0.00036919949343428016,-0.0007392722181975842
-0.0014278985327109694,-0.0017652284586802125,-0.0001389957033097744
0.00046056800056248903,-0.0016493668081238866,-0.00031647831201553345
-0.00031441188184544444,-0.00014441442908719182,0.0032311188988387585
0.0019999518990516663,-0.0015919492579996586,-0.0008557131513953209
0.0012484077597036958,0.001256567775271833,-0.0006826077587902546
0.001205533160828054,0.0002769736747723073,0.0003025569021701813
0.0013794375117868185,0.0009190618293359876,-0.0010220995172858238
-0.0013017875608056784,0.002206017728894949,-0.0010678446851670742
-0.0008072385098785162,-0.0007948323618620634,0.0037868316285312176
-0.005013610702008009,-0.0010575191117823124,-0.00023606326431035995
-0.00174351513851434,-3.2202122383750975e-05,-0.0014163763262331486
-0.0008857836946845055,0.000493803177960217,-0.0012392615899443626
-0.0010610197205096483,-0.0012204736704006791,0.0016683777794241905
0.0017868481809273362,5.8744073612615466e-05,-0.002034370321780443
-0.0005679188761860132,0.0005953710060566664,0.0007925750687718391
-0.002126780804246664,-0.00039068551268428564,-0.0003335108049213886
-0.00013154064072296023,-0.0013435645960271358,8.646957576274872e-05
0.0008879793458618224,0.0006503125187009573,-0.0014862054958939552
-0.0016172562027350068,-0.00021654641022905707,-0.0008174856193363667
0.0011896955547854304,-0.0037415786646306515,-0.0010942076332867146
0.0021689399145543575,-0.0013543209061026573,-0.0011687763035297394
0.00013583831605501473,-0.0006932704709470272,0.000790650025010109
0.0012844597222283483,-0.0002634362317621708,-0.0009473287500441074
0.002530911937355995,-0.0029110037721693516,0.00012646429240703583
-0.0007735382532700896,0.0016832154942676425,0.0009887954220175743
0.000585509929805994,-0.0005193866090849042,0.00011376943439245224
0.0016004405915737152,0.0002907470043282956,0.002532718237489462
0.00044499023351818323,-0.0024805020075291395,-0.002229297999292612
0.0003648290876299143,0.0007587006548419595,-0.001687877345830202
0.0005974221276119351,-1.841697667259723e-05,-0.0010671732015907764
-0.001720326952636242,-0.0024120660964399576,-0.0008389404974877834
0.00013379898155108094,-0.0006178622134029865,-0.0003560860641300678
0.0011548548936843872,0.0011933536734431982,0.0005738898180425167
0.0003371152270119637,-0.0005864443955942988,0.0008090250194072723
0.00013151919119991362,-0.0017582352738827467,6.413878872990608e-05
-0.0008200821466743946,-0.00044238055124878883,-0.0004163752309978008
-0.0011505804723128676,0.000964034756179899,-0.00031597400084137917
-0.0015919024590402842,0.002909074304625392,0.0003334265202283859
0.00034501447225920856,-0.0001745997869875282,-1.012161374092102e-05
0.00213222554884851,0.0015295010525733232,0.0018890365026891232
-0.00025769529747776687,-0.0002822473761625588,-0.00046493159607052803
0.00038995116483420134,0.0027715563774108887,0.0017571221105754375
-0.0016481659840792418,-0.0017646059859544039,-0.00020189909264445305
-3.365479642525315e-05,0.00011669380182866007,-0.00012519210577011108
-0.0011559107806533575,-0.0006564218201674521,-6.899936124682426e-05
-0.0006566630327142775,0.001987069845199585,0.0009624338708817959
0.0028752211946994066,-0.0008603819878771901,-0.0009904620237648487
-0.0022283170837908983,-0.0024037661496549845,0.00029039010405540466
-0.0006642426596954465,0.0005310371634550393,-0.0014212233945727348
-0.000762788811698556,-0.001481431070715189,0.0008946261368691921
-0.002282920992001891,0.00012525400961749256,0.0009641349315643311
-0.0005928868195042014,-0.00015271868323907256,-0.0008497424423694611
-0.000520182540640235,0.0003402324509806931,7.703760638833046e-05
0.00042294742888771,0.0012148451060056686,-0.0019120885990560055
0.0013300201389938593,-0.001042183837853372,0.0012128646485507488
0.002517709042876959,-0.00030055729439482093,0.00093845184892416
-0.0004479870549403131,0.001615320798009634,0.0007688086479902267
-0.0011021350510418415,-0.0009203476365655661,0.0032927198335528374
-0.0006344839930534363,0.00156118581071496,-0.0002247835509479046
-0.001314419787377119,0.001716948696412146,0.0010072030127048492
0.001655004802159965,-0.0016602057730779052,0.0007086624391376972
0.00043779192492365837,0.00011592631926760077,0.0005232864059507847
0.0017731009284034371,-0.0008920801337808371,-0.002006982918828726
-0.00040196580812335014,-0.00019151048036292195,-0.0003940262831747532
0.0006198891205713153,-0.0027601292822510004,0.002456088550388813
0.000114932976430282,-9.623181540518999e-06,0.0008989940397441387
-0.0005311498534865677,-0.0002860593085642904,0.0017637228593230247
-0.0004920705687254667,-0.00036921800347045064,7.132766768336296e-05
-0.0017584037268534303,0.0008963161380961537,0.002798405010253191
-8.498146780766547e-05,-0.0003953406703658402,-0.0014059646055102348
0.0029323799535632133,-0.0008070654002949595,-0.0010155453346669674
-0.002189441816881299,0.0021762563847005367,0.000629656482487917
-0.0004972692113369703,0.0004566532443277538,-0.00023507233709096909
-0.000683339312672615,-0.0016851455438882113,-0.0012954422272741795
-6.202372605912387e-05,-0.0003591576823964715,0.0004750271327793598
-0.002113018184900284,0.00015336726210080087,-0.0003519272431731224
-0.00024987079086713493,0.0011019852245226502,-0.0014270450919866562
3.8676196709275246e-05,-0.00012122374027967453,-0.00019592652097344398
-0.0012090146774426103,0.0008345848182216287,0.0007550884038209915
0.0011622883612290025,0.0006093785632401705,-0.00017578667029738426
0.00024695988395251334,-0.001932075945660472,-0.002365970518440008
-0.0006983287166804075,0.0017111652996391058,-0.001304151490330696
-0.0005510558839887381,-0.0002494539075996727,0.00027457019314169884
0.00034219049848616123,-0.0005997577682137489,-0.0007690959610044956
0.0007443277863785625,9.90557309705764e-05,0.0018860758282244205
-0.0005965727614238858,-0.0012957628350704908,-0.0011295895092189312
4.8977555707097054e-05,0.0012986887013539672,-0.0004507494159042835
-0.0009241342777386308,0.0021973871625959873,0.0005584540776908398
-0.0010144154075533152,-0.0001810818794183433,-0.0002567395567893982
0.0011742383940145373,-0.0005381895462051034,-0.001079249195754528
-0.0002385685802437365,0.0010684956796467304,0.002916557714343071
-0.0004054551536682993,-0.001648616511374712,-0.0012246021069586277
-0.002485384000465274,0.00040681121754460037,0.000756789930164814
0.0011281430488452315,0.0010486992541700602,0.0009925290942192078
-0.001461781095713377,0.001223402563482523,0.00011901184916496277
0.0013201155234128237,-0.0006150049157440662,-0.00081687793135643
-0.00048098029219545424,0.0021221921779215336,-0.00301292072981596
0.001757837482728064,0.0015695232432335615,8.981768041849136e-05
-0.000705586513504386,-0.0003490179660730064,0.0002061980776488781
0.0021812263876199722,-0.0026157014071941376,7.460126653313637e-05
-0.0009381342679262161,0.0006248330464586616,-9.877048432826996e-05
0.0013258885592222214,-0.00029617396648973227,-0.0008363481611013412
0.0011842083185911179,0.0009427285986021161,-0.00012528430670499802
-0.0019189370796084404,0.0006923858891241252,0.0004208507016301155
-0.0008041379041969776,-0.0003268058644607663,0.0020776032470166683
0.0008035305654630065,-0.002821897389367223,0.0028500393964350224
-0.002006903290748596,-0.000770464597735554,-0.0009492258541285992
-0.0018378288950771093,-0.0005837579956278205,-0.000813421793282032
-0.0010966709814965725,0.001339843263849616,0.0006494526751339436
-0.0031017842702567577,0.0003371081838849932,-0.0007437453605234623
-0.002076200908049941,-0.0002650325186550617,0.001805698499083519
-0.00035935084451921284,-0.0003836959367617965,0.0012048580683767796
-0.0010403211927041411,-0.00043163285590708256,0.0005526496097445488
-0.0004395475552882999,-0.0014127993490546942,0.00034932931885123253
0.0020182838197797537,0.0008977591060101986,-0.0013971715234220028
0.000190548540558666,-0.0025657061487436295,-0.0012380899861454964
-0.0006038724677637219,-0.0016991135198622942,-0.0008535296656191349
-0.003260628553107381,7.864131475798786e-06,0.002161739394068718
-0.003011090215295553,-0.0006427461048588157,0.0010251021012663841
-0.0005125707830302417,-0.0027412420604377985,-0.00046847015619277954
0.0019380699377506971,0.0015179513720795512,0.0004535163752734661
0.002631831681355834,0.00019983609672635794,-0.0006952197290956974
-0.00029498228104785085,-0.00022520440688822418,0.0008275760337710381
-0.0010583390248939395,-0.00020570744527503848,-7.818453013896942e-07
-0.0016588818980380893,-0.0014472731854766607,-0.003944124095141888
-0.00024241494247689843,5.4748408729210496e-05,0.0007365299388766289
0.0005634576082229614,-0.0013146490091457963,0.0006963158957660198
0.0007065721438266337,-0.0003178874612785876,-0.0003525521606206894
-0.0008790739229880273,-0.0014838193310424685,-0.00032352376729249954
-0.0016104072565212846,5.403891555033624e-05,-0.0012371661141514778
0.00011319050099700689,-0.0017824769020080566,-0.0014105378650128841
0.0002948046021629125,0.0007668358157388866,-0.0006479024887084961
0.000410918437410146,0.0011407437268644571,-0.00016613677144050598
0.0023277397267520428,-0.0008739179465919733,0.0015239231288433075
0.0011383721139281988,-0.00142945337574929,-0.0007884996011853218
-0.001633527223020792,0.0027694471646100283,-0.0008551157079637051
-0.0013333889655768871,0.0011129610938951373,-0.0013150437735021114
0.002244086004793644,-0.0013511129654943943,0.0008298610337078571
-0.0007330618100240827,-0.00010315571125829592,0.0013145566917955875
-0.002326117129996419,9.893844253383577e-05,-0.0004261201247572899
0.0010579617228358984,-0.0012054778635501862,-0.0005158688873052597
0.0025861046742647886,0.0010111313313245773,0.0018012993969023228
0.0013328210916370153,-0.000721521326340735,0.00046732183545827866
-0.00011504057329148054,0.0011722963536158204,-0.0002845125272870064
0.0008072120836004615,0.00011715193977579474,-0.0022669692989438772
-0.0012310058809816837,-0.000131468492327258,0.0005094874650239944
0.00031842131284065545,-0.0004510478174779564,-0.000696924515068531
0.00029815814923495054,-0.0016230292385444045,-0.0009461063891649246
2.278730971738696e-05,0.001008440158329904,0.0010360842570662498
0.0004718165728263557,-0.0007935967296361923,-0.0001927269622683525
0.0020087268203496933,0.0026421474758535624,0.00011779787018895149
-6.47309934720397e-05,2.0612729713320732e-05,0.001673821359872818
-0.00022798276040703058,-0.0003290603053756058,0.002634156960994005
-0.00037381070433184505,-0.0009380055125802755,-0.001084859948605299
-0.0003900559968315065,-0.0001845972437877208,-0.0012230779975652695
6.909132935106754e-06,0.0005842578248120844,-0.0009868876077234745
-0.00034782395232468843,-2.969187335111201e-06,8.902931585907936e-05
-0.0005115083185955882,0.0009586636442691088,-0.0004530777223408222
0.0020038471557199955,-0.0017705437494441867,-0.0009979605674743652
0.0010306491749361157,8.368384442292154e-05,-0.000338003970682621
0.0012309188023209572,0.000550802331417799,0.0006311200559139252
0.00048348557902500033,0.0009587875101715326,-0.001005435362458229
0.0013748456258326769,0.0010685097659006715,-0.00099611422047019
0.0011420040391385555,0.00042644672794267535,-0.002023895736783743
0.002099144272506237,0.00040434248512610793,-1.5339814126491547e-05
-0.0012011523358523846,-1.65157689480111e-05,-0.0009001642465591431
0.0006564026116393507,0.0006854934617877007,-0.00014622323215007782
-0.0005946251330897212,-0.0006614252342842519,-8.768448606133461e-05
-0.00045054813381284475,-0.0011818069033324718,0.0003280350938439369
-9.750528261065483e-05,-0.001422537723556161,-0.0008214255794882774
0.0020066583529114723,-0.0020579679403454065,0.0029085977002978325
0.002356358338147402,-0.0012159915640950203,0.0017317617312073708
-0.00027857330860570073,0.0012205345556139946,-0.0011042379774153233
-0.002650453010573983,0.0005114349769428372,0.000856056809425354
-0.0020680194720625877,0.0012707021087408066,-0.00011919252574443817
-0.00010768481297418475,-0.00038551422767341137,-0.0015240972861647606
-0.00027439871337264776,-0.001401776447892189,-0.0021739089861512184
0.0023241688031703234,0.00013415129797067493,4.384666681289673e-06
0.002052526455372572,0.0003072567633353174,0.0007945443503558636
-0.0014851297019049525,0.0003163044457323849,0.0018451306968927383
0.0019492829451337457,-0.0015047651249915361,0.001066688448190689
-0.0005620768060907722,-1.373467966914177e-05,-0.00014986516907811165
7.175558130256832e-05,0.0020965540315955877,-0.0018356461077928543
0.0026615324895828962,-0.002549269236624241,-0.0010225269943475723
-0.0020770300179719925,-0.0017378042684867978,-0.0007349057123064995
-0.0015237466432154179,0.002056652680039406,-0.00031068408861756325
0.0009117140434682369,0.0006252035964280367,-0.0017373394221067429
-0.0005877329967916012,7.340763113461435e-05,0.0010562781244516373
-0.0005949235055595636,0.0016220357501879334,-0.0013725245371460915
0.0009999485919252038,0.00045180489541962743,1.5270430594682693e-05
0.0004835616855416447,-0.002075002295896411,-0.001179956365376711
0.00036916337558068335,0.0012178197503089905,-0.002186759375035763
0.0006559858447872102,-0.0026730585377663374,0.0010926569811999798
-0.000568055547773838,0.002305190311744809,0.0018929406069219112
0.002290581353008747,0.0006772000342607498,0.00056029437109828
0.0014941701665520668,-0.00043479312444105744,-0.00015594018623232841
-0.00025712454225867987,-0.00030216772574931383,0.0017088055610656738
0.0009341059485450387,-0.00015515835548285395,0.0009667319245636463
0.0009357038652524352,-0.0011858016951009631,0.0011044172570109367
-0.0003523733466863632,0.0001577910443302244,-0.0003699162043631077
0.002777373418211937,-0.003405784722417593,-0.0006511462852358818
0.00019972003065049648,-0.00010409599781269208,-0.0004521734081208706
0.00013447258970700204,-0.0015842809807509184,-0.0010950607247650623
-0.0011812866432592273,-0.0023265210911631584,-0.0020690886303782463
0.0014379322528839111,0.000401354773202911,0.0007261652499437332
0.0020061503164470196,0.0009703568648546934,-0.002161470241844654
-0.0007251877104863524,-0.000283193017821759,-8.047651499509811e-05
-0.0019379789009690285,-0.0012931165983900428,0.0003828583285212517
0.0004018744803033769,-5.128460907144472e-05,8.724769577383995e-05
-0.0016455763252452016,-6.837380351498723e-05,-0.00048013171181082726
0.00036404497222974896,0.0012933004181832075,4.58424910902977e-05
0.0008426865679211915,-0.0016944733215495944,-0.0002606739290058613
0.00016464575310237706,-0.0013250928604975343,0.0012434795498847961
-0.0025602232199162245,-0.0002947393513750285,0.001233245711773634
0.0002523413277231157,0.0013867805246263742,-0.0008027409203350544
0.0011714871507138014,9.784926805878058e-05,0.00033597182482481003
0.00020981975831091404,-0.0002643406332936138,5.9802085161209106e-05
0.002179110888391733,-0.0005505779990926385,-0.001335354521870613
-0.0009346568840555847,-0.0005836011841893196,7.345760241150856e-05
-0.0006699842633679509,-0.00015891791554167867,0.0026348154060542583
0.0023543015122413635,-0.00036291603464633226,-0.0011921473778784275
-0.0007801435422152281,-0.0007953147287480533,0.0005550496280193329
-0.001082944916561246,-0.0013159627560526133,-0.00014456314966082573
-0.002026987262070179,-0.0002322440705029294,-0.0008878298103809357
-0.001167052541859448,-0.00020401456276886165,0.0003619920462369919
-0.0011228747898712754,-0.00033292174339294434,0.0024452684447169304
8.886351133696735e-05,0.0012732306495308876,0.001520619262009859
0.0005722604691982269,0.001115813385695219,-0.001582038588821888
0.0012319254456087947,-0.0005396076012402773,0.000790837686508894
-0.002248031087219715,0.0021453474182635546,-0.0009431964717805386
0.0018585631623864174,-8.691418770467862e-05,0.001548723317682743
6.57395867165178e-05,0.0006742346449755132,-0.001862159464508295
-0.00028952612774446607,-0.0018035704270005226,0.0008460087701678276
-0.0009688081918284297,0.00027230934938415885,0.0003800569102168083
0.0016709171468392015,-0.0036971322260797024,-0.0008441982790827751
-0.0007560215890407562,0.001457416103221476,-0.00013686250895261765
-0.002245520707219839,-0.0003226426779292524,0.001814293209463358
-0.00023144797887653112,-0.0008935824153013527,-0.0008275415748357773
-0.0005441030953079462,0.0022481486666947603,-0.0008014426566660404
-0.000925225205719471,0.0007341796299442649,-0.0007677646353840828
-0.0016264355508610606,-0.0011334952432662249,0.0006599561311304569
0.0003483568725641817,8.000003435881808e-05,-0.00042733363807201385
0.0005310497363097966,0.00024218653561547399,0.002890699077397585
-0.0008759855991229415,0.0007780755404382944,0.0011888700537383556
0.000666783656924963,0.0008009787416085601,0.00018619000911712646
0.0005434718914330006,0.00029283069306984544,0.002262649592012167
-0.0022531135473400354,-0.0005673703271895647,0.0013364022597670555
-0.0009163988288491964,-0.0016298757400363684,-0.0021441434510052204
0.0022604861296713352,-0.0037881014868617058,-0.0003313296474516392
0.001442029606550932,0.0021480973809957504,-0.0019246628507971764
-0.0011886409483850002,-0.0021896592807024717,-0.0009142598137259483
0.00037668168079108,-0.0005161021836102009,0.00032933754846453667
-0.0011596959084272385,7.991326856426895e-05,0.00101004121825099
0.0005917145754210651,0.001925489748828113,0.0012243534438312054
0.0016777516575530171,0.002091937232762575,0.0011348715052008629
-0.0009159475448541343,-0.002701770281419158,0.001141776330769062
0.0013501362409442663,0.0001531384768895805,-0.002038304228335619
-0.0010812731925398111,0.00048637809231877327,-0.002227557823061943
-0.0005494399229064584,0.0009210059652104974,-0.0019058482721447945
0.0017122032586485147,-0.0005165607435628772,-0.0007025077939033508
-0.0007128711440600455,-0.0014547924511134624,0.00013425759971141815
0.0022394810803234577,-0.0005844152765348554,0.0025127483531832695
0.0002698070602491498,2.7579131710808724e-05,0.0011255079880356789
-0.002253027865663171,0.00024084915639832616,0.0017243926413357258
-0.000545675284229219,-0.00045956220128573477,-0.001435447484254837
-0.0011939958203583956,-0.0004762622411362827,-0.005627185106277466
0.0026220479048788548,0.0014742369530722499,-0.0026050300803035498
5.3269468480721116e-05,-7.306640327442437e-06,-0.003329719416797161
-0.0011286414228379726,0.0006648752605542541,-0.0011099749244749546
0.00029235248803161085,4.839816392632201e-05,0.002131872810423374
0.00034082200727425516,0.0020478994119912386,0.004699160344898701
-0.001108980388380587,0.0019795545376837254,0.005335426889359951
0.001712106168270111,0.0003792610368691385,0.000998468603938818
-0.0017809533746913075,0.000144111952977255,0.0011095069348812103
-0.003203081199899316,-0.0027329009026288986,-0.003314003348350525
0.0004322124004829675,-0.0006789267645217478,-0.0014625624753534794
0.0021536797285079956,-0.0015369972679764032,-0.0014345990493893623
0.0019399990560486913,-7.362120231846347e-05,-0.0007660365663468838
-0.0007407388184219599,0.0013602246763184667,-5.337502807378769e-05
-0.0013775195693597198,-0.0002104613813571632,0.002625847700983286
-0.0013415669091045856,-0.0016919778427109122,0.003269799519330263
-0.0015887112822383642,-0.0009201503708027303,0.0037378501147031784
-0.00018469290807843208,0.00012247724225744605,0.0009255516342818737
-0.0015810036566108465,0.00025885546347126365,0.00012259278446435928
-0.0020952599588781595,-0.0006367655587382615,-0.001416181679815054
-0.0012094606645405293,0.0030174299608916044,-0.0009178952313959599
-4.672451177611947e-05,-0.0003610562125686556,-0.0002433164045214653
-0.002776957117021084,-0.00013407331425696611,-0.0010791150853037834
-0.0009841169230639935,0.001315218978561461,-4.95370477437973e-05
-0.0004482257936615497,-0.00030735525069758296,0.0006324355490505695
0.001251137349754572,-0.0023236344568431377,0.0005706502124667168
0.0009213215089403093,-0.0008150598150677979,-0.0023359148763120174
-0.0009175912127830088,-0.00010532736632740125,0.0012875818647444248
-7.054186426103115e-06,-0.0012736459029838443,-3.9909034967422485e-05
-0.0017924373969435692,0.0009189346455968916,-0.0027795026544481516
-0.0006152910063974559,-0.0026717958971858025,0.0004889378324151039
-0.0006797394598834217,0.002172227716073394,0.0010886816307902336
0.00016760011203587055,-0.00018795279902406037,0.00040613021701574326
-0.0002973878290504217,0.0011348392581567168,-0.00209511024877429
-0.00046227683196775615,-0.0004945555119775236,0.0007102256640791893
0.001312986365519464,0.00038002655492164195,-0.004793995525687933
-0.0019553035963326693,0.0008380242506973445,-0.0031965156085789204
0.00048042350681498647,-0.001040569506585598,0.00033297156915068626
0.0017785264644771814,0.000774693675339222,0.002771880943328142
-0.0011315096635371447,0.0026831149589270353,0.003258173819631338
0.001965567469596863,-0.0008178027346730232,0.00013046152889728546
-8.426769636571407e-05,-0.001442047650925815,-0.0020464062690734863
0.0009898871649056673,0.0008923076675273478,-0.0008669113740324974
0.0008077269303612411,-0.0003876074915751815,-0.004409714601933956
-0.0015682888915762305,-0.0008485944708809257,-0.0055754962377250195
-0.0037922945339232683,-0.0005042477278038859,-0.0030076762195676565
-0.0011374024907127023,-8.056037040660158e-05,-0.00220318790525198
-0.0027885623276233673,-0.0005455482751131058,0.0025191293098032475
-0.0011169298086315393,-0.0006574835861101747,0.0016190344467759132
-0.0005046690930612385,-0.00149478146340698,0.0023516695946455
0.0014656486455351114,-0.00020680765737779438,0.004300038330256939
-0.003354939166456461,0.0006025269394740462,0.0023490069434046745
0.0012504010228440166,0.001169109484180808,-0.0007850010879337788
0.0006866097683086991,-0.00019123326637782156,4.563899710774422e-05
0.00022566731786355376,0.0007515141041949391,-0.0015721246600151062
0.001871234504505992,0.0014465991407632828,-0.0030834688805043697
-5.103152943775058e-05,-0.0004016734310425818,0.0012091193348169327
-0.0009937905706465244,-0.0004517408669926226,0.0017508058808743954
0.0003220246871933341,-0.0007208317401818931,0.0025572655722498894
-0.0018636316526681185,0.0022030528634786606,-0.0005826009437441826
-9.665271500125527e-05,0.00041650200728327036,-0.0018143663182854652
-0.0017749767284840345,-0.001625876291655004,-0.0017858706414699554
-0.0016508144326508045,-0.00039019252290017903,-0.0004203077405691147
-0.0009482723544351757,0.0003917115682270378,-0.0008043353445827961
0.00089433160610497,-0.0024816798977553844,-2.7385540306568146e-05
-0.002218371257185936,0.0011628558859229088,0.0019089984707534313
0.0003502740291878581,-0.0013912046561017632,0.0003522750921547413
0.001546033308841288,-0.0016298239352181554,-0.0009790388867259026
0.0015211650170385838,-0.0016931474674493074,-0.0017608371563255787
0.0006021080771461129,-0.0003740837564691901,-0.001163223758339882
0.0009142520138993859,-0.00199312181212008,-0.0031855651177465916
0.00022768905910197645,0.0022652726620435715,-0.002901139436289668
0.0006850913632661104,0.00012357518426142633,-0.002434180350974202
0.0003801594430115074,-0.0005020013777539134,-0.00019526062533259392
-5.130714271217585e-07,0.0018589362734928727,0.001250728964805603
0.002275424310937524,-0.0018066386692225933,0.0027410336770117283
0.0007319999858736992,0.004492581821978092,0.0022593578323721886
-0.0016422080807387829,-0.0007703572628088295,0.0008095330558717251
-0.0021449215710163116,0.0003020891745109111,0.0001059388741850853
-0.00027298563509248197,0.002374028554186225,-0.0018147327937185764
0.0007168950396589935,-0.0002354538009967655,-0.002821107627823949
0.0014359485357999802,0.0007392631378024817,-0.0028200424276292324
0.00010955549078062177,-0.0022849757224321365,0.0006823870353400707
0.0017838848289102316,0.0012306631542742252,0.000627526082098484
0.001106171403080225,8.655925194034353e-05,0.004029181785881519
-0.001164439832791686,-0.001176045392639935,0.001446714624762535
-0.00020432911696843803,0.00254301936365664,0.0005331970751285553
-0.0022781325969845057,-0.0009103015763685107,-0.001962717156857252
0.0011710706166923046,-0.0003166183887515217,-0.0006839209236204624
-0.001186892157420516,-0.00018266138795297593,-0.0018530488014221191
-0.0006999608594924212,0.0012615956366062164,-0.0027606540825217962
0.0009983369382098317,0.00030605337815359235,0.0005437959916889668
0.0024069868959486485,0.0011796053731814027,0.0015192581340670586
-0.0001416581217199564,8.45134854898788e-05,0.002252959180623293
-0.000946019368711859,0.00037516801967285573,-0.0004768860526382923
-0.0029287429060786963,0.0014910325407981873,-0.0023645348846912384
0.0009736555512063205,5.504452565219253e-05,-0.0023720264434814453
0.0017286618240177631,0.0006414726376533508,-0.00015254784375429153
0.0002901993284467608,0.0002433827903587371,-0.00014234799891710281
0.00035118573578074574,-0.0001089534125640057,0.00046165706589818
-0.00030791148310527205,0.0015272896271198988,0.002160252071917057
0.0007136771455407143,0.001476955832913518,4.676729440689087e-05
-0.0006818984402343631,0.0004842373600695282,0.00022011389955878258
0.0016236001392826438,1.3124154065735638e-05,0.0002795020118355751
0.0004492852895054966,-0.0006813891232013702,-0.001651132944971323
0.00047724848263897,0.0002642993349581957,-0.0012319516390562057
-4.960282240062952e-06,-0.0013245153240859509,-0.0005756071768701077
-0.0017408085986971855,0.0021117613650858402,0.001359711866825819
0.00038842554204165936,-0.0012071010423824191,0.0003629066050052643
-0.0007314336253330112,0.00013486584066413343,0.002137904055416584
0.0008246386423707008,-0.0012631305726245046,0.002573557198047638
0.000816116516944021,0.0012431703507900238,0.0023482535034418106
-0.0005685776704922318,-0.0036580166779458523,0.0006443983875215054
0.000826386152766645,0.0014368765987455845,0.000736011192202568
-0.0010835614521056414,-0.00042815410415641963,0.0003986232914030552
-0.0018691940931603312,0.001339652226306498,0.0009696050547063351
0.0039391596801579,-0.0029931683093309402,0.0007943711243569851
0.002080006757751107,-0.0014882161049172282,0.0001488211564719677
-0.004279912915080786,0.0002493532083462924,0.001696865539997816
0.0006482662865892053,-0.0025027573574334383,-0.0010848063975572586
0.0007201898843050003,0.0028690460603684187,0.0002553253434598446
-0.0003970061952713877,0.000566743197850883,-0.0004757125861942768
0.0012186618987470865,-0.0018752573523670435,-0.0012312601320445538
-0.0020335903391242027,0.0009974944405257702,-0.00025680940598249435
-0.00031042558839544654,0.0011394600151106715,-0.0005840747617185116
-0.0023892889730632305,-8.895061910152435e-06,0.00018504634499549866
-0.0006017150590196252,-0.00019324227469041944,0.001554285641759634
0.00028804701287299395,0.00046109643881209195,0.00082378089427948
-0.00306492717936635,-0.0014893489424139261,0.0014412128366529942
0.001969778910279274,-0.0011428716825321317,-0.0011180848814547062
0.00048032228369265795,-0.0002684451173990965,-0.0020933905616402626
-1.7422542441636324e-05,-0.0011259830789640546,-0.005303830839693546
0.00021227313845884055,-0.00020748948736581951,0.0005555129610002041
0.00037685647839680314,0.0017406129045411944,-0.0008863219991326332
0.0010247475001960993,-0.0008149023051373661,0.002099120058119297
-0.001834954833611846,-0.0001586994039826095,0.00127327349036932
-0.0008733458817005157,0.0006458035786636174,-0.0017916378565132618
0.000755976012442261,0.0007312910165637732,0.0008408972062170506
0.003928066696971655,0.0020325174555182457,-5.746399983763695e-05
0.0005479827523231506,0.001187496236525476,0.00022136885672807693
-0.0018663669470697641,-0.00031923840288072824,-0.0007561375387012959
0.001955801621079445,0.0014174089301377535,0.00010646041482686996
-0.0011505753500387073,0.0008415686897933483,-0.0009763636626303196
0.0005447929725050926,0.002807514276355505,0.002889214549213648
0.0006300263339653611,-0.0005251922993920743,0.001494135707616806
-0.0010355146368965507,0.001501473248936236,0.0005694860592484474
-0.0009496327256783843,0.0014149133348837495,0.001371357124298811
-0.0003671994199976325,0.0012295573251321912,0.0009601647034287453
-0.0008410240989178419,0.0006490235100500286,-0.0014136605896055698
0.00010999076766893268,-0.0006697738426737487,-0.0026331220287829638
-0.0006410659407265484,0.00034254923230037093,-0.0005892487242817879
-0.0005598394782282412,0.0005638579023070633,-0.0008875229395925999
0.00011084458674304187,-0.00025567138800397515,0.0009314576163887978
0.001544157974421978,-0.0006452918751165271,4.169577732682228e-05
-0.0008255825378000736,0.0018701150547713041,0.0026176837272942066
-0.001543570775538683,-0.00010568408470135182,0.00044294632971286774
-0.0006796826492063701,-0.0010433349525555968,-0.001273447647690773
-4.185561556369066e-05,-0.0008305484079755843,-0.0005557257682085037
-0.0009636515751481056,7.044029916869476e-05,-0.0005369340069591999
-0.0007250324124470353,0.0013010869733989239,0.001655646599829197
0.00019580984371714294,0.0006043191533535719,0.0008018435910344124
-0.0007243123254738748,-0.0010628196178004146,-0.00040004076436161995
0.00023966973822098225,-0.00043141585774719715,0.001208217814564705
-0.0016897902823984623,0.0014546348247677088,-0.000473568681627512
-0.0005823579849675298,0.0009884561877697706,-0.002258232794702053
-0.00037596304900944233,-0.0010571177117526531,0.0002667098306119442
0.003063386306166649,0.004092020448297262,0.0012812810018658638
-0.0017209824873134494,0.001294635934755206,0.0004154876805841923
0.0018022324657067657,0.0003270805173087865,-1.8528662621974945e-06
0.0018397830426692963,-0.0016447239322587848,0.00018297089263796806
-0.0018028018530458212,0.0005676692817360163,0.00016626296564936638
0.0013573048636317253,-0.0006472647655755281,-0.0009954078122973442
0.0001552794419694692,-0.0009676091140136123,0.0009459750726819038
-0.001852477784268558,-0.0010959734208881855,-0.0013518002815544605
0.0026000067591667175,0.0009210646385326982,0.0017364020459353924
-0.0005885960417799652,0.0007644707802683115,-2.5278888642787933e-05
-0.0010000803740695119,0.0004982469836249948,-0.001173714641481638
-0.002157756360247731,-0.0012644993839785457,-0.00027569662779569626
0.0002900718536693603,-0.0023578705731779337,-0.00046143215149641037
0.00011057479423470795,-0.0016787644708529115,-0.0033853165805339813
0.0007917140610516071,-0.0016205772990360856,0.0008389968425035477
0.0014202201273292303,-0.0016533342422917485,-0.0019791601225733757
-0.00019304605666548014,-0.0016582384705543518,-0.0003093457780778408
0.000723880308214575,0.0007263559964485466,-0.000767409335821867
0.0019093899754807353,0.00011709668615367264,0.0006694374606013298
0.0004100303631275892,0.000492336053866893,-0.0008791908621788025
0.000659905606880784,0.001773649244569242,0.0017814738675951958
-0.0019787545315921307,0.0022484909277409315,0.0010504364036023617
0.0010779225267469883,-0.002068612724542618,-0.0004574097692966461
-0.002537318505346775,4.327386704972014e-05,0.0003420710563659668
-0.00020053598564118147,6.319023668766022e-06,0.001260679680854082
-0.002930808812379837,-0.0015934418188408017,0.0038308962248265743
0.0007795008132234216,0.0008855689084157348,0.000828141812235117
-0.001515877665951848,-2.469957689754665e-05,2.067163586616516e-05
0.0004300612781662494,-0.0015095941489562392,-0.00073231291025877
0.0012641632929444313,-0.00015484410687349737,-0.0023371337447315454
-0.0007094853790476918,-0.0014673140831291676,-0.0013335831463336945
-0.0013760746223852038,0.0013553703902289271,0.0003977380692958832
-0.0007171566248871386,0.0024770027957856655,0.001346677541732788
-0.0015517913270741701,-0.00045886580483056605,0.001623646356165409
-2.6668974896892905e-05,-7.880981138441712e-05,0.0008572596125304699
0.00019836814317386597,-0.0002556437102612108,-0.0009480970911681652
-0.0017254389822483063,-0.000798479188233614,0.0007136422209441662
-0.0025917652528733015,0.0011805157409980893,-7.252302020788193e-05
-0.0020523183047771454,0.0008699202444404364,-0.00028451578691601753
0.000728021957911551,0.0001796289870981127,-0.0008504376746714115
0.001752264448441565,-0.0009713132167235017,-0.0003168070688843727
-0.0017519228858873248,0.000944032275583595,0.0020036054775118828
0.0008448639418929815,-0.002173979766666889,0.002098526805639267
0.0009838809492066503,-0.0016245696460828185,0.001279870979487896
0.002267556730657816,-0.001648418721742928,-0.0012013562954962254
0.00037458192673511803,-0.00040152668952941895,0.000247403047978878
0.0034824186004698277,0.0005495278746820986,0.0016973228193819523
-0.00022843005717732012,-0.000925064436160028,-0.00011149561032652855
-0.002243081573396921,-0.000752351013943553,0.00021112151443958282
-0.0014979291008785367,-0.001921745017170906,0.0008649276569485664
-0.002022668719291687,0.00019150270964019,0.001370066311210394
-2.8760143322870135e-05,-0.0011768294498324394,-0.0008323676884174347
0.001614387147128582,0.0011663396144285798,0.0004144315607845783
0.00023327193048316985,-0.0015753846382722259,-0.00014909310266375542
0.0004394052957650274,0.0015596451703459024,0.003304318990558386
0.00047056429320946336,0.0010288771009072661,-0.0009117317385971546
-0.001162650529295206,-8.001941023394465e-05,0.001102321781218052
-0.0004009864933323115,0.00160869094543159,0.0015715709887444973
-0.0026563196443021297,-0.0003638085909187794,0.000936008058488369
0.0013160513481125236,-0.0011342610232532024,-0.0020800218917429447
-0.00020833409507758915,-0.0007718070410192013,-0.002834594575688243
0.0006441437872126698,-0.002201658207923174,0.0004496155306696892
0.0030859324615448713,-0.005633635446429253,-0.0007466175593435764
-0.0019442462362349033,-0.008600130677223206,0.0006472808308899403
0.00019723181321751326,0.002960757352411747,0.05330603942275047
0.0023418753407895565,0.006735788192600012,0.06590066105127335
-0.002303727436810732,0.0021514887921512127,0.04864886403083801
-0.0029452829621732235,-0.007721382193267345,0.06558790057897568
-0.0014863531105220318,-0.006767409387975931,0.07257901132106781
-0.0008669019443914294,0.0015166191151365638,-0.07878521084785461
0.004917075391858816,0.002131394576281309,-0.21094122529029846
0.0016781390877440572,0.007797536440193653,-0.2081419676542282
0.00019956426694989204,0.0007867715321481228,-0.09246202558279037
-0.01630564220249653,-0.010374270379543304,0.10196657478809357
-0.040367063134908676,0.0019263105932623148,0.36169877648353577
-0.06633474677801132,0.0013534645549952984,0.20298421382904053
-0.12334561347961426,-0.01475896779447794,0.06317789852619171
-0.33991867303848267,-0.020554272457957268,0.215990349650383
-0.7385464906692505,-0.05563985928893089,0.6971446871757507
-1.0972380638122559,-0.12558139860630035,1.2713032960891724
-1.646938681602478,0.053173478692770004,1.7202036380767822
-2.218571662902832,0.038020625710487366,1.636156678199768
-2.661316394805908,-0.340369313955307,1.4041917324066162
-2.8473775386810303,-1.2504243850708008,1.378583550453186
-3.00711989402771,-2.0324838161468506,1.5469167232513428
-3.0854291915893555,-2.750866651535034,1.8456064462661743
-2.937288284301758,-2.576467752456665,1.9810023307800293
-2.8338327407836914,-1.8450835943222046,1.82555091381073
-2.8232526779174805,-1.6200902462005615,1.7727577686309814
-2.8811168670654297,-2.080716848373413,1.6141862869262695
-2.6189868450164795,-2.725839614868164,1.469875693321228
-2.3342626094818115,-3.1685287952423096,1.364666223526001
-2.0803956985473633,-3.2676661014556885,1.1343204975128174
-1.9110770225524902,-3.121882677078247,0.8895229697227478
-1.8985990285873413,-2.9008867740631104,0.7418431043624878
-2.037731885910034,-2.7672812938690186,0.7395150065422058
-2.1545627117156982,-2.71838641166687,0.8655176758766174
-2.1868972778320312,-2.7068207263946533,1.030931830406189
-2.1803200244903564,-2.7240171432495117,1.1029877662658691
-2.0040903091430664,-2.5769455432891846,1.097678780555725
-1.8287047147750854,-2.1683032512664795,0.98285311460495
-1.610905647277832,-1.6178884506225586,0.9214280843734741
-1.4067449569702148,-1.1133317947387695,0.9362523555755615
-1.3387813568115234,-0.853576123714447,0.9757150411605835
-1.3912991285324097,-0.8321932554244995,1.044621467590332
-1.5148922204971313,-0.8881646394729614,1.0651893615722656
-1.6200662851333618,-0.9378923773765564,1.0195250511169434
-1.6435532569885254,-0.9303614497184753,0.9415863752365112
-1.5610942840576172,-0.8624364733695984,0.8205902576446533
-1.3639134168624878,-0.7292539477348328,0.741860568523407
-1.102913737297058,-0.5506479144096375,0.7184236645698547
-0.8817640542984009,-0.3749099373817444,0.7263188362121582
-0.7568110227584839,-0.2169312983751297,0.755208432674408
-0.7297970056533813,-0.08018995076417923,0.7859588861465454
-0.7758801579475403,0.023678554221987724,0.782184362411499
-0.8209033012390137,0.08294400572776794,0.771122932434082
-0.836153507232666,0.10440568625926971,0.7627381682395935
-0.7866951823234558,0.1091863289475441,0.7498860359191895
-0.6532989740371704,0.12720882892608643,0.7545328736305237
-0.4513564705848694,0.2134728729724884,0.7530226111412048
-0.21664150059223175,0.34318020939826965,0.7225316166877747
-0.060761094093322754,0.44278058409690857,0.6738306879997253
-0.032150331884622574,0.4653875231742859,0.634978175163269
-0.11618957668542862,0.436430960893631,0.5997389554977417
-0.27453213930130005,0.40009555220603943,0.5445904731750488
-0.4140026867389679,0.30298203229904175,0.4689691960811615
-0.11331064254045486,0.37849339842796326,0.09766769409179688
0.0752217173576355,-0.04861130937933922,-0.2822631299495697
-0.05266368389129639,-0.016120340675115585,-0.27992168068885803
-0.2296363264322281,0.04722374305129051,-0.10521671175956726
-0.20528633892536163,-0.0187178123742342,-0.00287872226908803
-0.24765509366989136,0.0600971095263958,0.09341425448656082
-0.30358919501304626,-0.11341047286987305,0.20404154062271118
-0.4174715578556061,-0.2416723221540451,0.2880570888519287
-0.5164652466773987,-0.2718283534049988,0.3170067071914673
-0.547745943069458,-0.24019987881183624,0.34305667877197266
-0.5265048146247864,-0.23741523921489716,0.3690144121646881
-0.4526316225528717,-0.23537206649780273,0.4238278567790985
-0.368643581867218,-0.20711064338684082,0.46035367250442505
-0.2760888934135437,-0.2913155257701874,0.3186407685279846
-0.09802711009979248,-0.26440492272377014,0.17494256794452667
0.11845992505550385,-0.2008509784936905,0.09986592084169388
0.2855747938156128,-0.07560338079929352,0.053586311638355255
0.3655412793159485,0.034882914274930954,0.04423488676548004
0.4039174020290375,0.034098830074071884,-0.005374636966735125
0.4522729516029358,-0.16251330077648163,-0.11711208522319794
0.34271711111068726,-0.23820997774600983,-0.07765975594520569
0.059053946286439896,-0.0411941297352314,0.2760639786720276
-0.0033459672704339027,0.1151801198720932,0.5193941593170166
0.14300405979156494,0.16843269765377045,0.478044331073761
0.29654496908187866,0.34190309047698975,0.3803321421146393
0.34561848640441895,0.46319034695625305,0.2508087754249573
0.3161953389644623,0.3912130892276764,0.06915120780467987
0.22231756150722504,0.19953127205371857,-0.11960938572883606
0.09506645798683167,-0.016910165548324585,-0.30709391832351685
-0.047020114958286285,-0.24631938338279724,-0.4501267075538635
-0.205152690410614,-0.47190213203430176,-0.5458263158798218
-0.3528268337249756,-0.6763128042221069,-0.6060593128204346
-0.48066216707229614,-0.8489397764205933,-0.6232902407646179
-0.5674063563346863,-0.9964314699172974,-0.6144692897796631
-0.614957869052887,-1.1075944900512695,-0.5773152112960815
-0.6178205013275146,-1.1508915424346924,-0.5301085710525513
-0.5811907052993774,-1.1366666555404663,-0.48064300417900085
-0.5046098828315735,-1.0897895097732544,-0.4443718194961548
-0.40164250135421753,-1.010177731513977,-0.4166053235530853
-0.3028421401977539,-0.9058516025543213,-0.40586957335472107
-0.2131056785583496,-0.8135148286819458,-0.4119114279747009
-0.12706294655799866,-0.7266273498535156,-0.41654348373413086
-0.05887996777892113,-0.6483152508735657,-0.4171903133392334
-0.009106552228331566,-0.5790044069290161,-0.41434767842292786
0.03698648884892464,-0.497600257396698,-0.3911406993865967
0.07132662832736969,-0.39623501896858215,-0.3684931695461273
0.11078645288944244,-0.3063112199306488,-0.35463041067123413
0.13829344511032104,-0.21410617232322693,-0.352319598197937
0.14389511942863464,-0.14936769008636475,-0.3581286072731018
0.12793773412704468,-0.12232621014118195,-0.36638838052749634
0.09536991268396378,-0.12311185151338577,-0.3707662522792816
0.06540082395076752,-0.14314761757850647,-0.3760795295238495
0.04121588170528412,-0.17756202816963196,-0.38349980115890503
0.019890354946255684,-0.2234157919883728,-0.3975476920604706
0.003249731380492449,-0.2862367331981659,-0.41441237926483154
-0.021169058978557587,-0.3492386043071747,-0.41367971897125244
-0.0481744147837162,-0.415427029132843,-0.4086954593658447
-0.06920619308948517,-0.5068789124488831,-0.4022924304008484
-0.10898737609386444,-0.6185550689697266,-0.3941939175128937
-0.1419099122285843,-0.731798529624939,-0.409036248922348
-0.1605266034603119,-0.8335577249526978,-0.44979047775268555
-0.16307951509952545,-0.9378934502601624,-0.5106048583984375
-0.16296277940273285,-1.0577257871627808,-0.5821736454963684
-0.1580982357263565,-1.2137657403945923,-0.6722497344017029
-0.14128969609737396,-1.4090816974639893,-0.7667826414108276
-0.1198379322886467,-1.6080917119979858,-0.8838034868240356
-0.08198750019073486,-1.8593822717666626,-1.0113672018051147
-0.005291127134114504,-2.085428476333618,-1.1461786031723022
0.07797662913799286,-2.233410596847534,-1.2638553380966187
0.13801971077919006,-2.3164756298065186,-1.3268932104110718
0.15720342099666595,-2.3165690898895264,-1.3605486154556274
0.12395919114351273,-2.248753070831299,-1.4030505418777466
0.07309884577989578,-2.07991623878479,-1.4632863998413086
0.022931547835469246,-1.8317420482635498,-1.5252362489700317
-0.01922033354640007,-1.5446751117706299,-1.5691055059432983
-0.04386815428733826,-1.2829228639602661,-1.569794774055481
-0.05239596217870712,-1.013177514076233,-1.509643793106079
-0.04760466888546944,-0.72163987159729,-1.4050582647323608
0.0029789775144308805,-0.4453498125076294,-1.2976311445236206
0.13468986749649048,-0.2269597053527832,-1.18693208694458
0.29418113827705383,-0.08268839120864868,-1.0947595834732056
0.44537198543548584,0.01607387512922287,-1.1297868490219116
0.5783978700637817,0.024712253361940384,-1.2669944763183594
0.7174625396728516,-0.06844032555818558,-1.3605278730392456
0.7940097451210022,-0.23774199187755585,-1.37615168094635
0.7886709570884705,-0.435977041721344,-1.3191510438919067
0.7136722803115845,-0.663254976272583,-1.1828587055206299
0.5779647827148438,-0.8892766833305359,-1.0032336711883545
0.40919792652130127,-1.074799656867981,-0.8135444521903992
0.25456225872039795,-1.2011245489120483,-0.6223422288894653
0.1415688395500183,-1.2716953754425049,-0.43180668354034424
0.07175512611865997,-1.2558951377868652,-0.26837143301963806
0.0453408882021904,-1.1669836044311523,-0.1531888097524643
0.07642956078052521,-0.9991559982299805,-0.06915462762117386
0.1459207683801651,-0.7526220679283142,0.007631975691765547
0.24394454061985016,-0.4696337878704071,0.05388842150568962
0.34451985359191895,-0.21481403708457947,0.08047544956207275
0.4342361390590668,0.018783006817102432,0.09129373729228973
0.4987722635269165,0.24421559274196625,0.11204855144023895
0.5494261384010315,0.448154091835022,0.1569361388683319
0.5879090428352356,0.6364858746528625,0.23968183994293213
0.5750231146812439,0.7587829828262329,0.32615944743156433
0.5215529203414917,0.8632208108901978,0.406840443611145
0.4672801196575165,1.0098848342895508,0.47271960973739624
0.48243075609207153,1.2092825174331665,0.5267534852027893
0.5545902252197266,1.4058743715286255,0.593648374080658
0.6388867497444153,1.5556259155273438,0.6945565342903137
0.6812379360198975,1.6726065874099731,0.7974435091018677
0.668853223323822,1.7124059200286865,0.8637794256210327
0.6289737224578857,1.7441867589950562,0.9083871245384216
0.5790418982505798,1.7711766958236694,0.9052945375442505
0.552497148513794,1.8467521667480469,0.8559496402740479
0.5397846102714539,1.8893214464187622,0.8255566358566284
0.5259194374084473,1.9443727731704712,0.8353328704833984
0.5037587881088257,1.9945696592330933,0.8713092803955078
0.37072163820266724,2.0844273567199707,0.9736931324005127
0.198229119181633,2.1198134422302246,1.055474877357483
0.12187149375677109,2.0427582263946533,1.0182325839996338
0.11142076551914215,1.9169656038284302,0.9206862449645996
0.12072212249040604,1.8265728950500488,0.830842912197113
0.13313676416873932,1.73732328414917,0.7670655846595764
0.13021980226039886,1.6643462181091309,0.734907865524292
0.12113587558269501,1.6257838010787964,0.7340039014816284
0.10906616598367691,1.5474886894226074,0.7103635668754578
0.10015033930540085,1.4471018314361572,0.6616708040237427
0.10002250969409943,1.3140321969985962,0.5973058938980103
0.11514893174171448,1.144325852394104,0.5405803918838501
0.12002278119325638,0.9483161568641663,0.4911606013774872
0.1118890792131424,0.7652005553245544,0.46116119623184204
0.0723712295293808,0.5835785269737244,0.461159884929657
-0.008315451443195343,0.41276463866233826,0.4622783362865448
-0.10687504708766937,0.285057008266449,0.4611068367958069
-0.2016259878873825,0.16183608770370483,0.4590263366699219
-0.2698284685611725,0.01746932603418827,0.46359339356422424
-0.3077719509601593,-0.13331016898155212,0.48873305320739746
-0.31369107961654663,-0.25326427817344666,0.5181604623794556
-0.29189151525497437,-0.31641873717308044,0.5468909740447998
-0.24867509305477142,-0.32861655950546265,0.5527712106704712
-0.19092492759227753,-0.32122066617012024,0.5481494665145874
-0.14016933739185333,-0.2907916307449341,0.5388954877853394
-0.11662065982818604,-0.24708202481269836,0.5213236808776855
-0.10755205899477005,-0.17671997845172882,0.5050472021102905
-0.09368931502103806,-0.10036028176546097,0.4954041838645935
-0.08297035843133926,-0.05059485882520676,0.489546000957489
-0.083567313849926,-0.04966104030609131,0.475586861371994
-0.09867169708013535,-0.09718514233827591,0.45667415857315063
-0.13015535473823547,-0.1833253800868988,0.43576058745384216
-0.1591760814189911,-0.2842426896095276,0.4098711907863617
-0.169796422123909,-0.36290332674980164,0.380589097738266
-0.1848912239074707,-0.40864232182502747,0.35071882605552673
-0.19717709720134735,-0.4159643352031708,0.32107099890708923
-0.20879806578159332,-0.4206072688102722,0.2819848656654358
-0.212866872549057,-0.40942123532295227,0.2563213109970093
-0.2045263797044754,-0.35506877303123474,0.23673216998577118
-0.16763609647750854,-0.2556264400482178,0.19837987422943115
-0.08359286189079285,-0.13791099190711975,0.15090636909008026
0.04327399283647537,-0.03340935707092285,0.1050202026963234
0.21651235222816467,-0.020963607355952263,0.07415390014648438
0.2977868318557739,-1.119371771812439,0.14346203207969666
-0.2815585732460022,-0.05646875500679016,0.003331288229674101
-0.7553824782371521,0.060125090181827545,-0.2213084101676941
-0.29588520526885986,-0.42333611845970154,-0.11531141400337219
0.06638995558023453,-0.5395561456680298,-0.009498542174696922
0.1295207142829895,-0.08780603110790253,0.018880102783441544
0.23313207924365997,0.13195723295211792,0.006113654002547264
0.27768969535827637,0.23817181587219238,-0.02809464931488037
0.21736830472946167,0.277389794588089,-0.058074016124010086
0.15438774228096008,0.23854254186153412,-0.08652988821268082
0.10738962888717651,0.18871723115444183,-0.09267369657754898
0.05259322375059128,0.1229640394449234,-0.07797597348690033
-0.018347082659602165,0.04597408324480057,-0.06922301650047302
-0.11180432885885239,-0.03236466273665428,-0.05903589725494385
-0.2303263545036316,-0.08786322921514511,-0.04521733522415161
-0.32641905546188354,-0.09333895891904831,-0.02139429748058319
-0.36728355288505554,-0.10927814245223999,0.003634942229837179
-0.38997504115104675,-0.1339283585548401,0.017283109948039055
-0.41688209772109985,-0.12722845375537872,0.032655730843544006
-0.4340810477733612,-0.11379867047071457,0.05821062624454498
-0.4548598527908325,-0.1478131264448166,0.08269321918487549
-0.5050758719444275,-0.20980378985404968,0.09247367829084396
-0.5543398857116699,-0.25094014406204224,0.06938418000936508
-0.5318766832351685,-0.22657379508018494,0.02142145112156868
-0.4430912137031555,0.05268200486898422,-0.07941669225692749
-0.2672743797302246,0.48591041564941406,-0.15224216878414154
0.023353267461061478,0.8362991809844971,-0.15894129872322083
0.2785102128982544,0.8627869486808777,-0.01580490730702877
0.3730705678462982,0.9723587036132812,0.012216340750455856
0.4334588050842285,1.0697548389434814,0.05237840861082077
0.4913530647754669,0.9928459525108337,0.051387764513492584
0.5044752359390259,0.9249516129493713,-0.004298134241253138
0.5323553085327148,1.0429518222808838,-0.14010117948055267
0.4386163353919983,0.8078643679618835,-0.21300868690013885
0.2579740285873413,0.5250161290168762,-0.24015279114246368
0.03407595679163933,0.2124355435371399,-0.30062010884284973
-0.11950425803661346,0.1203455924987793,-0.2118968665599823
-0.2104341685771942,0.08033532649278641,-0.13518184423446655
-0.2768123745918274,0.023204946890473366,-0.1017765924334526
-0.36150887608528137,-0.024317564442753792,-0.0850444808602333
-0.4650125503540039,-0.09221690893173218,-0.07200176268815994
-0.6032024025917053,-0.16448843479156494,-0.08870617300271988
-0.7472693920135498,-0.23682157695293427,-0.1436086893081665
-0.8489171862602234,-0.32985833287239075,-0.2383815348148346
-0.9071125984191895,-0.3599536418914795,-0.34732604026794434
-0.919394314289093,-0.2640566825866699,-0.4027980864048004
-0.8811604976654053,-0.0613761804997921,-0.42670300602912903
-0.803030788898468,0.14963912963867188,-0.43643927574157715
-0.7140642404556274,0.30809852480888367,-0.4735724627971649
-0.6281741261482239,0.3649618327617645,-0.5295203924179077
-0.5489599108695984,0.33660799264907837,-0.5187482237815857
-0.4881835877895355,0.23455354571342468,-0.4904116690158844
-0.42270171642303467,0.11572923511266708,-0.46343210339546204
-0.35957255959510803,0.008099974133074284,-0.4307311475276947
-0.2935725152492523,0.010178024880588055,-0.3563564121723175
-0.23400744795799255,0.0516788624227047,-0.2769164443016052
-0.17370907962322235,0.11332106590270996,-0.22028331458568573
-0.26327255368232727,0.11741034686565399,-0.13190817832946777
-0.3975357413291931,-0.004862523637712002,-0.18114076554775238
-0.36910223960876465,-0.10848798602819443,-0.16468322277069092
-0.3832043409347534,-0.15166382491588593,-0.09524454921483994
-0.3923235237598419,-0.256099671125412,-0.024305664002895355
0.1521032750606537,-0.12070031464099884,0.045328058302402496
0.6414612531661987,-0.1643276810646057,-0.10918295383453369
0.4057336151599884,0.08433530479669571,-0.12185309827327728
0.19849227368831635,-0.10444127023220062,-0.048693135380744934
-0.027654608711600304,-0.18476328253746033,0.019838199019432068
-0.0940496101975441,-0.15576519072055817,0.08171168714761734
-0.02500486560165882,-0.08170251548290253,0.0018823705613613129
0.15872609615325928,0.04964058846235275,-0.15384678542613983
0.4011078178882599,0.23320508003234863,-0.28223559260368347
0.6048662662506104,0.4470018148422241,-0.3588837683200836
0.7527068853378296,0.6031754016876221,-0.34618330001831055
0.77367103099823,0.6565930843353271,-0.3413621783256531
0.78728187084198,0.5757629871368408,-0.41518816351890564
0.853401780128479,0.5373975038528442,-0.549251139163971
0.9674270749092102,0.4996532201766968,-0.6909961104393005
1.112959623336792,0.1630781590938568,-0.832253634929657
1.2558432817459106,-0.5266472101211548,-0.9950931072235107
1.286609411239624,-0.7553714513778687,-1.178236961364746
1.2814029455184937,0.3916594684123993,-1.1225125789642334
1.1925082206726074,1.4891140460968018,-1.0684839487075806
1.1315937042236328,1.8581502437591553,-0.927177369594574
1.0328176021575928,1.651816725730896,-0.8239423632621765
0.9442964196205139,1.207169532775879,-0.8575636148452759
0.9228984713554382,0.8505054712295532,-1.0254464149475098
1.0103137493133545,0.7351186275482178,-1.255859375
1.1647323369979858,0.8544955849647522,-1.5045599937438965
1.309166669845581,1.0460662841796875,-1.7327139377593994
1.3452061414718628,1.2232027053833008,-1.8980046510696411
1.2637730836868286,1.3867274522781372,-1.9571256637573242
1.147194504737854,1.5892291069030762,-1.9064009189605713
0.976462185382843,1.806626796722412,-1.6750543117523193
0.7692443132400513,1.9518373012542725,-1.3205511569976807
0.6009887456893921,2.0493698120117188,-0.9997391700744629
0.5341777801513672,2.1375458240509033,-0.870919406414032
0.5627464652061462,2.206138849258423,-0.9036359786987305
0.6454706192016602,2.246140956878662,-0.9989915490150452
0.7682641744613647,2.2603607177734375,-1.0448126792907715
0.9183381795883179,2.2593016624450684,-1.0358662605285645
1.0867629051208496,2.2255337238311768,-0.9872411489486694
1.1992830038070679,2.1188130378723145,-0.9565032124519348
1.1948373317718506,1.9982150793075562,-0.8769109845161438
1.0758765935897827,1.9583531618118286,-0.7873981595039368
0.8965820074081421,1.9859532117843628,-0.7175571918487549
0.7791496515274048,2.0336782932281494,-0.6571939587593079
0.777061402797699,2.0436811447143555,-0.6269044280052185
0.8601632118225098,1.9727450609207153,-0.5506842136383057
0.9678663611412048,1.8054009675979614,-0.4567611515522003
1.0747002363204956,1.5638264417648315,-0.4680100679397583
1.1778227090835571,1.3036037683486938,-0.6254476308822632
1.2015882730484009,1.0612670183181763,-0.8037098050117493
1.146979570388794,0.9014060497283936,-0.8467429876327515
1.0240960121154785,0.8292959332466125,-0.7595833539962769
0.8602558970451355,0.8290930986404419,-0.6218896508216858
0.7093138098716736,0.8593514561653137,-0.4583313763141632
0.5903544425964355,0.8654898405075073,-0.3143334686756134
0.511716902256012,0.8411147594451904,-0.21826128661632538
0.5062645673751831,0.8002503514289856,-0.1639411598443985
0.5460713505744934,0.727300226688385,-0.11901310086250305
0.5664545297622681,0.6072299480438232,-0.10241100937128067
0.5793405175209045,0.43825533986091614,-0.12475360184907913
0.5943998098373413,0.22384163737297058,-0.2064228504896164
0.6082066297531128,0.04068859666585922,-0.3194471299648285
0.6271840929985046,-0.03171393275260925,-0.4066504240036011
0.6365983486175537,0.008002852089703083,-0.4384014308452606
0.5940005779266357,0.11500975489616394,-0.4056819975376129
0.5308998823165894,0.23384185135364532,-0.2789064943790436
0.4689875543117523,0.28634342551231384,-0.11196254193782806
0.4392653703689575,0.24902082979679108,0.016439899802207947
0.45053791999816895,0.16730858385562897,0.06867828220129013
0.4977826774120331,0.09097546339035034,0.04610107094049454
0.5652210712432861,0.05852218717336655,-0.015009954571723938
0.6484683156013489,0.07594618201255798,-0.042496971786022186
0.7248704433441162,0.10999336838722229,-0.06983623653650284
0.7530431747436523,0.14356544613838196,-0.08657366782426834
0.760898768901825,0.17764699459075928,-0.08203442394733429
1.229388952255249,0.3325721323490143,-0.24943459033966064
1.3258036375045776,0.3194102942943573,-0.6526764035224915
1.150999665260315,0.1896887868642807,-0.33930087089538574
1.0842103958129883,0.1306525021791458,-0.0026486252900213003
0.8858898282051086,0.16388022899627686,0.08677738904953003
0.4822726845741272,0.8467392921447754,0.2208513617515564
0.240022212266922,1.4556708335876465,0.1595131754875183
0.15086327493190765,1.4939582347869873,0.11102163791656494
0.1250593662261963,1.142035961151123,0.24882158637046814
0.13861338794231415,0.6996439695358276,0.38473838567733765
0.15609997510910034,0.4213015139102936,0.3825761675834656
0.19266174733638763,0.2519945502281189,0.3486563563346863
0.439522385597229,-0.5016422271728516,0.3530851900577545
0.8681007623672485,-0.9859914183616638,0.21418914198875427
0.20286336541175842,2.159071207046509,0.1841028779745102
0.3288751542568207,2.661324977874756,0.011375848203897476
-0.904909610748291,2.169654130935669,0.08849646151065826
-0.03728904575109482,-0.5875029563903809,0.023105259984731674
-0.11461206525564194,-2.0210981369018555,0.01320922002196312
0.0036689480766654015,0.6767885088920593,0.1807532012462616
-0.34018510580062866,0.6466050148010254,0.06103666126728058
-0.12689664959907532,-0.9684782028198242,-0.06482011824846268
-0.12070906907320023,0.657206654548645,0.0115156639367342
-0.0725105032324791,-0.31837037205696106,-0.004761843476444483
-0.10340370982885361,0.12634742259979248,-0.001228361390531063
-0.12595894932746887,0.02153860777616501,0.007906493730843067
-0.15740688145160675,-0.1358155906200409,0.011005880311131477
-0.24940496683120728,0.14846540987491608,0.018590936437249184
-0.5030145645141602,-0.2330249547958374,0.024245092645287514
-0.3203290104866028,-0.11415082961320877,0.072305828332901
-0.013789311982691288,0.018576059490442276,0.03465565666556358
-0.01322233211249113,-0.004126331768929958,-0.002723619807511568
-0.012360532768070698,-0.011270261369645596,-0.014530478045344353
-0.005018184892833233,-0.01439386885613203,-0.03710593655705452
-0.0050698500126600266,-0.012068396434187889,-0.04282693937420845
-0.0025296497624367476,-0.003298258176073432,-0.05108204483985901
-0.00032162293791770935,0.004507200792431831,-0.0675497055053711
-0.003161993343383074,0.004796834662556648,-0.0925779864192009
-0.0024352166801691055,0.003280963283032179,-0.0619385801255703
0.0008826716803014278,-5.584573227679357e-05,0.018716903403401375
0.0008240821771323681,0.002257642336189747,0.0871092826128006
-0.0009303475962951779,0.0021258776541799307,0.054895199835300446
-0.002528776880353689,-0.00017935459618456662,0.023498395457863808
-0.0005605861078947783,-2.3452099412679672e-05,0.0028553293086588383
-0.00046577758621424437,0.0010183765552937984,-0.0010648434981703758
0.0006861172150820494,0.002307429676875472,-0.0008540279231965542
0.0002528208715375513,-0.00015199962945189327,-0.0012745410203933716
-0.0026135523803532124,0.0013691841159015894,-0.0002640313468873501
0.0002530740457586944,-5.1079641707474366e-05,-0.0011873492039740086
-0.0006329856114462018,0.0008849937585182488,0.00012899795547127724
-0.0001094082253985107,0.0009587633539922535,-0.002378634409978986
-0.0005096748354844749,-0.0010018488392233849,-0.00114431232213974
-0.001263083191588521,-0.0006178210605867207,0.00010151462629437447
0.000920556194614619,-0.0003756227088160813,-0.0019268570467829704
0.0005064346478320658,0.00040095506119541824,-0.0007864916697144508
0.000864198780618608,0.0005581753212027252,0.00029528606683015823
-0.0012588732643052936,-0.0010453140130266547,0.0003221840597689152
-0.00325203244574368,0.0010148516157642007,-0.00013731792569160461
0.0023765582591295242,-0.0007036862662062049,0.0001071603037416935
9.320108802057803e-05,-0.0015995317371562123,0.0024413680657744408
-0.00023223721655085683,-0.00020589953055605292,0.0009550577960908413
-0.0009956423891708255,0.0014600394060835242,-0.00032587023451924324
0.001403599395416677,0.000985730323009193,-0.0007668896578252316
0.00032852860749699175,0.0011583511950448155,0.0005366206169128418
0.0019895420409739017,0.0003665934200398624,-2.157827839255333e-05
-0.0011418963549658656,-0.001556837814860046,0.001440445426851511
5.1199865993112326e-05,-0.0027723044622689486,0.0015717390924692154
0.0013109913561493158,0.00019668639288283885,-0.0012011970393359661
-0.0013657518429681659,-0.00014206771447788924,0.0017924620769917965
0.0009810926858335733,-0.0006232238374650478,-0.00013758381828665733
-0.0007933715241961181,-0.000451183645054698,0.0010959925130009651
0.00132069643586874,-0.0001754908007569611,-0.002204888965934515
0.000778743124101311,0.0022517142351716757,-6.690341979265213e-05
-0.0003319625393487513,-0.0020273495465517044,0.0006582736968994141
0.003030278254300356,-0.00153786048758775,0.00010593421757221222
0.0009233786258846521,-0.0007166173891164362,0.0015816460363566875
-0.000256668048677966,-0.0016391363460570574,0.0007137218490242958
-0.0009166820673272014,-0.0015833004144951701,-0.0008595134131610394
-0.00033131922828033566,-0.002779059810563922,-0.00020490866154432297
-0.0005723040085285902,-0.0012394514633342624,0.0012955162674188614
-0.0016029472462832928,0.00022715135128237307,-0.0020214510150253773
0.0016375808045268059,0.0012703045504167676,0.0007847752422094345
-5.778757622465491e-05,-0.0006700745434500277,-6.024586036801338e-05
-0.0008926567388698459,0.00136008788831532,0.0018516378477215767
-0.0008678893791511655,-0.0006071891984902322,-0.00020059430971741676
-0.0005444149719551206,0.0020963402930647135,-0.0003707166761159897
0.000888365670107305,-0.0012126374058425426,-0.0011563492007553577
0.0005490314797498286,-0.0016105442773550749,0.00016143452376127243
0.0019977912306785583,0.00018149690004065633,0.00020537665113806725
0.00013705421588383615,-0.0017159916460514069,0.000374380499124527
0.0007208191091194749,0.0002909665054176003,-0.000739087350666523
0.0005755311576649547,-0.00045859868987463415,-0.0010228720493614674
0.0012772741029039025,-0.0008540781564079225,-0.0013357936404645443
0.000105990533484146,-0.0016101774526759982,0.0014303787611424923
-0.0008450242457911372,0.0013139734510332346,0.0006580622866749763
-0.0020309234969317913,0.001719729509204626,0.00040953466668725014
-0.0013150660088285804,0.002418010262772441,0.0011104787699878216
0.0018721793312579393,-0.0005668880767188966,-0.0007729614153504372
-0.0014114982914179564,0.0005513732903636992,0.0017125662416219711
-0.0001747862552292645,-0.0005222088657319546,0.001298392191529274
0.0009245665860362351,-0.0008314018486998975,-0.000852643046528101
0.001628983416594565,-0.0003600079216994345,-0.0011150711216032505
0.0007544012041762471,-0.00029049941804260015,0.0005368879064917564
0.0004243683652020991,-0.000512352678924799,-0.0022372205276042223
0.0007231750641949475,-0.0019081153441220522,0.0018262304365634918
0.00038233507075347006,-0.002153780311346054,-0.0019170446321368217
0.0015487995697185397,-0.0006893081008456647,0.00024650758132338524
-0.0014863749966025352,0.0005887330044060946,-0.0012282142415642738
0.001251620939001441,0.0011836832854896784,0.001189136877655983
0.0013815202983096242,0.001341349445283413,0.001487987581640482
0.000699484720826149,-0.0005281896446831524,-0.00039380183443427086
-0.0010969617869704962,-0.00012213799345772713,-0.0004018675535917282
0.0005909497267566621,-0.0011221549939364195,-0.0013137338683009148
0.0007391763501800597,-0.0011389667633920908,-0.00229047448374331
-0.0008829550351947546,-0.00205935537815094,0.00034019583836197853
-0.0016666221199557185,-0.0016185033600777388,-9.195506572723389e-05
-0.00018057829583995044,-0.0005697504966519773,-0.0008179326541721821
-0.0004258563567418605,-0.0011393025051802397,0.0012706182897090912
2.554943785071373e-05,2.1303123503457755e-05,-0.0008569806814193726
-0.00224664225243032,-0.000724232115317136,0.0003219014033675194
0.0003709788143169135,0.00035967445001006126,-0.0009622750803828239
-0.00038497947389259934,0.0014400609070435166,-0.0015181563794612885
-0.0007021619821898639,-0.00025876954896375537,0.0025181309320032597
-0.0015390401240438223,0.0006800481933169067,-0.0002192361280322075
0.0006823025178164244,-0.0005884154234081507,-0.0007902178913354874
-0.000224179559154436,-0.00048437726218253374,7.208576425909996e-05
-0.0011845154222100973,0.0009039285941980779,0.0012332242913544178
-0.001143889152444899,-0.00028809186187572777,-0.0034233389887958765
-0.002961496589705348,0.0004352227260824293,8.510937914252281e-05
0.0017256811261177063,0.003276069415733218,0.0012290412560105324
-0.004092526622116566,0.0008669738890603185,0.002668479923158884
0.0005411142483353615,0.0010667782044038177,-0.000303423497825861
0.00016587488062214106,0.000261171895544976,-0.0012198174372315407
-0.000982981757260859,-0.0016983438981696963,-2.869870513677597e-06
-0.0011390430154278874,-0.0009300219244323671,0.001228309702128172
-0.00046512053813785315,0.0010079940548166633,-2.123601734638214e-05
-0.002451838692650199,0.00045938295079395175,0.0027274121530354023
-0.00022119778441265225,-0.00023969796893652529,0.0014080707915127277
-0.0002574167447164655,-0.001446109963580966,-0.0010556196793913841
-0.000816037820186466,0.00042309099808335304,-0.0005365586839616299
0.00031181087251752615,-0.0013961143558844924,0.0002227085642516613
0.0019837224390357733,0.0023438530042767525,0.0009184600785374641
-0.0009990180842578411,-0.001357674365863204,0.0016364483162760735
0.0008749121334403753,-0.0006915717385709286,-0.0005003097467124462
-0.001711017219349742,0.0009902145247906446,0.0026712482795119286
0.0007236736710183322,0.0003278182412032038,-0.0006091976538300514
0.00033245529630221426,0.002578988205641508,0.00012237299233675003
0.0019803615286946297,0.0006920438027009368,0.001678462140262127
0.0011774185113608837,0.0018329420126974583,-0.001848628744482994
0.0008607000345364213,0.0001687455951469019,-0.0006474540568888187
0.0006175534217618406,-0.001421694178134203,-0.0009356080554425716
0.00010647220187820494,0.0001806861546356231,0.0011590132489800453
6.732373731210828e-05,0.0008731080451980233,-0.001199216116219759
-0.0008844456169754267,6.0405247495509684e-05,-0.001072349026799202
-0.0004961566883139312,-0.0009758307714946568,-0.0019799545407295227
0.0008031150791794062,-0.0006533433916047215,0.0005067405290901661
0.0021695829927921295,0.00023215766123030335,-0.000836558174341917
0.0008830621372908354,-0.0005622106255032122,-0.0001268303021788597
-0.0008519872208125889,0.0015171854756772518,-0.001118857879191637
-0.0005267505766823888,0.0007937907357700169,-0.0019624726846814156
-0.000694263493642211,0.0024055358953773975,-0.0029624898452311754
-0.0006999731413088739,-0.002372095361351967,-0.0023925798013806343
-0.0004696097457781434,0.0007286229520104825,5.859369412064552e-05
-0.00013933543232269585,0.0011632520472630858,0.00369612080976367
-0.0002602429885882884,-0.002665041945874691,0.0012380233965814114
0.0002516286331228912,-0.0007547528948634863,7.309671491384506e-05
-0.000870627467520535,-0.0004530167207121849,-0.0002779075875878334
-0.0008009520824998617,-0.00013596637290902436,-1.851515844464302e-05
0.0018305173143744469,0.00011410445586079732,0.0012688571587204933
-0.0012514232657849789,0.00042064450099132955,0.0007223854772746563
-0.0006045413902029395,0.0005972121143713593,-0.0013149329461157322
0.0007923945086076856,0.0003272343019489199,0.0005253897979855537
0.001620371243916452,-0.001253884402103722,0.00037492113187909126
0.0019520723726600409,0.0005192074459046125,-0.0018304730765521526
0.002910544164478779,0.0002994966635014862,-0.002611311851069331
-0.0005562978330999613,-0.0010122337844222784,-0.0004158872179687023
0.0007494500605389476,-0.0008393946336582303,0.0010296767577528954
-0.003285560291260481,-0.0012867290060967207,0.0016524996608495712
-0.0010658156825229526,0.0024291796144098043,0.0008903029374778271
-0.0016318955458700657,0.0010948666604235768,0.0011754091829061508
0.001005699043162167,0.0008325452217832208,0.00038045551627874374
-0.0013310505310073495,0.0012103308690711856,0.0008137207478284836
-0.0019419797463342547,-0.001058149733580649,0.0007498050108551979
-0.001963021233677864,0.0022364910691976547,0.001604967750608921
0.0009278402430936694,-0.0027707843109965324,0.0004211924970149994
-0.0008079071994870901,0.00024007190950214863,0.00020967703312635422
-0.0013794215628877282,-0.0004760520823765546,0.000570002943277359
-0.0007356274873018265,0.0023980604019016027,-0.0004903660155832767
-0.0009779751999303699,-0.0016163884429261088,0.0005301572382450104
9.950416279025376e-05,0.0019167634891346097,-0.0006643845699727535
0.00016741474973969162,-0.0013200424145907164,-0.0009240428917109966
-0.0001901579089462757,0.0011348921107128263,-0.0004991879686713219
0.000585354573559016,-0.0020481180399656296,0.0005668755620718002
0.0010848799720406532,-0.0021227269899100065,-0.001677216961979866
0.0013424076605588198,-0.00041484175017103553,-0.0013919924385845661
-0.0005913061904720962,0.001265182625502348,-0.00205354206264019
0.0007922060322016478,0.00025131722213700414,-0.002543829847127199
-0.0010535373585298657,0.001307458383962512,0.0014675864949822426
0.00014009143342263997,0.0002379328798269853,0.001782105304300785
-0.0003265312407165766,-0.00039294263115152717,-0.00014539575204253197
-0.00036940816789865494,0.0004635299846995622,-7.615331560373306e-05
0.0005208721267990768,-0.0004538741195574403,0.000654418021440506
-0.0009055169648490846,0.0010859656613320112,0.0011457712389528751
-0.00048160579171963036,0.0005445479182526469,0.0019574365578591824
-0.0015705723781138659,-0.003661382244899869,0.00031186966225504875
0.0030731670558452606,0.0020348860416561365,0.00042465515434741974
0.0016715454403311014,-0.0008093700162135065,0.0006062830798327923
0.00016527055413462222,-0.0024361417163163424,-0.0008379458449780941
0.0005016278009861708,0.00041370693361386657,-0.002195625100284815
-0.0014941144036129117,-0.000823040260002017,-0.00037362193688750267
0.000700596603564918,0.001212147413752973,-0.0008463328704237938
-0.0014568003825843334,0.0007560057565569878,-0.0006460654549300671
0.0004939650534652174,-0.0010432257549837232,-0.00016216887161135674
-0.001037627924233675,-0.0006298003136180341,-0.0005019409582018852
0.0005695898435078561,-0.0007211467018350959,-0.0008766478858888149
0.0017646565102040768,-0.0025466277729719877,-0.0009787166491150856
-0.0018085066694766283,0.0005000286037102342,-0.0005576708354055882
0.0004879111365880817,0.0008319269400089979,4.843715578317642e-05
-0.000402117264457047,0.001018880750052631,0.000912100076675415
0.0019495264859870076,0.001587182399816811,0.0004929355345666409
0.0005228710360825062,0.0017544289585202932,-0.00021067168563604355
0.0003543345083016902,-0.001377484411932528,-0.001543446909636259
0.0008949561743065715,-0.0008826690609566867,-0.000773260835558176
-0.0012564933858811855,-0.000410727399867028,5.9649813920259476e-05
0.001991231692954898,0.000930973154027015,0.00017922557890415192
0.00031121112988330424,-0.0013598887016996741,0.0003582490608096123
-0.0022664626594632864,-0.0025841440074145794,0.0002884743735194206
0.000307129870634526,0.0003060340241063386,0.0001250719651579857
0.00019820658781100065,-0.001214897260069847,0.0001812647096812725
-0.0026703665498644114,0.0026310780085623264,-0.0011565960012376308
-0.0005025533027946949,0.00028882769402116537,-0.0015174546279013157
-0.0010154081974178553,0.0002326522080693394,0.000430320855230093
0.0005441388348117471,0.0007383865304291248,0.0007392475381493568
-8.69894283823669e-05,0.002340332604944706,-0.00016129016876220703
-0.00046995197772048414,-0.0005068529862910509,-0.0011586439795792103
0.00012673813034780324,-0.00042736163595691323,-0.0008659912273287773
-0.0009507768554612994,-0.0005482691340148449,0.0013047512620687485
-0.0005419185617938638,-0.001390756806358695,4.5754946768283844e-05
-0.001720100874081254,-0.00036464084405452013,-0.0010615875944495201
-0.0012009302154183388,-0.0019880812615156174,0.0018162433989346027
-0.0033397148363292217,-0.0013814131962135434,-0.00024983659386634827
0.00048708461690694094,0.00017099424439948052,-0.0004392662085592747
0.0011467495933175087,-0.00022555045143235475,0.0011658207513391972
-0.00015645023086108267,0.0018164742505177855,0.00035025039687752724
0.0005080084083601832,0.0013613399351015687,-0.00015495112165808678
-0.00016545632388442755,-0.001483560772612691,0.0006606490351259708
-0.0009257887722924352,-0.0004382701008580625,0.0017176582477986813
-0.0007964374381117523,0.00034266506554558873,-0.0016301474533975124
0.0006208969280123711,-0.0004022211069241166,-0.001959580462425947
0.0007980079390108585,-6.582806963706389e-05,0.0006319028325378895
-0.0010523563250899315,0.00035761453909799457,0.0018090195953845978
0.0019297112012282014,0.00020980738918296993,0.0004944959655404091
-0.001073269173502922,0.0010891832644119859,-0.0008464055135846138
6.980312173254788e-05,-7.421775080729276e-05,-3.613485023379326e-05
8.550414349883795e-06,-0.0014774373266845942,0.0007939725182950497
0.0005310594569891691,0.0005286945961415768,0.0009631095454096794
0.0001688695338089019,-0.0008385723340325058,0.0003894646652042866
-0.000488407677039504,0.0010747907217592,0.003299027681350708
0.001635995926335454,-0.0004496027249842882,-0.0003545628860592842
0.0011899465462192893,-8.05475065135397e-06,0.0012282030656933784
0.0014251036336645484,-0.0010608023731037974,-0.001097535714507103
-0.00039119605207815766,-2.602581662358716e-05,-0.00018050847575068474
0.00027645842055790126,0.0013183378614485264,0.0007465379312634468
-0.0011948441388085485,-0.001162850996479392,0.0006089825183153152
0.0012661830987781286,0.0016859323950484395,0.00012322189286351204
-0.0005412718746811152,0.0005625257035717368,0.001696806401014328
-0.0013247737661004066,0.0009111335966736078,9.091990068554878e-05
0.0008659353479743004,0.0012318069348111749,0.0004613087512552738
-0.001446221023797989,-0.00028752643265761435,-1.726113259792328e-05
0.0006530330283567309,-0.0004710545181296766,-0.0007419069297611713
-0.0021502103190869093,0.0001422714558430016,-0.00042951805517077446
0.0004995177732780576,0.0008786844555288553,0.0005879146046936512
-0.00022699256078340113,9.198670159094036e-05,0.0018188273534178734
-0.0008290786063298583,0.00018177185847889632,-0.0006227260455489159
0.0007906559621915221,0.0012041593436151743,0.0015141945332288742
0.001711694523692131,-0.0001812526024878025,-0.00022661220282316208
-0.0009847560431808233,-0.0005857867654412985,0.0005598193965852261
-0.0033204175997525454,0.0020744730718433857,0.0007816548459231853
0.0011987005127593875,0.00030134047847241163,0.0023939325474202633
0.0007532922318205237,-0.0021262764930725098,0.0009711389429867268
-0.00017215622938238084,-0.002272483892738819,0.0008992338553071022
-0.003310190513730049,-0.0005906480364501476,-0.0011536064557731152
0.00389872002415359,-0.0015065090265125036,-0.0002755620516836643
-0.00121749984100461,-9.31722970562987e-05,-0.0012562088668346405
0.0002997030969709158,0.0008972572977654636,-0.0003286302089691162
-0.0005979136913083494,2.3735403374303132e-05,-0.0011545661836862564
0.0016889427788555622,-0.004073804244399071,0.0017133918590843678
-0.0018104852642863989,-0.0003593521541915834,0.0015839836560189724
1.6176840290427208e-05,-0.0003516289871186018,0.000627642497420311
-0.0011131794890388846,-0.0006316903163678944,-0.0011928277090191841
0.0018389346078038216,-0.0015390291810035706,-0.0002191760577261448
3.0269759008660913e-05,0.0002721987839322537,0.001857382245361805
-0.0019601769745349884,-0.00029478821670636535,0.0008970466442406178
-0.000814203405752778,-0.0003180285857524723,0.0009562605991959572
-0.0005465557333081961,0.0019757519476115704,0.0005493299104273319
-0.0008953672950156033,0.001395799103192985,-0.0005569956265389919
-0.00012704537948593497,-0.00023085973225533962,0.0006275782361626625
0.000768931582570076,0.002448481973260641,-0.0004413444548845291
0.0005843745311722159,-0.0022245668806135654,0.002687869593501091
0.0015265492256730795,-0.000975986011326313,0.0006276480853557587
-0.0031952352728694677,0.000487687299028039,0.0008628051728010178
0.00017524950089864433,-0.001357529778033495,-0.000180704053491354
-0.0005805556429550052,0.0009389140759594738,-0.00012744078412652016
-0.000629356421995908,0.00033761453232727945,-0.00012601632624864578
0.0016572338063269854,-0.00048769908607937396,-0.0010456056334078312
-0.00015053836978040636,0.0005492424825206399,0.00042555294930934906
-0.0006264452822506428,-0.0006859316490590572,0.0019358317367732525
0.00015954728587530553,-0.0013879470061510801,0.0007949206046760082
-0.002244488103315234,0.0009867936605587602,0.0016255606897175312
0.0002938171674031764,-0.0007816818542778492,-0.0009726164862513542
-0.0010076696053147316,0.00023564568255096674,-0.0005555651150643826
-0.0010150386951863766,0.0013743944000452757,0.001032001804560423
-2.034794306382537e-05,-0.000298337108688429,-0.00014777854084968567
-0.0002831921447068453,0.0013541621156036854,0.0001123407855629921
0.0006489141960628331,0.0006960949394851923,0.0007344549521803856
-0.0015478297136723995,-0.0019558973144739866,-0.00022223452106118202
0.00027803360717371106,-3.895389090757817e-05,-0.0008155866526067257
-0.000245781266130507,0.0013295509852468967,-0.0014591063372790813
-0.001575763919390738,0.0014366100076586008,-0.0032548755407333374
-0.004376207012683153,-0.0014160085702314973,0.00045351823791861534
-0.0010254178196191788,0.0004902821383439004,0.0004431316629052162
0.0001349488738924265,-0.00042080439743585885,-0.0007994803600013256
0.0005586578045040369,0.0014527294551953673,0.00045247189700603485
-0.00025939082843251526,0.000295561330858618,-0.0003058603033423424
-0.0011997530236840248,0.0006713334005326033,-0.0026342622004449368
0.000613575626630336,0.0014525679871439934,0.000215812586247921
-0.0024919365532696247,-0.0013496100436896086,0.002613722812384367
-0.0024019961711019278,-7.483718218281865e-05,-0.0018729818984866142
-0.00020888290600851178,0.0013776508858427405,-0.000619964674115181
-0.0027246694080531597,-0.0003013540990650654,-0.0004034671001136303
0.0006024177419021726,0.0014808332780376077,0.0007398282177746296
-0.0022440478205680847,0.001119545311667025,-0.0005466360598802567
0.0012606721138581634,-0.0015649209963157773,-0.0008800639770925045
0.00036899730912409723,0.0013113705208525062,-0.0026962871197611094
-0.0006019912543706596,0.00031667991424910724,1.5609897673130035e-05
-0.0011390394065529108,0.0005997088155709207,-0.00022834865376353264
0.00016058317851275206,0.0010966546833515167,0.0005426364950835705
0.0013644520658999681,0.0007035786984488368,-0.0009526661597192287
0.0006403386360034347,0.00030969714862294495,-0.00016090832650661469
-0.0010080449283123016,-0.00026807698304764926,0.0009005223400890827
-0.0009531838004477322,0.0022677851375192404,0.00011515617370605469
-0.0015803066780790687,-0.003429084550589323,-0.0006911680102348328
-0.001090018660761416,-0.00048709067050367594,0.00029073935002088547
0.0008567775366827846,0.002473624190315604,0.00026880064979195595
-0.0004444430232979357,-0.0003362768911756575,-0.0005381372757256031
-0.002143759047612548,0.0003737472288776189,0.001052443403750658
0.0006810558843426406,0.0010906701209023595,-0.00012760329991579056
-0.00019404609338380396,-0.0005508072790689766,-0.000925710890442133
0.0018190373666584492,0.000572780380025506,-0.0005499389953911304
0.0007210588082671165,-0.0004132392641622573,0.002172017004340887
-0.0003279603843111545,1.925807009683922e-05,-0.000914319884032011
0.0009779661195352674,-0.0015305776614695787,0.00022001983597874641
0.0006890131626278162,0.00041832358692772686,-0.0001618773676455021
0.0018046651966869831,-0.0010068502742797136,-0.001103326678276062
-0.0009341296972706914,-0.0008846111595630646,-0.001639154739677906
0.0001436279562767595,-0.0003765700676012784,-0.001701409462839365
0.0015503097092732787,-0.001242630067281425,0.00010687718167901039
0.000570242409594357,0.0011505252914503217,-0.00045824237167835236
0.00020219356520101428,5.197124119149521e-05,0.00026666978374123573
-0.0008637035498395562,-0.00023664941545575857,-0.0003208387643098831
-0.0003422566514927894,-0.0009511754615232348,-0.0005581267178058624
0.0005240339669398963,0.0004503772943280637,-0.00015538278967142105
-0.00024162483168765903,0.0020400183275341988,-0.0013817683793604374
0.00011621712474152446,-0.0008682847837917507,-0.0006960853934288025
-0.00028219178784638643,0.00022148074640426785,-0.00028755655512213707
0.001032113330438733,-0.0003449982905294746,0.00010978197678923607
-0.0009524741908535361,0.00039988785283640027,0.0010999455116689205
-0.00016801804304122925,-0.00015843927394598722,-0.00013197772204875946
0.0013971216976642609,0.0003209297137800604,0.0014560651034116745
0.0001465120294597,0.0017362760845571756,0.00041705137118697166
-0.0012971876421943307,-0.00033406540751457214,-0.001008006278425455
0.0002486812009010464,0.0024787699803709984,0.001332875806838274
0.001206886488944292,3.9580587326781824e-05,0.001384008675813675
-0.0021415026858448982,-0.0007197732920758426,0.0025202790275216103
-0.0013864965876564384,-0.0008611871744506061,-0.0015706024132668972
-0.00045079021947458386,0.0004588657757267356,0.0007606595754623413
0.0005676025757566094,-0.0007584651466459036,0.000569178257137537
0.00029871321748942137,-0.0007336229900829494,-0.0001451936550438404
0.003124060807749629,1.365999378322158e-05,0.00047825276851654053
0.0005652852123603225,-0.0006689467118121684,0.001583901233971119
0.001019087852910161,0.0010818153386935592,-0.00036473339423537254
-0.0013985626865178347,-0.0004547905991785228,-0.000220391433686018
0.0010155928321182728,-0.00047369900858029723,-0.001778340432792902
-0.001594478846527636,-0.0025757981929928064,-0.0007700244896113873
0.0002590813091956079,0.001228527631610632,-0.00022088084369897842
-0.00048768066335469484,-0.0015688965795561671,-0.00017067557200789452
0.0005701268673874438,-0.0012953899567946792,-0.0017470004968345165
0.0028381524607539177,0.0016843826742842793,-0.002826256677508354
-0.0010505951941013336,0.0015757257351651788,-0.002364198211580515
-0.0003999778418801725,0.0009110526880249381,-0.0007479940541088581
0.0009302711114287376,-0.0009835201781243086,0.0008014333434402943
0.001623458694666624,0.001518620876595378,0.0009212936274707317
0.0022018970921635628,0.001563095604069531,0.0012310193851590157
-0.000627220026217401,-0.0022289284970611334,-0.0017773737199604511
-2.934032818302512e-05,-4.03426201955881e-05,-0.0001347358338534832
0.0005173260578885674,-0.001581190386787057,0.0007746461778879166
-0.0012025433825328946,-0.0008352390141226351,-0.0008376315236091614
0.0005824665422551334,0.0014395546168088913,-0.00036911526694893837
-0.000251635501626879,0.001703740213997662,0.00023089488968253136
-0.0011682790936902165,0.0019087628461420536,0.0008876323699951172
-0.002443400677293539,0.0002224491909146309,-0.001196557655930519
0.0005222123581916094,-0.0008088293834589422,-0.0005684779025614262
0.0019248994067311287,-0.00020668862271122634,0.0004613664932549
-0.0006319439271464944,0.000686866813339293,-0.0007135863415896893
-0.00020503925043158233,0.0007960564107634127,-0.0009058667346835136
0.0002418559161014855,0.001972205238416791,0.00026815198361873627
0.002118052914738655,0.001264336984604597,-0.0015041818842291832
-0.0004925067187286913,-0.0011239447630941868,-0.0016942201182246208
0.000570627162232995,0.0006558457971550524,0.0006333822384476662
-0.0009820429841056466,-0.0002223826159024611,0.002393679693341255
0.00028721962007693946,0.0009366250596940517,0.00016647763550281525
0.0014291218249127269,-0.000679697492159903,0.0004626736044883728
-0.0021624171640723944,-0.002589982934296131,-0.0004923362284898758
0.00014528841711580753,-0.00041227208566851914,-0.003102555638179183
-0.0007868178654462099,-0.0002056108060060069,-0.0014684400521218777
0.0010104089742526412,0.00017175317043438554,-0.0018234960734844208
-0.0008753753500059247,0.0006058483850210905,0.0007238173857331276
0.0006067140493541956,0.0026184734888374805,0.0017014076001942158
0.000834148027934134,0.00041337619768455625,0.0003842078149318695
-0.00038110249442979693,-0.00023988002794794738,-0.00039693480357527733
0.0006087944493629038,0.00025227211881428957,0.0003924262709915638
-0.00015839195111766458,-0.001033256878145039,0.0012633735314011574
-0.0012590764090418816,0.0013478754553943872,0.0006569721736013889
-0.0020201767329126596,-0.0003096677828580141,0.0005533057264983654
0.0018411404453217983,-0.0014028954319655895,-0.0002736058086156845
-0.0007603730773553252,-0.00024930573999881744,-0.00031887879595160484
0.00042979358113370836,0.0005160867585800588,0.00017567025497555733
-0.0005772967706434429,-0.002173985354602337,0.00033528031781315804
-0.0012553376145660877,-0.0016229774337261915,0.001120912842452526
0.0010882592760026455,0.0018059402937069535,0.0002950839698314667
0.0012970510870218277,-0.0013328613713383675,-0.0012322389520704746
-0.0011667241342365742,0.001116628642193973,0.0010596425272524357
-0.0009768407326191664,-0.0005766091635450721,-0.0003291959874331951
0.0012811946216970682,0.0011002379469573498,-0.0007592192851006985
0.001114214421249926,-0.001196205848827958,-0.0003493586555123329
-0.0007485122187063098,-0.0035825830418616533,0.0002850121818482876
3.658767673186958e-05,-0.0011258169542998075,0.00028900662437081337
0.0011758320033550262,-0.0021984095219522715,-0.0007975543849170208
0.00033640366746112704,-0.003511081449687481,-0.0005240477621555328
-0.0010581916430965066,0.00013870198745280504,0.0006667403504252434
-0.0014142562868073583,0.003190950956195593,0.0002869735471904278
0.0010963014792650938,-0.0003606050740927458,-1.239776611328125e-05
0.0026899371296167374,-0.0019534416496753693,-0.0019349339418113232
0.0008049116004258394,-0.0011350008426234126,0.0004954435862600803
-0.0022239014506340027,-0.0014852065360173583,0.0012334054335951805
-0.00166798266582191,0.001138018094934523,0.000863279215991497
0.0013427208177745342,0.0009129809332080185,0.0008251960389316082
-0.0008908995077945292,-0.0011127609759569168,-0.001828259788453579
-0.00047438120236620307,0.0019051331328228116,-0.0007819035090506077
0.00030838593374937773,0.000519119028467685,-0.0020071500912308693
-0.0008269196841865778,-0.0014156674733385444,0.0012773261405527592
-0.002266381401568651,-0.0059660752303898335,-0.001072447281330824
-0.002682100748643279,-0.00591387739405036,0.00159790413454175
-0.0015111344400793314,-0.002918323501944542,-0.028732705861330032
-0.0035303430631756783,-0.001047985628247261,-0.1849430799484253
-0.013239232823252678,0.00460716150701046,-0.3064499795436859
-0.02252194657921791,0.007924395613372326,-0.2820325195789337
-0.037695735692977905,0.014780547469854355,-0.1462467610836029
-0.059354692697525024,0.008453942835330963,-0.023008456453680992
-0.07723522931337357,-0.0076332311145961285,0.05416952818632126
-0.14889344573020935,-0.011948617175221443,0.1906767636537552
-0.32396528124809265,-0.01558371540158987,0.4629233777523041
-0.40099427103996277,-0.012564755976200104,0.8407174944877625
-0.3347308933734894,-0.009171416983008385,1.2655279636383057
-0.31567758321762085,-0.007867267355322838,1.4925909042358398
-0.44744789600372314,0.001196486409753561,1.4115419387817383
-0.7309179902076721,0.030791396275162697,1.2405060529708862
-1.1455824375152588,0.07617226243019104,1.2149031162261963
-1.6408401727676392,0.1254332959651947,1.3424900770187378
-2.158599853515625,0.34476718306541443,1.499836802482605
-2.558757781982422,0.2205355167388916,1.6103428602218628
-2.8402345180511475,0.04303553327918053,1.6716700792312622
-2.887645721435547,-0.5720036625862122,1.6302008628845215
-2.8116064071655273,-1.201297402381897,1.5591363906860352
-2.6528046131134033,-1.2575393915176392,1.4784563779830933
-2.535654067993164,-1.1036007404327393,1.3859866857528687
-2.5019094944000244,-1.132245659828186,1.2814360857009888
-2.4452455043792725,-1.4776042699813843,1.1200803518295288
-2.3386995792388916,-1.9863132238388062,0.9841350317001343
-2.2141573429107666,-2.485783100128174,0.8544612526893616
-2.0352237224578857,-2.823914051055908,0.7166107296943665
-1.855410099029541,-2.9897937774658203,0.5937142372131348
-1.7956383228302002,-2.997086524963379,0.4257175028324127
-1.8016046285629272,-2.847158432006836,0.30269482731819153
-1.8689570426940918,-2.7046186923980713,0.2294866442680359
-1.9452029466629028,-2.6956400871276855,0.26886582374572754
-1.9059813022613525,-2.6867384910583496,0.5235543251037598
-1.7389768362045288,-2.5276880264282227,0.6652390360832214
-1.5907599925994873,-2.236666440963745,0.5757933259010315
-1.5779852867126465,-1.8265842199325562,0.44433772563934326
-1.710925817489624,-1.3504611253738403,0.35188424587249756
-1.8258365392684937,-0.9284319281578064,0.34688037633895874
-1.7718185186386108,-0.6813968420028687,0.4628394842147827
-1.6621707677841187,-0.6351320147514343,0.6558626890182495
-1.582278847694397,-0.7032636404037476,0.8407915234565735
-1.5815043449401855,-0.7550101280212402,0.9316137433052063
-1.6680752038955688,-0.7034473419189453,0.874838650226593
-1.7813851833343506,-0.5735923647880554,0.7239432334899902
-1.886651873588562,-0.4141435921192169,0.5837802886962891
-1.964171290397644,-0.2533518075942993,0.4878465533256531
-2.0216119289398193,-0.115533746778965,0.4011308550834656
-2.0005369186401367,0.009226594120264053,0.3279154896736145
-1.81454598903656,0.04212062805891037,0.21861615777015686
-1.5292720794677734,-0.0697908028960228,0.08007995039224625
-1.2215430736541748,-0.2518538236618042,-0.029840420931577682
-1.0033494234085083,-0.4289604127407074,-0.10768184810876846
-0.8929798007011414,-0.5482250452041626,-0.22105342149734497
-0.8747091889381409,-0.6173422932624817,-0.3440110385417938
-0.9189354777336121,-0.6896247863769531,-0.44448891282081604
-0.9230639338493347,-1.1702942848205566,-0.5438317656517029
-0.9012776613235474,-2.0999839305877686,-0.6594294905662537
-0.9719514846801758,-2.728400945663452,-0.6231620907783508
-1.1894854307174683,-2.745654582977295,-0.47367966175079346
-1.346490502357483,-2.4722933769226074,-0.30871614813804626
-1.323317050933838,-2.1986353397369385,-0.2239551991224289
-1.158406138420105,-1.8569777011871338,-0.19764067232608795
-0.916343092918396,-1.3609626293182373,-0.20897828042507172
-0.636550784111023,-0.6587963700294495,-0.2511274814605713
-0.29827311635017395,0.384941965341568,-0.36327025294303894
-0.2113885134458542,-0.18965601921081543,-0.08528881520032883
-0.21403755247592926,-0.4079854190349579,0.21182887256145477
-0.20732760429382324,-0.4619271159172058,0.3294787108898163
-0.21232396364212036,-0.36539071798324585,0.4168407618999481
-0.23380213975906372,-0.22201257944107056,0.5222611427307129
-0.2693460285663605,-0.16659033298492432,0.7208192348480225
-0.3086836636066437,0.0369267575442791,0.880048930644989
-0.31343501806259155,0.2956557869911194,0.9998049139976501
-0.26975688338279724,0.5450897216796875,1.0936716794967651
-0.21228107810020447,0.6535778641700745,1.1762064695358276
-0.1586984097957611,0.7790836691856384,1.2936304807662964
-0.1372399926185608,0.9502700567245483,1.3667672872543335
-0.1714794933795929,1.101370096206665,1.395599603652954
-0.20340733230113983,1.119832158088684,1.312373399734497
-0.1599055975675583,0.6847692131996155,1.0275238752365112
-0.1082296147942543,0.07990755885839462,0.6354423761367798
-0.12636587023735046,-0.34423428773880005,0.23952730000019073
-0.19084499776363373,-0.43770164251327515,-0.22563932836055756
-0.2521919012069702,-0.3482222855091095,-0.41196247935295105
-0.2207527458667755,-0.27369824051856995,-0.38236063718795776
-0.1469942033290863,-0.20879682898521423,-0.27676287293434143
-0.1404697299003601,-0.22957800328731537,-0.16484883427619934
-0.20281271636486053,-0.2817024290561676,-0.08153786510229111
-0.3221244513988495,-0.43419235944747925,-0.02847304940223694
-0.4652349054813385,-0.6242809891700745,0.01611471176147461
-0.5906983017921448,-0.7918403744697571,0.020144343376159668
-0.4937913417816162,-1.0681371688842773,0.07841691374778748
-0.36783716082572937,-1.2141324281692505,0.15550769865512848
-0.3546420931816101,-1.1409465074539185,0.09136989712715149
0.24149292707443237,-1.0570060014724731,0.1447761207818985
0.5924773216247559,-0.8245437741279602,0.06508534401655197
0.9258851408958435,-0.6841906309127808,-0.04826171696186066
1.2482750415802002,-0.4726550579071045,-0.1487221121788025
1.5592657327651978,-0.30677685141563416,-0.2371329367160797
1.5941004753112793,-0.16906096041202545,-0.29377976059913635
0.9543464183807373,-0.16963912546634674,-0.05475439876317978
0.5086631774902344,-0.6843326091766357,0.21605472266674042
0.11923819035291672,-1.150551438331604,0.22767142951488495
-0.2496863305568695,-1.4243369102478027,0.11461928486824036
-0.5355122685432434,-1.6575884819030762,0.024671290069818497
-0.6942803263664246,-1.8504087924957275,-0.03284015133976936
-0.7559990882873535,-1.960361123085022,-0.053185638040304184
-0.7633195519447327,-2.0384840965270996,-0.019601313397288322
-0.8008876442909241,-2.085278272628784,0.014994479715824127
-0.902347981929779,-2.1343815326690674,0.0002893572673201561
-1.0525020360946655,-2.279982089996338,-0.04832877963781357
-1.2468808889389038,-2.4811952114105225,-0.08665864169597626
-1.4338723421096802,-2.647287607192993,-0.10657056421041489
-1.557113528251648,-2.7123920917510986,-0.1059357225894928
-1.569227695465088,-2.637756824493408,-0.06645648926496506
-1.5002814531326294,-2.4571237564086914,-0.05212138593196869
-1.3885586261749268,-2.262044906616211,-0.06475116312503815
-1.303777813911438,-2.0845589637756348,-0.1328411102294922
-1.1809048652648926,-1.8126311302185059,-0.10575675964355469
-1.0674333572387695,-1.8103463649749756,-0.08355925977230072
-0.9685531854629517,-1.893782377243042,-0.06759200990200043
-0.8767200708389282,-1.7975335121154785,-0.043655410408973694
-0.8205164670944214,-1.7184005975723267,-0.0760093629360199
-0.8476295471191406,-1.6643930673599243,-0.10973551869392395
-0.9294745922088623,-1.5917422771453857,-0.13162191212177277
-0.9489222764968872,-1.4553545713424683,-0.0998041108250618
-1.046209454536438,-1.3797980546951294,-0.15634675323963165
-1.0866551399230957,-1.3255985975265503,-0.17662225663661957
-1.1744219064712524,-1.2035906314849854,-0.27890920639038086
-1.2472028732299805,-1.0620763301849365,-0.2919836640357971
-1.1656712293624878,-0.9010599851608276,-0.2657533884048462
-1.126332402229309,-0.5787472724914551,-0.2985039949417114
-0.8874260187149048,-0.10535650700330734,-0.26706379652023315
-0.6573723554611206,0.35236865282058716,-0.28719326853752136
-0.46819522976875305,0.8513891100883484,-0.3564130961894989
-0.3162158131599426,1.0450876951217651,-0.32843121886253357
-0.1781759113073349,1.0490920543670654,-0.2839420437812805
-0.34881046414375305,0.9998976588249207,-0.32498234510421753
-0.46827054023742676,1.0002583265304565,-0.21568246185779572
-0.5301355719566345,1.125045657157898,-0.21206264197826385
-0.5001845955848694,1.3939220905303955,-0.24402856826782227
-0.39932531118392944,1.7312414646148682,-0.24835900962352753
-0.2581242322921753,1.8129826784133911,-0.2357548028230667
-0.0975220650434494,1.7561993598937988,-0.16953067481517792
0.0985233411192894,1.643052101135254,-0.08864941447973251
0.37856245040893555,1.140736699104309,0.016418099403381348
0.6728236079216003,-0.3884579837322235,0.19718654453754425
0.4609200060367584,-0.8492010235786438,0.13477131724357605
-0.31157514452934265,-1.727403998374939,0.06419781595468521
0.11733265221118927,-1.5757274627685547,-0.31966832280158997
-0.058989644050598145,-1.8737291097640991,-0.5203659534454346
-0.4063079059123993,-1.3443493843078613,-0.6548428535461426
-0.4756014943122864,-0.7601661086082458,-0.5728310942649841
-0.3022018074989319,-0.17220303416252136,-0.44309836626052856
0.0036950090434402227,0.48534128069877625,-0.3519567549228668
0.29385632276535034,0.8402435183525085,-0.23128138482570648
0.5458192825317383,0.9640357494354248,-0.14942221343517303
0.6325578689575195,0.8674396276473999,-0.11006532609462738
0.5947601199150085,0.6158034205436707,-0.11315512657165527
0.505763053894043,0.3320629596710205,-0.15252453088760376
0.43666496872901917,0.05275222286581993,-0.1897965371608734
0.39524850249290466,-0.1353769749403,-0.19970855116844177
0.3792876601219177,-0.19878657162189484,-0.17349372804164886
0.33873313665390015,-0.15799245238304138,-0.1303362399339676
0.28075850009918213,-0.051124073565006256,-0.11208320409059525
0.2533167004585266,0.07355336099863052,-0.07972452044487
0.25847017765045166,0.22665369510650635,0.006618358660489321
0.3169180154800415,0.39410868287086487,0.11706902086734772
0.39042872190475464,0.5171091556549072,0.12766309082508087
0.45050638914108276,0.6176458597183228,0.125921368598938
0.4639345705509186,0.7588328123092651,0.13905048370361328
0.4328344464302063,0.8957235217094421,0.1748022586107254
0.3637903928756714,0.9806432127952576,0.17673170566558838
0.2660698890686035,1.0032395124435425,0.18905149400234222
0.16748738288879395,0.9659395813941956,0.19908256828784943
0.11399470269680023,0.9105057716369629,0.21772277355194092
0.1378861963748932,0.9379624128341675,0.25987714529037476
0.2258245348930359,1.0074104070663452,0.2862333059310913
0.33749622106552124,1.0942003726959229,0.3014650344848633
0.4518764019012451,1.199945330619812,0.3353630006313324
0.5365513563156128,1.305808424949646,0.38990455865859985
0.5611114501953125,1.340142011642456,0.4221489429473877
0.5308166146278381,1.3043102025985718,0.4309008717536926
0.46157270669937134,1.2279090881347656,0.4483671486377716
0.38943618535995483,1.1248431205749512,0.45345085859298706
0.34683889150619507,1.0355899333953857,0.432108074426651
0.3147427439689636,0.9727272987365723,0.38929644227027893
0.2746970057487488,0.8980569839477539,0.2990051507949829
0.22713588178157806,0.8608918190002441,0.23056325316429138
0.1908244639635086,0.8294553160667419,0.188141867518425
0.1840302050113678,0.8542956709861755,0.1957683563232422
0.2029067873954773,0.8719717264175415,0.21577008068561554
0.20987839996814728,0.856995701789856,0.21996216475963593
0.18424111604690552,0.82997727394104,0.19207461178302765
0.15677672624588013,0.7872364521026611,0.1152123212814331
0.12202631682157516,0.6824172139167786,0.01479431614279747
0.04390807822346687,0.5233519673347473,-0.08189520984888077
-0.05534223094582558,0.3464776575565338,-0.18653911352157593
-0.17101556062698364,0.18087643384933472,-0.296822726726532
-0.2984964847564697,0.022757984697818756,-0.3851560652256012
-0.448059618473053,-0.16593363881111145,-0.4173204004764557
-0.5674577355384827,-0.3183573782444,-0.4011358916759491
-0.6020072102546692,-0.3719276487827301,-0.3600928485393524
-0.5348694920539856,-0.2792224884033203,-0.32146525382995605
-0.37323692440986633,-0.08769568055868149,-0.3144395649433136
-0.18615874648094177,0.1585611253976822,-0.3211735486984253
-0.03612450510263443,0.3967459797859192,-0.33979466557502747
0.04536079987883568,0.5350508689880371,-0.33009836077690125
0.07950571924448013,0.61619633436203,-0.33298176527023315
0.12295915931463242,0.626802921295166,-0.2812328636646271
0.17302311956882477,0.5998535752296448,-0.18116991221904755
0.24748516082763672,0.541387677192688,-0.10492169857025146
0.3232947289943695,0.4772678017616272,-0.06467946618795395
0.3914105296134949,0.4186494052410126,-0.06655539572238922
0.414072722196579,0.3351939022541046,-0.07684744894504547
0.3871520459651947,0.26066336035728455,-0.07718295603990555
0.32758432626724243,0.22035138309001923,-0.086480051279068
0.27486398816108704,0.22075897455215454,-0.05687933415174484
0.23730304837226868,0.20744183659553528,-0.1342814564704895
0.2183491587638855,0.20025114715099335,-0.09719879925251007
0.22112391889095306,0.2000599354505539,-0.05548517405986786
0.2206455022096634,0.18676692247390747,-0.13009069859981537
0.210343599319458,0.17152538895606995,-0.12574975192546844
0.2018326371908188,0.15241824090480804,-0.07381437718868256
0.2071634829044342,0.13915570080280304,-0.16123877465724945
0.2459210604429245,0.15279540419578552,-0.21542423963546753
0.31319358944892883,0.192190483212471,-0.17348051071166992
0.36503368616104126,0.21292778849601746,-0.225252166390419
0.385638028383255,0.22083792090415955,-0.26655593514442444
0.3801685869693756,0.2453913688659668,-0.171516552567482
0.36149051785469055,0.2823762595653534,-0.1339462697505951
0.3483803868293762,0.3203120529651642,-0.1581786870956421
0.36243683099746704,0.37799346446990967,-0.06534302234649658
0.394898921251297,0.4196954071521759,-0.031709589064121246
0.4298366606235504,0.41538748145103455,-0.1067979484796524
0.4572177231311798,0.3812175393104553,-0.10229668021202087
0.4621672034263611,0.32811596989631653,-0.10421600937843323
0.45512256026268005,0.23949231207370758,-0.23707930743694305
0.45546209812164307,0.17009831964969635,-0.27325063943862915
0.46771979331970215,0.12566471099853516,-0.2371220737695694
0.47649943828582764,0.08787952363491058,-0.3148059546947479
0.484302818775177,0.05944877490401268,-0.34500399231910706
0.48619818687438965,0.026790961623191833,-0.27860552072525024
0.4539080858230591,-0.03890690580010414,-0.33028990030288696
0.39891567826271057,-0.11050838977098465,-0.40008413791656494
0.34341609477996826,-0.16397811472415924,-0.35451602935791016
0.2919486463069916,-0.20212310552597046,-0.37453529238700867
0.2620408833026886,-0.20435501635074615,-0.42221885919570923
0.2644262909889221,-0.14871598780155182,-0.32676398754119873
0.2776944637298584,-0.059402335435152054,-0.259100079536438
0.29225900769233704,-0.0020303898490965366,-0.3061685264110565
0.30169013142585754,0.04361732304096222,-0.2577993869781494
0.305839866399765,0.0779782310128212,-0.20305438339710236
0.28441277146339417,0.08571968972682953,-0.2712884843349457
0.2569478750228882,0.09090939164161682,-0.2589641511440277
0.21088500320911407,0.1297433078289032,-0.20327697694301605
0.12935765087604523,0.1448008120059967,-0.27680498361587524
0.03576987236738205,0.13471458852291107,-0.32435962557792664
-0.047719962894916534,0.12400893867015839,-0.27841076254844666
-0.1237071231007576,0.10128206759691238,-0.33390551805496216
-0.1905394196510315,0.0829286277294159,-0.3863285183906555
-0.22700954973697662,0.11378534138202667,-0.2997744381427765
-0.2309345155954361,0.1757832020521164,-0.2751748263835907
-0.21245908737182617,0.2220332771539688,-0.29339125752449036
-0.16277115046977997,0.29113084077835083,-0.19288595020771027
-0.12576924264431,0.34300655126571655,-0.14520567655563354
-0.096218541264534,0.32737112045288086,-0.23035545647144318
-0.07635089010000229,0.3072047829627991,-0.18740586936473846
-0.07670722156763077,0.27739787101745605,-0.11985505372285843
-0.09415625780820847,0.17250607907772064,-0.1799502968788147
-0.10738418251276016,0.05394987761974335,-0.15778613090515137
-0.10534673929214478,-0.02804579958319664,-0.07308051735162735
-0.100156769156456,-0.09287140518426895,-0.10700253397226334
0.4367016851902008,-0.008283218368887901,-0.14640101790428162
0.8089098334312439,0.2456641048192978,-0.02829781174659729
0.8708691596984863,0.2538602948188782,-0.006912736222147942
0.745908796787262,0.1653357595205307,-0.06565594673156738
0.4952423870563507,-0.011005585081875324,0.001492413692176342
0.2632232904434204,-0.191777765750885,-0.020676538348197937
0.016275573521852493,-0.35182201862335205,-0.11137975752353668
-0.18614570796489716,-0.48248574137687683,-0.05770108103752136
-0.2991925776004791,-0.593706488609314,-0.0001665228046476841
-0.3489697277545929,-0.6804760098457336,-0.02840348705649376
-0.34528255462646484,-0.6557663083076477,0.037362050265073776
-0.2656886577606201,-0.6037606596946716,0.07516775280237198
-0.10324380546808243,-0.5505715012550354,-0.05986889451742172
0.0415370836853981,-0.46553993225097656,-0.13497643172740936
0.13304360210895538,-0.41988852620124817,-0.1316368281841278
0.21324123442173004,-0.4090699851512909,-0.22133848071098328
0.29829105734825134,-0.2978210747241974,-0.23403392732143402
0.39725303649902344,-0.06462082266807556,-0.12664328515529633
0.48065057396888733,0.1740962713956833,-0.17253318428993225
0.5221929550170898,0.37279123067855835,-0.21561408042907715
0.5398089289665222,0.5410411953926086,-0.0900585949420929
0.5388458967208862,0.6806830167770386,-0.02618028037250042
0.5119881629943848,0.7500494718551636,-0.020038072019815445
0.4918711483478546,0.7637642621994019,0.10114800930023193
0.4718872308731079,0.7143150568008423,0.1337692141532898
0.45344269275665283,0.6024585366249084,0.021874915808439255
0.48176309466362,0.48469316959381104,0.01318369060754776
0.5294166803359985,0.37367263436317444,0.03354222699999809
0.5480505228042603,0.26514720916748047,-0.009936914779245853
0.5029690861701965,0.20787513256072998,0.08137036114931107
0.4142117500305176,0.1465875506401062,0.2303532361984253
0.29241955280303955,0.014324313960969448,0.19980384409427643
0.17134250700473785,-0.037229590117931366,0.11537657678127289
0.12770235538482666,0.006772491615265608,0.17741678655147552
0.09360665082931519,0.15214695036411285,0.1574498414993286
0.09503676742315292,0.3746300935745239,0.025026287883520126
0.14242298901081085,0.30574271082878113,0.0610324889421463
0.15968160331249237,0.15016429126262665,0.07932521402835846
0.14316754043102264,0.04832867160439491,0.029671428725123405
0.16476044058799744,-0.009591623209416866,0.10387295484542847
0.2419852316379547,-0.03252432495355606,0.13177403807640076
0.30922257900238037,0.0712428167462349,0.001709513831883669
0.35194456577301025,0.5464259386062622,-0.0316707119345665
0.35914549231529236,0.8294016718864441,-0.07121758162975311
0.3363288938999176,0.6058712005615234,-0.04409201070666313
0.2822973430156708,0.29333803057670593,0.008577058091759682
0.22307199239730835,0.08066188544034958,0.03545815870165825
0.17719532549381256,-0.054580625146627426,0.030155004933476448
0.18079905211925507,-0.191543847322464,0.05818860977888107
0.19081945717334747,-0.4280240535736084,0.15172681212425232
0.1897084265947342,-0.49273163080215454,0.19501948356628418
0.20211581885814667,-0.2522772252559662,0.14111897349357605
0.24428822100162506,1.1544190645217896,0.08285588026046753
0.030086714774370193,2.5408434867858887,-0.3252333402633667
0.0727062001824379,3.10502028465271,-0.5918377637863159
0.19498443603515625,2.8747377395629883,-0.7921431660652161
0.37636131048202515,2.254638671875,-0.9438661932945251
0.5934454202651978,1.6622915267944336,-1.0709669589996338
0.7718834280967712,1.3547101020812988,-1.2788487672805786
0.9317665696144104,1.3785829544067383,-1.5649683475494385
1.09177827835083,1.6007453203201294,-1.8889329433441162
1.2826100587844849,1.8440592288970947,-2.153937339782715
1.462390422821045,2.057163953781128,-2.255840301513672
1.5816569328308105,2.2557170391082764,-2.173093795776367
1.628069519996643,2.4353690147399902,-1.9839160442352295
1.6271950006484985,2.6184394359588623,-1.7370848655700684
1.5862298011779785,2.7541470527648926,-1.4602916240692139
1.5233230590820312,2.8496992588043213,-1.2052513360977173
1.4765154123306274,2.9458701610565186,-0.967185378074646
1.4022436141967773,3.0205819606781006,-0.8059096336364746
1.3192243576049805,2.9420230388641357,-0.7313902378082275
1.3039186000823975,2.772078514099121,-0.7586817741394043
1.3475102186203003,2.592947483062744,-0.8615599274635315
1.4561357498168945,2.39667010307312,-0.8790843486785889
1.5756036043167114,2.1877143383026123,-0.849616527557373
1.669882893562317,2.1029555797576904,-0.8374844789505005
1.736098051071167,2.1794896125793457,-0.8336294293403625
1.711019515991211,2.352652072906494,-0.8035919070243835
1.6042301654815674,2.473881244659424,-0.7253209948539734
1.5031248331069946,2.5249717235565186,-0.5566656589508057
1.3967821598052979,2.506317138671875,-0.38119563460350037
1.295455813407898,2.393170118331909,-0.1933727264404297
1.1926838159561157,2.165116786956787,0.0009489692747592926
1.125179648399353,1.8037978410720825,0.17881563305854797
1.143865704536438,1.344864010810852,0.30480530858039856
1.2704449892044067,0.7897329330444336,0.29926568269729614
1.480552077293396,0.2588861286640167,0.12602539360523224
1.6788489818572998,-0.07920748740434647,-0.19808290898799896
1.8113257884979248,-0.1521373987197876,-0.5030885934829712
1.7963193655014038,-0.045460741966962814,-0.6491430401802063
1.6480895280838013,0.11048350483179092,-0.5723397135734558
1.4200133085250854,0.23750323057174683,-0.3034358024597168
1.146339774131775,0.3066490888595581,0.053412921726703644
0.8943935036659241,0.28591370582580566,0.3391181528568268
0.7543519139289856,0.2276122123003006,0.470141738653183
0.7156679034233093,0.1068066880106926,0.4371110796928406
0.727875828742981,-0.09607318788766861,0.3186459541320801
0.7567037343978882,-0.29728883504867554,0.22984473407268524
0.7379380464553833,-0.4862337112426758,0.19295477867126465
0.6890232563018799,-0.6276475787162781,0.19679053127765656
0.6131999492645264,-0.6529509425163269,0.214249849319458
0.5384045243263245,-0.5636628866195679,0.1863255500793457
0.4633606970310211,-0.42449086904525757,0.09153266251087189
0.3944095969200134,-0.2952186167240143,-0.004284408874809742
0.2998633086681366,-0.20890426635742188,-0.0532451868057251
0.18276174366474152,-0.143365740776062,-0.03903802111744881
0.08090195804834366,-0.034772686660289764,0.05382262542843819
-0.0032667159102857113,0.13546402752399445,0.1859348565340042
-0.02266152948141098,0.2968427240848541,0.2712338864803314
-0.03337409719824791,0.5174152851104736,0.2922922968864441
-0.1438833773136139,1.1056100130081177,0.25208771228790283
-0.33396729826927185,1.925067663192749,0.1905471235513687
-0.41311195492744446,2.621908187866211,0.15806348621845245
-0.4364044964313507,3.106288194656372,0.1454792469739914
-0.40791797637939453,3.332308769226074,0.16635699570178986
-0.3660206198692322,3.401050329208374,0.21857492625713348
-0.14282889664173126,3.506619691848755,0.19968454539775848
0.050873447209596634,0.20984500646591187,-0.18785439431667328
-0.0627351850271225,0.004753077868372202,-0.07099377363920212
-0.004474004730582237,-0.048919204622507095,0.18334928154945374
0.02329113893210888,-0.19427897036075592,0.2589429020881653
-0.02489396743476391,-0.05409177392721176,0.11967209726572037
0.014109903015196323,-0.06134301424026489,-0.03297613561153412
0.007859996519982815,-0.0480186864733696,-0.07506899535655975
0.02256501466035843,-0.010113008320331573,0.007115303538739681
0.05054125562310219,0.0045812493190169334,0.005602361634373665
0.0419999323785305,0.009915260598063469,0.0033607794903218746
0.05187360197305679,0.0036507067270576954,0.01706727035343647
0.1391267031431198,-0.07753632962703705,0.09424567967653275
0.3757813274860382,-0.6699341535568237,0.32899773120880127
0.16370855271816254,-0.2924315333366394,0.1653369516134262
0.10655391961336136,0.1737537533044815,-0.01072489283978939
0.13539335131645203,-0.07784274965524673,-0.14254966378211975
0.14167149364948273,-0.021217020228505135,-0.15605854988098145
0.18316231667995453,0.02358279377222061,-0.15573827922344208
0.25332167744636536,-0.009223622269928455,-0.22134046256542206
0.2468976378440857,-0.06364820897579193,-0.3555736839771271
0.08401525765657425,-0.016067905351519585,-0.4543790817260742
0.03867734968662262,0.019632315263152122,-0.38496363162994385
0.0076834820210933685,0.02280920185148716,-0.1960030347108841
-0.00187478750012815,0.01819855161011219,-0.1082618311047554
-0.0011570656206458807,0.012408574111759663,-0.10647618025541306
-0.0006567327072843909,0.01037171296775341,-0.10732994228601456
-0.0010298416018486023,0.009547464549541473,-0.0911557674407959
0.0012244324898347259,0.0010598731460049748,-0.11337962746620178
-0.0004530926526058465,0.00507378950715065,-0.18873271346092224
0.0005414100596681237,0.0014892576728016138,-0.2306392639875412
-0.0016447787638753653,0.003181962762027979,-0.21678149700164795
0.0035550363827496767,0.0003528799279592931,-0.2269965261220932
0.0004122400423511863,0.0013965727994218469,-0.07290922105312347
0.002590998774394393,-0.0009187519899569452,-0.01612844690680504
-0.0021760594099760056,0.0017223048489540815,0.006499102339148521
0.00010772599489428103,0.0011676913127303123,0.018939897418022156
0.0014776559546589851,0.001521092839539051,0.017840277403593063
-0.0002218718291260302,-0.0004647243185900152,0.010198287665843964
-0.0021209721453487873,-0.0007299751741811633,-0.004044298082590103
0.0020053833723068237,-0.0011677438160404563,-0.013669389300048351
-0.0010215655202046037,-0.0004982250975444913,-0.015141051262617111
0.0019296829123049974,-0.0007590174209326506,-0.012895207852125168
0.0016780141741037369,0.0018306404817849398,-0.001361057162284851
0.0006985701620578766,-0.000905156135559082,0.010224226862192154
0.00018617798923514783,0.002470933133736253,0.011516392230987549
0.0006157188909128308,-0.00012754055205732584,0.009149320423603058
0.0010314383544027805,-0.0012252955930307508,0.0012274817563593388
0.0009429299971088767,-0.0011074142530560493,-0.005858709570020437
0.00031868505175225437,-0.001865616301074624,-0.011419655755162239
-0.0010797150898724794,-0.00015104541671462357,-0.010326908901333809
-0.00039315223693847656,-0.0012687741545960307,0.0010967212729156017
-0.0008039785316213965,0.001647756900638342,0.009012700989842415
0.0006130894762463868,0.0012445544125512242,0.009004443883895874
-0.0011723071802407503,-0.0011267380323261023,0.007897473871707916
-0.0011462082620710135,-0.00016214103379752487,0.0018254672177135944
0.001000026473775506,-0.001736076083034277,-0.0041876304894685745
-0.0016319755231961608,-0.001545926439575851,-0.008876924403011799
0.0009729306912049651,0.000929017667658627,-0.008071585558354855
0.001199033111333847,0.00020863258396275342,-0.003216642653569579
-8.402159437537193e-05,0.00010535635374253616,0.00354389613494277
-0.003455317346379161,0.0012609020341187716,0.008421741425991058
-0.0010067829862236977,0.00010937007027678192,0.008201023563742638
0.0005234694108366966,-0.001364423311315477,0.00359588535502553
0.0022746019531041384,0.001311631640419364,-0.003211208852007985
0.0008950845221988857,-0.0012961355969309807,-0.005209911148995161
-0.0003670532605610788,-0.0010474653681740165,-0.005765445996075869
0.0008705176878720522,0.00027985405176877975,-0.0014394070021808147
0.0010133490432053804,-0.0014452520990744233,0.003292336594313383
-0.0011233051773160696,0.0024871716741472483,0.006772289518266916
-2.159547875635326e-05,0.0007163945119827986,0.0057875062339007854
-0.0033558730501681566,0.0020578287076205015,0.0070929876528680325
-0.003194511868059635,0.001544343656860292,0.0018755360506474972
0.00026120588881894946,-0.0012706175912171602,-0.002998581388965249
0.001997288316488266,-0.0006906156777404249,-0.004032419994473457
0.0018281775992363691,-0.002260815352201462,-0.005637506954371929
-0.0009938686853274703,-0.0007637422531843185,-0.0033986421767622232
0.0019076453754678369,-0.00017917840159498155,0.000349224079400301
-0.0009399375994689763,0.0006782212876714766,0.0032989424653351307
0.0005192083190195262,0.0002369354770053178,0.007271846290677786
-0.0007576189818792045,-0.0010782340541481972,0.0047541456297039986
-0.002130744745954871,-0.0011147195473313332,0.0028441259637475014
0.0029036339838057756,0.000939314893912524,-0.003245243802666664
-0.00042238790774717927,-0.001024500117637217,-0.005066846031695604
0.00216709915548563,0.000959118246100843,-0.006099301390349865
0.0017460533417761326,-0.00018018211994785815,-0.006966959219425917
0.0008148885099217296,0.001907598809339106,-0.004542415961623192
-0.000989403109997511,0.0008386060362681746,0.0018531656824052334
-0.0011784202652052045,-0.0017954576760530472,0.0031487918458878994
-0.0007709566270932555,-8.677357254782692e-05,0.0040840948931872845
0.001793786184862256,-0.0002699619217310101,0.0018226993270218372
0.00028537173056975007,-0.0005312180146574974,0.00030576298013329506
-0.0015629571862518787,-0.0025816732086241245,-0.0017300122417509556
-0.0010329880751669407,0.0006692473543807864,-0.007746359333395958
-0.0011376416077837348,0.0019238688983023167,-0.004829452373087406
-0.0008769182022660971,0.0004034702724311501,-0.000963075552135706
0.0015832382487133145,-0.00011911720503121614,-0.0010471767745912075
-0.0011696714209392667,-0.00024188893439713866,-0.00015235459432005882
-6.207911064848304e-05,0.0017080585239455104,0.003753331024199724
7.986737182363868e-05,0.0014297582674771547,0.0018715416081249714
0.0002387090789852664,0.0010919207707047462,0.0024048644118010998
-0.003125396091490984,-0.0017968100728467107,-0.00048599718138575554
0.0008872064063325524,-0.002400533528998494,-0.00034602126106619835
0.0002347319241380319,-9.530136594548821e-05,-0.0031908100936561823
0.00013221194967627525,-0.0024178349412977695,-0.004249736201018095
-0.0019069705158472061,-0.000410343986004591,-0.0024017684627324343
-0.00010335369734093547,0.0014151062350720167,0.0012141135521233082
-0.0019435979193076491,0.0002616911951918155,-0.002258648630231619
0.0013547816779464483,-0.001331891631707549,0.0007841726765036583
-0.0011059792013838887,0.004135045222938061,0.0013583502732217312
7.274033850990236e-05,0.002643669256940484,-0.0462687723338604
-0.002408793196082115,0.004675927106291056,-0.1686042696237564
0.001068504643626511,0.002530757337808609,-0.2883094251155853
0.00015583934145979583,0.0008851901511661708,-0.29926860332489014
0.001724236411973834,0.0006218649796210229,-0.12770956754684448
-0.00039430821198038757,0.0017382620135322213,0.18533356487751007
0.0009992180857807398,0.004736604169011116,0.58219975233078
-0.0019795275293290615,0.003230320755392313,1.0521430969238281
-0.0010140379890799522,-0.0006306341965682805,1.5557923316955566
0.0086252735927701,0.032710276544094086,1.6361398696899414
0.007855367846786976,0.009107493795454502,-0.3919356167316437
0.004752252250909805,-0.12606124579906464,-1.0918322801589966
0.009175961837172508,-0.19615066051483154,-0.1486276239156723
0.01592441275715828,-0.2822203040122986,0.1834999918937683
0.04272545501589775,-0.2830894887447357,0.22080644965171814
0.43837210536003113,0.0733565092086792,0.05412265658378601
0.4888533651828766,0.10664091259241104,-0.3309903144836426
0.41021767258644104,0.17924295365810394,-0.3965144455432892
0.479086309671402,0.2960769534111023,-0.13999834656715393
0.5226188898086548,0.15109367668628693,-0.17193178832530975
0.517240583896637,0.15580502152442932,-0.3079405725002289
0.5502997040748596,-0.20374728739261627,-0.49964797496795654
0.5491853952407837,-0.7711029648780823,-0.835777759552002
0.4454168677330017,-1.6950517892837524,-1.1272395849227905
0.3865685760974884,-2.634150505065918,-1.3422003984451294
0.43176212906837463,-3.314622163772583,-1.6538267135620117
0.4586738348007202,-4.016173362731934,-1.6411842107772827
0.35456234216690063,-4.791772842407227,-1.638713002204895
0.3087109327316284,-5.5000996589660645,-1.713699460029602
0.3159443438053131,-6.39924955368042,-1.464005947113037
0.23159120976924896,-7.269493103027344,-1.126799464225769
-0.19113793969154358,-7.910844802856445,-0.8237953782081604
-0.7692228555679321,-8.466801643371582,-0.3802274167537689
-1.3860220909118652,-9.098991394042969,0.2771957218647003
-1.9670250415802002,-9.92010498046875,1.0336782932281494
-2.1038122177124023,-10.325900077819824,1.643790364265442
-1.8909640312194824,-10.877965927124023,2.0498406887054443
-1.4807559251785278,-12.462329864501953,2.4044389724731445
-1.188652753829956,-16.429609298706055,2.8581721782684326
0.49433884024620056,-17.87530517578125,3.264134407043457
2.644631862640381,-16.850467681884766,1.6311516761779785
3.6610910892486572,-12.229158401489258,-0.012995288707315922
3.4078400135040283,-8.550102233886719,0.2884965240955353
2.892889976501465,-6.824347972869873,1.4772093296051025
2.3783555030822754,-4.931180477142334,2.670640230178833
1.7974518537521362,-3.4554665088653564,3.339550018310547
1.4110628366470337,-3.3298285007476807,3.1762173175811768
1.1904189586639404,-3.6067914962768555,2.607813596725464
0.6781853437423706,-3.734576463699341,2.489227771759033
0.03145211189985275,-4.920220375061035,2.7175328731536865
-0.2661430537700653,-5.978273391723633,2.9134607315063477
-1.0790601968765259,-6.200129508972168,2.8011019229888916
-2.697448968887329,-5.3406267166137695,2.7209854125976562
-4.5873517990112305,-6.0863118171691895,2.5196969509124756
-6.783091068267822,-7.594087600708008,1.9983325004577637
-6.452088356018066,-8.946642875671387,0.8557713031768799
-4.9794816970825195,-7.791443347930908,0.4372638761997223
-2.8176519870758057,-6.482426643371582,0.6893157958984375
-0.48807448148727417,-4.938417434692383,0.8447940945625305
1.2576403617858887,-3.5679311752319336,0.9514329433441162
2.1921491622924805,-2.8873515129089355,0.9287635684013367
2.326371192932129,-2.573937177658081,0.8039007186889648
2.059267044067383,-2.128579616546631,0.7520339488983154
1.8159962892532349,-1.5382474660873413,0.8566626310348511
1.6961582899093628,-0.9232495427131653,1.071657657623291
1.5676383972167969,-0.32336583733558655,1.3355244398117065
1.4634195566177368,0.2630489468574524,1.6499539613723755
1.4128587245941162,0.7694754004478455,1.9402885437011719
1.3513306379318237,1.0883427858352661,2.083730697631836
1.2447588443756104,1.0806313753128052,2.103178024291992
1.0852431058883667,0.9425767660140991,1.9562828540802002
0.9123853445053101,0.8360993266105652,1.72511887550354
0.7104061245918274,0.6859247088432312,1.4685784578323364
0.47921979427337646,0.6707785129547119,1.2442710399627686
0.33785003423690796,0.7525060176849365,1.0892406702041626
0.26861315965652466,1.085658073425293,1.1089491844177246
0.33878085017204285,1.6065356731414795,1.2052119970321655
0.5132749080657959,2.017483949661255,1.3131592273712158
0.5974741578102112,2.1995890140533447,1.407630205154419
0.47890356183052063,1.8723888397216797,1.4024072885513306
0.2275238335132599,0.9278935790061951,1.3570553064346313
-0.10450098663568497,-0.15560661256313324,1.8956873416900635
-0.22337190806865692,-0.8113635778427124,2.3023176193237305
-0.1412685066461563,-1.2316855192184448,2.2888331413269043
-0.13324633240699768,-1.3319705724716187,1.9882677793502808
-0.15562674403190613,-1.4459576606750488,1.655914068222046
-0.15017169713974,-1.4681308269500732,1.5265330076217651
-0.11013346910476685,-1.4457038640975952,1.5025171041488647
-0.029222026467323303,-1.3388619422912598,1.5222513675689697
0.06887444853782654,-1.2720298767089844,1.5782341957092285
0.15018635988235474,-1.2317578792572021,1.5204421281814575
0.1370798796415329,-1.1295846700668335,1.323744535446167
0.16907453536987305,-0.6819407939910889,1.2605512142181396
0.46831557154655457,-0.1215430200099945,1.2776309251785278
0.9811726808547974,0.19327637553215027,1.2654730081558228
1.5032124519348145,0.37460196018218994,1.1498034000396729
1.8025949001312256,0.19224515557289124,1.0341928005218506
1.746456503868103,-0.044251278042793274,0.9454514980316162
1.4267051219940186,-0.07150760293006897,0.8117677569389343
1.0092288255691528,0.1136246994137764,0.5396842956542969
0.6272842884063721,0.7374343872070312,0.29710477590560913
0.4429525136947632,1.3354933261871338,0.2274167835712433
0.45206499099731445,1.5732604265213013,0.02163720317184925
0.47226187586784363,1.5431967973709106,-0.2284107208251953
0.37001413106918335,1.0306745767593384,-0.3973037600517273
0.05494644492864609,0.6229581236839294,-0.5189308524131775
-0.36226382851600647,0.6023939847946167,-0.5989904999732971
-0.6061074137687683,0.5500279664993286,-0.5543822646141052
-0.6333257555961609,0.3851023316383362,-0.4500710070133209
-0.5319418907165527,0.2824380099773407,-0.37142544984817505
-0.36784905195236206,0.25941795110702515,-0.34482163190841675
-0.17750146985054016,0.28214511275291443,-0.33913499116897583
0.008481975644826889,0.320472776889801,-0.3176616430282593
0.14933976531028748,0.47185590863227844,-0.26165059208869934
0.28756192326545715,0.8220264911651611,-0.17659758031368256
0.4684632420539856,1.1461100578308105,-0.022846907377243042
0.6984164714813232,1.0932533740997314,0.152279794216156
0.8342270255088806,0.6732044816017151,0.27695009112358093
0.7427905797958374,0.25032514333724976,0.3302149474620819
0.4608241617679596,0.0009574087453074753,0.30000510811805725
0.14729994535446167,-0.18919986486434937,0.2225663661956787
-0.10856324434280396,-0.4534400403499603,0.14792223274707794
-0.2919985055923462,-0.7535920739173889,0.1038389727473259
-0.38615110516548157,-0.9720053672790527,0.0615258663892746
-0.3649498522281647,-1.0583769083023071,-0.01697155088186264
-0.22217194736003876,-1.0354968309402466,-0.09372811019420624
-0.04032418131828308,-1.0032155513763428,-0.10564447939395905
0.12707413733005524,-0.9325247406959534,-0.09497665613889694
0.2609280049800873,-0.7735916972160339,-0.10493837296962738
0.4337165355682373,-0.6092706322669983,-0.1101941168308258
0.7079404592514038,-0.31319305300712585,0.0015246369875967503
0.5759110450744629,0.279217004776001,0.14970265328884125
0.30928656458854675,0.45127129554748535,0.22205562889575958
0.015973182395100594,0.1771920770406723,0.20466625690460205
-0.15602841973304749,-0.20602190494537354,0.1837405115365982
-0.18864841759204865,-0.4020406901836395,0.1692928671836853
-0.05990051105618477,-0.34399864077568054,0.1820400357246399
0.1111506000161171,-0.054984141141176224,0.1882776916027069
0.2511139512062073,0.2609800696372986,0.13088876008987427
0.330929696559906,0.5285816788673401,0.06777156889438629
0.3208180069923401,0.6332998871803284,0.044692933559417725
0.28668615221977234,0.6210467219352722,0.05411546304821968
0.2793496251106262,0.4753137230873108,0.11114802211523056
0.28913623094558716,0.2286437451839447,0.17471712827682495
0.3123779892921448,0.019761215895414352,0.18372730910778046
0.3298802673816681,-0.16123999655246735,0.16146887838840485
0.3450058698654175,-0.28557801246643066,0.10701090097427368
0.3850387930870056,-0.2614399194717407,0.03743821755051613
0.41880694031715393,-0.18498636782169342,-0.010708753019571304
0.4499185085296631,-0.03700835630297661,-0.05055656656622887
0.4729624092578888,0.12839585542678833,-0.06566628068685532
0.5116008520126343,0.30682337284088135,-0.07438839972019196
0.5975230932235718,0.43563714623451233,-0.06285104900598526
0.6812922954559326,0.4019595980644226,-0.03349129855632782
0.685309112071991,0.2361413687467575,-0.006335203070193529
0.5957630276679993,-0.0008573242230340838,0.00806078128516674
0.43698519468307495,-0.25895851850509644,0.0030630910769104958
0.27392542362213135,-0.40815386176109314,-0.0027686990797519684
0.15958431363105774,-0.4511665105819702,-0.007975656539201736
0.12296263873577118,-0.38580000400543213,-0.020251763984560966
0.15648581087589264,-0.2913104295730591,-0.04247504472732544
0.20110946893692017,-0.24555253982543945,-0.07434643059968948
0.25334420800209045,-0.1899009793996811,-0.13456833362579346
0.299934059381485,-0.1422908455133438,-0.2055780589580536
0.3438716232776642,-0.11089120805263519,-0.2593771517276764
0.4131803810596466,-0.06599403917789459,-0.27842700481414795
0.5136969685554504,-0.08709096908569336,-0.27012062072753906
0.6030129790306091,-0.14561711251735687,-0.25463566184043884
0.6436951756477356,-0.23668737709522247,-0.23973479866981506
0.6141905188560486,-0.3845553994178772,-0.22958868741989136
0.5147260427474976,-0.5625706315040588,-0.2351859211921692
0.3685675263404846,-0.7392681241035461,-0.25057631731033325
0.2650642395019531,-0.8325989842414856,-0.25729337334632874
0.25632160902023315,-0.894894003868103,-0.24191735684871674
0.3256799280643463,-0.8828821182250977,-0.20843157172203064
0.400301456451416,-0.7924291491508484,-0.16813048720359802
0.4115637540817261,-0.694816529750824,-0.12553711235523224
0.3665800392627716,-0.6024410724639893,-0.13154201209545135
0.3294508755207062,-0.5327984690666199,-0.2011794149875641
0.33439531922340393,-0.5663079619407654,-0.2619144022464752
0.33596423268318176,-0.7064010500907898,-0.2987586557865143
0.29695984721183777,-0.8124316334724426,-0.33952873945236206
0.2245524674654007,-0.8322839736938477,-0.39165496826171875
0.15876387059688568,-0.9097388386726379,-0.4119453430175781
-0.16911612451076508,-0.5520265698432922,-0.44491323828697205
-0.4517776370048523,0.16577336192131042,-0.3420502543449402
-0.33701562881469727,0.23269221186637878,-0.17528097331523895
-0.09576094895601273,0.24204522371292114,-0.0543857179582119
0.17917492985725403,0.11911628395318985,0.015736542642116547
0.3856157064437866,-0.09831110388040543,0.04718847572803497
0.45819777250289917,-0.18401722609996796,0.028355665504932404
0.40467703342437744,-0.15254318714141846,-0.06573595106601715
0.31135472655296326,-0.031792052090168,-0.1690150797367096
0.2278476059436798,0.1390731781721115,-0.17573051154613495
0.17943990230560303,0.2790886461734772,-0.1089646965265274
0.16723065078258514,0.3389945924282074,-0.022978948429226875
0.17064224183559418,0.30795764923095703,0.059430062770843506
0.17645272612571716,0.23361526429653168,0.11211937665939331
0.16980373859405518,0.17775583267211914,0.12199843674898148
0.16111889481544495,0.17399944365024567,0.1096741184592247
0.14612965285778046,0.14342404901981354,0.07410323619842529
0.13076135516166687,0.10880295932292938,0.0388493686914444
0.12162289768457413,0.1057405173778534,0.016484465450048447
0.14789418876171112,0.12713155150413513,0.02131330780684948
0.2000674605369568,0.1570408046245575,0.03307712823152542
0.21926113963127136,0.17524804174900055,0.03456583619117737
0.19100652635097504,0.17485594749450684,0.030774349346756935
0.14137345552444458,0.09543781727552414,0.015349052846431732
0.0899186059832573,0.017898384481668472,0.001826637890189886
0.05218108370900154,-0.030031058937311172,-0.020109552890062332
0.02967810072004795,-0.015426084399223328,-0.036791060119867325
0.02623703144490719,0.053791068494319916,-0.0532643087208271
0.04877161234617233,0.10767664760351181,-0.053068675100803375
0.08328378200531006,0.11892583966255188,-0.04405520483851433
0.11072982847690582,0.09348363429307938,-0.0437697172164917
0.13541732728481293,0.07629319280385971,-0.04226343333721161
0.16815483570098877,0.06130526587367058,-0.035140328109264374
0.18926917016506195,0.08172452449798584,-0.01923007145524025
0.18816421926021576,0.10639709234237671,-0.006566047668457031
0.15919941663742065,0.11060754954814911,0.005904736462980509
0.11378341913223267,0.08286137133836746,0.023153232410550117
0.0639926940202713,0.033711135387420654,0.04057297110557556
0.020530445501208305,-0.02214627154171467,0.05072147399187088
-0.006274538114666939,-0.07586062699556351,0.053944170475006104
-0.024614669382572174,-0.09043025970458984,0.04263297840952873
-0.022075079381465912,-0.05991442874073982,0.03684326633810997
0.003055525477975607,-0.02204699069261551,0.038089998066425323
0.028284981846809387,0.02862204611301422,0.038887616246938705
0.03688441216945648,0.06856341660022736,0.037216104567050934
0.047661423683166504,0.08765961229801178,0.03898391127586365
0.0532042533159256,0.0546843484044075,0.0343327559530735
0.07299979776144028,0.01086682640016079,0.03046478144824505
0.07392947375774384,-0.009627830237150192,0.022942684590816498
