X,Y,Z
0.508124053478241,0.4912627339363098,0.42662766575813293
0.5708598494529724,0.31566905975341797,0.6660580635070801
0.6705875396728516,0.375331848859787,0.9276162385940552
0.7243343591690063,0.5612084865570068,1.3640323877334595
0.6207756996154785,0.7621678709983826,1.9688036441802979
0.39202189445495605,0.6441855430603027,2.7685117721557617
0.15098275244235992,0.05513209477066994,3.5006906986236572
-0.030099960044026375,-0.8145505785942078,3.6328940391540527
0.1479191929101944,-1.2708948850631714,3.3003628253936768
0.670951247215271,-0.8798056840896606,2.9754934310913086
0.9925327301025391,-0.30955690145492554,2.963534116744995
0.9072028994560242,0.15868274867534637,2.860581636428833
0.6578894853591919,0.9643086791038513,2.605708360671997
0.3517133593559265,1.6512868404388428,2.408263921737671
0.06346287578344345,1.9774837493896484,2.217127561569214
-0.12139485776424408,2.255985736846924,2.1123509407043457
-0.2999454736709595,2.449840784072876,1.9576746225357056
-0.4291228950023651,2.389312982559204,1.7734485864639282
-0.36628031730651855,2.0608582496643066,1.6234714984893799
-0.2556621730327606,1.594609022140503,1.333778977394104
-0.1742376834154129,1.0953668355941772,0.730114221572876
-0.0030662037897855043,0.5344494581222534,0.01578388176858425
0.2227650135755539,-0.08257604390382767,-0.595262885093689
0.3965109884738922,-0.5396312475204468,-1.0951327085494995
0.2499743402004242,-0.79923015832901,-1.3773882389068604
-0.4063686430454254,-0.7205768823623657,-1.1504120826721191
-1.4227185249328613,-0.5760836601257324,-0.6637523174285889
-2.3689868450164795,-0.2021971493959427,-0.1977236121892929
-3.242009162902832,0.13038700819015503,0.11908083409070969
-3.8928382396698,0.4796030521392822,0.2846652567386627
-4.192773818969727,0.7210719585418701,0.3312780261039734
-4.293720245361328,0.7177237868309021,0.34712567925453186
-4.361320972442627,0.2656802833080292,0.20280082523822784
-4.4455485343933105,-0.70821213722229,-0.11824670433998108
-4.673325061798096,-1.7601732015609741,-0.4823804497718811
-5.103985786437988,-2.579326629638672,-0.8130694031715393
-5.658685207366943,-3.189147710800171,-0.98628169298172
-6.322453022003174,-3.481222152709961,-0.9401893019676208
-7.349155426025391,-3.330972671508789,-0.7843993306159973
-8.658212661743164,-3.0286214351654053,-0.7129544615745544
-9.883328437805176,-2.798490047454834,-0.6675700545310974
-10.680351257324219,-2.919712543487549,-0.662752091884613
-11.078181266784668,-3.116936683654785,-0.7325580716133118
-11.273056983947754,-3.3185036182403564,-0.9910394549369812
-11.269866943359375,-3.4771769046783447,-1.3888938426971436
-10.940786361694336,-3.3502328395843506,-1.997176170349121
-10.172124862670898,-3.1874563694000244,-2.9916629791259766
-8.931777954101562,-3.4649300575256348,-3.9484522342681885
-7.304076671600342,-4.324896812438965,-4.749484539031982
-6.3874053955078125,-5.034293174743652,-5.6979475021362305
-6.050046920776367,-6.103763580322266,-6.323974132537842
-5.956501483917236,-6.52720832824707,-7.035605430603027
-6.362753868103027,-5.941222667694092,-7.377243995666504
-7.419005393981934,-4.138712406158447,-7.515502452850342
-8.128310203552246,-1.46258544921875,-7.992971897125244
-8.279084205627441,0.7118024826049805,-8.605189323425293
-8.06462287902832,2.2918498516082764,-8.959628105163574
-7.110370635986328,3.4743850231170654,-9.295867919921875
-5.544533729553223,3.9378066062927246,-9.72274398803711
-3.755786418914795,4.083850383758545,-10.279398918151855
-1.9631800651550293,4.050827980041504,-10.80222225189209
-0.18795053660869598,3.903858184814453,-11.338107109069824
1.439279556274414,3.3491578102111816,-11.939602851867676
2.773036241531372,2.3222429752349854,-12.541975021362305
3.5383858680725098,1.2206615209579468,-13.007726669311523
3.7449560165405273,0.3618793785572052,-13.186634063720703
3.4775776863098145,-0.3294292092323303,-12.967269897460938
2.905892848968506,-0.7534526586532593,-12.40804672241211
2.3972485065460205,-0.8297184109687805,-11.62328052520752
2.1602258682250977,-0.7465726137161255,-10.595688819885254
2.3972818851470947,-0.5817434191703796,-9.49009895324707
3.192671060562134,-0.411349356174469,-8.385746955871582
4.344500541687012,-0.10786540806293488,-7.582232475280762
5.653091907501221,0.2599634528160095,-6.8888444900512695
7.080462455749512,0.5406307578086853,-6.236340522766113
8.493414878845215,0.6307036280632019,-5.574357509613037
9.862607955932617,0.6469120383262634,-4.846279144287109
11.07153606414795,0.9288766384124756,-4.057086944580078
11.999890327453613,1.6762723922729492,-3.2982430458068848
12.616494178771973,2.7777655124664307,-2.6376261711120605
12.897961616516113,3.9902167320251465,-2.21453595161438
13.006412506103516,5.145969867706299,-2.0779829025268555
13.093467712402344,5.72369384765625,-1.9647308588027954
13.308928489685059,5.742761611938477,-1.7949175834655762
13.534175872802734,5.402913570404053,-1.5145602226257324
13.684161186218262,5.023013114929199,-1.0113087892532349
13.806400299072266,5.039009094238281,-0.5746334791183472
13.986827850341797,5.366295337677002,-0.1835581511259079
14.169649124145508,5.528947353363037,-0.03514523431658745
14.493951797485352,5.334659099578857,-0.23455314338207245
14.910248756408691,4.606043815612793,-0.671794593334198
15.153461456298828,3.3128859996795654,-1.185840129852295
14.861289024353027,1.8428205251693726,-1.524763822555542
14.185686111450195,0.3400280177593231,-1.753021478652954
13.481476783752441,-1.0400596857070923,-1.9881606101989746
12.74894905090332,-1.954771637916565,-2.575411319732666
11.721861839294434,-2.310826301574707,-3.5271129608154297
10.461721420288086,-2.0820796489715576,-4.485674858093262
9.265386581420898,-1.4055126905441284,-5.239738941192627
8.256478309631348,-0.7442116737365723,-5.963921546936035
7.387450695037842,-0.45318371057510376,-6.452770709991455
6.577396869659424,-0.39345407485961914,-6.941286563873291
5.710093975067139,-0.6070274114608765,-7.575791358947754
4.850769996643066,-0.7583767175674438,-8.413808822631836
4.113104343414307,-0.360055148601532,-9.331134796142578
3.589625358581543,0.6538015007972717,-10.187273979187012
3.4207117557525635,2.1077828407287598,-10.877058982849121
3.6361148357391357,3.505178928375244,-11.266192436218262
4.095566749572754,4.4971418380737305,-11.463863372802734
4.5682268142700195,4.928166389465332,-11.654108047485352
4.887413024902344,4.666640281677246,-11.64928150177002
4.830680847167969,3.9983537197113037,-11.621832847595215
4.426912784576416,3.0946383476257324,-11.704817771911621
3.7159767150878906,2.117842197418213,-11.840476989746094
2.9429354667663574,1.3105528354644775,-12.112781524658203
2.249593734741211,0.8143446445465088,-12.435544967651367
1.6952146291732788,0.6249821186065674,-12.883867263793945
1.2209128141403198,0.7873010039329529,-13.386653900146484
0.759434700012207,1.1507881879806519,-13.876832962036133
0.23235653340816498,1.5620332956314087,-14.164200782775879
-0.4681389033794403,1.9907701015472412,-14.183748245239258
-1.2767935991287231,2.207744836807251,-13.891730308532715
-2.066624641418457,2.041919469833374,-13.376157760620117
-2.6062119007110596,1.3131557703018188,-12.812076568603516
-2.908259153366089,-0.0457591749727726,-12.354511260986328
-3.214254856109619,-1.9272888898849487,-12.03902816772461
-3.698819875717163,-4.072369575500488,-11.817694664001465
-4.339289665222168,-6.3229851722717285,-11.594911575317383
-5.201784610748291,-8.489168167114258,-11.261680603027344
-6.266733646392822,-9.92552661895752,-10.839548110961914
-7.387968063354492,-10.619550704956055,-10.203006744384766
-8.468093872070312,-10.557001113891602,-9.236282348632812
-9.390227317810059,-10.114116668701172,-8.16175365447998
-10.141310691833496,-9.711261749267578,-7.115417957305908
-10.795476913452148,-9.572064399719238,-6.2385149002075195
-11.270255088806152,-9.458902359008789,-5.663092613220215
-11.406152725219727,-9.064929008483887,-5.37411642074585
-11.17678451538086,-8.27265453338623,-5.287033557891846
-10.538923263549805,-7.074228286743164,-5.4396514892578125
-9.392654418945312,-5.383086681365967,-5.704054355621338
-7.8384928703308105,-3.3615190982818604,-5.826631546020508
-6.260453224182129,-1.5385843515396118,-5.786400318145752
-5.079837799072266,-0.325940877199173,-5.70758056640625
-4.459466934204102,0.3427181541919708,-5.724808692932129
-4.304346561431885,0.7087308764457703,-5.939014434814453
-4.469577789306641,0.9173921942710876,-6.407562732696533
-4.878596782684326,1.0750508308410645,-7.206625461578369
-5.388981819152832,1.1293880939483643,-8.275689125061035
-5.730770587921143,1.1750972270965576,-9.211761474609375
-5.7363481521606445,1.5610543489456177,-9.769538879394531
-5.317185878753662,2.3359782695770264,-9.978322982788086
-4.513777256011963,3.382305383682251,-9.905945777893066
-3.3085899353027344,4.588809967041016,-9.519835472106934
-1.8104568719863892,5.878068447113037,-9.0608491897583
-0.3299112021923065,6.687736511230469,-8.67131519317627
1.0573464632034302,7.0200676918029785,-8.337549209594727
2.1945436000823975,7.0504865646362305,-8.055047035217285
2.9729087352752686,6.832458972930908,-7.926311492919922
3.5462591648101807,6.5232391357421875,-7.966805458068848
4.175206661224365,6.2756428718566895,-8.18755054473877
4.880214214324951,6.018296241760254,-8.583930015563965
5.5934600830078125,5.656002998352051,-9.009180068969727
6.245408058166504,5.112346649169922,-9.371452331542969
6.8725175857543945,4.376523017883301,-9.6890230178833
7.386585235595703,3.46492600440979,-9.927522659301758
7.784956455230713,2.375821590423584,-10.08869457244873
8.134784698486328,1.2078608274459839,-10.185099601745605
8.35270881652832,-0.08864717930555344,-10.138964653015137
8.290273666381836,-1.3081966638565063,-9.83445930480957
7.966448783874512,-2.140981674194336,-9.125067710876465
7.693284511566162,-2.426931619644165,-8.025147438049316
7.4820380210876465,-2.0957043170928955,-6.699775218963623
7.197726726531982,-1.1265511512756348,-5.098892688751221
7.022057056427002,0.747658371925354,-3.240985870361328
6.903989315032959,3.1468863487243652,-1.3211500644683838
6.911671161651611,5.665436267852783,0.5855183005332947
7.286221027374268,7.889660835266113,2.34479022026062
7.999459743499756,9.491011619567871,3.7211873531341553
9.024819374084473,10.304747581481934,4.685056209564209
10.427040100097656,10.132360458374023,5.359911918640137
12.208794593811035,8.836421012878418,5.861962795257568
14.162540435791016,6.754448890686035,6.135407447814941
15.788830757141113,4.43325138092041,6.172417640686035
16.732187271118164,2.3426146507263184,6.120248317718506
16.972749710083008,1.0098868608474731,6.066618919372559
16.951519012451172,0.524241030216217,5.701115131378174
16.88656997680664,0.6602417230606079,4.765491962432861
16.479148864746094,0.45772382616996765,3.173205852508545
15.38866138458252,-0.7778155207633972,1.1500204801559448
14.175124168395996,-2.5425667762756348,-0.6938015222549438
13.764269828796387,-4.032109260559082,-2.0914623737335205
13.650626182556152,-5.388525485992432,-3.3145792484283447
13.56789493560791,-5.951306343078613,-3.68835186958313
13.146982192993164,-5.6282830238342285,-3.571788787841797
11.278665542602539,-5.0419440269470215,-4.081981182098389
8.729954719543457,-4.031555652618408,-4.871297836303711
6.672094345092773,-2.6239569187164307,-5.769560813903809
5.022727966308594,-1.7053248882293701,-6.572129249572754
3.626922845840454,-1.5398542881011963,-7.373146057128906
2.4962379932403564,-1.7891108989715576,-8.019968032836914
1.5218371152877808,-2.2279489040374756,-8.50329303741455
0.7276343107223511,-2.792435646057129,-8.893902778625488
0.1595011204481125,-3.1975314617156982,-9.22790813446045
-0.09627632051706314,-3.1683971881866455,-9.484989166259766
-0.08953294903039932,-2.7175145149230957,-9.706239700317383
0.05385696887969971,-1.9883908033370972,-9.856335639953613
0.22204189002513885,-1.0115283727645874,-9.881646156311035
0.3669215738773346,0.13973088562488556,-9.786335945129395
0.47087007761001587,1.339879035949707,-9.59301471710205
0.6065880060195923,2.5597591400146484,-9.337512969970703
0.7989183664321899,3.7860255241394043,-9.100674629211426
1.0153782367706299,4.86279296875,-8.863630294799805
1.2394194602966309,5.561685562133789,-8.688509941101074
1.4304804801940918,5.79946231842041,-8.564545631408691
1.5375103950500488,5.625315189361572,-8.572972297668457
1.549883484840393,5.18639612197876,-8.8184175491333
1.3983498811721802,4.4604597091674805,-9.259991645812988
1.1521339416503906,3.6688930988311768,-9.9168701171875
0.8836104273796082,2.957887649536133,-10.804542541503906
0.5482116341590881,2.458604097366333,-11.511037826538086
-0.09497268497943878,2.0390121936798096,-11.943790435791016
-0.91062331199646,1.801101803779602,-12.316082954406738
-1.5714075565338135,1.7252368927001953,-12.615537643432617
-2.1469478607177734,1.581004023551941,-12.742819786071777
-2.5747601985931396,1.2700244188308716,-12.716899871826172
-2.863506317138672,0.8667904138565063,-12.616408348083496
-3.0961742401123047,0.23621463775634766,-12.363675117492676
-3.3430356979370117,-0.45585304498672485,-11.955114364624023
-3.6424310207366943,-1.3062809705734253,-11.40064525604248
-3.94185733795166,-2.3354294300079346,-10.782641410827637
-4.120538711547852,-3.4175362586975098,-10.239459991455078
-4.2130537033081055,-4.663637638092041,-9.825872421264648
-4.28532075881958,-6.145420551300049,-9.510283470153809
-4.404289722442627,-7.706795692443848,-9.28676986694336
-4.6355485916137695,-9.152191162109375,-8.954614639282227
-5.121149063110352,-10.110024452209473,-8.409493446350098
-5.966655731201172,-10.483123779296875,-7.560375690460205
-6.952947616577148,-10.314730644226074,-6.470575332641602
-7.973240852355957,-9.713173866271973,-5.370172500610352
-8.992093086242676,-8.938628196716309,-4.344334125518799
-9.97144603729248,-8.322649955749512,-3.4499857425689697
-10.787657737731934,-7.918567180633545,-2.7445149421691895
-11.420791625976562,-7.565463066101074,-2.255687952041626
-11.879870414733887,-7.09376859664917,-1.935742974281311
-12.125864028930664,-6.432147979736328,-1.8277976512908936
-12.052529335021973,-5.563879013061523,-2.0116212368011475
-11.484687805175781,-4.398633003234863,-2.4737637042999268
-10.263296127319336,-2.809666872024536,-3.196161985397339
-8.538097381591797,-1.18723726272583,-4.064676284790039
-6.650923252105713,-0.10364598035812378,-4.863252639770508
-4.974886894226074,0.21158574521541595,-5.467045307159424
-3.8394322395324707,0.23153655230998993,-5.843759059906006
-3.4115676879882812,0.4144352078437805,-6.108848571777344
-3.6514222621917725,0.9123334288597107,-6.497336387634277
-4.26319694519043,1.635086178779602,-7.0550713539123535
-4.930646896362305,2.3704004287719727,-7.73323392868042
-5.42983341217041,3.0419554710388184,-8.45840835571289
-5.556948661804199,3.6776716709136963,-9.100404739379883
-5.1103410720825195,4.349773406982422,-9.493139266967773
-4.1076741218566895,5.008944034576416,-9.714106559753418
-2.6518259048461914,5.601093769073486,-9.716207504272461
-0.8822822570800781,6.129218101501465,-9.491233825683594
0.8997257351875305,6.36858606338501,-9.074920654296875
2.547903537750244,6.386926651000977,-8.644330978393555
3.8955578804016113,6.300436496734619,-8.382278442382812
4.838649272918701,6.046813488006592,-8.363466262817383
5.443106174468994,5.5176801681518555,-8.661704063415527
5.827085018157959,4.675362586975098,-9.13326358795166
6.198843479156494,3.6844751834869385,-9.6174898147583
6.529086112976074,2.687985897064209,-10.026583671569824
6.682145595550537,1.726803183555603,-10.291935920715332
6.654799461364746,0.7190736532211304,-10.310909271240234
6.614870548248291,-0.2521139681339264,-10.02921199798584
6.640659332275391,-1.1053823232650757,-9.46084976196289
6.805032730102539,-1.6817529201507568,-8.74548053741455
7.000239372253418,-2.026939868927002,-8.01147174835205
7.154879570007324,-2.0911850929260254,-7.166621208190918
7.349647045135498,-1.7912933826446533,-6.210176467895508
7.665660858154297,-1.1904551982879639,-5.262784957885742
7.968249797821045,-0.4769750237464905,-4.405505657196045
8.343304634094238,0.4822404384613037,-3.5889554023742676
8.99254035949707,1.6347905397415161,-2.9116647243499756
9.876934051513672,2.5634684562683105,-2.2499730587005615
10.968820571899414,3.3608977794647217,-1.610139012336731
12.268272399902344,4.201158046722412,-1.0708318948745728
13.434305191040039,4.802910804748535,-0.7298399806022644
14.367508888244629,5.104734897613525,-0.4919963777065277
15.14610481262207,4.974076271057129,-0.3210640549659729
15.687705993652344,4.365705966949463,-0.30667659640312195
15.93807601928711,3.5881965160369873,-0.36984384059906006
15.907336235046387,3.026674270629883,-0.4623904228210449
15.688754081726074,2.7002100944519043,-0.5519198179244995
15.392007827758789,2.4987945556640625,-0.6772115230560303
15.1409330368042,2.1289494037628174,-0.8010474443435669
14.847517013549805,1.3479435443878174,-0.8669329285621643
14.425742149353027,0.09682581573724747,-0.9374976754188538
13.964738845825195,-1.462748646736145,-1.00751793384552
13.657544136047363,-3.219905138015747,-1.1400165557861328
13.32431411743164,-5.100437641143799,-1.5527880191802979
12.504850387573242,-6.941399574279785,-2.38908052444458
10.711499214172363,-8.230334281921387,-3.6856110095977783
8.129532814025879,-8.618487358093262,-4.88720703125
5.479012966156006,-7.664802551269531,-5.911149024963379
3.3782742023468018,-6.058755874633789,-7.017836093902588
2.015892267227173,-4.578239917755127,-8.163143157958984
1.3183951377868652,-3.4137659072875977,-9.27261734008789
0.9691120386123657,-2.5505125522613525,-10.2526273727417
0.6935518383979797,-1.868904948234558,-11.000994682312012
0.39292988181114197,-1.2421374320983887,-11.426114082336426
0.04915016144514084,-0.6210907697677612,-11.71418285369873
-0.22470185160636902,0.10429739952087402,-11.86876106262207
-0.31089743971824646,1.0139330625534058,-11.904367446899414
-0.1791422814130783,2.0101730823516846,-11.878839492797852
0.1406511515378952,3.0039784908294678,-11.816696166992188
0.5567741394042969,3.831226348876953,-11.721964836120605
1.001872181892395,4.434874057769775,-11.657114028930664
1.391836166381836,4.747745990753174,-11.542963027954102
1.6809492111206055,4.802552223205566,-11.337075233459473
1.8124014139175415,4.541975498199463,-11.098234176635742
1.7917362451553345,4.0012311935424805,-10.983271598815918
1.6385881900787354,3.3092286586761475,-11.129613876342773
1.2574371099472046,2.524123191833496,-11.378961563110352
0.6507700085639954,1.8699860572814941,-11.700066566467285
-0.04630971699953079,1.622314453125,-12.026325225830078
-0.7516348958015442,1.5886354446411133,-12.296634674072266
-1.4175890684127808,1.803693175315857,-12.546993255615234
-1.8318184614181519,2.1311278343200684,-12.736770629882812
-1.9653743505477905,2.3757762908935547,-12.880866050720215
-1.9520981311798096,2.43747615814209,-13.062450408935547
-1.8002067804336548,2.039337635040283,-13.146550178527832
-1.6820783615112305,1.3797023296356201,-13.13606071472168
-1.6835769414901733,0.4195808470249176,-12.858911514282227
-1.9453734159469604,-0.5802644491195679,-12.265496253967285
-2.5809903144836426,-1.4055540561676025,-11.459099769592285
-3.408864736557007,-1.9475619792938232,-10.624842643737793
-4.217456817626953,-2.4171817302703857,-9.94941520690918
-4.91001033782959,-3.040273427963257,-9.598803520202637
-5.54720401763916,-4.233006954193115,-9.543739318847656
-6.1068291664123535,-5.782639503479004,-9.687655448913574
-6.609536647796631,-7.376007556915283,-9.823620796203613
-7.323028564453125,-8.757290840148926,-9.728769302368164
-8.122766494750977,-9.630687713623047,-9.245149612426758
-8.885339736938477,-10.012088775634766,-8.534454345703125
-9.64384937286377,-10.170900344848633,-7.756961345672607
-10.480488777160645,-10.212228775024414,-7.00170373916626
-11.265424728393555,-9.82084846496582,-6.370467662811279
-11.731986999511719,-8.866454124450684,-5.98547887802124
-11.695904731750488,-7.468747138977051,-5.8719162940979
-10.992942810058594,-5.759366035461426,-6.052741527557373
-9.525771141052246,-3.9288220405578613,-6.507665157318115
-7.47730016708374,-2.3976078033447266,-6.7987518310546875
-5.555294513702393,-1.6143426895141602,-6.979671478271484
-4.333069324493408,-1.3019760847091675,-7.129306793212891
-3.8593862056732178,-0.8240135908126831,-7.278532981872559
-3.93111515045166,0.14608483016490936,-7.585536003112793
-4.368417739868164,1.4197207689285278,-8.303844451904297
-4.817071914672852,2.606189727783203,-9.251705169677734
-4.810978889465332,3.4018867015838623,-10.101146697998047
-4.321521759033203,3.6296374797821045,-10.734540939331055
-3.400266408920288,3.6116344928741455,-10.889673233032227
-2.2318437099456787,3.762425422668457,-10.527338981628418
-0.8791842460632324,4.424733638763428,-9.87807846069336
0.5378198623657227,5.482097148895264,-9.151484489440918
2.0672404766082764,6.644650936126709,-8.612045288085938
3.6458137035369873,7.356834411621094,-8.49129867553711
5.03510046005249,7.222140312194824,-8.918892860412598
6.085732936859131,6.281951427459717,-9.75638198852539
6.822171211242676,4.933263778686523,-10.640019416809082
7.2763471603393555,3.708968162536621,-11.421295166015625
7.315067768096924,2.579894781112671,-12.013899803161621
7.022702217102051,1.6291841268539429,-12.282878875732422
6.605116844177246,0.9112813472747803,-12.118163108825684
6.401737213134766,0.4866867959499359,-11.403440475463867
6.588752746582031,0.430833101272583,-10.1361722946167
7.021257400512695,0.6928154230117798,-8.49412727355957
7.614635467529297,1.0660020112991333,-6.707889080047607
8.408197402954102,1.3016120195388794,-5.044641017913818
8.838025093078613,1.0951144695281982,-3.607414722442627
8.87330150604248,0.7367045283317566,-2.3706653118133545
8.938491821289062,0.7395618557929993,-1.3510481119155884
8.984748840332031,1.0104408264160156,-0.5080204606056213
9.144070625305176,1.4259974956512451,0.17291198670864105
9.527312278747559,1.8375754356384277,0.6326383352279663
10.2578125,2.1474802494049072,0.9784018397331238
11.2268705368042,2.3637611865997314,1.2705786228179932
12.196022987365723,2.3802614212036133,1.5610408782958984
12.928388595581055,2.352430820465088,1.9147828817367554
13.261037826538086,2.3104517459869385,2.2803571224212646
13.328700065612793,2.4119644165039062,2.6068954467773438
13.182138442993164,2.5573766231536865,2.797292470932007
12.942665100097656,2.747455358505249,2.9001364707946777
12.696860313415527,3.017054796218872,2.9163758754730225
12.368048667907715,3.153437852859497,2.8972859382629395
12.115486145019531,3.0627553462982178,2.8251776695251465
12.174531936645508,2.5975608825683594,2.6104774475097656
12.511931419372559,1.4882593154907227,2.1392197608947754
12.943113327026367,0.08358530700206757,1.366324782371521
13.264074325561523,-1.6166824102401733,0.423262357711792
13.451797485351562,-3.4799554347991943,-0.5087602734565735
13.304117202758789,-5.1160197257995605,-1.6143742799758911
12.578474998474121,-6.219573974609375,-3.0165069103240967
11.220288276672363,-6.403197765350342,-4.613124370574951
9.420431137084961,-5.665433406829834,-6.244379043579102
7.540285110473633,-4.325532913208008,-7.729016304016113
6.094383716583252,-2.743594169616699,-8.79832649230957
5.520744800567627,-1.2754849195480347,-9.278061866760254
5.3766279220581055,-0.4970056414604187,-9.514200210571289
5.331576824188232,-0.4033198952674866,-9.826666831970215
5.24137544631958,-0.5844533443450928,-10.266932487487793
4.9786248207092285,-0.5735684633255005,-10.697673797607422
4.64786958694458,-0.1067572832107544,-10.911909103393555
4.209780216217041,0.5936508774757385,-10.916325569152832
3.839426279067993,1.5687824487686157,-10.922645568847656
3.6906793117523193,2.581578493118286,-10.915328979492188
3.642730474472046,3.402617931365967,-10.907452583312988
3.481309413909912,3.9585061073303223,-10.83624267578125
3.1648170948028564,4.169644832611084,-10.703179359436035
2.661386728286743,3.9585952758789062,-10.534454345703125
1.9768613576889038,3.3916239738464355,-10.425267219543457
1.1772738695144653,2.6056020259857178,-10.436853408813477
0.4189532399177551,1.9307949542999268,-10.642463684082031
-0.181141659617424,1.547431230545044,-10.939555168151855
-0.6082968711853027,1.4599363803863525,-11.166531562805176
-0.8255130648612976,1.7143383026123047,-11.318559646606445
-0.8377676606178284,2.222235918045044,-11.418519020080566
-0.7497379183769226,2.6228649616241455,-11.549148559570312
-0.7329114675521851,2.769883155822754,-11.782635688781738
-0.8846805095672607,2.611978054046631,-11.910118103027344
-1.2316300868988037,2.260042190551758,-11.818350791931152
-1.695395827293396,2.009312868118286,-11.600890159606934
-2.192425489425659,1.6804803609848022,-11.301241874694824
-2.688239336013794,1.0993530750274658,-10.892216682434082
-3.107390880584717,0.28550809621810913,-10.415542602539062
-3.3580338954925537,-0.5305678844451904,-10.05360221862793
-3.570741653442383,-1.3110798597335815,-9.917570114135742
-3.9568612575531006,-2.047074794769287,-9.950488090515137
-4.547636032104492,-2.64347767829895,-10.139080047607422
-5.29197359085083,-3.1922531127929688,-10.376806259155273
-6.154234409332275,-3.7850587368011475,-10.444701194763184
-6.9982709884643555,-4.292369842529297,-10.252290725708008
-7.675814151763916,-4.763732433319092,-9.844740867614746
-8.21224594116211,-5.268430709838867,-9.338746070861816
-8.66890811920166,-5.902848243713379,-8.840188980102539
-9.049554824829102,-6.702110767364502,-8.402820587158203
-9.285797119140625,-7.518034934997559,-8.102435111999512
-9.469499588012695,-8.109025001525879,-7.918824195861816
-9.52157211303711,-8.092528343200684,-7.8979172706604
-9.43730640411377,-7.269080638885498,-7.936847686767578
-9.233339309692383,-5.812648773193359,-7.887115001678467
-8.751712799072266,-4.115583419799805,-7.580935478210449
-7.632168292999268,-2.2124598026275635,-7.165683746337891
-6.230091571807861,-0.6880152225494385,-6.686675071716309
-4.894529342651367,0.557509183883667,-6.497552394866943
-3.8915822505950928,1.518959641456604,-6.718881607055664
-3.2102646827697754,2.270951986312866,-7.350045204162598
-2.843435287475586,2.8454911708831787,-8.263251304626465
-2.844182014465332,3.0019192695617676,-9.271087646484375
-2.9775400161743164,3.0371766090393066,-10.046935081481934
-3.030066728591919,3.401249647140503,-10.521628379821777
-2.8951661586761475,4.019847869873047,-10.807550430297852
-2.4708800315856934,4.775001525878906,-11.001938819885254
-1.618459701538086,5.484213829040527,-10.979179382324219
-0.45989108085632324,5.9979376792907715,-10.605658531188965
0.7902265191078186,6.516598224639893,-9.85494327545166
1.8296724557876587,7.2427263259887695,-8.71830940246582
2.5282349586486816,8.445720672607422,-7.384223937988281
2.944716691970825,9.829797744750977,-6.150060176849365
3.296773910522461,11.097098350524902,-5.250899314880371
3.755629062652588,11.84416389465332,-4.677506446838379
4.406650066375732,11.799187660217285,-4.241831302642822
5.251817226409912,11.258048057556152,-3.8171603679656982
6.0958123207092285,10.54870319366455,-3.4273436069488525
6.780228614807129,9.832965850830078,-3.1417791843414307
7.261528491973877,9.261549949645996,-2.8853824138641357
7.46627140045166,8.887751579284668,-2.6086106300354004
7.440812110900879,8.699173927307129,-2.279019355773926
7.314291000366211,8.700735092163086,-1.8799382448196411
7.117743968963623,8.786811828613281,-1.4401198625564575
6.8732380867004395,8.849712371826172,-0.9585603475570679
6.550113677978516,8.737635612487793,-0.41830989718437195
6.1722917556762695,8.33442211151123,0.18352171778678894
5.759222030639648,7.702546119689941,0.8024299740791321
5.255349636077881,6.914905071258545,1.388128638267517
4.710524559020996,6.198793411254883,1.8425475358963013
4.087737083435059,5.8756818771362305,2.2039883136749268
3.47007155418396,5.837655067443848,2.675734519958496
2.722207546234131,6.227492809295654,3.167732000350952
1.7970000505447388,6.883275985717773,3.6310746669769287
0.7161615490913391,7.635762691497803,4.07821798324585
-0.3873157501220703,8.332850456237793,4.4832682609558105
-1.3992856740951538,8.846548080444336,4.793994903564453
-2.257822275161743,9.063095092773438,4.990724563598633
-2.9494287967681885,8.992107391357422,5.090217590332031
-3.462139368057251,8.687210083007812,5.096994400024414
-3.8263094425201416,8.38178539276123,5.0354156494140625
-4.164031028747559,8.177168846130371,4.9039387702941895
-4.55579137802124,8.182242393493652,4.706951141357422
-5.048956394195557,8.283658027648926,4.427127838134766
-5.545964241027832,8.307842254638672,4.132324695587158
-5.98737096786499,7.994696140289307,3.917741298675537
-6.306082725524902,7.309960842132568,3.815690040588379
-6.398958683013916,6.272899627685547,3.808565855026245
-6.173222541809082,5.157199382781982,3.8009629249572754
-5.703068733215332,4.063018798828125,3.6685080528259277
-5.0161004066467285,3.1482982635498047,3.3399429321289062
-4.116617202758789,2.7320473194122314,2.8383355140686035
-3.2693264484405518,2.877075433731079,2.251056671142578
-2.5401411056518555,3.105947494506836,1.6299792528152466
-2.022402286529541,4.238008975982666,1.143983006477356
-2.1265876293182373,4.810718536376953,0.40715402364730835
-2.2396631240844727,5.01480770111084,-0.10653673112392426
-2.3323848247528076,4.761153221130371,-0.3916877806186676
-2.3305001258850098,4.205633640289307,-0.5009328126907349
-2.2422168254852295,3.440856695175171,-0.4179239571094513
-2.0770113468170166,2.671359062194824,-0.22700370848178864
-1.8789095878601074,2.1734390258789062,-0.05264521390199661
-1.6976977586746216,2.0188026428222656,0.09465283900499344
-1.4624990224838257,2.057818651199341,0.20817460119724274
-1.1689985990524292,2.1804237365722656,0.279976487159729
-0.841223955154419,2.1789112091064453,0.2547411620616913
-0.5253578424453735,2.0834219455718994,0.11135818809270859
-0.2469578981399536,1.8407801389694214,-0.08283844590187073
-0.09502341598272324,1.5308761596679688,-0.31225892901420593
-0.09619840234518051,1.2050964832305908,-0.4908446669578552
-0.20595788955688477,0.8697420358657837,-0.5226170420646667
-0.3645283281803131,0.5230695605278015,-0.45710909366607666
-0.5076078772544861,0.18731102347373962,-0.3178277909755707
-0.6051719784736633,-0.13739542663097382,-0.15341034531593323
-0.671314001083374,-0.38927650451660156,-0.05408450588583946
-0.7095985412597656,-0.5363650321960449,0.021432891488075256
-0.7083369493484497,-0.6286820769309998,0.0918920561671257
-0.7149149179458618,-0.6221264004707336,0.0771205723285675
-0.7416480183601379,-0.5159538388252258,-0.0235980786383152
-0.7985150218009949,-0.4078787565231323,-0.18732015788555145
-0.8599737882614136,-0.20850689709186554,-0.36340153217315674
-0.9066792726516724,-0.0218438059091568,-0.5388029217720032
-0.9164448976516724,0.054334063082933426,-0.6801087856292725
-0.8891525864601135,0.06145029515028,-0.7672013640403748
-0.8607832789421082,0.06602746993303299,-0.7946942448616028
-0.8430388569831848,0.09927011281251907,-0.7663422226905823
-0.8246065974235535,0.11263224482536316,-0.7099881172180176
0.4725855886936188,-0.6735320687294006,-0.9942051768302917
1.5706732273101807,-1.0120244026184082,-1.2272050380706787
2.452882766723633,-1.2565010786056519,-1.2736778259277344
2.725538969039917,-1.1670074462890625,-1.3326599597930908
2.3820295333862305,-0.5734695196151733,-1.1818726062774658
1.84456205368042,-0.15016452968120575,-1.10134756565094
1.2790549993515015,0.13005700707435608,-1.1519356966018677
0.7058332562446594,0.218074768781662,-1.2494404315948486
0.23900055885314941,0.1734955906867981,-1.3462399244308472
-0.10910574346780777,0.21272532641887665,-1.37134850025177
-0.35334450006484985,0.26021480560302734,-1.3442708253860474
-0.46321162581443787,0.2434917837381363,-1.3131283521652222
-0.45900648832321167,0.14676524698734283,-1.2993403673171997
-0.36322012543678284,0.07236029207706451,-1.2768088579177856
-0.23670028150081635,-0.13083729147911072,-1.265658974647522
-0.18328367173671722,-0.3506000339984894,-1.2885565757751465
-0.11809509247541428,-0.4122871160507202,-1.2233235836029053
-0.06537975370883942,-0.4626476466655731,-1.1414415836334229
-0.06674515455961227,-0.5811899900436401,-1.0547330379486084
-0.08457212150096893,-0.6349520683288574,-0.9766318798065186
0.03434228524565697,-0.6185621619224548,-0.9878852963447571
0.038121599704027176,-0.3185730278491974,-1.019704818725586
-0.04299535974860191,0.06356529146432877,-1.043304681777954
0.0744374692440033,0.3102998435497284,-1.1297708749771118
0.3795827031135559,0.16931582987308502,-1.2171446084976196
0.481401264667511,0.19269444048404694,-1.441341519355774
0.46293383836746216,0.09500197321176529,-1.6827917098999023
0.5519240498542786,-0.1574036031961441,-1.8002300262451172
0.6239439249038696,-0.3410748839378357,-2.0077733993530273
0.7061927914619446,-0.4672802686691284,-2.133650779724121
0.9821775555610657,-0.437543123960495,-1.6591094732284546
1.0108212232589722,-0.44490373134613037,-0.8708291053771973
0.8766072392463684,-0.22475352883338928,-0.345140278339386
0.6631458401679993,0.15849030017852783,-0.08106331527233124
0.4463892877101898,0.4130741059780121,0.027278603985905647
0.27495214343070984,0.5163969993591309,0.0963457003235817
0.18822495639324188,0.7054409384727478,0.11237180233001709
0.23481419682502747,1.0167152881622314,0.18217363953590393
0.36428430676460266,1.084370732307434,0.30963706970214844
0.5319309830665588,1.1022205352783203,0.38837724924087524
0.7402759790420532,1.3603469133377075,0.36047878861427307
0.9533379077911377,1.4045372009277344,0.28983068466186523
1.1394802331924438,1.3020433187484741,0.17663222551345825
1.258569598197937,1.2502983808517456,0.032804280519485474
1.347448706626892,1.3867933750152588,-0.07388515025377274
1.4749336242675781,1.5827223062515259,-0.08981218934059143
1.651503562927246,1.495811104774475,0.01954360119998455
1.8805675506591797,1.1665226221084595,0.2369663119316101
2.133692979812622,0.8307757377624512,0.4895098805427551
2.2480716705322266,0.7855761647224426,0.6967483758926392
2.1519386768341064,0.8437188267707825,0.7747923135757446
1.992130160331726,0.7695727944374084,0.6836288571357727
1.8447604179382324,0.38250285387039185,0.41308876872062683
1.7152960300445557,-0.23455892503261566,0.0153353251516819
1.5894560813903809,-0.8215006589889526,-0.3983587920665741
1.4699926376342773,-1.205214500427246,-0.7700005173683167
1.3376694917678833,-1.3298754692077637,-1.052630066871643
1.1800254583358765,-1.261127233505249,-1.1775058507919312
0.9763492345809937,-1.1191421747207642,-1.0981708765029907
0.7500150799751282,-0.9815056324005127,-0.7950143218040466
0.5158041715621948,-0.8336818218231201,-0.4242844879627228
0.25957342982292175,-0.6872895359992981,-0.1652107834815979
-0.027804287150502205,-0.5803980231285095,-0.09496672451496124
-0.2667887210845947,-0.47173643112182617,-0.1797797828912735
-0.37048715353012085,-0.4859124422073364,-0.3849518597126007
-0.37587276101112366,-0.7225127220153809,-0.6146482229232788
-0.3297790288925171,-1.130876064300537,-0.8082028031349182
-0.21548159420490265,-1.5261521339416504,-0.9714251756668091
-0.016065159812569618,-1.734130859375,-1.1246424913406372
0.19998699426651,-1.8388525247573853,-1.2544223070144653
0.38690733909606934,-1.9261651039123535,-1.3215241432189941
0.4924028813838959,-1.9197840690612793,-1.3226901292800903
0.3754611015319824,-1.81989324092865,-1.278131127357483
-0.1799091249704361,-1.5299177169799805,-1.218356728553772
-0.9436219334602356,-1.014621376991272,-1.220823049545288
-1.3218785524368286,-0.7952195405960083,-1.231715440750122
-1.2081881761550903,-1.0399478673934937,-1.2842636108398438
-0.9285939931869507,-1.5029972791671753,-1.359581470489502
-0.7297903299331665,-1.888932466506958,-1.3917386531829834
-0.6832073926925659,-2.0598981380462646,-1.373892068862915
-0.7328026294708252,-2.0726025104522705,-1.3398791551589966
-0.7617098689079285,-1.9373904466629028,-1.2863918542861938
-0.6747409105300903,-1.6086612939834595,-1.1916048526763916
-0.4776153564453125,-1.1296157836914062,-1.0672236680984497
-0.22735758125782013,-0.566046953201294,-0.9254919290542603
0.04521143436431885,0.07854310423135757,-0.7855484485626221
0.3287898600101471,0.6776401400566101,-0.6620707511901855
0.6027131676673889,1.2145949602127075,-0.6163718104362488
0.8457252979278564,1.6409348249435425,-0.6446319818496704
1.0373024940490723,1.937246561050415,-0.6679202318191528
1.1851884126663208,2.1654391288757324,-0.6700912714004517
1.2909049987792969,2.3434879779815674,-0.6596868634223938
1.339618444442749,2.5073060989379883,-0.6222425699234009
1.3649778366088867,2.646723747253418,-0.5810394287109375
1.3570504188537598,2.7257282733917236,-0.5445953607559204
1.240645170211792,2.760246992111206,-0.5307202339172363
1.0519561767578125,2.8146231174468994,-0.5275649428367615
0.9100404381752014,2.926957607269287,-0.5275900363922119
0.8720019459724426,3.0216801166534424,-0.537971019744873
0.926700234413147,3.1346774101257324,-0.5791034698486328
1.1012102365493774,3.327239751815796,-0.6620599031448364
1.3710081577301025,3.5241825580596924,-0.7721022367477417
1.6817727088928223,3.806671619415283,-0.8846016526222229
1.9345122575759888,4.035734176635742,-1.0268223285675049
2.016814947128296,4.224828720092773,-1.1657663583755493
2.0059196949005127,4.579792499542236,-1.2107504606246948
1.9935027360916138,4.951547145843506,-1.2379810810089111
2.0037002563476562,5.173799514770508,-1.2451504468917847
2.0866920948028564,5.173768997192383,-1.2337532043457031
2.269953489303589,4.991044998168945,-1.2243529558181763
2.5189075469970703,4.760137557983398,-1.1978881359100342
2.7878544330596924,4.553942680358887,-1.1312472820281982
3.082249641418457,4.437097072601318,-0.977556586265564
3.347113847732544,4.352432727813721,-0.7583333849906921
3.4745287895202637,4.346323013305664,-0.5690603852272034
3.4930644035339355,4.398400783538818,-0.39403459429740906
3.546887159347534,4.3677592277526855,-0.23996593058109283
3.721444606781006,4.3281707763671875,-0.07017800211906433
3.9347221851348877,4.301272392272949,0.06894366443157196
4.104761123657227,4.28401517868042,0.20435291528701782
4.231011867523193,4.271652698516846,0.31762436032295227
4.346824645996094,4.224515438079834,0.3895112872123718
4.430014133453369,3.8727855682373047,0.3920402228832245
4.371097564697266,3.2958035469055176,0.3713577389717102
4.098072052001953,2.6706550121307373,0.37912511825561523
3.702845573425293,2.185814380645752,0.41542819142341614
3.265751361846924,1.9418379068374634,0.44518768787384033
2.8430871963500977,1.7315433025360107,0.4334986209869385
2.480297565460205,1.5036091804504395,0.35572683811187744
2.1981472969055176,1.3046720027923584,0.21492870151996613
1.937968134880066,1.1888335943222046,0.0315447673201561
1.7351057529449463,1.058186411857605,-0.15048660337924957
1.594522476196289,0.9719088077545166,-0.2495516687631607
1.4943944215774536,1.0068941116333008,-0.27690839767456055
1.4878127574920654,1.0789302587509155,-0.27187448740005493
1.5148847103118896,1.185677170753479,-0.22390678524971008
1.5124870538711548,1.3294931650161743,-0.15531601011753082
1.489099383354187,1.403376817703247,-0.1561708301305771
1.4152491092681885,1.4229087829589844,-0.22018390893936157
1.3221254348754883,1.382030725479126,-0.2872353494167328
1.2258855104446411,1.2853065729141235,-0.29200851917266846
1.1254937648773193,1.2316070795059204,-0.2437279224395752
1.0593997240066528,1.1717514991760254,-0.1911584585905075
1.0103957653045654,1.1250767707824707,-0.14420439302921295
0.9809825420379639,1.1282886266708374,-0.13767565786838531
0.9692047834396362,1.0906940698623657,-0.21722275018692017
0.923944354057312,0.9609557390213013,-0.3750384747982025
0.7948721647262573,0.7741712927818298,-0.4945888817310333
0.6087374687194824,0.5655555129051208,-0.556140661239624
0.3860848546028137,0.2999665141105652,-0.5530393719673157
0.15876196324825287,0.030350245535373688,-0.48572874069213867
-0.017356399446725845,-0.10080043971538544,-0.3759065866470337
-0.11393220722675323,-0.12784244120121002,-0.2760889232158661
-0.13622863590717316,-0.11215197294950485,-0.19609561562538147
-0.1083647757768631,-0.025481529533863068,-0.10631859302520752
-0.07021532952785492,-0.013287845999002457,-0.00815256591886282
-0.09285885840654373,-0.15661464631557465,0.08671589195728302
-0.20027363300323486,-0.39049243927001953,0.17539562284946442
-0.36984163522720337,-0.7074936032295227,0.2592204809188843
-0.46848535537719727,-0.861397385597229,0.36122459173202515
-0.5053893327713013,-1.0444231033325195,0.43586528301239014
-0.5240581631660461,-1.482740879058838,0.42150527238845825
-0.5585825443267822,-1.9285974502563477,0.3387161195278168
1.133839726448059,0.21514005959033966,0.16998359560966492
0.8206355571746826,0.7329784035682678,0.28418445587158203
0.4288255572319031,0.8611018657684326,0.35939541459083557
0.13330337405204773,0.7014719843864441,0.350692480802536
-0.022105643525719643,0.5276972651481628,0.30152010917663574
-0.10627085715532303,0.45151326060295105,0.22861900925636292
-0.08868912607431412,0.4366913437843323,0.24129852652549744
0.02299240231513977,0.5106931328773499,0.2976941466331482
0.20096708834171295,0.7273357510566711,0.3684770464897156
0.43477797508239746,1.0023877620697021,0.4225541353225708
0.7575153112411499,1.2632404565811157,0.3618159592151642
1.0974270105361938,1.5860453844070435,0.5136006474494934
1.5405406951904297,-0.43633633852005005,0.3103327751159668
-0.04541519656777382,0.22448870539665222,0.13008947670459747
-0.01445220597088337,0.08969204872846603,0.02630421705543995
0.013557590544223785,0.049152880907058716,0.1467999964952469
0.012422370724380016,0.04348425194621086,0.21063829958438873
0.008049193769693375,0.027308745309710503,0.2098255157470703
-0.0011603845050558448,0.020655689761042595,0.18650934100151062
-0.0024245870299637318,0.025410231202840805,0.08222687989473343
-0.0019114116439595819,0.022791245952248573,0.04942633584141731
0.0018665487878024578,0.018705956637859344,-0.0066150943748652935
-0.0005209751543588936,0.01079903170466423,-0.14874400198459625
-6.770514301024377e-05,0.007489788345992565,-0.33788490295410156
0.0023949744645506144,0.007734381128102541,-0.4800175726413727
0.0006788334576413035,0.006791356019675732,-0.36120888590812683
0.00212433491833508,0.0051991865038871765,-0.19888892769813538
-0.0006999473553150892,0.0025594616308808327,-0.03692665696144104
9.451257210457698e-05,0.0009179713670164347,-0.001279208343476057
-0.0017183012096211314,-0.00024343316908925772,-0.0009708143770694733
0.001674917875789106,0.001302978373132646,0.0012965351343154907
0.004356987774372101,-0.000940734869800508,0.0005553774535655975
-0.0010289023630321026,-8.304257062263787e-05,-0.0013100323267281055
-0.0009948138613253832,-0.0005040883552283049,0.0009299525991082191
0.00015711243031546474,0.002573158824816346,0.0025325631722807884
0.000604257162194699,0.0006330459727905691,0.0022308267652988434
-0.0014930289471521974,-0.0013801362365484238,-0.000311125535517931
-0.0006836942629888654,-0.00020035580382682383,0.0002079242840409279
-0.0008138604462146759,-0.00013444421347230673,-0.0023447624407708645
-0.00124902103561908,-0.00030195704312063754,-0.0023506213910877705
-0.0013261111453175545,0.0013465422671288252,-0.0013758125714957714
-0.0018179970793426037,0.000858118524774909,-0.0005528954789042473
0.000944523315411061,-0.0013743597082793713,-0.001176091842353344
0.0024966136552393436,-0.001599396811798215,-0.0003361310809850693
-0.0035330727696418762,0.0019300408894196153,-0.0002474309876561165
-0.0001274223905056715,0.0005529202753677964,0.0021408917382359505
-0.0015716233756393194,-0.0006552897393703461,0.003011988941580057
0.0010260238777846098,-9.975432476494461e-05,-0.0023918310180306435
0.0010393084958195686,0.004687744192779064,0.00018400093540549278
0.001082185423001647,-0.0007264622254297137,-0.0004154765047132969
-7.715914398431778e-05,-0.0030451598577201366,0.0018184315413236618
0.0027913316152989864,-0.0008962550782598555,-0.0018135877326130867
0.0019171488238498569,-0.001594786997884512,-0.003179083811119199
-0.000721511198207736,-0.0009215397876687348,-0.0018246001563966274
0.0002000994427362457,0.0001661297574173659,-0.0009046667255461216
-0.0026404280215501785,-0.0002799497451633215,0.0005395659245550632
0.0008560830028727651,-0.001811167923733592,-0.0024522619787603617
0.0017197460401803255,0.00045731282443739474,-0.0008783340454101562
0.0008571638609282672,-0.0019046117085963488,0.0012601730413734913
-0.0002834680490195751,0.002051780465990305,9.552575647830963e-06
0.00021322713291738182,0.0011743019567802548,0.0015736161731183529
0.00013493018923327327,0.001240614685229957,0.0009874538518488407
0.0005039426032453775,-0.0011191617231816053,-1.7818063497543335e-05
-0.0005839586956426501,0.0009154934086836874,-0.0022854995913803577
-0.0013976878253743052,3.826343163382262e-05,0.0010673264041543007
-0.0011358989868313074,0.0008840833907015622,3.6949291825294495e-05
-0.0004635837976820767,-0.00018119635933544487,-7.321173325181007e-05
0.00018702643865253776,-0.0013015882577747107,0.002341742627322674
0.0020717456936836243,0.0008803396485745907,-0.001454327255487442
-0.0011538751423358917,0.0024689151905477047,-0.0002314033918082714
5.9782134485431015e-05,-0.0008149123168550432,-0.00152147701010108
0.001229975139722228,0.00012971085379831493,-0.0004953611642122269
-0.00044563892879523337,0.0015745750861242414,-0.0005430649034678936
-0.001037659589201212,0.0017831006553024054,0.0002697319723665714
-0.00043826026376336813,-0.00011563267617020756,-0.0008050641044974327
-0.0008486533770337701,-0.00030871189665049314,-0.0013587353751063347
0.0016390288947150111,-0.00028575886972248554,0.00025405827909708023
-0.00030108398641459644,-0.0012237242190167308,-0.00022318027913570404
-0.0010377680882811546,0.00012589941616170108,-0.0009195753373205662
0.0028243481647223234,0.0017192686209455132,0.00019389251247048378
0.0010685333982110023,-0.001301538315601647,0.00015873368829488754
0.00239984760992229,0.0012114205164834857,0.00082026282325387
0.0017036341596394777,0.001565753947943449,-0.0002673300914466381
-0.0007384845521301031,0.0008024919661693275,0.001556935254484415
0.0019319525454193354,0.001010401640087366,0.002629597671329975
0.0008102291030809283,0.00037896615685895085,0.00034806784242391586
-0.001241518184542656,0.0016453239368274808,0.0006807292811572552
-0.001908640144392848,-0.0006215587491169572,0.002174229361116886
0.002159734955057502,-0.0005147095071151853,-0.0007275096140801907
-0.0005628145881928504,8.601637091487646e-06,-0.0018231337890028954
0.0006163321668282151,0.0003964868374168873,0.00038298266008496284
0.00011139686830574647,0.001294504851102829,-0.00015178043395280838
-0.000804558047093451,0.0002610510855447501,-0.0012711151503026485
0.0017893608892336488,0.0011100668925791979,0.0006796503439545631
0.0016760173020884395,-0.002396634081378579,0.001100204885005951
0.0007822604384273291,-0.002172395819798112,0.0001947302371263504
-0.0028741974383592606,0.0014880230883136392,0.003223072737455368
-0.0009668414713814855,0.0017900255043059587,-0.00011200364679098129
0.0006020704749971628,-0.0005361400544643402,-0.0011474615894258022
-0.0012874422827735543,-0.0003758177626878023,0.0005428469739854336
-0.0008735524606890976,0.0009576873853802681,-0.0009833364747464657
0.0015821484848856926,0.0013867226662114263,-0.0010616336949169636
-0.001060127979144454,0.0015709307044744492,-0.002363799139857292
0.001629398437216878,-0.00012017658445984125,-0.00129693653434515
-0.002061158185824752,0.0025126587133854628,-0.0009526475332677364
0.002133054193109274,-0.0011366709368303418,0.0013874717988073826
-0.00021883609588257968,-0.0024778186343610287,0.0005064667202532291
0.0012341846013441682,-0.0014365228125825524,0.0005682520568370819
0.00038875703467056155,-0.00040295050712302327,0.00013275165110826492
0.0007967533310875297,0.0004846810770686716,0.0008235755376517773
-0.002292909426614642,-9.068273357115686e-06,0.0008003977127373219
0.00045920134289190173,0.0019241203553974628,-0.0005692662671208382
0.0005340893985703588,-2.1561631001532078e-05,-0.002370110247284174
-0.0008701954502612352,-0.0010647218441590667,0.0006227502599358559
-0.003358019981533289,0.0016746283508837223,0.0013928893022239208
0.001722758635878563,0.0008847347344271839,0.00016756867989897728
0.00041528220754116774,0.0019604747649282217,-0.001573263667523861
0.00030955474358052015,0.0025687406305223703,-0.00012849923223257065
0.0013479962944984436,0.0015539913438260555,-0.0006720083765685558
0.0002731444837991148,0.0010027169482782483,-0.0025074591394513845
-0.0007855601143091917,0.0005746068782173097,-0.00036748964339494705
-0.0006385535816662014,0.0003381181741133332,-0.0006633666343986988
-0.00047545129200443625,-0.0003154589212499559,0.0007345178164541721
-0.0004389660316519439,-0.0012632778380066156,0.0012181480415165424
-0.0013844432542100549,-0.0009075805428437889,0.00040977727621793747
0.0007037413888610899,-0.0003573714639060199,0.0022790501825511456
0.002226895187050104,0.00046235095942392945,-8.917413651943207e-05
-0.0009366738377138972,0.0016439955215901136,0.0018815649673342705
0.0015732517931610346,0.0001612103806110099,-0.0009100623428821564
2.089521149173379e-05,-0.0007932665757834911,-0.0003430754877626896
1.1453870683908463e-05,-0.0009732261532917619,0.0009393468499183655
-0.00018109267693944275,0.0004321239539422095,0.0005566505715250969
0.0008169749053195119,-9.040826989803463e-05,-0.0017666122876107693
-0.0015204815426841378,0.0008789823623374104,-0.0011761891655623913
-0.00236336886882782,0.0007517785998061299,-0.0018219207413494587
-0.00023363882792182267,-0.002163317520171404,-0.0015809047035872936
-0.0019333027303218842,0.0017023971304297447,0.0015215026214718819
-0.0011479365639388561,0.0012200986966490746,-0.001186399720609188
0.0005009593442082405,-0.00025693723000586033,-0.0007252558134496212
0.002231481485068798,-3.749274765141308e-05,-0.0013854536227881908
0.0014230313245207071,0.0008957531535997987,0.0016816072165966034
-0.0008608956122770905,0.0015098780859261751,-2.8940849006175995e-05
-0.00011458768858574331,-0.0006477453280240297,-0.0009580571204423904
-0.00019927622633986175,-0.0005726442323066294,0.0009130798280239105
-0.002086801454424858,-0.0018283866811543703,0.0010111411102116108
-0.0025850790552794933,0.0004153265617787838,0.0008604065515100956
0.0006428161868825555,-0.0014023937983438373,0.0005723768845200539
-0.0017761330818757415,0.0005923138232901692,0.0011425595730543137
-0.0016687867464497685,0.00016162644897121936,-0.001126617193222046
-0.0001917976187542081,0.0021683182567358017,-7.972866296768188e-05
-0.000932183233089745,0.0014849758008494973,-0.0015005138702690601
0.0013988816644996405,-0.0010040145134553313,-0.001310364343225956
0.0021786577999591827,0.0006667871493846178,-0.0004503382369875908
0.0010223130229860544,0.0006201817886903882,-0.0011177263222634792
0.0016669289907440543,1.4205201296135783e-05,0.0011249366216361523
-0.00021352898329496384,0.00043365306919440627,0.001973153557628393
-0.0005908275488764048,0.0014406363479793072,0.0012549571692943573
0.0008323657093569636,-0.0011801804648712277,0.001549768727272749
-0.0012524256017059088,0.0012029095087200403,-0.0014370214194059372
0.0012149931862950325,0.0013440570328384638,0.0015204190276563168
-0.002005572896450758,0.0005798500496894121,-0.0015974710695445538
-0.0014076933730393648,7.89094265201129e-05,0.00032213516533374786
0.001730229239910841,-0.00021815155923832208,-0.0016073747538030148
-0.0010003098286688328,0.0016447296366095543,0.001875507179647684
0.001549949636682868,0.0011127914767712355,-0.0005113538354635239
-0.0003113335696980357,-9.921309538185596e-05,-0.0005688779056072235
0.0013576961355283856,0.001107781077735126,-0.0005048667080700397
-0.0016293053049594164,0.0027842409908771515,0.00030473386868834496
0.0014060193207114935,-0.00110526941716671,0.001219963189214468
-0.0025056314188987017,0.0009259235230274498,-0.0002045617438852787
-0.0008549905614927411,0.0022642004769295454,-0.0003540553152561188
0.0008084198925644159,0.0014191794907674193,-8.507585152983665e-05
-0.001666656113229692,-0.0006828158511780202,0.0014678039588034153
0.0006050203228369355,8.737031021155417e-05,0.0026417248882353306
-0.0002056415833067149,0.00035773456329479814,-0.00025725504383444786
-8.926144801080227e-05,-0.00024893356021493673,-0.002131854183971882
0.0014445916749536991,0.0005864294362254441,0.0011936314404010773
-0.0004569052834995091,-0.0001813599228626117,0.0025792736560106277
0.0008512130007147789,0.0013478847686201334,-0.0013438756577670574
0.0010783806210383773,0.00039340779767371714,0.0002020890824496746
-0.001056952984072268,-0.0002022471308009699,-0.0006597326137125492
0.0012884929310530424,0.0006065548514015973,0.0011275149881839752
-0.0011145223397761583,-0.0008267535595223308,-5.472870543599129e-05
-0.0007720398716628551,-0.0009300842648372054,0.0016867127269506454
-0.0011142902076244354,-0.0006943971966393292,0.000140337273478508
3.6461628042161465e-05,-0.00015004706801846623,0.001471119001507759
-0.0002877567312680185,0.0022218211088329554,0.00026865117251873016
1.9951839931309223e-06,0.0009443028829991817,0.0019589592702686787
-0.0022551275324076414,0.0001727035705698654,-0.0003062090836465359
0.00013905431842431426,-0.0007101343362592161,-0.0014505693688988686
0.0010027580428868532,-0.0013446032535284758,-0.0011118967086076736
0.0009316516225226223,-0.0006085055065341294,-0.0019001923501491547
-0.0020275870338082314,-0.0013672264758497477,-0.0012370008043944836
0.0004590064927469939,0.00012760577374137938,-0.0007315329276025295
-0.002133829751983285,-4.937322228215635e-05,0.002703145146369934
-0.0003452508244663477,-0.00034844622132368386,0.000593122560530901
-0.0006463226163759828,0.0016568346181884408,0.0007947678677737713
-0.001774437609128654,0.0012813289649784565,0.0017130258493125439
-0.0002435331989545375,-0.0016289755003526807,-0.0010817255824804306
-0.00494747469201684,-5.5579846957698464e-05,0.0014820992946624756
-0.0037872642278671265,0.002669714391231537,0.0004146294668316841
-0.00133342738263309,-0.0009047803469002247,0.0010620439425110817
0.0008490569889545441,0.0007898830808699131,0.002141167875379324
0.00153828295879066,0.00019040549523197114,0.000485746655613184
0.0017476619686931372,0.00021653948351740837,-5.8741774410009384e-05
0.00018598424503579736,-0.0012063875328749418,-0.002541074063628912
-0.0008055460057221353,-0.002534927800297737,0.0004682564176619053
1.5772850019857287e-05,0.0016566213453188539,0.0016693416982889175
-0.0020433177705854177,-0.0007840463658794761,0.0016263988800346851
-0.003669177647680044,-0.003089544828981161,0.0006926944479346275
-0.0013583224499598145,0.0005036595975980163,0.0019522751681506634
0.0006142809870652854,-0.0014111532364040613,0.0025352411903440952
0.002134432317689061,-3.103526250924915e-05,-0.00026899203658103943
-0.0005825245170854032,0.0003268935834057629,-0.0003848397172987461
-0.00029507436556741595,-0.002148058032616973,-0.0004722326993942261
0.0025068374816328287,0.0010914112208411098,-0.0006266958080232143
-0.0017507458105683327,0.00031919701723381877,2.971431240439415e-05
-0.0003041167510673404,-0.0012312952894717455,0.0015186876989901066
-0.0012800658587366343,-0.0008653388358652592,-0.0009223795495927334
-0.0003857764240819961,-9.222317021340132e-05,-0.0005135843530297279
-0.0020445436239242554,0.001234477385878563,-0.0004642806015908718
-0.001342001836746931,0.0003724122070707381,0.00038526812568306923
-0.0003331260522827506,-0.002451585605740547,0.0023490614257752895
-9.551964467391372e-06,-0.0007093457388691604,0.00012878421694040298
0.0013004225911572576,0.0026293888222426176,-0.0014884783886373043
0.0029063085094094276,-0.0007767942151986063,-0.001507652923464775
0.0007136902422644198,0.0005629514344036579,0.00048019271343946457
0.0006364585715346038,-0.0027204598300158978,-0.0008479254320263863
0.0037345699965953827,0.0014512769412249327,0.0014312462881207466
0.001691925572231412,-0.002334140008315444,-0.0016955710016191006
-0.00040543219074606895,0.001491899718530476,0.00022512348368763924
-0.0014573808293789625,-0.002549180993810296,-0.0012175110168755054
-0.0031223807018250227,0.00029014406027272344,0.0008480958640575409
0.002493693260475993,-0.0008763204095885158,0.0022965893149375916
-0.0014260197058320045,0.002645205007866025,0.00011154264211654663
-0.0006174840964376926,-0.0007226285524666309,-0.0015558628365397453
0.000195678134332411,-0.0005792814190499485,0.00024081207811832428
-0.0031154300086200237,-0.0008344122907146811,-0.0026031776797026396
-0.002165746409446001,-0.0002847800496965647,0.002322864718735218
0.0015000947751104832,4.4919281208422035e-05,0.00036410940811038017
0.0014783656224608421,-0.0011865056585520506,-0.0003037750720977783
0.00016516087634954602,0.001707285176962614,-4.118774086236954e-05
-0.00011346297105774283,-0.0006805245648138225,-0.0008338764309883118
-0.00014568722690455616,0.0018835669616237283,0.0001576184295117855
3.926202771253884e-05,0.0003755120560526848,-0.0011602886952459812
-0.00020814561867155135,0.002186994068324566,0.0024160705506801605
-0.0012018632842227817,0.00019557229825295508,0.0005293241702020168
-0.001113179954700172,-0.00019431447435636073,-0.0004547135904431343
0.00043440767331048846,-0.00044351673568598926,0.0002110539935529232
0.0015273690223693848,-0.0010429942049086094,-0.0006017428822815418
-0.0005567624466493726,-0.00048102892469614744,-0.0007450450211763382
0.001303988159634173,0.0005128628108650446,-0.001369556412100792
-0.0007462641224265099,-5.600946315098554e-05,0.0003162459470331669
0.00012938317377120256,-0.0013412509579211473,-0.0009572776034474373
-0.0008843630785122514,-0.0028655612841248512,-4.2174942791461945e-06
-0.00018981070024892688,0.0004418185562826693,8.473219349980354e-05
-0.0020819706842303276,-0.00017644456238485873,-0.0011239168234169483
-0.0011876809876412153,-0.00137220392934978,-0.0005606585182249546
0.0001222512946696952,-0.0013961796648800373,8.293986320495605e-05
0.000732381478883326,-0.0009200064232572913,0.00048800650984048843
5.9469923144206405e-05,-0.00025038758758455515,0.0023139528930187225
-0.0023653381504118443,0.000648429268039763,-7.942970842123032e-05
-0.003845143597573042,-0.00016485009109601378,-0.0015088925138115883
0.00200448976829648,0.0006271740421652794,0.0014544068835675716
-0.002119018230587244,0.0001447927934350446,-0.001233997754752636
-0.0017733399290591478,0.00028940243646502495,-0.000741313211619854
-0.0006764224963262677,-0.0004853357095271349,0.001733759418129921
0.00011213950347155333,0.00263509014621377,0.0004876661114394665
-0.0010153315961360931,-0.00045321090146899223,-0.0024596713483333588
0.00048269651597365737,-0.00027717597549781203,0.0014858017675578594
0.0007238185498863459,-0.0010468687396496534,0.0004664291627705097
0.001638081856071949,-0.00018666780670173466,0.0012097172439098358
0.0020275129936635494,0.0018147315131500363,-0.0010879491455852985
0.0010687749600037932,-0.00016133402823470533,0.001448445487767458
-0.0018610121915116906,0.0006507025100290775,0.0011035334318876266
0.0018165470100939274,-0.0019916859455406666,0.00016610091552138329
0.00011563127918634564,-0.00036977941635996103,0.0003541638143360615
0.0020578745752573013,0.0036569200456142426,0.0008183526806533337
0.00045693881111219525,-0.0004932525916956365,0.0015677940100431442
-0.0005156475817784667,0.0008223489858210087,0.004432289861142635
-6.526862853206694e-05,0.0004045745590701699,0.0006009484641253948
-0.00023571093333885074,0.0026040791999548674,-0.0009266408160328865
-0.002228428376838565,-0.00031777669209986925,-0.0017793551087379456
-0.00035809038672596216,-0.001116991275921464,-0.0008296719752252102
0.003848863299936056,-0.001100450404919684,0.00014253007248044014
-7.477178587578237e-05,0.0012591102859005332,0.001232828013598919
0.0007474469020962715,-0.00021122011821717024,-7.353164255619049e-05
0.0011503832647576928,-0.0008224155753850937,0.000296114943921566
-0.0022098065819591284,-0.0007294752285815775,-0.0004636128433048725
0.0004565502458717674,0.0005800010403618217,-0.0006849216297268867
-0.00016077210602816194,0.0011477883672341704,-2.1886080503463745e-08
0.000654954113997519,-0.0007614318747073412,-0.0022200332023203373
8.779008931014687e-05,-0.0002799743670038879,-0.00253847474232316
0.00022121446090750396,0.002787188393995166,0.0007515945471823215
0.0015075497794896364,-0.0003011571825481951,0.0025710384361445904
-0.0004844946088269353,-0.0014170216163620353,0.0011140229180455208
0.0014679688028991222,-0.0018841626588255167,0.00024924566969275475
-0.0005877251387573779,0.00043198856292292476,-0.0014037787914276123
-0.0012954603880643845,0.00014397107588592917,-0.0012273318134248257
0.0005333322333171964,-0.0025029447861015797,-0.0010076211765408516
-0.0015886472538113594,0.0007941264193505049,0.0005636615678668022
0.0003791625495068729,-0.0011723516508936882,0.0007301094010472298
-0.0007343771867454052,0.0010592145845293999,0.000746504869312048
0.0008291646372526884,-0.0010044689988717437,0.00012439070269465446
-0.0011378438211977482,-0.0008349039126187563,0.0001231417991220951
0.0028723441064357758,-0.0012935001868754625,-0.004309423267841339
0.0017809484852477908,-0.0015288166468963027,0.00015413761138916016
0.00012366328155621886,-0.00017646355263423175,0.0013517611660063267
9.809832408791408e-05,-4.078363417647779e-05,0.0010530678555369377
0.00041474815225228667,0.0009070353698916733,0.0003412049263715744
-0.0012428716290742159,-0.0024897230323404074,-0.0013048741966485977
-0.0006884014001116157,0.000564123853109777,-0.0019251243211328983
-0.000330529292114079,0.00013911515998188406,0.0004446334205567837
0.0007653614738956094,-0.00031974748708307743,0.0019349385984241962
-0.00036924873711541295,0.002125662751495838,0.0015877140685915947
1.584437268320471e-05,-0.00015613363939337432,0.002195713110268116
0.001978923799470067,-0.0010126869892701507,0.00026994477957487106
0.000541882065590471,-0.0014276074944064021,-0.0014400710351765156
-0.002316477242857218,-0.00023457914358004928,0.0012353919446468353
-0.0013638644013553858,0.0008690347895026207,0.0007797251455485821
-0.0006665054243057966,6.990457768552005e-05,0.0021291649900376797
-0.0004465283127501607,0.0005498061655089259,-8.3122868090868e-05
-0.0036021817941218615,-0.001256763469427824,0.0023533161729574203
-0.0011392906308174133,-0.00200031790882349,9.016180410981178e-05
-0.0007531994488090277,0.0007334104157052934,-0.00026830052956938744
0.0013232672354206443,0.001074295025318861,2.571241930127144e-05
-0.0008645667694509029,-0.0002996534458361566,-0.0020581413991749287
-0.0005340685602277517,0.0015397919341921806,-4.577916115522385e-06
-0.001195781398564577,-0.0024010874330997467,0.001075222622603178
9.831710485741496e-06,0.0016628961311653256,-0.0002957726828753948
-0.0012179529294371605,0.0005173453246243298,0.0013736989349126816
0.0015237713232636452,-0.001111710211262107,0.0026046116836369038
0.0012128916569054127,-0.0011030836030840874,-0.004374172538518906
-0.002525920048356056,0.001721731387078762,-0.0015067467465996742
0.0010161115787923336,-0.0010410130489617586,-0.0003640162758529186
8.105052984319627e-06,-6.416552059818059e-05,0.0004272088408470154
-0.0003302866534795612,0.0026425765827298164,-0.0008961260318756104
-0.0018967579817399383,-0.0014714746503159404,0.001085265539586544
-0.0006641820655204356,0.0016275503439828753,-0.0008723116479814053
-0.002992317546159029,0.0003761310363188386,-8.082017302513123e-05
-0.0001259884738828987,-0.0014482338447123766,-0.0006547369994223118
-0.00023943913402035832,8.361648360732943e-05,-0.00011997437104582787
-0.003104227827861905,-0.001733715645968914,-0.0002885991707444191
-0.0009830202907323837,-0.00010758943972177804,0.0007942421361804008
-0.0008360420470125973,0.00024549360387027264,-0.00027503399178385735
-0.0013068888802081347,1.1401745723560452e-05,-0.0015437640249729156
0.0005214755656197667,-0.0003680519585032016,-0.0003689248114824295
-0.0006013131933286786,-0.0013840479077771306,0.001044414471834898
0.0010795106645673513,0.00021300974185578525,0.0026324749924242496
7.842834747862071e-05,-0.00034066144144162536,0.0011554863303899765
0.0016787218628451228,0.00048731372226029634,0.0010714465752243996
-0.0021956448908895254,0.0006447065388783813,0.0017681294120848179
0.000467879232019186,0.001285158796235919,0.002512924373149872
-0.0007981875678524375,-0.000678656215313822,-0.0004128245636820793
0.004915446508675814,-0.0001266040635528043,0.001181427389383316
0.0008599848952144384,-0.0005798740312457085,0.0010077892802655697
-0.00018150117830373347,0.0010827035875990987,0.00016584713011980057
-0.0005343700177036226,-0.000968729262240231,-0.001263204962015152
-0.00017327236128039658,-9.995636355597526e-05,-0.0010692481882870197
-0.0002792661834973842,0.001670246827416122,0.00044156331568956375
-0.003126187715679407,0.00044697828707285225,-6.683636456727982e-05
-0.0003570328699424863,-0.0011402657255530357,0.0014365185052156448
0.0014500219840556383,-0.0005010201130062342,0.002212879713624716
-0.000969459826592356,-0.00010314382961951196,0.0017726593650877476
-0.0016128930728882551,0.0010399178136140108,0.001320558600127697
-0.0003502883773762733,-0.0009076518472284079,0.0005349260754883289
-0.0006725754938088357,8.353799057658762e-05,0.0022996244952082634
-0.00021584337810054421,0.00022575078764930367,-0.0009307893924415112
-0.0008578841807320714,-0.0001333658874500543,-0.0011397246271371841
0.0014087321469560266,0.0007422814378514886,0.001975641120225191
-0.0022518900223076344,-0.0005233802367001772,-0.000577468890696764
0.0014200762379914522,-0.000763597316108644,-7.626228034496307e-05
-0.00016403355402871966,0.0014292242703959346,0.00023430678993463516
-8.866610005497932e-05,0.0013538567582145333,-0.0032208783086389303
-0.0009986424120143056,-0.0007292916416190565,-0.0009566843509674072
4.9577836762182415e-05,-0.0010448762914165854,0.0010310993529856205
-0.0016153239412233233,-0.000998643459752202,0.0015209326520562172
-0.0012230402790009975,0.0011838170466944575,0.00012756697833538055
-0.00017588346963748336,-0.00023612634686287493,-0.0003057052381336689
-0.0012925468618050218,0.001046451972797513,-0.001909727230668068
-0.00019968593551311642,-0.0015218721237033606,-0.0004622107371687889
0.0023846456315368414,0.0005798946367576718,-0.0018880669958889484
-0.0009480629814788699,0.0015346003929153085,0.0013763504102826118
0.0010080288629978895,-0.0011522627901285887,0.0001009628176689148
0.0003602290234994143,-0.0012709450675174594,-0.0005702092312276363
-0.0008275408763438463,-0.0008621497545391321,-0.0009278720244765282
-0.0011334388982504606,0.0006027125054970384,-0.0007720282301306725
0.000361926038749516,-0.0024428784381598234,0.000680992379784584
0.0013939297059550881,0.0026859501376748085,-4.0757935494184494e-05
-0.0010095731122419238,0.0010060281492769718,0.0020737918093800545
-0.001202619750984013,-0.0005904659046791494,0.0006524133495986462
0.00399400619789958,0.002841283567249775,-0.0013095373287796974
0.001363030169159174,-0.0010118749924004078,-0.0009281649254262447
-0.00043087510857731104,0.0007372891996055841,0.0024130367673933506
0.0006398969562724233,-3.584532532840967e-05,0.0013320264406502247
-0.0005145833129063249,0.00020517075608950108,0.00259569613263011
0.0015940885059535503,-0.0009860387071967125,0.0009675882756710052
0.001536564202979207,-0.0005341003416106105,-0.00047637755051255226
-0.0020520943216979504,0.00013427356316242367,0.001480406615883112
-0.0006542011396959424,0.000656785792671144,-0.0015808967873454094
-0.0024438705295324326,-0.0010898287873715162,0.00021631689742207527
-0.002088604960590601,7.237469253595918e-05,-0.0022553629241883755
0.0004858626052737236,0.00043382379226386547,-0.002346241381019354
0.00393652031198144,-0.0003456834820099175,-3.22205014526844e-05
-0.0006236695917323232,-4.5858294470235705e-05,0.001518984790891409
0.0017305647488683462,0.0006814509979449213,0.0012899530120193958
-0.0012928200885653496,-0.0008705155923962593,-0.0014777807518839836
-0.0006613846635445952,-0.00031604550895281136,-0.0006886860355734825
-0.000691682449541986,7.053738227114081e-05,0.0013818079605698586
0.0012825188459828496,-0.0003241430677007884,0.0002755308523774147
-0.00046861317241564393,0.001370940706692636,9.672623127698898e-05
-0.0007325324113480747,0.0017507075099274516,0.0022871759720146656
-0.0012935878476127982,0.00024173343263100833,-0.00032780831679701805
0.00011096330126747489,9.046588093042374e-05,0.0002338523045182228
-0.002062264597043395,0.0007279756828211248,-0.0016346750780940056
-0.0023432280868291855,-0.0005769732524640858,0.00142236752435565
-0.0011756093008443713,-0.0008559355046600103,0.0011998144909739494
0.0011413408210501075,0.0007392980041913688,-0.001608754973858595
0.0007209591567516327,0.00029737624572589993,0.00039488403126597404
-0.0018503230530768633,0.00047687330516055226,-0.0010605338029563427
-0.0009505645139142871,-0.0007026389939710498,0.0009188130497932434
0.0002633042458910495,-0.0001518973003840074,-0.0014527318999171257
-0.0009232605807483196,6.0429825680330396e-05,0.0002892776392400265
-0.000844164751470089,-0.0008817965863272548,-0.000406073871999979
0.0005182711756788194,0.00047828920651227236,0.002371145412325859
-0.0009371463675051928,-0.00016033680003602058,-0.00024008424952626228
-0.0015591367846354842,-0.0030345977284014225,-0.0005192402750253677
0.0017245408380404115,-0.0003123145434074104,0.0004850374534726143
9.293315815739334e-05,-0.0004090660950168967,-0.0021040462888777256
0.0010311647783964872,-0.0006173253059387207,-0.0007636775262653828
0.00031332543585449457,-0.0012999046593904495,0.00024149753153324127
0.002435065805912018,0.0002015855279751122,-0.0014962153509259224
-0.0010700809070840478,0.0016558108618482947,0.0018222159706056118
-0.0012232126900926232,-0.0020023074466735125,0.0001931600272655487
-0.0003297965449746698,-0.0010920915519818664,0.0015852078795433044
0.0005602318560704589,-0.00020605786994565278,-0.0028359058778733015
1.5207508113235235e-05,0.0004510928993113339,-0.0010562688112258911
-0.0029478254728019238,0.0002734600566327572,0.0024862680584192276
-0.0037517566233873367,0.001500170212239027,0.0004622694104909897
0.0011037185322493315,0.0005443616537377238,-0.0003366791643202305
-0.0008515557274222374,-0.0007721324800513685,0.00036290381103754044
0.0037141675129532814,0.0005682364571839571,-0.00015428243204951286
-0.00147813290823251,0.0004043755179736763,-0.00044045737013220787
0.0009701109956949949,-0.0006805963348597288,0.0007409206591546535
-0.000364948675269261,-0.0008822747622616589,-0.0008713286370038986
2.4139153538271785e-05,-0.001171494135633111,0.0012016762048006058
9.972840052796528e-05,0.0015198886394500732,0.0012465771287679672
-0.00040707114385440946,0.0016866023652255535,-0.000237335916608572
-0.001751597155816853,0.0011233637342229486,-0.0029133856296539307
-0.0004655566008295864,-0.0024521960876882076,0.0009756283834576607
-0.0010869675315916538,-0.002489135367795825,-0.0009741573594510555
-0.0007442187052220106,0.0028433119878172874,-0.00041356170549988747
0.001527998480014503,0.00018283432291354984,0.0021688402630388737
-9.97256429400295e-05,-0.0012171894777566195,0.0010029086843132973
-0.001420527813024819,0.000648517336230725,-0.0025898562744259834
-0.0010242494754493237,-0.0015448621707037091,0.0009849048219621181
0.00040886749047786,0.0007934788591228426,0.0006940215826034546
-0.0004630514595191926,-0.0001482149091316387,0.00022344104945659637
0.0006843325099907815,-0.001351705170236528,-0.0004176967777311802
0.00034344790037721395,-0.00032052924507297575,-0.0007178350351750851
0.0009960251627489924,0.0002476968220435083,0.00035380804911255836
-0.002108155284076929,-0.00078534334897995,0.0003847009502351284
0.00045747298281639814,0.0013894635485485196,-0.0013217814266681671
0.0013581541134044528,-7.98024411778897e-05,-0.0015095346607267857
0.0004571732715703547,-0.0016605856362730265,0.001604677177965641
0.00020257507276255637,-0.001472033909521997,-0.0014667459763586521
-0.0006518224254250526,0.00037353282095864415,0.00010690977796912193
0.00011143954179715365,-0.0015199746703729033,0.0003186310641467571
0.00011053586058551446,0.00041110283927991986,-0.0016143657267093658
0.0008772598812356591,0.0008491928456351161,0.0025433613918721676
-0.002675481606274843,-0.000720605137757957,-0.001655378844588995
-0.0003585314261727035,0.001790489535778761,-0.0005134153179824352
-0.00016622175462543964,0.00020368333207443357,-0.0002755541354417801
0.001549120293930173,0.000954961113166064,-0.0004414692521095276
0.0003050576779060066,0.0008927278104238212,-0.0015627369284629822
-0.000708275125361979,-0.00024444193695671856,-0.00014327233657240868
-0.0010498198680579662,-0.0008584155584685504,0.0022763414308428764
-0.0030546472407877445,-0.0001353673724224791,-0.0011415593326091766
0.00082733592716977,-0.00023830706777516752,-4.88869845867157e-05
0.00014583297888748348,-0.0013600304955616593,0.0012483387254178524
-0.0004185074649285525,-0.0010433918796479702,-0.00038512423634529114
-0.0002182377502322197,0.002393950242549181,0.0013624420389533043
-0.0006564609939232469,0.0009775777580216527,0.00044934405013918877
-0.00023807844263501465,0.00015439465641975403,-0.0008731815032660961
0.0011955548543483019,0.00013040131307207048,-0.00149574875831604
0.0001918094785651192,0.002749087754637003,0.0002925642766058445
0.0026576644740998745,0.0011974603403359652,0.0024931374937295914
-0.0012486602645367384,0.0004645583685487509,0.0010883198119699955
-0.0011756259482353926,0.0008009335724636912,-0.0015572933480143547
-0.0008773518493399024,0.0006640470819547772,-0.00017324835062026978
0.00129205291159451,0.0014828379498794675,-8.470844477415085e-05
-0.0009500624146312475,0.00023674483236391097,-0.000527591910213232
0.0010425624204799533,-0.0002995951217599213,-0.00039758579805493355
-0.0007215155055746436,-0.0016418282175436616,0.0024903458543121815
0.0017342647770419717,-0.00018138819723390043,-0.0009468095377087593
-0.0003648387792054564,0.002314526354894042,-0.0013257772661745548
-5.927588790655136e-05,-0.001153826480731368,0.0005363491363823414
0.0016669852193444967,-0.0005279836477711797,0.0007400810718536377
0.0027017458342015743,-0.0009565779473632574,0.0030247834511101246
-0.0022711746860295534,0.0016812829999253154,0.00015203189104795456
-0.0004352008691057563,0.00038469518767669797,0.0008847867138683796
-0.001223230268806219,3.182633372489363e-05,-0.0005546519532799721
0.001627634046599269,-4.519594949670136e-05,-0.00024643121287226677
-0.0020925356075167656,3.3367323339916766e-05,-0.0012483121827244759
-0.001723042456433177,0.001108181313611567,0.0007399339228868484
0.0016804775223135948,-0.0016862736083567142,-0.001315227709710598
-0.000846588343847543,-0.001843558275140822,0.0033323969691991806
-0.0013541869120672345,0.0012672801967710257,-0.0003201281651854515
-7.423243368975818e-05,0.000804958282969892,0.0004693628288805485
-0.001087298966012895,0.0006843171431683004,0.0009513953700661659
-0.0008267140365205705,-0.0004793664556927979,-0.0007167905569076538
-0.0006197864422574639,-0.002339318161830306,5.499320104718208e-05
0.0027173825073987246,0.0011997648980468512,-0.0005711857229471207
-0.0023207857739180326,0.0008844466647133231,0.0016474933363497257
0.0037534255534410477,-0.000662732869386673,0.0013047480024397373
-0.0008810074650682509,-0.0012065502814948559,-0.0009360359981656075
-0.0011835643090307713,0.0005966219468973577,-0.0014435811899602413
-0.0009545324719510972,-0.0007205774891190231,-0.0027788900770246983
0.0004325527115724981,0.0004206527955830097,-0.0003194296732544899
0.0006597203901037574,-0.00014233944239094853,-0.0006201006472110748
-0.0009566074004396796,-0.0005712704150937498,-0.0009148106910288334
0.0015515576815232635,0.0011075863149017096,0.00022875051945447922
0.0017564068548381329,-0.0009719906374812126,7.248157635331154e-05
-7.744593312963843e-05,0.0012450909707695246,-0.0005879825912415981
-0.000110286520794034,-0.0008599270367994905,0.0012946934439241886
-0.0002948436012957245,0.0013097502524033189,0.0011535459198057652
-0.0006964526837691665,-0.00028903462225571275,0.0029630805365741253
-4.477708716876805e-05,-0.0006312507903203368,0.0007159053348004818
-0.0008584706811234355,0.0002308462280780077,6.492296233773232e-05
7.123887189663947e-05,0.000630320399068296,0.0012564212083816528
0.0019574505276978016,-3.503495827317238e-05,0.0010756528936326504
-0.0003464501351118088,0.0017823062371462584,-0.00347861903719604
-0.0001716077676974237,-7.51070911064744e-06,0.0004050210118293762
-0.000719686271622777,0.00022018955496605486,0.0002939673140645027
0.0017684451304376125,0.0002073205978376791,-0.002115206327289343
-0.0005317270988598466,-0.0011394398752599955,-9.067123755812645e-05
-0.0006388060282915831,-0.0010290390346199274,-1.7107464373111725e-05
-0.0005772869917564094,0.0015078883152455091,-0.0006389552727341652
0.001128322328440845,0.002415397437289357,-0.0030464192386716604
0.0017682799370959401,-0.0005188733339309692,-0.0005726087838411331
0.0010662019485607743,0.003206475405022502,0.0021031717769801617
0.0018353229388594627,0.0013859384926036,-0.0008084620349109173
0.0009217971237376332,0.0010291044600307941,0.0003280108794569969
-5.6115619372576475e-05,3.2283292966894805e-05,0.00044865207746624947
0.0013392099644988775,-0.0008631901582702994,-0.002440820448100567
-0.0013231521006673574,0.0015783959534019232,0.0011009173467755318
0.0007399455062113702,0.0002867295406758785,0.00025819381698966026
-0.0010835209395736456,-0.0006325936410576105,0.0009610024280846119
0.003982839174568653,0.0006013470701873302,-0.0012465203180909157
2.058807876892388e-05,0.000725183985196054,0.0024717850610613823
0.0019249024335294962,0.002974818693473935,0.0004220115952193737
-0.0004248046316206455,-0.0007940867217257619,-0.0026291722897440195
-0.0001886085665319115,-0.0004592910991050303,-0.0008317558094859123
-0.0002818192297127098,0.00036895196535624564,0.0010649473406374454
-0.0008223263430409133,0.0005001879762858152,-5.980301648378372e-05
0.0005063246935606003,-0.00144871324300766,-0.001610295381397009
-0.0009026786428876221,-0.00012209947453811765,0.0018289713189005852
0.00040546609670855105,-0.0005673799896612763,-0.0007239347323775291
-0.00016597300418652594,0.001180290593765676,-0.0026514993514865637
0.00016079688793979585,0.0016202448168769479,0.0006444286555051804
-0.0006736687500961125,-0.00025480351177975535,0.0005465559661388397
-0.0009301311220042408,-0.00061353127239272,0.0025058435276150703
-0.0007968290010467172,-7.210562762338668e-05,-0.0003379913978278637
0.0005744326626881957,-0.0002401511010248214,0.0008146245963871479
0.0009671504376456141,0.0011366438120603561,0.0013553681783378124
-0.0015633851289749146,-0.00078242999734357,-0.0007565189152956009
0.0008204192854464054,0.001471035648137331,-0.0015725251287221909
-0.0013596443459391594,0.002265722956508398,0.0007731867954134941
0.0013222566340118647,-0.0015072748064994812,0.0010977168567478657
-0.000949153327383101,0.0008879723027348518,-0.000572617631405592
0.0009329501772299409,0.0008792612934485078,-0.0022328244522213936
0.0008210974046960473,-0.0007817522855475545,0.0007360675372183323
0.002030014991760254,-6.61252997815609e-05,-0.002346743829548359
0.0003165371308568865,0.0014116627862676978,0.0003100256435573101
-6.30095019005239e-05,-3.730598837137222e-05,-0.0006322693079710007
0.0011407393030822277,-0.0006450393702834845,0.002364052925258875
0.0009227721020579338,0.0012137932935729623,-0.0011522858403623104
0.0012905546464025974,-0.002105836756527424,4.879944026470184e-05
-0.0008247334626503289,-0.0007865439401939511,0.00024406332522630692
0.00260754837654531,-0.0003553781134542078,0.0019261152483522892
0.0015786676667630672,-0.0006076566642150283,-0.000954202376306057
-0.002754029119387269,0.0026142357382923365,-0.00046125147491693497
0.00015578122111037374,0.0016350705409422517,0.0008886214345693588
0.0009001347352750599,0.0015687578124925494,0.00035732053220272064
0.0019190410384908319,-0.00010071875294670463,-0.0003187633119523525
0.0011358053889125586,-0.001032825093716383,-0.00025085266679525375
-7.93220242485404e-05,-0.0002836062922142446,0.001792986411601305
0.0003593006113078445,0.000560083135496825,-0.0017791111022233963
-0.000568973773624748,-0.00147704326082021,-0.001602738630026579
0.0012736673234030604,0.00023696714197285473,0.0015392587520182133
-0.001964820083230734,0.0017792609287425876,0.0014233593828976154
0.0005611881497316062,6.205459067132324e-05,-0.0009263479150831699
0.0008484061108902097,-0.0026274612173438072,-0.00036145467311143875
-0.0017673508264124393,-1.303601311519742e-05,-9.300792589783669e-05
0.0028168940916657448,-0.0007555781048722565,0.0023743105120956898
0.0006509452941827476,0.0016718931728973985,-0.002496344968676567
0.001977384090423584,8.774462912697345e-06,0.0021780356764793396
0.00039067273610271513,-0.0011172100203111768,-0.0015943320468068123
2.5356188416481018e-05,0.00136708770878613,-0.00031155580654740334
-0.002760044066235423,-0.0009136434528045356,0.0004373248666524887
0.0017345548840239644,0.0008553618099540472,0.0005068671889603138
-0.0001421748020220548,-0.0008229623199440539,0.0011620051227509975
-0.0008113081566989422,7.221957639558241e-05,-0.0001322994939982891
-0.002061129780486226,0.0008914079517126083,0.0007185805588960648
-0.0011031278409063816,-0.002378046279773116,0.0007748878560960293
-0.0030126143246889114,-0.0011306217638775706,0.0003485158085823059
-0.0010856506414711475,-0.0003372530045453459,0.00037750089541077614
0.00012076128041371703,0.0005631617386825383,-0.0010464913211762905
0.0009885375620797276,-0.0017665672348812222,-0.000882233027368784
-0.003512204857543111,0.0022151246666908264,0.0015383134596049786
0.0005786585388705134,-0.002571353456005454,-0.0005001495592296124
-0.0015779692912474275,0.0019733309745788574,-0.0009622080251574516
0.00015273530152626336,0.0011651255190372467,-0.00015350664034485817
0.001938384841196239,-0.0012825857847929,-0.0007878714241087437
-0.0002954646770376712,0.001392832607962191,-1.4788936823606491e-05
0.0005197288701310754,0.00038961978862062097,-0.0018811323679983616
-0.0013426454970613122,-0.0015604612417519093,-0.00100402208045125
0.0012803018325939775,0.0022228253073990345,-0.00048550497740507126
0.002505169715732336,0.0005390253500081599,0.00041750911623239517
0.00278613343834877,8.789961611910257e-06,-0.0004243161529302597
0.001920491922646761,-0.002264111302793026,-0.0005276883020997047
0.0018677612533792853,0.0013958709314465523,-0.0036462496500462294
0.001986166462302208,0.0009297979413531721,-0.043851010501384735
-0.0013441165210679173,-0.00038473837776109576,-0.156493678689003
0.0012827469035983086,0.0015549316303804517,-0.2428642213344574
0.0006084345513954759,0.0028225963469594717,-0.19839182496070862
-0.0003086054930463433,-0.0002993627858813852,-0.012137050740420818
-0.006373954936861992,-0.000129985754028894,0.03252043202519417
-0.002832934958860278,-0.0003742906264960766,0.0027931295335292816
0.00040706683648750186,-0.001116247265599668,0.03365836665034294
-0.004239759407937527,-0.0015538521111011505,0.19513946771621704
-0.0005523463478311896,-0.0006153541035018861,0.19693709909915924
0.0021677915938198566,-0.001675860141403973,0.09784594178199768
0.002871398814022541,0.007748800329864025,0.02394934371113777
0.005304276943206787,0.007707695942372084,-0.04688224941492081
0.003381474409252405,0.015863092616200447,0.21582448482513428
-0.003743828972801566,0.008464798331260681,0.6741698980331421
-0.006278625689446926,0.006869564298540354,0.9065837264060974
-0.011372228153049946,0.013250944204628468,0.6426421403884888
-0.027866248041391373,0.026251431554555893,0.37364181876182556
-0.0480993427336216,0.03199535235762596,0.36192336678504944
-0.07977817207574844,0.022451117634773254,0.3251919746398926
-0.15374505519866943,0.0007765006739646196,0.3153119385242462
-0.2156885862350464,0.022203495725989342,0.4524165093898773
-0.12633615732192993,0.01578914001584053,0.5618276000022888
-0.11487097293138504,0.010712354443967342,0.5901449918746948
-0.11966083943843842,0.0726773589849472,0.5961395502090454
-0.0833108201622963,0.2319040298461914,0.6191530227661133
-0.008525961078703403,0.4802743196487427,0.6419771313667297
0.14265024662017822,0.2859932780265808,0.5673550963401794
0.39302513003349304,-0.5527467727661133,0.35987353324890137
0.7657291889190674,-1.2241986989974976,0.2726917564868927
1.0730822086334229,-1.5478910207748413,0.2980130910873413
1.2488553524017334,-1.794329285621643,0.44216814637184143
1.2009693384170532,-2.2942631244659424,0.6261417865753174
0.9307642579078674,-2.4806599617004395,0.7891061902046204
0.5368098616600037,-2.126760959625244,0.911822497844696
0.11626532673835754,-1.7185585498809814,0.9922832250595093
-0.28358808159828186,-1.53563392162323,0.9972696900367737
-0.6173761487007141,-1.4234567880630493,0.9982149004936218
-0.8833551406860352,-1.1982859373092651,1.0021556615829468
-1.0486665964126587,-0.8981699347496033,1.0504286289215088
-1.1754144430160522,-0.7290261387825012,1.1250760555267334
-1.2251965999603271,-0.7256625294685364,1.1384127140045166
-1.1580864191055298,-0.7160724401473999,1.1058837175369263
-0.9705647826194763,-0.6333895325660706,0.9981264472007751
-0.6847834587097168,-0.5446581840515137,0.8116871118545532
-0.4294012188911438,-0.5879114270210266,0.6263577342033386
-0.2518669366836548,-0.7626529335975647,0.47106534242630005
-0.17090044915676117,-0.9213618636131287,0.36116573214530945
-0.19316942989826202,-0.9984502792358398,0.30505821108818054
-0.2908823788166046,-1.0428131818771362,0.2571500837802887
-0.4203360378742218,-1.016027808189392,0.21484392881393433
-0.5388011336326599,-0.8597269058227539,0.1937338411808014
-0.6363257765769958,-0.6737984418869019,0.14014384150505066
-0.7265539169311523,-0.516197919845581,0.09240187704563141
-0.800086259841919,-0.39733660221099854,0.06557401269674301
-0.8650023937225342,-0.3145301342010498,0.029909225180745125
-0.8613349199295044,-0.23198369145393372,0.0031963582150638103
-0.7447188496589661,-0.15564097464084625,0.10174503177404404
-0.6636636853218079,-0.1989975869655609,0.13905248045921326
-0.550226628780365,-0.16822075843811035,0.16742952167987823
-0.4841578006744385,-0.046529125422239304,0.19894587993621826
-0.434247761964798,0.12447191029787064,0.14526188373565674
-0.3740752935409546,1.0566378831863403,-0.003294548485428095
-0.47927653789520264,0.8735468983650208,-0.03675397112965584
-0.5768677592277527,0.35396015644073486,-0.08403947204351425
-0.7401994466781616,0.11461015790700912,-0.2689347565174103
-0.797857940196991,0.042896613478660583,-0.4970400929450989
-0.7179380655288696,0.333088219165802,-0.5680791139602661
-0.6393689513206482,0.4740748405456543,-0.5054407715797424
-0.5737169981002808,0.7066971659660339,-0.31310248374938965
-0.5034350752830505,0.9301133155822754,-0.1554233878850937
-0.40606963634490967,1.2868751287460327,-0.1495998650789261
-0.3108670115470886,1.650895595550537,-0.2255427986383438
-0.20840030908584595,1.667344331741333,-0.3421218693256378
-0.12428311258554459,1.1029382944107056,-0.601385772228241
-0.07068274170160294,0.6771066188812256,-0.9122458696365356
-0.08882740885019302,0.7061331272125244,-1.037567138671875
-0.14576846361160278,0.7328795194625854,-1.0299172401428223
-0.1719205677509308,0.4890146255493164,-0.9720765352249146
-0.13991203904151917,0.34539860486984253,-0.9011887907981873
-0.17509406805038452,0.03872166574001312,-0.8362093567848206
-0.47141414880752563,-0.7955420613288879,-0.6503875255584717
-0.8385801315307617,-1.0981858968734741,-0.43730565905570984
-0.983881950378418,-1.156678557395935,-0.2377651035785675
-0.8727805614471436,-1.1120644807815552,0.22916483879089355
-0.3475114405155182,-0.8337319493293762,0.665032148361206
-0.15615281462669373,-0.6292043328285217,0.5270116925239563
-0.2166007161140442,-0.5458029508590698,0.4329565465450287
-0.4426630437374115,-0.6316044926643372,0.35833287239074707
-0.7198059558868408,-0.6442584991455078,0.297746479511261
-0.8744035959243774,-0.5055809617042542,0.24463483691215515
-0.8261572122573853,-0.13715441524982452,0.23033791780471802
-0.7012547850608826,0.24064552783966064,0.26676541566848755
-0.4177705943584442,0.6328492760658264,0.2785792052745819
-0.08237102627754211,0.8988559246063232,0.25661906599998474
0.20267856121063232,1.00387704372406,0.21357758343219757
0.360180139541626,0.9728115200996399,0.2090744972229004
0.37694740295410156,0.8453822135925293,0.2871445417404175
0.2408105432987213,0.6527271866798401,0.4285825490951538
0.043756600469350815,0.413001149892807,0.5750800967216492
-0.09955763816833496,0.14308370649814606,0.6900081038475037
-0.20719274878501892,-0.07579963654279709,0.7560635805130005
-0.32892218232154846,-0.248003751039505,0.827107846736908
-0.4414364695549011,-0.35294029116630554,0.8784397840499878
-0.4472271800041199,-0.3854764699935913,0.8300285339355469
-0.3398418426513672,-0.3490518629550934,0.7347757816314697
-0.15648147463798523,-0.26225703954696655,0.6365855932235718
0.04424417018890381,-0.09650829434394836,0.5332480072975159
0.17834706604480743,0.0959920585155487,0.4496191740036011
0.20614726841449738,0.20007798075675964,0.35611239075660706
0.15039962530136108,0.21702909469604492,0.2816876471042633
0.06049716845154762,0.28474292159080505,0.29429158568382263
-0.04141377657651901,0.35184359550476074,0.3042837977409363
-0.08198010921478271,0.36876559257507324,0.2830863893032074
-0.014758193865418434,0.4082789123058319,0.3148621618747711
0.06798622012138367,0.4038519263267517,0.21928635239601135
0.15511588752269745,0.3352065086364746,0.15050804615020752
0.27677440643310547,0.2648780047893524,0.1720772534608841
0.35002461075782776,0.1955275684595108,0.17919032275676727
0.3515700399875641,0.12423606961965561,0.18823495507240295
0.2731702923774719,0.04522302746772766,0.17127381265163422
0.15666526556015015,-0.03697464242577553,0.11996933072805405
0.030614404007792473,-0.1478542536497116,0.04745917394757271
-0.07654028385877609,-0.2798599600791931,-0.01691661775112152
-0.17769455909729004,-0.39219629764556885,-0.09781627357006073
-0.2348840832710266,-0.4893782436847687,-0.21407045423984528
-0.23857292532920837,-0.506889820098877,-0.29007968306541443
-0.20924459397792816,-0.4239719808101654,-0.3095545768737793
-0.1494569629430771,-0.2941451966762543,-0.25556084513664246
-0.10713613778352737,-0.14790594577789307,-0.16724666953086853
-0.06184886768460274,-0.018436744809150696,-0.07926381379365921
-0.02395927719771862,0.07939208298921585,-0.01620548777282238
0.019629066810011864,0.11135533452033997,-0.010075731202960014
0.07173194736242294,0.09890186041593552,-0.017015129327774048
0.10792112350463867,0.053628940135240555,-0.03130192682147026
0.11321228742599487,-0.017064936459064484,-0.04797225072979927
0.11726479232311249,-0.08796392381191254,-0.04565395787358284
0.1328464150428772,-0.07406728714704514,0.012996304780244827
0.12925904989242554,-0.01420812588185072,0.08500900864601135
0.132809579372406,0.040055643767118454,0.12460274994373322
0.155240997672081,0.08459573239088058,0.1353171467781067
0.15006035566329956,0.09638847410678864,0.10983094573020935
0.11652574688196182,0.06750498712062836,0.05446811765432358
0.07200728356838226,0.025838235393166542,0.0078255170956254
0.03016953356564045,-0.011670044623315334,-0.030606817454099655
0.016490740701556206,-0.02991003543138504,-0.049384500831365585
0.039664510637521744,-0.01850210130214691,-0.024040265008807182
0.04913817346096039,-0.01709728315472603,0.021660910919308662
0.019523799419403076,-0.037493422627449036,0.047696515917778015
-0.025385085493326187,-0.055905185639858246,0.07332438230514526
-0.07216060161590576,-0.05150143429636955,0.12225943803787231
-0.09799779206514359,-0.024160092696547508,0.1726571023464203
-0.07074492424726486,-0.0009834780357778072,0.21171042323112488
-0.018549099564552307,0.007810812443494797,0.2429458349943161
0.009119302965700626,-0.025626452639698982,0.2633216679096222
0.002769527956843376,-0.08282236754894257,0.32270190119743347
-0.047778259962797165,-0.15341946482658386,0.43386977910995483
-0.1314055174589157,-0.2599850594997406,0.5640360116958618
-0.22575119137763977,-0.4233132600784302,0.6952656507492065
-0.3125784695148468,-0.636046290397644,0.8289518356323242
-0.4074348211288452,-0.8325044512748718,0.9404979944229126
-0.48197802901268005,-0.9942965507507324,1.0104731321334839
-0.5143028497695923,-1.1429990530014038,1.0431294441223145
-0.5253728032112122,-1.2664154767990112,1.0492056608200073
-0.5073031187057495,-1.3438642024993896,1.0214730501174927
-0.4817778170108795,-1.387252926826477,0.9740309715270996
-0.43584689497947693,-1.4062532186508179,0.9694149494171143
-0.3554899990558624,-1.3670653104782104,1.0105416774749756
-0.29960620403289795,-1.315629005432129,1.084171175956726
-0.2817174792289734,-1.2288105487823486,1.110565423965454
-0.2695322036743164,-1.1515871286392212,1.0255155563354492
-0.25653839111328125,-1.1100289821624756,0.8863224387168884
-0.23345936834812164,-1.0603742599487305,0.7835159301757812
-0.23470573127269745,-1.048169732093811,0.716220498085022
-0.22222593426704407,-1.0033658742904663,0.7090145349502563
-0.17552527785301208,-0.8734889030456543,0.6801176071166992
-0.13419319689273834,-0.7384943962097168,0.6021109819412231
-0.09341700375080109,-0.6135503649711609,0.48996788263320923
-0.014539605006575584,-0.4947013854980469,0.4191584587097168
0.14143748581409454,-0.3819729685783386,0.41820505261421204
0.28065598011016846,-0.26103347539901733,0.43146899342536926
0.33648622035980225,-0.16171090304851532,0.42006319761276245
0.28574782609939575,-0.07343585044145584,0.3732948303222656
0.17453713715076447,-0.03909625485539436,0.2728491723537445
0.0448639951646328,-0.052431728690862656,0.17749421298503876
-0.04364882782101631,-0.022225091233849525,0.15888483822345734
-0.054805170744657516,0.12153319269418716,0.1900361329317093
0.020969217643141747,0.3150235414505005,0.2059173583984375
0.10005222260951996,0.4836864471435547,0.15507729351520538
0.1310807168483734,0.5337961912155151,0.08728200197219849
0.16082987189292908,0.521820604801178,0.07778275012969971
0.23201696574687958,0.5268004536628723,0.14774559438228607
0.28247523307800293,0.5076873302459717,0.2304287850856781
0.24102501571178436,0.41786128282546997,0.27434778213500977
0.09555594623088837,0.2887466549873352,0.2629598379135132
-0.10156697779893875,0.18400239944458008,0.250499963760376
-0.2781546413898468,0.18726539611816406,0.24369315803050995
-0.4116101562976837,0.07053157687187195,0.23297792673110962
-0.5270492434501648,-0.11743298172950745,0.23442351818084717
-0.5811396837234497,-0.17685529589653015,0.24099034070968628
-0.5948203206062317,-0.16076450049877167,0.19763275980949402
-0.5150392055511475,-0.2189556360244751,0.134647399187088
-0.3096027970314026,0.0345129519701004,0.060513000935316086
0.07380000501871109,0.5296529531478882,0.04918072000145912
0.539984405040741,0.32701265811920166,0.019108761101961136
0.5615136623382568,0.5964636206626892,-0.13786861300468445
0.4747190773487091,0.5883585810661316,-0.2534382939338684
0.37089627981185913,0.3992118537425995,-0.22898250818252563
0.2364484667778015,0.3449869751930237,-0.16600461304187775
0.11334411054849625,0.22498230636119843,-0.15423956513404846
0.01598193123936653,0.07461556792259216,-0.21640682220458984
-0.010694154538214207,-0.008667068555951118,-0.24350449442863464
0.0425056554377079,0.006916299927979708,-0.21265539526939392
0.1633860021829605,0.09990989416837692,-0.16300661861896515
0.22265861928462982,0.200971782207489,-0.11631961911916733
0.12442099303007126,-0.12657812237739563,0.02371765300631523
0.20355157554149628,-0.0948924645781517,-0.030736563727259636
0.13508543372154236,-0.3131936490535736,-0.29468992352485657
-0.08947023004293442,-0.17414134740829468,-0.3374794125556946
-0.16937492787837982,-0.15642865002155304,-0.22470122575759888
-0.13066138327121735,-0.17710313200950623,-0.25796809792518616
-0.11520333588123322,-0.19827792048454285,-0.3080933094024658
-0.0625888854265213,-0.17288552224636078,-0.30261144042015076
0.01823992095887661,-0.09278377145528793,-0.25821763277053833
0.1027851477265358,0.03079858422279358,-0.2203724980354309
0.1823502779006958,0.17875927686691284,-0.20535306632518768
0.26984015107154846,0.3409251868724823,-0.19490572810173035
0.34639111161231995,0.4402347505092621,-0.19964748620986938
0.3362167775630951,0.49326440691947937,-0.2378081977367401
0.2502850890159607,0.5085384845733643,-0.26868966221809387
0.139901265501976,0.4784294366836548,-0.28385260701179504
0.0345199890434742,0.4367877244949341,-0.2747326195240021
-0.04713117703795433,0.3693048357963562,-0.2337290197610855
-0.0881933942437172,0.2187313288450241,-0.16606448590755463
-0.12947331368923187,0.11691979318857193,-0.09027443826198578
-0.1665772795677185,0.02691374160349369,-0.024614201858639717
-0.2195490449666977,0.001744351931847632,0.007755516562610865
-0.24364452064037323,0.012396197766065598,-0.009716417640447617
-0.23238959908485413,0.04575315862894058,-0.050278544425964355
-0.19852696359157562,0.19449283182621002,-0.08457766473293304
-0.09536629915237427,0.306711882352829,-0.10778282582759857
-0.023507291451096535,0.39471763372421265,-0.15019527077674866
-0.009023431688547134,0.44684526324272156,-0.23475009202957153
-0.027389388531446457,0.409865140914917,-0.301438570022583
-0.048492543399333954,0.33319246768951416,-0.33932870626449585
-0.07229693979024887,0.23493514955043793,-0.3525416851043701
-0.115937739610672,0.14128378033638,-0.3525965213775635
-0.19333718717098236,0.07430368661880493,-0.36538076400756836
-0.28117138147354126,0.020964723080396652,-0.3815464675426483
-0.3509291410446167,-0.03895959630608559,-0.41296401619911194
-0.37442442774772644,-0.07471750676631927,-0.44484150409698486
-0.3235234320163727,-0.08575817197561264,-0.4277788996696472
-0.21879498660564423,-0.05059633404016495,-0.3668825924396515
-0.14110924303531647,0.023244598880410194,-0.3085159361362457
-0.12352841347455978,0.06531155854463577,-0.2795335352420807
-0.16551554203033447,0.02466878667473793,-0.2850918173789978
-0.2507559359073639,-0.08130842447280884,-0.286758691072464
-0.3550988733768463,-0.13591812551021576,-0.2905441224575043
-0.39912843704223633,-0.1625155210494995,-0.28971609473228455
-0.3915567994117737,-0.1860586702823639,-0.2638850510120392
-0.40403977036476135,-0.2434089034795761,-0.24497315287590027
-0.4168762266635895,-0.35915523767471313,-0.22284360229969025
-0.3925863206386566,-0.38780632615089417,-0.17716321349143982
-0.3586403429508209,-0.3690893352031708,-0.15241338312625885
0.8810411095619202,0.0925401970744133,-0.06357777118682861
0.7761293649673462,0.4926082491874695,-0.04664752259850502
0.9773136377334595,0.7093782424926758,-0.10458673536777496
1.0074350833892822,0.8604037165641785,-0.21506372094154358
0.8781262040138245,0.8658389449119568,-0.2683512270450592
0.7812830209732056,0.7198550701141357,-0.2562415599822998
0.629438579082489,0.5598999857902527,-0.1720752716064453
0.10133904963731766,0.1350565403699875,-0.06807323545217514
-0.2154594510793686,-0.5423734188079834,0.025318779051303864
-0.3805123269557953,-0.9402392506599426,0.17721909284591675
-0.6087175607681274,-1.1317278146743774,0.3070506155490875
-0.71320641040802,-1.2176731824874878,0.36649876832962036
-0.5866411924362183,-1.0767499208450317,0.350551962852478
-0.30141663551330566,-0.7711068987846375,0.27196502685546875
0.013182457536458969,-0.35156017541885376,0.16939927637577057
0.27038124203681946,0.08902783691883087,0.08036527782678604
0.3743028938770294,0.3283795416355133,0.01261417381465435
0.3663528263568878,0.4365800619125366,0.018553290516138077
0.36552944779396057,0.5593207478523254,0.04008226469159126
0.2557552754878998,0.5847113132476807,-0.002322183456271887
0.12982438504695892,0.4331074655056,-0.14857497811317444
0.08058999478816986,0.31082683801651,-0.19948023557662964
0.16877765953540802,0.425212025642395,-0.21286900341510773
0.3594866394996643,0.7367832064628601,-0.26274627447128296
0.6036311984062195,1.057629942893982,-0.3446805775165558
0.8419883847236633,1.1730984449386597,-0.3489445745944977
0.9793520569801331,1.1560293436050415,-0.3493821322917938
1.0452852249145508,0.8723670244216919,-0.6060954332351685
1.0786652565002441,0.5864827036857605,-0.6981562972068787
1.0839391946792603,0.1881084442138672,-0.7125976085662842
1.0915600061416626,-0.3130857050418854,-0.7698736786842346
1.0866813659667969,-0.6666238307952881,-0.7481569051742554
1.0376343727111816,-0.43565455079078674,-0.680564820766449
0.979330837726593,0.18192291259765625,-0.5855836868286133
0.8751624822616577,0.5847359299659729,-0.5385520458221436
0.7110883593559265,0.54087895154953,-0.551607072353363
0.5694737434387207,0.33755186200141907,-0.6827055215835571
0.49530795216560364,0.1997939944267273,-0.9023071527481079
0.4684237837791443,0.12430038303136826,-1.1130353212356567
0.44318073987960815,-0.00894209649413824,-1.1986548900604248
0.4288894236087799,-0.1391775757074356,-1.1143271923065186
0.4276028275489807,-0.1982179880142212,-1.0106273889541626
0.5034506916999817,-0.10479762405157089,-0.9455016851425171
0.6246713995933533,0.09031621366739273,-0.9008894562721252
0.7159262299537659,0.29316747188568115,-1.0336462259292603
0.7535426020622253,0.49912381172180176,-1.0518134832382202
0.6836713552474976,0.6615592837333679,-1.004378318786621
0.5168001055717468,0.7398304343223572,-0.8739281296730042
0.3179915249347687,0.7201446294784546,-0.7321463227272034
0.16088365018367767,0.6233927607536316,-0.6435133814811707
0.12075146287679672,0.4813981354236603,-0.6807645559310913
0.22774609923362732,0.4167640209197998,-0.8021932244300842
0.43516960740089417,0.5671259760856628,-0.9390388131141663
0.6828412413597107,0.9174578785896301,-1.0556477308273315
0.861511766910553,1.2538739442825317,-1.0890103578567505
0.9247264266014099,1.520129680633545,-0.9205114245414734
0.9039856791496277,1.698282241821289,-0.6487712860107422
0.8189852833747864,1.727219581604004,-0.42241930961608887
0.7757318019866943,1.4913119077682495,-0.37354975938796997
0.7805044651031494,1.1144990921020508,-0.5236241817474365
0.8213075995445251,0.7278341054916382,-0.7422820329666138
0.874526858329773,0.4656784236431122,-0.9087042808532715
0.9033877849578857,0.39714348316192627,-0.955280065536499
0.9111197590827942,0.5026190280914307,-0.7906583547592163
0.8603886365890503,0.7533465027809143,-0.5211575627326965
0.7970911264419556,0.9133169651031494,-0.2683740556240082
0.7801457643508911,0.8618787527084351,-0.1268683671951294
0.7769670486450195,0.7383893132209778,-0.15229889750480652
0.708513617515564,0.5657488107681274,-0.2539770305156708
0.5747603178024292,0.3118841052055359,-0.3320755362510681
0.39412686228752136,0.045844417065382004,-0.3367464542388916
0.21667751669883728,-0.1520148664712906,-0.2644727826118469
0.06553468108177185,-0.25025075674057007,-0.11807673424482346
-0.06897812336683273,-0.259331613779068,0.03936562314629555
-0.18865105509757996,-0.27065783739089966,0.1743500828742981
-0.25126487016677856,-0.24218015372753143,0.24975164234638214
-0.2667633295059204,0.013924299739301205,0.22826334834098816
-0.34207937121391296,0.6183137893676758,0.22117961943149567
-0.4733118414878845,0.9893469214439392,0.19183534383773804
-0.18945510685443878,0.8653424382209778,-0.026836272329092026
0.0620887391269207,0.5577667951583862,-0.10015949606895447
0.09737855195999146,0.15247364342212677,-0.11178099364042282
0.07857729494571686,-0.1859760284423828,-0.11599842458963394
0.021652495488524437,-0.14243201911449432,-0.07492262870073318
0.017301343381404877,0.11449787020683289,-0.017119217664003372
0.12050388753414154,0.308165580034256,-0.02071128971874714
0.29962819814682007,0.3233311176300049,-0.021957403048872948
0.4799407124519348,0.4791766405105591,-0.0029581463895738125
0.6538698077201843,0.802695631980896,0.013238966464996338
-0.597165048122406,0.7937753200531006,0.10478886216878891
-0.36616945266723633,-0.039317719638347626,0.04224160686135292
-0.11778785288333893,-0.3504556119441986,0.030295727774500847
-0.12746639549732208,-0.02823377214372158,0.04507434740662575
-0.25081440806388855,0.004598743282258511,0.052327465265989304
-0.3783490061759949,-0.008709532208740711,0.07397187501192093
-0.5161183476448059,0.041846320033073425,0.10005328059196472
-0.7348446846008301,-0.08255354315042496,0.048786312341690063
-0.303436279296875,-0.3983123004436493,-0.017758091911673546
-0.015143344178795815,-0.0025814578402787447,0.014671709388494492
-0.017267480492591858,-0.0009263032698072493,0.019273918122053146
-0.005030085798352957,-0.013690512627363205,0.00927271693944931
-0.008389930240809917,-0.00954210665076971,0.00368860037997365
-0.004085938911885023,-0.010247987695038319,-0.04192231222987175
-0.0037455870769917965,-0.002070218790322542,-0.09282250702381134
-0.0047532375901937485,0.0008149268687702715,-0.030926864594221115
-0.0015518516302108765,0.00038029899587854743,-0.02236134000122547
-0.0015605917433276772,0.0011969307670369744,-0.0315905399620533
-0.0007169024320319295,0.004312030039727688,0.0032992688938975334
4.8586545744910836e-05,0.005441955290734768,-0.007513994816690683
-0.0026305534411221743,0.005684036761522293,-0.011698619462549686
-0.000531522324308753,0.008348902687430382,0.008153671398758888
-0.0007522983942180872,0.006274300627410412,0.02873377874493599
0.00304218172095716,0.0018510740483179688,0.031847547739744186
-0.0010020948247984052,0.0005210913368500769,0.01851043477654457
0.00024106075579766184,0.0024795623030513525,0.0149338124319911
0.0014386842958629131,0.0013184240087866783,0.00497572124004364
0.0002762466901913285,-0.00020323539501987398,8.055474609136581e-05
-0.00017675702110864222,0.0018095816485583782,-0.00037298165261745453
0.0007661556592211127,-0.001478605205193162,0.0005098897963762283
-0.0029388342518359423,-3.7835092371096835e-05,-0.0002869279123842716
0.0005647552898153663,-0.00023872777819633484,0.0008219503797590733
-0.000614226097241044,-0.00012447817425709218,-0.0021128528751432896
0.0013537293998524547,-0.0007548468420282006,0.0024297386407852173
0.001908465870656073,-1.9814386178040877e-05,0.0011175996623933315
-0.0005573068046942353,0.0003685806004796177,0.0017881686799228191
-0.0020217790734022856,-0.001654889201745391,0.00024566613137722015
0.0019604056142270565,0.0008558506960980594,-0.0011929608881473541
0.001997157232835889,-0.0010493746958673,0.0003141220659017563
-0.0019769975915551186,0.0005018268711864948,-0.0015200232155621052
-0.0010949588613584638,0.0019135685870423913,0.002329575829207897
-4.3969921534880996e-05,0.001300953677855432,-0.00020250817760825157
-0.0005220073508098722,-0.0009552762494422495,0.00018897652626037598
-0.0011088233441114426,-0.0014282012125477195,0.0008789575658738613
-0.0030318917706608772,6.636479520238936e-05,-0.0008560921996831894
0.0036452417261898518,-0.002615581499412656,0.00023205718025565147
0.0017075256910175085,-0.0006688107387162745,0.0013495194725692272
0.001003806246444583,0.0008444167906418443,0.0005676522850990295
0.0019902409985661507,-0.0015819892287254333,0.0012896349653601646
0.0027972108218818903,-0.0014966974267736077,0.00113249896094203
-0.00032534540514461696,-0.00097951153293252,0.0014014779590070248
2.5619054213166237e-05,0.0003722206165548414,0.0009657973423600197
0.00019366451306268573,0.0007312147063203156,-0.002691521542146802
-0.0015639334451407194,0.0005431234603747725,-0.000646242406219244
-0.0014379657804965973,-0.0009269414003938437,-0.0014947252348065376
-0.0010955798206850886,0.0006795317167416215,-0.0007530050352215767
-0.001078269211575389,-0.0006672288291156292,0.0009897677227854729
0.0008184340549632907,0.0014308093814179301,-5.046278238296509e-05
0.0008197656716220081,0.0005405147094279528,-0.0027511746156960726
-0.0002071492199320346,0.0013935251627117395,0.0010478245094418526
0.0008322825306095183,-0.0004283432790543884,0.00010985927656292915
-0.0010588763980194926,0.00015584782522637397,0.00029682787135243416
-0.00039361880044452846,0.0024243283551186323,0.002962918486446142
0.0007082916563376784,-0.0002968022890854627,0.0014629759825766087
0.0007682128343731165,5.7664448831928894e-05,-0.0005051004700362682
0.0011081055272370577,-0.0011206762865185738,7.206620648503304e-05
0.0006551017868332565,-4.396036092657596e-05,-0.0016153124161064625
-0.0014735064469277859,9.22515318961814e-05,0.0009106793440878391
0.003074639942497015,0.0008555134991183877,0.0007705972529947758
0.001206698827445507,0.0003242128586862236,-0.0006781625561416149
-0.001504399231635034,0.0008238218724727631,-0.00048694759607315063
-0.0008553786901757121,-0.0001591331383679062,-0.0014456878416240215
0.001105240429751575,-0.0004153292393311858,0.00035727210342884064
0.0018892186926677823,0.0006303698173724115,-0.0020257080905139446
-0.00039018088136799634,0.0018983007175847888,0.0008845943957567215
0.0018346344586461782,-0.00011478264059405774,0.0008965786546468735
0.0008194375550374389,0.0012602073838934302,-0.0014595198445022106
-0.0002072146162390709,0.000251558783929795,-0.00129288574680686
-0.00012039556168019772,-0.0005870705936104059,-0.0012034038081765175
-0.0006896969862282276,-0.0010610074969008565,-0.0017282492481172085
-0.0007610697066411376,0.00044820582843385637,4.914449527859688e-05
0.0004462802899070084,0.00027484726160764694,-0.0010012472048401833
0.0004742434830404818,0.0008032183977775276,-0.002606866881251335
0.00011365325190126896,-0.0005510010523721576,-0.000253165140748024
0.0007512139854952693,0.00033556530252099037,-0.00010589277371764183
-0.0019004505593329668,-0.0025751458015292883,-0.001359651330858469
-0.0009989705868065357,-0.0015807212330400944,-0.0015774979256093502
-0.0010419278405606747,-0.00039247795939445496,-0.0007173996418714523
-0.0003947797231376171,-0.00021085035405121744,0.0002421373501420021
0.0019204514101147652,-0.0013801652239635587,0.0024451506324112415
0.0006586456438526511,0.0004704653692897409,-0.00017060665413737297
-0.0008544169832020998,-0.0004971795133315027,0.0007905024103820324
-0.0009902381571009755,-0.001435144804418087,0.0008179331198334694
-0.0019827939104288816,-0.00257967971265316,0.0004190164618194103
0.0014289815444499254,0.0002973330847453326,-0.0008667577058076859
0.003008770290762186,-0.0013442799681797624,0.00018703890964388847
-0.0005574688548222184,0.0001319102302659303,-0.001345077995210886
0.0016046528471633792,-0.001002247678115964,0.0007618092931807041
-0.00029950725729577243,0.0011493201600387692,-0.0008049285970628262
-0.00032875919714570045,0.002491546794772148,-0.002056392841041088
-0.0021879118867218494,-0.0023205189500004053,0.0002019680105149746
-0.0020798323675990105,0.0013204062124714255,-0.002254792954772711
0.00032580108381807804,0.00015793644706718624,-0.0009719482623040676
0.002260370645672083,9.56475778366439e-05,-0.00015635741874575615
0.00147180852945894,-0.0008231429965235293,-0.0014559803530573845
-0.001548890140838921,-0.0025013936683535576,-0.0004957662895321846
-0.0006125227082520723,0.001483760541304946,-0.0007668761536478996
0.0011791761498898268,0.001044060685671866,-0.0010484722442924976
-0.0014986321330070496,0.0006499128649011254,-0.0009925458580255508
-0.0009238624479621649,-0.0003309586609248072,-0.0016417489387094975
0.0008719070465303957,0.0005300413467921317,0.001152705866843462
-0.000649938709102571,-0.0012756423093378544,-0.001523283775895834
-0.0009668548591434956,0.0011419752845540643,-0.0013730814680457115
0.0005495287477970123,-0.0015177428722381592,0.00018859701231122017
0.0016121300868690014,0.00136566162109375,-0.0016577723436057568
-0.0031299693509936333,-8.124384476104751e-05,-0.002463445533066988
2.081634011119604e-05,0.003051965031772852,-0.00032972078770399094
-0.0009644952951930463,0.00014172590454109013,0.0016944771632552147
0.00026135772350244224,-0.0005842518294230103,-0.0004608193412423134
-0.0018192774150520563,0.0011731969425454736,0.001470792107284069
-0.002008361741900444,0.0007966259145177901,-0.000891165342181921
-0.001266860170289874,-0.0004368083900772035,-0.0005150898359715939
0.001125191105529666,-0.0020802451763302088,0.0015078475698828697
0.0008037886000238359,-0.0010387657675892115,-0.0038005223032087088
0.001422440866008401,-0.0005090630147606134,-0.0009866263717412949
0.00045678403694182634,-0.0009641048964112997,0.002595827914774418
-0.0009914429392665625,-0.0008285499643534422,0.002543363720178604
0.0015920968726277351,-0.0011942664859816432,-0.0002085389569401741
0.001118320506066084,-0.0010027852840721607,-0.0007318500429391861
-0.0008559511043131351,3.650051439763047e-05,-0.0007755840197205544
0.002274594735354185,0.0002764513483271003,0.0013632006011903286
0.0016873693093657494,-0.0005313772708177567,-0.00013905949890613556
0.0011635255068540573,0.00022389517107512802,-0.0007406678050756454
-0.00259482697583735,-8.447568689007312e-05,-1.2078322470188141e-05
0.00019616589997895062,-0.00048208562657237053,0.00022946996614336967
0.0009745334973558784,0.0011875131167471409,-0.0018476643599569798
-0.0007261611754074693,-0.00020904859411530197,0.000675681047141552
0.0009393648942932487,-2.1218515030341223e-05,-2.2498425096273422e-05
-0.0025179507210850716,0.0009582921047694981,0.0016728700138628483
0.00013766231131739914,0.001204023021273315,-0.000328822061419487
-0.0018240222707390785,-0.0008316972525790334,0.0005526840686798096
0.00023387683904729784,-0.00017029063019435853,0.0005959202535450459
0.000756388995796442,-0.00029732342227362096,3.2129231840372086e-05
0.002165104728192091,0.0003200124192517251,-0.0005025696009397507
0.00017891917377710342,0.0008438562508672476,-0.0001659458503127098
0.0005554153467528522,0.0005179742584004998,0.0010081804357469082
0.0011005643755197525,-0.001417877501808107,-0.00017559481784701347
0.000494675652589649,0.001118857879191637,-0.0011609853245317936
0.00029946595896035433,-0.00028862274484708905,0.00022013019770383835
0.00202116253785789,-0.000492046819999814,-0.00031167594715952873
0.002484286203980446,0.000635269214399159,-0.002990549895912409
0.0019902316853404045,-1.91775725397747e-05,0.0010962248779833317
0.004858988802880049,0.0011515480000525713,0.001564408652484417
-0.0004806311335414648,-0.0014819592470303178,-0.0003214878961443901
-0.0017317841993644834,-0.0008989932830445468,-0.00020670564845204353
0.0005458006053231657,-0.0008270016987808049,-0.00030242418870329857
-0.001737860031425953,5.3705647587776184e-05,-0.00032878946512937546
-0.0012900978326797485,-0.0020464479457587004,-0.00010001799091696739
0.0018622858915477991,0.00025798543356359005,-0.0002560792490839958
-0.00036486255703493953,-0.0001250523782800883,0.00024510733783245087
0.00025272450875490904,-0.0010283966548740864,0.0002118176780641079
-0.0013089108979329467,0.002304992638528347,0.0010765278711915016
-0.003945440519601107,0.00010442265920573846,-0.0018553463742136955
-0.0010321801528334618,-0.0003206784022040665,0.000887229572981596
0.0002445392310619354,0.00034910658723674715,0.0035597113892436028
-0.0013411904219537973,-0.0014673020923510194,0.0016104765236377716
0.0011254292912781239,0.001155112637206912,0.0005433480255305767
-0.0004902699147351086,0.0005637580179609358,0.0026610521599650383
-0.00021090428344905376,-0.00048685900401324034,0.000293768011033535
0.00017437024507671595,0.001514981035143137,0.0008064731955528259
0.00022390505182556808,-0.0019806839991360903,0.0006589340046048164
0.0004797627334482968,-0.0006062539760023355,-0.001181724015623331
0.0007799009908922017,-0.000548197072930634,0.0009959428571164608
-0.00014302722411230206,0.0017123178113251925,0.0013060485944151878
0.0008191728265956044,0.00024651395506225526,-0.0006425860337913036
-0.0027326117269694805,-0.0010918132029473782,0.0005226698704063892
-0.0006044795736670494,0.0015079645672813058,-0.0030137416906654835
-8.482544217258692e-05,0.0002535517269279808,-0.00014329981058835983
-0.0005396933411248028,0.0016144270775839686,0.000710243359208107
0.0025989722926169634,-0.0007912227301858366,0.0017690504901111126
-0.000665796862449497,-0.001259140088222921,0.001055056694895029
-4.138902295380831e-05,0.0012574292486533523,0.0006462410092353821
0.0007658151444047689,-0.0003260862431488931,-0.00020011141896247864
-0.0018018994014710188,-0.0013178610242903233,-0.0009050890803337097
0.0009262427920475602,0.0013503599911928177,0.00029812706634402275
-0.002563216257840395,-0.00022981176152825356,0.0022251615300774574
-0.0020939672831445932,-0.0007057186448946595,0.0027300966903567314
-0.0029727870132774115,-0.00153742462862283,-0.0003362218849360943
2.6464811526238918e-05,0.0006445032195188105,-0.0001226365566253662
-0.0004023090878035873,0.0009262728854082525,0.0015547554939985275
-0.0017514665378257632,0.001725221169181168,0.0007488830015063286
-0.0013223567511886358,-0.0003527834778651595,0.0003582034260034561
0.0006329361349344254,-0.00019246115698479116,-0.00022316444665193558
-0.000633300980553031,-2.0374143787194043e-05,0.0006070858798921108
0.0006924205808900297,-0.000685631821397692,0.0015562362968921661
0.00247834250330925,-0.001266856910660863,0.0009596222080290318
-0.002198434667661786,-0.0008471428300254047,0.00038118334487080574
-0.0007684217416681349,-0.0005849775625392795,-0.0023649251088500023
0.0009903297759592533,2.56852617894765e-05,-0.0020466772839426994
0.0013984492979943752,0.0007228514878079295,0.0006764386780560017
-0.0007834786083549261,-0.0007464144146069884,0.002660227008163929
-0.0005787046975456178,-8.392870950046927e-05,0.0009788605384528637
0.0010391655378043652,-0.0004333354299888015,0.0011445092968642712
0.0009979226160794497,-0.00011585111496970057,-0.00012291548773646355
0.0011579785495996475,-0.0010223911376670003,-0.001339181326329708
4.847371019423008e-05,-0.001333832275122404,-0.00048777228221297264
0.00033849195460788906,-0.00024140358436852694,0.0005519255064427853
0.0007584351114928722,-0.0026762860361486673,-0.0013082115910947323
8.572067599743605e-05,0.0002942038408946246,0.0011906321160495281
-0.0018929182551801205,-0.0025156650226563215,-0.0014395629987120628
-0.0005738545442000031,0.0003725331916939467,0.0002329018898308277
0.0005808091373182833,0.00010167682921746746,0.00043955305591225624
-0.002148398431017995,-0.0011127246543765068,0.0029474515467882156
-0.0008250398095697165,0.0009535645949654281,0.0015923245809972286
0.0007925642421469092,-0.0011769643751904368,0.0013145566917955875
0.0024187499657273293,-0.0009333714260719717,-0.0004555145278573036
-0.0004875576123595238,0.000755605346057564,0.0002928338944911957
-0.000633867981377989,-0.0001511815789854154,-0.0005731508135795593
-0.00033799081575125456,0.0008006321731954813,-0.0014567878097295761
-0.0020382096990942955,-0.0014429090078920126,-0.0011723767966032028
-0.0010866622906178236,-0.0033513300586491823,-0.00033987266942858696
0.003746870905160904,-0.002531004138290882,0.0002238759770989418
-0.0006151203997433186,-0.0005067355232313275,-0.00022353511303663254
-0.0019058587495237589,0.0008526505553163588,-0.0005706357769668102
0.002875314326956868,-0.0005476395017467439,-0.0010542655363678932
0.0009747848962433636,-0.001597549649886787,-0.001997463870793581
0.0007630636100657284,-0.0031765378080308437,0.000409501139074564
0.0021011526696383953,0.0022262493148446083,-0.00041220197454094887
-0.0006821169517934322,-0.001558368792757392,0.00017156312242150307
0.002709666732698679,-0.0011519570834934711,0.00046135345473885536
-0.0006379266269505024,0.0010334328981116414,-0.0011511906050145626
0.000549083692021668,-0.00021187393576838076,0.00019576353952288628
0.000989836873486638,-0.0008041609544306993,-0.0010074526071548462
-0.002169880550354719,0.0010661841370165348,-0.0009037158451974392
0.0014192615635693073,0.0012462137965485454,-0.0001228773035109043
0.002437680261209607,0.0010407574009150267,-1.1051539331674576e-05
-0.003291844390332699,0.0009086645441129804,0.0009996178559958935
-0.0008814771426841617,0.0012030649231746793,-0.0010333298705518246
0.0020211022347211838,-0.0014867278514429927,-0.0012969831004738808
0.002662092447280884,0.0002517176908440888,-0.0009183310903608799
0.0008021406829357147,0.0014280359027907252,0.0011200527660548687
-0.0008785877143964171,-0.0011481567053124309,0.000807635486125946
0.00017602401203475893,0.0007235129596665502,0.0008094995282590389
0.00019000220345333219,-0.0003962951886933297,0.0013738321140408516
9.306316496804357e-05,0.00042076263343915343,-0.0009250086732208729
-0.0012372665805742145,0.0001658122637309134,-0.0014291978441178799
0.000707107363268733,-4.244693263899535e-05,0.0012685847468674183
0.0008748059626668692,-0.00249001057818532,0.0004598088562488556
-0.0015366863226518035,-0.00017199499416165054,-2.408726140856743e-05
0.0017443069955334067,0.0014542676508426666,0.0015668971464037895
0.0010920988861471415,-0.00032685452606529,0.002394074574112892
-0.000714391004294157,0.0004865363007411361,-0.0014930078759789467
-0.0004683149163611233,0.0011584518942981958,-0.0015550595708191395
-0.0011527028400450945,-0.0019879122264683247,9.817071259021759e-06
-0.0010605575516819954,-0.000721579126548022,0.0014042481780052185
0.0005202617612667382,-0.0001508951827418059,-0.0006042970344424248
0.0010118812788277864,0.0007929291459731758,0.0005981200374662876
-9.550817776471376e-05,0.001322506694123149,-0.001240958459675312
0.0007780086016282439,-5.516631063073874e-07,-0.0010657222010195255
0.0007350467494688928,-0.0004189952742308378,1.2747012078762054e-05
0.0003568778629414737,-0.0014712101547047496,0.0017472640611231327
0.0012810928747057915,-6.256272899918258e-05,-0.001309006940573454
0.0016440816689282656,0.0008650162490084767,0.0013344469480216503
-0.002008597832173109,0.0009191688150167465,9.902473539113998e-05
-0.0006858058623038232,0.001509857946075499,-0.0019505438394844532
-0.001915130764245987,-0.0027950324583798647,0.0009572939015924931
-0.00071271340129897,0.0005642788019031286,-0.002681383164599538
0.001983306836336851,0.00041103342664428055,-0.0008720378391444683
-0.00014509158791042864,-0.002524568932130933,0.0008800560608506203
-0.0010919343912974,-0.001376555534079671,-0.0006075860001146793
0.0008902563713490963,0.00015396320668514818,-0.001481369137763977
-0.0006153518334031105,-1.989889278775081e-05,-0.00030626775696873665
-0.00017726185615174472,-0.002061744686216116,0.0006487416103482246
0.00028311580535955727,-0.0033292982261627913,0.00011565210297703743
0.0017696922877803445,-0.0002855714410543442,6.728805601596832e-06
-0.000681453850120306,0.00034607312409207225,0.0017365249805152416
0.0007997963693924248,0.0010930898133665323,-0.0009016022086143494
0.0018772257026284933,-0.0013640853576362133,0.002448863349854946
0.0007155548082664609,0.0015653917798772454,-0.0010768952779471874
-0.0014466199791058898,-0.0002849828451871872,-0.0019213962368667126
0.002748124999925494,-0.0004860514891333878,-0.0004007313400506973
-0.0012880401918664575,-0.0002141793811460957,0.002480459399521351
0.0026214802637696266,-0.0052696578204631805,-0.00047458428889513016
0.002908063121140003,3.523088525980711e-05,0.0015136972069740295
0.0028516044840216637,0.00046826087054796517,0.0016077067703008652
-0.0004978046636097133,-0.000976238981820643,-0.0013643624261021614
0.0002079330151900649,0.00010793382534757257,0.00020051142200827599
-0.002413627691566944,-0.00033240101765841246,0.0016068583354353905
0.00046285262214951217,-0.0011028535664081573,0.0013487981632351875
-0.0017275353893637657,0.002709505148231983,0.00026862137019634247
0.0012741134269163013,-0.0010945540852844715,0.003050293307751417
0.0005414150655269623,-0.00023823654919397086,-0.00040352530777454376
-0.0009494224796071649,0.0017540742410346866,-0.00026477454230189323
-0.0016530939610674977,0.00022202020045369864,-0.00018490711227059364
0.0007293700473383069,8.619898289907724e-05,-0.0024304846301674843
0.0003563897334970534,0.0011072532506659627,0.00011528562754392624
-0.0007687958423048258,0.0011373469606041908,-0.000349435955286026
-0.0006511610117740929,0.0005722811329178512,0.0004172581247985363
-0.0012714113108813763,-0.0002450430183671415,0.0014044921845197678
-0.0011313206050544977,-0.002410703804343939,-0.001462920568883419
-0.0006711264722980559,-0.00017924103303812444,0.0008023642003536224
0.0009201429202221334,0.0015159959439188242,0.001207617111504078
4.5827124267816544e-05,-3.636065957834944e-05,-0.0016297143884003162
-0.0009050124208442867,0.0010036816820502281,0.0015020589344203472
0.000563720881473273,0.0008353698649443686,-0.0015922682359814644
0.00018681923393160105,0.0013330935034900904,0.0011763381771743298
-0.0022579627111554146,-0.0016499132616445422,-0.0012463396415114403
0.0021320334635674953,-0.0015171152772381902,-0.0010665669105947018
-0.0010027732932940125,0.0004927723784931004,-0.000773086678236723
0.0016080689383670688,2.683175989659503e-05,-0.0013531148433685303
-0.0017680204473435879,-0.0009574725991114974,0.0023212479427456856
-0.0018115241546183825,0.0010592761682346463,0.0013764500617980957
0.0013232826022431254,-0.001220656093209982,-0.0012587476521730423
0.0013225269503891468,0.00019119243370369077,-0.000513486098498106
0.0006189198466017842,-0.002298330422490835,0.0010077115148305893
0.0004036366881337017,0.00027621607296168804,-0.0002598869614303112
-0.0025815004482865334,-0.000195429747691378,-0.0011629648506641388
-0.0011379639618098736,6.291237514233217e-05,0.0009185844101011753
-0.0006628560367971659,-0.0013235292863100767,0.0010117948986589909
0.002987085608765483,0.0006631673313677311,-0.00035959435626864433
-0.0005828817375004292,-0.0005379182985052466,-0.0014054174534976482
-0.001143385306932032,-0.0002301687200088054,0.00017249025404453278
-0.00018970732344314456,0.0005546648753806949,0.00031789904460310936
0.00024333709734492004,-0.0011497968807816505,-0.002117882017046213
-0.0015212733997032046,0.002723238430917263,0.0005977433174848557
0.0008433329639956355,-5.0268281484022737e-05,-0.0005220747552812099
-0.0009705460397526622,-0.00024361377290915698,-0.0005311295390129089
0.0003328350721858442,0.0019414594862610102,-0.0015735598281025887
0.0006651976145803928,0.002051181858405471,-0.0008635614067316055
0.0013878117315471172,-0.0002500709961168468,-0.0013151103630661964
0.002339359140023589,0.0014018877409398556,0.0003064884804189205
0.0002425044367555529,-0.0007905437960289419,0.0010104482062160969
0.0001471632713219151,0.0011469058226794004,0.0001451871357858181
0.0008229564409703016,-0.0010090081486850977,0.00011701695621013641
-0.0011142268776893616,-0.0022290023043751717,-0.00010189460590481758
-0.0005467362934723496,-0.0010997835779562593,0.0003959452733397484
0.0002972194633912295,0.000555104692466557,4.227738827466965e-05
-0.0020041458774358034,0.0014064335264265537,0.002027748618274927
-0.0011631196830421686,0.001026400364935398,0.0008133468218147755
-0.0023355779703706503,-0.000961419427767396,-0.0018474818207323551
0.0015590288676321507,-0.0012924503535032272,1.8595252186059952e-05
-0.003013437148183584,0.0002429919404676184,-0.0011868993751704693
-0.0002019382081925869,0.0026086780708283186,0.0007713227532804012
0.000690528831910342,-0.00202970951795578,0.0006374898366630077
0.002610401716083288,-0.00254050362855196,-0.00017690472304821014
-0.000757601868826896,-0.002315094694495201,0.001035948283970356
0.0005667881341651082,0.0007640522671863437,0.0008386080153286457
-0.001497727818787098,0.001121680368669331,-0.000944201834499836
0.0013172333128750324,0.0016604377888143063,-0.0005343416705727577
-0.00040825578616932034,0.0002901391708292067,-0.0020106243900954723
-0.0008359594503417611,0.0007751008379273117,0.0002554594539105892
-0.0023113840725272894,0.0011696903966367245,0.0001664320006966591
-0.0019633087795227766,0.00014304184878710657,0.0009342213161289692
-0.002717382274568081,0.0010390578536316752,-0.0012441626749932766
-0.001477680983953178,0.0008036344079300761,-0.0007746471092104912
0.0012214628513902426,0.000476417422760278,0.00011213822290301323
0.00029654704849235713,-0.0011965803569182754,-0.0012663137167692184
0.001399041386321187,-3.205248503945768e-06,0.0024588266387581825
-0.001401538960635662,-0.0006210586288943887,-0.0022943830117583275
-0.0014319400070235133,0.000726382015272975,-0.000802396796643734
0.00188609235920012,0.0003439520951360464,0.001354231033474207
0.0006703362450934947,-0.0011856789933517575,-0.0015322426334023476
-0.0008905425202101469,0.000597573583945632,-0.00047709839418530464
0.0007799637969583273,0.0004444448568392545,-0.0004111495800316334
-0.000506343028973788,-0.0002551675424911082,0.0012203031219542027
0.0002488097525201738,0.0004678363329730928,0.0004194783978164196
0.0002245749783469364,-0.0014520364347845316,-0.0003259400837123394
-0.000570498697925359,-0.0011246433714404702,0.0015827808529138565
-0.002167596248909831,0.0014391817385330796,-0.0008010147139430046
0.0015114762354642153,-0.0010759654687717557,-0.001016467809677124
-0.0001639183610677719,-0.0009776948718354106,-0.0002891584299504757
0.0028404928743839264,0.00015473764506168664,9.822333231568336e-05
-0.0020770342089235783,0.0005672613042406738,0.0015054373070597649
-0.00028420507442206144,-8.312445424962789e-05,3.545451909303665e-05
-3.253636532463133e-05,-0.0025603969115763903,0.0004975129850208759
-0.0017848643474280834,-0.0010207605082541704,0.00011255452409386635
0.000644204905256629,-0.002444486366584897,-0.004537857137620449
-0.0010403748601675034,-0.001088322140276432,-0.00048508308827877045
-0.002753320150077343,-0.0008153481176123023,0.00018709851428866386
-0.0004561192181427032,-0.0008582154987379909,-0.00023550773039460182
0.0033258358016610146,-0.0012803265126422048,0.0022875708527863026
-0.0011751616839319468,0.0001881941716419533,-0.00042845262214541435
0.00029836539761163294,-0.00018171891861129552,-0.0004391050897538662
-0.0005493315402418375,-0.000554279366042465,-0.002627086825668812
0.00023869783035479486,-0.0007580111850984395,-0.0002731187269091606
-7.285361061803997e-05,0.00045644890633411705,-0.0007259179838001728
-7.258731056936085e-05,0.0006732302717864513,0.00036944029852747917
-1.4346005627885461e-05,0.0020390436984598637,0.0014413152821362019
-0.0002809283905662596,-0.001426261500455439,0.0005856417119503021
0.000880726904142648,-0.00014133943477645516,0.0015284102410078049
-1.4627876225858927e-05,-6.916775600984693e-05,-0.0010007941164076328
-0.0013561338419094682,0.0013353711692616343,-0.0011915829963982105
-0.00018833775538951159,-0.003050322411581874,0.0016303020529448986
0.00013701374700758606,0.0012350400211289525,-0.0004500183276832104
0.0005423468537628651,0.0015572825213894248,-8.836109191179276e-05
-0.00019904514192603528,-0.0017611612565815449,-0.0025329894851893187
0.0011024416889995337,0.0033720817882567644,4.148809239268303e-05
-0.0011553363874554634,0.0008876030915416777,-0.0035487499553710222
0.001606627949513495,0.0016434082062914968,0.0007091122679412365
0.0003437122795730829,0.0011968322796747088,0.0011074733920395374
-0.00039797808858565986,0.0012362470151856542,-0.00033489475026726723
0.0020233280956745148,0.002490441780537367,-0.0012331809848546982
-0.001867283834144473,0.0026246653869748116,-9.4585120677948e-06
3.688741708174348e-05,0.0006858972483314574,0.0006741806864738464
0.0016315883258357644,-0.0013186640571802855,0.0007689893245697021
-0.0015234213788062334,0.0009427909390069544,-0.0004776017740368843
-6.933542317710817e-05,0.0017060528043657541,0.0026292414404451847
-0.001602538162842393,0.0026798981707543135,0.0008813315071165562
0.00015727864229120314,0.0009461804293096066,-0.0004723533056676388
-0.00041638052789494395,-0.0010022165952250361,-0.0007659015245735645
0.0027293453458696604,0.00015119844465516508,-0.0020247776992619038
-0.0016700690612196922,0.000301410851534456,0.0002619978040456772
0.0032767525408416986,-0.0004384153289720416,-0.0007446766830980778
0.0016426830552518368,-3.178356564603746e-05,0.0026637818664312363
-0.00042073416989296675,-0.0016592413885518909,0.00023045111447572708
-0.000481613096781075,0.0012186556123197079,0.0007529733702540398
-0.0022936277091503143,0.0009467468480579555,-0.0002443804405629635
0.0008038048399612308,-0.00010633066995069385,-0.0011256197467446327
-9.208254050463438e-05,0.00018581809126771986,-0.00013492396101355553
0.0016443126369267702,0.00021642405772581697,-0.0012571732513606548
0.00024482148000970483,0.00017834085156209767,0.0010302155278623104
-0.0001196330995298922,0.001425239141099155,0.00016196724027395248
-0.001062125782482326,-0.0005865127313882113,-0.0003003571182489395
-0.0005781693034805357,0.0006463021272793412,4.363991320133209e-05
-0.00025432888651266694,0.001442853594198823,-0.0012144376523792744
0.0010536983609199524,-0.0013267749454826117,0.0007259114645421505
-0.00036763070966117084,-0.0022700666449964046,-0.0013838447630405426
-0.0031667435541749,5.0974631449207664e-05,0.002406436949968338
0.0007502335938625038,0.0002965180901810527,-0.0012317071668803692
0.0031063505448400974,0.0011273015988990664,-0.0013972390443086624
-0.0022609843872487545,-0.0012474391842260957,-0.0019442522898316383
-0.0004458568582776934,0.003449193201959133,-0.0009733750484883785
0.0014295411529019475,7.550080044893548e-05,0.0002162591554224491
-0.0016521126963198185,0.00060870754532516,-0.003578503616154194
-0.00032612483482807875,0.002557076048105955,-0.0013933801092207432
0.00020138945546932518,-0.0006886871997267008,-0.0003278469666838646
-0.0009171381825581193,-0.0009584653889760375,-0.0019441191107034683
0.0013670886401087046,0.001783166779205203,-0.001592382788658142
-0.0016430823598057032,-0.0010733399540185928,-0.0010051559656858444
0.001055632485076785,0.000557013729121536,0.0005685156211256981
0.0007514994358643889,-0.00019080190395470709,-0.0012480267323553562
-0.0001503516687080264,-9.194610174745321e-05,0.0012563052587211132
-0.00013676955131813884,0.0005261735641397536,-0.0003953874111175537
0.0022425809875130653,3.104336065007374e-05,-0.0004588761366903782
0.000271309312665835,0.0018843371653929353,-0.0016727447509765625
0.0016954828752204776,0.0005411135498434305,0.0002942178398370743
0.000756452267523855,0.0008780034258961678,0.00010380195453763008
-0.0005676870932802558,-0.0018390135373920202,0.00042869430035352707
-0.0008166927145794034,-0.002046473789960146,-0.00047970982268452644
-0.0007508718990720809,-0.0002955049858428538,-0.003665065160021186
0.0014369150158017874,0.001450729789212346,0.0009230286814272404
0.0007498792838305235,-0.0011688803788274527,-0.002481813309714198
0.0006172538851387799,-0.000783521041739732,0.000558984000235796
0.0005653116386383772,-2.5905741495080292e-05,0.0014310041442513466
-0.0006600087508559227,0.000155721849296242,0.0006192727014422417
-0.0009190019336529076,-0.001952795428223908,-0.0008215690031647682
-6.439359276555479e-05,0.0011111714411526918,0.001224803738296032
-0.001207524910569191,-0.0009978627786040306,-0.00019986368715763092
0.001467620488256216,0.000280454580206424,-0.0005692443810403347
0.00031015017884783447,-0.00010086994734592736,0.0014659375883638859
0.0014364009257405996,-0.0014449672307819128,-0.0012896349653601646
0.0002012559853028506,-0.0010072033619508147,0.002608582843095064
0.0024106143973767757,-0.0006085281493142247,-0.00023167813196778297
0.00042781015508808196,0.0007843800121918321,6.077159196138382e-05
0.0012781574623659253,-0.0014156572287902236,0.00046424055472016335
-0.00014620934962294996,0.00048268260434269905,-0.0002869688905775547
0.0003989397082477808,0.00018094648839905858,0.0006715031340718269
-0.002793704392388463,0.00109903234988451,0.00046647386625409126
-0.0021747855935245752,0.000887577305547893,-0.0015410170890390873
0.0006377231329679489,0.00014323819777928293,0.0014277519658207893
0.00022653109044767916,0.002076426986604929,0.0004794001579284668
0.00042903071152977645,0.002652788069099188,0.0004405961371958256
0.0009387597092427313,0.0001906957186292857,0.0015308940783143044
0.0014373015146702528,0.0015039904974400997,-0.002230376470834017
-0.0017017663922160864,-0.0005066960002295673,-0.0018649906851351261
-0.0018581626936793327,0.0011090569896623492,0.0005067908205091953
0.0005743687506765127,0.0024390395265072584,-0.0013496987521648407
-0.0016247774474322796,-0.0007680677226744592,0.0012437021359801292
0.0013475766172632575,-0.0011555576929822564,1.545250415802002e-05
0.0006432632799260318,-1.2637945474125445e-05,0.0014444217085838318
0.0007282181177288294,-0.00029360142070800066,0.001586900558322668
6.304762791842222e-06,-0.0007654636283405125,0.002455135341733694
-0.0007835887372493744,0.00042390410089865327,-0.000713493674993515
0.0006313406629487872,-0.000491736747790128,0.0011267857626080513
6.328843301162124e-05,-0.0016475486336275935,9.856186807155609e-06
-0.0010096684563905,-0.0007782663451507688,-0.00011507188901305199
0.00023882149253040552,-0.0013250132324174047,-0.0016607707366347313
0.0015083558391779661,0.0004919724306091666,0.00045275362208485603
0.0018945143092423677,-0.0007535879849456251,0.0026285559870302677
-0.00035981216933578253,-6.362138083204627e-05,0.0013546086847782135
0.0007640417898073792,-0.0021832312922924757,-0.002408438129350543
-0.00047988290316425264,0.0007992010214366019,-0.0008610310032963753
-0.001993889920413494,-0.0019518444314599037,0.001700663473457098
-0.0030810185708105564,-0.0012908075004816055,-0.0006376816891133785
-0.001250628149136901,0.0012280101655051112,0.0013956418260931969
-0.0008885522838681936,0.002822065493091941,0.00259294081479311
7.098462083376944e-05,0.002173585817217827,-0.0009807548485696316
-0.00059145363047719,0.0012088812654837966,-0.0025022453628480434
0.0008360007195733488,0.0009976925794035196,0.0001089838333427906
-0.002297045197337866,0.0011014763731509447,0.0014366409741342068
0.0007232459029182792,0.00046657881466671824,-0.0002145189791917801
0.000772094470448792,0.0012827458558604121,-0.0011168899945914745
-0.00046414489042945206,0.0006814040243625641,0.00037048570811748505
-0.0015380210243165493,0.0018097617430612445,9.199604392051697e-05
-0.0012743680272251368,0.00018709772848524153,0.001397477462887764
0.003738448489457369,-0.00033875074586831033,-0.0014235605485737324
0.0004411888075992465,0.002410164102911949,-0.0010323422029614449
-0.001075388747267425,0.0013208037707954645,-0.0007442510686814785
0.0011912276968359947,0.001578331459313631,0.00270640617236495
0.0013772399397566915,-0.002321569947525859,0.0012506302446126938
-0.00026726204669103026,-0.00044803612399846315,0.0007499558851122856
-0.0024967207573354244,0.00016925009549595416,0.001080106943845749
0.0002215678250649944,-0.0029373271390795708,-0.0009436290711164474
0.0009277635253965855,0.003182732965797186,0.0011890414170920849
-0.0004530854639597237,-0.0009350466425530612,-0.0003689080476760864
0.0007038365583866835,0.000528790638782084,-0.0015651322901248932
-3.625586396083236e-05,9.522800974082202e-05,0.002357437741011381
0.0002526257303543389,0.0013519002823159099,0.0015673507004976273
0.0008624895708635449,-0.00012642043293453753,0.0006104768253862858
7.061372161842883e-05,-0.0007919564377516508,0.0015388303436338902
-0.005451184697449207,-0.002048169495537877,-0.0005746539682149887
0.00017405379912815988,0.0002454739878885448,-0.0024556841235607862
-0.0007213009521365166,-2.803264942485839e-05,-0.002196026034653187
0.0015801005065441132,0.0001818183227442205,0.0008283350616693497
0.0013649172615259886,-0.0004070065915584564,0.0016674972139298916
-0.000631373084615916,-0.0007917531183920801,0.001657058484852314
0.0037199659273028374,-0.0008516742382198572,-0.0012702876701951027
0.00014944114082027227,0.0005596156697720289,0.0003840499557554722
-0.0008039704989641905,-0.00030537904240190983,0.0010807327926158905
-0.00010953572927974164,-8.537815301679075e-05,0.0031618457287549973
0.0029485721606761217,0.0005186267662793398,-0.0009247749112546444
0.0010840368922799826,0.0006880111759528518,7.061520591378212e-05
0.003999399486929178,0.001474442658945918,-0.0010646902956068516
0.001804234809242189,0.0004602310946211219,-0.0021976125426590443
0.000322718289680779,-0.0009634948219172657,-0.00010623224079608917
0.000934411829803139,0.002476174384355545,-0.0009647109545767307
-0.0010656222002580762,-0.0008951214258559048,0.000953297596424818
0.0026262602768838406,-0.0014725645305588841,0.000368763692677021
-0.0007538237841799855,0.0014105737209320068,-3.0137598514556885e-06
0.0006337284576147795,0.0027196232695132494,-0.0025191816966980696
0.0014353400329127908,-0.0010857676388695836,-0.001199052669107914
-0.00020867522107437253,0.0014013834297657013,-0.0008109132759273052
0.0005508583271875978,-0.0012473964598029852,-0.0007248935289680958
0.0016633688937872648,-0.0011155038373544812,0.00035288697108626366
0.0002319198101758957,-3.292890323791653e-05,-0.0002564443275332451
-0.0023789776023477316,-0.0013551859883591533,0.0010821525938808918
-0.00205274042673409,0.0003601560019887984,0.0007947972044348717
0.0006757724331691861,-0.0025081222411245108,-0.000351655762642622
-0.0015921755693852901,0.0024307100102305412,0.0005431659519672394
0.00032370665576308966,0.00010242329153697938,-0.001401811372488737
-3.022747114300728e-05,0.0010369265219196677,-0.0003701029345393181
-0.00011265210923738778,0.0004384717612992972,0.002188896294683218
-0.00015446374891325831,8.666818030178547e-05,-0.001055100467056036
-0.0023984373547136784,-0.0015976186841726303,-0.0013271337375044823
-0.0010833682026714087,0.0005462259287014604,-0.0010206038132309914
0.0014452601317316294,-0.0013777446001768112,-0.0010720822028815746
-0.0010245554149150848,3.1600153306499124e-05,-0.0022302912548184395
0.0007663825526833534,0.002574451034888625,-0.000453106127679348
0.0016569435829296708,-4.6099405153654516e-05,-0.0018398142419755459
-0.0019510483834892511,-0.00033504681778140366,-0.000337052159011364
-0.0017473166808485985,0.0006785523146390915,0.00041289394721388817
-0.0012282553361728787,-0.0006625332171097398,-0.0010340712033212185
0.0011342348298057914,0.0003713058540597558,-0.0021304949186742306
0.00048177680582739413,0.0004915129393339157,-0.002523954026401043
-0.0001600450195837766,-0.0024382304400205612,-0.0007279184646904469
-0.0014239700976759195,-0.002316404366865754,0.0017864024266600609
0.0011648888466879725,0.0011134807718917727,-0.0004637022502720356
0.0021820971742272377,0.0014418906066566706,-0.000949423760175705
-3.871269291266799e-05,-0.0011730671394616365,-0.002004302106797695
0.0012098827864974737,-1.9975050236098468e-05,-0.00034661125391721725
0.0007699285051785409,0.0004636550147552043,0.000602272804826498
-0.0012319126399233937,-0.00011298275785520673,-0.0003933347761631012
0.0017588172340765595,1.266846084035933e-06,0.0012935115955770016
0.0003269861335866153,0.0008527623140253127,0.0016828756779432297
-0.0009547933004796505,7.059194467728958e-05,-0.00010437145829200745
0.0017727857921272516,-0.0021122731268405914,-0.0024919877760112286
-0.00035774317802861333,-0.0013476796448230743,-0.001284510362893343
-0.0019246056908741593,-0.0006014524260535836,0.0005108481273055077
0.0005260350299067795,0.0013903257204219699,0.000130548607558012
0.0006622278015129268,0.0008261291077360511,0.0002705184742808342
0.0014667687937617302,0.0019451894331723452,0.0004103342071175575
0.0020473699551075697,-0.0008283290080726147,-0.0013194670900702477
0.0006524061318486929,0.0003021828888449818,0.0007340963929891586
0.0003914145927410573,0.0013951956061646342,-0.002196991816163063
-6.531752296723425e-05,-0.0005877941148355603,0.0012592589482665062
0.001150454394519329,0.0015273464377969503,0.00033837882801890373
-0.0007752772653475404,-7.34797358745709e-05,0.00029656756669282913
-0.0007702144794166088,-0.000861179200001061,0.0012669474817812443
-0.000729201827198267,0.0018168955575674772,-0.002183177974075079
-8.291119593195617e-05,0.001180708990432322,-0.0013087508268654346
-0.000910621602088213,0.0004608565359376371,0.00266015762463212
-0.0009928891668096185,0.00018371503392700106,0.0009017237462103367
-0.0003992704732809216,-0.000767832447309047,-2.5589019060134888e-05
-0.003149868454784155,0.0008603762253187597,0.0007189777679741383
-0.0004651357885450125,-0.0004957054043188691,0.0006697094067931175
0.0004675951204262674,-2.68410294665955e-05,-0.001405768096446991
0.0006705279811285436,0.0005808923160657287,-0.002260110341012478
0.0011887033469974995,0.003103765891864896,-0.0019386503845453262
6.458297139033675e-05,0.0037575718015432358,0.0013365051709115505
0.0017353243893012404,0.0006867710035294294,0.002698056399822235
-0.0017086755251511931,3.8291283999569714e-05,-0.0018591447733342648
-0.0023247867356985807,-0.0065657394006848335,-0.015090354718267918
0.0003213301533833146,-0.0005555172101594508,-0.1006942018866539
-0.006479502189904451,-0.002800755435600877,-0.0372697189450264
-0.0022866216022521257,-0.0017517360392957926,0.08345083892345428
-0.000848917756229639,-0.0033062207512557507,0.32676464319229126
0.00014896866923663765,-0.0002270739496452734,0.6324747800827026
-0.0016451622359454632,-0.0027354187332093716,0.6519105434417725
-8.028876618482172e-05,-0.005139720160514116,0.47296416759490967
0.0008779912604950368,-0.0024301079101860523,0.215683713555336
-1.3845274224877357e-06,-0.00393479410558939,0.11667723953723907
-0.000585141300689429,-0.002983229001984,-0.05148646607995033
-0.0003638325724750757,-0.008843248710036278,-0.16820482909679413
-0.006271320395171642,-0.02057567983865738,-0.08248164504766464
-0.018096821382641792,-0.025482021272182465,0.05937030166387558
-0.03804868459701538,-0.043560076504945755,0.14172720909118652
-0.05948260426521301,-0.06716740131378174,0.1833617389202118
-0.070118248462677,-0.20118305087089539,0.17087703943252563
0.004703524522483349,-0.946840763092041,0.2075200080871582
-0.13808758556842804,-0.4897190034389496,0.5696143507957458
-0.3300839364528656,0.6910027265548706,1.1807522773742676
-0.3942112922668457,1.298069715499878,1.2190908193588257
-0.1474452167749405,-0.4541347622871399,0.5022746324539185
-0.06779522448778152,-0.04840399697422981,0.17782869935035706
-0.049918487668037415,-0.30204451084136963,0.28373757004737854
-0.014131181873381138,-0.6108776926994324,0.32325780391693115
0.06684435904026031,-0.968197226524353,0.4168578088283539
0.058408670127391815,-1.2711153030395508,0.28707584738731384
0.03467803820967674,-1.689441442489624,0.1805022954940796
-0.07101226598024368,-1.789271593093872,0.1810457855463028
-0.22708362340927124,-1.5483568906784058,0.3239230215549469
-0.3637401759624481,-1.0858360528945923,0.5332561135292053
-0.48944005370140076,-0.8977822065353394,0.6368762254714966
-0.5158542990684509,-1.0150588750839233,0.6036839485168457
-0.40258529782295227,-1.1646089553833008,0.5202391147613525
-0.24534587562084198,-1.2781319618225098,0.43592074513435364
-0.16026480495929718,-1.388343095779419,0.460930198431015
-0.15893492102622986,-1.6223526000976562,0.5660526752471924
-0.16289237141609192,-1.9069554805755615,0.6287458539009094
-0.02442130446434021,-2.05065655708313,0.6008503437042236
0.12301342934370041,-1.9721704721450806,0.4591781497001648
0.14540529251098633,-1.7661123275756836,0.36081579327583313
-0.029282640665769577,-1.5277341604232788,0.4756007194519043
-0.28517305850982666,-1.3465514183044434,0.6212556958198547
-0.4898526966571808,-1.5426428318023682,0.6036726832389832
-0.5868462920188904,-1.458460807800293,0.5075693130493164
-0.5949934124946594,-1.167741298675537,0.3855070173740387
-0.6136955618858337,-1.0808277130126953,0.32976818084716797
-0.6342713832855225,-1.1494089365005493,0.3193860948085785
-0.5021550059318542,-1.1851917505264282,0.3806960880756378
-0.338767945766449,-1.184895634651184,0.3445364832878113
-0.14879488945007324,-1.6259294748306274,0.15967638790607452
-0.08204275369644165,-1.6121864318847656,-0.0250718891620636
-0.08292452991008759,-1.0722532272338867,-0.0747973695397377
-0.21658006310462952,-0.643826425075531,0.10744993388652802
-0.4977259039878845,-0.5210323929786682,0.2994779348373413
-0.6944578886032104,-0.6714000701904297,0.29529276490211487
-0.7379440665245056,-0.7768095135688782,0.12500278651714325
-0.6841093301773071,-0.6197847723960876,-0.09350505471229553
-0.6055238246917725,-0.5017065405845642,-0.23393508791923523
-0.6250727772712708,0.6614149212837219,-0.12954211235046387
-0.6171438694000244,1.6051713228225708,-0.010846663266420364
-0.8869601488113403,0.9255664348602295,0.03642711043357849
-1.0366662740707397,0.3111373782157898,-0.001305358950048685
-1.0720908641815186,-0.1297539919614792,-0.08006754517555237
-1.0050448179244995,-0.7020599842071533,0.11067920178174973
-0.9286789894104004,-1.0653475522994995,0.2932785749435425
-0.8377910852432251,-1.196494460105896,0.4210757315158844
-0.6544537544250488,-0.8337652683258057,0.473893940448761
-0.41417449712753296,-0.45749813318252563,0.2565552294254303
0.10933797061443329,0.28215011954307556,-0.05792228505015373
0.4877636730670929,0.6348016262054443,-0.2752719521522522
0.7054635286331177,0.5173615217208862,-0.38331055641174316
0.9755824208259583,0.3568931519985199,-0.4067375957965851
0.9875829219818115,0.16754880547523499,-0.27374574542045593
0.426154226064682,-0.25471606850624084,0.21078534424304962
-0.19149939715862274,-0.5635796189308167,0.6423543691635132
-0.8072611093521118,-0.8060383200645447,0.8816366791725159
-1.2545371055603027,-1.0476027727127075,1.0027508735656738
-1.4456191062927246,-1.2184202671051025,0.9465227127075195
-1.4614036083221436,-1.25005042552948,0.7647603750228882
-1.2882115840911865,-1.1279503107070923,0.5524119138717651
-0.89103764295578,-0.833737850189209,0.35220739245414734
-0.6320256590843201,-0.4658525884151459,0.2585126459598541
-0.39617133140563965,-0.19000449776649475,0.20323024690151215
-0.14007608592510223,0.047047678381204605,0.10710074752569199
0.1509016901254654,0.5651475191116333,0.19927246868610382
0.2652168571949005,0.6550236940383911,0.2473638355731964
0.28853973746299744,0.6693024635314941,0.32533159852027893
0.22388868033885956,0.6511934995651245,0.3875821530818939
-0.013897793367505074,0.3142383396625519,0.3438322842121124
-0.49056681990623474,-0.20809800922870636,0.25422391295433044
-0.9631223678588867,-0.787763237953186,0.28077855706214905
-1.270538568496704,-1.2803112268447876,0.4310707747936249
-1.19261634349823,-1.4595561027526855,0.318604975938797
-0.8937678337097168,-1.2753726243972778,0.1700333207845688
-0.6012747287750244,-0.972761332988739,-0.025704234838485718
-0.21585027873516083,-0.7217298150062561,-0.14987297356128693
0.16778233647346497,-0.39296555519104004,-0.1791248619556427
0.468349426984787,0.030074816197156906,-0.22059324383735657
0.6610733270645142,0.32565268874168396,-0.285450279712677
0.5741631984710693,0.4213296175003052,-0.2751172184944153
0.3776530623435974,0.35325655341148376,-0.14511285722255707
0.24685585498809814,0.21867498755455017,0.008241025730967522
0.15628868341445923,0.06629796326160431,0.08479198813438416
0.17373399436473846,-0.09792770445346832,0.10908640921115875
0.16965749859809875,-0.2063703089952469,0.14679144322872162
0.20027221739292145,-0.24783897399902344,0.23004688322544098
0.5583645701408386,-0.14908789098262787,0.5883421897888184
1.9600863456726074,0.2704125940799713,1.1274259090423584
2.712540864944458,0.757777214050293,1.1673544645309448
2.59344482421875,0.2985924780368805,0.8971431851387024
2.6202242374420166,0.22405673563480377,0.5910828709602356
1.7733174562454224,0.8009443283081055,0.44444361329078674
-1.3954156637191772,-0.574505627155304,-0.3505816161632538
-2.667106866836548,-1.4325802326202393,0.2461841106414795
-2.8696041107177734,-2.6689133644104004,0.5109326839447021
-3.096755027770996,-2.9931139945983887,0.6266909241676331
-2.7116546630859375,-3.2008607387542725,0.5330933332443237
-2.0573954582214355,-2.9486279487609863,0.35252752900123596
-1.3922497034072876,-2.2324774265289307,0.19763809442520142
-0.814464807510376,-1.572923183441162,0.09234945476055145
-0.34191644191741943,-0.8541788458824158,-0.08579817414283752
-0.0039207423105835915,-0.22350066900253296,-0.30961868166923523
0.23846472799777985,0.30776137113571167,-0.5301946997642517
0.47369036078453064,0.6969776749610901,-0.6198782920837402
0.6160621643066406,0.983604907989502,-0.5356952548027039
0.6186156868934631,0.938808023929596,-0.2601315975189209
0.4574400782585144,0.4844013452529907,0.04750824347138405
0.4528048038482666,-0.24103687703609467,0.21261759102344513
0.30762895941734314,-0.5971347689628601,0.47320497035980225
0.23547226190567017,-0.8846520185470581,0.4173864424228668
0.32895025610923767,-0.9027904868125916,0.4170375466346741
0.15925653278827667,-0.6182254552841187,0.5107933282852173
0.11715861409902573,-0.3482203483581543,0.3224967122077942
0.19568219780921936,-0.12145906686782837,0.14810863137245178
0.3206164240837097,0.1552574783563614,0.023613309487700462
0.49610084295272827,0.452019065618515,-0.08163852989673615
0.6882585883140564,0.6695713400840759,-0.12769551575183868
0.81687331199646,0.7744394540786743,-0.13330838084220886
0.8569557070732117,0.8154180645942688,-0.11640157550573349
0.8483172655105591,0.8359084725379944,-0.08957929164171219
0.8219415545463562,0.8601182103157043,-0.0637785866856575
0.7695197463035583,0.8689447045326233,-0.053348809480667114
0.7011010646820068,0.8651369214057922,-0.05640638619661331
0.6395977139472961,0.8502194285392761,-0.07246905565261841
0.5848601460456848,0.838031530380249,-0.10176675766706467
0.5491255521774292,0.8390457630157471,-0.13832181692123413
0.507002592086792,0.8189389109611511,-0.17494533956050873
0.4677419066429138,0.7206498980522156,-0.204914391040802
0.4269167184829712,0.5835946202278137,-0.21735747158527374
0.42271727323532104,0.5149174332618713,-0.20011140406131744
0.4451373517513275,0.536081850528717,-0.16863922774791718
0.48011454939842224,0.628773033618927,-0.15042030811309814
0.48395827412605286,0.6938372254371643,-0.1412752866744995
0.449116051197052,0.6776652336120605,-0.16353553533554077
0.3597973585128784,0.6013307571411133,-0.21043486893177032
0.24258016049861908,0.5418605208396912,-0.27217569947242737
0.16558444499969482,0.5173485279083252,-0.34931764006614685
0.15228526294231415,0.4995548129081726,-0.40205439925193787
0.19441168010234833,0.4948684573173523,-0.40330421924591064
0.23902712762355804,0.49988114833831787,-0.3552938401699066
0.2536633312702179,0.560689389705658,-0.2615484297275543
0.22591841220855713,0.6746922135353088,-0.1490258425474167
0.1266528218984604,0.7457621097564697,-0.07864249497652054
0.02696087583899498,0.97922682762146,0.13274350762367249
0.04379098862409592,1.289157509803772,0.06080912798643112
0.275979220867157,1.4012025594711304,-0.15644782781600952
0.6001825928688049,1.5020592212677002,-0.2679240107536316
0.7529414892196655,1.6809839010238647,-0.37069380283355713
0.7305176854133606,1.6451334953308105,-0.49921849370002747
0.6344335079193115,1.2973636388778687,-0.5012131929397583
0.4671371579170227,0.9694804549217224,-0.4290894567966461
0.3090397119522095,0.742818295955658,-0.32909920811653137
0.20597697794437408,0.49507856369018555,-0.20594720542430878
0.15061891078948975,0.2875823974609375,-0.1297062337398529
0.0680561363697052,0.1268632560968399,-0.08342208713293076
-0.032197896391153336,0.031198514625430107,-0.037925396114587784
-0.10643190890550613,-0.0024068504571914673,0.03258658945560455
-0.10118435323238373,0.05068129301071167,0.13326816260814667
-0.0374772772192955,0.1237267404794693,0.20488056540489197
-0.00803869217634201,0.05418361723423004,0.15839934349060059
-0.028572196140885353,-0.15173998475074768,0.035061705857515335
-0.06570807099342346,-0.3937402665615082,-0.06420417875051498
-0.09956696629524231,-0.5819548964500427,-0.06476504355669022
-0.11682450771331787,-0.6910382509231567,-0.018124837428331375
-0.05967174470424652,-0.6469416618347168,-0.011285040527582169
0.0854680985212326,-0.45263853669166565,-0.042097534984350204
0.21538668870925903,-0.1460205465555191,-0.02570790983736515
0.28161317110061646,0.12181263417005539,-0.0883159190416336
0.32544320821762085,0.2782741189002991,-0.2059490829706192
0.38725006580352783,0.31742653250694275,-0.28319165110588074
0.4586409032344818,0.3030864894390106,-0.3104959726333618
0.5295844078063965,0.3140007555484772,-0.3366796672344208
0.5862026810646057,0.3545684218406677,-0.37926921248435974
0.6245632767677307,0.40188685059547424,-0.4124335050582886
0.63425612449646,0.4791076183319092,-0.40439772605895996
0.6086937189102173,0.6075951457023621,-0.3612914979457855
0.5524967908859253,0.747991144657135,-0.33004996180534363
0.481309711933136,0.8813430666923523,-0.32753726840019226
0.4286925792694092,0.9600221514701843,-0.33237090706825256
0.43403372168540955,0.9577803611755371,-0.35302263498306274
0.48895901441574097,0.9058269262313843,-0.37485629320144653
0.568123459815979,0.824267566204071,-0.38115283846855164
0.6266022324562073,0.7493935823440552,-0.38739633560180664
0.6375991702079773,0.6223394274711609,-0.40414148569107056
0.5694235563278198,0.46441078186035156,-0.37298837304115295
0.44795772433280945,0.3841135799884796,-0.31440526247024536
0.33582958579063416,0.406581848859787,-0.2804720401763916
0.305987685918808,0.4490542411804199,-0.2785835862159729
0.36893734335899353,0.4586312472820282,-0.3002406656742096
0.4921334385871887,0.4527378976345062,-0.318726509809494
0.6127738356590271,0.4716753661632538,-0.3258800208568573
0.6699898838996887,0.48528316617012024,-0.31391414999961853
0.621998131275177,0.4368996322154999,-0.31606170535087585
0.4776736795902252,0.35167497396469116,-0.32489460706710815
0.28051161766052246,0.29849910736083984,-0.31305259466171265
0.09036675095558167,0.3373275399208069,-0.29014116525650024
-0.0241843331605196,0.42420464754104614,-0.28200653195381165
-0.020393596962094307,0.49268168210983276,-0.29667070508003235
0.05704233795404434,0.5285099744796753,-0.3128659129142761
0.15059727430343628,0.49862203001976013,-0.31207841634750366
0.21705061197280884,0.41199207305908203,-0.2826579511165619
0.24095037579536438,0.2835223078727722,-0.23520494997501373
0.23306342959403992,0.15836280584335327,-0.1736859232187271
0.19194135069847107,0.052709199488162994,-0.11419358849525452
0.12159847468137741,-0.03734452649950981,-0.08039780706167221
0.01510564424097538,-0.11127642542123795,-0.07764172554016113
-0.10249742120504379,-0.15355223417282104,-0.08081196248531342
-0.18204738199710846,-0.11953170597553253,-0.07650163024663925
-0.2039119303226471,-0.04777602478861809,-0.07047968357801437
-0.16926206648349762,0.012573368847370148,-0.07220595329999924
-0.11469361931085587,0.057334449142217636,-0.07362089306116104
-0.07431262731552124,0.08009092509746552,-0.07017743587493896
-0.05480364337563515,0.06556045264005661,-0.08577663451433182
-0.029608257114887238,0.033610012382268906,-0.11098586022853851
-0.003133506514132023,0.013414198532700539,-0.12993930280208588
0.03800927475094795,0.006410605739802122,-0.1565367728471756
0.0865645632147789,0.009384823963046074,-0.1981353610754013
0.11877922713756561,0.010557945817708969,-0.23140914738178253
0.12604619562625885,-0.007598686497658491,-0.24745602905750275
0.10532563179731369,-0.039105381816625595,-0.2413172572851181
0.0732065737247467,-0.07998543977737427,-0.21359321475028992
0.03873071074485779,-0.12820209562778473,-0.18574151396751404
0.017755385488271713,-0.16952131688594818,-0.15823106467723846
-6.38964120298624e-05,-0.16640424728393555,-0.13770820200443268
-0.01649826392531395,-0.1296241283416748,-0.1341014802455902
-0.039288416504859924,-0.10871859639883041,-0.14303454756736755
-0.08661199361085892,-0.12251883000135422,-0.174550399184227
-0.1625024825334549,-0.1273423284292221,-0.20831343531608582
-0.24989543855190277,-0.13781866431236267,-0.23502840101718903
-0.33030134439468384,-0.16171549260616302,-0.23307283222675323
-0.3730831742286682,-0.15621021389961243,-0.21216754615306854
-0.3872738480567932,-0.10220537334680557,-0.18462060391902924
-0.38019677996635437,-0.04370264708995819,-0.16094164550304413
-0.36618638038635254,-0.02421622723340988,-0.14497919380664825
-0.34383341670036316,-0.026838907971978188,-0.14059455692768097
-0.32120317220687866,-0.01398485992103815,-0.13406451046466827
-0.31693387031555176,0.0030031781643629074,-0.12406833469867706
-0.33208420872688293,-0.0064630513079464436,-0.12467557936906815
-0.35233837366104126,-0.037499796599149704,-0.12436212599277496
-0.39952513575553894,-0.09708237648010254,-0.12392372637987137
-0.48026445508003235,-0.18450810015201569,-0.1358426958322525
-0.586154580116272,-0.2724400460720062,-0.12906049191951752
-0.6688936352729797,-0.2931804955005646,-0.10568646341562271
-0.6955388784408569,-0.2478770762681961,-0.0771368071436882
-0.6627364754676819,-0.17238417267799377,-0.048092376440763474
-0.6338807940483093,-0.11253426223993301,-0.0059594991616904736
-1.2189708948135376,-0.34961897134780884,-0.029199309647083282
-1.4154611825942993,-0.5083950161933899,-0.029514681547880173
-0.3461074233055115,-0.39893296360969543,0.09751836955547333
-0.02624361962080002,-0.3438161015510559,0.35172560811042786
0.188502237200737,-0.5598490238189697,0.4499123692512512
0.17838387191295624,-0.7473355531692505,0.580536425113678
0.14101625978946686,-0.788472056388855,0.7005395293235779
0.16999049484729767,-0.6139551401138306,0.6216695308685303
0.22402895987033844,-0.35050272941589355,0.43433263897895813
0.36524006724357605,0.023506153374910355,0.11260085552930832
0.355081170797348,0.47669175267219543,-0.2065102905035019
0.08669161051511765,0.7383948564529419,-0.4574279189109802
-0.09810113906860352,0.7918722033500671,-0.45279109477996826
-0.1537100225687027,0.83473801612854,-0.3701566755771637
-0.006811653729528189,1.033499002456665,-0.4323561191558838
0.1574760377407074,1.1902227401733398,-0.3379196226596832
0.2726929187774658,1.1885377168655396,-0.206773579120636
0.32403719425201416,1.0399837493896484,-0.1616707742214203
0.3393048346042633,0.7957651615142822,-0.14612004160881042
0.35872018337249756,0.6486964225769043,-0.0146030867472291
0.3308374285697937,0.7335764169692993,0.15301653742790222
0.3127303421497345,0.8775205016136169,0.22099798917770386
0.42271143198013306,0.956784725189209,0.105733722448349
0.6025295853614807,1.0190953016281128,-0.05264684185385704
0.7593224048614502,0.8391036987304688,-0.35013046860694885
0.8693194389343262,0.4771481454372406,-0.48446333408355713
0.9601483941078186,0.14468418061733246,-0.47087907791137695
0.9416629672050476,0.06832674145698547,-0.3351355791091919
0.7977177500724792,0.0845688208937645,-0.2740809917449951
0.7089871168136597,-0.6048948764801025,-0.46523788571357727
0.45125144720077515,-0.8055185079574585,-0.5736836791038513
0.258876770734787,-0.683904767036438,-0.47731029987335205
-0.004639289807528257,-0.175563246011734,-0.3387297987937927
-0.2535785436630249,0.36272627115249634,-0.16179655492305756
-0.4262488782405853,0.7178659439086914,-0.06441833078861237
-0.4748523235321045,0.9278848171234131,-0.11793163418769836
-0.4080218970775604,1.0291733741760254,-0.3356863260269165
-0.2798449993133545,0.9751700758934021,-0.645725667476654
-0.1817898154258728,0.7447805404663086,-0.8971621990203857
-0.17213082313537598,0.4060277044773102,-0.9627689123153687
-0.2534805238246918,0.122709721326828,-0.8410488367080688
-0.3500848114490509,0.008223396725952625,-0.742415189743042
-0.26755958795547485,-0.019412493333220482,-0.6517918109893799
-0.05512947961688042,0.185039684176445,-0.6205134987831116
0.178755983710289,0.5469470024108887,-0.6741514205932617
0.3522915840148926,0.7422769665718079,-0.6920547485351562
0.430929958820343,0.6488785743713379,-0.6432459354400635
0.4433192312717438,0.4212139844894409,-0.630043089389801
0.37699854373931885,0.20517277717590332,-0.6506620645523071
0.19722291827201843,0.09660418331623077,-0.6238679885864258
-0.05488389730453491,0.1383732110261917,-0.4732303321361542
-0.34336593747138977,0.260290265083313,-0.24439264833927155
-0.5519939661026001,0.4157187342643738,-0.038511112332344055
-0.7166325449943542,0.8152166604995728,0.1526506245136261
-1.0990206003189087,2.0449373722076416,0.5652379393577576
-1.1812055110931396,2.1439154148101807,0.7615528106689453
-0.9840940237045288,1.4061559438705444,0.5771757960319519
-0.27739331126213074,3.2264339923858643,-0.018277475610375404
0.1601424664258957,-0.04415888711810112,-0.4025370180606842
-0.10668979585170746,-0.1419060379266739,0.0272359661757946
0.0745103508234024,-0.5047990083694458,0.13675953447818756
0.055220793932676315,-0.2904556095600128,-0.035286795347929
0.052685730159282684,0.05277286469936371,0.03527951240539551
0.0721142590045929,0.3611210584640503,0.007443370297551155
0.14811581373214722,0.6587029099464417,-0.06477250158786774
0.29882311820983887,-0.08521870523691177,-0.20543190836906433
0.23455464839935303,-0.10197292268276215,-0.18851152062416077
0.1550811231136322,-0.02743556536734104,-0.14097781479358673
0.13554471731185913,-0.009431532584130764,-0.13192440569400787
0.12340395897626877,-0.0040070670656859875,-0.09204067289829254
0.10292664915323257,-0.007723774760961533,-0.058857157826423645
0.08859556168317795,-0.010720004327595234,-0.04563159495592117
0.07557137310504913,-0.016002384945750237,-0.04615836963057518
0.05619664490222931,-0.021291885524988174,-0.05847044289112091
0.050267916172742844,-0.029703745618462563,-0.039129503071308136
-0.001122414949350059,-0.009822426363825798,-0.034422051161527634
-0.0017799492925405502,0.0007881401106715202,-0.047659825533628464
-0.003890360938385129,0.0010078969644382596,-0.03762270137667656
-0.000751825631596148,0.005152308382093906,-0.013383407145738602
0.0005906658479943871,0.0018630207050591707,-0.002698800526559353
0.0007869408582337201,0.0027269499842077494,-0.002130748238414526
-0.001906604040414095,0.0026715046260505915,0.004272833466529846
-0.0024831783957779408,-0.002637506928294897,0.02199350669980049
-0.002108181593939662,0.002161028329282999,0.032875970005989075
0.0004079730133526027,-0.0021812557242810726,0.026179717853665352
0.0015604934887960553,-0.0017649453366175294,-6.888806819915771e-05
-0.0008992020739242435,-0.0023508407175540924,-0.027612630277872086
-0.001320247887633741,-0.000454936467576772,-0.039649054408073425
-0.0012587287928909063,0.00048249628162011504,-0.05532362312078476
0.0014148904010653496,-0.002738973358646035,-0.07331304252147675
0.00012405618326738477,-0.0007730280049145222,-0.07458177208900452
-0.001421077991835773,-0.0008384725661017001,-0.0682639628648758
0.00014832275337539613,-0.0013005310902372003,-0.045530159026384354
-0.0030863764695823193,0.0026470208540558815,-0.017534198239445686
-0.00038646385655738413,0.002371117239817977,-0.007740423548966646
-0.0020498186349868774,6.0848324210383e-06,-0.004890067502856255
-0.0005102450959384441,0.0010103628737851977,-0.0019499375484883785
-0.0005861771060153842,0.004284384194761515,-0.0019589783623814583
-0.001412289566360414,0.003856946714222431,-0.0006380504928529263
0.00015808882017154247,0.003906024619936943,-0.0008523962460458279
-0.00042381189996376634,0.004169944208115339,0.0014019696973264217
-0.0011540427803993225,0.004658651538193226,-0.002885989611968398
0.0006643636734224856,0.007883473299443722,-0.01955018751323223
-7.810964598320425e-05,0.004300490487366915,-0.025019794702529907
-0.0009244622779078782,0.005997989326715469,-0.0536692813038826
-0.0002532500948291272,0.0021584515925496817,-0.12453391402959824
0.0018141617765650153,0.0015696266200393438,-0.2153751403093338
0.0021539812441915274,0.0007272688671946526,-0.2465820610523224
-8.28077900223434e-05,0.00044976745266467333,-0.28956839442253113
0.002060603117570281,-0.0005074703367426991,-0.17201639711856842
0.002738377545028925,-0.0013857808662578464,-0.04986226186156273
-0.002168798353523016,-0.0013208306627348065,0.001658882014453411
-0.0001919338246807456,0.0003082249313592911,-0.00019494444131851196
-5.9928453993052244e-05,0.000675019109621644,0.0008903341367840767
-0.00027537820278666914,-0.0005660139722749591,0.00042667752131819725
-0.00047140277456492186,-0.002063810359686613,-0.0007600192911922932
-0.001078869914636016,-0.0005924137658439577,-0.002172027248889208
-0.0009156579617410898,-0.00025001782341860235,-0.0005743792280554771
0.0011003550607711077,0.0022506904788315296,0.000430963933467865
-0.0021229805424809456,0.001507691340520978,0.0005524498410522938
-0.0005346712423488498,-0.0011344307567924261,0.0010211658664047718
-0.0010355639969930053,-0.0024999952875077724,-0.0005099042318761349
0.00017058171215467155,-8.131234790198505e-05,-0.0017245719209313393
3.0531344236806035e-05,0.001057791174389422,0.0008632084354758263
0.002623385051265359,4.2860508983721957e-05,4.2422208935022354e-05
-0.0008585627656430006,0.00020560728444252163,-0.0018218504264950752
-0.0009770734468474984,0.0007355763227678835,0.0001731235533952713
-0.001712749944999814,-0.00034431106178089976,0.0006794403307139874
-0.0005766454851254821,3.7319921830203384e-05,-0.0015498921275138855
0.0001931115984916687,-0.001201091567054391,-0.0012295604683458805
-4.2844476411119103e-05,0.002403230406343937,-0.0007475279271602631
0.0001761071034707129,0.0014392522862181067,0.0018503665924072266
0.0008956931997090578,-0.0010494717862457037,0.00160189438611269
0.0011467498261481524,-0.0007692131912335753,0.001297797542065382
-2.5307381292805076e-05,0.0003349334583617747,-0.0017302162013947964
-0.0022176613565534353,1.6855410649441183e-06,0.00015105865895748138
-0.0011880833189934492,0.00046507554361596704,-0.0009823828004300594
-0.0006653614109382033,-0.0002436609211144969,-0.0023259338922798634
-0.001910655410028994,-0.0013435464352369308,0.0020070294849574566
0.00040178350172936916,0.0001566468708915636,-0.00024574529379606247
0.00027075596153736115,0.0005547894397750497,0.002190780360251665
0.0001320378069067374,0.0019223918206989765,0.0005196332931518555
-0.0002474626526236534,-2.677566953934729e-05,3.600306808948517e-05
-0.0011688522063195705,-0.00020746621885336936,-0.0009366124868392944
-0.0011392910964787006,-0.0010804503690451384,5.347654223442078e-06
0.0013574070762842894,-0.0014221684541553259,0.002025097142904997
0.0006737736985087395,0.0007597593939863145,8.711451664566994e-05
0.00014718767488375306,4.6125685912556946e-05,-0.0007615997456014156
0.0022345734760165215,-8.969553164206445e-05,-0.00045613478869199753
-0.0007023448124527931,0.0012557681184262037,-4.148762673139572e-05
0.00020552675414364785,0.0011236752616241574,-1.2725591659545898e-05
-0.0018396859522908926,0.00042746582766994834,0.0002788468264043331
0.0004671443020924926,-0.0013246278977021575,-0.001057527493685484
-0.002289299387484789,0.00019162081298418343,-0.0014535062946379185
-0.0023931625764817,-0.002152493689209223,0.0009846175089478493
0.0011674994602799416,-0.0012871979270130396,0.0008487887680530548
-0.00022506742971017957,0.00027368072187528014,-0.0019725640304386616
0.0015513197286054492,0.0016612682957202196,-0.0010744594037532806
0.0004748700594063848,0.0016146630514413118,-0.0025836729910224676
0.0013924564700573683,-0.0013928322587162256,0.00013882527127861977
-7.973896572366357e-05,-5.325346137396991e-06,0.0008237906731665134
0.00012402419815771282,0.002081863349303603,-0.00070620933547616
-0.00015321088721975684,0.0015716016059741378,0.0007260385900735855
0.0006723606493324041,8.347415860043839e-05,0.00041844695806503296
0.0003437265695538372,0.0026739309541881084,-0.0027326049748808146
-0.0021526655182242393,-0.00015183267532847822,0.0011957986280322075
-0.0007835343712940812,0.0007642947020940483,-0.00044817058369517326
0.0013191538164392114,0.001146674738265574,0.0002416498027741909
0.00043578329496085644,0.00032269273651763797,-0.0010704896412789822
-0.0005492246127687395,0.0002909384202212095,0.0006698458455502987
-0.0008544228621758521,-0.0002134642709279433,-0.00016425643116235733
0.0008248162921518087,-0.0006740823155269027,0.001383054070174694
-0.0009871984366327524,0.0009493806282989681,-0.0013826387003064156
0.0003907193895429373,0.001639731926843524,0.0006604930385947227
-0.0007507114787586033,-0.00033633349812589586,0.0005489066243171692
-0.000114473543362692,0.002693891990929842,0.0009486749768257141
-6.280821980908513e-05,-0.0024545309133827686,0.0001289541833102703
0.0008514299988746643,-0.001720879226922989,0.0014783241786062717
-0.0016932205762714148,-0.0013696083333343267,0.00022903550416231155
-0.0003707340802066028,-0.00023171017528511584,-0.00010393606498837471
0.0017773716244846582,-0.0004626062582246959,-0.0008682631887495518
0.001365341478958726,-0.0014408567221835256,-0.00036972202360630035
-0.000787824101280421,0.0015722437528893352,0.0012145922519266605
0.00039330695290118456,0.0014732999261468649,0.0010218983516097069
-0.001312980311922729,0.0001654215739108622,-5.162181332707405e-05
-0.002236314583569765,-0.0006512198597192764,0.00022571953013539314
-0.000328425841871649,-0.0003082047333009541,0.00021959422156214714
0.003342597745358944,-0.000870748539455235,0.0017379471100866795
-0.0002910190960392356,0.000282133900327608,0.0013821488246321678
0.001073093619197607,-0.0003535918367560953,-0.0006078067235648632
0.0005031772307120264,0.0010458993492648005,-0.0013039573095738888
-0.0015802541747689247,-0.0011591615621000528,0.0003065411001443863
-0.001096091466024518,0.0005391363520175219,-0.0002942676655948162
-0.0007604969432577491,2.059585676761344e-05,-0.001187510322779417
-0.0011724879732355475,0.0013053048169240355,0.002198698464781046
-0.0001965592964552343,0.000716573151294142,0.0016049239784479141
0.0006399395642802119,-0.0033061315771192312,0.0007071723230183125
-0.0008030069875530899,-0.0014553837245330215,0.0001777452416718006
-0.0004693128867074847,-0.0018695053877308965,-0.0022449323441833258
-0.00021947582717984915,7.648850441910326e-06,0.002912328578531742
-0.0015715626068413258,0.0004334883124101907,0.000903506763279438
0.0015496863052248955,-0.001671144738793373,-0.0009611714631319046
-0.001093500992283225,0.001078569097444415,0.0018676379695534706
-0.00038541137473657727,-0.0007228385657072067,0.0002361256629228592
-0.002142831217497587,-0.0031729466281831264,0.0017621172592043877
0.002427401952445507,-0.0014411979354918003,0.0020093764178454876
0.0004737069539260119,8.878803782863542e-05,0.0004048217087984085
0.0011917399242520332,0.00046363897854462266,-0.0007036356255412102
0.0011358135379850864,0.00043114839354529977,0.00010143779218196869
-0.0011307373642921448,-0.0005799099453724921,0.00125564681366086
0.00043626653496176004,0.001196684897877276,0.00016614748165011406
-0.0005023530684411526,0.00025819195434451103,-3.078486770391464e-05
0.0013208470772951841,-0.001627858728170395,0.0017737732268869877
0.0014729942195117474,0.0019081924110651016,0.0003219936043024063
0.000701210112310946,-0.0011472522746771574,-7.535004988312721e-05
0.00018153816927224398,0.0005485694273374975,0.0018285750411450863
-0.0009511042153462768,-0.00025277576060034335,0.0010711723007261753
9.806751040741801e-05,-0.002436709823086858,0.0006355941295623779
0.0014493553899228573,0.001395046478137374,-0.0018728375434875488
0.00029420986538752913,0.0004982100217603147,-0.0016369535587728024
0.00010166331776417792,0.0004657194949686527,0.0008839950896799564
-0.0001548249856568873,0.0005395652842707932,0.0006979270838201046
-0.0005867897416464984,-0.0010830988176167011,0.0009796894155442715
0.0004734400426968932,-0.000170989049365744,0.0008446951396763325
0.0003386840980965644,-0.0012186765670776367,-0.0002882136031985283
-0.0014868241269141436,-0.0002781563380267471,0.0004894817247986794
0.0007859175093472004,-0.0014747146051377058,0.00031025102362036705
-0.002056397031992674,0.0014654445694759488,-0.0006460873410105705
-0.0014252280816435814,0.0013570538721978664,-0.0011946987360715866
-0.0007433396531268954,0.00043385333265177906,0.00029520830139517784
0.0012106216745451093,-0.000677483796607703,-0.0010310458019375801
0.00037554296432062984,-0.0009706364362500608,-0.0012534880079329014
0.00033985660411417484,-0.0006667697452940047,-0.0014524264261126518
0.00023137289099395275,-2.6190784410573542e-05,0.0012765824794769287
0.0007280524587258697,0.0005258825258351862,-0.00020786328241229057
0.0015892588999122381,-0.0009975916473194957,0.000659469049423933
0.0027360161766409874,-0.0003642919473350048,0.0005121962167322636
0.0010764561593532562,0.00045227387454360723,7.632886990904808e-05
0.005138841923326254,-0.0012846397003158927,-0.00015936093404889107
-0.0013979400973767042,0.0003047797654289752,-0.0012733694165945053
0.0017757490277290344,0.0010054574813693762,-0.0006669680587947369
-0.0010836704168468714,0.00013850227696821094,0.001313408836722374
-0.0010775451082736254,-0.0010884159710258245,0.0014047552831470966
-0.0006775565561838448,0.0016535792965441942,-0.0005275355651974678
-0.0015050007496029139,-0.0025363718159496784,-0.0002441755495965481
0.0005521454149857163,0.0015875991666689515,0.0006491141393780708
-0.0017006226116791368,0.00041713990503922105,0.0021455446258187294
0.000542765308637172,0.00015596271259710193,-0.0028021398466080427
-0.001072974526323378,-0.0007271415088325739,0.0009481236338615417
0.002264655428007245,-0.0010601829271763563,-0.0006437576375901699
-0.0011636319104582071,-0.000220488291233778,5.612103268504143e-05
0.0018923755269497633,0.00047667371109128,-0.00022772420197725296
0.00018768612062558532,-0.0002817945496644825,0.0015874863602221012
0.0016001507174223661,-0.00067284912802279,-0.000301191583275795
0.0007684455486014485,-0.00012290632002986968,0.0005337097682058811
-0.0018651606515049934,0.0015085566556081176,-0.0017785001546144485
-0.0003229241701774299,-0.001527713262476027,0.0005062255077064037
0.0019159780349582434,0.0008558396366424859,0.0014436529017984867
-0.0005711481207981706,-6.854359526187181e-05,-0.0007164371199905872
-8.46823095344007e-05,-3.401366120669991e-05,-0.0009202235378324986
0.0009211936267092824,-0.0010212474735453725,-0.001064833253622055
-0.0009441205766052008,-0.0003089253150392324,0.00024013593792915344
0.00044445157982409,0.0012455617543309927,0.0008433419279754162
-0.00016762461746111512,-0.0011321806814521551,-0.0008417665958404541
0.002959991805255413,-0.0013439019676297903,0.00042350124567747116
0.00013221250264905393,-0.0012714521726593375,0.0002202289178967476
0.0006027930648997426,-0.0017106074374169111,0.0005517923273146152
0.0005545340245589614,-0.0006063018226996064,-0.0001302710734307766
-0.00039941025897860527,1.8742081010714173e-05,0.0027094571851193905
0.00040859964792616665,-0.0001419993059244007,-0.0005928841419517994
0.002038986887782812,-0.00028234790079295635,0.0006689215078949928
0.0012250302825123072,0.0006194879533722997,-0.00015168031677603722
-0.00035715376725420356,0.00034118760959245265,-0.00011119991540908813
-0.002203084994107485,0.0012440993450582027,-0.0010330756194889545
0.00021320098312571645,-0.0006134554278105497,0.0018921401351690292
0.0013757100095972419,0.0015448883641511202,-0.0005733147263526917
-0.0009923727484419942,0.0007283632876351476,0.00022217119112610817
-0.00043006776832044125,-0.0010276336688548326,0.0012025688774883747
0.0006937861908227205,0.002585743088275194,0.0016715512610971928
0.0006368231843225658,0.0009528869413770735,-0.00013816077262163162
0.00024161007604561746,0.0001994786725845188,-0.0013954387977719307
0.0002834610641002655,1.1591269867494702e-05,0.0024506254121661186
-0.0004837956221308559,0.0011903063859790564,0.0007675075903534889
0.0013256290694698691,0.000741918571293354,-0.00028486503288149834
0.0016329578356817365,0.0008918545208871365,0.001250979956239462
-0.0006692009046673775,0.0012247192207723856,-0.0005596973933279514
-0.0015142217744141817,0.00017916220531333238,0.00023738713935017586
-0.002038563136011362,0.001048694597557187,-0.00010248366743326187
0.0004890430718660355,-0.0003848850028589368,0.0019159261137247086
0.0006896274862810969,-0.0021332143805921078,0.0005940222181379795
0.0023738103918731213,-0.0011379909701645374,0.0035567888990044594
0.0019936023745685816,-0.000293355667963624,-6.047077476978302e-06
0.0018921359442174435,0.0018824469298124313,-0.0015331036411225796
0.00013558112550526857,0.0019738932605832815,0.0005778651684522629
0.0019060506019741297,0.000763752730563283,-0.0011284220963716507
0.0013140588998794556,-9.15540149435401e-05,0.001673986203968525
-0.0015067611820995808,0.001577449031174183,0.0008329600095748901
0.0005456437938846648,0.001275895512662828,0.001539653167128563
0.0028807034250348806,0.0002652258554007858,0.00022751372307538986
-0.0016686029266566038,-0.0004907258553430438,-0.0007324814796447754
-0.0004848278476856649,0.000484523712657392,0.0010704784654080868
0.0015217566397041082,5.9960351791232824e-05,0.00029519759118556976
0.001077541382983327,0.00021122788893990219,8.347630500793457e-05
-0.0023132606875151396,0.0006530008395202458,0.002389755565673113
9.45032516028732e-05,0.00103782769292593,-0.0005746087990701199
-0.00038958017830736935,0.00039668899262323976,0.0007355730049312115
0.0001390573161188513,-0.0005276942392811179,-0.0011036060750484467
-1.588661689311266e-06,0.00046613338054157794,-0.00037857145071029663
0.0014293277636170387,-0.0015746469143778086,-0.0023293369449675083
-0.001235824078321457,-0.0002255352446809411,0.000988211017102003
0.0018481165170669556,0.00018246102263219655,-0.0015521785244345665
0.0012728206347674131,0.0007648788159713149,0.0013295328244566917
0.0007071652798913419,-0.0003054456028621644,0.00022964738309383392
-0.0016940953209996223,-0.0016752593219280243,-0.0003105532377958298
0.0028029184322804213,0.001470732968300581,0.00013046618551015854
-0.0008737251628190279,-0.0021834836807101965,0.0009811148047447205
-0.0009602779755368829,0.0003656941407825798,-0.001808280125260353
0.00222065020352602,0.00142582633998245,-0.0030551368836313486
-0.00022093579173088074,4.5509979827329516e-05,-0.0007802648469805717
0.0016520239878445864,0.002106641884893179,0.0006434987299144268
-0.0012811815831810236,-0.00010005341027863324,-0.0012342962436378002
0.00028219714295119047,0.0015813519712537527,-0.0011649359948933125
0.0008710220572538674,0.0015270235016942024,-0.0033407388255000114
0.00028386307531036437,-0.0004095305048394948,-0.00019398890435695648
1.8345919670537114e-05,0.001251482986845076,0.0018933969549834728
0.0007929992862045765,-0.0009278033976443112,0.00010038912296295166
0.0007410676334984601,0.0006748868618160486,0.0013861632905900478
-0.001466900110244751,-0.0013131472514942288,0.0005469825118780136
0.0006977173034101725,0.0015886330511420965,-0.001202181912958622
0.001755935954861343,8.107797475531697e-05,-0.0002946821041405201
-0.0002563486050348729,0.0015490123769268394,0.00027576694265007973
-0.002248133532702923,0.000600314699113369,0.0014926949515938759
-0.0023378822952508926,0.0006679589860141277,0.0002556564286351204
-0.001479104277677834,-0.002780565759167075,0.001549034845083952
-3.380674752406776e-05,-0.0005861210520379245,0.0007535489276051521
0.0003244173713028431,0.000660082558169961,0.0002619018778204918
0.0009212317527271807,0.0015639594057574868,0.0005487240850925446
-0.0016783727332949638,0.0014996581012383103,-2.2199004888534546e-05
3.1473173294216394e-06,-0.0016386108472943306,0.00034957798197865486
0.00012424029409885406,-0.0007225640001706779,-0.0014081909321248531
0.0004462164652068168,0.00042259524343535304,-0.0005437289364635944
-0.0017359140329062939,-0.0014276476576924324,-0.0011023622937500477
0.002469749888405204,-0.0013094034511595964,0.00038235029205679893
0.0006084834458306432,-0.0011991075007244945,0.0009028208442032337
-0.0037532418500632048,0.0006051840609870851,-0.00042583001777529716
-0.00045586988562718034,-0.0007785549387335777,0.0013626543805003166
0.0010871656704694033,-0.0012680439976975322,-0.0014989119954407215
0.0016076387837529182,0.00043080118484795094,0.00031627900898456573
0.00116715207695961,-0.00025549542624503374,0.00041907699778676033
-0.0008421262027695775,0.0003398197004571557,0.0012012869119644165
-0.0007345344638451934,-0.0008873649640008807,-0.000821384135633707
-0.0006306415889412165,-0.0024459315463900566,0.0017750277183949947
0.0014578093541786075,-0.0005409723380580544,0.0008477149531245232
-0.0021915449760854244,-0.0010503330267965794,0.0005343742668628693
0.0004625613219104707,0.00017844951071310788,-0.0011535370722413063
-0.0014388314448297024,-0.0005308796535246074,-8.084159344434738e-05
-0.0028761394787579775,-0.0010451360139995813,0.00010238401591777802
-0.0029310397803783417,-0.0004365493659861386,-0.0004743766039609909
-0.0017190352082252502,0.000790901540312916,0.0009256475605070591
-0.003789573209360242,-0.0026060803793370724,0.0010045222006738186
-0.001222285907715559,0.000985724851489067,-0.0013587665744125843
0.0006951361428946257,-0.0008324994705617428,-0.0019995453767478466
1.869327388703823e-05,-0.0016879067989066243,-0.002368925604969263
-0.0011847015703096986,-0.0013385259080678225,0.0008651018142700195
-0.0003250331210438162,2.687686719582416e-05,-0.0015357378870248795
0.0015216718893498182,-0.002043055137619376,0.001576635055243969
0.0004867676179856062,0.0010312979575246572,0.0007475931197404861
-0.00041235220851376653,0.00016171066090464592,-0.00041768187656998634
0.0010566473938524723,0.0011782392393797636,-0.0008445866405963898
0.0002177710848627612,-0.0025152750313282013,-0.0007810555398464203
-0.0009934345725923777,-0.0003458642167970538,0.002148155588656664
-0.0011442296672612429,0.0013148614671081305,-0.0020704655908048153
0.0003841585712507367,-0.0004300416330806911,0.0001002768985927105
0.0014071152545511723,-0.001124455244280398,-0.000829658005386591
0.0016385439084842801,0.0018241966608911753,-0.0012206099927425385
-8.889284799806774e-05,-0.0017275993013754487,-0.0009152772836387157
-0.0006153997965157032,-4.5014086936134845e-05,-0.00015840725973248482
0.0015263156965374947,-0.0002687075757421553,-0.0030009516049176455
-0.0005096708191558719,-0.0013251835480332375,-0.0003654872998595238
-0.000717653485480696,-0.0006438885466195643,0.0014302120544016361
0.0001207096065627411,7.78280955273658e-05,-0.00010456796735525131
-0.001308805076405406,-0.00033307564444839954,-0.0006074337288737297
0.0019921830389648676,0.001111422898247838,0.0007039066404104233
-0.0023483240511268377,1.4896513675921597e-05,0.0005045454017817974
0.0009406798635609448,-0.0010503679513931274,-0.002457156078889966
0.00026308681117370725,0.0004576809878926724,-0.001340270508080721
0.002121440600603819,0.002558915177360177,-0.00014744093641638756
0.001668556360527873,5.137140760780312e-05,6.729783490300179e-05
-0.0021115345880389214,0.0008822776726447046,0.001326174009591341
-0.001973547972738743,-0.0007354503613896668,-0.0011482024565339088
0.0009764355490915477,-0.00043318155803717673,-0.0010318225249648094
0.0022533282171934843,0.0006719760713167489,-0.0016111014410853386
0.0017156361136585474,0.0007220434490591288,0.0018579321913421154
0.0007353158434852958,0.00043606534018181264,0.000951873604208231
0.0016336000990122557,0.0002824009279720485,0.002486919052898884
-0.0009040286531671882,-0.0008458743104711175,5.489960312843323e-05
0.0012600559275597334,0.0009144751238636672,5.383417010307312e-05
-0.00042318887426517904,0.0020635155960917473,-0.0023415288887917995
0.0012407541507855058,-0.001477423240430653,0.00023827515542507172
-0.0010982429375872016,-0.0009550320683047175,0.00019544828683137894
-0.0004851832636632025,-3.7306759622879326e-05,0.0012559187598526478
0.00044803490163758397,-0.0008548666373826563,0.000254256185144186
0.0015862699365243316,-0.0009227772825397551,-0.0005287132225930691
0.001893316046334803,5.343137672753073e-05,-0.0017154901288449764
0.004138627089560032,-1.953923492692411e-05,-0.0018505123443901539
-0.0016664548311382532,0.00011768325930461287,-0.00023843813687562943
0.0008760649943724275,-0.000395241571823135,-0.001178267877548933
-0.0015140064060688019,-0.00023349153343588114,0.000556502491235733
-0.0016080159693956375,9.03488471521996e-05,0.00031548645347356796
0.0005349746206775308,0.00037295380025170743,-0.0011286372318863869
-0.0021763895638287067,-0.0015168252866715193,-0.00013368017971515656
0.0018302742391824722,-0.0010820998577401042,0.0024691475555300713
-0.0004041179199703038,0.00041992298793047667,7.549813017249107e-05
0.0034107083920389414,-0.0006204897072166204,0.0014482876285910606
-0.0006356986123137176,0.0009651564760133624,-0.00016558775678277016
0.0036663354840129614,-0.0020182288717478514,0.00036537041887640953
-0.0015806243754923344,-0.0010501696961000562,-0.001017875038087368
0.000942076207138598,-0.0027259495109319687,-0.00041732611134648323
0.0006174368900246918,-0.0001964792754733935,0.0003781602717936039
-0.0015256672631949186,-0.0007995792548172176,-0.002226663287729025
-0.0005285797524265945,-0.0011314090806990862,-0.0012878989800810814
0.0015494039980694652,0.0024678241461515427,0.0016174488700926304
-0.0007201419211924076,-0.0010589997982606292,-0.0002885758876800537
0.0008843361865729094,0.001521068043075502,-0.0010177935473620892
-0.0008262122282758355,8.881996473064646e-05,0.0005566668696701527
-0.001387406256981194,0.0004821621114388108,-0.0017311284318566322
-0.0029301755130290985,-0.0007761814631521702,0.0009578652679920197
-0.0010198665549978614,0.00030921510187909007,-0.00010291766375303268
0.0012478150893002748,-0.0021438226103782654,-0.00048241810873150826
-2.153424429707229e-05,0.00018311130406800658,0.000548540148884058
-0.000753903528675437,0.0019983218517154455,0.0007773055694997311
-0.0030534055549651384,0.0026044861879199743,-0.0013829204253852367
-0.0015966565115377307,0.002122454112395644,5.039293318986893e-05
-0.0004135622293688357,-0.0020336017478257418,-0.0011133328080177307
0.00010069414565805346,-0.002923363819718361,6.88447616994381e-05
0.001513987430371344,-0.0013829474337399006,0.0004626563750207424
-0.002358514815568924,0.0002229387464467436,-0.00023429282009601593
3.613521403167397e-05,0.00048603027244098485,-0.0011428678408265114
-0.0007212677737697959,0.003697269828990102,-0.0005883974954485893
-0.0029747728258371353,0.00030492429505102336,0.0012269201688468456
0.00011795631144195795,0.0009906883351504803,0.0004569999873638153
-0.0018939385190606117,-0.002553431550040841,8.327187970280647e-05
-0.0014297496527433395,-0.0007366230711340904,6.196694448590279e-05
0.0008542171563021839,-0.00033035376691259444,0.001551224384456873
0.001967418473213911,0.0004302450397517532,0.0006239120848476887
-0.00033182528568431735,9.419050184078515e-05,-0.0014106715098023415
-0.00013501770445145667,0.0012156476732343435,-0.00029374193400144577
-0.0012684200191870332,0.000512856466230005,0.0016220049001276493
0.0012868830235674977,0.00044814159628003836,-0.0007791011594235897
-0.0023585602175444365,-0.0011498881503939629,0.0008837645873427391
-0.00048822202370502055,0.0014546834863722324,0.0005250368267297745
-0.001676054554991424,0.0013168464647606015,-0.0010980400256812572
-0.002193773165345192,0.00031896005384624004,-0.0013893898576498032
-0.0010316490661352873,0.00018409377662464976,-0.00022606272250413895
0.00118569890037179,-0.0015032850205898285,0.0012914068065583706
-0.0006790898041799664,-0.0006853388040326536,-0.00015473691746592522
-0.001683900598436594,-0.001067502424120903,-0.0007624705322086811
0.0003984486102126539,-0.0010571107268333435,0.0014265249483287334
-6.840354762971401e-05,-0.00023366139794234186,-0.00016284920275211334
0.0004521204100456089,-0.002073955023661256,-0.0018093953840434551
-0.001280532218515873,-0.00012212421279400587,2.3125670850276947e-05
-0.0012180835474282503,-0.00110371015034616,0.0006256280466914177
0.0031817250419408083,-0.0024960108567029238,0.0009223041124641895
0.000574050354771316,-0.0007723429007455707,-0.00118174497038126
0.0007245190208777785,0.0005065070581622422,0.0013354746624827385
-0.0022167828865349293,-0.0008719019824638963,0.0007719267159700394
-0.003287107218056917,-0.0004220940754748881,-0.000424098689109087
-0.0010330642107874155,-0.00069663196336478,0.00046681705862283707
0.0010109118884429336,0.0012232408626005054,0.0011187591589987278
-0.0035661524161696434,0.0007454356527887285,-0.0002309512346982956
-0.00022015682770870626,0.0010876518208533525,0.0018670875579118729
-0.00019646226428449154,0.0004750318475998938,0.00015615765005350113
-0.0004633110365830362,0.0006723721162416041,-0.0005120295099914074
-0.0005422687390819192,-0.000684103521052748,-0.0015582134947180748
0.0017405928811058402,0.0007334970869123936,-0.0016357111744582653
-0.0004125663544982672,0.00035242794547230005,-0.00010763946920633316
-0.0024488193448632956,-0.0012915413826704025,0.0015200846828520298
-0.0002168468781746924,-0.0021873286459594965,-0.0010014376603066921
-0.002256029285490513,0.0006859557470306754,-0.0022866795770823956
0.003916600253432989,0.0005017764633521438,-0.00012533599510788918
-0.0008435337222181261,0.0003262741374783218,-0.00128860492259264
-0.0001101285160984844,-0.0022041872143745422,-0.0033408720046281815
-0.0029511889442801476,-1.8797214579535648e-05,0.0010562734678387642
0.00020972758647985756,0.00021645257947966456,-0.00014845235273241997
-0.0012502173194661736,-0.001329246093519032,0.0002635386772453785
-0.0008173372480086982,-0.0005872980691492558,0.00015786942094564438
-0.0010660765692591667,-0.0003766420704778284,0.00025640614330768585
0.0007507875561714172,-0.0014675302663818002,0.0017098318785429
-0.0010404546046629548,0.00213306350633502,0.001195042859762907
0.00034835573751479387,0.000978646450676024,0.00013483595103025436
-0.002356084529310465,-0.0006895576952956617,-0.0019565443508327007
-0.0016410867683589458,0.0008713337010703981,-0.00027844682335853577
-7.503753295168281e-06,5.9335900004953146e-05,-0.0006187986582517624
0.0007514662574976683,-0.0005484604625962675,-0.0004539354704320431
-0.0006517533329315484,-0.0007804217748343945,-0.002253166865557432
-0.0005086936289444566,0.0010405536741018295,0.0006448333151638508
-0.0002162785967811942,0.0013417571317404509,-0.0011189784854650497
0.0011665523052215576,-0.00035961324465461075,-0.002434220165014267
0.002700000535696745,-0.0017974538495764136,-0.00028052181005477905
0.0028603756800293922,-0.0008840490481816232,0.0007996927015483379
0.0005740518681704998,-0.0005996234249323606,-0.0019606738351285458
0.0016622034600004554,0.0004514161264523864,0.0016737054102122784
0.0016765845939517021,0.0005488878232426941,0.0005328073166310787
0.0010914705926552415,-0.001082848641090095,0.0006296047940850258
0.0007338080904446542,-0.0011568845948204398,-0.001321160700172186
-0.0004002692294307053,0.0010086175752803683,0.00042422208935022354
0.00031905053765513003,0.0005497548845596611,0.00040478073060512543
-0.0008418385405093431,-0.0003695976338349283,-0.0007193265482783318
-0.0011225357884541154,0.0011529314797371626,-0.0006988202221691608
0.003015798982232809,0.0005671899416483939,-0.0012831538915634155
-0.002634363481774926,-0.0004163154517300427,-0.000626950990408659
-0.0001553851179778576,0.0004386529908515513,0.002749585546553135
0.0016955117462202907,-0.001311842817813158,-0.0010563377290964127
0.0018417158862575889,-0.0005464109708555043,0.0006169015541672707
-0.0018137389561161399,0.0011630720691755414,-0.0023922042455524206
0.0016116134356707335,0.0012709179427474737,-0.0005885511636734009
0.0024257416371256113,-0.00014215522969607264,-0.0007731080986559391
-0.00037901877658441663,1.007438277156325e-05,0.0004268237389624119
-0.0008818236528895795,0.0002449651947245002,-0.00032072560861706734
-0.00022936161258257926,0.000865692796651274,0.0026143831200897694
-0.0020829217974096537,0.0002797973284032196,0.0002532247453927994
0.0007897933246567845,0.0001405582152074203,-0.00038103479892015457
0.003944307565689087,0.00039142800960689783,-0.000525111798197031
0.0007906164973974228,-0.0006204870878718793,0.000539243221282959
0.0007637185626663268,-0.0015533925034105778,0.0015206183306872845
-0.0005892876069992781,0.0014578469563275576,0.0004537878558039665
0.0007936919573694468,-3.458848732407205e-05,-0.0033478746190667152
-0.0007132321479730308,-0.00027181353652849793,-0.0014040237292647362
-0.0004591665929183364,0.003520793979987502,0.0024434453807771206
0.0013456589076668024,0.0014366410905495286,0.0006997473537921906
-0.0006091012619435787,-0.0008174584363587201,0.0004589976742863655
-0.0008713629795238376,0.00028788193594664335,-0.00028825923800468445
-0.0010204999707639217,5.1925864681834355e-05,-0.0004690880887210369
-0.0022685076110064983,0.0012020482681691647,-7.465481758117676e-05
-0.0012008462799713016,0.0008134929812513292,-0.00018970342352986336
0.001532139489427209,-0.0015404762234538794,0.001643178053200245
-0.0015869546914473176,-0.0010310134384781122,0.002401113510131836
0.00013368332292884588,0.0010847444646060467,0.0017605321481823921
0.00020026233687531203,-0.0011973183136433363,0.0026937033981084824
5.71837299503386e-05,-0.0007803589105606079,-0.0004014591686427593
-0.0002903587883338332,-0.002502092393115163,0.0002057412639260292
-0.0010195475770160556,0.00010776576527860016,-0.0008296258747577667
0.000276080216281116,0.0010768900392577052,0.00036240508779883385
9.560619946569204e-05,-0.0012511074310168624,6.743753328919411e-05
-0.0018996340222656727,-0.002291604410856962,-0.00035786908119916916
0.0002334661694476381,0.00027377295191399753,0.00011023599654436111
-0.0015971907414495945,0.0009720537927933037,-3.783544525504112e-05
0.00015572049596812576,0.001341880182735622,0.0024273525923490524
-0.0015590889379382133,-0.0010219416581094265,-0.00017215916886925697
0.0008498795214109123,-0.0013977352064102888,-0.0004394673742353916
-0.0008098024991340935,0.0005106859607622027,0.0009333924390375614
-0.0008330610580742359,-0.001338571310043335,0.0017059710808098316
0.0017946800217032433,-0.0013199291424825788,0.0009573563002049923
0.0006625699461437762,0.0015077460557222366,0.003672503400593996
0.0018647208344191313,0.0003514014824759215,-0.0023094890639185905
-6.415048846974969e-05,0.0008724093204364181,0.00078617874532938
-0.00012487059575505555,-0.001353460829705,-0.00030944589525461197
0.0007609139429405332,2.136219700332731e-05,-0.001175158191472292
-0.002600527834147215,0.0022834513802081347,-0.0007016481831669807
-0.0009864158928394318,0.00037521481863223016,0.0006424342282116413
-0.0012178445467725396,0.0012303558178246021,-1.8673017621040344e-07
-0.0005639248993247747,-0.0012934746919199824,-0.0023983323480933905
0.0023575627710670233,-0.0008332803845405579,0.00018440093845129013
-0.0002336690668016672,-0.0007140420493669808,0.0027147638611495495
0.0017466575372964144,0.00012698421778623015,-0.00042297225445508957
-0.0005687933880835772,-0.0012464202009141445,0.0007270984351634979
-0.0014886492863297462,-0.0006235067849047482,0.002166537567973137
0.00037519578472711146,0.0026810644194483757,-0.002015299629420042
-0.0015721076633781195,-0.0003227147681172937,0.00048141414299607277
0.0003494721604511142,0.0010725341271609068,-0.002862619934603572
-0.0011815791949629784,0.001005156198516488,-0.001857276540249586
-0.0008692119736224413,-0.0010861827759072185,-0.0001856866292655468
-0.0011371258879080415,-0.0008449003798887134,0.0006851670332252979
-0.0010981601662933826,0.0003887910570483655,-0.00020352564752101898
-0.0006403627921827137,0.0008260821341536939,-0.0008267052471637726
0.00011374964378774166,-0.0006110355607233942,-0.0013438384048640728
0.0012136350851505995,-0.0008003863040357828,0.0016327770426869392
0.003006617072969675,0.0005238275043666363,0.0005834782496094704
-0.002340477891266346,-0.0005006905412301421,0.0023664645850658417
-3.799586556851864e-05,-0.0010059939231723547,0.00034549785777926445
-0.0022803773172199726,0.0015232100849971175,0.0002634720876812935
-0.0013614625204354525,0.0011792882578447461,-0.0004413872957229614
-0.0012528055813163519,-0.00037253572372719646,-2.2205524146556854e-05
-0.0008655049605295062,0.0005813117022626102,-0.0009631188586354256
-0.0014050613390281796,-0.00045865270658396184,-0.0011942810378968716
0.0018988593947142363,-0.0017444024560973048,1.2216158211231232e-05
0.001747059402987361,-0.0002128185296896845,0.001725694164633751
0.00048694590805098414,0.0011275841388851404,-0.0002971729263663292
0.0001553823531139642,-0.0008183876634575427,-0.0023395512253046036
-0.00014823375386185944,-0.0005736493621952832,0.0017529800534248352
-0.0007402545306831598,-0.0008530149352736771,0.00018544355407357216
0.001310593681409955,-0.0009744747076183558,-1.3280194252729416e-05
-0.00020394596504047513,-0.0020123086869716644,0.00015050452202558517
0.0008807987323962152,0.0022110247518867254,0.0010920916683971882
-0.0008313475409522653,-2.3101070837583393e-05,0.00022043893113732338
0.0007621972472406924,0.0013120606308802962,-0.0005021798424422741
-0.0010602038819342852,0.0005184386391192675,0.0012139608152210712
-1.3694429071620107e-05,0.0008154500974342227,0.00032827025279402733
0.001335729262791574,-8.265618816949427e-06,0.00016235513612627983
-0.0001559450465720147,-0.001295359805226326,0.002630994189530611
0.0025921708438545465,-0.0014823137316852808,0.0007630535401403904
0.001032876200042665,-0.0012629713164642453,2.0075589418411255e-05
0.00011168880155310035,0.0002638189180288464,-0.00038126250728964806
-0.0004404209030326456,0.00029030832229182124,0.001767834648489952
-0.0022031671833246946,0.0011539714178070426,0.00043332483619451523
0.0005132306250743568,-0.0002137941773980856,0.0007714196108281612
-0.001164028188213706,3.8673504604958e-05,0.0012702294625341892
0.00035831518471241,0.00014162650040816516,-0.001412681769579649
-0.0002510160848032683,-0.0005361479707062244,0.0011436864733695984
0.0008140400750562549,0.0011169457575306296,0.0010730186477303505
-0.0018238211050629616,-0.00146392360329628,0.0005350601859390736
0.0007784563931636512,-0.0004701690049842,-0.00047620292752981186
-0.0005027904408052564,0.0005540827405638993,-0.0003238702192902565
0.0004979224177077413,-0.0030758739449083805,-0.0010212194174528122
0.0014686447102576494,-0.0005173751269467175,0.0017521963454782963
0.00021319709776435047,-0.00023880507797002792,0.0008822609670460224
0.0004145320854149759,0.001391049474477768,-0.0002360004000365734
-0.0008738617179915309,-9.600396151654422e-05,4.354352131485939e-05
-0.001870949286967516,0.001447830582037568,-7.177144289016724e-05
0.0016177595825865865,0.0008688378147780895,-0.0021506324410438538
-0.0017889559967443347,0.0009479337022639811,0.002718957606703043
0.0009423907613381743,-0.0007427299278788269,-0.001435951329767704
-0.0006147595122456551,0.00022293225629255176,-0.00033659860491752625
-0.001050492748618126,-0.0012936487328261137,0.0006595519371330738
0.0003332857450004667,-0.0013024372747167945,0.000317335594445467
-0.00043426567572169006,0.0004665892629418522,-0.00022150902077555656
-0.00017833590391092002,-0.0010162588441744447,-0.00023881951346993446
0.00225965678691864,0.0016386101488023996,-0.001310934778302908
0.0002529649354983121,-0.0006080324528738856,0.0010262555442750454
0.0013356973649933934,6.42465747660026e-05,6.747385486960411e-05
-0.0001849676191341132,0.0013225901639088988,-0.0013242941349744797
-0.0006996557349339128,-0.0024776782374829054,-0.0019860370084643364
0.00020288958330638707,-0.0005799097125418484,-0.0011234395205974579
0.0015170156257227063,0.0008105861488729715,-0.0004339730367064476
-0.0006902122404426336,-4.375596472527832e-05,0.0020853769965469837
0.0006524263299070299,0.0004065214016009122,0.0008272356353700161
0.0009789299219846725,-0.001460887142457068,-0.0007794494740664959
-0.000708131876308471,-0.0008898198138922453,-0.0006239227950572968
-0.0010588702280074358,-0.002078388584777713,0.00047170137986540794
0.001810522167943418,-0.0003554294817149639,0.0019608433358371258
-0.0004334573750384152,-0.001192194758914411,2.0730309188365936e-05
0.001362827606499195,-0.0009927493520081043,0.0021837018430233
0.0006451057270169258,-0.0010907537071034312,0.0009953994303941727
0.00025859035667963326,0.000331188173731789,-0.0010298443958163261
-0.0018775310600176454,0.00013384793419390917,0.0009523462504148483
0.0006806399906054139,-0.001420278218574822,-0.0036912690848112106
0.0018875845707952976,0.002304152585566044,0.0009146681986749172
-0.0022458911407738924,-0.00098685291595757,0.0011801416985690594
-0.0002541129942983389,-0.0023919367231428623,-0.0001839296892285347
-0.0020820139907300472,-0.00186648010276258,0.0005257106386125088
-0.0003717319341376424,-0.0023293374106287956,-0.0012106704525649548
0.0001977641659323126,0.0013768115313723683,0.0015487917698919773
-0.0018472771625965834,-0.0008535857778042555,-0.0004879934713244438
0.00012644589878618717,-5.7317534810863435e-05,-6.747385486960411e-05
0.0017784046940505505,0.00251529598608613,0.0007730196230113506
-0.0002485382719896734,-0.0006519512971863151,-0.0009273607283830643
-0.0018467011395841837,-0.0024091049563139677,-9.698746725916862e-05
0.0014851830201223493,0.0018469770438969135,0.0002769255079329014
0.001276391209103167,-0.0011762434151023626,0.0035195904783904552
0.0005516821402125061,0.00043894024565815926,0.0007148170843720436
0.0008379719220101833,-0.00037572073051705956,-0.0007323445752263069
-0.0008216701098717749,0.002228149678558111,-0.0016624284908175468
-0.0006999637116678059,0.0015983120538294315,-0.0012376541271805763
0.0006353255594149232,1.2644683010876179e-05,-0.0006198976188898087
-0.0009029163047671318,-0.00047178432578220963,-0.0026827820111066103
-0.0005178776336833835,0.0012119874591007829,0.0016115065664052963
-0.0002765952958725393,-0.0006096145953051746,-0.001068699173629284
-0.0006523504853248596,-0.000819322420284152,0.0004427740350365639
-0.00020094466162845492,-0.0013471608981490135,-0.0005753524601459503
-0.0023232221137732267,-3.9652877603657544e-05,-0.0007240171544253826
-0.0012009659549221396,-7.161081884987652e-05,-0.000411096028983593
0.002311339369043708,0.0006055831327103078,-0.0009026201441884041
0.00266181118786335,0.0027534225955605507,-8.636154234409332e-05
0.001073898863978684,-3.50640038959682e-05,-0.0018936758860945702
0.0017588639166206121,0.0006123504135757685,-0.002187955193221569
0.0004348637885414064,-0.00017794813902582973,0.00032649608328938484
0.00044525013072416186,-0.0014096602099016309,-1.9181985408067703e-05
-0.0007744777831248939,-0.0020609553903341293,0.00036209216341376305
0.001170961419120431,-0.001956026768311858,0.0023072650656104088
0.0009217605693265796,0.00040356017416343093,-0.0017724833451211452
0.000506573764141649,0.0012682885862886906,0.0008163759484887123
-0.0004203368443995714,0.001566519495099783,-0.0021864729933440685
-0.0013979834038764238,0.0015257732011377811,0.0002577761188149452
-0.0003654532483778894,-0.0006619333289563656,-0.0012188521213829517
2.6031455490738153e-05,0.000973247573710978,-0.0007807621732354164
-0.0009216898470185697,0.000939633755479008,-0.0015524155460298061
0.0018168387468904257,0.0018365863943472505,-0.0006887526251375675
0.00041548514855094254,0.0004311479860916734,0.00031597353518009186
0.002045872388407588,0.0015811009798198938,0.0009522028267383575
0.0005685230134986341,0.00036687892861664295,-0.002006545662879944
-0.002623541746288538,0.0005157496780157089,-0.00016656797379255295
0.001819573575630784,0.0012295573251321912,-0.0036810236051678658
0.0006160910124890506,0.001586420927196741,-0.0002543344162404537
0.0028653128538280725,0.0012706649722531438,-0.0025002085603773594
0.0011217412538826466,0.00029062165413051844,0.0012095747515559196
2.9684859327971935e-05,0.0017111478373408318,0.0010567004792392254
0.000740748830139637,-0.0016694688238203526,-0.0014096531085669994
0.0014082298148423433,0.0003894047695212066,0.00037400517612695694
0.0004899718333035707,0.0009998013265430927,-0.0002403859980404377
0.0016198786906898022,-0.001022373791784048,-0.0007499279454350471
0.003162381472066045,-0.0008045271970331669,0.0025111129507422447
0.0009804046712815762,-8.614365651737899e-05,0.0017929342575371265
-0.0008169626817107201,0.001357289613224566,-0.0005876654759049416
-0.0029350221157073975,0.001355388667434454,-0.0020392853766679764
0.0021300441585481167,0.000575881393160671,-0.0003439169377088547
-0.0016769656213000417,0.0028961170464754105,-0.0005267108790576458
0.0005395833868533373,0.0020843856036663055,3.494974225759506e-05
0.00042458606185391545,0.0027324575930833817,-0.0011368682608008385
0.00033723440719768405,0.0014144591987133026,-9.823543950915337e-05
-0.00025054620346054435,0.0009686916600912809,-0.0016253995709121227
0.0009124562493525445,0.0004120909725315869,-0.0016578901559114456
-0.0007282926817424595,-0.0006190422573126853,-0.0012416541576385498
0.00044482972589321434,0.002729350235313177,0.0003487858921289444
-0.0007092265877872705,-0.0004150689346715808,-0.0014990204945206642
-0.0007398530142381787,0.00031863190815784037,0.0029753567650914192
-0.0015577698359265924,0.0016817402793094516,0.0014019021764397621
-0.0007114172913134098,-0.0008155058603733778,0.0010418430902063847
-0.001064832555130124,-0.002288057468831539,0.0008457563817501068
0.0001983047986868769,-0.0013343795435503125,-0.0005540009588003159
-0.002136324066668749,0.0003514665877446532,-0.0014088642783463001
4.5870227040722966e-05,-0.0012536206049844623,-0.0009990036487579346
-4.013825673609972e-06,-0.0011671815300360322,0.0014856914058327675
1.5427242033183575e-05,0.00011699474998749793,0.0007352130487561226
0.0007002430502325296,0.0006368937320075929,-0.0012516137212514877
0.00016734449309296906,0.0006121263722889125,-9.55355353653431e-05
-0.002548875520005822,0.00044826301746070385,-0.0004874798469245434
-0.0017022567335516214,-0.00031526523525826633,-0.0012507415376603603
0.00033777099451981485,-0.0010701370192691684,0.0013686781749129295
0.0013814638368785381,0.0013091310393065214,0.0016179503872990608
-0.0017555877566337585,0.0016492707654833794,-0.0026235708501189947
-0.0006788716418668628,-0.0003254632465541363,0.0022082021459937096
0.002001298125833273,0.0011480201501399279,-0.00021438440307974815
0.0008159249555319548,0.0010974201140925288,-0.0036788906436413527
0.0002246993244625628,-6.962769839446992e-05,-0.0011466536670923233
0.0018497603014111519,0.000665937433950603,-0.0029376293532550335
0.0013502647634595633,0.0013563345419242978,0.0003632279112935066
-0.0017025168053805828,0.0003749597235582769,-0.0004700752906501293
0.0010619305539876223,0.0002679936005733907,-0.0009566550143063068
-0.0001367582008242607,0.0013985055265948176,6.733043119311333e-05
0.0018416675738990307,8.199946023523808e-05,-0.0014898511581122875
0.0016515178140252829,4.3117310269735754e-05,0.0013011414557695389
0.002923509106040001,-9.504874469712377e-05,-0.0011601801961660385
0.0007221401901915669,-4.234942025505006e-06,-0.0011873445473611355
0.0015886729815974832,0.00030687302933074534,0.0007167691364884377
0.0014371391152963042,0.0013287279289215803,-0.0002691331319510937
-0.0006632404983974993,-0.000363893253961578,0.000413691159337759
-0.0016115920152515173,0.0006108236848376691,-0.0006350614130496979
0.0009284684783779085,0.00021150990505702794,0.0023333108983933926
-2.7073692763224244e-05,-0.0007765228510834277,0.00048028305172920227
-0.0009418453555554152,-0.00016380622400902212,-0.0005153520032763481
-0.00041320789023302495,0.00041516500641591847,-0.000307359267026186
-0.001031382824294269,0.0008786446414887905,-0.00020850030705332756
0.0005010000895708799,-0.0020883833058178425,-0.00030091218650341034
0.001439310610294342,5.9167003200855106e-05,2.0422041416168213e-05
-0.0003095873398706317,-0.00022579121286980808,-0.0013580303639173508
0.0011272142874076962,0.0025643964763730764,8.926866576075554e-05
0.0016191001050174236,0.0013555876212194562,0.0005422723479568958
0.0005105080199427903,0.0007821981562301517,-0.0005137207917869091
0.0027994948904961348,0.002958000637590885,-0.0004759039729833603
0.0001042535004671663,0.00053116783965379,0.0005226475186645985
0.0027559627778828144,-0.00015912350500002503,-0.0010227845050394535
3.839068813249469e-05,-0.0008442096295766532,-0.0023692483082413673
0.0007060451898723841,0.0004157319199293852,-0.001143661793321371
-0.0004870339762419462,8.147476910380647e-05,0.0011960635893046856
0.0011353637091815472,0.0005054500070400536,-0.00027586566284298897
-0.00013210854376666248,0.001172712305560708,-0.002145308069884777
0.001982707530260086,-0.001284586382098496,-0.0016976306214928627
-0.0005393691244535148,-0.0016730385832488537,-0.00042843958362936974
-0.0017782716313377023,-0.0007960597286000848,0.0005691805854439735
0.0012337998487055302,0.0008507865713909268,-0.0007085413672029972
0.0008921162807382643,0.00037381445872597396,-0.00046672672033309937
-0.000994421076029539,-0.001992868958041072,0.0015420312993228436
0.00036272581201046705,-0.0035590738989412785,-3.242911770939827e-05
-0.0004339443694334477,-0.0011828159913420677,0.0003911689855158329
0.0011722079943865538,-0.001275760354474187,-0.0006826175376772881
-0.0019147630082443357,0.00020112319907639176,0.0008031534962356091
0.0005372093874029815,0.0015374973881989717,0.001377331092953682
-0.0016032970743253827,0.0006464728503488004,-0.001638243906199932
0.0014468212611973286,-0.00013836071593686938,0.0013687312602996826
0.0007029545959085226,0.0008531841449439526,0.0007144995033740997
1.0266434401273727e-05,0.0013980668736621737,-0.00020562252029776573
0.0003794938966166228,-0.0014274617424234748,-0.0009486633352935314
0.0015843079891055822,-0.00015180766058620065,-0.0006256219930946827
-0.002938541816547513,9.0149806055706e-05,-0.0009481986053287983
-0.0002591356460470706,0.00011891194299096242,0.0006635463796555996
0.0001615450601093471,-0.002582207787781954,0.0008410196751356125
0.0004076211480423808,-0.0006663297535851598,0.00023381877690553665
-0.0008961873245425522,0.0008842639508657157,-0.0024720621295273304
0.0017163737211376429,-0.0024944886099547148,-0.0010856203734874725
0.0007078347261995077,0.0003764115972444415,0.0004599844105541706
0.0029438247438520193,-0.00012239844363648444,0.0005412106402218342
0.00017711223335936666,0.0008603838505223393,-0.0014270837418735027
-5.314301233738661e-06,0.0005402719834819436,-8.99103470146656e-05
0.00036335032200440764,0.0010664946166798472,0.00015491200610995293
0.001455778954550624,0.0004891213029623032,0.0008071199990808964
-0.003390574362128973,-9.588569810148329e-05,-0.0008504237048327923
-0.0010653686476871371,0.00019945886742789298,-0.001011811662465334
-0.0004633938951883465,-0.0002214856940554455,-0.0014296416193246841
-0.001011206186376512,0.00010448521061334759,8.88928771018982e-05
0.000565553898923099,-0.001460039522498846,-0.00027093617245554924
-0.0006320695974864066,-0.0025221083778887987,-0.0009548356756567955
0.00019490031991153955,0.0002987982879858464,0.0008920738473534584
-0.00032201921567320824,0.001748090609908104,0.0008308212272822857
0.000347366149071604,-7.977359928190708e-07,0.0018607880920171738
0.0022555210161954165,-0.0017073514172807336,0.0022860942408442497
-0.0009919910226017237,-0.0014868589350953698,-0.0007534422911703587
0.0005971171194687486,-0.004738844931125641,0.0001331237144768238
0.000602107378654182,-0.0014110084157437086,-0.0007060212083160877
0.001768571906723082,-0.0007377612055279315,0.0017456854693591595
-0.0008353774901479483,8.435406925855204e-05,0.0004642675630748272
0.00036144710611552,0.0005962136201560497,0.0022280788980424404
0.00021418480901047587,-0.00024521767045371234,-0.0003433478996157646
0.0015167368110269308,-0.000924057443626225,0.001612211111932993
-0.0022669238969683647,-0.0014657891588285565,0.0003873724490404129
0.0014519141986966133,-0.0003898721479345113,-0.0012470097281038761
-0.0004784056800417602,0.0009345024009235203,-0.000790358055382967
0.00033305949182249606,-0.0017334523145109415,-0.0006422861479222775
-0.001104195136576891,0.002032581251114607,-0.003627246245741844
-0.00018673617159947753,0.00013428006786853075,-0.00029137078672647476
-0.002404985949397087,-0.0014412607997655869,-0.00032056868076324463
-0.0012670170981436968,-0.0007504368550144136,0.0007260539568960667
-0.0010969757568091154,-0.0003522687475197017,0.00030651548877358437
-0.0019411977846175432,-0.000716056558303535,0.0004958664067089558
0.0015782357659190893,-0.002939633559435606,0.06406453251838684
0.0002993858652189374,-0.0006019107531756163,0.1811368316411972
-9.020042489282787e-05,0.0016056695021688938,0.24786977469921112
0.0010171419708058238,0.0007555885822512209,0.3040779232978821
-0.001158985192887485,-0.002155363094061613,0.28901803493499756
0.000495636835694313,-0.00167066790163517,0.27941814064979553
-0.0012784700375050306,-0.0008150567882694304,0.2662585973739624
-0.0012228100094944239,0.0005745806265622377,0.26504847407341003
-0.0027917909901589155,1.2336749932728708e-06,0.2506123185157776
-0.000969656219240278,-0.0017596484394744039,0.14543291926383972
-0.0010533822933211923,-0.0026168315671384335,0.00475558964535594
0.0015479933936148882,-0.005758030340075493,-0.0010687434114515781
0.00047041368088684976,-0.007389082573354244,-0.03467220440506935
-0.0012340093962848186,-0.009515350684523582,-0.11522217094898224
-0.0002928179455921054,-0.00013855978613719344,-0.0993361696600914
0.0011530121555551887,0.0036857393570244312,-0.05233430489897728
-0.0010542559903115034,0.0066108712926507,-0.05283575505018234
0.0021886753384023905,0.00866070669144392,-0.03362690657377243
0.0009178528562188148,0.008905535563826561,-0.012080361135303974
0.0006691135931760073,0.012464850209653378,0.029268678277730942
-0.0019812812097370625,0.013370024971663952,0.14236034452915192
-0.010585421696305275,0.011269856244325638,0.2536378800868988
-0.02052665688097477,0.019172687083482742,0.3197723627090454
-0.04042899236083031,0.03270181268453598,0.42900192737579346
-0.059771884232759476,0.04795381799340248,0.3362070620059967
-0.12287335842847824,0.02701231651008129,0.24796055257320404
-0.2193516492843628,0.12298527359962463,0.26988208293914795
-0.0718439593911171,0.45392295718193054,0.1932285726070404
0.0640951544046402,0.7945288419723511,0.14517854154109955
0.07037702202796936,0.8090366721153259,0.18628017604351044
0.0878714770078659,0.784508228302002,0.2211294025182724
0.14475472271442413,0.8753175139427185,0.20466148853302002
0.30524343252182007,0.5347787737846375,0.027629993855953217
0.5342297554016113,-0.33237096667289734,-0.21934117376804352
0.8620277643203735,-1.03476083278656,-0.31108352541923523
1.14210844039917,-1.4853671789169312,-0.2565041780471802
1.258378028869629,-1.9481532573699951,0.023580502718687057
1.129479169845581,-2.5380072593688965,0.33520418405532837
0.8734356760978699,-2.6225292682647705,0.5113634467124939
0.5426241755485535,-2.3623430728912354,0.5621161460876465
0.13417017459869385,-2.112077474594116,0.5776963829994202
-0.32622140645980835,-1.8675655126571655,0.6238545179367065
-0.7781171202659607,-1.6161768436431885,0.695942759513855
-1.1101405620574951,-1.512562870979309,0.7872111797332764
-1.1966089010238647,-1.4829447269439697,0.8598846197128296
-1.0991047620773315,-1.5138280391693115,0.841016411781311
-0.9147204160690308,-1.6414786577224731,0.7826173305511475
-0.7537357807159424,-1.8162624835968018,0.773829996585846
-0.6852408051490784,-1.797147274017334,0.8792003989219666
-0.6605170369148254,-1.606175422668457,0.9748920202255249
-0.6158826947212219,-1.372120976448059,0.9057503342628479
-0.5466389060020447,-1.0553308725357056,0.7732617855072021
-0.5565025806427002,-0.7365745902061462,0.6552721858024597
-0.6373900175094604,-0.4135592579841614,0.562005341053009
-0.7050794959068298,-0.21793535351753235,0.5129770040512085
-0.7780508995056152,-0.07960943132638931,0.49373167753219604
-0.8765782713890076,0.27862972021102905,0.5058354735374451
-1.1901854276657104,2.669156312942505,0.512493908405304
-1.2510308027267456,0.8988440632820129,0.510894238948822
-1.258542776107788,0.043433234095573425,0.31619104743003845
-1.1731302738189697,-0.10248084366321564,0.10905323177576065
-0.9748352766036987,0.08359847962856293,-0.05209996923804283
-0.7188230156898499,0.20644386112689972,-0.04352322220802307
-0.4563447833061218,0.330323725938797,-0.050468746572732925
-0.2373773455619812,-0.4425275921821594,-0.08172810077667236
-0.029029197990894318,-1.3471256494522095,-0.047561611980199814
0.14896535873413086,-1.6702790260314941,-0.022078657522797585
0.28234392404556274,-1.475275993347168,-0.073273666203022
0.314786434173584,-0.9284765720367432,-0.3802151679992676
0.10234368592500687,-0.7232139706611633,-0.39798057079315186
-0.2566721737384796,-0.40392234921455383,-0.23952814936637878
-0.48951688408851624,-0.17099188268184662,-0.09435071051120758
-0.47812485694885254,0.11154171079397202,-0.06594947725534439
-0.29555290937423706,0.5798737406730652,-0.1062963604927063
-0.22859971225261688,1.070624828338623,-0.07971324026584625
-0.24495364725589752,0.3143017888069153,0.05746486037969589
-0.21234430372714996,-0.38475990295410156,0.05583793297410011
-0.19503669440746307,-0.3410760760307312,-0.05672429874539375
-0.22331953048706055,-0.19732999801635742,-0.284572035074234
-0.2596152424812317,-0.21880945563316345,-0.47447648644447327
-0.32198816537857056,-0.381956547498703,-0.5081310272216797
-0.39256352186203003,-0.2885400354862213,-0.39204543828964233
-0.4871772229671478,0.09303592145442963,-0.23968185484409332
-0.5555850267410278,0.42799609899520874,-0.15999820828437805
-0.6301283240318298,0.5912894606590271,-0.12155381590127945
-0.791495680809021,0.44489574432373047,-0.1467667520046234
-0.6914623379707336,-0.06573673337697983,-0.08812844753265381
-0.5537462830543518,-0.5554627776145935,0.003331955522298813
-0.5335725545883179,-0.5756165385246277,0.06140351668000221
-0.44611915946006775,-0.2861415445804596,0.20947526395320892
-0.3455629348754883,0.0787220150232315,0.25644248723983765
-0.2679283320903778,0.3530145585536957,0.12264900654554367
-0.08420929312705994,0.531557559967041,0.08071588724851608
0.20027171075344086,0.8667142391204834,0.2502495050430298
0.2738359570503235,1.1181023120880127,0.18670062720775604
0.2686734199523926,1.187321424484253,0.16680388152599335
0.26380887627601624,1.1523926258087158,0.24345657229423523
0.17907482385635376,1.0363001823425293,0.35323795676231384
-0.05414137989282608,0.7568151950836182,0.4040380120277405
-0.3972875475883484,0.34659016132354736,0.40209445357322693
-0.7097234129905701,0.06579060107469559,0.39185160398483276
-0.8507074117660522,-0.0817546471953392,0.3468324542045593
-0.7908494472503662,-0.14501845836639404,0.26130881905555725
-0.5659473538398743,-0.05361584946513176,0.1838712841272354
-0.2778767943382263,0.10764506459236145,0.13056735694408417
6.878875137772411e-05,0.232234925031662,0.11355163156986237
0.17411626875400543,0.29903751611709595,0.13798315823078156
0.2408955693244934,0.3131448030471802,0.15507720410823822
0.19779324531555176,0.22411400079727173,0.13462498784065247
0.1208697035908699,0.12237218767404556,0.1850583404302597
0.046969495713710785,0.0969962477684021,0.2832671105861664
-0.02291131392121315,0.06267581880092621,0.3154040277004242
-0.04140293598175049,0.022086933255195618,0.29136577248573303
-0.003188703441992402,0.01154614333063364,0.2607133090496063
0.07729391753673553,0.10564472526311874,0.17381782829761505
0.2117590457201004,0.14395004510879517,0.1292085498571396
0.29522913694381714,0.18709370493888855,0.18255940079689026
0.346493661403656,0.26822611689567566,0.24198225140571594
0.43745896220207214,0.3211950659751892,0.26220017671585083
0.5203149914741516,0.27508777379989624,0.16743850708007812
0.5623420476913452,0.15644629299640656,0.04396718367934227
0.5058310627937317,0.03135574981570244,-0.008556476794183254
0.34645769000053406,-0.12818916141986847,-0.04105370119214058
0.16746051609516144,-0.20283997058868408,-0.05098729208111763
0.04404291883111,-0.20683960616588593,-0.10218093544244766
-0.010612069629132748,-0.17541058361530304,-0.19342562556266785
-0.01640169508755207,-0.11869704723358154,-0.28373613953590393
0.007019475102424622,-0.05827578157186508,-0.22858580946922302
0.06452791392803192,0.026860948652029037,-0.1275310218334198
0.101170614361763,-0.007056804373860359,-0.06681253761053085
0.07852018624544144,-0.12201156467199326,0.021546337753534317
-0.030704569071531296,-0.26548537611961365,0.11689309775829315
-0.2518949508666992,-0.4485165774822235,0.17039276659488678
-0.5053282976150513,-0.5841891765594482,0.18993264436721802
-0.6912985444068909,-0.6195803880691528,0.19958756864070892
-0.7595540285110474,-0.5646026134490967,0.18204373121261597
-0.7061388492584229,-0.42465540766716003,0.1819082647562027
-0.5673468708992004,-0.292447030544281,0.13614024221897125
-0.3959982693195343,-0.18765848875045776,0.07036785781383514
-0.2268798053264618,-0.03980617597699165,0.12330937385559082
-0.12483878433704376,0.06598871201276779,0.19666461646556854
-0.0769900381565094,0.10480108857154846,0.2778111398220062
-0.04364851117134094,0.04197489097714424,0.32050153613090515
-0.06436310708522797,-0.056508008390665054,0.27137476205825806
-0.08393204212188721,-0.15657766163349152,0.20564423501491547
-0.11617067456245422,-0.17821238934993744,0.18509981036186218
-0.16727107763290405,-0.14123424887657166,0.1319928765296936
-0.19210878014564514,-0.07935330271720886,0.0741087943315506
-0.15296390652656555,0.05663352459669113,0.0792597085237503
-0.06904584169387817,0.21304869651794434,0.07724343240261078
0.03617622330784798,0.2479950487613678,0.023939168080687523
0.11819199472665787,0.13707198202610016,-0.056980445981025696
0.1306699514389038,-0.0006028327625244856,-0.09439438581466675
0.26923900842666626,0.30620795488357544,-0.006282901391386986
0.6325677633285522,0.30662018060684204,0.08370018005371094
0.8112145066261292,0.32140180468559265,0.18094125390052795
0.8017591834068298,0.3729459345340729,0.26127657294273376
0.6951326131820679,0.4242139160633087,0.3161110579967499
0.5420726537704468,0.5296124815940857,0.33255910873413086
0.3663593828678131,0.6530135273933411,0.2543031871318817
0.19598083198070526,0.8324242234230042,0.15862025320529938
0.17656506597995758,0.9861064553260803,0.08394362777471542
0.27844738960266113,1.0442966222763062,-0.027822796255350113
0.4262733459472656,0.9834499955177307,-0.09483378380537033
0.5118793249130249,0.6215302348136902,-0.056758590042591095
0.3625098466873169,0.10834389179944992,-0.034069258719682693
-0.07933545112609863,-0.4853217601776123,0.036393702030181885
-0.533294141292572,-0.9836594462394714,0.19496524333953857
-0.829699695110321,-1.2404382228851318,0.27797359228134155
-0.9515371918678284,-1.2357633113861084,0.30047863721847534
-0.9647740721702576,-1.0554780960083008,0.2529240548610687
-0.8803542852401733,-0.6998410224914551,0.1685900092124939
-0.7500320076942444,-0.32630106806755066,0.03389454632997513
-0.6358116865158081,-0.022622697055339813,-0.0906125009059906
-0.52271968126297,0.16689808666706085,-0.1690777838230133
-0.4255608916282654,0.19839902222156525,-0.21214962005615234
-0.39227843284606934,0.04484439268708229,-0.20601814985275269
-0.4569095969200134,-0.27689024806022644,-0.17574332654476166
-0.6298816204071045,-0.5858637690544128,-0.07834780961275101
-0.8729339838027954,-0.8527964353561401,0.09890046715736389
-1.0752484798431396,-1.028567910194397,0.3362389802932739
-1.1117528676986694,-0.8934034109115601,0.643540620803833
-0.9777327179908752,-0.5760428309440613,0.7883444428443909
-0.7531275749206543,-0.3120296001434326,0.7306302785873413
-0.4753769040107727,-0.2088230401277542,0.5772618055343628
-0.24666568636894226,-0.1379757672548294,0.443682998418808
-0.1062825545668602,-0.018036166206002235,0.3120707869529724
0.006124409846961498,0.08587052673101425,0.18458284437656403
0.14615920186042786,0.07111885398626328,0.08381287008523941
0.2550334930419922,0.10966864228248596,0.05433274805545807
0.3355427086353302,0.22204311192035675,0.08455350250005722
0.41322043538093567,0.2702876031398773,0.11230790615081787
0.4627166986465454,0.22507762908935547,0.13125759363174438
0.4524320960044861,0.14112652838230133,0.14615558087825775
0.3825845420360565,0.12434002012014389,0.18173091113567352
0.29904916882514954,0.19276727735996246,0.21418419480323792
0.2564682960510254,0.22298994660377502,0.21575002372264862
0.2615506649017334,0.21286940574645996,0.1851915866136551
0.2610473930835724,0.15870212018489838,0.14815913140773773
0.2507484257221222,0.12645390629768372,0.1104397252202034
0.2741051912307739,0.15768016874790192,0.11732101440429688
0.31939226388931274,0.19623927772045135,0.16389010846614838
0.3148265779018402,0.2021433562040329,0.1792605221271515
0.2577579915523529,0.20636339485645294,0.14904563128948212
0.19095195829868317,0.24180613458156586,0.09530123323202133
0.12244800478219986,0.29192525148391724,0.04076661169528961
0.046995047479867935,0.29948726296424866,-0.03521709516644478
-0.028283992782235146,0.28567638993263245,-0.12201404571533203
-0.09049513190984726,0.26445531845092773,-0.19804705679416656
-0.11752515286207199,0.21616902947425842,-0.23809780180454254
-0.13766126334667206,0.1558229625225067,-0.20850852131843567
-0.17994347214698792,0.08053512871265411,-0.14696340262889862
-0.23766620457172394,0.0074056764133274555,-0.09063190221786499
-0.27973562479019165,-0.04421570524573326,-0.053426213562488556
-0.2894373834133148,-0.45576298236846924,0.07595084607601166
-0.33744511008262634,-0.7828161716461182,0.23523610830307007
-0.23802848160266876,-0.9481223225593567,0.27473175525665283
0.26222261786460876,-0.7028211951255798,0.32039111852645874
0.3085387945175171,-0.22595328092575073,0.32409071922302246
0.140799880027771,0.06357786804437637,0.2049475461244583
0.056635964661836624,0.2055133730173111,0.04883306100964546
0.13067157566547394,0.20723670721054077,0.004678383003920317
0.2996479272842407,0.267695814371109,0.06077272817492485
0.2898155450820923,0.32080909609794617,0.11653613299131393
0.3124580979347229,0.277156263589859,0.1462523341178894
0.27436238527297974,0.300656795501709,0.12806880474090576
0.3367745876312256,0.029414620250463486,0.12823286652565002
0.23101861774921417,0.02264140173792839,0.15457391738891602
0.1043008342385292,0.16852238774299622,0.17717976868152618
0.07554428279399872,0.267431378364563,0.19650818407535553
0.12343603372573853,0.26236629486083984,0.2152542620897293
0.1801336705684662,0.3031187653541565,0.1955183744430542
0.24961267411708832,0.3410891890525818,0.14391478896141052
0.313315212726593,0.31280720233917236,0.09679043292999268
0.3547481298446655,0.28798437118530273,0.05641692876815796
0.2640073001384735,0.15501806139945984,-0.0028613118920475245
0.16020865738391876,0.03324299678206444,-0.013240937143564224
-0.02218884602189064,-0.1973060518503189,-0.01670890673995018
-0.0028366020414978266,0.3172515332698822,-0.07415150105953217
-0.09364160150289536,-0.03569000959396362,-0.16858772933483124
-0.13864026963710785,-0.1571778953075409,-0.09435474872589111
-0.26042208075523376,-0.011847063899040222,-0.020545244216918945
-0.19196859002113342,0.08770299702882767,-0.06790219992399216
-0.026118645444512367,0.16950571537017822,-0.12614020705223083
0.1059575155377388,0.3284967243671417,-0.13158628344535828
0.19034776091575623,0.4715966284275055,-0.14808377623558044
0.24217967689037323,0.5733919739723206,-0.1884702891111374
0.22855894267559052,0.5873584151268005,-0.24417535960674286
0.14161577820777893,0.5212475657463074,-0.2861882150173187
0.010220210999250412,0.3903782367706299,-0.31044748425483704
-0.13867072761058807,0.2041180580854416,-0.31604474782943726
-0.3017573952674866,-0.015468098223209381,-0.31525033712387085
-0.4445653259754181,-0.22404514253139496,-0.3693724572658539
-0.519763171672821,-0.37357550859451294,-0.33033716678619385
-0.5565251708030701,-0.4673677682876587,-0.23003293573856354
-0.539863109588623,-0.42941293120384216,-0.10958562046289444
-0.41987234354019165,-0.3485909700393677,-0.04362695664167404
-0.27142587304115295,-0.2686029374599457,-0.03874751552939415
-0.2334764301776886,0.035501427948474884,-0.1279338002204895
-0.2141280323266983,0.29773038625717163,-0.2777640223503113
-0.06036415696144104,0.29940393567085266,-0.2600685954093933
-0.02028677612543106,0.30598461627960205,-0.27493250370025635
-0.031597867608070374,0.3266260325908661,-0.2503145933151245
-0.02976614236831665,0.32111674547195435,-0.1608765870332718
-0.05559825524687767,0.22714075446128845,-0.09573994576931
-0.13437509536743164,0.10596292465925217,-0.07968401908874512
-0.3619852364063263,0.07409999519586563,-0.024102674797177315
-0.735774040222168,-0.2122047245502472,0.03701527416706085
-0.702242910861969,-0.7623116970062256,-0.050849370658397675
-0.6439492106437683,-0.9639369249343872,-0.12706024944782257
-0.6673846244812012,-0.8871559500694275,-0.2517125904560089
-0.6397991180419922,-0.8029186129570007,-0.31559544801712036
-0.5475209951400757,-0.6258869767189026,-0.33870139718055725
-0.433969110250473,-0.44806933403015137,-0.3562692105770111
-0.31225842237472534,-0.31113317608833313,-0.31036850810050964
-0.20938369631767273,-0.18662451207637787,-0.26307982206344604
-0.10609840601682663,0.03340701386332512,-0.27716442942619324
0.03043333627283573,0.27814167737960815,-0.3204708993434906
0.09966015815734863,0.3347574472427368,-0.36286476254463196
0.05333660915493965,0.2620989680290222,-0.36594629287719727
-0.03630660101771355,0.23711635172367096,-0.30941447615623474
0.14430738985538483,0.33808183670043945,-0.18482597172260284
0.5085997581481934,0.5325137376785278,-0.1332339644432068
0.23169171810150146,0.5114057660102844,-0.04939712956547737
-0.2911563813686371,0.023454582318663597,0.04673290625214577
-0.029399339109659195,-0.49459922313690186,0.07285159826278687
0.12314257025718689,-0.5106468200683594,0.11652980744838715
0.3068128228187561,-0.4278278350830078,0.06159598380327225
0.2532409429550171,-0.4243379831314087,0.1269661784172058
0.20807266235351562,-0.34403541684150696,0.24473010003566742
0.29519665241241455,-0.24123288691043854,0.32215192914009094
0.412960022687912,-0.11873013526201248,0.35438549518585205
0.50993412733078,0.013234369456768036,0.37725013494491577
0.49725112318992615,0.20614497363567352,0.3874015808105469
0.35034871101379395,0.34575870633125305,0.22841708362102509
0.33780789375305176,0.4851698577404022,-0.021716848015785217
0.49439314007759094,0.691191554069519,-0.19279611110687256
0.6392565965652466,0.8553829193115234,-0.29298263788223267
0.7744051218032837,0.8952563405036926,-0.3009468615055084
0.7933298349380493,0.8135345578193665,-0.2558046579360962
0.7475738525390625,0.6501303911209106,-0.19863049685955048
0.6598506569862366,0.5776471495628357,-0.07790114730596542
0.5692719221115112,0.5506495237350464,0.03572709485888481
0.4985670745372772,0.17408442497253418,0.07293891161680222
0.5994565486907959,0.21647559106349945,0.03222643584012985
0.7549217939376831,0.007512783166021109,-0.16970083117485046
0.916143000125885,0.04491495341062546,-0.4321056008338928
1.0394753217697144,0.20183426141738892,-0.6653242111206055
1.0708271265029907,0.16305013000965118,-0.851850152015686
1.019681692123413,-0.12176722288131714,-0.9838590621948242
0.9354555010795593,-0.4693346917629242,-1.0922508239746094
0.8539702296257019,-0.6418859362602234,-1.1700206995010376
0.7592969536781311,-0.6122039556503296,-1.1897203922271729
0.6485371589660645,-0.47760459780693054,-1.1159553527832031
0.5284897089004517,-0.2571153938770294,-0.9389002323150635
0.3377258777618408,-0.1014927551150322,-0.7515543103218079
0.18058986961841583,0.15959113836288452,-0.5286241769790649
0.09117742627859116,0.5047626495361328,-0.3640327751636505
0.09266485273838043,0.713104784488678,-0.31448447704315186
0.20345981419086456,0.7620635628700256,-0.4211938679218292
0.38614600896835327,0.6796377301216125,-0.6894046068191528
0.6178604960441589,0.3430998921394348,-0.9959999322891235
0.7475607395172119,0.09234155714511871,-1.168347716331482
0.7611026167869568,0.09619089215993881,-1.1047672033309937
0.6819695830345154,0.4162651598453522,-0.8767245411872864
0.5590471029281616,1.0097650289535522,-0.5543872714042664
0.48465150594711304,1.413001537322998,-0.33381420373916626
0.5012749433517456,1.526075839996338,-0.2421194314956665
0.5452226400375366,1.5203028917312622,-0.2070101499557495
0.5827265977859497,1.348224401473999,-0.23254506289958954
0.599029004573822,0.9803913831710815,-0.3212345242500305
0.6045992374420166,0.5118531584739685,-0.4523880183696747
0.6283037066459656,0.1608681082725525,-0.5725404620170593
0.6860381364822388,-0.02966962195932865,-0.5784457921981812
0.7317373752593994,-0.11527307331562042,-0.5109119415283203
0.7659289240837097,-0.0052533624693751335,-0.47405165433883667
0.8057583570480347,0.27839815616607666,-0.4535309672355652
0.7904489040374756,0.5277126431465149,-0.3914037048816681
0.6675047278404236,0.5490157604217529,-0.376636803150177
0.4681953489780426,0.4620633125305176,-0.4444728195667267
0.2769505977630615,0.43946754932403564,-0.36589017510414124
0.08095260709524155,0.504507839679718,-0.18532304465770721
-0.088630311191082,0.5326797366142273,-0.10411154478788376
-0.1844860017299652,0.4703196883201599,-0.02486572600901127
-0.1732177585363388,0.3697899281978607,0.05199078097939491
-0.041001927107572556,0.3399904668331146,0.01895000785589218
0.14947883784770966,0.4504137337207794,-0.09203698486089706
0.3697528839111328,0.3812415599822998,-0.18443483114242554
0.50872802734375,0.24789614975452423,-0.19990774989128113
0.5001782178878784,0.2328503578901291,-0.1711519956588745
0.07586250454187393,0.8057384490966797,0.04922127723693848
-0.5237165093421936,1.639873743057251,0.36505353450775146
-0.7898052334785461,1.731343388557434,0.4686811566352844
-0.02040175534784794,1.1888750791549683,0.02578682079911232
0.12224364280700684,0.6630480289459229,-0.1526290625333786
-0.025478703901171684,0.03510606288909912,0.09399083256721497
-0.008443919010460377,-0.5856522917747498,0.12219913303852081
-0.05059563368558884,-0.8733213543891907,0.09636779874563217
-0.05248626694083214,-0.8446701169013977,0.05485660582780838
0.006323520094156265,-0.653301477432251,0.050372377038002014
0.2965310215950012,0.08097847551107407,0.0483982153236866
0.46450433135032654,0.6009892225265503,0.021402550861239433
1.1462137699127197,0.43413352966308594,0.2126169204711914
-0.021622078493237495,-0.05355225130915642,0.44644272327423096
-0.018893403932452202,-0.00031645892886444926,0.49319159984588623
-0.0031056522857397795,0.008438683114945889,0.445311963558197
-0.009079881943762302,0.008939707651734352,0.3412260115146637
0.0015706316335126758,0.006896796636283398,0.06109928712248802
-0.0030240966007113457,0.007948262616991997,-0.32443538308143616
0.0002606463385745883,0.008159983903169632,-0.37594276666641235
9.016475814860314e-05,0.009456593543291092,-0.27679964900016785
-0.0007599162636324763,0.00815404113382101,-0.06781847774982452
-0.0014725232031196356,0.0029881587252020836,-0.002222188748419285
-0.00032683133031241596,0.0038443650119006634,0.004075654782354832
0.0011508231982588768,0.001942849368788302,-0.0009967833757400513
-0.004190945532172918,0.0024379307869821787,-0.001328879501670599
0.004222780000418425,0.001364711206406355,-0.001166604459285736
-0.0010026085656136274,-0.00024490340729244053,0.0006270343437790871
-2.75391066679731e-05,0.00018481496954336762,4.871934652328491e-05
0.0007325271144509315,-0.0016032314160838723,0.00016696332022547722
0.0008561213035136461,0.00037075375439599156,-0.0009377305395901203
-0.0024818847887218,-0.0018407352035865188,0.0025510103441774845
-0.0009887367486953735,-0.0009884084574878216,-0.0010246755555272102
-0.0019317620899528265,-6.85526683810167e-05,-0.0034705225843936205
-0.0011519492836669087,0.0016532317968085408,-0.0006769769825041294
-0.0004701800353359431,-0.000830432225484401,0.0008996143005788326
0.003783491672948003,0.0005708071985282004,-0.0014812969602644444
-0.00021258171182125807,-0.0016151154413819313,0.0005735978484153748
0.00016214860079344362,-0.0008944140281528234,0.00016478681936860085
-0.0007971219602040946,-0.0010411542607471347,0.000148009043186903
0.00043826346518471837,-0.00038853014120832086,-0.002713787602260709
-1.207708555739373e-05,-0.0005389988073147833,0.00025963177904486656
0.0025304583832621574,0.00013987439160700887,0.00035070162266492844
-0.0006679979269392788,-0.0038905534893274307,0.0002660132013261318
-0.0011044431012123823,-0.0007548477733507752,-0.0010722572915256023
-0.0020874158944934607,-0.0007575108902528882,0.0011088717728853226
0.00026737473672255874,-0.0009992761770263314,-0.0007297908887267113
-0.0010064152302220464,-0.0013372312532737851,0.003138184081763029
-0.0012978354934602976,0.002426464343443513,0.0013485881499946117
-0.00130502600222826,0.002020332496613264,0.0003970405086874962
0.0006328619783744216,0.0011263745836913586,-0.0005587078630924225
-0.0010598432272672653,3.7408008211059496e-05,-0.0016319616697728634
0.0007069763960316777,0.00028285273583605886,-0.0024474714882671833
0.00022680846450384706,0.0015750185120850801,0.0013475329615175724
-0.00028765929164364934,-0.0013700546696782112,-0.003519962774589658
-0.0001483759842813015,-0.000313045980874449,0.002507302910089493
-0.002057690406218171,-0.0008887554868124425,0.0006064004264771938
-0.005220460239797831,0.00034881546162068844,0.001356612890958786
-0.0009021526202559471,0.00013148474681656808,-0.0004833601415157318
0.0013199889799579978,0.000577031634747982,-0.0005302317440509796
8.996122051030397e-05,0.0007631040643900633,-0.0005643763579428196
-0.0003196329344063997,3.6061126593267545e-05,0.0004343087784945965
-0.0009857366094365716,0.00037817718111909926,0.00030144862830638885
0.0033730592112988234,-0.0004490006249397993,0.0013731042854487896
-6.831690552644432e-05,0.0005844884435646236,-0.0012460891157388687
-0.0007426292868331075,-0.0009958313312381506,0.0011270535178482533
0.0005240250611677766,-0.00023218593560159206,-0.0016850135289132595
-0.0005154066602699459,-0.002035678829997778,-0.0008362643420696259
0.0016096079489216208,0.0006367037422023714,0.0009996658191084862
0.0012737832730636,-0.0006908820359967649,0.00018047774210572243
-0.001165452878922224,0.00017294760618824512,-0.0026198041159659624
-0.0008221713942475617,-0.0003849846252705902,0.00027824752032756805
0.0009824803564697504,4.2119288991671056e-05,-0.0005870782770216465
0.0003888618084602058,-0.0014460551319643855,-0.00042755529284477234
0.0004462764773052186,-0.00035812007263302803,-0.0012362818233668804
-0.00015479896683245897,-0.0002475988585501909,0.0007752040401101112
-0.0015753762563690543,-0.0015321417013183236,-0.0014378521591424942
-0.0010470050619915128,-0.0002303885848959908,-0.001211749855428934
0.0005459027015604079,0.00020208915520925075,-0.00041138753294944763
0.0005778606282547116,0.0012543040793389082,-0.0018665390089154243
-0.003087115939706564,-0.0014069894095882773,-0.0013798740692436695
-0.0005951960338279605,-0.0010389406234025955,0.0020739794708788395
-0.000643776380456984,0.00044191721826791763,0.0007056528702378273
0.0013173754559829831,-0.0012712943134829402,-2.4053268134593964e-05
-0.00018201125203631818,0.0020309616811573505,0.0003419583663344383
0.0019671597983688116,-0.0008188870269805193,-0.0012229150161147118
-0.0016525195678696036,-0.0014367521507665515,0.00044999411329627037
0.0013824187917634845,-0.0002580370055511594,-0.001324470154941082
0.0004820793401449919,0.0008334488375112414,-0.00014354800805449486
0.0012243023375049233,-0.0006352844648063183,0.0006133220158517361
0.002633116440847516,-0.0009499812149442732,-0.0003236611373722553
-0.0003403027367312461,-0.0006567671662196517,-0.0005409750156104565
-0.001183972111903131,-0.0014479252276942134,0.00029350630939006805
-0.00011950667249038815,0.000549179152585566,0.00014090724289417267
-0.0019568679854273796,-0.001422816887497902,-0.0005082851275801659
-0.002469792729243636,-0.0009069626685231924,-0.001479805912822485
0.00323565024882555,0.0009067817591130733,0.0005943602882325649
-0.0012110298266634345,-4.3966734665445983e-05,-0.000193136278539896
-0.0014991082716733217,0.0001515208132332191,-0.0008630575612187386
-0.0004202617274131626,-0.0003638008492998779,-0.001064659096300602
-0.002270720200613141,-0.0017140478594228625,-0.0033519903663545847
-0.0016909500118345022,0.0004550968296825886,0.0010744496248662472
0.0006122934864833951,0.0003206295659765601,-0.0017943838611245155
-0.0011568444315344095,-0.003585695056244731,0.0005827536806464195
-0.0006649383576586843,0.00014860008377581835,0.0007314616814255714
-0.0034410173539072275,-0.00023569406766910106,0.00039750151336193085
-0.002050165319815278,0.0011744456132873893,-0.0001850910484790802
-0.0002570588840171695,0.0001027895777951926,0.00040000537410378456
0.0015586677473038435,-0.002254253253340721,-0.0015008379705250263
-2.9907809221185744e-05,0.00011915589857380837,-0.0006739264354109764
-0.0015741350362077355,-0.0004115795891266316,0.0023269415833055973
-0.0024692234583199024,-0.0014094660291448236,8.828798308968544e-05
-0.0009330401662737131,-5.941999552305788e-05,0.00012124283239245415
-0.002000435022637248,0.0008604358299635351,-0.00043083028867840767
-0.001795165822841227,0.0011686469661071897,0.003271769266575575
-0.001524588675238192,0.0011585269821807742,-0.000808193814009428
-0.002494947286322713,-0.0002851731260307133,-0.000636804848909378
0.001405518501996994,0.0011010022135451436,-0.00020430749282240868
0.00023547123419120908,0.0002241490437882021,-0.0005527357570827007
-0.001513959257863462,-0.0022840159945189953,-0.0014771190471947193
-0.001194440177641809,-0.0006127550732344389,-8.41999426484108e-05
0.002101487945765257,-0.0010758787393569946,-0.0009009912610054016
-0.00018292861932422966,-0.000563382520340383,0.0024108425714075565
-0.0020535329822450876,0.0012297239154577255,0.0014449143782258034
0.0007127466378733516,0.0020125394221395254,0.0002872706390917301
0.00032019673381000757,-0.00025540863862261176,0.0011341557838022709
0.0012493216199800372,-0.0022128932178020477,0.0015734094195067883
-0.002045274944975972,0.0016617400106042624,-0.0008900146931409836
0.000729431223589927,0.0011017611250281334,0.0009297463111579418
-0.0007185294525697827,0.002821896690875292,0.0018109860830008984
-0.00046951614785939455,-0.0003495487035252154,-0.002022691536694765
0.002792323473840952,-0.0005197246791794896,0.0017518065869808197
0.0004983241087757051,0.0008023367845453322,-0.00014058686792850494
0.001294875517487526,0.0004225700395181775,-0.0013645756989717484
-4.671834176406264e-05,-0.00020868817227892578,-0.0014233156107366085
1.1338575859554112e-05,-0.0006201465148478746,-0.0008121202699840069
0.0004773467662744224,-0.001731138676404953,-0.0005754199810326099
-0.0002217330038547516,-0.0010397820733487606,-0.0008326810784637928
-0.0008140482823364437,0.0006442373269237578,0.0018150229007005692
-0.0019056780729442835,-0.00022475211881101131,-0.0014055375941097736
-0.0009948661318048835,0.00030043223523534834,-0.0010013468563556671
-0.0009770229225978255,-0.0011760242050513625,-0.0007773749530315399
-0.0007659178227186203,0.0018225149251520634,0.0004230113700032234
-3.3548567444086075e-05,0.0008075842051766813,-0.00017167255282402039
-0.00133247091434896,-0.0010250110644847155,0.0029237810522317886
-0.0006240701186470687,0.0007491869619116187,0.00044571002945303917
-0.0004169534659013152,0.0016498217592015862,-0.00020416965708136559
-0.0018148466479033232,0.001532908994704485,0.0007282029837369919
-0.0007389731472358108,0.0008062645792961121,0.0002297009341418743
-0.0003203242376912385,0.00010452164860907942,-4.780059680342674e-05
0.0005301561905071139,-0.002040362451225519,0.002613138873130083
0.0003815518575720489,-0.00017748138634487987,-0.0011424506083130836
0.0003043772012460977,0.0007504941313527524,-8.900929242372513e-05
-0.0005446385475806892,-0.00019333016825839877,0.0012542889453470707
0.0006678756326436996,-0.0020672641694545746,-0.00029037008062005043
0.0003466983907856047,-0.000224889226956293,-0.0018744184635579586
-0.0009448306518606842,-5.116002284921706e-05,0.0024680448696017265
0.00019287173927295953,-0.0006935144774615765,-0.001391940750181675
0.0007813971024006605,0.0014564677840098739,0.00022898148745298386
-3.326384467072785e-05,-0.0010322561720386147,0.0006178030744194984
0.001194403856061399,-0.0024170035030692816,0.0006046248599886894
-0.0013518445193767548,0.0010789280058816075,0.00044909631833434105
0.00020438703359104693,0.0009926387574523687,0.0007221116684377193
-0.002989542204886675,0.0007401710608974099,-0.0014377119950950146
-0.0004846553783863783,0.000250992423389107,-0.0016811531968414783
0.0015617175959050655,0.0014177232515066862,-0.0021216399036347866
-0.0036265209782868624,0.0001560961827635765,-0.0010011936537921429
0.0001234759110957384,0.00044531546882353723,0.0015639630146324635
-0.00012554536806419492,-0.002241424284875393,0.00048681627959012985
-0.0019540716893970966,0.000855832127854228,-0.0005819103680551052
-0.002211597515270114,-0.0010513428132981062,-0.0012635886669158936
-0.0006898672436363995,-0.0005903495475649834,0.0027732308954000473
0.00026205109315924346,0.0003797622921410948,-6.489967927336693e-05
0.001818402437493205,-0.0011486258590593934,0.00035721156746149063
-0.0020540901459753513,0.001254229573532939,-0.0002618678845465183
0.0004828371456824243,0.0006614099256694317,2.76174396276474e-05
-0.0004386288928799331,0.00048178923316299915,-0.0011917226947844028
-0.0006996186566539109,0.00037446385249495506,0.0012855497188866138
0.0006254960899241269,0.0009488919749855995,0.0006806580349802971
0.0018601375631988049,0.0002098647819366306,6.227195262908936e-05
-0.0029508851002901793,0.0012198162730783224,0.0016285148449242115
-0.0014169042697176337,0.00014736122102476656,-0.0007408992387354374
0.0018674093298614025,-0.001265236409381032,-0.0013856510631740093
0.0003792350471485406,0.0016362776514142752,-0.0016812621615827084
-0.00032958926749415696,0.00020904833218082786,0.00124324019998312
-0.0007101549999788404,-0.0010524910176172853,0.0006016851402819157
0.0017288345843553543,-0.00022671863553114235,0.00010072067379951477
-0.0006200735224410892,-0.001209425157867372,-0.00029955245554447174
-0.0003161820932291448,0.00042858163942582905,0.000147196464240551
-0.0006357614183798432,-0.00011124111188109964,0.0020715962164103985
0.0005578622221946716,0.0006955064018256962,0.0016091717407107353
0.0005647864891216159,-0.0008009237935766578,-0.0002736831083893776
0.0023226554039865732,0.0011657143477350473,0.0005312077701091766
0.0001511138107161969,0.0016426865477114916,-0.0003002309240400791
0.00027264771051704884,0.000453739776276052,-0.0020210128277540207
-0.00012602750211954117,-0.0021899801213294268,0.0006104568019509315
-0.0032146063167601824,-0.0016845036298036575,-0.00041444646194577217
0.0015588434180244803,0.00040288205491378903,-0.00034600356593728065
-0.0002565815520938486,0.0008936763042584062,0.0027383766137063503
-0.00013301087892614305,0.0006470676162280142,0.0019202535040676594
0.0009584847139194608,0.00023821587092243135,0.00203888863325119
0.0002290449192514643,0.0012755170464515686,-8.89771617949009e-05
-0.0032474910840392113,-0.0042509716004133224,0.0011288216337561607
-0.0005158866988494992,-0.0020581246353685856,0.001419639214873314
0.0027129468508064747,0.0034444713965058327,-0.0006154128350317478
0.002294830745086074,-0.0016706621972844005,-0.0015286109410226345
-0.000158702430780977,5.280190089251846e-05,-0.002288812305778265
-0.00040371326031163335,0.0002336305333301425,0.0003442550078034401
0.0009290622547268867,-0.0005161541630513966,0.001995519734919071
-0.0017471483442932367,0.0013461944181472063,0.0003033471293747425
-0.0009370576590299606,0.00127545022405684,0.0014581168070435524
0.0008786856196820736,0.0006163179059512913,0.002606738358736038
0.0005194202531129122,0.001795649528503418,0.002258548978716135
-0.0007698160479776561,0.0007351788226515055,0.0007831575348973274
-0.0003474728437140584,0.000787261757068336,0.0006474591791629791
-0.002574674319475889,-0.001818641321733594,-0.001695855986326933
0.002316391794010997,-0.002291165990754962,0.001656890381127596
0.002968067303299904,0.002364572137594223,0.0010616742074489594
0.0003264041733928025,0.0015824154252186418,-0.00183112733066082
0.00028672307962551713,0.0010058411862701178,0.0003590560518205166
-0.002154987072572112,-0.00019676421652548015,-0.00013830047100782394
0.00286693568341434,-0.0004303234745748341,-0.0005561504513025284
0.0019874596036970615,0.0003198502818122506,3.112666308879852e-05
9.529932867735624e-06,0.0016218697419390082,0.0011722915805876255
0.0011093912180513144,-2.5907065719366074e-06,-0.005735169164836407
-0.0024003887083381414,-0.00025479207397438586,0.0009797248058021069
0.002040271880105138,-0.0009322947589680552,-0.0009963717311620712
-0.0006884029135107994,-0.0006127154920250177,0.0005218964070081711
-0.00024015235248953104,0.0014920838875696063,-0.002178747206926346
-0.0021030334755778313,-0.001099438057281077,0.0003693653270602226
0.00044747814536094666,0.0013410102110356092,-0.001478241290897131
-0.0010763825848698616,0.0013300912687554955,-0.002062272746115923
0.000732563785277307,6.993977149249986e-05,0.0017659589648246765
-0.0017993034562096,-0.0002845269627869129,0.0018844697624444962
-0.002558081177994609,-1.895568857435137e-05,-0.00016911746934056282
-0.0022201258689165115,-0.0010453378781676292,0.0001914743334054947
0.0002305968664586544,-5.162940942682326e-05,0.0012470176443457603
0.0011035810457542539,-0.0007967818528413773,0.0004941420629620552
0.0006144153885543346,0.0009390072664245963,0.0001201806589961052
0.0005742016364820302,0.0002412591129541397,-0.0003480026498436928
0.0014001094968989491,0.0034748930484056473,9.078998118638992e-05
-0.002406080486252904,0.0011606060434132814,0.0010910732671618462
-0.002786609809845686,-0.0007237450918182731,0.0012710005976259708
0.001592425862327218,0.0002618907601572573,-0.0011314372532069683
-0.00032603618456050754,-0.001358932233415544,-0.0013549798168241978
0.00042604049667716026,-0.0008033969206735492,0.00031082751229405403
-0.0014859565999358892,0.0015386572340503335,-0.0012342175468802452
0.0004469658015295863,0.00039642746560275555,6.11436553299427e-05
-0.0008243427146226168,0.0007387847290374339,-0.00014633918181061745
-0.002197468653321266,5.0890244892798364e-05,0.0008550090715289116
0.0008326611714437604,-0.0006230465951375663,-0.0014434373006224632
-0.000995332607999444,0.00018362489936407655,-0.0002346285618841648
-0.0025644723791629076,-0.00019120911019854248,-0.0008829925209283829
-0.00019585690461099148,0.0002562019508332014,-0.0011477107182145119
-0.0028249630704522133,-0.0010675567900761962,0.00032667163759469986
-0.0012704759137704968,-7.499656931031495e-05,0.0012326790019869804
0.0003407644107937813,-0.00023720241733826697,-0.0004346040077507496
0.0018089651130139828,0.0015122281620278955,0.0004082862287759781
0.0005889564636163414,-0.0005903550772927701,-0.0016232202760875225
-0.000929311674553901,-0.00011285033542662859,0.00040664104744791985
0.0022793447133153677,-0.00012066838098689914,-0.002426144201308489
-0.0006626493996009231,-0.001054905354976654,0.0010998807847499847
-0.0005941381677985191,-3.714534977916628e-05,-0.0007460173219442368
0.0009377121459692717,0.0016068239929154515,-0.00024481024593114853
0.0007731840596534312,0.0005015963688492775,0.00011522416025400162
0.00020273496920708567,0.0010608602315187454,-0.001371618825942278
-0.000993955647572875,0.0013652413617819548,0.001249427441507578
0.0001781014580046758,0.0025210531894117594,-0.0015578106977045536
0.0012307935394346714,-0.002507889876142144,0.001539100892841816
0.0010387797374278307,-0.0008213099790737033,-0.0015030275098979473
-0.0013909469125792384,0.0022764732129871845,0.00240773381665349
0.00029909511795267463,-0.00066711864201352,-0.0005318634212017059
-0.0011773763690143824,-0.0009872035589069128,-0.00046181026846170425
-0.0016508863773196936,-0.00021728377032559365,0.0004175654612481594
-0.0003182936634402722,-0.0011352391447871923,0.0013884655199944973
0.0029818955808877945,0.0002131193468812853,8.298410102725029e-05
0.00038241714355535805,5.749163756263442e-05,0.0023066438734531403
0.0015302395913749933,-0.00039364787517115474,0.0014131534844636917
0.0004266499017830938,0.0026347299572080374,-0.0005370238795876503
0.0008069493342190981,-0.001456151599995792,0.00011332007125020027
0.0025704693980515003,0.0010709787020459771,-0.00031243590638041496
-0.0018493125680834055,0.000531954865437001,-0.0014101909473538399
-0.001468708855099976,0.0013408593367785215,0.000467600766569376
0.00042346713598817587,0.001362697221338749,0.0018907943740487099
0.0014382225926965475,0.0015380154363811016,-0.001362488605082035
-1.772757968865335e-05,-0.0003661448135972023,-0.0012892517261207104
-0.0011536983074620366,0.0004638725658878684,-0.0012352289631962776
-9.071663953363895e-06,0.00018157748854719102,0.0007261889986693859
-0.0006728308508172631,0.0010660953121259809,0.0029872702434659004
0.0035208489280194044,-0.0012449959758669138,0.0006876308470964432
0.000764362805057317,0.0002865366986952722,-0.000305770430713892
-0.0006132903508841991,-0.00020055542699992657,0.0007355255074799061
0.00016056522144936025,0.0016470567788928747,-0.002266029827296734
-0.0007515674806199968,-0.0003481835883576423,-0.0015533678233623505
-0.002308324910700321,-0.0008519917028024793,-0.0011072284542024136
-0.0016137725906446576,0.0022151709999889135,-0.00039643095806241035
-0.002311579417437315,-0.002526129363104701,0.001191851682960987
-0.000847639690618962,-0.0002946666209027171,-0.00012108637019991875
8.910192991606891e-05,-0.0007160346722230315,8.916668593883514e-05
-0.00018467102199792862,-0.00016555929323658347,-0.0022120708599686623
-0.00010084378300234675,0.001254452159628272,0.00232858769595623
-0.0005637011490762234,-0.0013027151580899954,-0.0001737186685204506
-0.002253345213830471,-0.0013314120005816221,6.207684054970741e-05
3.0315452022477984e-05,-0.0019242317648604512,-0.0012902761809527874
-0.0002969210618175566,-0.001530004432424903,-0.0003907522186636925
-2.5544926756992936e-05,-0.0016391939716413617,-0.0009319065138697624
0.0003500301390886307,0.003738508792594075,-0.000673987902700901
0.0016560443909838796,-5.4098978580441326e-05,-0.0036444778088480234
0.0017818175256252289,-0.0009363688295707107,-0.00037078652530908585
-0.002207065001130104,-4.820455069420859e-05,0.00037356698885560036
0.0006643881788477302,0.0030699630733579397,0.00026051606982946396
-0.001317536341957748,-0.00043821902363561094,-3.056740388274193e-05
0.0011876366334035993,-0.002255544764921069,-0.00226218206807971
-0.001615073997527361,0.001445716479793191,0.0020558666437864304
0.0014060521498322487,0.0011548836482688785,-0.0024037184193730354
-0.0016467294190078974,0.0010409003589302301,0.0013542678207159042
-0.0011733159190043807,-0.0005868980661034584,-0.0014288467355072498
0.0015646800165995955,-0.00014028593432158232,-0.0012413603253662586
0.00018387938325759023,-0.00037782808067277074,-0.0023619658313691616
-0.0008520903065800667,-0.0004939418868161738,-0.000707077793776989
0.0014285265933722258,0.0001671797945164144,-0.0011009913869202137
0.0006359698600135744,-0.0006834338419139385,-0.0011875438503921032
-0.0004992414033040404,0.0009407573961652815,-5.393475294113159e-05
-0.0020260317251086235,0.0011218523140996695,0.001908015925437212
-0.00045441632391884923,-0.0017478878144174814,0.0027482248842716217
0.000840146210975945,-0.00044666725443676114,-0.0018585114739835262
0.000344889733241871,-1.5548394003417343e-05,0.0009745350107550621
-0.0006782967830076814,-0.0013865437358617783,-0.0022343075834214687
0.0030523729510605335,0.00034795200917869806,0.00018152734264731407
0.002162078395485878,0.0008853779290802777,0.00203801691532135
0.0007979519432410598,0.0014691672986373305,-0.001316227950155735
0.003024354809895158,-0.0009969199309125543,-0.002613187301903963
-0.0011205292539671063,0.0016563785029575229,0.0005532754585146904
-0.0018198754405602813,-0.00033140488085336983,-3.475043922662735e-05
-0.00046165724052116275,-0.00037473137490451336,-0.0005441107787191868
8.39069252833724e-06,-0.0001763258915161714,-0.0016967267729341984
-0.0010917795589193702,-0.0011128825135529041,-0.0007544839754700661
-0.001183125888928771,0.00012815055379178375,0.001841831486672163
0.0018790336325764656,-0.0001017777540255338,0.0008958666585385799
-0.0014195576077327132,0.0015917264390736818,-8.09808261692524e-05
-0.0001574055349919945,0.0013791912933811545,-0.00040682218968868256
-0.0020154928788542747,-0.00024320643569808453,-0.0017770184203982353
0.0002880445390474051,0.0006807909812778234,-0.0006325473077595234
0.00017992020002566278,-0.0010377467842772603,-0.0008224304765462875
-0.0001516329648438841,-0.000742230040486902,-0.0022760252468287945
0.0006332006305456161,0.0001893436856335029,0.0015061958692967892
-0.0010638217208907008,0.00043141114292666316,0.0011488529853522778
-0.0019594428595155478,0.0011129140621051192,-0.00036808382719755173
-0.001517233089543879,-0.002214063424617052,0.0023283669725060463
0.0026458201464265585,-0.0013772982638329268,-0.0010402649641036987
-0.0019217848312109709,-0.0012310445308685303,0.0010312502272427082
0.001962701790034771,-0.0007146576535888016,-0.0002313544973731041
8.716556476429105e-05,-0.00038384413346648216,-0.0010553174652159214
-0.0009346893057227135,0.00021776396897621453,-0.0013967347331345081
0.000617115874774754,0.0005208945367485285,-0.00025544408708810806
0.000771579216234386,0.0008950686315074563,-0.0005132383666932583
-0.0010565906995907426,4.5456807129085064e-05,-0.0013421270996332169
0.0007343851029872894,-0.0013130217557772994,-0.0003999006003141403
-0.0014077380765229464,-0.002401805017143488,-0.0018534138798713684
0.0003107996308244765,-6.940864841453731e-05,-7.522152736783028e-05
0.001462019165046513,-0.0007833461277186871,-0.0004844549112021923
-0.0010125901317223907,0.00012692229938693345,6.655324250459671e-05
0.001372897531837225,-0.00045376422349363565,-0.00025842851027846336
-0.0005224741762503982,-0.0010348658543080091,-0.0012057148851454258
-0.00011283167987130582,-0.002524142386391759,0.0013757389970123768
-0.00019538964261300862,0.0003038682625629008,-0.0003297491930425167
-0.0021998535376042128,0.0014412685995921493,0.0005447664298117161
-0.0006727969739586115,0.0015427350299432874,0.00026220502331852913
0.0017730750842019916,-0.0009764499263837934,6.763078272342682e-05
-0.0021963664330542088,-0.0021013692021369934,-0.0006655375473201275
0.0013924365630373359,0.0005929459002800286,0.0013514766469597816
-0.0004145182319916785,0.0021969678346067667,-0.00039795367047190666
-0.0002840975357685238,-0.0006686019478365779,0.00012367358431220055
0.00033721793442964554,-0.001971686724573374,-8.485186845064163e-05
0.00044811388943344355,-0.001882255426608026,-0.0013648541644215584
-0.0016888065729290247,-3.162477514706552e-05,-0.0011057285591959953
0.00028064323123544455,0.002136640250682831,0.0005532172508537769
0.0010633462807163596,0.0011621895246207714,0.0008874442428350449
0.001882148440927267,-0.000250765384407714,0.00044687511399388313
0.0014256825670599937,-0.0006281352834776044,-0.001927066594362259
-0.001177848083898425,0.0026269187219440937,0.00027209334075450897
-2.949297777377069e-05,0.00036456348607316613,0.00012242374941706657
-1.9132625311613083e-05,-0.0005236990400590003,0.0016346145421266556
0.0016823610058054328,0.00039935254608280957,0.0022924160584807396
-0.0003450905787758529,0.0021094330586493015,-0.0014221626333892345
-0.00022684619762003422,0.0013701394200325012,-0.0009103030897676945
-0.0020203900057822466,0.0008089095936156809,-0.00014414777979254723
7.312101661227643e-05,-0.0001935041946126148,-0.00043549761176109314
-0.0006330140167847276,0.0014106653397902846,0.0025861533358693123
0.003366787452250719,0.0006426097243092954,0.00020741764456033707
-0.0005330718704499304,-0.0009956280700862408,-5.61857596039772e-05
-0.0019674503710120916,-0.0017844564281404018,0.00128152035176754
-0.00022222846746444702,0.0014784637605771422,0.0014289496466517448
-0.0009274334879592061,-0.0005636481801047921,-0.00017773546278476715
7.406319491565228e-05,0.0010311960941180587,-0.000321811530739069
0.0002109496563207358,-0.0006314153433777392,0.0006694169715046883
-0.0011217670980840921,0.0009583836072124541,-0.0007797842845320702
0.001136593520641327,0.0005170978256501257,-0.0007635387592017651
-0.0010622503468766809,-0.0020762928761541843,0.0012861108407378197
0.0004442998906597495,0.0003075026907026768,-0.0010689222253859043
-0.0017796275205910206,0.0005771756405010819,-0.00010243244469165802
-2.7533911634236574e-05,-0.001095023239031434,0.0027655260637402534
0.0016169378068298101,0.0010212177876383066,0.0007402845658361912
0.0007194525096565485,0.0022449404932558537,0.0010326993651688099
0.0006981682381592691,2.721993951126933e-05,-0.0020870259031653404
0.0009503695764578879,-0.00028676673537120223,0.00011274544522166252
-0.002862709341570735,0.0012108307564631104,0.0010124263353645802
-0.0011055555660277605,-0.0018486087210476398,-0.0003809398040175438
-0.0005602708552032709,0.002046220935881138,0.0007401113398373127
4.746255581267178e-05,-0.002245462965220213,0.0002495571970939636
-0.001047927071340382,2.041715197265148e-05,0.0004171505570411682
0.0007787351496517658,-0.0022411393001675606,0.00042647169902920723
0.00014242620090954006,-0.0022830169182270765,0.0017566815949976444
-0.0007044590311124921,0.0012201052159070969,0.0012123314663767815
0.0019450956024229527,-0.0005299368058331311,0.0027740290388464928
0.0004625138535629958,-0.0005816021584905684,-0.00030511757358908653
0.0009091575630009174,-0.00022580206859856844,-0.0004612412303686142
-0.0009031235240399837,0.0016144422115758061,0.0022365408949553967
0.00046681181993335485,-0.0012259744107723236,-0.0024469399359077215
-0.0024847695603966713,-0.0009420814458280802,0.0015003974549472332
-0.0011079164687544107,0.0028088532853871584,0.00048166047781705856
-0.0009276204509660602,0.0003329123428557068,0.0007437155582010746
-0.0010510226711630821,-0.0006020700675435364,0.001627948135137558
-0.0003359639085829258,-0.0013695931993424892,0.0006511006504297256
0.0001593345368746668,-8.071870252024382e-05,0.001578398048877716
0.0020198188722133636,0.0015270315343514085,0.0009994269348680973
0.000631239905487746,-0.0019965677056461573,-0.00024651968851685524
-0.0007498753257095814,-5.565579340327531e-05,0.002382286824285984
-0.002140684751793742,0.001390386139973998,0.0001387004740536213
-0.0008280125912278891,0.0012729407753795385,0.001621016301214695
0.00010565033880993724,-0.0010258019901812077,0.0006207097321748734
0.002783991629257798,-0.0005757277831435204,0.0003994014114141464
-4.5263703214004636e-05,0.0025906257797032595,0.0027380730025470257
-0.0012681873049587011,-0.00015269650612026453,0.0003100689500570297
-0.0008433616021648049,0.0017807820113375783,-0.0010008830577135086
0.0008711814880371094,0.0002947381290141493,-6.664590910077095e-05
0.0018929835641756654,0.002604617038741708,9.633367881178856e-05
0.0005536798271350563,0.0024216577876359224,0.0017315144650638103
0.00218696310184896,0.0007532187737524509,0.0029097427614033222
0.00038240509456954896,-0.00029074036865495145,-6.152316927909851e-06
0.0011200286680832505,0.00010215898510068655,0.0009169774129986763
0.0003069655504077673,0.0012305403361096978,0.00040032435208559036
-0.0004882684734184295,-0.0007038479670882225,-0.00043789390474557877
-0.0008179678115993738,0.0007228073664009571,0.00014267535880208015
0.0017173858359456062,-0.0011938761454075575,-0.0013441736809909344
0.0013472065329551697,0.0014895249623805285,-0.0023508486337959766
-0.0001039455528371036,4.414183786138892e-05,-0.0008598435670137405
-0.0004155353526584804,-0.0013239240506663918,0.00010608509182929993
-0.0008862788090482354,0.0025953964795917273,-0.0004670531488955021
-0.001984832575544715,0.0024284161627292633,0.0009393622167408466
0.0011460751993581653,-0.0005459279054775834,-0.00045361369848251343
-0.00019402746693231165,0.0002836467756424099,0.0012089977972209454
0.0008210146334022284,-0.0016788308275863528,0.0005636857822537422
-0.001027219113893807,0.0007859248435124755,0.0005208086222410202
-0.0008513912325724959,0.0006497364956885576,-0.0014806636609137058
-0.0005326109239831567,-0.0003105994255747646,-0.0008638757281005383
-0.0013638664968311787,0.00012107119982829317,-0.00015515973791480064
0.0004316367267165333,-0.0001622891431907192,0.0011452618055045605
-0.0011259422171860933,0.00039864526479505,-0.0007007978856563568
-0.001463897293433547,0.0024250445421785116,0.0025003221817314625
-2.0203005988150835e-05,0.0032441664952784777,-0.0008228407241404057
-0.0007709481287747622,0.003307549748569727,-0.0016470886766910553
-7.183724665082991e-05,4.9717549700289965e-05,9.195040911436081e-05
0.0004442833305802196,-0.0007526928675360978,-0.0009394916705787182
3.5088538425043225e-05,-0.00011059752432629466,0.0006790603511035442
0.0006223155651241541,0.0002638429286889732,-0.0018522744067013264
-0.00012060257722623646,0.0007973869214765728,0.0001142360270023346
-0.0013975882902741432,-0.0011802763910964131,0.0023062843829393387
0.0005865867715328932,0.0004117838107049465,0.0017233728431165218
-0.00040517441811971366,0.00029060995439067483,0.0007057785987854004
0.004246745258569717,-0.0001096019841497764,-0.00027027353644371033
-0.0022329918574541807,-0.0005876393988728523,-0.0010002460330724716
-0.0006500465096905828,0.0012182894861325622,-0.0026525286957621574
-0.0010375365382060409,-0.000808642478659749,0.002319060731679201
0.0019460790790617466,0.0020437510684132576,-0.001938581932336092
-0.00044464063830673695,0.0010378751903772354,-0.00015239976346492767
-0.002166624180972576,0.0023894403129816055,0.0009485296905040741
-0.0021056376863271,-0.0003528166562318802,8.433591574430466e-06
-0.00011560623534023762,0.002330409362912178,-0.0013825050555169582
0.0016295632813125849,0.0009045529877766967,0.0004678592085838318
0.0006062141619622707,-0.000165752659086138,-0.0009364481084048748
-0.002165603917092085,0.0011391963344067335,0.0011959448456764221
0.0006546116201207042,-0.0019801841117441654,-0.0007747295312583447
-0.0007888217223808169,0.0005815104814246297,-7.831305265426636e-05
-0.0005853002658113837,0.0014313304563984275,-0.0010643331333994865
-0.00162712880410254,-0.001256598043255508,-0.0007681893184781075
0.00039784255204722285,0.0011428154539316893,0.0008157803677022457
0.0007714841049164534,0.0010482731740921736,-0.0008478960953652859
0.0003429355565458536,0.0010784553596749902,0.0006420318968594074
-0.0007425689254887402,-0.0014289107639342546,0.00013896077871322632
-0.0017573917284607887,-0.0014071693876758218,-0.00047392770648002625
-0.0004505785764195025,0.0011750315316021442,-0.0017421250231564045
-0.0008610144141130149,-0.0009839503327384591,0.00026031117886304855
-0.0006314499187283218,0.001209162874147296,0.0008408804424107075
-0.0019699884578585625,0.0007273002993315458,-0.0006982637569308281
-0.0007398744928650558,7.642367563676089e-05,0.0012754048220813274
-0.001212523551657796,0.001179189421236515,0.0004916340112686157
0.00014196010306477547,0.0005496180965565145,-0.0016878973692655563
0.0008169641369022429,0.0008563058800064027,-0.00034482311457395554
0.0010577138746157289,-0.000413222995121032,-0.0001855660229921341
0.0004086327971890569,-0.0014044521376490593,0.003159154672175646
-0.0008800708455964923,-0.00012640110799111426,-0.0010470421984791756
-0.00033367989817634225,-0.0015397081151604652,-0.001044352538883686
0.0007273234659805894,-0.000982841127552092,-3.581354394555092e-05
0.0037840339355170727,0.0007587067666463554,-0.000583346001803875
0.0008300557383336127,-3.4382581361569464e-05,-0.0009319535456597805
-0.002182022901251912,-0.0004915471072308719,-0.0010638711974024773
0.003194899298250675,0.0010677336249500513,-0.0024894610978662968
-0.0005124176386743784,-5.706704541807994e-05,0.002402210608124733
-0.0014477198710665107,0.0013615989591926336,0.00015077413991093636
0.0010812361724674702,-0.00031533054425381124,-0.001297198235988617
0.0006442114245146513,0.0008194423280656338,-0.0004678899422287941
-0.0011449933517724276,-0.00036511552752926946,-0.0003913263790309429
-0.0004523052484728396,0.000389091728720814,-0.0004288768395781517
-0.0010967381531372666,-0.0005649111699312925,-0.000932477880269289
-0.00019525812240317464,-0.0011982108699157834,0.00031361496075987816
-0.0019927313551306725,-0.0004854011640418321,-7.562106475234032e-05
3.1004659831523895e-05,0.0015955929411575198,-0.00013101473450660706
0.0005774092860519886,0.0006788680329918861,0.0002091764472424984
-0.0009160914341919124,-0.0022735123056918383,-0.0008102818392217159
0.00028533698059618473,0.0010633199708536267,-0.00016068248078227043
0.0003370023041497916,0.00012562086340039968,-0.0014853389002382755
-0.00029748398810625076,0.00026345037622377276,-0.0004897783510386944
0.00040159584023058414,-0.0027954564429819584,-0.00035688653588294983
-0.0010209543397650123,-0.00127992476336658,0.0008332324214279652
0.0012278188951313496,-0.0008719284669496119,-0.00017397524788975716
0.0011158885899931192,0.0005866796127520502,-2.059154212474823e-06
0.0011161548318341374,-0.0011864530388265848,-0.0027781380340456963
0.003160129301249981,-0.0010197657393291593,0.00039688823744654655
-0.0011509958421811461,-0.0007342748576775193,0.0009513585828244686
0.002401807112619281,9.700681403046474e-05,0.00044017424806952477
0.00037966889794915915,-0.0014646707568317652,0.0021485919132828712
0.001528638880699873,0.0006448221392929554,-0.0013910075649619102
0.0006916074198670685,7.490567804779857e-05,-0.0016120495274662971
-0.0016107491683214903,-0.0016014036955311894,0.0012368997558951378
0.003070289036259055,0.0015480505535379052,-0.00012557348236441612
-0.0010161545360460877,-0.0014327371027320623,0.0009148800745606422
-0.0012225494720041752,-0.000151224056025967,0.0013037016615271568
0.0010050978744402528,-0.0008517062524333596,-2.146093174815178e-05
-0.0010671077761799097,-0.0008218788425438106,8.42665322124958e-05
0.0007085647084750235,0.0023461247328668833,-0.0017706160433590412
-0.0008792118751443923,-0.00048002178664319217,0.0018012155778706074
-7.566821295768023e-05,-0.0011115462984889746,-0.0008385824039578438
0.0036423709243535995,0.0005721041234210134,-0.0019624363631010056
-0.0022508238907903433,-0.0002845904091373086,-0.0015199077315628529
-2.255698200315237e-05,-0.0007274740491993725,-0.0010080481879413128
-0.00047412142157554626,-0.0005910450126975775,6.175041198730469e-05
0.0014385608956217766,-0.0011061003897339106,0.0005134223029017448
0.002275093924254179,-0.0004690691421274096,-0.0008792951703071594
-0.0004975231713615358,0.0015890217619016767,0.0009367144666612148
-0.00157703529112041,0.0009484811453148723,-0.0011262414045631886
0.0001862437929958105,0.0021807258017361164,-5.218852311372757e-05
0.0009954728884622455,0.0002811313606798649,-0.0005772425793111324
0.0013973438180983067,0.0006510444800369442,-0.00024328241124749184
0.002615205477923155,-0.00044536194764077663,-0.002134142443537712
0.0009225003886967897,4.572497709887102e-05,0.0006123757921159267
-0.0010477257892489433,0.0015070127556100488,0.001277637667953968
-0.0018634519074112177,0.000502202077768743,-0.000603353139013052
-0.00022821134189143777,0.0010976967168971896,0.001083744689822197
-0.0009403406293131411,-0.001132167992182076,-0.00025316188111901283
0.0006544257630594075,-0.00047779324813745916,0.0006364001892507076
0.0021473937667906284,0.0004585741844493896,-0.0010810722596943378
0.0018886490724980831,-0.001680616638623178,0.00146155571565032
0.0005237789591774344,-0.0015549154486507177,-0.0004934710450470448
-0.0005428733420558274,-0.00016640720423310995,0.0010132458992302418
0.0022473204880952835,-0.00024150835815817118,0.0013653156347572803
0.0013807537034153938,-0.0025085262022912502,-8.632056415081024e-05
0.0022018062882125378,0.0013338825665414333,-0.00037980079650878906
-0.0007234850199893117,-0.0019841890316456556,-0.0013453243300318718
7.20012467354536e-05,-0.00120494794100523,0.0011188988573849201
-0.0004700713907368481,0.002393973059952259,0.0016683340072631836
-0.0001225289306603372,0.00010898082837229595,0.0008997456170618534
0.0020565716549754143,-0.0017296508885920048,-0.0011480399407446384
-0.00014692795230075717,0.0025231509935110807,-0.0021672318689525127
-0.000476721441373229,-0.0011121404822915792,-0.00339306122623384
-0.0006021563895046711,0.0023236037231981754,0.0002544042654335499
0.0010533580789342523,0.000656335789244622,2.9467511922121048e-05
0.000511138467118144,0.0009354350622743368,-0.0008858609944581985
0.003303214907646179,0.00015073474787641317,0.00044805556535720825
-0.001966381911188364,0.002320145722478628,9.01268795132637e-05
-0.0004809063975699246,0.0021410032641142607,0.0005028494633734226
-0.0005876991781406105,0.0014003782998770475,0.000107636209577322
-0.0004118770593777299,-0.0007555640186183155,0.00014960160478949547
0.0013085249811410904,0.00028466671938076615,-0.00043389713391661644
0.0015198206529021263,0.0016947737894952297,1.864694058895111e-05
0.00013071580906398594,0.00010699719132389873,-6.098160520195961e-05
9.602942736819386e-05,0.00013331563968677074,0.0013727610930800438
-0.0001244803424924612,-0.0004792114195879549,0.0008334708400070667
0.0018895664252340794,0.0009655674803070724,-0.001478730235248804
0.000790479825809598,0.0031078141182661057,0.0010158531367778778
-0.0009527861257083714,-0.0011434643529355526,0.0002609929069876671
0.0008951813215389848,0.0005817314959131181,0.0009390334598720074
-3.163912333548069e-05,0.0007578132208436728,-2.88570299744606e-06
0.004259245935827494,-0.0004395440628286451,-0.001319285947829485
-0.0031355388928204775,0.0011734571307897568,-0.0017447308637201786
0.002701045013964176,0.001766276778653264,0.0015429416671395302
-0.0005012369947507977,-0.0011171625228598714,-0.0005480106920003891
-0.0020661104936152697,-0.000979210832156241,-0.0005461466498672962
-7.688981713727117e-05,-0.0008825333788990974,0.0010711685754358768
-0.0016633349005132914,-5.642079850076698e-05,-0.00037679215893149376
0.0010952597949653864,0.00025942715001292527,0.0004933956079185009
-0.0011673618573695421,0.0004871274286415428,-0.0005186055786907673
0.0014777081087231636,-0.0004318667051848024,0.001479907426983118
0.0007208376191556454,-0.0002880560059566051,-0.0008005579002201557
0.0007653105421923101,0.0013836681609973311,0.00048825377598404884
0.0006268261349759996,0.0006473041139543056,0.00033751875162124634
-0.0015079275472089648,0.0005527077591978014,0.0006648274138569832
0.0001656028616707772,-0.0009748814045451581,-0.0012132339179515839
-0.0004335589474067092,-0.0013075799215584993,0.0012926203198730946
0.0011470271274447441,0.000995788024738431,2.3890752345323563e-05
-0.0018891677027568221,0.0008167959749698639,0.002804015763103962
-0.000243334099650383,-0.0026293345727026463,-0.001451981719583273
0.00028971617575734854,-8.618980791652575e-05,-0.001250594388693571
0.00037893204716965556,-0.0006877978448756039,0.00016008224338293076
6.93945330567658e-05,-0.0005126498872414231,0.0015768609009683132
-0.0024009537883102894,-0.001059663132764399,0.0011757886968553066
-5.908840103074908e-05,0.00010669465700630099,0.0011656549759209156
-2.7663132641464472e-05,0.001256115036085248,-5.061086267232895e-05
-0.002479243092238903,0.0002821042435243726,-0.001329168677330017
-0.0019900205079466105,0.00015640302444808185,0.0020181583240628242
-0.0009648804552853107,-0.0002331094437977299,0.0004777503199875355
-0.0006852485239505768,0.0002630374510772526,-0.0008362531661987305
0.0016685796435922384,-0.0008668809896335006,-0.0014857565984129906
-0.0003154753940179944,0.000427681632572785,-0.0013877521269023418
0.002157436218112707,0.000679427816066891,-2.129189670085907e-05
0.0011142758885398507,-0.0004643998690880835,0.0014447779394686222
0.002094625262543559,-0.0003636703477241099,0.003654367756098509
-0.0016154246404767036,-0.002622297266498208,0.000929154921323061
0.0014445602428168058,0.0018824574071913958,0.0002698074094951153
0.0012594705913215876,0.004283829592168331,-1.1156313121318817e-05
0.0022480147890746593,-0.00024375232169404626,0.001011798158288002
0.0037369881756603718,0.004105722531676292,0.013212006539106369
0.0012052415404468775,0.0011795138707384467,0.08380492031574249
-0.0008682956104166806,0.0014772552531212568,0.2154713273048401
-0.0008221926400437951,-0.002120979130268097,0.2669382095336914
0.0006436112453229725,0.001243924954906106,0.1650209128856659
0.001228471752256155,-0.0011608630884438753,0.016716377809643745
-0.0007041842909529805,-0.0033632975537329912,-0.03785046190023422
-0.0026095740031450987,-0.004028114955872297,-0.03626682609319687
0.0007960763177834451,0.0007999293738976121,-0.18720680475234985
0.002007837640121579,-0.005099992733448744,-0.2587723433971405
-0.0015895604155957699,0.0020165061578154564,-0.18000322580337524
-0.0008986354805529118,-0.0016720287967473269,-0.08026686310768127
-0.0016754795797169209,0.002218849491328001,-0.009545289911329746
-0.0015748824225738645,0.0014698149170726538,-0.03168516233563423
-0.0015325382119044662,0.0027739647775888443,-0.035022903233766556
-0.0001821040641516447,0.003742970060557127,-0.045996684581041336
-0.016310740262269974,0.007354748900979757,-0.09018172323703766
-0.05560645833611488,0.02178034372627735,-0.11782242357730865
-0.12682390213012695,0.07132498919963837,-0.08213020861148834
-0.27689093351364136,0.023753728717565536,-0.018393296748399734
-0.41518089175224304,0.20319007337093353,0.16924157738685608
-0.2059343159198761,0.21469147503376007,0.6228699088096619
-0.1317429095506668,-0.03568481653928757,0.4756951630115509
-0.1161629781126976,0.13476821780204773,0.4547705054283142
-0.05346178263425827,0.46805644035339355,0.34763792157173157
0.03195614740252495,0.867042601108551,0.1993267834186554
0.15613774955272675,1.0803248882293701,0.08230747282505035
0.46364352107048035,0.3990357518196106,-0.09271343052387238
0.8741649985313416,-0.46277329325675964,-0.3925374150276184
1.251854419708252,-0.7966662049293518,-0.5841822028160095
1.4900413751602173,-1.0840643644332886,-0.5638015270233154
1.5325946807861328,-1.9882385730743408,-0.368714839220047
1.4117950201034546,-2.666851282119751,-0.19262102246284485
1.0384182929992676,-2.4843289852142334,0.09371721744537354
0.5456054210662842,-2.2001280784606934,0.35738664865493774
0.10766895860433578,-2.176778793334961,0.5487303733825684
-0.18843220174312592,-2.0628855228424072,0.5748722553253174
-0.3072602152824402,-1.7194232940673828,0.5289323329925537
-0.4008578062057495,-1.4306010007858276,0.5840634703636169
-0.5021361112594604,-1.3360395431518555,0.7483279705047607
-0.5813899636268616,-1.3444972038269043,0.825717031955719
-0.5988612174987793,-1.4201117753982544,0.8542132377624512
-0.6473184823989868,-1.5267952680587769,0.9274871945381165
-0.703131914138794,-1.5771129131317139,1.0585154294967651
-0.7304916381835938,-1.6372487545013428,1.171364426612854
-0.6655749082565308,-1.620641827583313,1.1954901218414307
-0.4268558621406555,-1.3743513822555542,1.0956535339355469
-0.11565030366182327,-1.0739161968231201,0.993366539478302
0.08078418672084808,-0.917460024356842,0.904224157333374
0.11493075639009476,-0.9086714386940002,0.8758372664451599
-0.0053892582654953,-1.0280036926269531,0.8517791032791138
-0.14671844244003296,-1.2169992923736572,0.7929424047470093
-0.2390236109495163,-1.2978591918945312,0.6588777899742126
-0.3097377419471741,-1.220550298690796,0.4870496094226837
-0.40637773275375366,-1.114813208580017,0.33791738748550415
-0.5322378277778625,-1.0555686950683594,0.23052586615085602
-0.7052311897277832,-0.9548711180686951,0.08326292037963867
-0.723940908908844,-0.7066677808761597,0.001722465269267559
-0.6928207874298096,-0.27136215567588806,0.027551665902137756
-0.6678391695022583,-0.09409011900424957,0.06005029380321503
-0.6529821753501892,-2.154499053955078,-0.28774017095565796
-0.5776487588882446,-2.434049606323242,-0.660111665725708
-0.41893818974494934,-0.6051754355430603,-0.6393048763275146
-0.402687132358551,0.5099666118621826,-0.25419414043426514
-0.5030750036239624,0.5210767984390259,0.17978261411190033
-0.5902676582336426,0.32863202691078186,0.47894424200057983
-0.5203008055686951,0.7267178893089294,0.44346854090690613
-0.415489137172699,-0.9608587026596069,0.6562327146530151
-0.4881228506565094,-1.2659746408462524,0.7410826086997986
-0.5645102858543396,-1.0214682817459106,0.7802894115447998
-0.6710364818572998,-0.98335200548172,0.8663289546966553
-0.6651992201805115,-1.093928575515747,0.9355246424674988
-0.6055476069450378,-1.280035376548767,0.7895019054412842
-0.5243682861328125,-1.428259253501892,0.5595288276672363
-0.4233769178390503,-1.598252296447754,0.4532708525657654
-0.3919120728969574,-1.6252002716064453,0.47769537568092346
-0.35293325781822205,-1.5790764093399048,0.5591364502906799
-0.3824976682662964,-1.4270544052124023,0.6970281004905701
-0.5014376640319824,-1.2926853895187378,0.9088117480278015
-0.4193129539489746,-0.8946952223777771,1.1415866613388062
-0.4871484637260437,-1.000649094581604,1.3038668632507324
-0.41752660274505615,-1.1691373586654663,1.4495691061019897
-0.14124414324760437,-0.9153242707252502,1.4360079765319824
0.02086000144481659,-0.5539015531539917,1.3232803344726562
0.11006444692611694,-0.47806718945503235,1.1602344512939453
0.057558558881282806,-0.5682393312454224,1.0230170488357544
-0.013428534381091595,-0.6940193772315979,0.9175649881362915
-0.07396332174539566,-0.6713213324546814,0.9191413521766663
-0.11753024160861969,-0.5882839560508728,0.9969493746757507
-0.07856498658657074,-0.5771269202232361,1.0223780870437622
-0.010144120082259178,-0.6353535056114197,0.9394639134407043
0.1443997472524643,-0.6427509784698486,1.0348846912384033
0.2834782600402832,-0.7102093696594238,1.164184331893921
0.49574947357177734,-0.903464674949646,1.3018667697906494
0.6097282767295837,-1.0917197465896606,1.2390756607055664
0.4870503544807434,-1.0240052938461304,0.9738961458206177
0.1754588931798935,-0.7422833442687988,0.7241406440734863
-0.3740452826023102,-0.40070778131484985,0.5608196258544922
-0.6041772961616516,-0.17176489531993866,0.3944977819919586
-0.5185440182685852,0.07565239816904068,0.15734708309173584
-0.4999445080757141,0.2333671897649765,-0.0554027333855629
-0.5679963231086731,0.1586182713508606,-0.1252184510231018
-0.6624948382377625,-0.047877635806798935,-0.14994829893112183
-0.5940834283828735,-0.4427674114704132,-0.2607586085796356
-0.25462862849235535,-0.4387423098087311,-0.4603217840194702
0.13414175808429718,-0.37335050106048584,-0.6729081273078918
0.314992755651474,-0.19476211071014404,-0.6244258284568787
0.3142321705818176,-0.21594828367233276,-0.42463067173957825
0.2719403803348541,-0.300137996673584,-0.17034964263439178
0.22158695757389069,-0.39697131514549255,-0.0020155170932412148
0.1056252047419548,-0.49111512303352356,-0.0044813379645347595
-0.08917894959449768,-0.46448439359664917,-0.0060850572772324085
-0.21123135089874268,-0.38637974858283997,0.029560819268226624
-0.11668054014444351,-0.41711780428886414,0.11122926324605942
0.03320642560720444,-0.5014331936836243,0.2554628551006317
0.13489022850990295,-0.5889123678207397,0.2168908715248108
0.193522647023201,-0.5511929392814636,0.13333286345005035
0.19896391034126282,-0.47177183628082275,0.06189078837633133
0.1785193532705307,-0.4411228597164154,0.04583964869379997
0.24176916480064392,-0.3626890182495117,0.21665719151496887
0.8421260714530945,-0.42020559310913086,0.5542970299720764
2.3117730617523193,-0.4996681809425354,0.4010523557662964
2.982027530670166,-0.2650966942310333,-0.15949885547161102
1.750732183456421,-0.46782687306404114,-0.3839988112449646
0.7530627846717834,0.13046450912952423,-0.24940717220306396
0.030780941247940063,0.08268054574728012,0.6947671175003052
0.033441174775362015,-0.42562103271484375,1.1509112119674683
0.33198606967926025,-1.3648161888122559,1.1948938369750977
0.4358527958393097,-1.223061442375183,0.8235495686531067
0.8220201730728149,-0.9657448530197144,0.6517284512519836
0.6153804063796997,-0.7102006673812866,0.2562956213951111
0.6879476308822632,-0.4802567958831787,0.2612345516681671
0.719551682472229,-0.4742926359176636,0.3623175024986267
0.7387918829917908,-1.0644673109054565,-0.05049186572432518
0.8369749188423157,-1.1058001518249512,-0.16018614172935486
0.8887495994567871,-1.0267808437347412,-0.021455544978380203
0.6649156808853149,-0.9627973437309265,0.017712362110614777
-0.24682335555553436,-0.16720141470432281,-0.45352014899253845
-0.8218927979469299,0.8376209735870361,-0.967785120010376
-1.1252341270446777,1.6127064228057861,-1.3753160238265991
-1.2985459566116333,2.176557779312134,-1.5392242670059204
-1.0501008033752441,2.1334421634674072,-1.3094942569732666
-1.1608449220657349,1.5653858184814453,-0.701166033744812
-0.9759849905967712,0.7677018642425537,-0.3821372091770172
-0.43939316272735596,0.20776425302028656,-0.20687194168567657
-0.04996948689222336,-0.046020280569791794,0.07358872890472412
0.06200898066163063,0.02199632301926613,0.20805013179779053
0.19083504378795624,0.3450538218021393,-0.08751966804265976
0.26885953545570374,0.6689314842224121,-0.5120488405227661
0.127849280834198,1.244181513786316,-0.7314896583557129
0.29058414697647095,1.5101280212402344,-0.8182402849197388
0.548461377620697,1.4637197256088257,-1.0439690351486206
0.7476099133491516,1.4737859964370728,-1.3059463500976562
0.7546838521957397,1.6791366338729858,-1.2604129314422607
0.6453754901885986,1.7313896417617798,-1.0864269733428955
0.610493004322052,1.5117048025131226,-0.9196288585662842
0.5494515299797058,1.2654225826263428,-0.7508885860443115
0.37348663806915283,1.0560823678970337,-0.5808631181716919
0.2013377547264099,0.7991235852241516,-0.378983736038208
0.14287468791007996,0.499271035194397,-0.1636623740196228
0.2151811122894287,0.2345440536737442,0.06326106190681458
0.43504446744918823,-0.03358466178178787,0.0779031440615654
0.5072462558746338,-0.051479507237672806,-0.01600657030940056
0.4273640513420105,0.08723769336938858,-0.12609004974365234
0.32340705394744873,0.21488620340824127,-0.21304039657115936
0.200880765914917,0.21196022629737854,-0.2608770728111267
0.06512054055929184,0.08843857049942017,-0.24016888439655304
-0.025165947154164314,-0.0699116587638855,-0.14047344028949738
-0.0706266388297081,-0.21724678575992584,0.0004503927193582058
-0.05802459642291069,-0.2958061397075653,0.09005353599786758
-0.007992325350642204,-0.3117307722568512,0.08100544661283493
0.02625633217394352,-0.2840152382850647,0.0019994769245386124
0.0522029772400856,-0.1231222078204155,-0.05600843206048012
0.013490211218595505,0.1110658049583435,-0.05620391666889191
-0.0752686858177185,0.23235443234443665,-0.10063821822404861
-0.12263064831495285,0.27336037158966064,-0.18076232075691223
-0.11513518542051315,0.32141709327697754,-0.23074612021446228
-0.09031260758638382,0.3638781011104584,-0.24917951226234436
-0.0328674279153347,0.43854406476020813,-0.256757527589798
0.021798476576805115,0.4977986216545105,-0.27132925391197205
0.038452018052339554,0.5186336040496826,-0.3001617193222046
0.038975637406110764,0.5048712491989136,-0.35019269585609436
0.030001848936080933,0.46608152985572815,-0.3992196321487427
0.009295505471527576,0.415621280670166,-0.4217936396598816
-0.01899871788918972,0.37856391072273254,-0.42008522152900696
-0.0721551775932312,0.34601280093193054,-0.4121348559856415
-0.13943621516227722,0.3531210422515869,-0.37488868832588196
-0.2223915010690689,0.3680900037288666,-0.3244931995868683
-0.29898935556411743,0.38179516792297363,-0.27333709597587585
-0.32614392042160034,0.386147141456604,-0.26024022698402405
-0.281110942363739,0.3889133930206299,-0.28269627690315247
-0.17782996594905853,0.37240177392959595,-0.31108415126800537
-0.04036691039800644,0.3320186734199524,-0.2819875180721283
0.11316806077957153,0.3234656751155853,-0.21204756200313568
0.18977521359920502,0.2894914448261261,-0.19809524714946747
0.1672879159450531,0.289394348859787,-0.27488234639167786
0.05617685243487358,0.3800419569015503,-0.3579133152961731
-0.08565212786197662,0.447881817817688,-0.41154414415359497
-0.18660803139209747,0.47459468245506287,-0.4341975152492523
-0.2498425990343094,0.4695587456226349,-0.41688409447669983
-0.2821912169456482,0.44515034556388855,-0.35021185874938965
-0.25394779443740845,0.4195795953273773,-0.2745635509490967
-0.1598210334777832,0.40540170669555664,-0.2184712439775467
-0.05057786777615547,0.3789856433868408,-0.1877007931470871
0.0504068024456501,0.35835546255111694,-0.17320866882801056
0.14215537905693054,0.3834294080734253,-0.1668618768453598
0.20709043741226196,0.4492235779762268,-0.18701721727848053
0.23213143646717072,0.5542956590652466,-0.21835097670555115
0.19514413177967072,0.6484946012496948,-0.24275831878185272
0.11473482102155685,0.6726556420326233,-0.2593187093734741
0.06829462200403214,0.6573187708854675,-0.2574390470981598
0.04656221345067024,0.5924163460731506,-0.2187635898590088
0.05703349784016609,0.524924635887146,-0.14150501787662506
0.1197967454791069,0.4865383803844452,-0.0779327005147934
0.21050800383090973,0.4799681007862091,-0.05603858828544617
0.2940903306007385,0.487740695476532,-0.07844868302345276
0.35289907455444336,0.5121884942054749,-0.11378882825374603
0.37384116649627686,0.5610964894294739,-0.14130890369415283
0.3349004089832306,0.5952557921409607,-0.16581104695796967
0.27074134349823,0.5983982086181641,-0.19546417891979218
0.24026250839233398,0.578455924987793,-0.21433214843273163
0.24704217910766602,0.5602011680603027,-0.2316952645778656
0.2656198740005493,0.5207543969154358,-0.24018381536006927
0.28452351689338684,0.45405957102775574,-0.23645727336406708
0.29270634055137634,0.4306897819042206,-0.2110254168510437
0.2521374523639679,0.43921101093292236,-0.16760502755641937
0.1785484403371811,0.4861023724079132,-0.14072415232658386
0.11574854701757431,0.5092883110046387,-0.15274734795093536
0.09449652582406998,0.4622654318809509,-0.17637917399406433
0.13951443135738373,0.40479567646980286,-0.14089880883693695
0.19848188757896423,0.4446898400783539,-0.040640924125909805
0.19080078601837158,0.45542553067207336,0.029903292655944824
0.16094888746738434,0.31638988852500916,0.017998429015278816
0.19151324033737183,0.17960205674171448,0.0017017042264342308
0.2284286469221115,0.14507843554019928,0.05032729357481003
0.19992387294769287,0.20982541143894196,0.18596148490905762
0.08934755623340607,0.1923484206199646,0.24770019948482513
-0.0018364456482231617,0.13298170268535614,0.19118475914001465
-0.03263324126601219,0.08870904892683029,0.09145230799913406
-0.05689148232340813,0.06534825265407562,0.035393062978982925
-0.06924135982990265,0.08231392502784729,0.029914408922195435
-0.09047947078943253,0.06123274937272072,0.06238121539354324
-0.12662814557552338,0.007355936802923679,0.11282414942979813
-0.14205926656723022,-0.03018711879849434,0.13034766912460327
-0.13564877212047577,-0.06098684296011925,0.14414097368717194
-0.0985449030995369,-0.032161224633455276,0.20195220410823822
-0.07943778485059738,0.049092620611190796,0.2982009947299957
-0.10003826767206192,0.15882179141044617,0.34768158197402954
-0.130242258310318,0.24597293138504028,0.3079530894756317
-0.17067648470401764,0.3010137975215912,0.24455009400844574
-0.20999778807163239,0.325907438993454,0.2105226367712021
-0.20616264641284943,0.29078155755996704,0.18104606866836548
-0.1600862294435501,0.2249990552663803,0.17057691514492035
-0.11646006256341934,0.10095541924238205,0.16189037263393402
-0.09393557906150818,-0.08294703811407089,0.13191941380500793
-0.07378154247999191,-0.28531503677368164,0.054821379482746124
-0.041555698961019516,-0.4298836588859558,-0.05652138590812683
0.003608128521591425,-0.42142289876937866,-0.16307292878627777
0.05998511612415314,-0.24840611219406128,-0.19780480861663818
0.06269160658121109,-0.1230025663971901,-0.21392671763896942
0.06510709226131439,-0.06774383783340454,-0.21181349456310272
0.09042814373970032,-0.041546884924173355,-0.2098667174577713
0.117061085999012,0.0013534441823139787,-0.21124251186847687
0.14979277551174164,0.08729333430528641,-0.21065109968185425
0.17956611514091492,0.18745295703411102,-0.20749898254871368
0.19195948541164398,0.2763923704624176,-0.2159772366285324
0.1657678335905075,0.3063713014125824,-0.23547983169555664
0.10380920767784119,0.26784560084342957,-0.255777508020401
0.021484237164258957,0.17853276431560516,-0.25218942761421204
-0.05313543602824211,0.08851173520088196,-0.21409526467323303
-0.0895344540476799,0.01902107149362564,-0.1515442579984665
-0.09331316500902176,-0.0077443975023925304,-0.1119534894824028
-0.06767304986715317,0.008342958986759186,-0.09237445890903473
-0.05466054379940033,0.011471988633275032,-0.10045479238033295
-0.04742633178830147,-0.03347045183181763,-0.12073981761932373
-0.03905683010816574,-0.05545754358172417,-0.12016243487596512
-0.05739802122116089,-0.07123889774084091,-0.11594558507204056
-0.10638714581727982,-0.09070422500371933,-0.13926474750041962
-0.15616349875926971,-0.09666411578655243,-0.17075477540493011
-0.21824946999549866,-0.07348471134901047,-0.17884387075901031
-0.2968825101852417,-0.07683657109737396,-0.1793847531080246
-0.35379558801651,-0.09086502343416214,-0.1942278891801834
-0.38179391622543335,-0.10232220590114594,-0.2121107429265976
-0.382652223110199,-0.10144570469856262,-0.21963846683502197
-0.3717191517353058,-0.09820064902305603,-0.22929295897483826
-0.3599192798137665,-0.11217807978391647,-0.23823687434196472
-0.3519977033138275,-0.14168190956115723,-0.2232898771762848
-0.36143383383750916,-0.17223984003067017,-0.18927305936813354
-0.3662818372249603,-0.1865290254354477,-0.17480143904685974
-0.33284512162208557,-0.18625585734844208,-0.19121389091014862
-0.2890038788318634,-0.19172360002994537,-0.2088136523962021
-0.2416834980249405,-0.20234085619449615,-0.21162278950214386
-0.18898886442184448,-0.23107609152793884,-0.2006729394197464
-0.15823502838611603,-0.2803820073604584,-0.18318411707878113
-0.14340361952781677,-0.34444382786750793,-0.15925641357898712
-0.14948120713233948,-0.3918278217315674,-0.13202427327632904
-0.19119030237197876,-0.4321829676628113,-0.119886115193367
-0.25175943970680237,-0.47002607583999634,-0.10434570908546448
-0.31225287914276123,-0.5197478532791138,-0.09854401648044586
-0.3713851273059845,-0.5545100569725037,-0.09714215993881226
-0.4223111569881439,-0.5848349332809448,-0.08056478202342987
-0.45810720324516296,-0.586419939994812,-0.034470878541469574
-0.4502798914909363,-0.551078200340271,0.014255646616220474
-0.39849475026130676,-0.49582719802856445,0.0503079853951931
-0.3537619113922119,-0.44245585799217224,0.06936902552843094
-0.34008675813674927,-0.40295809507369995,0.07312264293432236
-0.35385581851005554,-0.3470420837402344,0.08680250495672226
-0.38312917947769165,-0.3088979125022888,0.07435472309589386
-0.4013468027114868,-0.30516016483306885,0.034790534526109695
-0.3971818685531616,-0.34193336963653564,0.010557709261775017
-0.37025171518325806,-0.3950623869895935,0.021603969857096672
-0.33197295665740967,-0.4626536965370178,0.12133419513702393
-0.2854137122631073,-0.5273985862731934,0.32303616404533386
-0.2410375028848648,-0.5728985667228699,0.538971483707428
-0.2140921801328659,-0.5863690972328186,0.6663206219673157
-0.19949568808078766,-0.5294118523597717,0.6606462001800537
-0.21578410267829895,-0.41882064938545227,0.5475148558616638
-0.2510869801044464,-0.2892208993434906,0.3780291974544525
-0.28117671608924866,-0.181482195854187,0.21903660893440247
-0.2922685444355011,-0.0974171832203865,0.10858549922704697
-0.11670605838298798,-0.032104749232530594,0.054549165070056915
0.8209772706031799,0.12150770425796509,0.05308975279331207
0.8826161026954651,0.016253460198640823,0.19497790932655334
0.8198637962341309,0.19531619548797607,0.2038869708776474
0.5339811444282532,0.27415162324905396,-0.018888317048549652
0.25544458627700806,0.29052600264549255,-0.25123363733291626
-0.048484671860933304,0.2880423367023468,-0.27889618277549744
-0.26714909076690674,0.23235057294368744,-0.1266656219959259
-0.3131259083747864,-0.01646110974252224,0.04153457283973694
-0.29442307353019714,-0.3456222116947174,0.12564705312252045
-0.2395036220550537,-0.5379144549369812,0.10721611231565475
-0.15623529255390167,-0.5205278396606445,0.06149650365114212
-0.11688310652971268,-0.35107994079589844,-0.015012117102742195
-0.09019371122121811,-0.11469912528991699,-0.10128255188465118
-0.057301003485918045,0.09507700055837631,-0.20356044173240662
-0.053546637296676636,0.18920795619487762,-0.2675185203552246
-0.22100752592086792,0.10502544790506363,-0.14361870288848877
-0.2925606667995453,-0.04871530830860138,-0.02587595023214817
-0.40729576349258423,-0.13790297508239746,0.11865194141864777
-0.5414751768112183,-0.18847830593585968,0.29144078493118286
-0.6369242072105408,-0.3200525641441345,0.37658601999282837
-0.784250795841217,-0.6110034584999084,0.4088294506072998
-1.0002480745315552,-0.7801767587661743,0.4840430021286011
-0.9644215703010559,-0.6882585287094116,0.5629108548164368
-0.5038400888442993,-0.5088927745819092,0.6032084822654724
-0.2364686280488968,-0.37247875332832336,0.49143296480178833
0.14010287821292877,-0.020482901483774185,0.22500795125961304
0.4196666479110718,0.0055657923221588135,-0.14683672785758972
0.5969322323799133,-0.23387449979782104,-0.339509516954422
0.54742032289505,-0.3707723915576935,-0.36187368631362915
0.591052770614624,-0.3021131753921509,-0.26527419686317444
0.6348257660865784,-0.10416584461927414,-0.18301813304424286
0.6839496493339539,0.20237118005752563,-0.22186407446861267
0.7274672985076904,0.5389353632926941,-0.2913992404937744
0.8194693922996521,0.856264054775238,-0.334175705909729
0.9273817539215088,1.0317574739456177,-0.435836523771286
1.011430025100708,1.042020559310913,-0.6128504276275635
1.0485835075378418,1.0383825302124023,-0.7854734063148499
1.0103291273117065,0.9099819660186768,-0.8387256860733032
0.8379741907119751,0.8450983166694641,-0.7546015977859497
0.5808385014533997,0.5037444829940796,-0.894896924495697
0.22344928979873657,0.7712575197219849,-0.9509948492050171
-0.09908801317214966,0.8127908706665039,-0.8715175986289978
-0.4017961919307709,0.6925776600837708,-0.7188953161239624
-0.6512134671211243,0.5940055847167969,-0.48459336161613464
-0.8385723829269409,0.6210587024688721,-0.33827081322669983
-0.8417737483978271,0.7866183519363403,-0.32213738560676575
-0.6279001832008362,0.9805969595909119,-0.4617024064064026
-0.2910560965538025,1.103412389755249,-0.6751835346221924
0.08986005932092667,1.11044442653656,-0.8929112553596497
0.435281902551651,1.05270254611969,-1.040145754814148
0.6951583623886108,0.9061687588691711,-1.1123250722885132
0.8116194605827332,0.6977588534355164,-1.073643684387207
0.7886740565299988,0.5114187002182007,-0.9552584886550903
0.6884752511978149,0.4300365149974823,-0.8227590322494507
0.5992189049720764,0.47783833742141724,-0.7650086879730225
0.565561056137085,0.6151248812675476,-0.8247894644737244
0.5983246564865112,0.7968578338623047,-0.9461939930915833
0.7062783241271973,1.0146844387054443,-1.0607764720916748
0.8054217100143433,1.2527186870574951,-1.0141271352767944
0.825392484664917,1.440514087677002,-0.8022734522819519
0.7020354270935059,1.4657715559005737,-0.494413286447525
0.47073376178741455,1.369604229927063,-0.18924912810325623
0.20600953698158264,1.0910581350326538,-0.042398788034915924
-0.20028817653656006,1.021104335784912,-0.009153749793767929
-0.9659552574157715,2.433593511581421,0.34033095836639404
-1.2609708309173584,1.8193349838256836,0.3342227339744568
-1.206693410873413,0.48397475481033325,-0.13458850979804993
-1.0499767065048218,0.5479447245597839,-0.3364254832267761
-0.6803730726242065,2.7749669551849365,-0.44302526116371155
-0.2108290195465088,2.416290044784546,-0.4202922284603119
-0.11317674815654755,1.6112761497497559,-0.17585642635822296
-0.060698360204696655,0.882226288318634,0.0031948229297995567
0.04386908933520317,0.2547008991241455,0.006391919683665037
0.13971146941184998,-0.22039878368377686,-0.036267127841711044
0.20275594294071198,-0.28886541724205017,-0.04174259305000305
0.25489798188209534,0.2006339430809021,-0.05995754897594452
0.2884657084941864,0.7208972573280334,-0.06806441396474838
0.22306115925312042,0.9247281551361084,0.05185506120324135
0.11602792143821716,0.7970415353775024,0.15458542108535767
-0.006959514692425728,0.5908641219139099,0.17675304412841797
-0.1079314649105072,0.5187264680862427,0.18547175824642181
-0.17843492329120636,0.6166234612464905,0.19338640570640564
-0.24775248765945435,0.7711539268493652,0.18689656257629395
-0.3254278600215912,0.8536059260368347,0.16975486278533936
-0.3935234546661377,0.835096538066864,0.12871254980564117
-0.2254047691822052,1.8336703777313232,-0.028326604515314102
-0.12358348816633224,1.7792671918869019,-0.10860183835029602
0.3804921507835388,1.0367931127548218,-0.052469588816165924
0.03847844898700714,0.013718880712985992,-0.48873594403266907
0.01280956994742155,-0.16231366991996765,-0.4232916831970215
0.05125702917575836,-0.26396453380584717,-0.2867518961429596
0.06955800950527191,-0.24399587512016296,-0.26567351818084717
0.0662771537899971,-0.016861720010638237,-0.27944621443748474
0.05350490286946297,0.21169263124465942,-0.2605457603931427
0.04989541321992874,0.45031535625457764,-0.2467464655637741
0.18468785285949707,-0.17225420475006104,-0.27340471744537354
0.1821308732032776,0.07215513288974762,-0.33362647891044617
0.18439961969852448,0.026208143681287766,-0.2164209932088852
0.23880209028720856,-0.00045390435843728483,-0.09531500190496445
0.2183263897895813,-0.01909656450152397,-0.05806882679462433
0.13637015223503113,-0.0361865758895874,-0.011327322572469711
0.07280342280864716,-0.028185643255710602,0.06889640539884567
-0.006577945780009031,-0.009982388466596603,0.17900747060775757
-0.008893830701708794,-0.006351700983941555,0.24983157217502594
-0.009029002860188484,-0.0015391265042126179,0.20294944941997528
-0.0037604712415486574,-2.0059344024048187e-05,0.051269106566905975
-0.0026276942808181047,0.002961074700579047,-0.048452313989400864
-0.0027395470533519983,0.000952785077970475,0.01195270661264658
-0.0021607261151075363,0.007770986296236515,0.07801631093025208
0.0003354548825882375,0.000106674968264997,0.15659181773662567
0.0001397125597577542,-0.003822819096967578,0.2267293632030487
-0.00032740586902946234,-0.004950135480612516,0.2304314225912094
-0.0025157639756798744,0.00027437356766313314,0.15245328843593597
0.0005929439212195575,3.761853804462589e-05,0.03950970247387886
-3.958004526793957e-05,-0.0008306204108521342,0.03044964373111725
-0.0001477043842896819,0.0032466789707541466,0.0422610305249691
-0.001623628195375204,0.0032911538146436214,0.014090646058321
0.0015015911776572466,0.003947090357542038,-0.020399952307343483
0.0008059426327235997,0.006854132283478975,-0.039973095059394836
-0.001775725744664669,0.0026221030857414007,-0.03998960554599762
0.0019010421819984913,0.0022679190151393414,-0.02924828603863716
-5.93106378801167e-05,0.0032996274530887604,-0.022940056398510933
-0.0011149413185194135,0.0054278564639389515,-0.017314434051513672
0.000316241494147107,0.004457134287804365,-0.010269307531416416
0.0004240995040163398,0.005264072213321924,-0.0012401258572936058
0.002135180402547121,0.005657420959323645,-0.0007881876081228256
0.0022831247188150883,-0.00044279330177232623,-0.0005624773912131786
-0.0005925566074438393,0.0020653719548135996,-0.029187997803092003
-0.00353800505399704,-0.002629498951137066,-0.17041251063346863
-0.00010199460666626692,0.0017604557797312737,-0.2106717824935913
0.000401157682063058,0.0011078621027991176,-0.15207941830158234
-0.0004792833933606744,0.0012420854764059186,-0.04794847592711449
0.0006557171000167727,0.0007200248073786497,-3.125239163637161e-05
0.0008357467595487833,-6.400980055332184e-05,-0.00037773000076413155
0.0006665859837085009,0.00014576531248167157,0.0014897543005645275
-0.000993096036836505,-0.0002971183857880533,-0.001520416233688593
-0.0007902323850430548,-0.0010725085157901049,0.001206990797072649
8.248549420386553e-05,-0.0005177720449864864,-0.0008207401260733604
0.0011560518760234118,-0.000654029892757535,-0.00023115752264857292
0.001005583326332271,-0.0003134115249849856,-0.0004567275755107403
0.0006917162099853158,0.0021995080169290304,-0.002078728750348091
-0.0005684916395694017,0.0005821703234687448,-0.00013115908950567245
-0.0012468683999031782,0.0008475414360873401,0.0021363133564591408
-0.0005587076302617788,0.0010427511297166348,0.00043162424117326736
-0.00044399843318387866,0.00039094657404348254,0.0010338644497096539
-0.0028536266181617975,0.00033475388772785664,0.0008610249496996403
4.111690213903785e-05,0.0011063233250752091,0.002394060604274273
6.721587851643562e-05,0.00013746533659286797,-0.0012115933932363987
0.001965239876881242,-0.0007747102063149214,-0.0033330777660012245
0.0024438099935650826,0.00022850255481898785,-0.00024620769545435905
0.0021888641640543938,-0.002585807116702199,-0.0007201503030955791
-0.00046018214197829366,0.001516526099294424,-0.002359325997531414
-0.0012219001073390245,-0.0008657831349410117,0.0011289319954812527
0.00010621838737279177,6.5257991082035e-05,-0.00023407349362969398
0.0007135851192288101,-0.00014134589582681656,0.0025839065201580524
-0.001752501935698092,-0.001213534502312541,0.003254224080592394
-0.00014025525888428092,0.002546251518651843,0.0024078981950879097
0.00040702431579120457,0.002555839018896222,0.0023413198068737984
-0.002965745748952031,-0.001142767840065062,0.00035262759774923325
0.00012245596735738218,0.0011201200541108847,0.002147598657757044
-0.0030982205644249916,0.0009691438172012568,-0.0015903119929134846
-0.0016001923941075802,-0.00115126499440521,-0.0016579562798142433
-0.001957785338163376,0.0004347924841567874,-0.0021493700332939625
-0.0008901241235435009,3.360386472195387e-06,-0.001237770076841116
0.0006758127128705382,0.001377018867060542,-0.001244428101927042
-0.0007013079011812806,-0.001077883061952889,-0.0014958307147026062
0.00021978738368488848,-0.00032067365827970207,-0.0002794847823679447
-0.000865717011038214,0.000683338032104075,-0.001550877932459116
-0.002020211424678564,-0.0009611963178031147,0.00017752684652805328
-0.0010284504387527704,0.00018849031766876578,0.0024582580663263798
0.0004227705649100244,-0.001746166730299592,0.0009884070605039597
0.0014169286005198956,-0.0007719824207015336,-0.0006614211015403271
0.0005176199483685195,0.0004073851741850376,-0.0013791774399578571
0.0024116600397974253,0.0005059221293777227,-0.0008153864182531834
-0.00016632105689495802,2.2185347916092724e-05,-0.0015823361463844776
0.0016057463362812996,0.0008988979971036315,0.0005260882899165154
-0.0014807621482759714,0.0014303645584732294,-6.625428795814514e-06
-0.0024658653419464827,-8.763725782046095e-05,0.0015686345286667347
0.0007496035541407764,0.0006994876894168556,0.000307661946862936
0.0005314906593412161,0.00012744068226311356,0.0004416191950440407
-0.003186597488820553,0.000316913821734488,0.00014658784493803978
0.0022984491661190987,0.001087366254068911,-0.0014563687145709991
-0.0020216903649270535,4.7050314606167376e-05,0.0013090241700410843
-0.00028690719045698643,0.001269707572646439,-0.0015711844898760319
0.0013135033659636974,0.0013983845710754395,-0.0002461005933582783
-0.0011840090155601501,0.0010859958129003644,-0.0003667417913675308
-0.0009423422161489725,0.00046952077536843717,-0.0018949913792312145
0.0018206873210147023,-0.0015994891291484237,-0.001533334143459797
-0.0009917111601680517,0.0032764398492872715,-0.0028517446480691433
-1.4597258996218443e-05,8.836960478220135e-05,0.00025030551478266716
-0.0004561065579764545,-0.0015865127788856626,0.00101805804297328
0.00034044490894302726,-0.0003814324445556849,0.0018931729719042778
-0.0014904008712619543,5.0642665883060545e-05,-0.0011218148283660412
0.0004710171197075397,-0.002539547858759761,-0.0001913062296807766
0.0025881659239530563,-0.002600133651867509,0.00023305928334593773
-0.00018711411394178867,-0.0014187553897500038,-0.0003536352887749672
0.00017343243234790862,-0.0012168730609118938,-0.0008960985578596592
0.0006903519970364869,0.0011099308030679822,-0.00042445259168744087
0.0013000518083572388,0.002055193530395627,-0.0013058492913842201
0.0021264306269586086,-0.00054804643150419,-0.001064833253622055
0.0003218203200958669,-0.0012429492780938745,-0.0006750714965164661
0.0005673637497238815,0.0002689271932467818,-0.001516630407422781
0.00014322041533887386,-0.0012654939200729132,-0.002450768370181322
-0.0013758466811850667,0.00011508878378663212,0.0005082697607576847
6.0982536524534225e-05,0.0004125488630961627,0.0015276642516255379
-0.002368086716160178,-0.002158733317628503,0.0014230022206902504
0.000764092430472374,-0.0023807494435459375,0.000986373983323574
0.0006498428410850465,0.00019772308587562293,0.0008904999122023582
0.0002251884143333882,-0.0005928470054641366,0.0013841083273291588
0.0036694547161459923,2.900113395298831e-05,0.0007428191602230072
0.00011043169070035219,-0.0021873884834349155,-0.0020906138233840466
0.001299533061683178,0.0025695497170090675,0.000903045292943716
-0.0005473294295370579,0.000823527981992811,-0.0012360946275293827
0.0009672102751210332,-0.0023317853920161724,-0.00028268294408917427
-0.0006803120486438274,-0.0007054593879729509,-0.00025720661506056786
0.000280290114460513,-0.0008015994681045413,0.000568639487028122
0.0009452469530515373,0.0003861181903630495,0.0007583447732031345
0.0020240936428308487,0.001018352690152824,0.000658742617815733
0.0017783103976398706,0.0004817905428353697,0.002384364139288664
0.0024680690839886665,-0.0006921308231540024,-0.00022340379655361176
-0.00038848514668643475,0.0003544164355844259,0.0014621349982917309
0.001860021729953587,0.0022452608682215214,0.0014070072211325169
0.00031738763209432364,2.8322614525677636e-05,0.00035095494240522385
0.0017720061587169766,-0.0012199010234326124,1.619569957256317e-05
-0.00033137266291305423,0.0005759199848398566,-0.0027079081628471613
0.0006052610697224736,-0.0017391659785062075,-0.001082314644008875
-0.0007888989057391882,0.0006590070552192628,0.00024711526930332184
-0.0005183217581361532,0.0036651832051575184,-0.001142255961894989
-0.00019822735339403152,0.0017413502791896462,-0.0017396025359630585
-0.0039255875162780285,-0.0005343208904378116,-0.0015513170510530472
-0.0017254832200706005,-0.0003722607216332108,-0.0013858894817531109
6.0432590544223785e-05,-0.00021167212980799377,0.0008716718293726444
0.0029020453803241253,0.0023336373269557953,6.6402368247509e-05
8.282289491035044e-05,-0.0002624120097607374,0.0005492335185408592
-0.0018023643642663956,-0.0005056113004684448,-0.0002600126899778843
0.001903690630570054,0.0008960103732533753,-0.0023250277154147625
0.0007073321030475199,-0.001470205606892705,-0.0012758388184010983
0.0016040183836594224,1.930041253217496e-05,-0.001942694652825594
0.0008047808660194278,0.0001633831561775878,-0.00022054044529795647
-0.0018285528058186173,-0.0013575480552390218,-0.0015068473294377327
0.0026656382251530886,0.0001760678132995963,-0.0008843801915645599
0.002104243729263544,0.0009209539275616407,-0.0027334128972142935
0.0007784191402606666,0.0001554906921228394,-0.0014979173429310322
-0.000832793302834034,-0.0007473209407180548,-0.0019506546668708324
-0.0006607723771594465,0.00019595870980992913,0.0006602490320801735
-0.0018874243833124638,0.0013547000708058476,-0.0008012936450541019
0.0020868119318038225,-0.0014242891920730472,0.0007217335514724255
0.0011240793392062187,-0.0017776907188817859,0.001576341688632965
0.0019594256300479174,-0.0005471546901389956,0.00018531549721956253
-9.759998647496104e-05,-0.0013447713572531939,-0.0010466626845300198
-0.0012531374813988805,0.00013646212755702436,-0.0006170906126499176
-0.0006339524406939745,0.00036336344783194363,0.00047320732846856117
-0.0003494606353342533,0.00047714548418298364,-0.001166133675724268
-0.0018024812452495098,-0.00044910196447744966,9.434064850211143e-05
-0.00038147770101204515,0.0019193298649042845,-0.00015096645802259445
-0.001793751958757639,0.001076173153705895,-0.001080675981938839
0.0022854930721223354,-0.0007457407773472369,0.0013766195625066757
-0.00019151298329234123,0.00011099813127657399,0.0011467887088656425
0.0003432589001022279,0.001357428845949471,-0.0006883912719786167
-0.002223761985078454,-0.0010740371653810143,0.0002719443291425705
-0.0010299925925210118,-0.0026201936416327953,0.0013661435805261135
0.00018254460883326828,-0.0011104476870968938,0.0011038221418857574
0.0010065753012895584,0.0011962471762672067,-0.00014575477689504623
-0.00030369992600753903,0.001209296635352075,-0.0017023724503815174
0.0006251245504245162,-0.00036978174466639757,-0.0011981693096458912
3.5427510738372803e-06,-0.0013018881436437368,0.0004031895659863949
-0.0036479965783655643,0.000942638551350683,-0.00020023249089717865
-0.0021084232721477747,0.0008427700377069414,-0.002575772115960717
-0.00045590155059471726,-0.0011674829293042421,-0.0005767489783465862
0.00042507212492637336,0.0020837041083723307,0.00042167026549577713
-0.0003263851394876838,-0.000298400322208181,0.0003165099769830704
4.379486199468374e-06,0.0003351657069288194,-0.001180452760308981
7.529163849540055e-05,0.0017615895485505462,0.00017865421250462532
0.0001328159123659134,0.0008936653612181544,-7.514515891671181e-05
-0.002097846707329154,-0.0005909308674745262,-0.00024034827947616577
0.0012950204545632005,0.0024368169251829386,0.0007167919538915157
-0.0004936084733344615,-0.001101277768611908,-0.0011504539288580418
0.0013690064661204815,-0.0009830333292484283,-0.001386676449328661
-0.001400687382556498,0.000775975058786571,-0.001312947366386652
0.0040041981264948845,-0.0005468169692903757,0.0018753893673419952
0.0016847923398017883,0.0012112368131056428,0.0010818922892212868
-0.0013291069772094488,-0.0008788120467215776,-0.000337306410074234
-0.00031990749994292855,0.00023548639728687704,0.0015624589286744595
-0.000615784665569663,-1.884548328234814e-05,0.000928893219679594
0.0002958537661470473,-0.0013354688417166471,-0.0014453432522714138
-0.001091653248295188,0.0014890797901898623,-0.00056490208953619
0.0020213897805660963,0.0014833643799647689,0.0004147728905081749
0.002097556134685874,0.001323308446444571,7.229065522551537e-05
0.0007061497308313847,0.000692709581926465,-0.00025685597211122513
0.0002070733462460339,0.00024609745014458895,-0.0007849610410630703
0.00011415747576393187,0.0020697361323982477,-0.0012613930739462376
0.0012060534209012985,0.00031045195646584034,-0.0007585883140563965
0.001600834308192134,-0.00115289818495512,0.00020464137196540833
-0.003075676504522562,-0.0006812523351982236,0.0024499520659446716
0.0012839436531066895,-0.0015691458247601986,-0.0008923024870455265
-0.0005837312201038003,0.00039866389124654233,0.0024060229770839214
-0.000249414995778352,-0.0009497098508290946,0.0004321071319282055
0.001967666670680046,-0.002491680206730962,-2.8620008379220963e-05
-0.00119472062215209,-0.0015175659209489822,0.00016028760001063347
-0.0018802182748913765,-0.0007098292117007077,-0.00010975683107972145
-0.0014250429812818766,0.0002007191942539066,0.0010037454776465893
0.0011422443203628063,-2.9644239475601353e-05,-0.0020074909552931786
0.0030392517801374197,-0.0003290996828582138,-0.001181325875222683
-0.0027778910007327795,0.0009191238787025213,-0.0022995872423052788
0.001898163347505033,-0.0018790577305480838,0.0009339977987110615
-0.0007950913859531283,-0.0012803791323676705,-7.720431312918663e-05
0.00286782905459404,-0.000479233858641237,-8.56257975101471e-05
0.002309364266693592,5.6860480981413275e-05,0.001409738790243864
-0.00026738521410152316,0.0006680770893581212,0.0022968207485973835
0.000712125445716083,0.0001823164930101484,0.00013673072680830956
8.507049642503262e-07,-0.00022471434203907847,-0.00023659458383917809
-0.0007485628011636436,-0.0022865335922688246,0.0007535689510405064
-0.0014373697340488434,0.0006450839573517442,-0.0024006555322557688
-0.0003409464843571186,-0.00036345518310554326,-0.00037851743400096893
-0.0005247147637419403,0.0013250858755782247,-0.0012705237604677677
0.0009120606118813157,-0.00012101060565328225,-0.0011237836442887783
0.00038216341636143625,0.0009625082602724433,-0.0007747034542262554
-0.0008594022365286946,-0.0008164832834154367,-0.0003866809420287609
-0.000533263897523284,0.00038270355435088277,6.131501868367195e-05
0.001326155150309205,-0.0007968104328028858,1.3941898941993713e-06
0.00020093648345209658,0.0025508131366223097,-0.0010272427462041378
0.0003604598168749362,0.00039525062311440706,-0.0003398805856704712
-0.0010471864370629191,-0.0005527441389858723,-0.00025927089154720306
0.0012077119899913669,-0.0007727212505415082,-0.0003117350861430168
0.0005270259571261704,-0.0012826381716877222,0.0014068041928112507
-0.003174501471221447,0.0024833378847688437,6.457092240452766e-05
-0.00126745761372149,-0.0005385755212046206,5.4327305406332016e-05
0.0001946178381331265,-0.001102100475691259,-0.00028549181297421455
0.0011727942619472742,0.001469593495130539,0.0014610257931053638
-0.0015255205798894167,-0.00045693726860918105,-0.0013094604946672916
-0.00026577513199299574,0.00015153591812122613,-0.0005194628611207008
0.0003696551139000803,0.00047351207467727363,-6.885593757033348e-05
0.001747119938954711,0.0003224890970159322,-0.0010077757760882378
-0.0010891465935856104,-0.0016170910093933344,0.0019344845786690712
-0.0006139454199001193,-0.0013578325742855668,0.0024438160471618176
-0.0005811884766444564,-0.0014872621977701783,0.0003764037974178791
0.001129447715356946,0.0023203548043966293,-0.0007627722807228565
9.667384438216686e-05,-0.001833377406001091,0.0011467142030596733
0.0015499459113925695,-0.004133051726967096,0.00041928328573703766
0.001852214802056551,-0.0014089044416323304,0.00019584409892559052
0.0011153313098475337,-0.00023623771267011762,-0.0009770365431904793
0.002023202832788229,0.0021355734206736088,0.001317276619374752
0.00010896116145886481,-0.0022640961688011885,0.0010217903181910515
-0.0021992004476487637,0.0011838984210044146,5.186721682548523e-05
0.0013550205621868372,0.0014700067695230246,-0.0016144933179020882
0.0020961782429367304,-0.00044427334796637297,-0.0008142134174704552
-8.287711534649134e-05,0.0006934521370567381,0.00013670697808265686
0.000159204239025712,0.0015757572837173939,-0.0011823568493127823
-0.0018602570053189993,-0.0005931011983193457,0.002255852799862623
-0.0008069768082350492,-0.0011201407760381699,-0.0008477955125272274
0.0021358844824135303,0.0003736712387762964,-0.0001266920007765293
0.00128393922932446,0.0011824731482192874,-0.0011299047619104385
0.0018095893319696188,0.00047532017924822867,-0.000186871737241745
0.00021195909357629716,-0.001461863168515265,-0.0013719787821173668
0.0003084961208514869,-0.0002675304131116718,0.0016032969579100609
-0.0015368082094937563,0.0005910727195441723,0.00012231292203068733
-0.0005064798169769347,-0.00039051074418239295,-4.637008532881737e-05
0.0005465340800583363,0.00014718147576786578,-0.002279696986079216
0.0010489566484466195,-0.0016151232412084937,-2.1678395569324493e-05
0.001987188123166561,-0.0022577440831810236,-0.0031727305613458157
-0.0007896742317825556,-0.0031693780329078436,0.0005425876006484032
0.0002143374877050519,-0.0024559171870350838,0.0005830675363540649
-0.0009916399139910936,-0.00040020732558332384,-0.00033341581001877785
-0.0014438447542488575,-0.0005818348727189004,-0.0005062548443675041
-0.0009110023966059089,-0.0011283643543720245,-0.00023869983851909637
0.0007944859098643064,-0.001617054338566959,-0.0012483042664825916
0.00152483768761158,0.0012706455308943987,-0.0029455178882926702
-0.0004387109074741602,0.002723932499065995,-0.0014674635604023933
0.0002265613293275237,0.00047214559162966907,-0.00018051685765385628
0.0008026030845940113,-0.00257850531488657,0.0002162940800189972
-0.00017019890947267413,-0.001600906951352954,6.393482908606529e-05
0.00044765445636585355,-0.0014935815706849098,-0.00028387410566210747
-0.0010926964459940791,-0.0013354726834222674,-0.001299288123846054
0.00013954815221950412,-0.0018899427959695458,0.0008386974222958088
0.0005458738305605948,-0.0007752237142995,0.0022876285947859287
-0.0009162015630863607,0.00041041558142751455,-0.00032519828528165817
-0.0017492134356871247,-0.0007581795798614621,-0.0011390279978513718
-0.0007001942722126842,0.0017883350374177098,-0.0006127874366939068
0.0011168018681928515,-0.001582526951096952,0.0015397579409182072
-0.0016733919037505984,-0.000355342315742746,-0.0007332502864301205
-0.0009662151569500566,0.0012616671156138182,-0.0018315333873033524
-0.00113692379090935,-0.00034954529837705195,0.001752814743667841
-0.0007809880771674216,-0.0011434544576331973,-0.0002440148964524269
-0.0002968254266306758,-0.0004515652253758162,0.000594880897551775
0.0010602374095469713,-0.0009673977037891746,0.000561234075576067
-0.0015757593791931868,-0.0011367747792974114,-0.0014076409861445427
0.0014895430067554116,-0.0015660851495340466,-0.0003247484564781189
-1.753983087837696e-05,0.00016150751616805792,0.0012345323339104652
0.00023486401187255979,0.001170559087768197,0.00045421114191412926
0.0011762913782149553,0.00012313792831264436,0.0013407771475613117
0.000988948275335133,-0.0021697862539440393,-0.00011679669842123985
-0.00033996906131505966,-0.0014267642982304096,0.0006952011026442051
-0.00029840576462447643,-0.0013651505578309298,-0.0015705637633800507
-0.00010878866305574775,-0.0013473073486238718,0.0025882283225655556
-0.0028945526573807,-0.0002518481051083654,-0.0023587672039866447
-0.00011634296970441937,4.081666702404618e-06,0.00032037263736128807
-0.001795755815692246,-0.0005877477233298123,0.0005942843854427338
0.002681284211575985,2.0784573280252516e-05,0.0011186604388058186
-0.001211497001349926,0.0008151651709340513,4.654191434383392e-05
-0.00023970950860530138,0.0009664327371865511,0.00021298974752426147
-0.0017979872645810246,0.000313068536343053,-0.0008725710213184357
-0.0019572442397475243,0.00031360116554424167,-0.0012715128250420094
-0.004147870000451803,-0.0014592255465686321,0.0008928589522838593
0.0030354743357747793,0.0007927434635348618,0.00019138259813189507
0.00022208498558029532,-0.0021336418576538563,0.0005202055908739567
-0.001573418267071247,0.0005657381843775511,-0.00022361567243933678
0.0005967378383502364,0.000936318829189986,-0.0005343472585082054
0.0014212524984031916,-4.958341742167249e-05,-0.0010483376681804657
0.001231516944244504,-0.0020480728708207607,0.00011211540549993515
0.0009329766035079956,0.0006486441125161946,-8.229492232203484e-05
-1.0625633876770735e-05,-0.000473042979137972,0.00012619420886039734
0.0007891216082498431,0.00016398515435867012,0.0004242020659148693
7.587537402287126e-05,0.0005164380418136716,0.00045759091153740883
-0.0007294645183719695,0.0013619916280731559,-0.0005418932996690273
0.0009930850937962532,-0.0009459807188250124,-0.00024403957650065422
-0.000626383232884109,-0.00025249362806789577,0.0007088393904268742
-0.0007281333673745394,-0.0007893316796980798,-0.000870000571012497
0.001926771947182715,-0.0011632395908236504,-0.001634327694773674
0.001991645898669958,-0.0002968396292999387,-0.0009865430183708668
0.0010789807420223951,-0.001145855407230556,0.0006654160097241402
0.0016405489295721054,-0.0012513065012171865,0.0027997316792607307
0.0016077921027317643,-0.0021767551079392433,0.0016796067357063293
0.004454982932657003,-0.00145681609865278,0.0016347276978194714
0.0020448220893740654,0.0022849251981824636,0.000946833286434412
0.0032865034881979227,-0.0006149786058813334,0.0004921271465718746
-0.003681391244754195,-0.00024240234051831067,0.00027135107666254044
0.0018880951683968306,-0.00026223185705021024,-0.002162335906177759
-0.00025974417803809047,-1.7221034795511514e-05,0.0027003297582268715
0.0009166066301986575,-0.0007685123127885163,-0.0007624011486768723
-9.193248115479946e-05,0.0008584127645008266,0.00034840358421206474
-0.0014055620413273573,-0.0014008061261847615,0.0017939656972885132
0.0006850194768048823,0.0008311890996992588,0.00020192796364426613
0.0007218275568448007,-0.0013498935149982572,0.00044289417564868927
0.0018858953844755888,0.002417147858068347,-0.0008878875523805618
-0.001058616559021175,-0.00028847649809904397,-0.0014107180759310722
-0.00288288202136755,-0.0024696055334061384,-0.0013129799626767635
0.0024925456382334232,-0.0002250898687634617,0.0016920184716582298
-0.0007823435589671135,-0.0005292228888720274,-0.0002579484134912491
-0.0009337204974144697,-0.0009269235306419432,0.0005871253088116646
-0.0006700675003230572,-0.00024355642381124198,-0.0008981199935078621
0.0002261120534967631,-0.0014653418911620975,-0.002180942799896002
0.000578448292799294,0.0016031523700803518,-0.0006040851585566998
-0.0011520355474203825,-0.0011528837494552135,6.587710231542587e-05
0.0009494648547843099,0.00019920313206966966,2.4331733584403992e-05
-0.0023090410977602005,0.002102446975186467,-0.001337878406047821
0.0017312404233962297,0.0010441067861393094,-0.0006292108446359634
0.0006317483494058251,0.001899053924717009,-0.00032295892015099525
-0.0019786821212619543,0.0005845176638104022,0.0015931855887174606
-0.0018677626503631473,-0.0006307428702712059,0.0008722329512238503
0.000378613593056798,0.002382890088483691,-0.0017089028842747211
-0.001592518063262105,0.0011903790291398764,0.0004467754624783993
0.0010085913818329573,0.0005357741029001772,-0.0004706834442913532
0.00046305463183671236,-0.000740094983484596,-0.0007226481102406979
-0.0011399020440876484,0.0013044137740507722,-0.0010864357464015484
-0.0007655354565940797,0.0014421144733205438,-0.002077546902000904
-0.00034422334283590317,0.0013811280950903893,0.0016673901118338108
-0.0005349723505787551,0.000385176797863096,0.0008106576278805733
-0.0005291134002618492,0.0004259231500327587,5.238689482212067e-07
0.000684932922013104,0.0014797087060287595,0.0007558162324130535
-0.0006258749635890126,-0.0012452376540750265,-0.0007326244376599789
-0.0006138788885436952,9.078990842681378e-05,0.0011251289397478104
-0.0005640776944346726,0.0003246154519729316,-0.0030557678546756506
0.001143334317021072,0.00019952753791585565,-0.0014953399077057838
0.000976886716671288,0.0007742376765236259,0.0006674132309854031
0.0014669043011963367,-0.00146335584577173,0.0017703897319734097
0.0008660952444188297,-0.0023605749011039734,-0.0007875761948525906
-0.00013120664516463876,-0.00231575733050704,0.0004359050653874874
0.0010043652728199959,0.0017719283932819963,0.0015296651981770992
0.0013157437788322568,0.0003553305577952415,-0.0010999543592333794
-0.0017527504824101925,0.00012470080400817096,-0.0013449653051793575
-4.427379462867975e-05,0.0014299858594313264,-5.3114257752895355e-05
0.0041014691814780235,-0.002182592172175646,-0.0019018803723156452
0.0005374027532525361,0.0014027515426278114,0.002159572672098875
-0.0010951149743050337,-0.0015043549938127398,-0.000619170255959034
-0.0005317542236298323,0.0001980136294150725,0.00014954153448343277
-0.0008566599572077394,-0.0006123862694948912,0.0018494375981390476
0.00012761005200445652,-0.003496261779218912,-0.0012269620783627033
-0.0005022275727242231,-0.0015430994099006057,0.0017701592296361923
-0.0017359063494950533,0.0011105538578704,-0.00043654441833496094
-0.0011023401748389006,-0.0001336750283371657,-0.0002437317743897438
0.00024219288025051355,-0.0008189702057279646,-0.0010904408991336823
0.0005753543227910995,-0.00040005502523854375,0.0001402059569954872
0.0009297552751377225,0.00024514729739166796,-0.00015258975327014923
0.0017928858287632465,0.0013538211351260543,0.0021582352928817272
0.0026055616326630116,0.00029786830418743193,-0.0013809911906719208
-0.0012024922762066126,-0.00030959874857217073,-0.0007335767149925232
-0.00059702736325562,-0.0005865083076059818,0.0019771354272961617
0.0002700978657230735,-0.0033263685181736946,3.169616684317589e-05
0.00044880007044412196,-0.00036455949884839356,-0.0019626389257609844
0.0001590481260791421,-0.00023752672132104635,-0.001578078605234623
-0.001828701002523303,0.001375375548377633,-0.0008441060781478882
-0.0010236274683848023,0.0005796229816041887,0.0005836146883666515
-0.0007938486523926258,-0.0003333427885081619,0.0025268145836889744
-0.00015761953545734286,-0.0007828843663446605,0.0003448864445090294
-0.0010112880263477564,-0.0005145197501406074,-8.137430995702744e-05
0.0011903471313416958,-0.002238916466012597,-0.0010949736461043358
-0.0020788877736777067,-0.0003797074023168534,-0.001868655439466238
-0.0010980454972013831,-0.0007368373335339129,-0.0008076522499322891
0.00032297708094120026,0.00019632016483228654,0.00144145917147398
0.0005386931588873267,-0.0011384561657905579,0.0005365167744457722
-0.0004926272085867822,0.00020321554620750248,0.0011536628007888794
0.0036211577244102955,-4.2860534449573606e-05,-0.002321495907381177
-0.0013999880757182837,-0.0018895243993028998,-0.003411919344216585
-0.00014164444291964173,0.0011227771174162626,0.0008504698053002357
0.0004960267106071115,-0.00043993175495415926,-0.00024314597249031067
0.0017224124167114496,-0.002423720434308052,-0.0006865626201033592
0.0010906861862167716,0.001761221676133573,-0.0012506204657256603
-0.002147717634215951,-0.0002380132209509611,-0.0019422434270381927
0.00158394081518054,0.00025159947108477354,0.00011982489377260208
-0.0003093004343099892,-0.0022645550779998302,1.755962148308754e-05
-0.0009510358795523643,-0.0010887488024309278,2.263905480504036e-05
0.0007137060747481883,6.200310599524528e-05,0.0027851355262100697
-0.0021877188701182604,-0.0005120084388181567,0.0013664099387824535
-0.0008630625670775771,0.0013490085257217288,0.0002460177056491375
-0.0013332284288480878,-0.0005330733256414533,0.0016322978772222996
-0.00100113230291754,0.0013369984226301312,3.0673108994960785e-05
0.000619417754933238,-0.0011957139940932393,-0.0010889675468206406
0.0003935816930606961,-0.0015097006689757109,-0.0007696547545492649
0.0015603204956278205,0.0005434854538179934,0.0021300152875483036
-0.0013699556002393365,0.0011783830123022199,-0.0005198302678763866
-0.0005770317511633039,-0.0004489607526920736,-0.0009513967670500278
0.0006224560202099383,-0.0012026353506371379,1.5863217413425446e-05
-0.0013600202510133386,0.0027132669929414988,-0.001631314866244793
0.0002943354193121195,-0.00023724896891508251,0.00011305557563900948
-0.0012874205131083727,-0.0004234504303894937,0.000974663533270359
0.0019704243168234825,-0.0025981878861784935,0.00033017853274941444
0.0002782538067549467,0.0007568557048216462,0.0005144216120243073
-0.0023851734586060047,0.002099887700751424,0.0022555962204933167
0.0021289815194904804,0.0006868451018817723,0.0028007477521896362
0.0014892903855070472,-0.00033208029344677925,-0.0032749876845628023
0.0034099845215678215,7.21822798368521e-05,0.002277091611176729
0.00019581534434109926,-0.0008410156588070095,0.0007226048037409782
-0.0010938503546640277,0.0011978903785347939,-0.0006160056218504906
-0.0011529725743457675,-0.0016357130371034145,0.0009786952286958694
-0.0015324322739616036,-0.0008312955615110695,-0.0010701301507651806
0.0009131485130637884,-0.00014446629211306572,-0.0017215395346283913
0.000450800231192261,0.0016432064585387707,-0.0007539223879575729
-0.0009449624340049922,0.0013539871433749795,0.000663944985717535
-0.0006797111709602177,0.0004952856106683612,0.0035255984403192997
0.0019091477151960135,-0.0005233735428191721,0.00045630568638443947
0.0014175185933709145,-0.0008637334685772657,0.0018997597508132458
0.0007884799269959331,-0.00023762433556839824,-0.0009423661977052689
-8.558647823520005e-05,0.0007473363657481968,0.0007121278904378414
-0.0001439097395632416,-0.0021903966553509235,-0.0018911119550466537
0.00043025397462770343,-0.0011105163721367717,0.00353598827496171
-0.0005103744915686548,-0.00046416715485975146,0.0006477902643382549
-0.001460235915146768,0.0018623766954988241,-3.7095509469509125e-05
0.0009304838022217155,0.00047273936797864735,-0.0003798441030085087
0.001779876183718443,-0.00012176641030237079,-0.0003639194183051586
0.0013244756264612079,0.0005509480834007263,-0.0004869573749601841
-4.597488441504538e-05,-0.0013981325319036841,0.000941119622439146
-0.0005892597837373614,-0.0005408609285950661,0.001455908641219139
0.0003904771583620459,-0.0001967871212400496,-0.001080815214663744
0.00037902555777691305,0.0006841865833848715,-9.464658796787262e-05
0.0011870861053466797,0.0006016698898747563,0.00016402220353484154
0.0002965249586850405,-0.0009283161489292979,-4.157423973083496e-05
-0.0009411157225258648,-0.0016499737976118922,0.0026045958511531353
0.002500487258657813,-0.0011120153358206153,-0.0003075702115893364
-0.0024664897937327623,0.004307448398321867,1.3130251318216324e-05
0.00180202501360327,8.10117635410279e-05,-0.0006292243488132954
0.0006296545034274459,0.0005859203520230949,0.0010427017696201801
0.00027758462238125503,-0.0005517820245586336,-0.00023481668904423714
0.0012619958724826574,0.0022769563365727663,0.0017551411874592304
-0.002413166454061866,0.00020874540496151894,-0.001383394468575716
0.0007535370532423258,0.0005990256322547793,-0.00026306137442588806
0.0009655246394686401,-0.0015948864165693521,0.0024842554703354836
-0.002183685079216957,-0.0013686093734577298,0.0008013923652470112
-0.0005871198954991996,-0.0022309410851448774,0.00014758622273802757
0.000669901433866471,0.0006572271813638508,0.00045345257967710495
-0.002790876431390643,-0.0014440069207921624,-0.0001356387510895729
-0.0018489151261746883,6.259248766582459e-05,0.0003448375500738621
0.0005332824075594544,0.0007659333059564233,0.0013903947547078133
-0.0015657655894756317,-0.00031391263473778963,0.00021142885088920593
-0.0016730909701436758,-0.0002840852248482406,0.0010473951697349548
-0.0008542536525055766,0.0008446188876405358,0.0016114474274218082
-0.0007586461724713445,-0.0009476884733885527,0.0004745437763631344
1.2901320587843657e-05,-0.002034188946709037,0.0006645508110523224
-0.0013860572362318635,-0.00016251923807431012,-0.002128838561475277
-0.0014734737342223525,0.0013881695922464132,-0.0015521454624831676
-0.0016556340269744396,0.0013817779254168272,0.002729950938373804
-0.0005560363060794771,-0.00017500821559224278,0.001053402666002512
0.002932970877736807,-0.0009902018355205655,-0.0019732797518372536
-0.000796001055277884,-0.00028383414610289037,-0.00011760368943214417
0.002836550585925579,-0.0012665406102314591,0.0003567049279808998
-0.00021166523220017552,-0.0010873975697904825,-0.000335881020873785
-2.204813063144684e-05,-0.00040110095869749784,0.00028676586225628853
0.0015988595550879836,0.000792991544585675,0.0012837941758334637
-0.00039291862049140036,0.0003945826319977641,0.0002800486981868744
0.0006239609210751951,-0.0021618464961647987,0.00014627212658524513
0.00023700363817624748,-0.0008132215589284897,0.0017974316142499447
0.0010463320650160313,0.0016874494031071663,0.0017678327858448029
0.0008663022890686989,0.0017835893668234348,-0.0004077036865055561
-0.001889922539703548,0.0013773551909253001,0.0007499507628381252
0.0038859411142766476,0.00038852341822348535,0.0018431786447763443
0.002635394688695669,0.000730857253074646,0.0017235823906958103
0.00026278430595993996,0.0002970283094327897,0.0016386271454393864
0.000754576176404953,-0.0008005525451153517,-0.0023535918444395065
-0.0002507671888452023,0.0004790964303538203,-0.0006963065825402737
-0.00048448052257299423,0.00014849661965854466,0.001553990412503481
-0.00231593637727201,0.00018418297986499965,0.0005355975590646267
0.0002883113920688629,0.00285746855661273,-0.0007913163863122463
-0.0010390080278739333,0.0011599697172641754,0.000212961807847023
-0.0019495979649946094,-0.0010802088072523475,0.000923283863812685
0.0011596425902098417,-0.0012136331060901284,1.1683907359838486e-05
0.0004110678273718804,0.0010508920531719923,-0.0005029905587434769
0.0012185382656753063,-0.00045885401777923107,0.0006664032116532326
-0.0002390649460721761,-0.0004885085509158671,0.00021673226729035378
0.0017836058977991343,0.0012420135317370296,-9.405892342329025e-05
-0.003142658155411482,-0.0006311873439699411,0.0009879684075713158
-0.001105073606595397,0.0028066872619092464,9.789131581783295e-06
0.0006529334932565689,0.00033053552033379674,0.0001842179335653782
0.00012749183224514127,0.0007840718608349562,-0.0006157956086099148
6.133533315733075e-05,0.0011460413224995136,0.0015282775275409222
-0.0008598520653322339,0.0009428422199562192,0.0003290558233857155
-0.0008054188219830394,0.0010240823030471802,4.887022078037262e-05
0.0007863524951972067,-0.0014057859079912305,0.0008906954899430275
0.0011366138933226466,0.001461627776734531,0.001700804103165865
0.0005059773684479296,-0.002325919922441244,0.00038413750007748604
0.0002604384790174663,-0.0006793214124627411,0.0010306360200047493
-0.0007560900994576514,0.0028443068731576204,-0.00010520219802856445
0.0008062457200139761,-0.0006508531514555216,0.0007915226742625237
-0.0016878045862540603,0.00042586284689605236,0.0004011029377579689
-0.00022925360826775432,-0.0004749749496113509,0.0015426203608512878
0.0009116446017287672,0.0017700698226690292,6.37671910226345e-05
-0.0006746213184669614,-0.0029638030100613832,-0.00027939025312662125
0.0004015620506834239,0.00035582721466198564,4.338473081588745e-05
4.283676389604807e-05,0.0004935348406434059,0.0003782398998737335
0.0002771949511952698,-7.425108924508095e-05,-0.0006137876771390438
-0.00021817354718223214,-0.0006538653979077935,-3.602355718612671e-06
-0.0016807815991342068,0.0008897027000784874,-0.00017564231529831886
0.0006952223484404385,-0.0006476392736658454,0.0020752307027578354
0.0012965641217306256,-0.00012858922127634287,-0.0006601018831133842
-0.0007196027436293662,-0.0009661869844421744,-0.001417368184775114
0.002811482409015298,-0.00016910291742533445,-0.001943076029419899
0.0011970752384513617,-0.0006776385707780719,3.6786310374736786e-05
-0.0006945680943317711,3.182751243002713e-05,0.000528672244399786
0.0018422757275402546,0.0014964542351663113,0.002546718344092369
-0.0016232957132160664,0.0004085529944859445,-0.0009894268587231636
0.0023773175198584795,0.0026763249188661575,-0.0008057025261223316
-0.0012075635604560375,0.002021986059844494,-0.003011332591995597
0.0018505213083699346,0.0006842150469310582,0.00281082047149539
0.001432138727977872,0.00025198401999659836,-0.0018973825499415398
-0.0015883937012404203,0.0008138098055496812,-0.0019545694813132286
-0.0014096954837441444,0.00038477458292618394,-0.00016519147902727127
0.0007011676789261401,0.0028177283238619566,-0.0005913921631872654
-0.0016211087349802256,0.0023255760315805674,0.0006757401861250401
0.0017991823842749,-0.0011075468501076102,0.00031428737565875053
-0.0010738357668742537,0.0003500012098811567,0.00029484648257493973
3.2485113479197025e-05,-0.0001940443180501461,-0.0006153509020805359
-0.00020240567391738296,0.0007859989418648183,-0.0005019004456698895
0.003006298327818513,-9.267654968425632e-05,-2.0713545382022858e-05
-0.0022723532747477293,-0.0007299709832295775,-0.0012526921927928925
0.0017974809743463993,-0.001002632430754602,0.0015119360759854317
-0.0011831289157271385,0.0016051348065957427,-0.0005163275636732578
9.193844744004309e-05,-0.00046005783951841295,-0.0024614299181848764
-0.00010620072134770453,0.0011516872327774763,0.0003205081447958946
0.00020367441175039858,0.0014062451664358377,-0.0003069085069000721
0.0005221884930506349,-0.0008534469525329769,0.0016790106892585754
0.003021801821887493,0.0005011458415538073,-0.0020590247586369514
0.000792735954746604,0.0012851804494857788,-0.0004784390330314636
-0.0006494820117950439,0.0019342456944286823,-0.0011070114560425282
-0.0026929255109280348,0.0025086894165724516,0.0005721114575862885
0.0008183501195162535,-0.0011377738555893302,0.0009331232868134975
-0.00294043542817235,-5.253565905150026e-05,0.0014263405464589596
-0.0022622758988291025,0.0005671635735780001,0.0014791721478104591
0.00041473342571407557,-0.0007985054980963469,0.0008386820554733276
0.0001034311717376113,-0.0017045264830812812,0.00042240507900714874
-0.0022337590344250202,-0.0002629574155434966,-0.001333950087428093
0.0008809600258246064,-0.0013634617207571864,-0.0004885583184659481
0.0017028115689754486,0.0010685368906706572,0.0012606061063706875
-0.0014162304578348994,-0.0008231207611970603,0.0010978830978274345
-0.00025748906773515046,0.0006032683304511011,0.001534641720354557
0.00017417172784917057,0.00028528959956020117,0.0007469523698091507
-0.0005667197401635349,0.0015188658144325018,-0.0014797169715166092
-0.001125434529967606,0.0013010352849960327,-0.0007661827839910984
0.0017025761771947145,0.0002221887989435345,-0.00015898188576102257
-0.0007749901851639152,-0.001654885127209127,0.0028240475803613663
0.003858111100271344,0.002324942732229829,-0.00025003915652632713
0.001244623912498355,-7.873940921854228e-05,0.00019750697538256645
-0.0005926910089328885,-0.0012068544747307897,0.0011676964350044727
-0.00033423659624531865,0.0012332666665315628,0.00013821758329868317
0.0019305155146867037,-0.0012815564405173063,0.00026631588116288185
0.0029040835797786713,-0.00017916987417265773,-0.0006410693749785423
-0.0017407358391210437,-9.341609984403476e-05,0.0003549526445567608
0.0014252907130867243,0.0002584581670816988,0.001038670539855957
0.0007413908606395125,0.0011016150237992406,9.724311530590057e-05
-5.6379096349701285e-05,-0.00011871672904817387,-0.0004021329805254936
0.0006786533631384373,0.001358006033115089,0.0009704600088298321
-0.0029085660353302956,-0.0008347442490048707,-0.0008058114908635616
0.0013548886636272073,0.0001399726897943765,-5.772989243268967e-05
0.0028044157661497593,0.00037851108936592937,0.0007665879093110561
-0.001634540967643261,0.001260549994185567,0.000604135449975729
-0.0008490890031680465,0.00038973361370153725,0.00041950447484850883
0.001878254348412156,0.0015663182130083442,0.0015843710862100124
0.0007958915084600449,-0.000440381933003664,0.0009243371896445751
0.0008811127045191824,-0.0011738165048882365,0.0016553751192986965
-0.0020091398619115353,9.023829625220969e-05,-0.0007277382537722588
-2.4552311515435576e-05,7.42593256291002e-05,0.0013218307867646217
0.00018717863713391125,0.0019218864617869258,0.0016800402663648129
0.001341925235465169,-0.000817973748780787,0.0006677727214992046
0.0014198649441823363,2.456590300425887e-05,0.0004768860526382923
0.0005426197312772274,0.0007987468270584941,-0.00010128645226359367
0.001959718530997634,-0.0006539190071634948,-0.0013211360201239586
8.458690717816353e-05,1.6398626030422747e-05,0.0004024617373943329
-0.0002189698861911893,0.0007828134694136679,-1.4603137969970703e-06
0.0005927616148255765,0.0008533872314728796,-0.0005740402266383171
0.0011073757195845246,-0.000136166054289788,0.0004433286376297474
-0.00012886367039754987,0.0007597212679684162,0.00104467011988163
0.0008927471935749054,-0.001542306737974286,-0.0018130773678421974
-0.0010862478520721197,-0.0006813068757764995,0.0004253094084560871
-0.0035878506023436785,-0.00031406403286382556,0.0019243001006543636
-0.004368689376860857,-0.010965109802782536,0.0022798324935138226
0.0002747810212895274,4.3193227611482143e-05,-0.0006473776884377003
-0.0006139158504083753,0.0007111140294000506,0.001379021443426609
0.0008339216583408415,-0.002745513105764985,0.0016907025128602982
-0.0010385469067841768,0.002539796521887183,0.0056777214631438255
-0.000942378886975348,0.004580826032906771,0.1896752268075943
-0.0018236188916489482,0.0015932919923216105,0.37930962443351746
0.0002937477547675371,0.002994946902617812,0.47014617919921875
-0.0025161535013467073,-0.0001955199259100482,0.4658946990966797
-0.0013057675678282976,0.0017352328868582845,0.377816766500473
-0.0015443868469446898,0.0025656064972281456,0.2743055522441864
-0.0011651500826701522,0.001645742799155414,0.19409729540348053
-0.0005446335999295115,0.0026375039014965296,0.10404916107654572
-0.0005555438692681491,0.0027096911799162626,0.0994219109416008
-0.0018980433233082294,2.05539254238829e-06,0.09374964237213135
0.0016582366079092026,-0.0012333255726844072,0.08141689747571945
-0.0016480778576806188,8.094441727735102e-05,0.04054563492536545
-0.0013330931542441249,0.0009705675183795393,0.020615411922335625
-0.004732884466648102,0.006400753278285265,0.012685317546129227
-0.014494243077933788,0.00900596845895052,0.018303602933883667
-0.02380278892815113,0.014981302432715893,0.02204987406730652
-0.04892922565340996,0.029111675918102264,0.02494104765355587
-0.07973135262727737,0.045903705060482025,0.011970121413469315
-0.1445353627204895,0.02012115716934204,-0.029711566865444183
-0.2922803461551666,0.020849797874689102,-0.07204198092222214
-0.28458112478256226,0.04919547960162163,-0.1195855662226677
-0.13098889589309692,0.11604615300893784,-0.2071383148431778
-0.11460212618112564,0.15164555609226227,-0.30206596851348877
-0.22818009555339813,-0.17761649191379547,-0.4197944700717926
-0.12803974747657776,0.2533903121948242,-0.4131026268005371
-0.12872019410133362,0.08737578243017197,-0.573531448841095
-0.11090157926082611,0.21364012360572815,-0.4182398021221161
-0.041609056293964386,0.804558277130127,-0.06170964986085892
-0.14953485131263733,1.2629631757736206,0.3250728249549866
-0.5584694147109985,1.560094952583313,0.8469474911689758
-0.9901084303855896,1.575706124305725,1.2410999536514282
-1.181818962097168,0.6979609727859497,1.212601661682129
-1.1380153894424438,-0.5225575566291809,0.8458921313285828
-0.9215556979179382,-1.3577888011932373,0.4006134271621704
-0.6534671187400818,-1.6717963218688965,0.1403430700302124
-0.3863922655582428,-1.7819263935089111,0.23550021648406982
-0.16756433248519897,-1.8163762092590332,0.594146192073822
0.00830523855984211,-1.8088232278823853,0.960561990737915
0.15365765988826752,-1.826098084449768,1.1268446445465088
0.2653160095214844,-1.8836508989334106,1.132055401802063
0.2866840958595276,-2.081958293914795,1.0268404483795166
0.23791788518428802,-2.2582015991210938,0.9411737322807312
0.08657189458608627,-2.1942107677459717,0.9338829517364502
-0.11892054229974747,-1.9403427839279175,0.9988129138946533
-0.3288377523422241,-1.6765460968017578,1.097766637802124
-0.45973479747772217,-1.4198120832443237,1.1573281288146973
-0.5409085154533386,-1.166090726852417,1.0992578268051147
-0.5630092620849609,-0.9547145962715149,0.9731312990188599
-0.5661154985427856,-0.8480019569396973,0.7660362720489502
-0.6016822457313538,-0.8690574169158936,0.5370432734489441
-0.6279059052467346,-0.874883234500885,0.3744318187236786
-0.6047776937484741,-0.6796314120292664,0.46723923087120056
-0.6918419003486633,-0.5029321908950806,0.6080145835876465
-0.7153688073158264,-0.3580823242664337,0.737602949142456
-0.7247344255447388,-0.22409339249134064,0.7327768802642822
-0.6903108954429626,-0.20769444108009338,0.5956991910934448
-0.5395616888999939,-0.20505449175834656,0.4465488791465759
-0.3353302478790283,-0.07612261921167374,0.28613603115081787
-0.11662557721138,0.026569968089461327,0.10804963856935501
0.03387684002518654,-0.0037349408958107233,-0.01729523576796055
0.10354362428188324,-0.10405047237873077,-0.05369805544614792
0.11690124124288559,-0.17948663234710693,-0.03121005743741989
0.08188608288764954,-0.1994955837726593,0.040926359593868256
-0.08523206412792206,-1.2208884954452515,0.05900495871901512
-0.17243920266628265,-1.6113961935043335,-0.11537822335958481
-0.12557795643806458,0.503351092338562,-0.37516239285469055
-0.16375522315502167,1.7312642335891724,-0.434204638004303
-0.1588374376296997,0.5753095746040344,-0.39506787061691284
-0.04831290990114212,-0.7189203500747681,-0.2997095584869385
-0.030478520318865776,-0.8588415384292603,-0.23709169030189514
-0.054966576397418976,-0.6865419149398804,-0.22269755601882935
-0.1208643689751625,-0.6165825128555298,-0.24827907979488373
-0.2198573350906372,-0.8426688313484192,-0.2744552195072174
-0.3011750876903534,-1.1317565441131592,-0.3282574713230133
-0.37849515676498413,-1.4501692056655884,-0.3663595914840698
-0.4238530397415161,-1.275154709815979,-0.3528922498226166
-0.5089659690856934,-0.6567960977554321,-0.3085361123085022
-0.59723299741745,-0.12411780655384064,-0.2890993356704712
-0.6973782777786255,0.09943705797195435,-0.30166560411453247
-0.9277422428131104,0.3384177088737488,-0.4472976326942444
-1.0542751550674438,0.5358806252479553,-0.5964279770851135
-1.3582364320755005,0.44928398728370667,-0.7976212501525879
-1.6395381689071655,0.01611980050802231,-0.9838874340057373
-1.4304836988449097,-0.7720003724098206,-0.6865396499633789
-0.931124746799469,-0.9733036756515503,-0.12450918555259705
-0.6409459114074707,-0.3906154930591583,0.053593166172504425
-0.519297182559967,0.12070731073617935,-0.11628381907939911
-0.03240341693162918,0.49958935379981995,-0.0015383348800241947
0.4597271978855133,0.7732986807823181,-0.1186029314994812
0.7636154294013977,1.1029038429260254,-0.3914315402507782
0.901028037071228,1.1992871761322021,-0.6252878308296204
0.9041159749031067,1.0813692808151245,-0.6666006445884705
0.836400032043457,0.886032223701477,-0.528123140335083
0.7547405958175659,0.6440153121948242,-0.3154974579811096
0.6828535199165344,0.44043591618537903,-0.07074572145938873
0.5721706748008728,0.2264421433210373,0.14841485023498535
0.3967149257659912,0.0686694085597992,0.34153515100479126
0.2517332434654236,0.10127368569374084,0.47660186886787415
0.15489162504673004,0.13668568432331085,0.5037727952003479
0.07442687451839447,0.3917401134967804,0.5614302754402161
0.026141919195652008,0.681850790977478,0.6243465542793274
-0.017969882115721703,0.7691135406494141,0.6354479789733887
-0.034464430063962936,0.6435756087303162,0.5900378823280334
0.029552903026342392,0.396578311920166,0.5308690667152405
0.17584998905658722,0.10128288716077805,0.4355558156967163
0.3566693067550659,-0.16141371428966522,0.3217128813266754
0.49046972393989563,-0.2060653269290924,0.24101802706718445
0.5364875197410583,-0.07646925002336502,0.18717610836029053
0.5428624153137207,0.07956994324922562,0.10834117233753204
0.564127504825592,0.25332871079444885,0.005893894471228123
0.6303133964538574,0.423269659280777,-0.0699523314833641
0.6404682397842407,0.5755811333656311,-0.08550119400024414
0.5543150305747986,0.6546741724014282,-0.06343453377485275
0.38441598415374756,0.5976763963699341,-0.004957376979291439
0.1928916871547699,0.46796420216560364,0.10048209875822067
0.0062115611508488655,0.3328649699687958,0.24385151267051697
-0.15163196623325348,0.2363981306552887,0.38917315006256104
-0.27063584327697754,0.1842726171016693,0.5009291768074036
-0.3329552114009857,0.13879451155662537,0.5676814317703247
-0.3565140664577484,0.09875068813562393,0.6027752161026001
-0.3884667754173279,0.08847525715827942,0.5831517577171326
-0.4383839964866638,0.041563406586647034,0.49472683668136597
-0.500396728515625,-0.025644797831773758,0.3728887736797333
-0.5557595491409302,-0.057451460510492325,0.2175298035144806
-0.5699806213378906,-0.09021031856536865,0.08386927098035812
-0.5215150713920593,-0.13676823675632477,0.004151542671024799
-0.3829050362110138,-0.19361984729766846,-0.02759704366326332
-0.19325919449329376,-0.21593207120895386,0.0019030598923563957
-0.030879072844982147,-0.14031295478343964,0.0903831198811531
0.047472722828388214,-0.015591519884765148,0.1655532419681549
0.04413379728794098,0.12911775708198547,0.19836536049842834
0.005739267915487289,0.32054072618484497,0.20624911785125732
-0.035022687166929245,0.4698236584663391,0.1902759075164795
-0.07359404861927032,0.48928895592689514,0.14636623859405518
-0.11441024392843246,0.38093680143356323,0.09302344173192978
-0.1443963646888733,0.20130978524684906,0.044063884764909744
-0.16364987194538116,0.0275509525090456,-0.006674215663224459
-0.17719124257564545,-0.05536177381873131,-0.02495468594133854
-0.19395089149475098,-0.029627319425344467,-0.028146380558609962
-0.18408679962158203,0.03155667707324028,-0.033336881548166275
-0.14270968735218048,0.07289209961891174,-0.040724076330661774
-0.10027274489402771,0.08259399235248566,-0.021840933710336685
-0.0867413654923439,0.09552602469921112,0.006420675665140152
-0.09016112983226776,0.14388130605220795,0.04436193406581879
-0.08327411860227585,0.12760663032531738,0.09881310164928436
-0.08934638649225235,0.018782684579491615,0.17900194227695465
-0.10946417599916458,-0.05899599939584732,0.225879967212677
-0.15693208575248718,-0.051500268280506134,0.23355945944786072
-0.22313490509986877,-0.07119160145521164,0.2241159975528717
-0.2678688168525696,-0.13384512066841125,0.21066570281982422
-0.3131157159805298,-0.1677136868238449,0.20346426963806152
-0.3103095293045044,-0.11502305418252945,0.17820926010608673
-0.2737131714820862,-0.04164659231901169,0.12389515340328217
-0.158567413687706,-0.004280842375010252,0.07158693671226501
-0.019962221384048462,-0.017904695123434067,0.03294776752591133
0.12511134147644043,-0.03966565057635307,0.0342218242585659
0.23456497490406036,-0.06004983186721802,0.06493836641311646
0.26187703013420105,-0.033909305930137634,0.08946128189563751
0.20472970604896545,-0.06152839958667755,0.08190122991800308
0.10430856049060822,-0.15617741644382477,0.059346649795770645
-0.016621621325612068,-0.2704651951789856,0.0457477942109108
-0.11961937695741653,-0.3292717933654785,0.05431172251701355
-0.18311357498168945,-0.32763054966926575,0.06802370399236679
-0.19000795483589172,-0.2972710430622101,0.0764363631606102
-0.1383487582206726,-0.24937885999679565,0.06158098205924034
-0.03667699173092842,-0.20712462067604065,0.023492716252803802
0.08631126582622528,-0.1562395691871643,-0.033994294703006744
0.15850849449634552,-0.12270452082157135,-0.07688956707715988
0.15875954926013947,-0.16078656911849976,-0.07636642456054688
0.10155431181192398,-0.25203096866607666,-0.008724002167582512
0.05777958035469055,-0.33973249793052673,0.09537556767463684
4.890686250291765e-05,-0.49686992168426514,0.177418515086174
-0.04835667833685875,-0.5903950333595276,0.22524245083332062
-0.057658832520246506,-0.6172583699226379,0.2549968957901001
-0.028479741886258125,-0.5996124148368835,0.28150635957717896
0.001713047968223691,-0.5576838850975037,0.29059815406799316
0.004060342907905579,-0.5273316502571106,0.2883046567440033
-0.029850751161575317,-0.5383435487747192,0.27467164397239685
-0.08813327550888062,-0.5485200881958008,0.25981712341308594
-0.1289057433605194,-0.5455607771873474,0.25374460220336914
-0.11349722743034363,-0.5523598194122314,0.2723936438560486
-0.06558403372764587,-0.5279231667518616,0.2995688021183014
-0.017617089673876762,-0.4868650734424591,0.31200262904167175
0.02542891539633274,-0.44605985283851624,0.30476948618888855
0.06266499310731888,-0.41746971011161804,0.28147852420806885
0.07739467173814774,-0.3870694637298584,0.24412153661251068
0.049085814505815506,-0.3457089364528656,0.19539661705493927
-0.02146877907216549,-0.3063165247440338,0.13699188828468323
-0.08306648582220078,-0.2430374026298523,0.08426140248775482
-0.09444350749254227,-0.1490166336297989,0.05668144300580025
-0.03449389711022377,-0.035590752959251404,0.04599977657198906
0.059107162058353424,0.07293039560317993,0.04854708909988403
0.12253972887992859,0.11532006412744522,0.06363331526517868
0.13370557129383087,0.0910773053765297,0.0968695655465126
0.06648455560207367,0.026380805298686028,0.11784185469150543
-0.07398360967636108,-0.06440369039773941,0.10343682020902634
-0.24344904720783234,-0.10591139644384384,0.05881951004266739
-0.38869383931159973,-0.10950373113155365,-0.028732437640428543
-0.4787920415401459,-0.09241846948862076,-0.1284124255180359
-0.5132189989089966,-0.02203911356627941,-0.219572976231575
-0.48125892877578735,0.07740306109189987,-0.2663649916648865
-0.38731858134269714,0.15944945812225342,-0.27600640058517456
-0.24858583509922028,0.20117966830730438,-0.25352683663368225
-0.11591088026762009,0.21482276916503906,-0.21915128827095032
-0.029898179695010185,0.21096663177013397,-0.18341411650180817
-0.013727464713156223,0.19175060093402863,-0.13831615447998047
-0.07977966964244843,0.15593622624874115,-0.11077459156513214
-0.1862429976463318,0.11212296783924103,-0.11317303776741028
-0.2893139123916626,0.0643385499715805,-0.12063051015138626
0.13394013047218323,-0.47725197672843933,-0.01929057203233242
0.5381463766098022,-0.3582182824611664,0.12356685847043991
0.4698929786682129,-0.13459397852420807,0.18004877865314484
0.09702721238136292,0.3454574644565582,0.11702193319797516
0.13446779549121857,0.37260758876800537,0.0804830938577652
0.3521863520145416,0.2933712303638458,-0.005937344394624233
0.4965187609195709,0.4543561041355133,-0.11478473246097565
0.486103355884552,0.6543394327163696,-0.18796728551387787
0.3680659234523773,0.6946237683296204,-0.23910237848758698
0.27645009756088257,0.6818003058433533,-0.25003769993782043
0.4867601990699768,-0.08967721462249756,-0.22502076625823975
0.29582589864730835,0.3269721567630768,-0.12771601974964142
0.12262588739395142,0.18969763815402985,-0.08702903985977173
-0.012117029167711735,0.2024243324995041,0.04554499685764313
-0.026404887437820435,0.16848446428775787,0.0701877549290657
0.020955245941877365,0.19400380551815033,0.051325589418411255
-0.011244501918554306,0.1989263892173767,-0.0014167185872793198
-0.13861478865146637,0.14714960753917694,-0.07212889939546585
-0.24608799815177917,0.10369426757097244,-0.09526990354061127
-0.3182172477245331,0.10592610388994217,-0.07307118922472
-0.34377801418304443,0.11798650026321411,-0.04147544130682945
-0.33501386642456055,0.14237774908542633,-0.024374425411224365
-0.2841791808605194,0.19852598011493683,0.0009996406733989716
-0.2088964581489563,0.24456846714019775,0.02307916060090065
-0.12937048077583313,0.272303968667984,0.028285108506679535
-0.07889581471681595,0.2631531357765198,0.02329431101679802
-0.05105406418442726,0.20866486430168152,0.009005386382341385
-0.04182027652859688,0.11969280242919922,-0.003845516126602888
-0.03555119410157204,0.04465397447347641,-0.018703291192650795
-0.03333757445216179,0.018030883744359016,-0.03489743918180466
-0.0757305696606636,-0.02942611277103424,-0.03719654679298401
-0.21074219048023224,-0.09799080342054367,-0.028361503034830093
-0.3621881604194641,-0.08468511700630188,-0.035478267818689346
-0.4522206485271454,0.014395014382898808,-0.051508571952581406
-0.43500518798828125,0.10006623715162277,-0.09376122802495956
-0.3307904303073883,0.19370153546333313,-0.16539832949638367
-0.1980949491262436,0.300399512052536,-0.23679527640342712
-0.0681704729795456,0.32827380299568176,-0.2897605299949646
0.041149355471134186,0.2845710813999176,-0.302429735660553
0.09478235989809036,0.20947018265724182,-0.26736053824424744
0.06988473236560822,0.08662921190261841,-0.25327375531196594
-0.03320545330643654,-0.007393452804535627,-0.2598629295825958
-0.09721559286117554,-0.02180648036301136,-0.2419593185186386
0.017562925815582275,0.10971906781196594,-0.22438299655914307
0.1533263474702835,0.1512310951948166,-0.12215383350849152
0.19374717772006989,0.10775425285100937,-0.04824540391564369
0.19169121980667114,0.08829400688409805,-0.01200670562684536
0.14102768898010254,0.021940376609563828,-0.02285340428352356
0.010293913073837757,-0.11941355466842651,-0.0768018513917923
-0.15584571659564972,-0.2669088542461395,-0.11391735821962357
-0.30229640007019043,-0.3907378315925598,-0.13778939843177795
-0.3979005217552185,-0.5061687231063843,-0.1512145698070526
-0.4678274095058441,-0.577012836933136,-0.13196922838687897
-0.5697632431983948,-0.6216059327125549,-0.07818653434515
-0.6975420117378235,-0.636690616607666,-0.05007233843207359
-0.8015173673629761,-0.6909783482551575,-0.0859735906124115
-0.32626405358314514,-0.6798593997955322,-0.107408307492733
-0.18110184371471405,-0.6097983717918396,-0.11958238482475281
-0.714743971824646,-0.3930029571056366,-0.0341511070728302
-0.738095223903656,-0.26932787895202637,0.05308299884200096
-0.40087828040122986,-0.5251575112342834,0.03044985607266426
-0.16298092901706696,-0.6842992901802063,-0.006174566224217415
0.00033396424259990454,-0.5469352602958679,0.07361692935228348
0.033877793699502945,-0.4033603370189667,0.1868969053030014
0.06317123025655746,-0.5031465888023376,0.2867361605167389
0.12863554060459137,-0.6950058341026306,0.3220384120941162
0.22062617540359497,-0.7140786051750183,0.26048529148101807
0.36189568042755127,-0.5844128131866455,0.17204387485980988
0.5670937895774841,-0.36243119835853577,0.09900108724832535
0.6875842809677124,-0.09214891493320465,0.0047827516682446
0.498106449842453,0.07280382513999939,-0.10469073802232742
0.3134844899177551,0.309568852186203,-0.1353382170200348
0.17496256530284882,0.7821369171142578,-0.08595176041126251
0.2071618288755417,1.1250832080841064,-0.08787967264652252
0.32378509640693665,1.074547529220581,-0.15850484371185303
0.42526692152023315,0.8376222252845764,-0.1989528387784958
0.6071032881736755,0.5942319631576538,-0.05495625361800194
0.7171227931976318,0.4538154602050781,0.04192047566175461
0.7782777547836304,0.37543782591819763,0.053702302277088165
0.8950173854827881,0.3442855775356293,-0.01407705433666706
0.9868714213371277,0.3730112314224243,-0.303772509098053
1.0363028049468994,0.3146321773529053,-0.49743136763572693
1.029703140258789,0.22171767055988312,-0.5608758330345154
0.9149402976036072,0.06273738294839859,-0.5412101745605469
0.7277283668518066,-0.3991152048110962,-0.562200665473938
0.4479650855064392,-1.0009170770645142,-0.504832923412323
0.1535603404045105,-1.0732661485671997,-0.48714232444763184
-0.02086663246154785,-0.5445945858955383,-0.4655970335006714
-0.10656023025512695,0.0006143940845504403,-0.4489794671535492
-0.1348540037870407,0.25339266657829285,-0.5074208974838257
-0.0767531543970108,0.2849668264389038,-0.5714660882949829
0.022566931322216988,0.25498050451278687,-0.6546943187713623
0.18021701276302338,0.2080705165863037,-0.7537615299224854
0.3832574486732483,0.1545076221227646,-0.9402376413345337
0.6618787050247192,0.0938141718506813,-1.2065998315811157
0.9611147046089172,0.0016409315867349505,-1.478111982345581
1.1307077407836914,-0.031533535569906235,-1.7340072393417358
1.1537233591079712,0.016516316682100296,-1.7895041704177856
1.0646990537643433,0.1343689113855362,-1.5381680727005005
0.8871517181396484,0.4165378212928772,-1.243446707725525
0.7109020948410034,0.8418864607810974,-1.170456051826477
0.6075693964958191,1.1694353818893433,-1.1115713119506836
0.5485537052154541,1.2691237926483154,-0.9861681461334229
0.42813146114349365,1.2343192100524902,-0.9002252817153931
0.28520065546035767,1.143233299255371,-0.883267343044281
0.1663873791694641,1.0520210266113281,-0.8346916437149048
0.10244062542915344,1.0307071208953857,-0.7354438900947571
0.09573105722665787,1.0150504112243652,-0.6486749053001404
0.1673802137374878,0.9588287472724915,-0.6272221207618713
0.28342440724372864,0.911177396774292,-0.614791214466095
0.39874008297920227,0.8824993968009949,-0.6261517405509949
0.45322561264038086,0.8800296783447266,-0.6764653921127319
0.46211203932762146,0.9248815774917603,-0.6459192037582397
0.43692654371261597,0.9572309851646423,-0.5465369820594788
0.3556428551673889,0.9652987718582153,-0.4566968083381653
0.2640265226364136,0.9530788064002991,-0.42876890301704407
0.15864495933055878,0.8477204442024231,-0.415925532579422
0.07805033773183823,0.6120111346244812,-0.3845650255680084
0.07168298214673996,0.4078015685081482,-0.3633321523666382
0.1544966995716095,0.2713157534599304,-0.3953162431716919
0.2563229501247406,0.14204537868499756,-0.4312867820262909
0.3397403359413147,0.10014505684375763,-0.41755977272987366
0.4057638347148895,0.11172554641962051,-0.38036206364631653
0.6120278835296631,0.05011409521102905,-0.37194982171058655
0.642134428024292,-0.08544852584600449,-0.3111985921859741
0.39223068952560425,-0.07679295539855957,-0.16377492249011993
0.09550449997186661,0.18998335301876068,0.06871850043535233
-0.0826728492975235,0.32080498337745667,0.25484031438827515
-0.07842084765434265,0.14645527303218842,0.3074614405632019
-0.0019215357024222612,-0.1254419982433319,0.2181677669286728
0.04661111161112785,-0.2658339738845825,0.12320531159639359
0.058504991233348846,-0.23656971752643585,0.10476512461900711
0.0369429737329483,-0.10666178911924362,0.07900889217853546
0.03375903144478798,0.029730405658483505,0.0012268908321857452
0.04225185513496399,0.14757661521434784,-0.09213048964738846
0.07662104070186615,0.27881723642349243,-0.13601088523864746
0.01742536388337612,1.1189905405044556,-0.07862056791782379
0.17151187360286713,1.6653950214385986,-0.1472529023885727
0.24299271404743195,1.8444515466690063,-0.18010565638542175
0.37689408659935,2.377875566482544,0.0211831983178854
0.21562345325946808,2.545318365097046,0.06086030229926109
-1.0428193807601929,1.8601058721542358,0.1723092645406723
-0.5519464015960693,-0.5860997438430786,0.18155497312545776
-0.7493082284927368,-1.1847854852676392,0.057144682854413986
-0.08106256276369095,0.6491115093231201,0.07765928655862808
-0.019438058137893677,-0.0055171591229736805,0.0006062840111553669
-0.014591637998819351,-0.011146282777190208,-0.011990201659500599
-0.008271446451544762,-0.0072786202654242516,0.013990025036036968
-0.00814734399318695,-0.009323927573859692,0.01117612887173891
-0.007582176011055708,-0.011172068305313587,-0.0012888475321233273
-0.004663883708417416,-0.007259885314851999,-0.005864158272743225
-0.002106259809806943,-0.007782552856951952,0.00028969254344701767
-0.003067128360271454,-0.0068038408644497395,0.005819746293127537
-0.001050072954967618,-0.006260602734982967,0.012898986227810383
-0.002722538076341152,-0.007515218108892441,0.03487059846520424
-0.002211089711636305,-0.004017972853034735,0.048580415546894073
-0.003752260934561491,-0.0014269836246967316,0.06432235985994339
-0.0015561804175376892,0.002229347126558423,0.06579796969890594
-7.999010267667472e-05,0.002631484530866146,0.05808546021580696
-0.000747805112041533,-1.681514550000429e-05,0.05035391077399254
0.0004183930577710271,0.00012220186181366444,0.044252343475818634
0.003857721807435155,-0.002698642900213599,0.013288205489516258
0.0010566090932115912,0.0006396293756552041,-0.0018257657065987587
-0.001763214124366641,0.0007449512486346066,0.0013980665244162083
0.00023389029956888407,-0.0012569469399750233,-0.0010760100558400154
0.002489313716068864,0.0012197772739455104,0.001067576464265585
0.00038754710112698376,-0.00043963833013549447,-3.656977787613869e-05
0.004485063720494509,-0.002164614386856556,-0.002476532943546772
-0.0012929303338751197,0.0012338453670963645,0.002109963446855545
0.001207732129842043,-0.0010994436452165246,0.00035472260788083076
-0.00028523599030449986,-0.00042406603461131454,0.0014636628329753876
0.0017531856428831816,0.001100405352190137,-0.0023577476385980844
-0.002511866856366396,-0.0008692684350535274,-0.0008219024166464806
0.001289232517592609,-0.00013696160749532282,-0.0006828536279499531
-0.0014458339428529143,0.0022034242283552885,-0.0009571588598191738
0.0004480616480577737,-0.0013250154443085194,0.00238923542201519
0.00246806931681931,-0.0015694935573264956,-0.00029975827783346176
0.0012104941997677088,-0.00011120848648715764,-0.0035690199583768845
-0.0016816984862089157,0.0011703046038746834,-0.004881958477199078
0.0010056591127067804,-0.0004873244615737349,-0.0011295229196548462
0.002864545676857233,0.001016296329908073,-0.0010147406719624996
-0.001126277493312955,-0.0014994817320257425,-0.0011536763049662113
0.0005887981969863176,-0.0016579398652538657,0.00020000850781798363
0.0003833164519164711,-0.000321331899613142,5.6607648730278015e-05
-0.0008436018251813948,0.0011948056053370237,-0.0004027877002954483
0.0008085700101219118,-0.0024192126002162695,0.0013879798352718353
0.0018032606458291411,0.0008860365487635136,-0.0012424238957464695
-0.0017919078236445785,-0.0009473483078181744,0.003294161055237055
0.00031625034171156585,-0.0010062041692435741,0.0008152909576892853
-0.0005687864613719285,-0.0009496181737631559,3.2131094485521317e-05
-0.0026521773543208838,0.0011798455379903316,-0.00026161549612879753
-0.0013294771779328585,-0.0012478043790906668,0.0019837617874145508
0.0015661778161302209,-0.0013476728927344084,-1.6246922314167023e-06
0.0017333030700683594,-0.0001460340281482786,0.0007718978449702263
-0.0011498350650072098,-0.0008038348169066012,-0.000779926311224699
-0.0010188377927988768,0.0023101374972611666,-0.0006699026562273502
-0.002735511399805546,0.000734877772629261,0.0010209381580352783
-0.0018353782361373305,-0.000821504567284137,-0.0012070462107658386
0.0021913214586675167,0.000413136905990541,0.002226834185421467
0.0004908853443339467,0.00039687607204541564,-0.0012690890580415726
0.00012523331679403782,-0.00037970166886225343,-0.0016800151206552982
-0.0007636463269591331,-0.0014352086000144482,-0.000358381774276495
0.0015122911427170038,0.0011826787376776338,0.002264032606035471
-0.001387997530400753,-0.00045671366387978196,-0.0014562844298779964
0.0020056685898452997,-0.0010149122681468725,0.0024700136855244637
-0.0025104819796979427,-0.00043266755528748035,0.0008174804970622063
0.0015566976508125663,-0.0015506625641137362,0.0002709999680519104
3.891647793352604e-05,0.0006892289384268224,0.0005789115093648434
-0.0005152873345650733,-0.00031957647297531366,-0.0014924951829016209
0.0017640506848692894,-4.938187703373842e-05,0.002749953418970108
-0.0013723541051149368,0.0012007059995085,-0.0011334684677422047
-0.001813198090530932,-0.0014564479934051633,-0.0006577209569513798
0.0035317661240696907,-0.0006875933613628149,-0.0019669309258461
9.747955482453108e-05,-0.0004634554497897625,-0.0013106679543852806
0.0010503585217520595,-3.308863961137831e-05,0.0005982858128845692
0.0017029136652126908,-0.0004688762710429728,-0.00023005297407507896
0.0035173252690583467,0.00043473433470353484,0.0016259043477475643
0.0003910870582330972,0.0003882872697431594,3.753136843442917e-05
-0.0005769720301032066,0.0007528740097768605,-0.0004855133593082428
0.0011945837177336216,-0.0007791040698066354,-0.0014901314862072468
0.0010217444505542517,0.0006882976740598679,0.00023719482123851776
0.002344505861401558,0.0006425632163882256,0.0011815098114311695
-0.0007189282914623618,-0.0009571976261213422,0.00043768854811787605
0.0017263622721657157,-0.0004905738169327378,-2.554524689912796e-05
-0.0009125639917328954,0.001448473776690662,-0.001033018808811903
0.00249876850284636,0.0023094075731933117,-0.0009145368821918964
0.0004888807306997478,-0.00025415129493921995,-0.0012013590894639492
0.002304058289155364,-0.001337847555987537,-0.0009329612366855145
-0.00021848772303201258,-0.0003700548259075731,0.0008769230917096138
0.00062162074027583,0.0012464714236557484,0.0018300246447324753
0.0013425383949652314,-0.0021711632143706083,-0.0006810696795582771
0.00030872010393068194,-0.0019523705122992396,0.0007052752189338207
0.0010195177746936679,-0.002542793285101652,-0.000966391060501337
0.001989868003875017,0.00010759837459772825,-0.0013199127279222012
0.001841530087403953,-0.0005182444583624601,0.0005219294689595699
-0.0010549210710451007,-1.5045727195683867e-05,0.0007818103767931461
-0.0020506770815700293,-0.0008531425264663994,0.0005149617791175842
0.0008265635697171092,-0.0003535439318511635,0.0009452365338802338
0.0008790278807282448,-0.001444907276891172,-0.00046011386439204216
-0.0002584134344942868,-0.0002286264207214117,-0.0018037427216768265
-0.0015705529367551208,-0.0004440761695150286,-0.0015611285343766212
0.0006441303994506598,0.001070678699761629,0.0001495438627898693
-0.0007649480830878019,6.586805102415383e-05,-0.00026857247576117516
0.001475513563491404,0.0006358849350363016,-0.0011608204804360867
-0.000901623978279531,-0.00019502131908666342,0.0011590593494474888
0.0003552141133695841,0.0003801023995038122,0.00023889681324362755
0.0015648219268769026,-0.001231642672792077,0.0024538482539355755
-0.0015027453191578388,0.0011734695872291923,-0.001265211496502161
-0.0015735854394733906,0.0003015507245436311,-0.000503813847899437
0.001496325945481658,0.00045313785085454583,0.0010519446805119514
0.0019341495353728533,-0.0015242593362927437,-0.0011401032097637653
-0.004034113604575396,-0.0007596572395414114,0.0015661343932151794
-0.0006495020934380591,0.0008430330781266093,0.0008793049491941929
0.0001798267912818119,-0.0012270737206563354,-0.00010623503476381302
0.0012163290521129966,0.00042302088695578277,0.0002943044528365135
0.0005193293327465653,-0.0014397146878764033,0.001956865657120943
-0.0009944114135578275,0.0003283580008428544,-0.0002839178778231144
0.0013511672150343657,0.001810678280889988,0.0013722162693738937
-0.0006198382470756769,-0.0009968261001631618,0.0004976340569555759
0.001689966768026352,0.00040572977741248906,0.00045233312994241714
-3.4163735108450055e-05,-0.00023129834153223783,0.001790571492165327
-0.0022459817118942738,0.0013200553366914392,0.0017607319168746471
0.002623608335852623,-0.002278141677379608,0.0016307695768773556
0.0011533021461218596,0.0010237887036055326,-0.00043965457007288933
0.002062505343928933,5.919171235291287e-05,-0.0003397860564291477
9.812013013288379e-05,0.00032755592837929726,-0.00019769184291362762
0.0008909432217478752,-0.0015848600305616856,0.0004004542715847492
0.000682469573803246,0.0006685179541818798,-0.0011579249985516071
-0.0005100939888507128,-0.0003464127075858414,-0.0022895019501447678
-0.0015665150713175535,-0.0024010103661566973,0.000931927002966404
-9.858078556135297e-05,-0.001198859536089003,0.0010597589425742626
0.0006316503859125078,0.00023954630887601525,0.0003299517557024956
0.0001112686877604574,0.0014805793762207031,0.00014645978808403015
-0.0024622813798487186,0.000761314993724227,-8.763652294874191e-05
-0.0014039409579709172,-0.00144351611379534,-0.001988600939512253
-0.0014444028493016958,-0.0013400481548160315,-0.0007456154562532902
0.004024664871394634,0.0013548044953495264,0.0032187658362090588
0.003733215620741248,-0.0010853051207959652,0.0001148558221757412
0.0029579694382846355,0.0009211204596795142,-0.00045692501589655876
3.0897819669917226e-05,0.00013952500012237579,-7.52112828195095e-05
-0.0008122590370476246,0.0016506025567650795,-0.001813456416130066
-0.001205318490974605,0.0002750835265032947,-0.0014176624827086926
0.0004216065863147378,0.0005850754678249359,0.0025911936536431313
-0.0022324249148368835,-0.00146590790245682,-8.617527782917023e-05
0.001710917567834258,0.0011178910499438643,-0.0013857977464795113
0.0019483523210510612,-5.088499892735854e-05,0.0001509217545390129
-0.003989431541413069,-0.0026970019098371267,-0.001939659472554922
-0.00293988105840981,-0.00026280010933987796,-0.0012609227560460567
0.0013930820859968662,-0.0033621869515627623,-0.00022042589262127876
-0.00090452388394624,-0.003233632305637002,-0.00016030017286539078
0.00015434894885402173,0.0026788515970110893,0.0004937718622386456
0.0006346848094835877,-0.0009898899588733912,0.001042800024151802
0.0017683925107121468,0.0025233521591871977,0.00018606102094054222
-0.001544261584058404,-0.0002202126634074375,1.4077406376600266e-05
-0.00034424118348397315,0.0003750038449652493,-0.0019406829960644245
0.0012480238219723105,0.0012235030299052596,0.00042066117748618126
-0.0006164552178233862,-0.0007443066569976509,0.0006853793747723103
0.00018395268125459552,-0.0002749554696492851,-0.0004036524333059788
0.0007133891340345144,0.0012025663163512945,0.00024243025109171867
0.0018226782558485866,9.476635023020208e-05,0.0010832524858415127
0.0006724589038640261,-0.00038486893754452467,-0.0024185378570109606
0.0012693117605522275,0.00383545970544219,0.00023512588813900948
0.0010551935993134975,-0.0006229380378499627,-0.0023380201309919357
0.001768190530128777,-0.0007638981333002448,-0.00023865234106779099
-0.00017858020146377385,0.00024890201166272163,0.0010154303163290024
-0.0032717622816562653,0.0012169965775683522,0.0006012618541717529
0.00011338191688992083,-0.0004938180791214108,0.00027981819584965706
-0.0001383911003358662,0.0009133937419392169,-0.0012651938013732433
-0.0020111259073019028,-0.0011580128921195865,0.0001859627664089203
-0.0012589548714458942,0.0012919058790430427,-5.0018541514873505e-05
0.0014774431474506855,-0.0003011970838997513,-0.001250305213034153
-0.00010879736510105431,-0.0007653529173694551,-0.00017551565542817116
0.0022238653618842363,0.0011454651830717921,-0.0011305250227451324
-0.0022104340605437756,0.0003423455636948347,-0.0003300863318145275
0.0012061352608725429,-0.00029335098224692047,-0.0004978654906153679
-0.0008251422550529242,0.0003446232876740396,0.0012820162810385227
-0.00044191343476995826,0.0001400925248162821,0.0013472638092935085
-0.0003909425577148795,-0.0007643199642188847,0.0016001318581402302
-0.001272981520742178,-0.0008495411602780223,-0.001039593480527401
-0.000684788275975734,0.0011964371660724282,0.00015420513227581978
-0.0010645550210028887,0.0009602147620171309,-0.00037150271236896515
-0.00030473817605525255,-0.001365796895697713,0.0014340560883283615
0.0024151483085006475,0.0014321202179417014,0.00011872081086039543
-0.0010989782167598605,0.00124678248539567,0.001013509463518858
-0.0003857836709357798,0.00029843085212633014,-0.00014336733147501945
0.00014320149784907699,0.0008379650535061955,-0.00072832265868783
0.0009996740845963359,-6.511287210742012e-05,0.0007457369938492775
-0.000892024370841682,0.00011853846808662638,-0.0006200489588081837
0.0028217537328600883,9.270580630982295e-05,-0.0016999607905745506
-0.0002893020282499492,-0.00047882148646749556,0.001107711810618639
0.002802095375955105,0.00012278661597520113,-0.001022284384816885
0.0016681562410667539,-0.0012418131809681654,0.0016824384219944477
0.0023989276960492134,-0.00048254593275487423,-0.00011120038107037544
-0.0004123638500459492,0.0011784298112615943,0.0016968087293207645
-0.0027034813538193703,0.001177897211164236,-3.0517112463712692e-05
0.0013640306424349546,0.0006984772044233978,0.001586314756423235
0.00022180090309120715,0.0013102053198963404,-0.001374321524053812
0.000722428725566715,-0.002320116851478815,0.0011277724988758564
-0.0009718743385747075,-0.0001640217669773847,-0.0005438937805593014
-0.00021078562713228166,-0.0012507165083661675,0.00020143389701843262
0.0003237107885070145,0.0015527931973338127,-0.0009314748458564281
0.0003126796509604901,-0.0010720822028815746,-0.0007901070639491081
-0.0010002588387578726,0.00028852681862190366,0.0002581127919256687
-0.0007293407106772065,-0.004589742980897427,-0.0013087526895105839
-0.0003027022466994822,-0.0007907440303824842,-0.0012783929705619812
-0.00016340825823135674,-0.0016345265321433544,-0.00027134455740451813
5.869937012903392e-05,-0.0006624727975577116,-0.0013091787695884705
0.001269971253350377,-0.0006930781528353691,0.001531580463051796
-0.0004751982633024454,-0.0008004035335034132,3.514997661113739e-05
-0.0002111049252562225,0.00011451789760030806,-0.0012496085837483406
0.0004690664354711771,-0.0013499542837962508,0.001279595773667097
0.0004299413994885981,0.0014234278351068497,0.0020059612579643726
-0.0009242759551852942,-0.0005763397784903646,-0.001043358352035284
0.00025943334912881255,-0.0012111675459891558,-0.0003338768146932125
-0.0012772106565535069,-0.0011440558591857553,0.0016315360553562641
-0.0007325370679609478,-0.0009521086467429996,0.00022495398297905922
0.0012904000468552113,-0.001156373182311654,0.0015890253707766533
0.0010053362930193543,-0.0022060966584831476,0.001531220506876707
0.000620509497821331,0.0013098085764795542,-2.2734049707651138e-05
-0.000632541486993432,0.0006547708180733025,0.0006092851981520653
-0.001063973642885685,0.0009322721743956208,0.000159477349370718
0.0006839627749286592,-0.001066500786691904,-0.0010541630908846855
-0.00042870594188570976,-0.0004952527233399451,-0.0003228588029742241
0.000250298879109323,0.000463821372250095,-0.0010791667737066746
-0.0010416004806756973,-0.0011423310497775674,0.003487621434032917
0.0011145640164613724,0.0014076224761083722,-0.0006381706334650517
0.0011595715768635273,7.897143950685859e-05,-0.0002120649442076683
-0.00020379442139528692,0.0005267949309200048,4.734564572572708e-05
0.0014052875339984894,-0.0008881425019353628,0.0007589422166347504
-0.0012752433540299535,-0.00047431301209144294,-0.00024842843413352966
-0.0003274244081694633,-0.00021731795277446508,0.0007699644193053246
0.0026269126683473587,0.0023029695730656385,0.0018011941574513912
-0.00041921099182218313,-0.0012432954972609878,0.0011226208880543709
-0.0004874778096564114,-0.0012058088323101401,0.001727413386106491
0.002392997033894062,-0.00033894990338012576,-0.00022494979202747345
-0.00042108132038265467,0.0010041056666523218,0.00016837939620018005
-0.00015662942314520478,-0.001223362167365849,0.0014725294895470142
-0.0001649893820285797,-0.0003503746702335775,-0.0009765424765646458
0.0017804497620090842,-0.00014051761536393315,0.0018072593957185745
-0.0031560210045427084,-0.0002119525452144444,0.0004614824429154396
-0.002703816397115588,-0.0004380549071356654,-0.00013879407197237015
-0.0017279695020988584,-0.00039036234375089407,0.0002977200783789158
-0.0015889526112005115,-0.0008369744173251092,-0.002660518977791071
-0.0014847678830847144,-0.0013443706557154655,-0.0019717137329280376
-0.0018235220341011882,-0.00030413997592404485,0.002143935300409794
0.0010618402156978846,-0.0008750231354497373,0.0016161655075848103
-0.0012942585162818432,-0.000290991913061589,0.0026625217869877815
-0.0009998700115829706,2.560610300861299e-05,0.0007927189581096172
-0.0011428818106651306,-0.000954969844315201,0.00024410756304860115
0.0006527536897920072,-0.0013576098717749119,-0.002125016413629055
0.0011888479348272085,0.0007707884651608765,-0.0004070107825100422
0.0009916286217048764,0.00028816401027143,-0.0006547044031322002
-0.0003332940395921469,-0.0008873553015291691,0.0029405634850263596
-0.00021021685097366571,-0.0007211481570266187,0.0006874063983559608
0.003785590175539255,-0.0009075694833882153,0.0016682487912476063
0.003212787676602602,-0.0001545915729366243,-0.0018880795687437057
0.0015464479802176356,0.0009879046119749546,-0.002013780642300844
-0.0022509873379021883,-0.0012243064120411873,0.0007643625140190125
-0.0011106218444183469,0.0022649674210697412,0.0013987277634441853
0.001771407900378108,-0.00231319316662848,0.0004509757272899151
-1.5573168639093637e-05,0.001583810313604772,-0.00037620216608047485
0.00024318356008734554,-1.5780678950250149e-06,-0.0007778750732541084
-0.002356594428420067,0.001458899350836873,-7.986044511198997e-05
0.00017187956837005913,-0.0004067083355039358,0.0014328877441585064
0.0004387283115647733,-0.0019638584926724434,-0.0011575687676668167
8.532998617738485e-05,-0.0013768553035333753,-0.0016432092525064945
0.0015838907565921545,0.0010684591252356768,-0.0007063089869916439
-0.0033696345053613186,0.002843196038156748,0.0006363987922668457
-0.0003163202782161534,0.002475147135555744,-0.0013218238018453121
-0.00057912030024454,-0.0010479283519089222,-0.0010673366487026215
0.0009809595067054033,0.0010277393739670515,0.00016890279948711395
0.0001646934833843261,0.0022841973695904016,0.0006884224712848663
-0.0012686197878792882,-0.002317478647455573,0.0018708659335970879
0.0023425810504704714,-0.0010388847440481186,0.0008681840263307095
-0.0018303258111700416,0.001726541668176651,0.0002719019539654255
0.0005479097599163651,-0.0011589983478188515,0.0017828191630542278
-0.002138953423127532,0.001139043364673853,-0.00033998675644397736
-0.001931031234562397,-0.001661511487327516,0.00012123584747314453
-0.0006362023414112628,-0.0007967830169945955,-0.0018063602037727833
-0.0022852884139865637,0.0002609616203699261,0.0012645050883293152
-0.0015670338179916143,0.000622086226940155,-0.0023470076266676188
-0.0001255155075341463,0.001196521450765431,0.0003551873378455639
0.0018050100188702345,0.0006769386818632483,-0.0006277854554355145
0.0038874298334121704,-0.0012500372249633074,-0.00017268257215619087
0.0006495584966614842,-0.00015734214684925973,0.001253440510481596
-0.0006823831936344504,0.0008028159500099719,-0.00035398639738559723
-0.0008930391632020473,0.0001585973077453673,0.0025145038962364197
-0.0009108082158491015,3.316724905744195e-05,-0.0018624989315867424
-0.0005379656795412302,0.0015852574724704027,0.0010757665149867535
-0.001508493209257722,-0.0005509849288500845,0.001146111637353897
-0.001553234294988215,-0.00046895956620574,-0.0012294282205402851
0.002873562276363373,-0.0011180067667737603,0.003265774343162775
0.0023601048160344362,0.0005493983626365662,-0.0015742545947432518
0.0027703307569026947,0.0008876307983882725,0.0008945008739829063
0.0013804270420223475,0.0011909649474546313,0.0008271224796772003
0.00112066138535738,-0.0007817484438419342,-0.00023847026750445366
0.0025473167188465595,-0.0007508557755500078,0.0008803238160908222
0.00054626923520118,-0.0008526558522135019,-0.002150139305740595
0.0001643719442654401,-0.00037222166429273784,-3.079604357481003e-05
0.0015464267926290631,-0.0003244894905947149,0.0005912701599299908
0.0012153959833085537,-0.0018997492734342813,0.00017049070447683334
0.0006504345219582319,-0.0009002642473205924,-0.00015298649668693542
-0.0013709047343581915,-0.00043820575228892267,0.00018922938033938408
-0.0005913879140280187,0.0005845786654390395,0.0005879220552742481
0.001547130523249507,0.0005877744406461716,0.00171284144744277
-0.00023439415963366628,-0.0018890142673626542,0.0008663646876811981
-4.051605355925858e-05,-0.0007049728883430362,0.0008482551202178001
-0.001831795321777463,0.00011551580973900855,0.000816726591438055
0.0009589311666786671,-0.0011822425294667482,0.00026305532082915306
0.0015243868110701442,0.0008923829300329089,0.0006909421645104885
0.00040639174403622746,0.00022685898875351995,-0.0006401054561138153
0.0007606703438796103,0.002031188691034913,1.2132339179515839e-05
-0.0016452294075861573,0.00012196841271361336,-0.0001308796927332878
-0.0005614326801151037,-0.000862439745105803,-0.0006611449643969536
-0.001583021366968751,0.001369022880680859,0.0004608449526131153
1.786433858796954e-05,-0.0007640954572707415,0.0012372620403766632
-0.0002580391301307827,0.0005802682717330754,-0.0006466577760875225
0.00019568248535506427,0.0014528232859447598,0.0006727208383381367
-0.002094635972753167,0.0007223183056339622,-5.458854138851166e-05
-0.0008087450987659395,-0.0008811166044324636,0.00014812033623456955
-0.0027840116526931524,-0.0015972405672073364,0.0027628117240965366
0.0027090467046946287,0.0007078084163367748,0.0008185054175555706
0.0007092789746820927,0.001407154486514628,0.001261122990399599
0.003309577703475952,0.0008764129597693682,0.0006781499832868576
-0.00035466550616547465,0.0015461979201063514,-0.001031066756695509
0.0010389391100034118,-0.002741966163739562,3.261817619204521e-05
-2.5260058464482427e-05,0.0012011100770905614,-1.1856667697429657e-05
0.0005497849197126925,-0.0007659641560167074,0.0011114422231912613
0.0005915965884923935,0.00045589415822178125,-0.00039297761395573616
-4.904984962195158e-05,0.00263534695841372,-0.0001292191445827484
-0.0005864757695235312,0.0021139001473784447,0.0021664253436028957
-0.00017433770699426532,-0.00010634737554937601,0.001878978218883276
-0.0016057868488132954,0.0007666368037462234,-2.8910581022500992e-05
0.0017110826447606087,0.0009890412911772728,0.0019550248980522156
-0.0007217149832285941,0.0002121971920132637,-0.000804009847342968
-0.0013714621309190989,0.0008505363948643208,0.001596655696630478
-0.0019240682013332844,-0.00020301013137213886,0.005005502142012119
0.0008181106531992555,-0.0011677483562380075,0.0012471126392483711
-0.002193924505263567,0.0013183124829083681,-0.0006178990006446838
8.7327542132698e-05,-0.0003369617334101349,0.00025723502039909363
-0.0008389198337681592,-8.316247840411961e-05,0.0005472530610859394
0.0015260051004588604,0.0012621142668649554,0.0007807058282196522
-0.000566973234526813,-0.00033098869607783854,0.0007649934850633144
0.001552557572722435,-0.0014434998156502843,0.0019058161415159702
-0.0018261948134750128,3.1292802304960787e-06,0.0010184505954384804
0.000895966833923012,-0.0009144808282144368,-0.0034349849447607994
0.0009801227133721113,0.0023926326539367437,0.00018957722932100296
-0.0015631166752427816,-0.0010650968179106712,-0.0007704533636569977
-0.0010624424321576953,-9.757048974279314e-05,-0.000125169288367033
-0.00019982742378488183,-0.0016911093844100833,0.0014218436554074287
0.0007615737267769873,-0.0011883046245202422,0.001755272038280964
-0.00276963971555233,0.00157799175940454,0.0009834328666329384
0.0007148401346057653,-0.00139702542219311,-0.0009846431203186512
-0.0042747752740979195,0.0005384787218645215,-0.0002178954891860485
0.001938379486091435,-0.0011094853980466723,-0.00022428715601563454
-0.0009688753052614629,0.00025619735242798924,-0.000652058981359005
-0.0009712721803225577,0.0002498057729098946,-0.0003410014323890209
-0.001010098378174007,0.0015148204984143376,0.0006238827481865883
-0.001917437301017344,-0.00138163345400244,-0.0006033019162714481
-0.001861110795289278,-0.0011455967323854566,0.0011723386123776436
0.0015304246917366982,0.0014259516028687358,-0.0002316799946129322
-0.0026863734237849712,-0.0009510344243608415,-0.00023664627224206924
0.00024629957624711096,0.0008852150640450418,-0.0007532997988164425
0.00109830591827631,-0.0010770439403131604,0.0009458726271986961
0.0027241655625402927,0.0009450942743569613,0.00046969950199127197
0.0005212734686210752,0.00032276459387503564,0.0007186466827988625
0.0010339319705963135,-0.0022061732597649097,0.0015671299770474434
-0.0016558421775698662,0.0009009264758788049,0.0008712462149560452
-0.0009455772233195603,-0.0005963026778772473,0.00117165083065629
-0.00011894115596078336,-0.001608771737664938,9.133294224739075e-05
-0.001668634475208819,3.3599681046325713e-05,0.0013155881315469742
0.0008086004527285695,-0.0015242191730067134,0.001069794874638319
0.0014661349123343825,-0.001958314562216401,8.229492232203484e-05
-0.0019657474476844072,0.0011063370620831847,0.0004699411801993847
0.0017067516455426812,-0.0013490974670276046,0.0010710167698562145
-0.000848731491714716,0.0012857053661718965,-5.513429641723633e-06
-0.0005408701254054904,0.00023588725889567286,0.0006107417866587639
0.0020254957489669323,-0.0023742029443383217,0.0008650226518511772
0.00016607677389401942,-0.0012202552752569318,-0.00020743254572153091
0.0013282661093398929,0.00020105886505916715,0.00015208451077342033
-0.00028188107535243034,-0.0013297260738909245,0.002683951985090971
0.001271259505301714,0.0014489227905869484,0.0014132997021079063
-0.001592970103956759,9.683587995823473e-05,0.0020316853187978268
-0.0009543956257402897,-6.724847480654716e-05,0.0005946997553110123
0.0015745421405881643,0.00018734972400125116,0.000935850664973259
0.0008320022607222199,-0.000898420752491802,-0.0018709409050643444
-0.0017123818397521973,0.0014329104451462626,-0.00242248154245317
0.0008237496367655694,-0.000777027104049921,-0.001023062039166689
0.0017292244592681527,-0.00043560986523516476,-0.0006539481692016125
-0.0012541611213237047,-0.0007318650605157018,0.0004039355553686619
-0.0001761135645210743,-0.0015049807261675596,0.0010257838293910027
0.00024920719442889094,-0.0004853119025938213,0.0009799329563975334
6.7845918238163e-05,-0.00137107924092561,0.0016334732063114643
0.0005652805557474494,0.0012409809278324246,-0.0010905778035521507
0.0013868657406419516,0.00023190923093352467,-0.002426951890811324
0.0018501055892556906,-2.8212874894961715e-05,-0.001856354996562004
0.0014335874002426863,-0.0010900151683017612,0.0012518204748630524
0.0005889491876587272,-0.00011303092469461262,0.0012834267690777779
-0.0008520872215740383,-0.0002816090127453208,9.911926463246346e-05
0.0006115182768553495,-0.0006437543779611588,9.820377454161644e-05
0.0027183450292795897,-0.0004922205116599798,-0.00015186704695224762
-0.0026171300560235977,0.00010330963414162397,8.239084854722023e-05
-0.001686355215497315,0.00134753854945302,9.038066491484642e-05
0.00038845627568662167,6.431518704630435e-05,-8.788937702775002e-05
-0.0008144936291500926,-0.00025686202570796013,-0.0006942912004888058
0.00043446358176879585,0.00037624198012053967,-7.115630432963371e-05
0.0007961208466440439,-0.0012195241870358586,-0.0003814147785305977
-0.0009029644425027072,-0.0009141748887486756,-0.0013672159984707832
-0.0005429050070233643,-0.0006398692494258285,-0.0016436520963907242
5.006275023333728e-05,0.0006365248118527234,0.0013686316087841988
-0.0009246541885659099,-0.0011816151672974229,-0.002641290193423629
0.0005955157103016973,0.00016102674999274313,0.00032975152134895325
0.00016514885646756738,-0.00023924636479932815,-0.00018264073878526688
-0.0015854102093726397,0.0014027301222085953,-5.793245509266853e-05
0.0018266317201778293,-0.002695075934752822,-0.0024177590385079384
-0.0005788714624941349,0.00039933735388331115,-0.002948771696537733
-0.0011322763748466969,0.0012414288939908147,0.00011972244828939438
-0.002426613587886095,0.00011538791295606643,0.001328935381025076
-0.0017786663956940174,0.0004267114563845098,0.0004705986939370632
8.164849714376032e-05,0.00022754150268156081,-0.00030782585963606834
-0.0020731152035295963,-0.000159415794769302,0.0005555707029998302
0.0007618225063197315,0.002726262900978327,-0.00016014184802770615
-0.0019242416601628065,-2.1586776711046696e-05,-0.0007471023127436638
0.002279177075251937,-0.0009951640386134386,0.0008645430207252502
0.0014306940138339996,-0.0012798560783267021,-0.0002561151050031185
-0.0007067754631862044,0.0011592902010306716,0.001008499413728714
0.0006447788327932358,0.0011065596481785178,0.001534207258373499
0.0003837505355477333,-0.00034046696964651346,-0.00024913810193538666
0.00017096397641580552,-0.0027631446719169617,-0.001489904709160328
-0.0009024831233546138,-0.000570648699067533,-0.0010383776389062405
0.001363334245979786,0.0011857060017064214,-0.00014541996642947197
-0.0009191061835736036,0.0003164283116348088,0.00037139561027288437
0.000784251606091857,-0.002208514604717493,0.0005173366516828537
0.0006602804642170668,0.001596367685124278,9.135529398918152e-05
-0.0018454878591001034,-3.694905899465084e-05,4.5282766222953796e-05
0.0019592142198234797,-0.0019321071449667215,0.002331636380404234
-0.00033749599242582917,-0.0019728534389287233,0.0006128321401774883
0.0014047619188204408,0.0011676611611619592,-0.002176464069634676
-0.0003095148131251335,-0.0008052084594964981,-0.0002571241930127144
0.0010474846931174397,-0.00016728226910345256,0.00045966124162077904
0.001056805718690157,0.0015033186646178365,-0.00023861974477767944
0.0007903025252744555,0.001479551661759615,-0.0013640928082168102
0.0011202681344002485,0.00011335004819557071,-0.0015997826121747494
0.00019798630091827363,0.00015222630463540554,2.2382941097021103e-05
-0.0020606406033039093,-0.0005654955748468637,-0.002367271576076746
0.00010439251491334289,0.0006785300211049616,0.0006508012302219868
-5.193502875044942e-05,-0.001233619637787342,0.00010139076039195061
-0.0014476054348051548,7.876861491240561e-05,0.0016036899760365486
-0.001963193528354168,-0.0015580101171508431,0.001062536146491766
0.000445732002845034,-0.0009985956130549312,-0.001384812407195568
-0.0011449740268290043,-0.0019994117319583893,-0.004424011800438166
-0.001143937697634101,0.00059173145564273,0.0007896930910646915
-0.001955935265868902,0.001841020304709673,-0.0003938158042728901
0.0015521777095273137,0.0008910982869565487,-0.000856385100632906
0.0007670779014006257,0.0012093461118638515,-0.0012207054533064365
-0.0013980549992993474,-0.00033764768159016967,-0.0007758680731058121
-0.0014760856283828616,0.000367823668057099,0.001701138447970152
0.002361892256885767,0.0029726119246333838,-0.00038931239396333694
0.0026074356865137815,0.00010784956975840032,0.000983281061053276
-0.00220501609146595,-4.3169595301151276e-05,0.0005948110483586788
-0.0001682304427959025,0.000692395493388176,-0.0005908282473683357
-0.003610773477703333,0.00026406405959278345,0.0014255791902542114
0.0011528229806572199,0.0015277339844033122,0.0005488665774464607
-0.0012839086120948195,-0.0009606379899196327,-0.0022024624049663544
-0.0004633886564988643,0.0004295321414247155,-0.0003281296230852604
0.0007982664974406362,0.0003694578190334141,0.0022106915712356567
-0.0002744547964539379,-0.0003378777764737606,-0.0002753692679107189
0.0015233326703310013,0.0006315655191428959,-0.0003178459592163563
0.0011552837677299976,0.001089895493350923,0.0004395567812025547
-0.0020082402043044567,0.002337208716198802,0.0004553217440843582
-0.0033560660667717457,0.0011805978137999773,-0.002523690229281783
-0.0020401068031787872,0.0005662662442773581,-0.0004389556124806404
-0.001042752992361784,-0.0007770322263240814,0.0016439026221632957
0.00024816193035803735,0.0011176996631547809,0.0020915293134748936
-0.001530563342384994,0.0007485855603590608,-0.0001745549961924553
0.0018728957511484623,0.0015641448553651571,0.0005646212957799435
-0.0006320735556073487,0.00038143506390042603,-0.0014279559254646301
-6.097560981288552e-05,0.001605816651135683,-0.0007063806988298893
0.001644778996706009,-0.00042830570600926876,-0.0010041221976280212
0.0012130571994930506,-0.0009694023756310344,0.0005759503692388535
-0.0002580729778856039,0.00016483795479871333,0.0011559869162738323
0.0005066317389719188,-0.0022291424684226513,0.0007249186746776104
0.001813178532756865,0.001851086737588048,-0.0031044406350702047
-0.003063519485294819,0.0007275781827047467,0.0016281967982649803
-0.001350840786471963,-0.00016697758110240102,0.0018801316618919373
0.0006524194031953812,0.001555160153657198,0.0015316018834710121
0.002681215526536107,0.0019429163075983524,-0.0003555142320692539
-0.00019184459233656526,0.002859822940081358,0.0008967705070972443
0.0010664989240467548,0.0014158572303131223,-0.001436424907296896
0.000927907763980329,-0.0011997141409665346,0.00014191027730703354
0.0003907482314389199,0.0027604063507169485,-0.00042108166962862015
-0.002206496661528945,-0.0005765710957348347,-6.878282874822617e-06
0.0003317621012683958,0.0010157329961657524,-5.9608835726976395e-05
0.0007187930168583989,0.0005540732527151704,-8.695852011442184e-05
-0.0011560723651200533,0.0025543735828250647,0.00034900102764368057
0.002261165762320161,-0.0009708814322948456,7.779896259307861e-05
0.0026206925977021456,0.001425697235390544,-1.3014767318964005e-05
0.002128810854628682,-0.0010253548389300704,0.0006631920114159584
0.0009354483336210251,0.001694797887466848,-0.0009243180975317955
0.002263269852846861,-0.000754539156332612,6.200280040502548e-06
0.0011945434380322695,0.001467868685722351,-0.0011512096971273422
0.001350158709101379,-3.781961277127266e-05,0.0006991429254412651
-0.00048475927906110883,-6.17880723439157e-05,-0.0009642676450312138
0.0009842518484219909,-0.0007842702325433493,-0.0020692357793450356
0.0012931785313412547,-0.000592788914218545,-0.0012599010951817036
-0.0007807310903444886,0.0002696063311304897,-0.004393006209284067
-0.003042820142582059,0.002726372331380844,0.0005239881575107574
-0.0013677417300641537,0.00019722426077350974,0.0007597636431455612
0.0012964846100658178,0.0001415641891071573,-0.0010993890464305878
-0.0004272402438800782,0.002579120686277747,-0.00041944626718759537
-0.0015636110911145806,0.0010651136981323361,0.0003531365655362606
0.002531625097617507,-0.0005205647321417928,-0.0019679348915815353
-0.001439946936443448,0.00041367218364030123,-0.003061961615458131
0.00010237825335934758,-0.0002863750560209155,0.0005647013895213604
-0.001154900062829256,-0.0020411319565027952,0.0001085018739104271
0.0022767982445657253,0.0012353986967355013,0.0015322971157729626
0.0008187176426872611,-0.0012522600591182709,0.0007658395916223526
0.0019077653996646404,-0.0012102705659344792,0.0013236948288977146
0.00015327490109484643,-6.990507245063782e-05,0.0001934492029249668
-0.0024370437022298574,-0.000139011099236086,-0.00023959530517458916
-0.0003406031464692205,0.0002926872984971851,0.001383601687848568
-0.0032545733265578747,0.002319984370842576,0.0011323620565235615
-0.0008497390081174672,5.12373517267406e-05,0.0005773594602942467
-0.0005187015049159527,0.00017850326548796147,0.0004814532585442066
-0.0010846232762560248,0.0032190342899411917,0.0007464378140866756
-0.00047430963604710996,0.0007535114418715239,0.0014650896191596985
-0.000910269096493721,-0.0014856744091957808,-0.0019706548191607
-0.0008657219586893916,-0.0012736974749714136,0.0018696426413953304
-7.609475869685411e-05,0.00036973925307393074,0.00035989657044410706
0.0009541153558529913,0.0003263327816966921,0.0002519371919333935
0.00045956633402965963,0.001794533571228385,-0.0006396886892616749
-0.0011838001664727926,0.0006688766297884285,0.0005216151475906372
0.0004828060045838356,0.000547969073522836,0.0021181805059313774
0.0015103224432095885,-0.00047002083738334477,0.001664459239691496
-0.00046734101488254964,0.000908431364223361,0.00020504696294665337
0.0004002804053016007,0.000658087432384491,0.00031240424141287804
-0.0009597958996891975,-0.00039732325240038335,0.00040428340435028076
-0.0018218779005110264,-9.297218639403582e-07,0.002014340367168188
-0.0008639388252049685,0.0006310383905656636,0.0016960925422608852
-0.002013799734413624,0.0009991198312491179,0.0010696398094296455
-0.00034666096325963736,0.0005812699673697352,-0.0015213494189083576
-0.003257033647969365,0.0013874350115656853,-0.001021393109112978
0.0012892484664916992,0.00019673568021971732,-0.0005713189020752907
-0.0016614166088402271,0.00033389442251063883,-0.0020830752328038216
0.0001830885885283351,-0.0007183205452747643,0.0018892958760261536
0.001824201550334692,6.201762880664319e-05,-0.0011803586967289448
0.0011469596065580845,-0.0008759476477280259,-0.001945751253515482
0.0005248126108199358,0.0006324966670945287,0.00015701819211244583
0.002860937500372529,-0.0009233220480382442,0.0010587642900645733
0.0007349104853346944,0.0008992005605250597,-0.001950656995177269
7.151701720431447e-05,-0.00024329553707502782,0.0012885457836091518
0.002928731730207801,0.0005427300930023193,0.0017111729830503464
-0.0005938316462561488,-8.657484431751072e-05,0.0016760192811489105
0.0019410490058362484,0.00025741750141605735,-0.00042778439819812775
-0.00040492950938642025,-0.0012456706026569009,4.9454160034656525e-05
-0.0010048761032521725,-0.0012405553134158254,-0.0005373433232307434
0.0005943520809523761,0.0004902330692857504,0.0009620161727070808
0.0011215370614081621,0.0004154835478402674,0.0002802102826535702
9.667390258982778e-06,-0.000666026200633496,-0.0008473722264170647
0.001184559310786426,-0.000820272951386869,-0.0013006185181438923
-0.00219472567550838,-0.0011734081199392676,0.0010767853818833828
0.0011878591030836105,-0.00011798684136010706,-0.0006168349646031857
-0.0006417325348593295,-0.001359286135993898,-7.50366598367691e-06
0.001351197948679328,-0.0007037471514195204,0.0004846574738621712
0.0001559713127790019,0.001196152064949274,0.0004542972892522812
0.0008973789517767727,0.0006086333887651563,-0.0007781931199133396
-0.0010371413081884384,-0.0009338694508187473,0.00011582998558878899
0.0006297276122495532,-0.0005375161417759955,-0.00017823418602347374
-0.0008075804216787219,-9.143668285105377e-05,-3.974977880716324e-05
0.000909510301426053,0.0012720921076834202,0.0009235888719558716
-0.00222369865514338,0.0005322659853845835,-0.0012330389581620693
-0.001155829057097435,-0.001172510557807982,-0.000823603942990303
0.0022998887579888105,0.0015684148529544473,0.00048880185931921
0.0014060829998925328,-0.0006613016594201326,-0.0015193694271147251
-0.0005990109639242291,-0.0006431922083720565,-0.0007300088182091713
-0.00034158266498707235,-0.0012941581662744284,-0.00036675482988357544
0.0012901361333206296,0.00031865225173532963,-0.0005102991126477718
0.0007382985204458237,-0.0004883273504674435,0.0013042441569268703
0.0008544123847968876,-0.0027248498518019915,0.000601169653236866
0.0015599336475133896,0.0006491489475592971,-0.0012392215430736542
0.00431683799251914,0.017622273415327072,0.0025837463326752186
0.0035322080366313457,0.00871354341506958,0.0018723285757005215
0.0027974420227110386,0.0035163848660886288,0.00171200605109334
-0.0005878099473193288,0.00021233834559097886,0.005752032622694969
-0.00791363324970007,-0.008254915475845337,0.2119068056344986
-0.0032119364477694035,-0.006704120896756649,0.23059646785259247
-0.00227237306535244,-0.0008616777486167848,0.24245579540729523
0.001042318413965404,-0.001026282669045031,0.4054022431373596
-0.0020269746892154217,-0.0024023379664868116,0.5081368684768677
-0.001249796594493091,0.00017893407493829727,0.48922619223594666
-0.0040485127829015255,-0.0007326659397222102,0.32033571600914
-0.00016445806249976158,-9.464123286306858e-05,0.15747669339179993
-0.002730147447437048,-0.0013431311817839742,0.0758257731795311
-0.002182799857109785,0.0007886007078923285,0.04513728246092796
0.0001823535276344046,0.00015796415391378105,0.07774582505226135
-0.0015620773192495108,-0.002220361027866602,0.022229908034205437
-0.006623947527259588,-0.004663278814405203,-0.027485184371471405
-0.02098381333053112,-0.0022080419585108757,-0.030105670914053917
-0.029906202107667923,-0.004123121500015259,-0.000716090202331543
-0.054924916476011276,0.008283114992082119,0.0258539579808712
-0.10524561256170273,0.03750864416360855,0.0730971023440361
-0.2006693333387375,0.06677386164665222,0.11711462587118149
-0.3517794907093048,-0.23290474712848663,0.12818937003612518
0.10408800095319748,-1.6015392541885376,0.09583532810211182
-0.07546312361955643,-0.7461127638816833,0.2141886055469513
-0.4553106427192688,1.0750019550323486,0.8656359314918518
-0.4702291488647461,2.1671972274780273,1.1754387617111206
0.09747473895549774,-0.6612329483032227,0.2482990175485611
-0.1893325299024582,-0.24863843619823456,0.19369009137153625
-0.22185277938842773,-0.001593475230038166,0.727350115776062
-0.4065493941307068,0.02116030640900135,1.102423071861267
-0.6984604597091675,-0.1114768534898758,1.216617226600647
-0.7924961447715759,-0.4077308773994446,1.1044672727584839
-0.7675716280937195,-1.0695265531539917,0.7762011885643005
-0.6565417647361755,-1.5486010313034058,0.45692330598831177
-0.5388184189796448,-1.538102149963379,0.32285240292549133
-0.5007994174957275,-1.4510700702667236,0.4457005560398102
-0.46070051193237305,-1.4265209436416626,0.7703593969345093
-0.34436511993408203,-1.4150811433792114,1.0027925968170166
-0.17100055515766144,-1.4443943500518799,1.0141185522079468
0.04278522729873657,-1.4984965324401855,0.8950344920158386
0.2225113809108734,-1.5632004737854004,0.8036518692970276
0.2851950228214264,-1.6977814435958862,0.740045964717865
0.23590035736560822,-1.795703649520874,0.6707177758216858
0.12217859923839569,-1.8324999809265137,0.5916365385055542
-0.03484814241528511,-1.9126919507980347,0.5707750916481018
-0.18428769707679749,-1.8913307189941406,0.7046478986740112
-0.31624487042427063,-1.6163047552108765,0.917919397354126
-0.46817582845687866,-1.2009456157684326,1.1015312671661377
-0.5382912755012512,-0.99962317943573,1.1516685485839844
-0.44817790389060974,-1.0210072994232178,1.0473634004592896
-0.24176201224327087,-1.0398006439208984,0.8368790149688721
-0.02308426983654499,-1.1217355728149414,0.6158414483070374
0.06846076250076294,-1.3080737590789795,0.41612759232521057
0.021186454221606255,-1.555871844291687,0.3451002836227417
-0.11277784407138824,-1.655022144317627,0.3745943605899811
-0.18717005848884583,-1.571044921875,0.3796365261077881
-0.17676156759262085,-1.3488479852676392,0.2986582815647125
-0.15807628631591797,-1.1212880611419678,0.2529480457305908
-0.1545391082763672,-0.5775598883628845,0.3161856234073639
-0.06239587441086769,0.7372710108757019,0.4627998471260071
-0.14604277908802032,0.35496100783348083,0.4743158221244812
-0.3142206072807312,-0.7355064749717712,0.41271770000457764
-0.27145060896873474,-1.3916994333267212,0.3187154233455658
-0.06546307355165482,-1.095089077949524,0.2823196053504944
0.16417020559310913,-0.41957542300224304,0.3548640310764313
0.3482838571071625,0.06225697696208954,0.5185429453849792
0.44212111830711365,-0.12535469233989716,0.7308379411697388
0.29184719920158386,-2.1118600368499756,0.43436387181282043
0.17951130867004395,-2.4239234924316406,0.14826186001300812
0.24801208078861237,-1.3064544200897217,-0.030759556218981743
0.24613486230373383,-0.3498506546020508,-0.08002142608165741
-0.01638251729309559,-0.27618467807769775,0.002962674479931593
-0.20245946943759918,-0.503004252910614,0.0943077951669693
-0.3677815794944763,-0.7433100938796997,0.15538419783115387
-0.5107653737068176,-1.0702805519104004,0.2448381632566452
-0.660323441028595,-1.2812784910202026,0.4554779827594757
-0.8797364234924316,-1.3056691884994507,0.6749907732009888
-1.0861902236938477,-0.9924963116645813,0.8611859679222107
-0.9633429646492004,-0.26626357436180115,0.875652015209198
-0.6601042151451111,0.1536756455898285,0.7080110907554626
-0.44043466448783875,0.27929696440696716,0.4393758773803711
-0.14764302968978882,0.27288514375686646,0.2521224021911621
-0.07106753438711166,0.22634699940681458,0.1946984827518463
-0.023167124018073082,0.13987602293491364,0.31339240074157715
0.01966969296336174,-0.00835045613348484,0.6096920967102051
-0.16886773705482483,-0.15274572372436523,0.8891346454620361
-0.3061399757862091,-0.14740559458732605,1.0860669612884521
-0.25408264994621277,-0.16263967752456665,1.0957870483398438
-0.02574804052710533,-0.24548879265785217,1.0140535831451416
1.281053900718689,-0.7873901128768921,1.1058584451675415
1.8156607151031494,-1.079276442527771,1.1813815832138062
1.4392359256744385,-1.1230300664901733,1.066124439239502
0.6344455480575562,-1.0105417966842651,0.7898980379104614
-0.04520034417510033,-0.648463785648346,0.5734773278236389
-0.17379648983478546,-0.3847462832927704,0.31958168745040894
0.08800476789474487,-0.24146048724651337,0.0911133736371994
0.14090853929519653,0.0169933270663023,0.023012053221464157
-0.40051186084747314,0.38183680176734924,-0.061420273035764694
-0.25186195969581604,0.3137120008468628,-0.1818057745695114
0.06328507512807846,0.1453661322593689,-0.18963120877742767
0.02330797351896763,0.20916137099266052,-0.08409588038921356
-0.13747772574424744,0.16977667808532715,0.14767903089523315
-0.2762364447116852,-0.03170059993863106,0.41252273321151733
-0.31338220834732056,-0.3625914454460144,0.5341085195541382
-0.22717243432998657,-0.49986717104911804,0.48055070638656616
-0.0671185851097107,-0.6940659284591675,0.45713648200035095
-0.055360473692417145,-0.7286023497581482,0.46258556842803955
-0.02861381322145462,-0.5756577849388123,0.3120695650577545
-0.002381891245022416,-0.3772418200969696,0.11038219183683395
-0.08811037242412567,-0.2509073317050934,0.04590386524796486
-0.24364088475704193,-0.20873038470745087,0.08751527220010757
-0.3292519450187683,-0.1262938231229782,0.23364265263080597
-0.4180217683315277,-0.15918312966823578,0.45988729596138
-0.49738478660583496,-0.2269347459077835,0.46062710881233215
-0.5508167743682861,-0.29386281967163086,0.40761759877204895
-0.5887673497200012,-0.4350114166736603,0.39100825786590576
-0.5541512966156006,-0.5203078985214233,0.3177244961261749
-0.39499998092651367,-0.5526255965232849,0.25142189860343933
0.12343980371952057,-0.47441715002059937,0.08035124093294144
1.0466219186782837,-0.24741117656230927,-0.2789187729358673
1.4595674276351929,-0.1492193639278412,-0.5817486643791199
1.3710631132125854,0.009881606325507164,-0.7405745387077332
0.8548382520675659,0.03789887949824333,-0.6745997071266174
0.8294287323951721,0.20377519726753235,-0.7041586637496948
1.1874057054519653,0.12422124296426773,-0.8668704628944397
1.2310711145401,0.2250485122203827,-1.1076008081436157
1.4541854858398438,0.8573728203773499,-1.1706944704055786
1.893520474433899,0.8159494400024414,-0.5556609630584717
1.6548409461975098,0.112925224006176,0.002561984583735466
0.38825294375419617,-0.1780906319618225,0.24525770545005798
-0.5352810621261597,-0.38074252009391785,0.26319798827171326
-0.49011996388435364,-0.12499036639928818,-0.12411965429782867
0.07979612052440643,-0.10704006254673004,-0.36667683720588684
0.29109159111976624,-0.26437908411026,-0.29677897691726685
0.16449332237243652,-0.23042957484722137,-0.21028202772140503
0.09873029589653015,-0.1022854596376419,-0.03255785256624222
0.2264048308134079,0.04374164342880249,0.17813049256801605
0.3487456440925598,0.11332258582115173,0.257541686296463
0.15132291615009308,0.20957492291927338,0.15951333940029144
-0.16457726061344147,0.36120331287384033,-0.05163378268480301
-0.2604258060455322,0.4462027847766876,-0.29783734679222107
-0.15230360627174377,0.597065269947052,-0.5130894780158997
-0.08423922210931778,0.7013288140296936,-0.5650966763496399
-0.281360000371933,0.27370795607566833,-0.2022009938955307
-0.5825563073158264,-0.16670502722263336,0.25926804542541504
-0.5519344806671143,-0.9167271256446838,0.5819944143295288
0.15981370210647583,-1.3384325504302979,1.2424927949905396
0.3914104402065277,-0.8956183791160583,1.1708521842956543
0.14879624545574188,-0.5707533359527588,0.6990707516670227
-0.043266136199235916,-0.6661539077758789,0.21272078156471252
-0.06847377121448517,-0.39143532514572144,-0.03368876501917839
0.10292088240385056,-0.13307619094848633,-0.1270938217639923
0.2462562620639801,-0.06922679394483566,-0.2696220278739929
0.23970142006874084,-0.009267590939998627,-0.3227374255657196
0.09878087043762207,0.06806198507547379,-0.33738911151885986
-0.01844295859336853,0.17240357398986816,-0.2592003047466278
-0.07068619132041931,0.14483799040317535,-0.07615642249584198
-0.08219211548566818,0.1384573131799698,0.038256704807281494
0.5762951374053955,0.22165822982788086,0.2975616455078125
1.629556655883789,0.037308625876903534,0.225590780377388
1.6351436376571655,0.45694488286972046,-0.2767077088356018
2.6710469722747803,0.08533085137605667,-0.3549058437347412
2.4987213611602783,-0.138706237077713,0.36630210280418396
2.006577968597412,-0.23638804256916046,0.6744663119316101
1.7270101308822632,-0.4524584114551544,1.3167345523834229
1.1479198932647705,-0.8588405251502991,1.3638919591903687
0.2690792977809906,0.6055817604064941,0.9363122582435608
-0.5603678226470947,0.3683980405330658,0.46001118421554565
-0.660009503364563,0.25091812014579773,0.34042975306510925
-0.8461080193519592,0.5393016934394836,0.31932899355888367
-1.140118956565857,0.6689497232437134,0.182968869805336
-1.2123843431472778,0.8270325660705566,-0.13276512920856476
-0.10027284920215607,0.8273686170578003,-0.28661084175109863
0.6925768256187439,0.688189685344696,-0.29115450382232666
0.09636610746383667,0.8461136221885681,-0.31860652565956116
-0.1587122529745102,0.8407872915267944,-0.40693214535713196
-0.07675612717866898,0.6192501783370972,-0.30046188831329346
-0.15302374958992004,0.4743047058582306,-0.11414793878793716
-0.39699020981788635,0.3935187757015228,0.023333052173256874
-0.7017932534217834,0.3048144578933716,0.12635770440101624
-0.9642126560211182,0.2290554642677307,0.167944073677063
-1.1265075206756592,0.2584272027015686,0.17053666710853577
-1.1701815128326416,0.30163416266441345,0.1780909150838852
-1.1551072597503662,0.28858864307403564,0.16507259011268616
-1.1416239738464355,0.2619054615497589,0.15597933530807495
-1.0586265325546265,0.30871424078941345,0.17313756048679352
-0.7525008320808411,0.39021366834640503,0.18940500915050507
-0.24653270840644836,0.39542147517204285,0.16390924155712128
0.10046713054180145,0.3953356146812439,0.11011416465044022
0.16157974302768707,0.4690449833869934,0.029498687013983727
0.06693492829799652,0.5344734191894531,-0.08099259436130524
-0.029834751039743423,0.5375024676322937,-0.17288309335708618
-0.08395517617464066,0.540432333946228,-0.21117010712623596
-0.1584608405828476,0.5298236608505249,-0.21224868297576904
-0.2696239650249481,0.4628022611141205,-0.17740480601787567
-0.3652476966381073,0.35704654455184937,-0.08423064649105072
-0.40344077348709106,0.24389497935771942,0.04484567418694496
-0.3585670292377472,0.19647260010242462,0.16732312738895416
-0.2858554422855377,0.2178312987089157,0.23730558156967163
-0.20704135298728943,0.2312254011631012,0.236380934715271
-0.14311669766902924,0.20817041397094727,0.16170457005500793
-0.10102809220552444,0.17299404740333557,0.04217896983027458
-0.10159540921449661,0.17277872562408447,-0.08985035121440887
-0.14940901100635529,0.23916015028953552,-0.212075337767601
-0.2400801032781601,0.33879557251930237,-0.2792156934738159
-0.3375968039035797,0.3698357939720154,-0.2364506721496582
-0.34125104546546936,0.31532812118530273,-0.1753409057855606
-0.21303580701351166,0.26261991262435913,-0.12099190801382065
-0.0573408305644989,0.26776123046875,-0.05480719357728958
0.04218575730919838,0.4270462095737457,0.04823503643274307
0.041331760585308075,0.4967314302921295,0.08088555932044983
-0.024203041568398476,0.43270158767700195,0.04511718079447746
-0.1265668123960495,0.3040640354156494,-0.016994521021842957
-0.21776115894317627,0.17045512795448303,-0.05462365597486496
-0.27474358677864075,0.0037921799812465906,0.010607593692839146
-0.297586590051651,-0.054536107927560806,0.15797893702983856
-0.2920008599758148,-0.1453077793121338,0.2653469145298004
-0.28287872672080994,-0.21313582360744476,0.2734794020652771
-0.23689183592796326,-0.1365756243467331,0.21514511108398438
-0.13331271708011627,-0.06181696802377701,0.13045525550842285
-0.0644148588180542,-0.021335825324058533,0.017514245584607124
-0.036950740963220596,0.061144936829805374,-0.11068979650735855
-0.010742724873125553,0.15511640906333923,-0.2061775177717209
0.0021285992115736008,0.2685529589653015,-0.23049110174179077
-0.003480801824480295,0.3865954577922821,-0.2041468620300293
-0.0028008967638015747,0.47454848885536194,-0.19969671964645386
0.04950070008635521,0.48450028896331787,-0.2473852038383484
0.10845083743333817,0.4217974841594696,-0.3198644816875458
0.08428770303726196,0.3143722116947174,-0.39307424426078796
-0.011247340589761734,0.16424156725406647,-0.44913536310195923
-0.08982858061790466,0.02276749722659588,-0.5037047266960144
-0.09892833232879639,-0.02469881996512413,-0.5253085494041443
-0.0729503482580185,0.04305822402238846,-0.4553280472755432
-0.0642218366265297,0.04356582090258598,-0.3315501809120178
-0.018924256786704063,0.0034197531640529633,-0.2601774036884308
0.04968143627047539,-0.018098853528499603,-0.24282902479171753
0.08961471915245056,0.023532170802354813,-0.2670373320579529
0.12140407413244247,0.1272934526205063,-0.33690720796585083
0.1565798968076706,0.219971165060997,-0.42925339937210083
0.18065114319324493,0.2495303899049759,-0.5153478384017944
0.21166667342185974,0.2882135212421417,-0.5337889790534973
0.23416399955749512,0.30224305391311646,-0.4635978937149048
0.2687874138355255,0.28539788722991943,-0.35972121357917786
0.2916381359100342,0.24160462617874146,-0.26168307662010193
0.2522410452365875,0.17475414276123047,-0.17944051325321198
0.16308239102363586,0.1195225790143013,-0.11986692994832993
0.06424376368522644,0.08987720310688019,-0.06370116770267487
0.003672297578305006,0.045573920011520386,-0.02762145921587944
-0.008228580467402935,0.018294615671038628,-0.014784534461796284
0.0022703995928168297,0.003563073230907321,-0.03806455433368683
0.023072831332683563,0.015227613039314747,-0.084413081407547
0.03220640495419502,0.057917285710573196,-0.12695761024951935
0.04022800177335739,0.08320963382720947,-0.16818532347679138
0.05647008866071701,0.09655366837978363,-0.215205579996109
0.1134152039885521,0.12208046764135361,-0.25026723742485046
0.204964280128479,0.12761984765529633,-0.2656818628311157
0.3018125295639038,0.13988526165485382,-0.2663881480693817
0.371440052986145,0.14396469295024872,-0.2653881311416626
0.36272552609443665,0.12798993289470673,-0.256062388420105
0.28882333636283875,0.08731202036142349,-0.23091016709804535
0.19391833245754242,0.04262779653072357,-0.1755661517381668
0.11788588762283325,0.007489783223718405,-0.10311192274093628
0.07503308355808258,-0.03328428789973259,-0.041483283042907715
0.06697462499141693,-0.04406662657856941,-0.009343188256025314
0.0793457180261612,-0.057208992540836334,-0.007630179636180401
0.10284970700740814,-0.07385721057653427,-0.031338170170784
0.12722429633140564,-0.08354019373655319,-0.07399002462625504
0.1684018224477768,-0.09977109730243683,-0.11377792060375214
0.19922445714473724,-0.09895001351833344,-0.14421521127223969
0.20017601549625397,-0.11349433660507202,-0.15831159055233002
0.18397152423858643,-0.1257980316877365,-0.14514152705669403
0.14547099173069,-0.12000060081481934,-0.09327912330627441
0.11237270385026932,-0.11948582530021667,-0.04378746449947357
0.1040031835436821,-0.10484589636325836,-0.027986926957964897
0.12383434921503067,-0.1003601998090744,-0.03615741804242134
0.141678586602211,-0.10190457105636597,-0.04680100828409195
0.1616068184375763,-0.09258788079023361,-0.061402950435876846
0.17173509299755096,-0.08760883659124374,-0.09150466322898865
0.1821299046278,-0.0891176089644432,-0.1278168112039566
0.18343724310398102,-0.09535659849643707,-0.15123318135738373
0.16170568764209747,-0.11121180653572083,-0.14964784681797028
0.13997642695903778,-0.11376631259918213,-0.12068544328212738
0.10694832354784012,-0.09198293089866638,-0.0780620127916336
0.06918016821146011,-0.07003609091043472,-0.04987617954611778
0.035069338977336884,-0.049832288175821304,-0.05779135972261429
0.017998473718762398,-0.013686265796422958,-0.0998448058962822
0.016706719994544983,0.03563949465751648,-0.16950681805610657
0.040122032165527344,0.10034605115652084,-0.25738102197647095
0.0702727884054184,0.15658199787139893,-0.3373238444328308
0.09722717851400375,0.1926257461309433,-0.40700918436050415
0.10413310676813126,0.19896690547466278,-0.44712555408477783
0.07792413979768753,0.16158652305603027,-0.4614211320877075
0.03552332893013954,0.13538269698619843,-0.43322211503982544
-0.012494795955717564,0.11152476072311401,-0.37697136402130127
-0.03913109377026558,0.08391997963190079,-0.33788642287254333
-0.05875326320528984,0.05513094365596771,-0.33149057626724243
-0.06821440160274506,0.007198850624263287,-0.3502083420753479
-0.09329579025506973,-0.021967023611068726,-0.3495531976222992
-0.10418819636106491,-0.020761311054229736,-0.3225491940975189
-0.09489323198795319,-0.020815106108784676,-0.3153573274612427
-0.0820373147726059,-0.011251886375248432,-0.33777692914009094
-0.07772272825241089,-0.0012759508099406958,-0.3885149359703064
-0.08784834295511246,-0.016872501000761986,-0.4387621283531189
-0.13008981943130493,-0.05242304131388664,-0.45918378233909607
-0.22009773552417755,-0.10926210135221481,-0.429830402135849
-0.3331311047077179,-0.1753005087375641,-0.3231143653392792
-0.4433724284172058,-0.24292413890361786,-0.16887596249580383
-0.5050885081291199,-0.26090207695961,-0.023088669404387474
-0.4853469729423523,-0.2409396767616272,0.0324794240295887
-0.4140344262123108,-0.20597103238105774,0.011802639812231064
-0.3385898172855377,-0.14971189200878143,-0.06621111929416656
-0.283245325088501,-0.09594108164310455,-0.1636817455291748
-0.24404174089431763,-0.05931621789932251,-0.2394755780696869
-0.22773520648479462,-0.05578726530075073,-0.26970434188842773
-0.24358896911144257,-0.07895272970199585,-0.2561906576156616
-0.2817203998565674,-0.11329153180122375,-0.21524403989315033
-0.32138219475746155,-0.1562102884054184,-0.16220198571681976
-0.33887118101119995,-0.16970212757587433,-0.08913177251815796
-0.3271532952785492,-0.1446724683046341,-0.0033443933352828026
-0.2933628559112549,-0.13458414375782013,0.07331469655036926
-0.2640362083911896,-0.1181400790810585,0.10879954695701599
-0.25125011801719666,-0.09313086420297623,0.10352355986833572
-0.24843625724315643,-0.062193311750888824,0.08137731999158859
-0.25875017046928406,-0.03260372579097748,0.06571181118488312
-0.2750037610530853,-0.02824375405907631,0.06546016782522202
-0.3101758658885956,-0.054577622562646866,0.07964016497135162
-0.36680397391319275,-0.09234096109867096,0.09567298740148544
-0.43089666962623596,-0.12117287516593933,0.10669980198144913
-0.4692113399505615,-0.13416355848312378,0.13167701661586761
-0.48679274320602417,-0.10606534034013748,0.17417414486408234
-0.5152349472045898,-0.08326156437397003,0.239161878824234
-0.6166787147521973,-0.062095556408166885,0.33999156951904297
-0.3205167353153229,-0.02877015806734562,0.3269600570201874
0.3159542679786682,-0.1320057362318039,0.10983254015445709
0.41313597559928894,-0.2025565356016159,0.02667342871427536
-0.06237836927175522,-0.1521916389465332,0.0961502343416214
-0.26132503151893616,-0.30597612261772156,0.0766814649105072
-0.21211619675159454,-0.3591506779193878,0.0577586404979229
-0.0771038755774498,-0.3387278616428375,0.015914371237158775
0.046511005610227585,-0.39085179567337036,0.06281450390815735
0.20358704030513763,-0.5465369820594788,0.20975875854492188
0.26665711402893066,-0.6320318579673767,0.35878419876098633
0.2618686854839325,-0.6219910979270935,0.4893116354942322
0.15135522186756134,-0.5622918009757996,0.5287168622016907
0.24806073307991028,-0.4384865164756775,0.4367583990097046
0.4107644259929657,-0.35941246151924133,0.2772345244884491
0.636415421962738,-0.1812240332365036,0.12306783348321915
0.824333131313324,0.00677595566958189,-0.041855327785015106
0.7299861907958984,0.12061689049005508,-0.166364848613739
0.48763853311538696,0.15557913482189178,-0.29993489384651184
0.14806483685970306,0.1717272400856018,-0.3778995871543884
-0.2570165991783142,0.18813204765319824,-0.3392035663127899
-0.3433927297592163,0.02846284583210945,-0.09641415625810623
-0.353504478931427,-0.24231138825416565,0.20699098706245422
-0.25608500838279724,-0.5830631852149963,0.4041038453578949
-0.08783955127000809,-0.7816486954689026,0.4235265552997589
0.07744507491588593,-0.7076262831687927,0.2523523271083832
0.1257345825433731,-0.5055054426193237,-0.023056084290146828
0.13005070388317108,-0.14207513630390167,-0.24864599108695984
0.22659508883953094,0.24332155287265778,-0.45277807116508484
0.5138719081878662,0.5853618383407593,-0.5857580304145813
0.6335123181343079,0.877000093460083,-0.6670235991477966
0.6716337203979492,0.9867374897003174,-0.6501507759094238
0.6293326020240784,0.8897435665130615,-0.6299978494644165
0.5848680734634399,0.7539361119270325,-0.7142544984817505
0.6586693525314331,0.7102158069610596,-0.7559571862220764
0.718603789806366,0.6582549810409546,-0.7221129536628723
0.7088664770126343,0.5373038053512573,-0.5804516673088074
0.632748007774353,0.4677513539791107,-0.4231222867965698
0.6271188855171204,0.5632895827293396,-0.26814496517181396
0.6417071223258972,0.6325677037239075,-0.14275799691677094
0.5495132803916931,0.0369860865175724,-0.38395702838897705
0.45966583490371704,-0.269228994846344,-0.6283817887306213
0.3232150375843048,-0.22450676560401917,-0.6848543882369995
-0.017311161383986473,0.20833325386047363,-0.6176078915596008
-0.28746089339256287,0.4136531352996826,-0.6116440296173096
-0.423897922039032,0.4962114691734314,-0.7316641211509705
-0.45078200101852417,0.4321475327014923,-0.9304126501083374
-0.41118940711021423,0.3565649688243866,-1.0962846279144287
-0.32486650347709656,0.39918938279151917,-1.1697566509246826
-0.22543226182460785,0.5709639191627502,-1.1598303318023682
-0.19837668538093567,0.7097625732421875,-1.049992322921753
-0.2792150378227234,0.7359545230865479,-0.9027008414268494
-0.3913671374320984,0.6798822283744812,-0.7730783820152283
-0.45174640417099,0.6322610378265381,-0.7249558568000793
-0.4124056398868561,0.6645843386650085,-0.7738626599311829
-0.28036341071128845,0.6880301237106323,-0.9361400604248047
-0.10412018746137619,0.7436204552650452,-1.1366955041885376
0.10389067977666855,0.7473140358924866,-1.2908921241760254
0.2868724763393402,0.8655269145965576,-1.3648388385772705
0.38388678431510925,0.9876259565353394,-1.3248417377471924
0.3023293614387512,1.012595295906067,-1.1031194925308228
0.12565355002880096,1.222551703453064,-0.8317288160324097
0.011281958781182766,1.590842604637146,-0.5954757928848267
-0.021811366081237793,1.8691412210464478,-0.46670636534690857
0.021698826923966408,1.9727389812469482,-0.38169747591018677
0.11962634325027466,2.015636444091797,-0.3312823474407196
0.2147216945886612,1.9973863363265991,-0.2976554334163666
0.24114471673965454,1.868129849433899,-0.23279644548892975
0.16249917447566986,1.6266498565673828,-0.11147214472293854
0.018013587221503258,1.3816418647766113,-0.01630588434636593
-0.09606397897005081,1.1184771060943604,0.020117903128266335
-0.12359433621168137,0.9387024641036987,-0.016105707734823227
-0.08023594319820404,0.8876360654830933,-0.08073662966489792
-0.027805861085653305,0.9083382487297058,-0.1461893618106842
0.07065387070178986,0.967411458492279,-0.1499159336090088
0.15855181217193604,0.9921355247497559,-0.12452585995197296
0.23115144670009613,0.8520556688308716,-0.09638237208127975
0.27178990840911865,0.6893473267555237,-0.10138904303312302
0.2890937924385071,0.5086159110069275,-0.15119920670986176
0.3157377541065216,0.28252488374710083,-0.22584134340286255
0.3031924068927765,0.11681448668241501,-0.2686183750629425
0.07120807468891144,0.48771408200263977,-0.03027227148413658
-0.1409321427345276,0.6715238690376282,0.16505008935928345
-0.2082679271697998,0.3577618896961212,0.2114424705505371
-0.24885663390159607,-0.04526170715689659,0.2220756709575653
-0.2134193480014801,-0.1314534693956375,0.2324407994747162
-0.1579611599445343,-0.01281310711055994,0.20917809009552002
-0.12974204123020172,0.05027132108807564,0.14251887798309326
-0.1345815360546112,-0.02686048299074173,0.04880198463797569
-0.14900776743888855,-0.1803600788116455,-0.06442537158727646
-0.1651846021413803,-0.3105636239051819,-0.13041797280311584
-0.20265637338161469,-0.3514898121356964,-0.12107289582490921
-0.2499282956123352,-0.2804417610168457,-0.0964471772313118
-0.29195162653923035,-0.135470449924469,-0.09100793302059174
-0.33583149313926697,0.030969398096203804,-0.09128943085670471
-0.34825724363327026,0.15702027082443237,0.0033175041899085045
-0.3137701153755188,0.2742856442928314,0.179877370595932
-0.16049328446388245,0.5253347754478455,0.23659425973892212
0.044701144099235535,0.9351100921630859,0.16577386856079102
0.19578543305397034,1.337425947189331,0.15001973509788513
0.2874689996242523,1.611708402633667,0.18844541907310486
0.4112783372402191,1.7563508749008179,0.2127588838338852
0.4731387495994568,2.025503158569336,0.16038808226585388
-0.6339479684829712,-0.7796099781990051,0.11801804602146149
0.04306405410170555,-0.5384058952331543,0.13787271082401276
-0.020228518173098564,0.14925822615623474,-0.058391131460666656
-0.01570087857544422,0.016701245680451393,0.01727326586842537
-0.01370403915643692,-0.005743609741330147,0.027771450579166412
-0.01024086493998766,-0.008310098201036453,0.013901972211897373
-0.0077881235629320145,-0.006946619600057602,0.021022237837314606
-0.005760658998042345,-0.008844122290611267,0.017720982432365417
-0.0058900136500597,-0.006199985276907682,-0.02336263470351696
-0.006362724583595991,-0.007384559139609337,-0.05289709195494652
-0.004812146537005901,-0.008018488064408302,-0.08528462797403336
-0.002020088257268071,-0.004534008447080851,-0.10839447379112244
-0.002523091621696949,-0.005137876607477665,-0.12301903963088989
0.00018667489348445088,-0.0027484882157295942,-0.24228018522262573
-0.0006372395437210798,-0.001875900779850781,-0.5413423180580139
0.0012464143801480532,-0.0013419369934126735,-0.7381581664085388
0.0033760915976017714,0.0004484006203711033,-0.6607325673103333
0.002623216016218066,-0.0004578730440698564,-0.3784058094024658
5.4480740800499916e-05,0.0014151619980111718,-0.17130422592163086
-0.00012528261868283153,0.0007602906553074718,-0.034633200615644455
-5.6966731790453196e-05,-0.0020458705257624388,0.0015521333552896976
0.0008863249095156789,-0.00034171389415860176,-0.0011328654363751411
0.002800938906148076,0.001101322122849524,-0.004098915494978428
0.0007457775063812733,0.0004592339973896742,0.0006950409151613712
0.00010657386155799031,0.0015406535239890218,-0.000993344932794571
0.00018593606364447623,-0.0014151888899505138,0.0018698195926845074
-0.0001250387285836041,0.0009312208858318627,0.00015197228640317917
-0.002136524301022291,0.001166644273325801,-0.002325034001842141
0.0009082378819584846,-0.0005916343652643263,0.001979473512619734
-0.0004827311495319009,0.001375909079797566,-0.000979298260062933
-0.000765491568017751,0.0002625756314955652,-0.0010334509424865246
-0.0007796063437126577,-0.0008439677767455578,-0.00023610051721334457
-0.002730150241404772,-0.0009172941790893674,0.001722981221973896
-0.0027919355779886246,-0.00024031856446526945,-0.00015641143545508385
0.0006358445389196277,0.000292095763143152,-0.00017395103350281715
-0.0011830944567918777,0.0010233997600153089,-0.0003036470152437687
0.00021068844944238663,-0.00021786181605421007,0.0010599717497825623
-0.0015275566838681698,-0.002973168157041073,0.0013135047629475594
-0.0003354060463607311,-0.0015105867059901357,-0.0007921480573713779
-0.00025497854221612215,0.0002518932451494038,0.00028696469962596893
-0.0015185773372650146,0.00014897032815497369,0.000462985597550869
-0.002372919348999858,0.0003260705270804465,-0.001935457345098257
-0.000886541442014277,8.306028030347079e-05,0.0015880861319601536
-0.001601067604497075,0.0016109157586470246,0.002278111409395933
0.0008526749443262815,0.002371858572587371,-0.0011828960850834846
0.0010934246238321066,0.0022477551829069853,0.001565219834446907
0.000807348929811269,-0.0020909046288579702,0.000983391422778368
0.00258634053170681,-0.000191271654330194,0.000992978923022747
-0.0005082975258119404,-0.0008947021560743451,0.0017240769229829311
-0.00048805749975144863,-0.0021972539834678173,0.002565902192145586
-0.0015341995749622583,0.0016732789808884263,0.0005369074642658234
0.00014252655091695487,0.00022398671717382967,-0.0006886790506541729
-0.0012942038010805845,-0.0008672865806147456,-0.0001198863610625267
-0.0016108537092804909,-0.0007871254347264767,0.0002497606910765171
-0.0015019453130662441,0.002506642136722803,-0.002242672722786665
0.0007140709785744548,0.00040354393422603607,0.0013110493309795856
0.001562775345519185,0.0008151783258654177,0.0005973805673420429
0.0015814173966646194,0.0008921436965465546,0.0013020532205700874
-0.0004406607476994395,-0.0007844622596167028,0.0002561518922448158
0.0009053008980117738,-0.0013586397981271148,-7.328111678361893e-05
0.001320870011113584,-0.00019407524087000638,-0.0014731143601238728
0.0001687865296844393,-0.000360256468411535,0.000995103269815445
-0.0007448536925949156,-0.0008165404433384538,0.0009515811689198017
0.0009459872380830348,-0.001292979926802218,0.0016290894709527493
-5.0132861360907555e-05,-0.0009059534640982747,-0.0012153107672929764
-0.0018520276062190533,-0.002230609767138958,0.0004776604473590851
-0.00032379297772422433,0.0006303851259872317,-8.760392665863037e-05
-0.002940614940598607,-0.002477790229022503,-0.0004625767469406128
-0.002417174866423011,0.00021268511773087084,-0.0010562939569354057
-0.0018861405551433563,0.00013412187399808317,0.0007261601276695728
1.0267976904287934e-05,0.0002576210245024413,0.0004087514244019985
-0.0016784424660727382,7.013448339421302e-05,0.0007211398333311081
0.0019152057357132435,0.0003057852736674249,-0.0002500857226550579
0.0007466107490472496,-5.5073032854124904e-05,0.00022901734337210655
0.0001966991985682398,-0.0022603701800107956,0.0004934300668537617
-0.00012927170610055327,-0.0001375646097585559,0.0004417644813656807
-0.002132492372766137,0.00034688584855757654,0.002330734860152006
0.001390070770867169,-0.0007258353871293366,1.6713980585336685e-05
0.0011789909331128001,-0.0008686123765073717,0.0022078207693994045
0.0014604870229959488,0.0006035830010659993,0.000937226228415966
0.0006425697356462479,-0.002317240461707115,-0.0002288096584379673
0.0006854466628283262,0.0021858986001461744,-0.0009425366297364235
0.0018496423726901412,0.0009166690288111567,0.001629275269806385
-0.00018661055946722627,-0.00015072592941578478,0.0014287391677498817
0.00225917249917984,0.0018275418551638722,0.0012530307285487652
0.0011723364004865289,-0.0011911512119695544,0.0017347964458167553
-0.0014751795679330826,-3.5462682717479765e-05,-0.0007174541242420673
-0.001880246214568615,-0.0001608975580893457,-0.00013635260984301567
-0.0005764511879533529,0.0007581805111840367,-0.00206060241907835
0.0010813665576279163,-0.0011401206720620394,-0.0009396779350936413
-0.00012969461386092007,0.001687453594058752,0.001158346887677908
-0.0003075937565881759,0.0005406964919529855,0.00114050367847085
0.0006791073828935623,0.0007911294815130532,0.00036032404750585556
-3.408713382668793e-05,1.5084369806572795e-05,-0.0011949623003602028
0.0014663496986031532,0.0006316484650596976,5.7427212595939636e-05
-0.0008529972983524203,-0.0004698349512182176,0.0004539717920124531
-0.0008643215987831354,0.0010678473627194762,-0.001301497220993042
0.0004398283490445465,0.002721404191106558,-0.002331874333322048
-0.00017607034533284605,-8.534046355634928e-05,0.001900270115584135
0.0010063732042908669,0.00016366509953513741,0.00010343501344323158
-0.0021256611216813326,0.0002366545086260885,-0.0014593093656003475
0.0006690601585432887,0.0038071544840931892,-0.00014424044638872147
-0.00037887252983637154,0.0006692918832413852,0.0005613835528492928
-0.0017370847053825855,-0.00023964495630934834,0.00024766288697719574
-0.000824947957880795,0.00044942315435037017,0.0003044172190129757
0.0019082543440163136,0.0003144008805975318,0.0010546296834945679
0.00022473212447948754,0.0005560957943089306,-0.0008434155024588108
0.001468428410589695,0.0017148371553048491,-0.0004972047172486782
0.0015160712646320462,0.001962055452167988,-0.0010541942901909351
0.00036292255390435457,0.0008017161744646728,-0.002502953866496682
-2.2517226170748472e-05,0.0014356422470882535,-0.0003886353224515915
0.0014123939909040928,0.0019746660254895687,0.0007061902433633804
0.00045054315705783665,0.003333110362291336,-0.0013039610348641872
0.004062056075781584,0.0011967223836109042,-0.0005638687871396542
0.00019614184566307813,0.001124025322496891,0.0011198990978300571
-0.0018552911933511496,0.002378640463575721,-0.0019083814695477486
-0.0010161427780985832,-0.0002732319408096373,-0.0017445757985115051
-0.0015519708395004272,0.0024501164443790913,-0.0003117951564490795
0.0011957422830164433,-0.00040342804277315736,-0.0013232617639005184
-0.00031347115873359144,-0.0002601499727461487,-0.0010444289073348045
-0.00037383061135187745,-0.001117564388550818,-0.000529843382537365
-0.0016436257865279913,-0.00014231473323889077,-0.0005833730101585388
0.002833403879776597,-0.0024077307898551226,0.001607978716492653
0.001420330721884966,0.0011718239402398467,-0.001844809390604496
-0.0012860939605161548,0.0002744888770394027,-0.0003638840280473232
0.0030466027092188597,2.4418070097453892e-05,0.0015836856327950954
0.004128741100430489,-0.002485268982127309,0.00016827136278152466
-0.0016093057347461581,0.0007422158960253,-0.0008711605332791805
-0.001410340890288353,0.0016547153936699033,-6.75693154335022e-05
-0.0014505547005683184,0.00046108660171739757,-0.00012509338557720184
0.0001278846466448158,-0.0004260623245500028,-0.0002693645656108856
-0.0004971592570655048,0.00023892897297628224,2.011191099882126e-06
-0.0003541868645697832,0.000237110405578278,-0.0015035206452012062
7.245157030411065e-05,-0.0002896628575399518,0.0002613561227917671
0.0004997230134904385,-0.00011729839025065303,0.00030931225046515465
0.0005063809221610427,-0.00035325446515344083,-0.0009903102181851864
0.00036878263927064836,0.0009570257388986647,-0.0022427751682698727
0.0006713177426718175,0.0003666029660962522,0.00040866807103157043
-0.000791911210399121,0.0013469739351421595,0.0014479253441095352
-0.0007066900725476444,-0.0007654454093426466,-0.0010650334879755974
-0.0022335401736199856,-0.00024675187887623906,0.002532512880861759
0.001820057281292975,-0.001243306789547205,0.00044406158849596977
0.000884179025888443,0.0004229749320074916,-0.002243397291749716
0.00164877250790596,0.0017407069681212306,0.0008085854351520538
0.0007757567800581455,-0.0019962021615356207,0.003065470140427351
-0.0006769976462237537,-0.0009069693041965365,-0.0012009143829345703
0.000318926788168028,0.001251805224455893,4.339916631579399e-05
-0.0009870873764157295,-0.00010001530608860776,0.0015313071198761463
-0.0014581934083253145,-0.0015007317997515202,-0.0009365808218717575
0.0006228006677702069,-0.0002932546485681087,0.0005244291387498379
0.0010777709539979696,-0.002108148764818907,-0.00035946769639849663
0.0011928194435313344,0.001449568080715835,-0.0006385673768818378
-0.00022696645464748144,-0.001153580960817635,-0.0005834433250129223
0.0019512330181896687,-0.0006640919018536806,-0.0010135439224541187
-0.002028251066803932,-0.002034159144386649,0.0012407242320477962
-0.0010191791225224733,0.00018212356371805072,-0.0024027463514357805
-0.000310306204482913,-0.0012495502596721053,0.0003447318449616432
0.001281465170904994,0.0011323810322210193,-0.0010113497264683247
0.00010141328675672412,-0.00016226351726800203,0.00019735144451260567
0.0038929558359086514,-0.0014520324766635895,0.0013118842616677284
0.0018354504136368632,-0.0014038988156244159,0.0017533916980028152
-0.0008205201011151075,-0.0011338542681187391,-0.0006053703837096691
0.00033015970257110894,-0.001240663812495768,-0.0010587545111775398
9.526891517452896e-05,-0.0010345351183786988,-0.0004965611733496189
0.0005829967558383942,-0.0015071113593876362,-0.00333155645057559
-0.0017462039832025766,-0.0008439843077212572,-0.00018423283472657204
0.0022487894166260958,-0.0015527514042332768,-0.00032814498990774155
0.0008554235682822764,-0.0019972329027950764,0.00148679967969656
-2.8296199161559343e-06,-0.0010705607710406184,0.0023509645834565163
0.0003060970630031079,-0.0001616239023860544,0.0006907503120601177
0.0008621535962447524,-0.00028551556169986725,0.0028609763830900192
-0.0003237520286347717,0.0011126439785584807,-0.0017907675355672836
0.0002632576506584883,-0.0012983725173398852,-0.0007458776235580444
-0.0003543294151313603,0.0015615961747244,0.0003196531906723976
0.0011060487013310194,0.0007807875517755747,0.00044529838487505913
-0.0009363294229842722,-5.384709220379591e-05,0.0005480963736772537
0.0006774567300453782,0.0006731836474500597,0.001529392320662737
-0.0012131213443353772,0.0002073967771138996,-0.00021950528025627136
-0.0009582809288986027,-0.0006622719811275601,-0.0007814867421984673
0.0012257774360477924,0.0010240416740998626,0.001335460226982832
-0.0003827285545412451,0.002078399760648608,-0.0002205432392656803
7.693303632549942e-05,0.0006512116524390876,-0.0005507753230631351
0.00011788238771259785,0.0003672781167551875,0.0009606247767806053
-0.0011753486469388008,0.0027745093684643507,0.00019097095355391502
0.0007310843211598694,-0.00048480762052349746,0.00037966249510645866
0.0007848801906220615,-0.00028187475982122123,-0.00014364859089255333
0.0024027270264923573,0.0006916778511367738,-0.00045609474182128906
-0.001247667707502842,-0.0005237888544797897,-0.0007839296013116837
-0.0007292311638593674,-0.0015728746075183153,-0.00023245252668857574
-0.0031143580563366413,-0.0013973722234368324,0.0002098982222378254
0.0013776248088106513,-0.0010295341489836574,0.00039504002779722214
0.0009520516032353044,-0.0020481932442635298,0.001703184563666582
-0.0008979444392025471,7.286858453880996e-05,-0.001166525762528181
-0.0006217745831236243,-0.002578574465587735,-0.0005337586626410484
0.0003315672220196575,9.770684118848294e-05,0.001764683984220028
0.00038855886668898165,-0.0003678136854432523,0.00036972062662243843
0.0007216744124889374,-0.0002803284442052245,0.000706864520907402
-0.0018983434420078993,0.001839547767303884,0.00036571361124515533
0.00044327726936899126,-0.0008753626607358456,0.002806201111525297
0.0029588991310447454,0.0007781940512359142,-0.0005357996560633183
-0.002887972630560398,0.0011751175625249743,0.00011542811989784241
-0.0001822010090108961,-0.00045873181079514325,0.0008435361087322235
8.287277887575328e-05,0.0005140944849699736,0.0001534479670226574
-0.00148093537427485,-0.0021045918110758066,0.000502854585647583
1.438619801774621e-05,0.0013530406868085265,0.0002880510874092579
-0.0005150501965545118,0.0009564959909766912,5.6356191635131836e-05
0.0017683056648820639,-0.0023928957525640726,0.0012506898492574692
-7.4902200140058994e-06,0.0012100948952138424,0.001546833198517561
0.0006662261439487338,0.00037434411933645606,0.0006882483139634132
-0.0003380518755875528,-0.0017625762848183513,0.00039716484025120735
-0.0006003283197060227,0.001381045556627214,0.00010742060840129852
-1.8161284970119596e-05,-7.224146975204349e-05,-0.0014167064800858498
-0.0016051871934905648,-0.0013861153274774551,0.00211851904168725
-0.0007119629299268126,-0.0006343049462884665,-0.0005933777429163456
6.981246406212449e-05,0.0002640480233822018,0.0015755784697830677
0.0009276166674681008,0.0001798921439331025,0.0005025910213589668
-0.0004628114402294159,-0.000477929919725284,0.000617180485278368
-0.0007235349039547145,-0.0010190842440351844,-0.0012134765274822712
0.0004094161849934608,-0.0015394086949527264,-0.0006613777950406075
-0.0005336091271601617,-0.0012573798885568976,0.0005213320255279541
0.0009199314517900348,0.0016765091568231583,0.0008747573010623455
-0.0010092623997479677,-0.0005922376876696944,0.0025307107716798782
9.34423878788948e-05,0.00014698077575303614,0.002257794141769409
-0.0018802264239639044,-6.207736441865563e-05,0.0005187499336898327
-0.0005325751844793558,-0.0006519306334666908,-0.0019305888563394547
-0.00021512643434107304,-6.923104228917509e-05,0.0004848982207477093
-0.001059684669598937,-0.0023853543680161238,-0.0006233565509319305
-0.000574989418964833,-0.0009509758092463017,0.0029253060929477215
0.00013037561438977718,-0.0009733186452649534,-0.00030772946774959564
0.0018409239128232002,-0.0014207296771928668,0.0013383706100285053
0.0008850061567500234,-0.00017022239626385272,0.0010328050702810287
0.0001427831593900919,-0.0004996554343961179,0.0003827274776995182
0.0005803992971777916,0.000912778836209327,-0.0010242513380944729
0.0012762832920998335,-0.00020654774561990052,-2.7696602046489716e-05
-0.001576283830218017,0.0006166137172840536,-0.0014475169591605663
0.0019263054709881544,0.001078672125004232,-0.00026134494692087173
0.0003142378409393132,-0.001411106321029365,-0.00011088093742728233
-0.0029015291947871447,-0.0015253559686243534,0.0025088703259825706
0.002923667896538973,0.0004899236955679953,-0.00018320512026548386
-0.00015228299889713526,-0.0002448424347676337,-0.0023254519328475
0.00026210752548649907,0.0014887053985148668,-0.0011250469833612442
0.0010064609814435244,0.0003723082481883466,0.001256351824849844
-0.00013203322305344045,-0.0009774387581273913,0.0007168585434556007
-0.0008542824070900679,0.0002667901571840048,0.0024814694188535213
-0.0019586379639804363,0.0004991567693650723,-0.00027109961956739426
-0.0009453052189201117,0.001530598965473473,-0.00010598357766866684
-0.00046792521607130766,-0.001404360868036747,0.00016753748059272766
0.0017888374859467149,0.0012944865738973022,0.0013694223016500473
0.000971749541349709,-0.00029021117370575666,-0.0013523334637284279
-0.002991034183651209,-0.00012855729437433183,0.002585416194051504
0.0007249762420542538,-0.0025446133222430944,0.00020022643730044365
-0.0020937134977430105,-0.0009746798896230757,-0.0012927418574690819
0.001885242760181427,0.0005181656451895833,-0.0012648478150367737
0.0009025362087413669,0.0016843638150021434,-0.0006605768576264381
-0.0007075406610965729,0.0006980907637625933,0.0012853560037910938
-0.00011765043018385768,-0.0003195030731149018,-0.0013357270509004593
0.00011743628419935703,0.0006607136456295848,-0.0017067398875951767
0.0011033385526388884,0.0013672502245754004,0.00014655385166406631
0.0008811446605250239,-0.0009529362432658672,0.0014454587362706661
-0.0020563220605254173,-0.000812854035757482,0.001226014457643032
-0.0005566410254687071,-0.0011695389403030276,-0.0010560373775660992
0.0007789342198520899,-2.624391345307231e-05,-0.001091457437723875
0.001367279328405857,-0.0001377783773932606,-0.00023532751947641373
0.0030069875065237284,-0.0013918610056862235,0.0005817306227982044
0.0002089912595693022,0.0006828751065768301,-0.001415126956999302
0.00023162814613897353,0.0007864721119403839,-0.00037782546132802963
0.0010150553425773978,-0.0006462057353928685,-0.0013366262428462505
0.0009420847636647522,-0.0006669783615507185,-0.0018045436590909958
0.00130124157294631,-0.0011368534760549664,0.00027537066489458084
-0.0011403445387259126,0.0003649030113592744,-0.00032330816611647606
0.0007471306016668677,-0.0013279732083901763,0.0010905587114393711
-0.0024521248415112495,0.0011564897140488029,0.0015390347689390182
-0.0024084981996566057,0.001077794935554266,-0.0013369419611990452
-0.00019940605852752924,0.00020720760221593082,-0.0012123058550059795
0.000920106191188097,0.0015179379843175411,-0.0027355311904102564
9.079781011678278e-05,-0.00029993581119924784,-0.00040393369272351265
-0.00040044018533080816,0.0010371946264058352,-0.0014184992760419846
-0.0005088308826088905,0.0005943110445514321,0.0010166950523853302
0.0005682610790245235,-0.0011246557114645839,-0.002453235210850835
3.9357313653454185e-05,0.00023142597638070583,0.0015670731663703918
-0.0007862393977120519,-0.0005591748631559312,0.0016051260754466057
-0.001229922054335475,-0.001722177374176681,-0.0011182217858731747
-0.0018846658058464527,0.000439277762779966,-0.0023389821872115135
0.0024680045899003744,-0.00039056321838870645,0.001295433845371008
0.0023730036336928606,-0.00013976922491565347,-0.00011775689199566841
-0.0013543566456064582,-0.00036400737008079886,-0.0009007258340716362
-0.0007625947473570704,0.0014484694693237543,-0.0007506702095270157
-0.0010877667227759957,0.001060713198967278,0.0010799863375723362
0.0006291609606705606,0.0007869763066992164,-0.0012298841029405594
0.0005330208223313093,0.0009241290972568095,0.0024612569250166416
0.0012599818874150515,-0.0004589686868712306,0.0002073226496577263
0.0005342704826034606,-0.0012051863595843315,0.000563387293368578
0.0016556617338210344,0.001355482847429812,0.0010516662150621414
3.4595519537106156e-05,-0.0002189779479522258,-0.0013505048118531704
-0.0009302841499447823,0.0010540622752159834,0.002907894551753998
0.0004058237245772034,0.00021117180585861206,-0.0004948265850543976
0.0002520220587030053,0.00028682147967629135,0.000691224355250597
-0.0004896683385595679,7.98938563093543e-05,0.0037370817735791206
-0.0008362418739125133,0.0013074285816401243,0.001239194069057703
0.0016863043420016766,0.0015657552285119891,-0.0015648482367396355
0.0018719402141869068,-6.999765173532069e-05,0.0007499032653868198
0.00026392348809167743,-0.00018371462647337466,0.0005605523474514484
7.624205318279564e-05,-0.0007195232319645584,0.0005723536014556885
-0.0008012694888748229,-0.0007088705897331238,-0.0007126219570636749
0.0020187613554298878,-0.0003908838261850178,-0.0013267002068459988
6.187049439176917e-05,-8.089188486337662e-05,0.001074405387043953
-0.0016594864428043365,-0.00035213548108004034,-0.0004991013556718826
0.0007975460030138493,-0.0013159334193915129,-0.0016445270739495754
-0.0003068415098823607,-0.0009168631513603032,-0.0008090161718428135
0.0004311203956604004,0.000797413638792932,-0.002021020743995905
0.0014056016225367785,-0.0012035457184538245,-8.181529119610786e-05
0.0009515326237305999,0.0015067533822730184,-0.0009566638618707657
6.68574939481914e-05,-0.0011591460788622499,0.0011961176060140133
0.00037791469367221,-0.000959941593464464,-0.00038260407745838165
-0.001406004186719656,-0.001484030857682228,-0.0004461635835468769
-0.001221180777065456,-0.0007412752602249384,-0.0010890509001910686
-0.0010409958194941282,-0.0010732014197856188,-0.0018820203840732574
-0.001096389489248395,-0.0010881151538342237,-0.0010633645579218864
0.0009136020671576262,0.0004837159940507263,0.0011858418583869934
0.0007130660815164447,-0.0011344206286594272,-0.0003143167123198509
0.002158507239073515,-0.0007860406185500324,0.0003347075544297695
-0.001733170123770833,-0.0014672772958874702,0.00047851819545030594
-0.0010726863984018564,0.0005391688900999725,-0.0011713821440935135
-0.0008822703966870904,0.0025304146111011505,-0.000795876607298851
0.0009662321535870433,-0.00108914019074291,9.352527558803558e-05
-0.0010143608087673783,-0.0002861971443053335,0.00054173544049263
-0.0007347275968641043,0.0010863918578252196,0.0011621513403952122
0.002244550734758377,-0.0006848766352050006,-0.0006141769699752331
0.001400379347614944,-9.787675662664697e-05,1.684250310063362e-05
-0.00022414891282096505,0.0005889525054953992,-0.0026021101512014866
0.0019621108658611774,0.00041706504998728633,-0.0004943651147186756
0.004097699653357267,2.0786690583918244e-05,-0.0001907646656036377
9.708831203170121e-05,0.0003672802122309804,0.00028858333826065063
0.0003460938751231879,0.0013076423201709986,0.0009237471967935562
-0.0011531999334692955,0.00020589427731465548,-0.0004938142374157906
0.0004596104845404625,0.0014123062137514353,-0.0014496231451630592
-0.00112611660733819,0.001337441266514361,-0.00044557638466358185
0.00010319854482077062,0.0004250423517078161,0.0006399280391633511
4.2530096834525466e-05,-0.0018071829108521342,-0.0009018778800964355
-0.0002179270377382636,1.308770151808858e-05,-0.0014044162817299366
-1.975192571990192e-05,-0.0007483100634999573,0.0007888088002800941
4.709340282715857e-05,3.816967364400625e-08,8.733244612812996e-05
0.0024699403438717127,-0.0025411867536604404,-0.001194068230688572
-0.0015445086173713207,0.0013515559257939458,-0.0023991484194993973
-0.0010492046130821109,-0.0014746489468961954,-0.0009372415952384472
-0.00029100265237502754,-0.00012682312808465213,0.0011557363905012608
0.0019994520116597414,0.0004299931460991502,-0.0014811446890234947
9.582444909028709e-05,-0.0008294157451018691,-0.00027366727590560913
0.0019138830248266459,-0.0012707196874544024,-0.0004897662438452244
0.0007266458123922348,-0.0009889572393149137,-0.0003230525180697441
0.0006365587469190359,-0.00047208997420966625,0.0013877679593861103
0.0005183143657632172,0.0016640315297991037,-1.0658055543899536e-05
0.0002733945439103991,0.0010855714790523052,0.000657376367598772
0.0007511656731367111,0.0006496119312942028,0.0004933257587254047
-0.0019494578009471297,-0.0006429901695810258,0.0010438296012580395
-0.0020173683296889067,0.0016281536081805825,-0.0019647437147796154
0.0008871349273249507,-0.0017843223176896572,0.0008145030587911606
0.0016844854690134525,-0.0011342447251081467,0.002141290344297886
-0.0013574708718806505,-0.0008665567147545516,0.0011174706742167473
0.0012465680483728647,0.0003070984093938023,0.00030174432322382927
0.004455052316188812,3.3333100873278454e-05,0.0012618610635399818
0.001351138111203909,-0.0017656321870163083,0.0008069928735494614
-0.001083527342416346,0.0014798232587054372,-0.0005020676180720329
0.001620912691578269,0.0008105708402581513,-0.001002209261059761
0.0006285009440034628,0.0011817049235105515,0.001192500814795494
0.0014106712769716978,-0.0008324437658302486,-0.0015420331619679928
-0.0008163786260411143,0.002193788066506386,0.0015803654678165913
-0.0027370506431907415,-0.0005079889670014381,-0.0006361831910908222
0.001437426544725895,0.0009015546529553831,-0.00021220510825514793
-0.0003863062011078,-0.000363180588465184,-0.0005120770074427128
-0.0013953292509540915,0.0016974949976429343,0.001535340677946806
-0.0005087630124762654,-0.0004175874637439847,-0.0013131764717400074
8.91126983333379e-05,0.001356024295091629,0.0012846440076828003
0.001923231640830636,0.00019062501087319106,9.527616202831268e-05
-0.001115039107389748,0.0007760943262837827,-0.00021590245887637138
0.001804051804356277,-0.0015448505291715264,-8.540740236639977e-05
-0.00047894337330944836,0.001370508223772049,-0.00015764962881803513
0.00018658055341802537,0.0024078094866126776,-0.0001714983955025673
0.0020546920131891966,-0.0027808002196252346,-0.0015593226999044418
0.0015790513716638088,-0.0013320407597348094,0.0007730736397206783
0.001779997139237821,-0.0005874995840713382,0.0011377097107470036
0.00015573514974676073,0.0022165426053106785,0.0009171999990940094
-0.0020488069858402014,-0.001146834110841155,0.0016630953177809715
-0.001963851973414421,-0.0010030234698206186,0.000532850157469511
-0.00137636112049222,-0.0011542830616235733,-0.0012271436862647533
-0.0009260206134058535,0.0015307159628719091,-0.001345121767371893
-0.0006927442154847085,-0.0004282369336578995,0.0019217487424612045
-0.0011681185569614172,0.00018162696505896747,0.0024751536548137665
0.0012821159325540066,-0.0011406680569052696,0.0014539295807480812
0.0007841048063710332,0.001470561372116208,9.491806849837303e-05
0.00034092069836333394,-0.0013727910118177533,-0.0009839367121458054
-0.0019240977708250284,-0.0002920803090091795,0.0006283409893512726
0.001053782645612955,-0.0015788553282618523,-0.0017291642725467682
-0.0006221446674317122,-0.00033009907929226756,-0.0005001151002943516
0.002480583731085062,-0.0014203278115019202,0.0021917764097452164
-0.0009634161833673716,-0.000485824653878808,0.0014639347791671753
0.0005542144645005465,0.00046950994874350727,0.001085203606635332
0.0010908414842560887,0.0005067941965535283,-0.0010703587904572487
0.00032255484256893396,-1.1683860066113994e-06,-0.00303076533600688
0.0008197670103982091,0.0012638331390917301,-2.7511268854141235e-06
-0.0032551768235862255,-0.0009552803821861744,0.0004969355650246143
0.001739315572194755,-0.0023398578632622957,5.511706694960594e-05
-0.0020097920205444098,-0.0011808533454313874,0.00010690512135624886
-0.0004467827675398439,-0.0010460973717272282,0.0004331422969698906
-6.863166345283389e-05,0.00031818769639357924,-0.0010844231583178043
-0.0011621256126090884,0.0003429550852160901,0.0013379878364503384
-0.0009696492925286293,0.0006902433233335614,-2.5052577257156372e-05
0.002363030333071947,0.000635115837212652,0.0002487204037606716
0.0018220731290057302,0.00039641751209273934,0.0002911812625825405
-0.0003286957216914743,-1.743773464113474e-05,0.0002421787939965725
0.0003482869651634246,-0.0033234097063541412,0.0007417625747621059
-0.0009113882551901042,-0.0009742351830936968,0.00045014638453722
0.0022766238544136286,-0.0014298177557066083,0.001651508267968893
0.0018880685092881322,-0.003321194788441062,-0.00015198485925793648
0.000723895849660039,0.0005882142577320337,-0.0008689034730195999
-0.002102250698953867,-0.0014530987245962024,-0.0006302841939032078
0.001475662225857377,-0.0009363243589177728,-0.00030737463384866714
-0.0010231819469481707,-3.8306458009174094e-05,0.001293984241783619
0.00014960204134695232,0.0052637746557593346,-0.002818784676492214
0.0008231154642999172,-0.002433027606457472,-0.0010448531247675419
-0.0029073883779346943,0.001662663766182959,-0.0009774095378816128
-0.0008559555280953646,-0.0023435293696820736,0.00044445227831602097
-0.0008695556316524744,0.00027116277487948537,0.001424142625182867
-0.0017742313211783767,0.0017023454420268536,-0.0014238418079912663
0.0023755915462970734,0.0004334378463681787,0.0005587786436080933
0.0012815650552511215,0.00029042610549367964,7.568113505840302e-05
0.0005163203459233046,0.0013569196453318,-0.001572958193719387
-0.0005023387493565679,0.0018735728226602077,-0.0014182282611727715
-0.0011976698879152536,-0.0013075348688289523,0.0006256578490138054
-0.0018253771122545004,-0.0017568101175129414,0.0016094297170639038
-0.00016701931599527597,0.000518651504535228,-0.0011632032692432404
-0.0016890158876776695,-8.482077100779861e-05,-0.0021847919560968876
-0.00021058367565274239,0.0014750717673450708,-0.0008489987812936306
0.001144432695582509,0.0013163473922759295,0.0035931537859141827
0.0006264758412726223,0.004349621012806892,-0.0003326674923300743
0.0007431223057210445,-0.0012472782982513309,-0.0011715632863342762
-0.000998030067421496,0.0007212198106572032,0.00037555349990725517
-0.0013266642345115542,0.0009545127395540476,-0.00041061127558350563
-0.0009732789476402104,0.0013106876285746694,-0.001090980600565672
-0.0009248094283975661,-0.000901067687664181,0.0017676563002169132
0.00038542860420420766,0.0014162372099235654,0.003839791752398014
-0.000402068137191236,0.0004585645510815084,0.0015100585296750069
0.0027277879416942596,-0.001973720034584403,0.0024213651195168495
-0.0015154266729950905,-0.0001228230248671025,-0.0022721905261278152
0.001125773647800088,-0.0003869550710078329,-0.0008763791993260384
0.0018253859598189592,-0.001638374524191022,0.0015790550969541073
-0.0025435287971049547,-0.0014524173457175493,-9.821169078350067e-05
-0.00030514199170283973,-0.0014119374100118876,0.001045349519699812
-0.0002549287455622107,0.0004954721662215889,-0.0012988033704459667
0.0005775754107162356,6.643692177021876e-05,0.002932426519691944
0.0018191911512985826,0.00016546854749321938,0.001203006599098444
-0.0007691350765526295,0.0003622761578299105,0.0016200575046241283
0.0009222354274243116,-0.0004300890723243356,0.0024654055014252663
0.00021276934421621263,-0.0011411530431360006,0.001401738729327917
-0.0004902849905192852,-0.0003314119530841708,-0.00046052224934101105
0.0008082722779363394,0.0007980346563272178,0.0013022241182625294
0.00010859456961043179,-0.0023206525947898626,-0.0007711541838943958
-0.0003289627784397453,8.125235763145611e-05,3.5783275961875916e-05
-0.0016854283167049289,0.0013410239480435848,-0.0017588534392416477
-0.0019014108693227172,0.00041477661579847336,0.0017139087431132793
0.0013401993783190846,-0.001289616571739316,0.000861254520714283
-0.00023346245870925486,-0.0010334205580875278,-0.0007017548196017742
-0.0008467924781143665,0.00012279710790608078,0.001427238341420889
0.001469891401939094,5.115807653055526e-05,-0.0007469663396477699
0.001133563695475459,9.031445370055735e-05,-0.001915336586534977
-2.49113654717803e-05,-5.882256664335728e-05,-0.0031451841350644827
7.472923607565463e-05,0.0007609029416926205,0.0005827709101140499
-0.002108796499669552,-0.0013989206636324525,-0.0012585390359163284
0.0018250694265589118,0.00035009445855394006,0.0002946513704955578
0.0008367703412659466,0.0009322614641860127,-0.0014957915991544724
0.0014017416397109628,0.001007900107651949,0.0001467932015657425
-0.001510158646851778,0.00021933807875029743,-0.0005826465785503387
-0.0010669719194993377,-2.1478161215782166e-05,-0.0004027262330055237
0.0018076441483572125,-0.001181284780614078,-0.00023734383285045624
0.000460575771285221,0.00048301101196557283,0.0021678637713193893
0.0003180966596119106,-0.0006469682557508349,-0.0006737289950251579
-0.0009109609527513385,-0.0022832807153463364,0.0008417763747274876
0.0016350209480151534,0.0026941674295812845,0.001489989459514618
0.0005178650026209652,-1.5837649698369205e-05,-2.478715032339096e-06
0.00036872795317322016,-0.0012329022865742445,0.0011389520950615406
0.00032318258308805525,0.0025174517650157213,-0.0032694737892597914
0.0014925766736268997,-0.001279150601476431,0.0016174265183508396
-0.0014049123274162412,0.0008264154312200844,-0.0022275825031101704
0.00040710248867981136,-0.0010942562948912382,0.001995125785470009
0.0004785525961779058,0.0016238739481195807,0.0012795100919902325
0.0008548572659492493,-0.001005464931949973,-8.003367111086845e-05
0.0003367743920534849,0.00049882527673617,-0.0014311089180409908
0.0018523794133216143,0.00021493231179192662,0.0015875841490924358
0.0005670159589499235,0.0015753398183733225,6.889551877975464e-05
0.0001486333494540304,-0.0010057957842946053,-0.0004355069249868393
0.0014424554537981749,-0.0005778362974524498,0.00034546153619885445
-0.0018931536469608545,0.0006181893404573202,0.0010341545566916466
0.00043697163346223533,0.0007522430387325585,0.001377228181809187
0.0007070161518640816,-0.0002831940073519945,-0.000490712933242321
0.0006526731885969639,-0.0007825029315426946,0.00043847830966115
0.0020500337705016136,0.0003040668088942766,-0.002502982970327139
0.0008537914836779237,-0.00016560008225496858,-0.00027386052533984184
0.0009549916139803827,0.0014184481697157025,-0.00019476469606161118
0.000832744175568223,-0.0006068152142688632,-0.001512596383690834
-0.0009853958617895842,-0.0009516944992356002,-0.00203031487762928
-0.0011813576566055417,-0.0010890645207837224,-0.001987969037145376
0.0009395838715136051,-0.0006520397728309035,4.3223612010478973e-05
-0.0009210715070366859,-0.0005158618441782892,0.00027975207194685936
0.0012749710585922003,0.001745960908010602,-0.0006041512824594975
-0.0005873568006791174,0.0013575743651017547,0.0012558391317725182
-0.0005231745890341699,0.00043825118336826563,2.01324000954628e-05
-0.00013627560110762715,-0.0010630011092871428,-0.0009394614025950432
-0.002989320084452629,0.0004898881306871772,-0.0013621053658425808
0.0027873278595507145,-0.0012234741589054465,0.0026735072024166584
0.00020779011538252234,-0.0005915059591643512,-0.001502595841884613
-5.0441158236935735e-05,0.00042915725498460233,-0.00018375040963292122
0.0003056234563700855,0.0008528662147000432,0.0013142777606844902
-0.0013834964483976364,-0.0012254614848643541,-0.0009953835979104042
-0.0007539251819252968,-0.00025846768403425813,0.0012829508632421494
-0.0004970587324351072,-0.0014786514220759273,-0.0005868100561201572
0.00010401668259873986,0.0015605479711666703,0.00012159114703536034
0.0006462610326707363,0.001022097421810031,-0.0030116108246147633
0.0023272482212632895,0.0018000067211687565,0.0014981860294938087
-0.001509185996837914,-0.00015781924594193697,0.0004645981825888157
2.7990492526441813e-05,8.559366688132286e-05,-0.0005055917426943779
-0.0006262264214456081,0.0002154843241441995,-0.0021036546677351
0.0014289349783211946,-0.00011954133515246212,-0.0011150892823934555
0.0002564573660492897,0.0018534580012783408,-0.0013084099628031254
1.5928526408970356e-06,-0.0010238211834803224,-0.0013092085719108582
0.0006843514856882393,-0.00047997344518080354,0.0017744670622050762
0.00040685010026209056,0.0006774363573640585,0.0009006839245557785
0.002440969692543149,-0.0006112149567343295,-0.00029966002330183983
-0.0008251308463513851,0.0007555193151347339,-0.0002392060123383999
0.0012584174983203411,-0.0007947745616547763,-0.00036235107108950615
-0.00020392431179061532,-0.0010570958256721497,0.0010784189216792583
-0.0018274609465152025,-0.0002793103049043566,-0.0010273563675582409
-0.0013768540229648352,0.0012538715964183211,-0.0016737058758735657
0.0012592647690325975,-0.0007527626003138721,0.00063362717628479
0.0009852254297584295,0.001285887323319912,0.0006504054181277752
0.0028444279450923204,0.0024513504467904568,0.0012346901930868626
-0.0005614887340925634,0.000788206176366657,-0.0009022303856909275
-0.0007420359179377556,0.00011223599722143263,0.0013949726708233356
0.0017269807867705822,0.0006722987745888531,0.0017877891659736633
-0.0005603628233075142,-0.001334335538558662,0.002327140886336565
-0.0028253814671188593,-0.0012075691483914852,-0.0013445592485368252
0.000435418653069064,0.0014625153271481395,-0.0003382568247616291
-0.00019095680909231305,-0.0004152795590925962,0.0008833352476358414
-0.00040859676664695144,0.0015980039024725556,0.0006759990938007832
0.0001932776503963396,-0.0018814161885529757,0.0010352595709264278
0.0008373607415705919,-0.00134988222271204,0.0004911036230623722
0.001325784483924508,0.0006442927406169474,-0.0008673747070133686
0.0008498355164192617,-0.0007268769550137222,0.0008919877000153065
-0.0014119872357696295,-3.9248785469681025e-05,-7.820222526788712e-05
0.0002611720119602978,-0.00041871253051795065,-0.0005877083167433739
-0.00040834664832800627,0.001458549639210105,-0.0007557538338005543
-0.0016836890717968345,0.0010920404456555843,0.002166756894439459
-8.560804417356849e-06,-0.00039373713661916554,0.00241416459903121
0.000803118571639061,0.00018061583978123963,0.0012885797768831253
0.0005988540942780674,0.0002400043304078281,-9.83942300081253e-05
0.0008923824061639607,0.0012683331733569503,-0.0007909415289759636
-0.001929769292473793,-0.0013468910474330187,0.0014618262648582458
0.001099267741665244,-0.0008854775805957615,-0.0004952237941324711
-0.0015061026206240058,-0.0004162286058999598,0.0030025718733668327
0.00044253800297155976,-0.0024175220169126987,0.0006022132001817226
0.0008385500404983759,6.560944166267291e-05,0.0015108841471374035
0.0008369963616132736,0.0005988990887999535,-0.0019950480200350285
0.002248205477371812,-2.442699042148888e-06,0.002332854550331831
0.002776721026748419,0.0010371633106842637,-0.0011040642857551575
-0.0010339959990233183,0.0012353024212643504,6.95907510817051e-05
0.0026190520729869604,0.00015625506057403982,0.0005829278379678726
-0.002470515202730894,0.0015381693374365568,-0.00022028153762221336
0.0017228604992851615,0.0005478002713061869,0.001159945037215948
-0.0009179300395771861,0.0015139951137825847,-0.0018331818282604218
-0.0025628814473748207,0.00020036217756569386,0.001520609948784113
-0.00039107358315959573,-0.0011314846342429519,-0.0004509277641773224
0.001046513207256794,0.0010161087848246098,0.0002536480315029621
0.00020974806102458388,-0.0006646121037192643,0.002178314607590437
0.00023849305580370128,0.0007123843533918262,-0.000783184077590704
0.0009141369955614209,-0.0009353134082630277,-0.0002529486082494259
-0.002235197462141514,-0.0007479464402422309,0.0004348400980234146
-0.00011505480506457388,0.001489375252276659,-0.00039473455399274826
0.0008879471570253372,-0.0002466447767801583,-8.915876969695091e-05
-0.0018724191468209028,-0.001429887255653739,-0.0015254011377692223
0.0019624452106654644,-0.0024493648670613766,0.0023626848123967648
0.0009456502739340067,0.0009626771789044142,-0.00013509439304471016
-0.0011239894665777683,0.0010690921917557716,-0.0009222505614161491
-0.0021234736777842045,-0.00023053042241372168,-0.0002774992026388645
0.0004886619281023741,-0.0015615926822647452,-0.00010351836681365967
-0.0015316121280193329,-0.002485443139448762,-0.0009152498096227646
-0.00027879822300747037,-0.002087756060063839,0.00014504371210932732
-0.0006910556112416089,-0.00016894846339710057,0.0003903210163116455
0.0013458337634801865,0.0026156955864280462,0.0025604218244552612
0.0001482102379668504,-0.001377181732095778,-0.002278808504343033
-0.0011390707222744823,0.0003146503586322069,9.639794006943703e-05
-0.0010807474609464407,0.0014763212529942393,-0.002330540679395199
-0.0006876934785395861,6.756212678737938e-05,0.00026526907458901405
0.0007898282492533326,-0.00031220464734360576,0.00016433512791991234
0.002343038795515895,0.0008610431104898453,0.000406595878303051
-0.00042851289617829025,-0.0004465689999051392,0.0012723891995847225
0.0015679702628403902,-0.0004199775285087526,-0.0010984735563397408
0.0001101559610106051,-0.00015632458962500095,0.00019768672063946724
-0.0008127832552418113,-0.0008959841215983033,8.458690717816353e-05
-0.001177636324428022,-3.5783101338893175e-05,0.0004377220757305622
-0.002085604937747121,-0.00043840077705681324,0.0020354525186121464
0.004027148708701134,0.0008953102515079081,0.0017217318527400494
0.0006319500971585512,0.0007495351019315422,0.00011705374345183372
-0.002840279135853052,0.0014811053406447172,-0.000802269671112299
0.0004140499222557992,-0.000258352083619684,-0.0009928788058459759
-0.0019343255553394556,-0.0028930173721164465,0.000402884092181921
0.0029662158340215683,-0.0008608719217590988,-0.0017524310387670994
0.001230633701197803,0.001369259087368846,0.00016131671145558357
0.001835778122767806,-0.0001860286865849048,0.0013587037101387978
-0.0003821025020442903,-0.0020662203896790743,-0.0012139100581407547
-0.0005172843229956925,-0.000211369275348261,-0.00020027440041303635
0.0016457349993288517,0.0017202214803546667,-0.0015214686281979084
-9.950267849490047e-05,1.9552171579562128e-06,0.0006478829309344292
0.0004341948078945279,0.0011977144749835134,0.000740827526897192
0.00023120478726923466,-0.00017018939252011478,0.0011492562480270863
0.00032761122565716505,-0.0020935244392603636,0.0009346054866909981
-0.0010151512688025832,0.00017229172226507217,-0.0009654350578784943
-9.209965355694294e-05,-0.00012917810818180442,-0.0009760879911482334
0.000604411878157407,0.0003771386982407421,-0.002628107788041234
0.0004928254056721926,-0.00035416532773524523,0.00041428767144680023
0.0002940947888419032,-0.0008601304143667221,-0.00013501010835170746
0.000888512353412807,3.469172224868089e-05,0.001472474541515112
0.0005564780440181494,2.706973464228213e-05,-0.0013575563207268715
0.0002574050740804523,0.0004041733336634934,-0.0014393152669072151
0.0008667466463521123,0.0004967656568624079,-0.00017618201673030853
6.19393540546298e-05,0.001342053059488535,0.0011514038778841496
-0.0005322311772033572,4.250320125720464e-05,0.001336661633104086
0.001092297025024891,1.3741060683969408e-05,0.0016234838403761387
0.00015273736789822578,0.0024534291587769985,0.0024668448604643345
0.0008278486784547567,0.0016116038896143436,0.0009136893786489964
-0.0007316241390071809,0.0014802218647673726,-7.405877113342285e-05
0.0013768004719167948,0.0009127022349275649,0.0011821542866528034
0.0003964598581660539,2.6078312657773495e-05,0.00020398059859871864
8.566895849071443e-05,0.004606449045240879,0.0011211731471121311
-0.0016683513531461358,0.002514943014830351,-0.0011521456763148308
0.0011671162210404873,0.0008302273927256465,0.0005837026983499527
-0.000987600302323699,-0.001079321256838739,0.0004490707069635391
-0.0015138410963118076,0.001527114538475871,-0.001907294150441885
0.0017078324453905225,-0.0005977858672849834,-0.001254390925168991
0.0005432320758700371,6.64064718876034e-05,0.0012798733077943325
-0.003012034110724926,-0.0025919866748154163,-0.000387455802410841
0.0017443716060370207,-0.0008561383583582938,-0.0013906685635447502
0.00039493467193096876,0.00044645144953392446,0.0003797137178480625
0.0002495260850992054,0.0005423252587206662,0.00010221265256404877
-0.0010967490961775184,-0.0023962175473570824,0.00042335130274295807
0.0016162131214514375,-0.0019133863970637321,-2.43261456489563e-05
-0.0011162814917042851,-0.002525572432205081,0.0003783879801630974
0.0014352931175380945,0.000309628841932863,-0.00018913159146904945
0.002144087105989456,-0.0010244740406051278,-0.0022456301376223564
0.001762988744303584,-0.003039421746507287,-0.002401159144937992
-0.0006675988552160561,0.000304428453091532,-0.010338523425161839
-0.0017214117106050253,-0.004409100394695997,-0.09575328975915909
0.0014147278852760792,-0.00305112823843956,-0.23016305267810822
0.0015430923085659742,-0.0014324591029435396,-0.3583678901195526
0.0008090554038062692,-8.795960457064211e-05,-0.48417019844055176
0.0019440946634858847,0.002049493370577693,-0.5951312780380249
-0.0006508621736429632,0.0028346506878733635,-0.6834657788276672
0.0018008439801633358,-0.0026866148691624403,-0.762169599533081
-0.0006379413534887135,-0.0019374595722183585,-0.7783054113388062
0.0009205405367538333,-0.002992604160681367,-0.7147884964942932
-0.0014185677282512188,-0.0015034618554636836,-0.5973813533782959
0.0003548311651684344,0.0025016660802066326,-0.4995352029800415
-0.0012971953256055713,0.0007347958744503558,-0.4130047559738159
0.0031686595175415277,0.0007470464333891869,-0.33170032501220703
-9.922584285959601e-05,0.0033413907513022423,-0.279890775680542
-0.000494971580337733,0.0036276807077229023,-0.22131294012069702
-0.00038261705776676536,0.0038723673205822706,-0.12597492337226868
-0.000938152486924082,-0.00041585450526326895,-0.0067846146412193775
-0.0007246123859658837,-0.001035658991895616,0.003219085279852152
-0.000913164229132235,-0.0035827062092721462,0.02442849986255169
-0.0003300889511592686,-0.005951638333499432,0.06275441497564316
0.0022052403073757887,-0.004989438224583864,0.05113397538661957
-0.0006766484002582729,-0.004275602754205465,0.033081598579883575
-0.0010028856340795755,-0.002541352529078722,0.09441899508237839
-0.001692423364147544,0.0020322734490036964,0.08395549654960632
0.0010136144701391459,0.0032738391309976578,0.12858076393604279
-0.00023503962438553572,0.006156114395707846,0.25390973687171936
-0.0004664683365263045,0.004175521433353424,0.34961363673210144
-0.002549682278186083,0.0018400223925709724,0.3579729199409485
0.0014762182254344225,0.001993420533835888,0.3109084665775299
-0.00030676182359457016,0.0028531032148748636,0.3900970220565796
0.004515956621617079,0.0006045964546501637,0.5506845712661743
0.004282262641936541,0.006342369131743908,0.7119712233543396
0.0008872650214470923,0.013484700582921505,0.7881261706352234
-0.0006388226174749434,0.024657275527715683,0.7456771731376648
-0.017947237938642502,0.023746740072965622,0.8103850483894348
-0.05970802158117294,0.007597287651151419,0.9012899398803711
-0.07031379640102386,0.01646268367767334,0.8883246183395386
-0.08184155076742172,0.002792692743241787,0.5491513609886169
-0.1396539807319641,0.006664663087576628,0.340398907661438
-0.19082972407341003,0.01839844137430191,0.49000880122184753
-0.14534586668014526,0.04003902152180672,0.7092636227607727
-0.06015331298112869,0.16397462785243988,0.815131664276123
0.15924109518527985,0.03261074423789978,0.606227457523346
0.43396294116973877,-0.8561582565307617,0.33119529485702515
0.7197999954223633,-1.7817704677581787,0.12333746254444122
1.1138187646865845,-2.191725015640259,0.053058478981256485
1.476898431777954,-2.22727632522583,0.05411522090435028
1.5581356287002563,-1.6390349864959717,0.2433459609746933
1.374682903289795,-2.232795476913452,0.3781655728816986
0.9695067405700684,-2.432886838912964,0.5216681361198425
0.4218612313270569,-1.8734627962112427,0.7210486531257629
-0.13440415263175964,-1.3641555309295654,0.9624953269958496
-0.5827534198760986,-1.2962297201156616,1.1192209720611572
-0.8299946188926697,-1.3156124353408813,1.207656741142273
-0.9219722151756287,-1.2054786682128906,1.2408884763717651
-0.8614585995674133,-1.0980738401412964,1.2258771657943726
-0.6923630237579346,-1.035508394241333,1.193969488143921
-0.4773994982242584,-0.9867684245109558,1.1493556499481201
-0.2872852087020874,-0.9513148069381714,1.0744537115097046
-0.20223988592624664,-0.9329824447631836,1.0217697620391846
-0.24948729574680328,-0.9061087965965271,1.0115642547607422
-0.3425058424472809,-0.9040287137031555,0.9945641756057739
-0.43684592843055725,-0.8958184719085693,0.9652291536331177
-0.5018176436424255,-0.7343644499778748,0.9850794672966003
-0.5268311500549316,-0.4037812352180481,0.9689084887504578
-0.4978664219379425,-0.12850111722946167,0.9419361352920532
-0.39629799127578735,-0.041699111461639404,0.8920799493789673
-0.2385970801115036,-0.029039539396762848,0.7901080250740051
-0.0860392227768898,0.024724090471863747,0.7017701864242554
-0.0262003093957901,0.022108491510152817,0.6632785797119141
-0.03738291934132576,-0.1473231464624405,0.6087639331817627
-0.037701547145843506,-0.4134290814399719,0.4705609679222107
-0.023777475580573082,-0.5817486047744751,0.2938930094242096
-0.028520328924059868,-0.5432116389274597,0.1641124039888382
-0.0973220244050026,-0.3617616593837738,0.16435794532299042
-0.18614159524440765,-0.13288366794586182,0.22894565761089325
-0.31798112392425537,-1.1712591648101807,0.07676143944263458
-0.1385282576084137,-0.11400952935218811,-0.3618846535682678
-0.09578131884336472,0.49995240569114685,-0.3250589966773987
-0.061280325055122375,0.6020061373710632,-0.19301281869411469
0.15979081392288208,-0.5633963942527771,-0.11363730579614639
0.2870635390281677,-0.9190130829811096,-0.15880531072616577
0.36568671464920044,-0.8915204405784607,-0.20047631859779358
0.3308251202106476,-0.7319673299789429,-0.25664448738098145
0.170062854886055,-0.5926185250282288,-0.2502624988555908
-0.039777763187885284,-0.5888083577156067,-0.21750447154045105
-0.18837523460388184,-0.6712750196456909,-0.09407149255275726
-0.29723984003067017,-0.7700627446174622,0.1506475955247879
-0.36033758521080017,-0.7551580667495728,0.2967643141746521
-0.31159982085227966,-0.4726881980895996,0.2737284302711487
-0.20766010880470276,-0.22041413187980652,0.10437455773353577
-0.08701790124177933,-0.07985231280326843,-0.08503098785877228
-0.028088534250855446,-0.09712264686822891,-0.16039924323558807
-0.06719081848859787,-0.17209067940711975,-0.08991406857967377
-0.10672517865896225,-0.14980988204479218,-0.03782476857304573
-0.035999447107315063,-0.04334648698568344,-0.014696912840008736
0.07816413789987564,0.09633471816778183,-0.03766774386167526
0.12335634976625443,0.14930970966815948,-0.027857929468154907
0.07849512994289398,0.1606752872467041,0.023136278614401817
0.00970904529094696,0.18425576388835907,0.09918805956840515
-0.0766569972038269,0.20552164316177368,0.15809984505176544
-0.16302058100700378,0.23738011717796326,0.2275664210319519
-0.26839786767959595,0.16515518724918365,0.2309289276599884
-0.32267022132873535,0.21802732348442078,0.16637641191482544
-0.3374622166156769,0.39836594462394714,0.11497127264738083
-0.3725000321865082,0.5631864666938782,0.11111918091773987
-0.46084508299827576,0.5598476529121399,0.09607072174549103
-0.5771368741989136,0.45852914452552795,0.07188586890697479
-0.682152271270752,0.3863404095172882,0.036639727652072906
-0.7282490134239197,0.30101650953292847,-0.024181507527828217
-0.743534505367279,0.2899782359600067,-0.05989662557840347
-0.7577939629554749,0.2407262921333313,-0.09055981040000916
-1.1293208599090576,0.21267308294773102,-0.12088549137115479
-1.4949835538864136,0.057844728231430054,-0.08699525147676468
-1.882270336151123,-0.10744941979646683,0.08723114430904388
-1.8671587705612183,0.03183067962527275,0.3242889940738678
-1.6051082611083984,0.1756397783756256,0.47641807794570923
-1.211059331893921,0.15766850113868713,0.38097548484802246
-0.8568900227546692,0.07727193832397461,0.12358894944190979
-0.6554793119430542,-0.07065682858228683,-0.1331363469362259
-0.6046401262283325,-0.11498461663722992,-0.29384294152259827
-0.680631697177887,0.18335884809494019,-0.2886408567428589
-0.7928394675254822,0.4982787072658539,-0.24726730585098267
-0.8991644382476807,0.4964717924594879,-0.1606278419494629
-1.0667755603790283,0.3592689037322998,0.024498865008354187
-1.267991304397583,0.3663308024406433,0.26042041182518005
-1.4935812950134277,0.585578203201294,0.38411837816238403
-1.6814868450164795,1.0707309246063232,0.3482379913330078
-1.8123221397399902,1.6162488460540771,0.1466953009366989
-1.9349805116653442,2.036254644393921,-0.19432830810546875
-2.0598220825195312,2.7135982513427734,-0.5673732757568359
-2.259728193283081,3.27073073387146,-0.893834114074707
-2.2160723209381104,2.344944477081299,-1.018941879272461
0.534072995185852,-0.8380011916160583,-0.25012871623039246
2.5533833503723145,-0.5575061440467834,0.07439664006233215
2.2778444290161133,0.13926999270915985,-0.05024110525846481
1.130079746246338,0.19127221405506134,-0.055661700665950775
0.12055491656064987,-0.11493378132581711,0.05211475491523743
-0.2124965488910675,-0.32981014251708984,0.11645939201116562
-0.04319583997130394,-0.2864856421947479,0.0919155552983284
0.21526473760604858,-0.03907903656363487,-0.016025830060243607
0.3800301253795624,0.23834507167339325,-0.1692184954881668
0.47139573097229004,0.4604295492172241,-0.2833642363548279
0.5115437507629395,0.5168805122375488,-0.31023845076560974
0.4531877636909485,0.42614129185676575,-0.2524707615375519
0.2957369387149811,0.25095856189727783,-0.1632400006055832
0.153488427400589,0.13169078528881073,-0.1050315573811531
0.13041256368160248,0.18654502928256989,-0.03918207809329033
0.18740767240524292,0.3126252293586731,0.010172953829169273
0.21736997365951538,0.367331862449646,0.0156434066593647
0.2265874445438385,0.3574427664279938,-0.001371264923363924
0.209282785654068,0.3065101206302643,-0.012143543921411037
0.1720411479473114,0.21228937804698944,-0.020504271611571312
0.10833180695772171,0.08413910865783691,-0.033154599368572235
0.0017757992027327418,-0.036611538380384445,-0.02067263051867485
-0.13968509435653687,-0.15334169566631317,0.0028437315486371517
-0.24779745936393738,-0.22239772975444794,0.023743420839309692
-0.2722818851470947,-0.19157645106315613,0.05528488755226135
-0.20931756496429443,-0.09015581011772156,0.05775497108697891
-0.11347722262144089,0.0368119552731514,0.04342075437307358
-0.019087595865130424,0.2128373235464096,0.03607682138681412
0.05212756246328354,0.37875619530677795,0.04018751159310341
0.10527653247117996,0.4673643410205841,0.04434283822774887
0.12325175106525421,0.4769209921360016,0.036698587238788605
0.09811098128557205,0.4234050214290619,0.01986980438232422
0.02592410147190094,0.284697949886322,0.030569380149245262
-0.08342636376619339,0.08802297711372375,0.06016988679766655
-0.17246422171592712,-0.06433937698602676,0.07097744941711426
-0.19804388284683228,-0.13854703307151794,0.050257790833711624
-0.17723135650157928,-0.16106955707073212,0.026142045855522156
-0.11454214155673981,-0.10528432577848434,0.02549782767891884
-0.032886773347854614,0.021529125049710274,0.04729699715971947
0.05217379331588745,0.15229806303977966,0.07290515303611755
0.11557337641716003,0.24505271017551422,0.0751580074429512
0.1394749879837036,0.2693721652030945,0.054894816130399704
0.12544883787631989,0.2194414734840393,0.035441622138023376
0.08752807974815369,0.1308916211128235,0.025921886786818504
0.05257676541805267,0.04432132840156555,0.014839130453765392
0.018900828436017036,-0.04855108633637428,-0.004515392705798149
-0.031520359218120575,-0.12992441654205322,-0.02476033940911293
-0.08646456152200699,-0.19265331327915192,-0.03553282469511032
-0.12996214628219604,-0.23728929460048676,-0.019188091158866882
-0.14333733916282654,-0.22724278271198273,0.02800152450799942
-0.09949243813753128,-0.17317697405815125,0.03684382513165474
-0.006370211485773325,-0.10649222135543823,0.01273821946233511
0.07654042541980743,-0.05361320823431015,-0.003094341838732362
0.13593797385692596,-0.019763367250561714,0.00797215849161148
0.19181478023529053,-0.015767380595207214,0.03441528603434563
0.22804628312587738,-0.05311501771211624,0.04760565608739853
0.24970205128192902,-0.13056132197380066,0.0880042016506195
0.23138803243637085,-0.22943410277366638,0.15132778882980347
0.18071286380290985,-0.35732629895210266,0.1994212567806244
0.11115270107984543,-0.4625142216682434,0.23167693614959717
0.06306025385856628,-0.5010907053947449,0.25721320509910583
0.07315123826265335,-0.4736798405647278,0.28751811385154724
0.12319952249526978,-0.3962869644165039,0.29737281799316406
0.19779600203037262,-0.3218066096305847,0.27779459953308105
0.2592094838619232,-0.2907646596431732,0.245020791888237
0.27312982082366943,-0.3350474536418915,0.2384004294872284
0.23402509093284607,-0.43051236867904663,0.3088761270046234
0.1888171285390854,-0.5400585532188416,0.4021509289741516
0.16124896705150604,-0.6337755918502808,0.4527362287044525
0.14015141129493713,-0.6522507667541504,0.4670043885707855
0.08215446770191193,-0.6037518382072449,0.43197694420814514
0.001400759443640709,-0.515807569026947,0.39166948199272156
-0.06401611119508743,-0.37831878662109375,0.3684746026992798
-0.09361182153224945,-0.25391265749931335,0.3435652554035187
-0.09752460569143295,-0.18556542694568634,0.3241722583770752
-0.11121378093957901,-0.16022038459777832,0.3029841482639313
-0.12581147253513336,-0.14919887483119965,0.27900055050849915
-0.1299942433834076,-0.1818404495716095,0.2896156311035156
-0.14286814630031586,-0.2527567744255066,0.335085928440094
-0.15274794399738312,-0.31006401777267456,0.38832414150238037
-0.15746837854385376,-0.32167643308639526,0.4348020851612091
-0.14819684624671936,-0.30311471223831177,0.4756943881511688
-0.13942347466945648,-0.23202857375144958,0.49554234743118286
-0.11885187774896622,-0.1246001124382019,0.4604988694190979
-0.10764813423156738,-0.023409392684698105,0.38274750113487244
-0.0756252259016037,0.028049536049365997,0.28079795837402344
-0.03893902897834778,0.008782523684203625,0.21448804438114166
0.0016262400895357132,-0.003307961393147707,0.22243651747703552
0.057919904589653015,0.0013414424611255527,0.27139630913734436
0.094356469810009,-0.002400565193966031,0.3449123203754425
0.08005440980195999,-0.059352703392505646,0.3931868076324463
-0.005584860220551491,-0.15573729574680328,0.39391863346099854
-0.14470119774341583,-0.2308405339717865,0.3545549511909485
-0.25138020515441895,-0.2265525907278061,0.3061077892780304
-0.27653002738952637,-0.1288411021232605,0.24630749225616455
-0.2497548609972,-0.015777666121721268,0.18889079988002777
-0.21128466725349426,0.10058519244194031,0.16026045382022858
-0.17265179753303528,0.06085668504238129,0.17329290509223938
-0.13130615651607513,0.06741590797901154,0.2298881709575653
-0.08714082837104797,0.0011785706738010049,0.28666624426841736
-0.07759761810302734,-0.056292373687028885,0.33114710450172424
-0.09249161183834076,-0.10285534709692001,0.3715808093547821
-0.09914101660251617,-0.09048234671354294,0.40179187059402466
-0.09488768130540848,-0.0655711367726326,0.40385398268699646
-0.09506820142269135,0.0036993655376136303,0.36874261498451233
-0.07124382257461548,0.11456942558288574,0.29041531682014465
-0.027375495061278343,0.24228307604789734,0.19651278853416443
0.009375329129397869,0.3128725588321686,0.13303659856319427
-0.01937439665198326,0.32042640447616577,0.1209232285618782
-0.11569374799728394,0.21326053142547607,0.12507136166095734
0.048380739986896515,-0.4195024371147156,0.1487925797700882
0.1303459107875824,-0.2620859146118164,0.16354942321777344
0.1479574739933014,-0.15217739343643188,0.14425551891326904
0.0965358167886734,0.7846601009368896,0.0284559465944767
0.1430313140153885,0.7991501688957214,-0.0031470961403101683
0.38018661737442017,0.14835430681705475,-0.04908369481563568
0.19209836423397064,0.27974218130111694,-0.13881659507751465
-0.004282877780497074,0.24578236043453217,-0.06681537628173828
-0.13999567925930023,0.12846936285495758,-0.05876068398356438
-0.11806987971067429,0.09391085803508759,-0.05203673616051674
-0.018993638455867767,0.118266761302948,-0.035341620445251465
0.029563510790467262,0.061283111572265625,0.01673009991645813
0.001052055275067687,0.05346449092030525,-0.011634554713964462
-0.02193155698478222,0.12103208899497986,-0.03914607688784599
0.002513790735974908,0.18353553116321564,-0.07771386206150055
0.05195484310388565,0.2195577174425125,-0.11208754777908325
0.08222279697656631,0.26372581720352173,-0.11127032339572906
0.0807948112487793,0.29326507449150085,-0.11296196281909943
0.07037490606307983,0.2960326075553894,-0.11774337291717529
0.06222004070878029,0.2214086949825287,-0.1121683120727539
0.054816871881484985,0.14464764297008514,-0.09458237141370773
0.04102196544408798,0.11598163843154907,-0.05949575453996658
0.02351875603199005,0.07355645298957825,-0.050066910684108734
-0.021757911890745163,0.08785949647426605,-0.06351933628320694
-0.04909016191959381,0.048106566071510315,-0.054964255541563034
-0.05974653363227844,0.0319848507642746,-0.025118742138147354
-0.05522134527564049,0.03866635635495186,-0.02730404958128929
-0.0117609528824687,0.07531359046697617,-0.03422054648399353
0.03901391103863716,0.10000208020210266,-0.01947052776813507
0.08305887132883072,0.11269151419401169,-0.009469559416174889
0.10367605835199356,0.06492650508880615,-0.021195024251937866
0.10035855323076248,-0.003016327740624547,-0.023342862725257874
0.10750525444746017,0.0013842334738001227,-0.0032826040405780077
0.13268011808395386,0.06327343732118607,-0.006288247648626566
0.17806734144687653,0.10454557836055756,-0.040820181369781494
0.21667438745498657,0.06353289633989334,-0.08200091123580933
0.21760615706443787,-0.04503100737929344,-0.08574653416872025
0.18794679641723633,-0.12537245452404022,-0.07524488866329193
0.10268997400999069,-0.1821046620607376,-0.1047641932964325
-0.0198987890034914,-0.3025394678115845,-0.13380171358585358
-0.10893386602401733,-0.3507767915725708,-0.12935927510261536
-0.1389079988002777,-0.3037871718406677,-0.08061357587575912
-0.12936986982822418,-0.20476308465003967,-0.058291513472795486
-0.1298724114894867,-0.12073316425085068,-0.06650657206773758
-0.1486525982618332,-0.10313519090414047,-0.08670356869697571
-0.15655046701431274,-0.15439970791339874,-0.09126343578100204
-0.12886624038219452,-0.20296910405158997,-0.07751373946666718
-0.07293187081813812,-0.20481175184249878,-0.10220364481210709
-0.020163025707006454,-0.15128587186336517,-0.14058630168437958
0.017797404900193214,-0.1007143035531044,-0.17102330923080444
-0.00994336698204279,-0.1186295673251152,-0.13919006288051605
-0.12943807244300842,-0.17099690437316895,-0.059738121926784515
-0.27763819694519043,-0.2544681131839752,0.0054765790700912476
-0.42174768447875977,-0.36120733618736267,0.04664505645632744
-0.5319216251373291,-0.44746559858322144,0.05450489744544029
-0.5908006429672241,-0.4957375228404999,0.027874086052179337
-0.5940033197402954,-0.4540344178676605,0.018644534051418304
-0.5274767279624939,-0.36238226294517517,0.010047050192952156
-0.0735454186797142,-0.10603103041648865,0.028946587815880775
-0.1119772270321846,0.039553068578243256,0.018119504675269127
-0.2067335844039917,0.11254014819860458,0.0516015999019146
-0.477935791015625,0.09015601128339767,0.15673229098320007
-0.18203359842300415,-0.01977083832025528,0.1732812374830246
0.08077697455883026,-0.08664573729038239,0.10328830033540726
0.23767155408859253,0.05901936814188957,0.06109073758125305
0.2654009163379669,0.17864936590194702,0.0858493447303772
0.24465696513652802,-0.00811903364956379,0.16550591588020325
0.25695037841796875,-0.323832243680954,0.26707354187965393
0.2976313531398773,-0.5274128317832947,0.35132911801338196
0.45813074707984924,-0.5136493444442749,0.3801082968711853
0.7079215049743652,-0.24472466111183167,0.1579875499010086
0.9103385210037231,0.011197125539183617,-0.19350896775722504
0.7746315598487854,0.21165531873703003,-0.3874615728855133
0.6019162535667419,0.3337700366973877,-0.48807287216186523
0.5899555087089539,0.4669932425022125,-0.4730794429779053
0.6873214840888977,0.6531340479850769,-0.5623067617416382
0.8631706237792969,0.6503310203552246,-0.6453426480293274
0.9639142751693726,0.4370783567428589,-0.5943700075149536
0.9988463521003723,0.13541127741336823,-0.49749207496643066
1.0287134647369385,0.004990419838577509,-0.39243969321250916
1.0118530988693237,-0.06494183093309402,-0.3528572916984558
1.0690975189208984,-0.1354551464319229,-0.49360403418540955
1.2234408855438232,-0.18347489833831787,-0.7901310920715332
1.4245694875717163,-0.06253782659769058,-1.293459415435791
1.522864580154419,-0.20842190086841583,-1.7019137144088745
1.4895514249801636,-0.8111868500709534,-1.7135764360427856
1.182843804359436,-0.7949929237365723,-1.4885073900222778
0.8556942343711853,0.013816538266837597,-1.144547462463379
0.5651110410690308,0.8328141570091248,-0.8291417956352234
0.3419562876224518,1.1459542512893677,-0.6817778944969177
0.23238502442836761,1.0415095090866089,-0.7549678683280945
0.24548299610614777,0.7702085375785828,-1.0318254232406616
0.4209655821323395,0.4796901345252991,-1.392478346824646
0.6451036334037781,0.34151574969291687,-1.6810427904129028
0.8156051635742188,0.3211643397808075,-1.755318522453308
0.8162161111831665,0.5120682716369629,-1.5861369371414185
0.6898324489593506,0.7419208288192749,-1.329108715057373
0.5822948217391968,0.8843083381652832,-1.09309720993042
0.49331533908843994,0.9655674695968628,-0.9224885106086731
0.41105082631111145,0.9735561609268188,-0.8124200105667114
0.34300538897514343,0.8968098163604736,-0.8292627930641174
0.23613861203193665,0.7571430206298828,-0.880020022392273
0.05676887929439545,0.6181929111480713,-0.7764174938201904
-0.14402733743190765,0.5206581354141235,-0.5635888576507568
-0.28575655817985535,0.4821358621120453,-0.3323957324028015
-0.24341018497943878,0.49416643381118774,-0.2670140564441681
0.032146405428647995,0.561316192150116,-0.35300639271736145
0.4195633828639984,0.6545981764793396,-0.4753730595111847
0.7857423424720764,0.6942359805107117,-0.5752497315406799
0.9975507259368896,0.7312885522842407,-0.601327657699585
1.061034917831421,0.6847130060195923,-0.5039044618606567
1.0440593957901,0.5888760089874268,-0.27403903007507324
0.9630762934684753,0.48935267329216003,-0.10928213596343994
0.8641483783721924,0.3798096776008606,-0.15450632572174072
0.7483744621276855,0.26284727454185486,-0.22950111329555511
0.6105420589447021,0.17263005673885345,-0.23609855771064758
0.4241863787174225,0.1312742680311203,-0.3458750247955322
0.24301445484161377,0.17450402677059174,-0.403388112783432
0.053487446159124374,0.33439579606056213,-0.24370329082012177
-0.1456163227558136,0.526842474937439,-0.03738793730735779
-0.2661340534687042,0.7248813509941101,0.02236085571348667
-0.29843151569366455,0.9491245746612549,-0.009977908805012703
-0.25127455592155457,1.0810322761535645,-0.048973023891448975
-0.1683860421180725,1.0481563806533813,-0.0758453905582428
-0.36533865332603455,1.1477596759796143,0.059880003333091736
-0.5917587280273438,1.1691160202026367,0.23267148435115814
-0.15613333880901337,0.618705689907074,-0.003848734311759472
0.1594456434249878,-0.16956894099712372,-0.05115632712841034
0.2185143381357193,-0.6337820887565613,-0.04259832948446274
0.13295842707157135,-0.6215698719024658,-0.036258142441511154
0.06750757247209549,-0.37638768553733826,0.024110818281769753
0.04845772311091423,-0.19112196564674377,-0.015065079554915428
0.032168466597795486,-0.11054913699626923,-0.1374111771583557
-0.04560435935854912,-0.05384564772248268,-0.20257899165153503
-0.2069014012813568,-0.006905906368046999,-0.041201770305633545
-0.32530713081359863,0.11920010298490524,0.11960389465093613
-0.3701741695404053,0.3910408318042755,0.10496117919683456
-0.32894575595855713,0.6336947083473206,0.01762201450765133
-0.3260818421840668,0.63950115442276,0.0044708410277962685
-0.2618900537490845,0.6785454750061035,-0.00930063147097826
-0.22641779482364655,0.7215499877929688,-0.029710588976740837
-0.26624590158462524,0.5882457494735718,0.0038300608284771442
0.15331226587295532,1.0344300270080566,-0.01646224595606327
0.2488853931427002,-0.35010725259780884,-0.09116444736719131
0.23457187414169312,0.07704120129346848,-0.04397786036133766
0.43878278136253357,-0.032291676849126816,-0.13202835619449615
0.03455117344856262,-0.015832260251045227,-0.17265275120735168
-0.009346508421003819,-0.012097178027033806,-0.13566145300865173
-0.007062980905175209,-0.009013763628900051,-0.13219965994358063
-0.007060850039124489,-0.004616884049028158,-0.15647543966770172
-0.002518378896638751,-0.005700963549315929,-0.24995775520801544
-0.0023119838442653418,-0.0012068795040249825,-0.3831011652946472
-0.00022012210683897138,0.004336124286055565,-0.41811737418174744
-0.00318928062915802,0.008044042624533176,-0.3222571611404419
-0.0005647792131640017,0.006308641750365496,-0.18651710450649261
0.0010379110462963581,0.001841987599618733,-0.0618545338511467
9.305094135925174e-05,0.0028393990360200405,0.0009438209235668182
0.000995329930447042,-0.0006813000072725117,0.0003131846897304058
-0.00022947258548811078,0.0015378834214061499,0.0016812742687761784
0.0018730931915342808,0.0014404116664081812,0.0015134946443140507
-6.432720692828298e-05,0.0012561783660203218,-0.0004754005931317806
0.000160177267389372,-0.001388606964610517,0.0009786849841475487
-0.0010939568746834993,2.250160468975082e-05,-8.201226592063904e-06
0.003083477495238185,0.00037377254921011627,-0.00023749936372041702
-0.0016257164534181356,-0.0018759224331006408,0.00041432585567235947
-0.00044247403275221586,-0.000547005154658109,0.00058317044749856
-0.00028695276705548167,0.0016666001174598932,-0.002780390437692404
-0.00027124007465317845,-0.0016208059387281537,0.0004502902738749981
-0.000290947500616312,0.0008822991512715816,-0.001343082170933485
-0.0019498304463922977,-0.0003171886201016605,0.00030754460021853447
0.0010165376588702202,-0.0010652677156031132,0.0008998671546578407
-5.051027983427048e-06,0.00033182662446051836,-2.238526940345764e-05
0.002037328900769353,0.0015680845826864243,0.0007594125345349312
-0.000815182866062969,8.65681140567176e-05,0.00025394465774297714
-0.0008592001395300031,-5.979915295029059e-05,-0.00040069734677672386
-0.0015412357170134783,-0.0030084510799497366,-0.00041907327249646187
0.0004328113282099366,-0.0010888787219300866,-0.00011149747297167778
-0.0013959812931716442,0.000458151480415836,0.00038385065272450447
-0.0005247876979410648,-0.0006839344860054553,-0.0024333568289875984
-0.001406294060871005,0.0002985056198667735,0.0008788164705038071
0.0027602508198469877,0.0013659577816724777,-0.00022404594346880913
-0.0008563219453208148,-0.00048573812819086015,-0.0011098133400082588
0.000975822564214468,0.0003968843084294349,0.0005196831189095974
-0.00010914925951510668,-1.2443546438589692e-05,0.0013236915692687035
0.0008646054193377495,0.0002716505841817707,-0.0003481372259557247
0.000357539567630738,0.000592561496887356,0.0001855604350566864
-0.0009467816562391818,0.0005661143804900348,-0.0022710966877639294
-0.0013494514860212803,-0.0008869062876328826,-0.00011207209900021553
-0.0013791518285870552,0.0003362795105203986,0.001230655238032341
-0.0007106984849087894,-0.00038037713966332376,0.0004937583580613136
0.002779655158519745,-0.0013992738677188754,-0.00032891519367694855
0.0006451315712183714,-0.0004613085475284606,-0.002404849510639906
0.00032683229073882103,-0.00016286881873384118,0.002519416157156229
0.0031188903376460075,2.5150344299618155e-05,0.00031405268236994743
-0.00037318788236007094,-0.000540794397238642,-0.0003665848635137081
0.0012263066601008177,-0.0011434677289798856,0.003527489025145769
3.583705984055996e-05,0.0019025846850126982,0.0014231191016733646
0.00047925335820764303,-0.001370706595480442,-0.00037691136822104454
-0.00019159691873937845,-1.2228090781718493e-05,-0.0004719863645732403
-0.00011729472316801548,0.0009915173286572099,0.0004571909084916115
0.0027123140171170235,-0.0011850842274725437,0.0004563918337225914
-0.0030326570849865675,-0.0009078491129912436,-0.0007723905146121979
-0.0006825500167906284,-0.00021169142564758658,0.000988699495792389
0.0008301254129037261,-0.0008508500759489834,-0.000878708902746439
-0.0003231277805753052,-0.0004886106471531093,0.0004462236538529396
-0.0009801295818760991,-0.0013679865514859557,-0.0005183732137084007
0.0017344157677143812,-0.000699827796779573,-0.00024191290140151978
0.0011828751303255558,0.001305266167037189,0.0023821000941097736
-1.9578146748244762e-06,-0.0004081974329892546,0.0015320065431296825
-0.0031418248545378447,-0.0005277733434922993,-0.0002126302570104599
0.0014512615744024515,-0.0018697027117013931,0.001087886281311512
-0.0010289403144270182,0.0005388600984588265,0.0006444700993597507
0.0005641395691782236,-0.0007493654265999794,0.00023012841120362282
-0.0005607797065749764,0.0005076465895399451,-0.0008287443779408932
0.0016980848740786314,0.00013288077025208622,0.0014728168025612831
-0.0001911614672280848,0.00217632413841784,-0.0009602471254765987
-0.0019865846261382103,-0.0015219231136143208,0.0014608148485422134
0.0008925589499995112,-0.0016486895037814975,0.0003390917554497719
-0.00029125832952558994,-0.00040597666520625353,-0.000194634310901165
-0.0018966118805110455,-0.002406543353572488,-0.002351794857531786
-0.0011762564536184072,0.0005346270627342165,-0.0007012705318629742
0.0002900800318457186,-0.0008129324996843934,0.0001922203227877617
-0.0015819997061043978,-0.0010829450329765677,-0.00044481968507170677
-0.0005047511076554656,-0.0014307538513094187,0.0026380554772913456
-0.0019108111737295985,-0.0003350738843437284,0.0013963463716208935
-0.0034501180052757263,0.0020588417537510395,-0.0004718611016869545
-0.0004906124086119235,0.00031527443206869066,-0.00041179172694683075
0.001485985703766346,-0.003148965537548065,2.310238778591156e-05
0.002437194809317589,0.002259956207126379,-0.0008987621404230595
-0.001871000975370407,-0.0006684557301923633,0.0004266928881406784
0.0008001559181138873,0.0018256872426718473,-1.8007587641477585e-05
-0.0008091923082247376,0.00010501882206881419,-0.0002837912179529667
0.0016417622100561857,0.0007671808125451207,0.001316757407039404
-0.002021149732172489,-0.002820629859343171,0.0007593575865030289
0.000692306028213352,-0.0008254967979155481,0.0014394233003258705
-0.0018001465359702706,-0.0012673152377828956,0.0013355603441596031
0.0017369152046740055,0.0014140070416033268,0.0001240372657775879
-0.0002450092579238117,0.003219630103558302,0.00026092352345585823
-0.0014259410090744495,-4.83067415188998e-05,-0.0010428670793771744
0.00021802826086059213,-0.0020653847604990005,-0.002581907669082284
8.982227882370353e-05,0.00011929102765861899,5.258992314338684e-05
0.001391309080645442,-0.0015619625337421894,-6.0860998928546906e-05
0.0020050513558089733,-0.0012495808769017458,0.0005553807131946087
-0.0011563871521502733,-0.0013739505084231496,0.0022070733830332756
4.1108549339696765e-05,0.0009174692095257342,-0.0004080287180840969
0.00206644251011312,-0.001130235381424427,-0.0004109581932425499
0.000330731418216601,-0.0012215636670589447,0.00013675633817911148
-0.0010471880668774247,0.0011619655415415764,0.000576444435864687
0.0019666675943881273,0.000546019640751183,-0.0020502875559031963
0.0011048685992136598,0.0010544171091169119,0.0007399064488708973
-0.0009578016470186412,-0.0011440825182944536,0.0009981957264244556
0.0024265435058623552,0.0004013497964479029,0.0014996686950325966
-0.0006084261112846434,-0.0012198101030662656,-0.0005002673715353012
-0.0010640928521752357,0.00011097145034000278,0.0003857663832604885
-0.0002472114283591509,0.00161336874589324,-0.002425044309347868
0.0016873087733983994,-0.0009989258833229542,-0.0004764092154800892
-0.0009003820014186203,0.001575785456225276,0.0005808747373521328
-0.0008255470893345773,-0.0007877699099481106,0.0014916760846972466
-0.0010816239519044757,0.00032674509566277266,0.0014979424886405468
0.0002464944845996797,0.002707344712689519,0.000718169379979372
0.0008243619231507182,0.0012912366073578596,6.543798372149467e-05
-0.0032529376912862062,0.0005002777324989438,0.0018348423764109612
-0.0015386809827759862,-1.834770228015259e-05,0.001535159070044756
-0.0011509247124195099,0.0008429185836575925,0.0009503290057182312
0.0030809412710368633,-0.000583588145673275,0.0008563869632780552
-0.0012509564403444529,0.0010097811464220285,-0.00022352486848831177
0.0006055340636521578,-0.0011317540192976594,-0.002527826465666294
-0.0013883745996281505,-0.00023959504324011505,-0.0004955683834850788
0.00024098448920994997,-0.001834774506278336,-0.0013806507922708988
0.0016905430238693953,0.0003119996399618685,-0.0015255268663167953
0.0009402948198840022,0.0017963610589504242,0.00029214750975370407
0.002280930057168007,0.0006876870756968856,-1.2252014130353928e-05
-0.0002933721989393234,-0.001572609064169228,3.227079287171364e-05
-0.0004547598073258996,-0.0023672962561249733,0.0001276121474802494
-0.0018970181699842215,-0.0012490212684497237,-0.0013591637834906578
-0.0003534499555826187,0.001558483112603426,-0.0003857784904539585
0.00030674433219246566,-0.002335613826289773,3.915000706911087e-05
-0.0006037904531694949,0.0001491154544055462,0.0014727297239005566
0.0002785146643873304,-0.002315891208127141,-0.001520183403044939
0.001400504494085908,0.00013874456635676324,-0.0011215084232389927
0.00016802665777504444,5.366852565202862e-05,-0.0014610807411372662
2.634647535160184e-05,-0.0020110802724957466,-0.0010530846193432808
0.0007944141980260611,0.0005987543845549226,-0.0002936362288892269
-0.0005755157908424735,-0.00015412122593261302,-0.0025187069550156593
0.0012192949652671814,0.0013759536668658257,0.001481947023421526
-0.0015197661705315113,-0.0023783044889569283,1.9871629774570465e-05
0.0005719424807466567,0.0006008083582855761,0.0019715605303645134
-0.0005164914764463902,-0.0007520774379372597,4.6893954277038574e-05
0.001923238392919302,0.0014567439211532474,0.00036934344097971916
0.0001881888892967254,-0.0013584836851805449,-0.0025553402956575155
-6.0998136177659035e-06,-0.0006219978677108884,-0.0005046608857810497
0.0011973825749009848,-0.0010795289417728782,0.0008492898195981979
-0.0004967523855157197,0.0013172891922295094,-0.000257161445915699
-0.0012704005930572748,0.0012259427458047867,-0.00022573582828044891
-0.0021172838751226664,-0.0008429704466834664,-0.0013342765159904957
-0.002243517665192485,-0.0012472383677959442,-0.0020988699980080128
-0.0017436614725738764,-0.0014726233202964067,0.0004250979982316494
0.0019277725368738174,0.0007559098885394633,0.0007840921171009541
0.00011285868822596967,0.0014319451292976737,0.0006218599155545235
-0.0008639887673780322,-0.0007417270680889487,0.0013041617348790169
-0.0006111756665632129,-0.001640185248106718,-0.0005343668162822723
0.0018543788464739919,-0.001122200395911932,0.0014201276935636997
0.0009169378899969161,-0.0013589339796453714,-0.0017520859837532043
-0.00031983410008251667,-2.8418660804163665e-05,-0.00012622633948922157
0.0004378129087854177,-0.00025601856759749353,-0.00034982990473508835
-5.4072937928140163e-05,0.00047395387082360685,-0.0008089588955044746
-0.0014155013486742973,-0.0008526957244612277,-0.0007662447169423103
0.0011118385009467602,-0.0005906407022848725,-0.0007883491925895214
-0.00021675816969946027,-0.0004446700622793287,0.001374443992972374
0.0014972523786127567,0.0006235238397493958,0.00042742397636175156
0.0005452962359413505,0.0007873762515373528,0.0009147194214165211
0.001876344089396298,-0.0010363564360886812,-0.0008983607403934002
0.0014877794310450554,0.0010076642502099276,-0.0012705330736935139
-0.0006648536073043942,-0.0005068755126558244,0.001992105972021818
0.0011930614709854126,-0.00037884339690208435,-0.001397513784468174
0.0013272847281768918,-0.00021133055270183831,7.894262671470642e-05
-0.0010724483290687203,0.0002621084568090737,0.0013460014015436172
-0.0009805692825466394,0.00043148547410964966,-0.001017287839204073
-0.0007230684859678149,0.0002739490009844303,-0.0013872417621314526
-0.00029216898838058114,-0.0019455294823274016,-0.0023899218067526817
-0.00012188614346086979,-0.0005468709859997034,0.0005559180863201618
0.0013327323831617832,-5.178931314731017e-05,0.0009647132828831673
-0.00040474720299243927,-0.00019725295715034008,-5.6988559663295746e-05
-0.0020037093199789524,0.0016091691795736551,-0.002542250556871295
-0.0004494367749430239,0.0006003148155286908,-5.668541416525841e-05
-0.0018441341817378998,0.0005110988859087229,-0.0003070225939154625
0.002295438200235367,0.0006830526399426162,0.00013156328350305557
0.0002725010272115469,0.0016330021899193525,0.0014527575112879276
-0.00021679402561858296,-0.001410272321663797,-0.0009633079171180725
0.0009757695370353758,0.0012829825282096863,0.001314493827521801
-0.0014661785680800676,0.0007018903852440417,-0.00026745395734906197
0.0015269482973963022,0.0021794121712446213,-0.0010972949676215649
-0.000510332640260458,-0.0012958741281181574,0.0010007102973759174
0.0010769113432615995,-0.00023806653916835785,0.00043265800923109055
0.0004381211765576154,0.0009513830300420523,0.001100093126296997
0.0005718118627555668,0.0004278055566828698,0.00046066800132393837
-6.470683729276061e-05,-0.004490142222493887,-0.00011207535862922668
-0.002587252762168646,0.0006558840395882726,-0.0013302047736942768
8.701244951225817e-05,0.0018140764441341162,0.0012055225670337677
0.0011448200093582273,0.0037730978801846504,0.0011458676308393478
2.4143257178366184e-05,2.5171750166919082e-05,0.000514923594892025
0.0007794157136231661,0.0010174654889851809,-6.697699427604675e-05
0.0020874894689768553,0.0037102699279785156,-0.0012692240998148918
0.00037321262061595917,0.0017515149665996432,-0.001493995077908039
-0.001045910408720374,0.002285422058776021,-8.448958396911621e-05
0.0019932889845222235,-0.00139426754321903,-0.0004876921884715557
0.0020508943125605583,-7.570823072455823e-05,-0.0034860626328736544
0.0008743099169805646,-0.00047385081415995955,0.00031480100005865097
-0.0009417544351890683,0.0013744906755164266,-0.0017547281458973885
0.0016377833671867847,-0.0012180967023596168,-0.0004204846918582916
0.0011127087054774165,0.0027249876875430346,-0.001535770483314991
0.0001430517586413771,-0.0013211529003456235,0.0022595003247261047
0.001391893019899726,2.9486516723409295e-05,0.0013762088492512703
-0.0006984221399761736,-0.0004549424920696765,-0.00181532371789217
0.0006779315881431103,0.0007585238781757653,0.0001368476077914238
0.0002931048220489174,-0.0019515089225023985,-0.0004048394039273262
0.0010060507338494062,-0.0004152183828409761,0.000266137532889843
-0.0013556405901908875,0.0009954579873010516,0.0004411074332892895
-0.0022993888705968857,0.0003415776009205729,-0.00039662374183535576
-3.1973584555089474e-05,-0.001998542109504342,-0.00016412977129220963
-0.00042245432268828154,-0.0013489194680005312,-7.491977885365486e-05
-0.001991322496905923,0.002206134144216776,0.0016398895531892776
0.0012934517581015825,-0.00141613045707345,0.00015454739332199097
-4.345504567027092e-05,0.0004462181532289833,1.5263911336660385e-05
-0.0020285688806325197,-0.0006109816604293883,-0.001833262387663126
-0.0009422654402442276,-0.0002495906956028193,-0.0012580198235809803
0.0026253592222929,-6.669273716397583e-05,0.0012443112209439278
0.0007968328427523375,-0.0008640431915409863,0.0015825331211090088
-0.0014848217833787203,-6.250038859434426e-05,0.0011373888701200485
0.0011836655903607607,-0.0010486688697710633,0.000733653549104929
0.002029124414548278,1.5482990420423448e-05,0.0015108194202184677
0.00042829831363633275,-0.00015256246842909604,-0.0006964085623621941
-0.0007780820596963167,-0.0009414841770194471,-0.000814556609839201
0.0023878838401287794,-0.0014557404210790992,-1.7206184566020966e-05
-0.00026871036970987916,0.0005657979054376483,-0.00021506985649466515
-1.8905848264694214e-05,0.0005426283460110426,-0.00047392910346388817
0.0020633989479392767,-0.0006413861410692334,0.00041817082092165947
-0.0009118845919147134,-0.0010451213456690311,-0.0011552246287465096
-0.0011789199197664857,0.0003228248097002506,-0.0015608747489750385
-0.0017491027247160673,-0.0015586984809488058,0.00040933163836598396
0.0002977580588776618,5.1887513109249994e-05,-0.0001870710402727127
-0.0014242418110370636,0.0006686755805276334,-0.002266999799758196
0.0030992079991847277,0.0002144059690181166,0.00024252571165561676
-0.0018374937353655696,-9.718387445900589e-05,-0.0008488376624882221
0.0001978373620659113,-0.0001311359228566289,0.0013360586017370224
-0.0006272098980844021,-0.0003343351127114147,0.0009624171070754528
0.0011506655719131231,0.000158811075380072,0.0009889132343232632
0.0020359004847705364,0.0010395183926448226,0.0005268547683954239
0.0007041372591629624,-0.00019206097931601107,0.001617260742932558
0.0008514100918546319,0.0012609596597030759,-0.0009825173765420914
0.0005863226251676679,-4.0545906813349575e-05,-0.001947382465004921
-0.0003641595540102571,0.002374941250309348,-0.0023724231868982315
0.0008068901370279491,-0.0011953870998695493,-0.002015067730098963
-0.001897549955174327,-0.0010366627248004079,0.0024148346856236458
0.0008622987661510706,-0.0016517754411324859,0.00042984168976545334
-6.661182851530612e-05,-0.0019543105736374855,-0.0006596576422452927
-0.0009089153027161956,-0.0020601339638233185,-0.0007372056134045124
0.0014415907207876444,0.00042859005043283105,-0.0008847448043525219
0.0004373788833618164,-0.0034696231596171856,0.00045808684080839157
0.000596902216784656,-0.0002943362924270332,-4.631560295820236e-05
-0.0018965050112456083,-0.0014527783496305346,-0.0004737153649330139
-0.0009779806714504957,-7.645665027666837e-05,0.0012890310026705265
-0.0011860196245834231,0.0006060377927497029,0.0009964494965970516
0.0022049834951758385,0.001311775529757142,0.0003138813190162182
0.0014741503400728106,0.0004369711969047785,-0.0014988523907959461
-0.0007945966208353639,-0.00017608849157113582,-0.00028764689341187477
0.0015194822335615754,0.0005837985081598163,0.00010622339323163033
-0.000766575220040977,-0.0014210290974006057,-0.0004043048247694969
-0.003042313503101468,-0.0011932936031371355,0.0025209570303559303
0.0006629423587583005,-9.234272874891758e-05,0.0010338476859033108
0.0021283875685185194,-0.0012325269635766745,-0.0009885607287287712
-0.0008471623295918107,0.0006037225830368698,-0.00018188916146755219
-0.0010684055741876364,0.000335329124936834,-0.002468339167535305
-0.0011158097768202424,-0.003271922469139099,-0.00024300161749124527
0.0010993564501404762,-0.001650773803703487,0.0011943010613322258
0.000708937004674226,-0.00013836471771355718,0.0003937548026442528
0.0025084461085498333,-8.052615157794207e-05,0.0019405260682106018
0.0002751192660070956,0.0010462573263794184,-0.0001082434318959713
-0.0024767848663032055,0.0015901392325758934,-0.0013897479511797428
-0.0011734338477253914,-0.00111483340151608,-0.0022675259970128536
0.00083679030649364,0.00043953541899099946,-0.00023209257051348686
0.00024237277102656662,0.0016954821767285466,0.0012789852917194366
0.0007044970989227295,-0.0008324406808242202,0.0023120660334825516
-0.0013930085115134716,0.00011005201668012887,-0.0007907827384769917
-0.0004151843604631722,0.0014083953574299812,-0.0010303319431841373
0.0020293311681598425,-0.00018417497631162405,-0.002405854407697916
-0.0005480950349010527,-0.0007182590779848397,0.00011297734454274178
-8.310709381476045e-05,-5.3267780458554626e-05,0.002934063784778118
-0.001227721106261015,0.0009306112769991159,0.0010197008959949017
8.681521285325289e-05,-4.1708844946697354e-05,-0.0005835224874317646
2.5735091185197234e-05,0.0007234530057758093,0.0009159469045698643
0.0004944514366798103,0.001192968338727951,0.0014419211074709892
0.0021849237382411957,0.0007173663470894098,0.0007130508311092854
-8.568738121539354e-05,-0.000436581380199641,0.002053153235465288
0.0009550922550261021,-0.0015786903677508235,0.0001835394650697708
0.0005558844422921538,0.00017340335762128234,-0.0010266010649502277
-0.0005419164663180709,2.385664265602827e-05,-0.001137015875428915
0.0005965848104096949,-0.0010118467034772038,0.0016390634700655937
0.0017252087127417326,0.0027180295437574387,-0.001617148518562317
0.0020519786048680544,0.0007574104820378125,-0.0017433823086321354
0.001906558871269226,0.0008722702623344958,0.0005447887815535069
-6.924034096300602e-05,-0.0017291054828092456,0.0039104921743273735
0.00047743189497850835,-0.000854206271469593,-0.0014490652829408646
-0.0008573444793000817,-0.0006440829019993544,0.0007184813730418682
-0.001235165516845882,-0.0008917400264181197,0.0011862260289490223
0.0022836693096905947,-0.0006978618912398815,-0.00023536942899227142
-5.828472785651684e-05,0.0006161572528071702,-0.000407214742153883
0.002279704436659813,0.0020015337504446507,-0.0007483656518161297
-0.0012661661021411419,-0.00034527049865573645,-0.000541402492672205
-0.0015186337986961007,0.00047578205703757703,0.0014104284346103668
0.0013609931338578463,0.000952470232732594,0.0012328685261309147
0.0018089368240907788,0.0007910826243460178,-0.0010454659350216389
0.0019635686185210943,0.0015076642157509923,0.00024010241031646729
-0.00015524233458563685,-0.0006931721000000834,-6.506219506263733e-06
-0.0010616871295496821,-0.0008114357478916645,-0.0006742244586348534
-0.001123472466133535,0.0010264117736369371,-0.0007296181283891201
0.0015970747917890549,0.0004244940646458417,-0.0022061550989747047
0.0008058496750891209,-0.0006775219226256013,-0.0003406107425689697
0.0009684537071734667,-0.00024652713909745216,-0.0012589851394295692
-0.0004805721982847899,-0.0006843507871963084,-0.002530644414946437
-0.0009175122249871492,0.0017173521919175982,0.0008966326713562012
-0.0029124862048774958,0.0015514373080804944,-0.0009018001146614552
-0.00010844631469808519,0.001026427373290062,-0.0007434356957674026
-0.0010501400101929903,-0.00022232878836803138,0.0015005436725914478
-4.5851338654756546e-05,0.002765415236353874,-0.00013860641047358513
-0.0004674296942539513,0.0014189211651682854,-0.0004888121038675308
-0.00034983482328243554,-0.00031861657043918967,-0.0008669723756611347
0.002375644166022539,0.00022866301878821105,0.0004955008625984192
-0.0017826128751039505,0.0015957113355398178,0.0002380027435719967
0.0018968104850500822,-0.001176905701868236,-0.0001987558789551258
0.0005271238042041659,0.0013033048016950488,-0.0012967493385076523
0.00023524134303443134,0.0003967647207900882,-0.00043281959369778633
0.0027768572326749563,-0.0003758702368941158,-0.0007489197887480259
0.0008228957885876298,-0.0012627028627321124,-0.0008687619119882584
-0.00033194952993653715,-0.0021699718199670315,-0.000990480650216341
0.0007327822386287153,-0.00027193687856197357,0.00028224382549524307
-0.00016122768283821642,0.001352046150714159,0.0008290847763419151
-0.0012435363605618477,0.0006702769314870238,0.000800055917352438
0.0020407461561262608,-0.0035350085236132145,-0.001824765931814909
-0.0009659626521170139,0.0004078015044797212,0.0005816668272018433
-0.0033352815080434084,-0.0010396401630714536,-0.00010266993194818497
0.0016706623136997223,0.0016003514174371958,-0.0010073459707200527
0.002224100986495614,-0.00025743269361555576,0.0012054769322276115
-0.0008803457021713257,-0.002480905968695879,-0.0010291812941432
0.00033132487442344427,0.0005633359542116523,0.0013091410510241985
-0.00014591356739401817,0.001026992336846888,-0.0013108770363032818
-0.0020058327354490757,9.41749312914908e-05,-0.00036638043820858
-0.0003980823385063559,-0.001279217191040516,0.0004916898906230927
0.0017866266425698996,2.0210427464917302e-05,0.0002416493371129036
-0.0020603095181286335,0.001939284265972674,-0.002042277716100216
-0.0007340305019170046,0.001097162370570004,0.0007952223531901836
-0.0026738771703094244,-0.0007065965910442173,-0.0004431474953889847
0.000255286053288728,-0.0008560188580304384,0.0014781784266233444
-0.0007820152095519006,-0.001616884022951126,-0.0006523504853248596
0.0002482608542777598,0.0006393631338141859,-0.002316427417099476
-0.00042498623952269554,0.002669490873813629,0.0005589877255260944
-0.0023727791849523783,-0.0034084951039403677,-0.0019765435717999935
0.002704004757106304,0.0007508298731409013,0.0006168428808450699
-0.0017407956765964627,0.0002824368712026626,0.0011207903735339642
-0.0014664900954812765,-0.002469407394528389,0.0015452983789145947
0.0004192954511381686,0.0011468458687886596,-0.002321274019777775
-0.0010843252530321479,-0.002510473132133484,-6.184820085763931e-05
0.0005884390557184815,0.001529249595478177,-0.0005325004458427429
0.001449438976123929,-0.001029781880788505,0.0005633900873363018
-0.0015532795805484056,-0.0003113707061856985,0.0016028950922191143
0.0006835092790424824,-2.3749307729303837e-05,-0.0021724021062254906
0.0006299065425992012,0.002681012498214841,-0.0013366509228944778
-0.00039967152406461537,-0.0005696419393643737,0.0009009372442960739
0.0014912805054336786,-0.002385011874139309,0.0027263956144452095
-0.002014770871028304,-7.498591730836779e-05,-0.00020787538960576057
0.0014597030822187662,-0.0003543653874658048,-0.00017156731337308884
-0.0006641677464358509,0.0007167580188252032,-0.0007478753104805946
-0.0006867607589811087,0.001410668483003974,-0.0014079753309488297
-0.0019741328433156013,0.0002458018425386399,0.0007904637604951859
0.0008417887147516012,-0.00209987536072731,-0.0030904514715075493
0.0006851947982795537,0.0010903251823037863,0.0004406338557600975
-0.0021884709130972624,0.0004772566899191588,0.0017126938328146935
0.0006126418593339622,6.143483915366232e-06,-7.162429392337799e-05
-0.002349887741729617,-5.3142866818234324e-06,-0.00026743393391370773
0.001592123182490468,0.000591766438446939,0.0004835776053369045
0.00034268308081664145,-0.00012854294618591666,-0.00025337934494018555
0.0009461554000154138,0.001074673142284155,-0.0013205083087086678
-0.002448629355058074,0.00017820426728576422,-0.0035593858920037746
-0.0012033353559672832,0.0027292463928461075,-0.00014015333727002144
9.139947360381484e-05,-0.0010144123807549477,0.0016185371205210686
0.0008016645442694426,0.0010269004851579666,0.0006813714280724525
6.552613922394812e-05,0.0016426522051915526,-0.000607688445597887
-0.00031930062687024474,-0.00016217207303270698,0.0010466673411428928
-0.0008727982058189809,-0.00026657510898076,-0.0011191321536898613
0.0018295112531632185,-0.0014399639330804348,0.0010385611094534397
-5.908744060434401e-05,-0.0010476082097738981,0.000358720775693655
-0.0031193257309496403,0.0003361702838446945,-0.0001627258025109768
0.0009488750365562737,-0.0013097845949232578,0.0015127304941415787
0.0023070871829986572,-0.0005798120982944965,-0.0023935942444950342
9.26321663428098e-05,-7.87852331995964e-05,-0.0013406677171587944
-0.0005028506275266409,0.0008466632571071386,0.0008505810983479023
-0.002182848285883665,0.0012338358210399747,-0.00013487134128808975
-0.0006432749796658754,-0.0004077365738339722,0.0020539811812341213
4.917557816952467e-05,0.0002488797181285918,-0.0009871367365121841
0.001585286925546825,4.381631879368797e-05,0.0009423233568668365
-0.0022376738488674164,0.0011105719022452831,0.0012860838323831558
-0.0018033123342320323,-0.0013555153273046017,0.0005758190527558327
0.0005977897671982646,0.0037017192225903273,0.00019079167395830154
-0.0010632238117977977,-6.505564670078456e-05,-0.0015967218205332756
8.733727736398578e-05,0.0005379011854529381,0.00016569346189498901
0.000388540793210268,-0.0033825382124632597,0.0001422576606273651
0.0004474469169508666,0.0003171648131683469,-0.001200798898935318
-0.0011895982315763831,-0.0008120154961943626,-0.002188565209507942
0.00011963650467805564,-0.001875261077657342,-0.0010249000042676926
0.00014253967674449086,0.0005799070931971073,0.0013093608431518078
-0.0012217486510053277,-0.0014366416726261377,0.001005108468234539
0.0005178280989639461,0.0014741935301572084,0.0010796771384775639
-0.002464151941239834,0.00027442839927971363,0.002246069721877575
-0.0015120720490813255,-5.979833076708019e-05,-0.0014211027882993221
0.0027597304433584213,0.0019064282532781363,-0.0010661883279681206
0.000244907452724874,-0.00037696611252613366,0.0005072075873613358
-0.0004216061788611114,0.0009244251996278763,-0.0014036674983799458
0.00027001675334759057,0.0007995228515937924,0.0014858623035252094
-0.0008889231830835342,-0.0020373838488012552,0.0012014866806566715
0.00035370775731280446,0.002229266567155719,0.0013825814239680767
-9.571001282893121e-05,-0.00014262211334425956,0.0006306036375463009
0.0018736976198852062,-1.985038397833705e-05,-0.0023574631195515394
0.0005485884612426162,-0.0009625127422623336,-0.0009202449582517147
-0.0014884634874761105,0.001301174284890294,0.0003396961838006973
-0.0004777227295562625,0.0005990514764562249,0.0008290251716971397
-0.0006705355481244624,0.0008821454830467701,0.001618918962776661
-0.001499973819591105,0.0004095803014934063,0.0010307282209396362
-0.0003630704013630748,-0.0006700651720166206,2.245558425784111e-05
6.059391307644546e-05,0.0010701281717047095,-0.001419923733919859
1.3722281437367201e-05,0.00010127021232619882,-0.0004260316491127014
0.0017655055271461606,0.000415675196563825,-8.835550397634506e-05
-0.00019910832634195685,-0.0011199035216122866,-0.001934991218149662
-0.00037381675792858005,-0.0003357659443281591,0.0034101088531315327
-0.0007815466960892081,-0.0022551061119884253,-0.0004906235262751579
0.0007025038357824087,0.001103716786019504,0.0009756111539900303
0.0018415378872305155,0.0009559112950228155,0.0006373897194862366
0.0004816303262487054,0.0013824404450133443,-0.0011790357530117035
-0.000998288276605308,-0.0035633158404380083,0.0006675999611616135
-0.0007102177478373051,-0.0006960727623663843,0.0009888173080980778
-0.002125954255461693,0.0009715986670926213,-0.002250385470688343
0.001968163065612316,-0.0004004212678410113,0.0007046894170343876
0.00079504051245749,-0.0004813813720829785,0.000623463187366724
0.0016924451338127255,0.0008054164354689419,0.0001588147133588791
0.00023063598200678825,0.0011737316381186247,0.0027492716908454895
0.0005623683100566268,0.000595544814132154,-0.000633864663541317
-0.0011250105453655124,-0.0005932902568019927,-6.554601714015007e-05
7.693743100389838e-05,5.3391144319903105e-05,-1.9486993551254272e-05
-0.0007571645546704531,0.002770614344626665,0.001490259077399969
0.0017064689891412854,0.00048047813470475376,0.001708894968032837
-0.0002935650700237602,0.0008767565013840795,-0.00033827684819698334
-0.0021017149556428194,-0.00014946951705496758,-0.0017613773234188557
-0.0021845391020178795,0.0005541376303881407,0.0006149611435830593
0.001302769873291254,0.00015104873455129564,0.0022901943884789944
-0.00302300276234746,-0.0007427081000059843,-3.4745316952466965e-05
0.00018680054927244782,0.0012212321162223816,0.00043831951916217804
0.0002126332256011665,-0.0011476497165858746,-0.0008482532575726509
-0.0006930106901563704,7.149293378461152e-05,-0.0007729120552539825
-0.0010299005080014467,0.0016038757748901844,-0.0005710446275770664
0.00015144009375944734,0.0016156150959432125,-0.0017812899313867092
0.0009501221356913447,-0.00030265978421084583,0.0007308698259294033
0.0032179292757064104,-0.0001462436921428889,-0.0005263667553663254
-0.0009046439663507044,0.002384291961789131,-0.0005490034818649292
-0.003410107921808958,-0.0022822425235062838,-0.0003994712606072426
0.0011233908589929342,-0.0003663644311018288,0.0025736819952726364
0.00172541628126055,-0.0030966470949351788,-0.0011451402679085732
-0.000743866665288806,0.0008954312652349472,0.0009417128749191761
0.0017507942393422127,-0.000869035953655839,-0.00027326028794050217
-0.00024817459052428603,0.0001679989800322801,0.0014844262041151524
-0.0004917224287055433,0.0002569420903455466,0.002072674222290516
-0.00010929250856861472,0.001250567496754229,-0.00014893477782607079
-0.0021055671386420727,-0.0014318687608465552,0.0007210210897028446
0.00023615037207491696,0.0005604420439340174,0.003761285450309515
0.000650394125841558,0.0005200884770601988,-0.0014249598607420921
0.0017553395591676235,0.0011659050360321999,-0.0010731560178101063
-0.00017202680464833975,-0.00020887925347778946,0.00012751668691635132
0.002641602884978056,-0.00018624238146003336,-0.0008216341957449913
-0.0019905753433704376,0.000588146795053035,0.00036574527621269226
-0.0002754996530711651,0.0009838924743235111,0.0009934520348906517
0.0008276064181700349,0.0009797831298783422,0.003163677640259266
-0.00017241056775674224,-0.00018215409363619983,-0.000581792090088129
0.0005561186117120087,0.0017341135535389185,0.0010564220137894154
-0.0012500372249633074,0.0009847000474110246,-0.002273860853165388
0.0005730604752898216,0.0014378621708601713,-0.00019489414989948273
-0.00022988260025158525,-5.563845479628071e-05,0.0001923292875289917
-0.0021535425912588835,0.00020466730347834527,9.645707905292511e-05
-6.775482324883342e-05,-0.00021824266877956688,0.0011745048686861992
-0.00018300249939784408,0.0005353089654818177,0.002806362695991993
-0.002935113152489066,1.345186319667846e-06,0.003487333655357361
0.0005863051046617329,0.0005067653255537152,-0.0010710298083722591
-0.001463530003093183,0.0009339363896287978,0.0006022341549396515
0.0010782456956803799,0.0012445105239748955,0.0015498367138206959
0.0010444235522300005,-0.0006031905650161207,-0.0014534099027514458
0.0012691747397184372,0.0009398929541930556,-0.0003404752351343632
-0.0005662757903337479,-0.002339789876714349,-0.0010318318381905556
-0.0004759099683724344,0.0016253015492111444,0.0004060962237417698
-0.000710001855622977,0.0022567370906472206,0.0009304727427661419
-0.0011481293477118015,0.00030951484222896397,-0.00028647715225815773
-7.167959120124578e-05,0.00020698312437161803,0.0006432323716580868
0.0009136024164035916,-0.0023936470970511436,0.0008772797882556915
-0.0018949671648442745,-0.0023574281949549913,0.0002477085217833519
0.00014726014342159033,-0.0005346841644495726,-0.0019123353995382786
-0.0007259903941303492,-0.0001826142834033817,-0.0018745185807347298
0.0009819180704653263,-0.0031596357002854347,0.00123255280777812
0.0019947183318436146,-0.0013899652985855937,-2.3393891751766205e-05
0.001712308032438159,0.0013105388497933745,-0.0035807143431156874
0.001438268693163991,-0.00014727548114024103,-0.0014690938405692577
-7.214053766801953e-05,0.00021584201022051275,-2.7298927307128906e-05
0.0010336039122194052,-0.0020478449296206236,-0.00015060324221849442
0.0005854309420101345,0.0013532647863030434,-0.0010268278419971466
-0.0018692046869546175,-0.001007094862870872,0.004320799373090267
0.0006759389070793986,-0.0029449777211993933,0.0013007926754653454
-0.0029744559433311224,-0.0016842373879626393,0.0016219699755311012
0.0031247385777533054,9.692131425254047e-05,-0.0019387691281735897
0.0019260498229414225,0.0011517994571477175,-0.0005946718156337738
0.0011090260231867433,-0.0006400530110113323,0.0010534287430346012
0.0018216879107058048,0.0013977978378534317,-0.0010930788703262806
0.0010192247573286295,0.0009994062129408121,0.0005900938995182514
0.0019151121377944946,-0.0015210093697533011,-0.0012924950569868088
-0.00029647594783455133,0.0022604609839618206,-0.000564162153750658
-0.0007018090691417456,-0.00028205887065269053,-0.000578543171286583
0.002054321113973856,0.0009211166179738939,-6.319023668766022e-06
-4.6114029828459024e-05,-0.0011010216549038887,0.0014094174839556217
0.0011135283857584,-0.0014767332468181849,-0.0007683760486543179
-0.0009821131825447083,-0.0007789850351400673,0.0012742681428790092
-0.0008492219494655728,-0.001986077520996332,0.0007802946493029594
-0.0019728094339370728,-0.0005948421312496066,6.070826202630997e-05
0.0005223214393481612,-0.00026365884696133435,-0.0007439549081027508
-0.0001911394065245986,0.0012532776454463601,-0.0008438234217464924
0.00025173454196192324,-3.2947071304079145e-05,0.0015407116152346134
0.0008357657352462411,-0.0007839584723114967,-0.0008710469119250774
0.0015329815214499831,0.001035570865496993,-0.00032768119126558304
-0.0016524253878742456,0.0011141342110931873,0.0019522509537637234
0.001433568075299263,0.0007538554491475224,-0.001052249688655138
0.0019225243013352156,-0.00029170155175961554,-0.0014938018284738064
0.0003100540488958359,-0.00013085073442198336,0.0002540256828069687
0.0015135365538299084,0.0015900839352980256,0.0011147595942020416
-0.0028901975601911545,0.0001267166226170957,-0.0003516380675137043
0.0023282666224986315,-0.0014730441616848111,0.0002358551137149334
0.001760993618518114,-0.001658843131735921,0.001254974864423275
0.002192159416154027,0.0012911404483020306,-0.00022521009668707848
-0.0004468667320907116,0.0015914718387648463,0.0006714696064591408
-0.002498832531273365,-8.711856207810342e-05,0.00029063737019896507
0.0001409015676472336,0.00046475656563416123,0.00023614894598722458
-0.001001860830001533,0.0010581088718026876,-0.0002871621400117874
0.0011916630901396275,-0.0009052602108567953,-0.00024019787088036537
-0.00018013123190030456,-0.00018247825209982693,0.0007720696739852428
0.00037936324952170253,-0.002726320642977953,0.0026414506137371063
-0.00033809232991188765,0.0009509720839560032,0.0008869599550962448
0.00017221603775396943,-0.0006051842356100678,-0.0005971947684884071
0.0016859568422660232,-0.0017841656226664782,0.0008592880330979824
-0.0006057198625057936,0.0004608507442753762,0.0013829255476593971
0.00016792849055491388,-0.0006520843016915023,0.0016026361845433712
-0.00020536885131150484,-3.3593460102565587e-05,-0.003385868389159441
0.0010511105647310615,0.00023405422689393163,-0.0013104667887091637
0.0007846996886655688,0.00044595758663490415,0.001471946481615305
-4.594022175297141e-05,-0.0016922943759709597,-0.0014916197396814823
0.000125011894851923,0.0027489985805004835,0.002279660664498806
-0.0013676899252459407,0.0028291596099734306,0.0011235824786126614
0.000322290463373065,-0.00018026573525276035,0.00043030548840761185
0.0009454701794311404,0.00040882546454668045,0.0017935773357748985
-4.118256038054824e-05,-0.0023676983546465635,-0.0003778901882469654
0.0008605637704022229,-0.0014031012542545795,-0.00021304050460457802
0.0005167861236259341,6.77886710036546e-05,-0.00025002891197800636
6.830977508798242e-05,-0.00012848631013184786,-0.0011272742412984371
-0.00021029700292274356,-0.00017343659419566393,0.0011019669473171234
-0.001973043428733945,-0.0013193947961553931,0.0013272706419229507
0.0005638611037284136,9.405328455613926e-05,-0.0014776838943362236
0.00024401547852903605,0.0003654293832369149,0.0011375402100384235
-0.0004556422936730087,-0.0016353941755369306,-9.994488209486008e-06
0.0004000313929282129,0.0008322908543050289,0.0009287698194384575
0.0008454021299257874,-0.001050018472597003,0.0015124976634979248
0.0003407331241760403,-0.0007517443737015128,-0.00017328280955553055
0.00020535901421681046,0.0005986933247186244,-7.848348468542099e-05
0.003595296759158373,0.0009853843366727233,-0.0009171129204332829
0.0007474235608242452,0.0005121296271681786,-0.001347880344837904
-0.000746876117773354,-0.0006189148407429457,0.0008628093637526035
-0.001799319521524012,-0.001871644053608179,-0.0005028657615184784
0.0019666566513478756,-1.3822864275425673e-05,0.0015195389278233051
-0.0017041999381035566,0.001171350828371942,0.000377048272639513
0.002913455246016383,9.996113658417016e-05,0.00047025876119732857
0.00098300795070827,0.0010599683737382293,0.0005586235783994198
-0.0006574992439709604,-0.00018612470012158155,-0.0036228056997060776
0.0009135976433753967,-0.0011010259622707963,0.001337413676083088
-0.00033808808075264096,0.00020339034381322563,-0.0008868584409356117
0.0005772685981355608,-0.0002655678545124829,0.001302444376051426
0.0008422531536780298,-0.0014645230257883668,0.0021317522041499615
-0.0014301014598459005,0.00023606474860571325,-0.0007498171180486679
0.0006168041727505624,-0.0001338483125437051,-0.0033890099730342627
4.442653153091669e-05,-1.874272129498422e-05,-0.0013120044022798538
0.0010188771411776543,-0.0014472623588517308,-0.0006246422417461872
-0.0009563899366185069,-0.0020315488800406456,0.0034423982724547386
-0.0017074012430384755,0.0014076574007049203,0.0018192017450928688
-0.00233624130487442,-0.0007718951674178243,-0.0007858322933316231
0.00013490580022335052,0.0016103023663163185,-0.002326204441487789
-0.0008574213716201484,0.002625351073220372,-0.0014942865818738937
-0.0006688695284537971,-1.8368999008089304e-05,-0.0034567699767649174
-0.0002657485892996192,0.001173475873656571,0.0008268724195659161
0.0041673495434224606,-0.002051346004009247,0.002447938546538353
-0.0006216397741809487,1.6176760254893452e-05,-0.000851714052259922
-0.0002224319614470005,-0.001272793160751462,0.001288136001676321
0.00026878013159148395,-0.0007692413637414575,-0.0009187138639390469
0.0002525348390918225,-0.00044273785897530615,-0.0005597197450697422
-0.0003836675314232707,0.00015246296243276447,-0.0019747489131987095
0.0014666968490928411,-0.0007239833939820528,0.0020974907092750072
-0.0007227543974295259,-0.00023925912682898343,0.0015087341889739037
-0.00048333615995943546,5.5552787671331316e-05,-0.00032724905759096146
-0.0020274589769542217,-0.0009353830246254802,-0.0008256402797996998
-0.002114810748025775,0.0013096617767587304,-2.1365936845541e-05
-0.001899236929602921,0.0003861254663206637,0.0007978356443345547
0.001641435781493783,-0.0016312190564349294,0.001519818790256977
-0.000570068834349513,-0.00012328772572800517,0.0014184853062033653
-0.00204998767003417,0.0015678195049986243,0.0005420390516519547
0.0005314204026944935,0.0004974372568540275,-6.373785436153412e-05
0.0017058744560927153,0.00052593310829252,-0.001715430524200201
0.0021212261635810137,-0.00010630970064084977,-0.0017429077997803688
-2.3683765903115273e-05,-0.0011196425184607506,-0.0027186903171241283
-9.37409931793809e-05,0.00040178257040679455,0.0013139769434928894
0.00020000568474642932,0.0011613161768764257,0.0022298377007246017
-0.0015741322422400117,-0.000509875244461,-0.001196736004203558
-0.002293718047440052,8.028129377635196e-05,0.0023942701518535614
0.0005275181611068547,0.0012703603133559227,9.813718497753143e-05
-0.0007779633742757142,0.0008445208077318966,-0.0008480837568640709
-0.0005075265653431416,0.0011721588671207428,0.0010794675908982754
-0.0009895587572827935,0.0006379287806339562,-0.0008377418853342533
-0.0016739844577386975,-0.0010027794633060694,0.0025723036378622055
0.0019862642511725426,0.000569284544326365,0.00026440853253006935
0.0029960721731185913,-0.000372538372175768,0.00017209118232131004
-0.0002479242393746972,0.0004343994369264692,-0.000373058021068573
0.0006671056617051363,-0.00061411177739501,0.001229732297360897
0.0006146413506940007,-0.0016953551676124334,-0.0011194422841072083
0.0019445292418822646,0.0014853201573714614,-0.0006241188384592533
-0.0002869333839043975,0.001249364111572504,0.00037536537274718285
0.0006455139955505729,-0.00026921386597678065,-0.0003051804378628731
-0.002305268542841077,0.000866091693751514,-0.0014817649498581886
-0.002060673199594021,-0.0013240075204521418,-0.0016530351713299751
-0.0009213730227202177,6.962462066439912e-05,4.6061351895332336e-05
0.0018626127857714891,9.78717434918508e-05,-0.0004687202163040638
-0.00042317825136706233,-0.0009458210552111268,0.0008964161388576031
0.0012282337993383408,0.00040154700400307775,0.001454498153179884
0.0016564701218158007,-0.00034307281021028757,-0.000490142498165369
0.0009238836937583983,-0.0008271086262539029,0.0007458259351551533
-0.0008540425915271044,-0.0020995670929551125,-0.00031278096139431
0.0005378146306611598,-0.00015013306983746588,0.00012372713536024094
-0.00011545873712748289,0.0013404381461441517,-0.0014592558145523071
-0.002376845106482506,0.0006787758320569992,0.000623311847448349
-0.0012849491322413087,0.0002790353901218623,-0.00030160415917634964
-0.0004289908683858812,-0.002145546954125166,0.0009758202359080315
-0.001216753851622343,0.00024996622232720256,0.0006301421672105789
-0.0007900610798969865,0.000611595343798399,-0.00023725861683487892
-0.0017208358040079474,-0.0004304995818529278,-0.002546219155192375
-0.0009518730221316218,-0.0011917438823729753,-0.00028087571263313293
-0.00027010380290448666,0.0001398367021465674,-0.0026415016036480665
0.0020745880901813507,-0.0011352547444403172,0.0016755838878452778
0.0016540749929845333,0.0012685144320130348,-0.001246702391654253
-0.0012142116902396083,-0.00042528106132522225,-0.0015060501173138618
-0.0004139317898079753,-0.001700935186818242,-0.0015649059787392616
-0.00022135331528261304,0.0013710267376154661,-0.0012854584492743015
-0.003175864228978753,0.00037766771856695414,0.000459977425634861
-0.0009247536072507501,0.0003970499965362251,0.0011781025677919388
-0.0010419327300041914,-0.002414449118077755,0.00027555692940950394
-0.0008170707151293755,-2.5228277081623673e-05,0.0007450231350958347
-0.0003318427479825914,0.0006826399476267397,0.0007032114081084728
0.0004938992788083851,-0.00015307654393836856,0.002485855482518673
0.0013138866052031517,-0.0005395011976361275,-0.0016079554334282875
-0.002546875737607479,0.0012232348090037704,0.0019378941506147385
-8.611485827714205e-05,-0.00045748610864393413,0.00043800193816423416
-0.0010226096492260695,0.00118752452544868,0.0014406554400920868
-0.0008795979083515704,0.0006245322292670608,-0.0003860066644847393
-0.00023366708774119616,0.0015344118000939488,-0.0014771269634366035
0.00305720092728734,0.0007423876086249948,0.00013381941244006157
0.001120139379054308,0.0005688999081030488,-0.0027492018416523933
-0.0009800293482840061,-0.0007589521701447666,-6.36703334748745e-05
0.0010826492216438055,-0.0010584602132439613,0.0009053503163158894
0.0005497506936080754,0.002502985065802932,0.001476065255701542
0.0007667415193282068,-0.0002219385205535218,-0.0011732438579201698
0.0003116072912234813,0.00030163893825374544,1.1064112186431885e-05
0.0015324496198445559,0.0011202149325981736,0.0010669119656085968
0.00010552792809903622,0.0016091713914647698,0.0010796952992677689
0.0006918424041941762,-0.00025345987523905933,0.0022265142761170864
-9.858381235972047e-05,-0.0022463032510131598,-0.0009439792484045029
0.00012487996718846262,0.0001863791112555191,0.0009583611972630024
0.002929987385869026,0.0001941022783285007,-0.00041902530938386917
0.00015874436940066516,0.0010794614208862185,-0.0001865173690021038
-0.0007280882564373314,0.000147621423820965,0.0015618479810655117
0.0016417207662016153,-0.00019555675680749118,-0.0007312502712011337
7.231987547129393e-05,-0.00026027156854979694,0.0016786442138254642
0.00019100544159300625,0.0015344475395977497,0.0004844558425247669
0.00013081802171655,0.00022603654360864311,-0.0004191547632217407
0.0013220200780779123,-0.00088690739357844,-0.0001067635603249073
-0.00012860383139923215,-8.343173249159008e-05,0.0013558445498347282
-0.0005539752310141921,-8.99038277566433e-05,-0.003889580490067601
0.0023328913375735283,-3.104795177932829e-05,0.0015307515859603882
-0.0002453023917041719,0.0006650654249824584,0.0015124776400625706
-0.0009798022219911218,-0.000555727630853653,-0.0025736105162650347
-0.0007531987503170967,-0.0007306014304049313,-9.15410928428173e-05
0.0002841025125235319,8.006480493349954e-05,-0.00010965066030621529
0.0040339198894798756,-0.00038961024256423116,0.0003385753370821476
0.00325627694837749,5.407237767940387e-05,-0.0018073995597660542
-0.0005896086804568768,0.0016965554095804691,-0.0015895063988864422
-0.0013145211851224303,-0.0013104197569191456,0.0014062835834920406
0.0001796678698156029,-0.0019063344225287437,0.0011640125885605812
-0.00177882076241076,-0.0032328548841178417,-0.0009297644719481468
0.0027392618358135223,0.0007710843347012997,0.0001383102498948574
0.0014729287941008806,-0.0006249446887522936,-0.0015115179121494293
-0.0001600335817784071,0.0009667468839325011,-0.0010825777426362038
-0.00016722409054636955,-0.002464469987899065,0.0002929447218775749
-0.0035001919604837894,-0.002459938172250986,0.0013356576673686504
0.0006181202479638159,0.0010024376679211855,-0.000387407373636961
-0.0015273622702807188,-0.00039733247831463814,-0.00016781361773610115
0.0007504394161514938,6.951962859602645e-05,0.001412772573530674
0.0002531561767682433,-0.0024117049761116505,0.0016325507313013077
-0.0018307673744857311,-0.0009906423510983586,-0.0005610953085124493
-0.0009997221641242504,0.00013640923134516925,0.002405309583991766
0.0010996477212756872,0.0019604081753641367,0.001146966591477394
-0.0006274246843531728,0.0002103470906149596,0.0004601636901497841
-0.0020823096856474876,0.001640730886720121,-0.0002461066469550133
-0.0009906673803925514,-5.7488883612677455e-05,0.00011363578960299492
0.0008533053332939744,0.0024133920669555664,0.000412975437939167
0.001063455594703555,-0.00032691023079678416,-0.002997373463585973
0.0009334933711215854,0.0005940109258517623,-0.0008684424683451653
0.0015781186521053314,-0.000735849083866924,0.0010831705294549465
0.0012050098739564419,0.0019334371900185943,-0.0008135330863296986
0.0017235029954463243,0.001167078036814928,0.0008751265704631805
7.041962817311287e-07,0.00035428127739578485,-0.0005467352457344532
-0.0010107574053108692,-0.0007501993095502257,-0.0011629709042608738
-0.00016254058573395014,0.001003758516162634,-0.001103848684579134
0.0013885570224374533,0.0017038369551301003,-0.0018735365010797977
-0.0009523616172373295,-0.001441622618585825,-0.0003515402786433697
0.0011113348882645369,-0.0010650577023625374,-6.20819628238678e-05
0.00022237165831029415,-0.0013244495494291186,0.0008761496283113956
-0.0005936293164268136,0.0010472270660102367,0.0015484211035072803
-0.0006703283870592713,0.0007809109520167112,-0.0008601420558989048
0.0011229803785681725,0.0006734212511219084,-0.0020231064409017563
-0.0009324473794549704,-0.0011055704671889544,-0.0007501156069338322
0.0003927928046323359,1.531813177280128e-05,0.00017302436754107475
-0.001056499546393752,0.0009210591670125723,0.0008681095205247402
-0.0009717537323012948,0.0004769478109665215,-0.00037247128784656525
0.0006695524789392948,2.9004120733588934e-05,0.0005511129274964333
0.0012787336017936468,-5.87335234740749e-05,-8.867587894201279e-06
0.0008097509853541851,-0.00010959988867398351,0.0008819596841931343
-0.002024230780079961,0.0008002241374924779,-0.0013004192151129246
-0.00027772976318374276,-0.0006879502907395363,0.0015243962407112122
-0.0012689298018813133,0.0009329746244475245,0.000258804764598608
-0.0001773000112734735,-0.0007568011060357094,0.00021938979625701904
0.0021089790388941765,-0.0001839367760112509,-0.0013598711229860783
7.432413985952735e-05,0.0001260551653103903,-0.0006567966192960739
-0.0003494649427011609,0.0013829474337399006,-0.0004650913178920746
0.0005560098215937614,-0.00016301756841130555,-0.0018206401728093624
0.000679281132761389,-0.001039617694914341,0.0007710750214755535
-0.0001196672092191875,0.002273088088259101,0.0009353919886052608
0.0006991063710302114,0.00031429369118995965,0.0004930640570819378
-0.00044338975567370653,-0.0003230007423553616,-0.0012582307681441307
0.001400084001943469,-0.0013976208865642548,0.0037329308688640594
-0.00176854501478374,0.0007211900083348155,0.0016769710928201675
-0.0004468109109438956,0.0004559258231893182,-0.002557292813435197
0.0009990192484110594,-0.00010014220606535673,4.5414548367261887e-05
-6.920809391885996e-05,0.0017034008633345366,-0.000718042254447937
0.0006602317444048822,0.0004671615024562925,-0.00031430693343281746
-0.0007017385214567184,0.0006946390494704247,0.00025099003687500954
0.001655691652558744,0.0004379103484097868,-0.0009604822844266891
0.00037503335624933243,0.0012846339959651232,-0.0012680538929998875
0.0009609287371858954,0.0001469315611757338,-0.0011892244219779968
0.000587589864153415,-0.0003423432935960591,3.9715785533189774e-05
2.9124959837645292e-05,-0.001502416329458356,0.0015923385508358479
-0.0007853131392039359,-0.0009313556365668774,0.00032187672331929207
-0.0003554790164344013,0.001384262926876545,0.0001868545077741146
-0.0006523908814415336,0.0005489300237968564,-2.2413209080696106e-05
0.00019209753372706473,-0.0002657309523783624,0.0005387146957218647
0.0011036415817216039,0.0013137520290911198,0.00016654841601848602
-0.0010599105153232813,-0.0014040038222447038,-0.00030243443325161934
0.002016928046941757,0.000625128741376102,0.0015356899239122868
-0.0010299945715814829,0.00033857260132208467,0.00040331343188881874
0.0007532901945523918,0.0004733193782158196,8.834665641188622e-05
0.0008121460559777915,0.001706096576526761,0.0015400359407067299
-0.0015587406232953072,-0.0005151151563040912,-0.00028088130056858063
0.0013076195027679205,9.661293734097853e-05,-0.0003192308358848095
0.002238496672362089,-0.0007799826562404633,0.0012678601779043674
-0.0014087023446336389,-0.00043244013795629144,0.0025768037885427475
-0.0020933314226567745,0.0007491878932341933,9.72989946603775e-05
-0.0006349842878989875,-0.0011520427651703358,0.0010832012630999088
0.0009327252628281713,0.0002986424951814115,-0.0021776240319013596
-0.001296340487897396,0.001472297590225935,0.001151327509433031
-0.0009236822952516377,-8.660288585815579e-05,-0.0005902140401303768
0.0007972524035722017,-0.0021979568991810083,0.0005059433169662952
0.0012010952923446894,-0.0011659630108624697,-0.0005426323041319847
0.0017185474280267954,-0.00027726622647605836,-8.350331336259842e-05
0.0002257009909953922,-6.158447649795562e-05,0.00025736819952726364
0.0003186453250236809,0.0011067442828789353,-0.0012252135202288628
-0.0009859647834673524,0.0003327297163195908,0.0012004133313894272
0.00023669246002100408,0.0019394147675484419,-0.001169001217931509
-0.00033078447449952364,0.0011640861630439758,-0.0003134980797767639
0.0007784221088513732,-3.220580401830375e-05,-0.0014301617629826069
-0.0006100566824898124,-0.0008948186878114939,0.0001621004194021225
0.0010624084388837218,0.0012516890419647098,-0.001282664481550455
0.0007132971659302711,-0.000684722326695919,-0.000569020863622427
-0.0005093600484542549,8.812704618321732e-05,0.0012315423227846622
9.324538405053318e-05,0.0003468503709882498,0.0008436162024736404
-0.0009906612103804946,0.0014438064536079764,3.561330959200859e-05
0.00040360994171351194,0.0002170776278944686,0.00044985394924879074
0.00023316763690672815,0.0002916461380664259,-0.001506504137068987
0.0028734998777508736,-0.0007984212134033442,-0.00028483057394623756
0.0002737221366260201,0.0001315546251134947,-0.0013184035196900368
-5.9566344134509563e-05,0.0010989551665261388,-0.0004016729071736336
0.0015199545305222273,-0.00019720532873179764,-0.0018261978402733803
0.0019274214282631874,0.00020225078333169222,-0.0018246122635900974
-0.000683009042404592,0.0001543138932902366,-0.0012307274155318737
0.00012683056411333382,-0.00016389979282394052,0.001446372363716364
0.0004943467793054879,-0.0011135831009596586,-0.0009904196485877037
-0.0029244921170175076,-0.0009299743105657399,0.0011163866147398949
0.0009104599594138563,-0.00012223757221363485,-0.0011867149733006954
0.0005386823904700577,0.0020675472915172577,-0.0010097483173012733
-0.003847809974104166,0.0011620726436376572,0.002101888880133629
2.1480227587744594e-05,0.0003589908010326326,0.001276535913348198
0.00013040349585935473,0.00031904337811283767,0.0003372388891875744
-0.0008702788618393242,-0.0007643307908438146,-0.0009701782837510109
0.00048473748029209673,-8.78878781804815e-05,0.0025758203119039536
-0.0021832180209457874,0.0018516987329348922,-0.00027331477031111717
0.0007241548737511039,-0.000568049494177103,-0.0017638858407735825
-0.0004321457236073911,0.0013996524503454566,0.00010804040357470512
0.0022648375015705824,-0.0008848070283420384,-0.00041314028203487396
-0.0015966329956427217,0.0009321414981968701,-0.0006370772607624531
-0.0002474755165167153,-0.0012346063740551472,-0.0015404215082526207
-0.0002611615927889943,0.0001779300073394552,0.001179019920527935
0.003105340525507927,-0.00254169013351202,-0.0005307295359671116
2.2548629203811288e-05,0.0009119124733842909,0.0007404638454318047
1.2961245374754071e-05,-0.0009973077103495598,-0.00011467700824141502
0.0020470465533435345,-0.0015003059525042772,-0.0011688857339322567
0.0004635310615412891,0.0015159902395680547,-0.0007275999523699284
0.0023625658359378576,0.00010106184345204383,-0.00046054692938923836
-0.002137643750756979,0.0007263720617629588,0.00011176615953445435
0.0009732964099384844,0.0019148276187479496,0.0004856218583881855
0.000924294232390821,-5.697688175132498e-05,0.0011460860259830952
-0.0006806586170569062,7.654495857423171e-05,0.002255688887089491
0.0025428314693272114,-5.2352035709191114e-05,-0.0016106883995234966
0.00020313166896812618,-0.0008081400883384049,0.0003116787411272526
-0.0008589370409026742,0.0001511305308667943,-0.001163979060947895
-0.00015035440446808934,0.0012367877643555403,0.0018652020953595638
0.00039559361175633967,-0.0014095953665673733,0.0005011311732232571
0.0004388177767395973,-0.00014048520824871957,0.0017229258082807064
0.0003157797618769109,0.0014195945113897324,0.0013514147140085697
0.001697177649475634,-0.0011102751595899463,-0.0013342960737645626
0.0004513508465606719,-0.00041492373566143215,0.0007983632385730743
-0.0003716793726198375,-0.0005556964897550642,0.0023792069405317307
0.0009255463955923915,0.0007220881525427103,-0.0003726375289261341
-0.0003640228242147714,-0.00042449598549865186,-0.0016869893297553062
-0.0006774769863113761,0.00038031127769500017,-0.00031253183260560036
-0.0008579693967476487,-0.0002562239533290267,0.0012790313921868801
-0.0011296117445454001,-0.0006804655422456563,-0.0020195599645376205
-0.001897272071801126,0.0013442094204947352,0.0008335830643773079
0.0015166341327130795,0.0023572759237140417,0.0002247844822704792
-0.0008190108928829432,-0.0020718949381262064,0.003534396644681692
-0.0006861191941425204,7.061807991703972e-05,0.00017055775970220566
-0.0026411840226501226,-0.0024722330272197723,-0.000322545412927866
0.0026577075477689505,-0.0019092406146228313,-0.0013585151173174381
0.001788976602256298,0.0001804133498808369,0.0011952477507293224
-0.0006177220493555069,0.0007503298111259937,-0.001878306269645691
-0.0014842926757410169,0.001905166427604854,0.0017816908657550812
-0.0005226251669228077,0.0013381793396547437,-0.0007943850941956043
-0.00023327209055423737,-0.002553315367549658,-9.917421266436577e-05
-0.0020546079613268375,-0.0002757800684776157,-0.0014749630354344845
0.0011875834316015244,0.002172990469262004,-0.00023502763360738754
0.002028343267738819,-0.0009061563760042191,0.0006406200118362904
-0.0005201154854148626,-0.0005503431893885136,0.0008261827751994133
-0.0016708674374967813,0.0019937746692448854,4.3315812945365906e-06
-0.002061625709757209,-0.0003777298261411488,0.0010648556053638458
-0.0006962231709621847,-1.8735736375674605e-05,0.0015359683893620968
-0.0015539833111688495,0.00010026374366134405,0.00017353054136037827
-0.00015662278747186065,0.0005279674078337848,0.0005730045959353447
-0.00026026880368590355,0.0006193872541189194,-0.0005841669626533985
-0.0014107543975114822,0.0014164714375510812,0.0010233167558908463
-0.002177379559725523,-0.002281900029629469,-0.0011470369063317776
-0.0015824292786419392,-0.0004243451985530555,-0.00032731564715504646
0.0017142875585705042,-0.0003000166907440871,0.0017169369384646416
-0.0009629882406443357,-0.0011290587717667222,-0.0008447575382888317
-0.00014981525600887835,-0.0007341863238252699,0.001496745739132166
-0.002856385661289096,-0.0009863876039162278,-0.0005696006119251251
-0.0006738535594195127,0.0014504623832181096,0.0019986797124147415
-0.0011217972496524453,0.0016091868747025728,-0.0013662241399288177
-0.0007179343374446034,9.084818884730339e-05,-0.0008810241706669331
-0.0013656150549650192,0.0022173821926116943,-0.0010112528689205647
0.0020795571617782116,0.001078533474355936,0.0006803027354180813
-0.0008800139185041189,-8.793105371296406e-05,-0.001130913384258747
-5.424162372946739e-05,0.0019684690050780773,-0.0013376460410654545
-0.0012180430348962545,0.000813456135801971,0.0008288351818919182
-0.00026437590713612735,0.0005738047766499221,0.0004968210123479366
-0.0009512051474303007,-0.002532240003347397,0.0006366372108459473
-7.895808084867895e-05,-0.0011694325366988778,0.001090165227651596
0.0019580938387662172,-0.0011470619356259704,0.0005293036811053753
-0.0012455735122784972,-0.001732055563479662,0.0006324704736471176
-0.0012397145619615912,-0.0003695823543239385,0.0020556640811264515
0.0010021261405199766,-0.0009382010321132839,0.00018973508849740028
-0.00011347208055667579,-0.000965098908636719,-0.0003642025403678417
0.0024079568684101105,-0.0013416432775557041,-0.001257177907973528
0.00021644153457600623,-0.0007935647154226899,-0.00045849569141864777
0.000361252372385934,-0.0014274478890001774,-0.0006051217205822468
0.00021531115635298193,0.00023489724844694138,-0.002535647014155984
-2.2801803424954414e-05,-0.001669198740273714,0.0012895851396024227
0.001882690005004406,0.00048050491022877395,0.0007489635609090328
-0.0009516322752460837,0.001066608470864594,-0.0012321691028773785
0.00043241254752501845,0.0013899161713197827,-4.984438419342041e-06
-0.001506755012087524,-0.0014878959627822042,-0.0013048900291323662
0.002981203841045499,-0.0012926863273605704,-0.0002787741832435131
0.0013083574594929814,0.0008730857516638935,-0.0003987937234342098
0.00151794811245054,-0.001020155381411314,0.0009343847632408142
0.0007962991949170828,-0.0014590901555493474,-0.0011731088161468506
-0.0002942652499768883,-0.00026146663003601134,-0.0012458129785954952
0.0004583572444971651,-0.0015362853882834315,0.0010826191864907742
0.0007931165746413171,0.0007724090246483684,0.00037608249112963676
0.0026534954085946083,-0.0005406962591223419,-1.1248048394918442e-05
0.000594072975218296,0.0004396133008413017,0.0005621304735541344
-0.0008611666271463037,0.0009905280312523246,0.0011321566998958588
0.0024265055544674397,-7.979644578881562e-05,0.002815540414303541
-0.0010568152647465467,-0.0023951216135174036,-0.0010652574710547924
-0.0010522878728806973,-0.001125592621974647,0.0006564762443304062
-0.0039176493883132935,-0.0007691794889979064,-0.0012494553811848164
-0.0038457440678030252,0.0025515160523355007,-0.0015069833025336266
0.0021272781305015087,-0.0012997614685446024,0.0001540384255349636
0.001753103919327259,0.001518395496532321,0.00041902298107743263
-0.0017429846338927746,0.0001802656624931842,0.0007603047415614128
-0.00011392906890250742,-0.0010344020556658506,0.0011366093531250954
0.0016610315069556236,-0.002408547792583704,0.0015110918320715427
6.686334381811321e-05,-0.0002569799544289708,-0.0008165109902620316
0.00320849078707397,-0.0005572901573032141,0.0001237732358276844
-0.00042326192487962544,0.003170336363837123,0.0006926241330802441
-0.002090141410008073,0.002119114389643073,0.000920434482395649
0.0018824960570782423,0.0010565131669864058,-9.582750499248505e-05
-0.0012873930390924215,0.000760772149078548,0.001640955451875925
0.0006410019705072045,-0.002449135761708021,-0.000703158788383007
-0.0015769983874633908,0.0009285144624300301,-0.0010608970187604427
0.0009013393428176641,-0.002562090754508972,-0.0004680776037275791
3.799085970968008e-05,0.0005097672692500055,0.0008050575852394104
-0.001475749770179391,-0.0014481887919828296,-0.003936168272048235
0.0003065025375690311,0.0023247592616826296,0.0009290971793234348
-0.0005662152543663979,0.0014549707993865013,0.0014404240064322948
0.0008010659366846085,0.00018627947429195046,0.0012203552760183811
-0.0029558553360402584,-0.00027524636243470013,0.0020035910420119762
-0.0012515715789049864,-0.002003376604989171,0.0009986041113734245
-0.0010832598200067878,-0.002345326356589794,0.005495351739227772
0.000992079614661634,0.002305881353095174,0.01606185920536518
0.001333763124421239,-0.0006883105379529297,0.29612040519714355
-0.0022825412452220917,0.002170167863368988,0.5264094471931458
-0.0004020832129754126,0.001651650294661522,0.578088641166687
-0.0004627080634236336,0.005681859329342842,0.2785942852497101
-0.0020787143148481846,0.004028568975627422,-0.18737581372261047
-0.0007299872231669724,0.007238880731165409,-0.17661090195178986
-0.002811513841152191,0.007390414364635944,0.29491081833839417
-0.005837193224579096,0.01197682786732912,0.47351711988449097
-0.010887345299124718,0.021656887605786324,0.3701015114784241
-0.03789351135492325,0.033347465097904205,0.18399330973625183
-0.059959668666124344,0.05094137042760849,0.07000947743654251
-0.08181861788034439,0.04285185784101486,0.0037446608766913414
-0.1487390547990799,0.014692925848066807,0.004023494198918343
-0.2185705453157425,0.03159814327955246,0.056511152535676956
-0.16994814574718475,0.05939728394150734,0.10978902131319046
-0.030602017417550087,0.20561860501766205,0.20406898856163025
0.09027700126171112,0.610161542892456,0.3590306043624878
0.16877050697803497,1.0083789825439453,0.3348996639251709
0.31525981426239014,1.175230860710144,0.2976931929588318
0.41627469658851624,0.8653895854949951,0.3503120243549347
0.44802436232566833,0.32701265811920166,0.4534216523170471
0.34186187386512756,-0.31022846698760986,0.6197436451911926
0.16003452241420746,-0.9124975204467773,0.7223137021064758
0.010090019553899765,-1.347299337387085,0.7730370759963989
-0.08080127090215683,-1.5678950548171997,0.7991123199462891
-0.07091456651687622,-1.5697530508041382,0.8218693733215332
-0.0010422698687762022,-1.4350465536117554,0.8455952405929565
0.053201645612716675,-1.2931605577468872,0.9191645979881287
0.01917630061507225,-1.2112945318222046,1.0694886445999146
-0.06523609906435013,-1.1999132633209229,1.2019648551940918
-0.1463698297739029,-1.229194164276123,1.1343443393707275
-0.1865074634552002,-1.3923122882843018,0.961014449596405
-0.24597132205963135,-1.622555136680603,0.8002516627311707
-0.3343339264392853,-1.7337719202041626,0.7601284384727478
-0.4579669237136841,-1.6649116277694702,0.7785221338272095
-0.6275015473365784,-1.434922218322754,0.7383348941802979
-0.7719671130180359,-1.0722734928131104,0.6947517395019531
-0.8980591297149658,-0.7031509876251221,0.7189368605613708
-0.9916236996650696,-0.42628952860832214,0.7782896757125854
-1.064001202583313,-0.29297420382499695,0.8124237060546875
-1.0805962085723877,-0.28148001432418823,0.7460201382637024
-1.0089125633239746,-0.3992840349674225,0.573033332824707
-0.9313123822212219,-0.5986810326576233,0.34898456931114197
-0.8392881751060486,-0.8784247636795044,0.056875210255384445
-0.6584296822547913,-1.1816847324371338,-0.21256664395332336
-0.45292726159095764,-1.2956029176712036,-0.3419485092163086
-0.3162410259246826,-1.148618459701538,-0.3159022629261017
-0.24336132407188416,-0.881001889705658,-0.1998157501220703
-0.21850578486919403,-0.5740933418273926,-0.07018452137708664
-0.2511402368545532,-0.49740076065063477,-0.06382293254137039
-0.5454626679420471,-2.010180711746216,-0.5332716703414917
-0.8241103887557983,-2.654787540435791,-0.7196778655052185
-0.8612521886825562,-1.02880859375,-0.5689365863800049
-0.32297948002815247,-0.26741331815719604,-0.48206818103790283
-0.3845965266227722,-1.6445081233978271,-0.09687415510416031
-0.48305797576904297,-2.096693992614746,0.19253729283809662
-0.49401822686195374,-2.0760231018066406,0.5457675457000732
-0.3918607532978058,-2.223506450653076,0.7878188490867615
-0.35577812790870667,-2.3298470973968506,0.982119083404541
-0.3153519928455353,-2.1771233081817627,1.104185938835144
-0.11831002682447433,-1.518894910812378,1.1688553094863892
0.15293999016284943,-0.42091381549835205,1.1559808254241943
0.31736913323402405,0.566926896572113,1.0726622343063354
0.28043806552886963,0.94154292345047,0.9153607487678528
0.09604718536138535,0.9040101766586304,0.6278064846992493
-0.18340274691581726,0.7066716551780701,0.4274141490459442
-0.008290581405162811,0.3728921115398407,0.33441948890686035
0.3616996705532074,0.187109112739563,0.524649977684021
0.40163081884384155,0.07728967815637589,0.6405438184738159
0.12184691429138184,0.0626891553401947,0.5591719150543213
-0.21523764729499817,0.26212555170059204,0.4892173707485199
-0.27994629740715027,0.5508109331130981,0.32947131991386414
0.011261582374572754,0.8080070614814758,0.15108905732631683
0.43951964378356934,0.930997908115387,-0.007116497494280338
0.9100983142852783,0.7946251630783081,-0.17785334587097168
0.722245454788208,0.6057368516921997,-0.2341049760580063
0.32256782054901123,0.7448798418045044,-0.053293392062187195
0.2729528248310089,0.6542134881019592,0.1668672412633896
0.41084519028663635,0.4175061583518982,0.47546637058258057
-0.08453424274921417,0.19114385545253754,0.5132297277450562
-1.292339563369751,-0.27052178978919983,0.19751545786857605
-1.622089147567749,-0.3444235622882843,-0.07786936312913895
-1.2398406267166138,-0.42056065797805786,-0.18109294772148132
-0.6214483976364136,-0.09470374137163162,-0.27858811616897583
-0.08210501074790955,0.21401894092559814,-0.33894574642181396
0.30351728200912476,0.3126550316810608,-0.47362399101257324
0.5446303486824036,0.5595899820327759,-0.5932294726371765
0.5600057244300842,0.8552034497261047,-0.5545123815536499
0.3611019551753998,0.7698142528533936,-0.3298898935317993
0.062272027134895325,0.48203620314598083,-0.028975512832403183
-0.1449703723192215,0.1564311981201172,0.28505033254623413
0.3127378821372986,0.08427849411964417,1.080512523651123
1.9317842721939087,0.5898529887199402,1.924175500869751
2.9146854877471924,1.5036559104919434,1.3039836883544922
1.4256647825241089,1.4405711889266968,-0.11255896836519241
-0.4369647204875946,0.7005553841590881,-0.4865824282169342
-1.5149964094161987,0.43722307682037354,-0.4987482726573944
-1.700634479522705,-0.16409973800182343,-0.2504982650279999
-1.2131837606430054,-0.47916126251220703,0.03020371124148369
-0.393461674451828,-0.5343514680862427,0.22298163175582886
0.24626609683036804,0.18329957127571106,0.021682605147361755
0.27692940831184387,0.6115824580192566,-0.4024832546710968
-0.011743391864001751,0.40331071615219116,-0.5236328840255737
-0.21917526423931122,0.009064435958862305,-0.4929262399673462
-0.3072734475135803,-0.2961561977863312,-0.43800386786460876
-0.3214934170246124,-0.3575868606567383,-0.520317554473877
-0.11945509910583496,-0.44946324825286865,-0.615642249584198
-0.15554121136665344,-0.7098053693771362,-0.6047973036766052
-0.21025985479354858,-1.323464035987854,-0.5505066514015198
-0.11661446839570999,-1.4982966184616089,-0.37069493532180786
0.13945193588733673,-1.1799031496047974,-0.17002521455287933
0.45278793573379517,-0.7728750705718994,-0.16631586849689484
0.7976741790771484,-0.5030587911605835,-0.08748097717761993
0.975696325302124,-0.34420397877693176,-0.01488553173840046
1.0121859312057495,-0.48792973160743713,0.09350831806659698
1.0492388010025024,-0.5350283980369568,0.24219943583011627
1.216483473777771,-0.5251326560974121,0.19657443463802338
1.3925256729125977,-0.49094074964523315,0.15113183856010437
1.501280426979065,-0.2567919194698334,0.09694050252437592
1.5770350694656372,0.03575719892978668,0.013325116597115993
1.458020567893982,0.37964266538619995,-0.01662612333893776
1.0880961418151855,0.6064159870147705,-0.0675935223698616
0.6280001997947693,0.6978753209114075,-0.06507683545351028
0.24816419184207916,0.6887403726577759,-0.03154551610350609
-0.09022823721170425,0.6730655431747437,0.005715569946914911
-0.34456610679626465,0.6515707969665527,-0.0012364927679300308
-0.437303751707077,0.65259850025177,0.013252701610326767
-0.4306369423866272,0.6903904676437378,0.030050748959183693
-0.42869868874549866,0.696565568447113,0.02816922403872013
-0.410141259431839,0.7665978670120239,0.014625176787376404
-0.3210262954235077,0.9043980836868286,-0.032125018537044525
-0.2411036342382431,1.001363754272461,-0.05167436599731445
-0.09456506371498108,1.122948408126831,-0.009015053510665894
0.11794482916593552,1.2583755254745483,0.06858304142951965
0.23229964077472687,1.2747201919555664,0.10735893249511719
0.23713313043117523,1.2879128456115723,0.12048554420471191
0.3267844617366791,1.3515095710754395,0.12211459875106812
0.3853299021720886,1.3649579286575317,0.0838928073644638
0.36303630471229553,1.4168453216552734,0.05179159343242645
0.39067161083221436,1.5649299621582031,-0.004463366232812405
0.305375337600708,1.3055466413497925,-0.0613815113902092
0.15671254694461823,1.146018147468567,-0.08162728697061539
0.06277859210968018,1.026486873626709,-0.09711117297410965
-0.030212946236133575,0.8097567558288574,-0.17698357999324799
-0.14477626979351044,0.6708678603172302,-0.21809692680835724
-0.09092214703559875,0.7100540995597839,-0.2801136374473572
0.006372983567416668,0.779761016368866,-0.3735860586166382
0.12375375628471375,0.8818198442459106,-0.44363927841186523
0.14950254559516907,0.8728545904159546,-0.4874621331691742
0.07337749749422073,0.7790296077728271,-0.4612537920475006
-0.060379236936569214,0.6427124738693237,-0.3385973870754242
-0.2956843376159668,0.5437961220741272,-0.18490643799304962
-0.5476217865943909,0.47737208008766174,-0.0791882574558258
-0.721865713596344,0.45844268798828125,-0.05871016904711723
-0.8306193351745605,0.43473416566848755,-0.12461169064044952
-0.8950197696685791,0.4031638503074646,-0.27685487270355225
-0.8420606851577759,0.38686075806617737,-0.40961480140686035
-0.6670522689819336,0.3819638788700104,-0.45138344168663025
-0.4506067633628845,0.38055160641670227,-0.392754465341568
-0.2651878595352173,0.43335577845573425,-0.2840866446495056
-0.14286300539970398,0.40775027871131897,-0.19038066267967224
-0.16105994582176208,0.30760064721107483,-0.11483361572027206
-0.29156097769737244,0.19719639420509338,-0.08942119777202606
-0.4109152555465698,0.12944374978542328,-0.10354851931333542
-0.4661228656768799,0.1194411888718605,-0.11007405817508698
-0.4315408170223236,0.19722796976566315,-0.09463527053594589
-0.32212457060813904,0.32113632559776306,-0.12700334191322327
-0.179386705160141,0.4376484751701355,-0.2053755521774292
-0.018329642713069916,0.5370216369628906,-0.25897538661956787
0.1413286328315735,0.596505880355835,-0.27293476462364197
0.2743002474308014,0.5638526082038879,-0.22760671377182007
0.3271350562572479,0.46777570247650146,-0.14901503920555115
0.28380754590034485,0.2862328290939331,-0.10361773520708084
0.20097631216049194,0.06442982703447342,-0.07774298638105392
0.1058492586016655,-0.11138460785150528,-0.043022822588682175
0.00856407918035984,-0.22954656183719635,-0.026500925421714783
-0.07262931019067764,-0.2766861021518707,-0.05668599158525467
-0.07409381121397018,-0.18229785561561584,-0.10090989619493484
-0.006495320703834295,-0.07152765989303589,-0.13716617226600647
0.092434361577034,0.024805426597595215,-0.1546500027179718
0.18185772001743317,0.08217763900756836,-0.15884794294834137
0.257358193397522,0.12395691126585007,-0.12806110084056854
0.2863674759864807,0.12668772041797638,-0.06854158639907837
0.24819570779800415,0.08242852985858917,-0.024216584861278534
0.15804557502269745,-0.009521635249257088,0.006095247343182564
0.058220721781253815,-0.1334361582994461,0.03490316867828369
-0.04632219672203064,-0.2691103518009186,0.06357263028621674
-0.13755913078784943,-0.38584625720977783,0.07894568890333176
-0.1877559870481491,-0.43027791380882263,0.07805752754211426
-0.17695936560630798,-0.41521650552749634,0.06849581003189087
-0.11600172519683838,-0.3549065589904785,0.062318604439496994
-0.005252502392977476,-0.25657591223716736,0.04904346540570259
0.11803162097930908,-0.1562729924917221,0.042941633611917496
0.21744957566261292,-0.06717532128095627,0.04770307615399361
0.2637571394443512,0.004024288151413202,0.043612994253635406
0.2718455195426941,0.03352689743041992,0.045300018042325974
0.2441774159669876,0.014593152329325676,0.045671794563531876
0.21256853640079498,0.005219781305640936,0.03701953962445259
0.18724346160888672,-0.001366748590953648,0.019333750009536743
0.14986079931259155,-0.037971023470163345,-0.011133184656500816
0.10593967139720917,-0.0752672627568245,-0.03256071358919144
0.0831870585680008,-0.07750551402568817,-0.03129556030035019
0.08565741032361984,-0.0691935196518898,-0.0254664309322834
0.12124212831258774,4.18518393416889e-05,0.0007597571238875389
0.1815299689769745,0.09640193730592728,0.01692301407456398
0.2020363211631775,0.1802092343568802,0.014464905485510826
0.1658751219511032,0.21191443502902985,-0.02811424620449543
0.08939260989427567,0.2048088163137436,-0.08143926411867142
0.01294977031648159,0.16414819657802582,-0.1266496181488037
-0.041638486087322235,0.09524976462125778,-0.155217245221138
-0.07502174377441406,0.001522207516245544,-0.16788430511951447
-0.10079335421323776,-0.09811268746852875,-0.15870551764965057
-0.1066962480545044,-0.18347632884979248,-0.13409684598445892
-0.07091067731380463,-0.18575669825077057,-0.09559406340122223
0.023004360496997833,-0.10231665521860123,-0.05653960630297661
0.14461158215999603,0.018067670986056328,-0.01536537241190672
0.24613474309444427,0.14484399557113647,0.01537336502224207
0.24572403728961945,0.22263140976428986,-0.004689248278737068
0.17594203352928162,0.25520506501197815,-0.05385732650756836
0.10948294401168823,0.2443394809961319,-0.08301185071468353
0.052910216152668,0.2064666748046875,-0.09451404213905334
0.008775463327765465,0.1327708661556244,-0.08956475555896759
-0.04010073468089104,0.04350969195365906,-0.07782474160194397
-0.07247520983219147,-0.03090842254459858,-0.05752798169851303
-0.09033463895320892,-0.0966126024723053,-0.046671342104673386
-0.08454872667789459,-0.12418380379676819,-0.03681650385260582
-0.04946770519018173,-0.09977912902832031,-0.034076109528541565
0.006450038868933916,-0.05129295960068703,-0.05646439641714096
0.0664135068655014,-0.009038449265062809,-0.08333702385425568
0.12581898272037506,0.032425303012132645,-0.10020676255226135
0.14509068429470062,0.040070172399282455,-0.12682293355464935
0.08644451200962067,0.004550309386104345,-0.17929607629776
0.00543195242062211,-0.05342644080519676,-0.23488903045654297
-0.04459189623594284,-0.11057579517364502,-0.2757330536842346
-0.05981053039431572,-0.1526726335287094,-0.2798846364021301
-0.05042757838964462,-0.19176346063613892,-0.2542949616909027
-0.010309453122317791,-0.22703464329242706,-0.22364544868469238
0.021386992186307907,-0.2541849911212921,-0.1970849633216858
0.030448930338025093,-0.2834014892578125,-0.18359872698783875
0.031147561967372894,-0.3086969256401062,-0.19192305207252502
0.026762133464217186,-0.31149324774742126,-0.21316228806972504
0.009111708030104637,-0.2753773331642151,-0.23851685225963593
-0.028162959963083267,-0.24313710629940033,-0.2536121904850006
-0.08439963310956955,-0.24934764206409454,-0.25907108187675476
-0.1484803557395935,-0.2604982852935791,-0.2476341426372528
-0.1854974925518036,-0.25530725717544556,-0.20573516190052032
-0.1785985827445984,-0.24716037511825562,-0.15362003445625305
-0.15955515205860138,-0.24303413927555084,-0.12326101958751678
-0.13302262127399445,-0.2270573079586029,-0.11501321196556091
-0.10183074325323105,-0.208512544631958,-0.1127382144331932
-0.09717793017625809,-0.21119727194309235,-0.11116721481084824
-0.11099939048290253,-0.2146289348602295,-0.11531142890453339
-0.12753842771053314,-0.2141152173280716,-0.12558937072753906
-0.13370144367218018,-0.20958136022090912,-0.13587696850299835
-0.16310620307922363,-0.2273840606212616,-0.14368721842765808
-0.2265312373638153,-0.26815730333328247,-0.14001446962356567
-0.3222910463809967,-0.3255164623260498,-0.09029404819011688
-0.42595210671424866,-0.4127833843231201,-0.010585973970592022
-0.5000057816505432,-0.4509850740432739,0.05125235766172409
-0.4949658513069153,-0.39234310388565063,0.07170945405960083
-0.4243529140949249,-0.2775736451148987,0.0500829853117466
-0.3503403067588806,-0.14982140064239502,-0.0051748426631093025
-0.3117676079273224,-0.04698316752910614,-0.06766671687364578
-0.8425502777099609,-0.14028863608837128,-0.05286725237965584
-1.6618839502334595,-0.5977342128753662,0.06864293664693832
-1.0877357721328735,-1.295900583267212,0.23117662966251373
0.5129790902137756,-0.6992207765579224,0.5930522680282593
0.24484014511108398,-0.5021170377731323,0.48087531328201294
0.10173997282981873,-0.9595863223075867,0.4499128758907318
-0.2561044692993164,-1.1608346700668335,0.41615572571754456
-0.426606684923172,-1.0755029916763306,0.32276827096939087
-0.21592864394187927,-0.9599000215530396,0.12537166476249695
0.13461925089359283,-0.7409703731536865,-0.11335542798042297
0.5525960922241211,-0.368721067905426,-0.2272258847951889
0.787745475769043,0.15284141898155212,-0.4206342101097107
0.84483402967453,0.7336645126342773,-0.5587512850761414
0.906792163848877,1.1442694664001465,-0.5133944749832153
0.9131448864936829,1.2097898721694946,-0.4010159969329834
0.823025107383728,0.967308521270752,-0.26755648851394653
0.6877089142799377,0.6861208081245422,-0.08919747173786163
0.6132737994194031,0.45035117864608765,0.12668661773204803
0.5838846564292908,0.1687755435705185,0.29905879497528076
0.5822076797485352,-0.11113066971302032,0.3559662699699402
0.5723992586135864,-0.16122660040855408,0.31856298446655273
0.5345757007598877,0.04194942116737366,0.2664680778980255
0.4313736855983734,0.46107691526412964,0.1374211311340332
0.45158976316452026,0.85606849193573,-0.029174240306019783
0.6087138056755066,1.2356431484222412,-0.18361836671829224
0.7761238813400269,1.4391310214996338,-0.24674060940742493
0.8261039853096008,1.400020718574524,-0.162662535905838
0.8131788969039917,1.3254907131195068,0.1750718355178833
0.8374786376953125,1.2297964096069336,0.495181679725647
0.9900471568107605,0.9424254894256592,0.6093252897262573
1.169387936592102,0.7791780233383179,0.4411792755126953
1.4290626049041748,0.2381529062986374,-0.025964755564928055
1.6003258228302002,-0.7430464029312134,-0.5062110424041748
1.547293782234192,-0.9963977336883545,-0.748954176902771
1.2117010354995728,-0.8510429859161377,-0.6207894086837769
0.8081936836242676,-0.6304059624671936,-0.4072326719760895
0.6697844862937927,-0.15891724824905396,-0.39025822281837463
0.7752917408943176,-0.03739827498793602,-0.6056919693946838
0.9137957096099854,-0.25749191641807556,-0.7692301869392395
0.7544667720794678,-0.5546079874038696,-0.7599618434906006
0.42697739601135254,-0.8745188117027283,-0.7110262513160706
0.14397522807121277,-0.9841254353523254,-0.9116914868354797
0.0621231310069561,-0.7470834851264954,-1.2047977447509766
0.050661951303482056,-0.305795282125473,-1.3335504531860352
-0.03448886051774025,0.06314947456121445,-1.2813869714736938
-0.23320461809635162,0.25172871351242065,-1.1772704124450684
-0.34022513031959534,0.3092787265777588,-1.1781859397888184
-0.3130697011947632,0.2454419583082199,-1.241591215133667
-0.3858819007873535,0.08922891318798065,-1.0387523174285889
-0.6321278810501099,-0.01437737699598074,-0.6814061403274536
-0.7089092135429382,0.021655725315213203,-0.5599497556686401
-0.6084172129631042,0.12601728737354279,-0.6609669327735901
-0.46933624148368835,0.23341651260852814,-0.828551709651947
-0.40751415491104126,0.3858449161052704,-0.9015620350837708
-0.3992220461368561,0.5128511190414429,-0.886431097984314
-0.379650741815567,0.5733138918876648,-0.8483878374099731
-0.3458520770072937,0.5635555982589722,-0.6815996766090393
-0.30448412895202637,0.41953662037849426,-0.512311577796936
-0.2130427062511444,0.1710364669561386,-0.4954315423965454
0.01057759951800108,0.004669324494898319,-0.5234621167182922
0.16923989355564117,-0.05908574163913727,-0.47390037775039673
0.23126384615898132,0.04995658993721008,-0.3269287645816803
0.23669780790805817,0.19346477091312408,-0.16474951803684235
0.29028645157814026,0.3111088275909424,-0.19675645232200623
0.40709587931632996,0.4118969738483429,-0.3318367302417755
0.4303990602493286,0.41167911887168884,-0.40740153193473816
0.2559848427772522,0.2852601110935211,-0.32649940252304077
-0.9032934308052063,1.8478569984436035,0.3196021020412445
-1.1825230121612549,0.034052349627017975,0.37528592348098755
-0.9354977607727051,-0.5241811275482178,0.018557339906692505
-0.614482045173645,0.2809450626373291,-0.1039729118347168
-0.09926986694335938,0.7488877773284912,0.208640918135643
-0.06758655607700348,0.6361891031265259,0.5982531905174255
-0.12123673409223557,-0.2921707332134247,0.6591905951499939
-0.21404112875461578,-0.15734565258026123,0.5317291617393494
-0.31980136036872864,0.3474874198436737,0.38483986258506775
-0.5399101376533508,0.30349934101104736,0.360107421875
-0.7142167091369629,-0.2117975652217865,0.38225722312927246
-0.8980339169502258,0.013736494816839695,0.2952232360839844
-0.04069073498249054,-0.005040389019995928,0.04084368050098419
-0.019144637510180473,-0.006647585425525904,-0.23518210649490356
-0.010983646847307682,0.003839144017547369,-0.5166587829589844
-0.00898390170186758,0.004594701807945967,-0.6710536479949951
-0.002769947750493884,0.005003763362765312,-0.6450009942054749
-0.006430728826671839,0.00821473728865385,-0.501231849193573
-4.8463494749739766e-05,0.006108442787081003,-0.3908046782016754
-0.0011597343254834414,0.002563278190791607,-0.2423098385334015
-0.001705682254396379,0.005976385436952114,-0.11545602232217789
-0.003926169592887163,0.008654794655740261,-0.03574899584054947
-0.0008001508540473878,0.008291272446513176,0.10183123499155045
-0.0029668163042515516,0.00024009973276406527,0.1244744211435318
-0.002636850578710437,0.0016363949980586767,0.023659124970436096
-0.00027328316355124116,0.002331760013476014,0.06904017925262451
0.0006534968852065504,0.001165029127150774,0.04963265731930733
0.0011646951315924525,-0.00010624715650919825,0.0007049175910651684
-0.0008742209174670279,-7.242501305881888e-05,0.0007430007681250572
-0.0008779493509791791,-0.0001584451092639938,-0.0005875146016478539
-0.0021677182521671057,0.0012756672222167253,0.0012553930282592773
0.0013676144881173968,0.0018019259441643953,4.182802513241768e-05
-3.1145173124969006e-06,0.0007768752984702587,-0.0015110615640878677
-0.00021439077681861818,-0.0005769039271399379,-0.0026686624623835087
-0.0007853725692257285,-0.0034147684928029776,0.00036228122189641
-0.00037001544842496514,0.0007127565331757069,0.00015144655480980873
0.0018830187618732452,-0.001545071485452354,0.0007131071761250496
-0.0014954721555113792,-0.000644373067189008,0.002239137887954712
-0.0017098565585911274,0.0015945464838296175,0.0002167331986129284
0.00121694419067353,0.002065113512799144,0.0013802796602249146
-0.0014462168328464031,-0.0005482463748194277,0.0014417986385524273
-0.001831171102821827,-0.00015982588229235262,-0.0013075419701635838
-0.00180507218465209,0.0001464376546209678,0.0017673438414931297
-0.0009470508084632456,0.0006931304815225303,0.0007031876593828201
0.0013206307776272297,0.0009477286948822439,0.00021263305097818375
0.0017328283283859491,-0.0014566408935934305,0.00021348707377910614
0.0015224386006593704,-0.0005136156105436385,0.0005170875228941441
0.0016567709390074015,0.00041115586645901203,-0.0002734363079071045
0.001464490545913577,0.00013498605403583497,-0.000980505719780922
-0.00037695138598792255,0.0013210088945925236,0.0009517376311123371
0.000575395068153739,-0.0011842267122119665,-0.0010296539403498173
9.994985884986818e-05,0.0009933903347700834,-0.0016247783787548542
-0.0003471949021331966,-0.0002788017154671252,0.005911168642342091
0.002009438583627343,0.0006042706081643701,-0.0008809836581349373
-0.0008369479328393936,0.0003390197525732219,0.0006804279983043671
0.000466616649646312,-0.0013166895369067788,0.0011771763674914837
0.0009976509027183056,-0.00037899051676504314,-0.001812221948057413
-0.0009278269135393202,-0.004061357118189335,0.00020380178466439247
0.0017150940839201212,-8.472472836729139e-05,0.00022617261856794357
-0.0013625872088596225,0.0015399206895381212,0.0007991385646164417
-0.0007215644000098109,-0.00012189174594823271,0.0002806209959089756
-0.00010825775098055601,0.0019923958461731672,0.0004287427291274071
-0.00023928529117256403,0.00010501359065528959,0.0024482174776494503
0.0024397652596235275,-0.00013156936620362103,0.001284490805119276
-0.0004127466236241162,0.002659689635038376,-0.0012255385518074036
0.0017722132615745068,-0.0009527804795652628,0.0014236890710890293
-0.0012613935396075249,-0.000458231515949592,-0.0007148291915655136
-0.00041702017188072205,-0.0006972382543608546,0.0016506863757967949
-0.0001797325094230473,0.000759510847274214,-0.00031179701909422874
-0.0006966327782720327,0.0002745302626863122,-0.0020804372616112232
-0.001366950455121696,0.002234350424259901,0.0007896511815488338
-0.00012412189971655607,-0.0014618858695030212,-0.0008494462817907333
0.0017025403212755919,0.0012209825217723846,-0.00264095445163548
-0.0006543694180436432,0.0001514435571152717,0.00014259200543165207
0.0030908340122550726,-2.8053498681401834e-05,0.0017040036618709564
0.000552578829228878,0.0003940738388337195,0.0021312166936695576
-0.0016421321779489517,8.115241507766768e-05,0.0013109631836414337
-0.0005452752811834216,0.0006344365538097918,0.002392035908997059
0.0012784573482349515,0.0007090051076374948,0.0015672547742724419
0.00047506156261079013,0.00015300078666768968,-0.00039480067789554596
0.0007483018562197685,-0.0021197409369051456,0.00018656719475984573
-0.0009742311667650938,0.0011058966629207134,0.0005655759014189243
-0.0014408169081434608,-0.0015599275939166546,-0.0021087704226374626
-0.00011611130321398377,0.00034273549681529403,-0.0004062959924340248
0.002046908251941204,-0.0007891079294495285,-0.0010835379362106323
-0.0007320006843656301,-0.0017001032829284668,-0.0007086507976055145
0.0006922578322701156,-0.00016026347293518484,-0.0002543157897889614
-0.0010616072686389089,0.00012639489432331175,-0.0021465872414410114
-0.0008086069719865918,0.0001540917728561908,0.002846307586878538
-0.0009050581138581038,-0.0002856635255739093,0.0005489392206072807
0.0004808509547729045,0.0013638983946293592,-0.00014907494187355042
0.0010828633094206452,-0.00016762211453169584,0.000644410029053688
-0.0010908088879659772,-0.0014733700081706047,-0.0002011433243751526
-0.0008362968219444156,-0.0014929909957572818,0.0008922284469008446
0.00034002147731371224,0.0005965251475572586,-2.6295427232980728e-05
0.0004994210903532803,0.000298484432278201,0.0001810905523598194
-0.000846274197101593,-0.0015076714335009456,-0.00011372147127985954
-0.0004573680052999407,8.607869676779956e-05,-0.0006980309262871742
0.0024755713529884815,-0.0005639988812617958,-0.00213027885183692
0.0005627752980217338,-0.00044653902295976877,-0.0002689538523554802
-0.00019702455028891563,-0.002345639280974865,0.0004884488880634308
0.001464912318624556,0.0011371099390089512,0.0006674039177596569
0.0006230870494619012,-0.0012056728592142463,-0.00146552175283432
0.0011860161321237683,0.000695626949891448,-0.00022758450359106064
-0.0007005670922808349,-0.0011587321059778333,0.0013743066228926182
0.0009221052750945091,-0.00099957047495991,0.00025095604360103607
0.0012803004356101155,0.001145605812780559,0.0003966311924159527
-0.0003427441115491092,0.0016812225803732872,0.0036279954947531223
0.0006229181308299303,-0.0024509383365511894,4.098331555724144e-05
0.0006419677520170808,0.0016163323307409883,0.0003574020229279995
0.001478733029216528,0.0007566639105789363,0.001557155977934599
0.0003677054774016142,-0.00017016383935697377,-0.0009581707417964935
-0.00046133654541336,-0.0013427536468952894,0.0009960569441318512
-0.00042959550046361983,-0.0022021580953150988,-0.0010545523837208748
0.0011951990891247988,0.0002154593967134133,-0.00026785489171743393
-0.0017314046854153275,-4.314704710850492e-05,0.0022265324369072914
-0.0008387131383642554,0.0010980174411088228,-0.000600945670157671
-0.00013748198398388922,-0.0001946942793438211,-0.0003905976191163063
-0.0025851931422948837,-0.0013244071742519736,0.0004741307348012924
0.001235765521414578,-0.0002465986181050539,0.0008879122324287891
0.00033162228646688163,0.0034405479673296213,-0.00042342860251665115
0.0007045604870654643,0.0007908186526037753,0.0015374771319329739
0.001248377957381308,0.0033767479471862316,0.0012969933450222015
0.002890536794438958,-0.0014917842345312238,0.0004081311635673046
0.0023049076553434134,0.0008837553905323148,0.0005436860956251621
-0.0011536380043253303,3.117182495770976e-05,-0.00020892266184091568
0.0005116366082802415,-0.0025411753449589014,0.0010672640055418015
-0.0004953801399096847,-0.0011242448817938566,-0.002384083578363061
0.0005096967797726393,0.0012017600238323212,0.003820548765361309
-0.0009297101059928536,-0.0013396590948104858,0.0017096404917538166
-0.001558216055855155,-5.681744369212538e-06,-0.0030433032661676407
0.0017544946167618036,0.001434998819604516,-0.00010300567373633385
-0.0014386355178430676,-0.0005234898417256773,0.0003574551083147526
0.0012294520856812596,0.0007399108144454658,-9.672343730926514e-05
0.0018289296422153711,0.0011060955002903938,-0.0021883700974285603
0.0011622323654592037,0.0013584825210273266,-0.0008311150595545769
-0.00017067973385564983,-0.0003081236209254712,0.0019905040971934795
-0.0004795563581865281,-0.0008432393660768867,0.0010233931243419647
-0.0031307332683354616,0.0009860859718173742,0.0006854375824332237
0.0012464175233617425,0.0005708609241992235,0.0003347187303006649
-0.000691831111907959,-0.000956461881287396,0.0016508526168763638
0.0027838910464197397,-0.0008434219053015113,0.001558232121169567
0.0007987708668224514,-0.0010247832396999002,-0.00017521949484944344
-0.00042882421985268593,-0.002171230735257268,-0.0010759164579212666
-0.00119102094322443,0.0010799565352499485,0.001385643146932125
0.002869931748136878,0.001377322361804545,0.00012464448809623718
-0.0020382741931825876,-0.0012690607691183686,-0.0006447429768741131
0.0016159673687070608,0.00014015949273016304,-0.0007180208340287209
0.0024292967282235622,0.0017835962353274226,-0.0012599742040038109
0.0020293407142162323,-0.0006383699364960194,-0.002535008592531085
-0.0009560626931488514,-0.0011363810626789927,0.0002424023114144802
0.001216128934174776,-0.0006263838731683791,0.002385880332440138
0.0009274422191083431,0.00015578657621517777,0.0008764006197452545
0.0018096271669492126,-8.028750744415447e-05,0.0006191655993461609
-0.0006167788524180651,-0.000253925594734028,0.00037761684507131577
-0.0007207932067103684,-0.001806965097784996,0.00034428108483552933
0.0003346175653859973,0.0005430082092061639,-0.00225389888510108
0.002474649576470256,-0.0014480516547337174,-0.00021642819046974182
-0.0008697481243871152,-0.0014619000721722841,-0.00015038205310702324
0.0014404656831175089,0.002945857821032405,0.00019950000569224358
0.0016801501624286175,0.002592456294223666,-0.001288674771785736
1.5508936485275626e-05,0.000756778463255614,-0.0008457736112177372
-0.0006585370865650475,0.0018358912784606218,-0.0035707198549062014
0.0006274845218285918,-0.0011389530263841152,-0.0008475566282868385
0.00196625548414886,0.00116761086974293,0.0008779051713645458
4.353458643890917e-05,-0.0004904188681393862,0.00041818199679255486
0.000136745220515877,-0.000921318307518959,0.000687427818775177
-0.0012661473592743278,-0.00014128527254797518,-0.00036244094371795654
-0.0016376583371311426,0.0005631208186969161,-0.0019494183361530304
4.149190499447286e-05,-0.000710864900611341,3.290828317403793e-05
0.0019576363265514374,0.00014880349044688046,0.0004294528625905514
-0.00026746647199615836,0.00144040712621063,8.562114089727402e-05
-0.0006331184413284063,-0.001382809947244823,-0.0010912297293543816
-0.0004273284284863621,0.0019930838607251644,-0.0007838858291506767
2.620791201479733e-05,0.00015656783943995833,-0.0005255592986941338
6.742042023688555e-05,0.0013140304945409298,0.0007180757820606232
0.0020456165075302124,0.0010088322451338172,0.0006943736225366592
-0.00020819570636376739,-0.0011681487085297704,0.00023166509345173836
0.0006757074734196067,0.00014558862312696874,-0.0015475926920771599
4.516268381848931e-05,-0.0015044559258967638,0.0011053546331822872
-0.0019175871275365353,0.0007685521268285811,0.0015610218979418278
0.002742079086601734,0.0008124058949761093,-0.0007113274186849594
0.00226590596139431,-0.00024566796491853893,-0.002181924879550934
0.0008489987812936306,-0.0004260680580046028,0.0009978841990232468
0.0015965481288731098,0.0007771481177769601,-0.0005379607900977135
0.001918854541145265,-0.00043263190309517086,-0.0001934599131345749
0.0007478626212105155,0.0005940167466178536,0.0005029565654695034
-0.0006241536466404796,0.0012926823692396283,-0.0025026248767971992
0.0011758769396692514,0.0014870931627228856,-0.0006163078360259533
-0.0006443342426791787,-0.000416800583479926,-1.4300458133220673e-06
0.0017754138680174947,0.0002849423617590219,-0.0002973070368170738
0.0018735950579866767,-0.00018015701789408922,0.002124851569533348
-0.0007363028125837445,-0.002246503485366702,-0.0014302022755146027
-0.0023470816668123007,-0.0015681604854762554,0.002097638323903084
0.001614370383322239,-8.879651431925595e-06,0.001256079412996769
-0.0021019966807216406,0.00014719911268912256,0.00013581477105617523
0.00048632954712957144,-0.00034761620918288827,-0.0023262775503098965
0.0007681561401113868,0.0009077260619960725,0.0010319771245121956
0.0003167503164149821,0.0006238330970518291,0.0025137602351605892
0.0002113791706506163,-8.449740562355146e-05,-0.002081607934087515
-0.0006751872133463621,-0.0010123427491635084,0.00143882492557168
8.260522736236453e-05,0.0015904891770333052,0.00028179120272397995
-0.0007224683649837971,-0.0010644161375239491,0.0032919617369771004
0.0007680816343054175,-0.00030087545746937394,-0.0009003034792840481
0.00138833187520504,-0.0002683849015738815,-0.0012784721329808235
0.0018193109426647425,0.0008855982450768352,0.0037387856282293797
-0.00191816920414567,-0.0019099218770861626,-0.0023358846083283424
-0.00038218279951252043,4.341398744145408e-05,-0.00011591240763664246
-0.00020641417359001935,0.0005310387350618839,-6.472691893577576e-08
-0.0003430845681577921,-0.0008954621152952313,0.0005635274574160576
-0.0006932902033440769,0.0011842004023492336,0.00038695987313985825
-0.00160507601685822,0.0002294080040883273,0.00098381657153368
0.002218690700829029,0.0013202388072386384,0.00043813465163111687
-0.0010663532884791493,0.002490762621164322,0.0032265926711261272
-0.00014836160698905587,-0.00048425467684865,0.0010707643814384937
-0.00010089241550303996,-0.00321189290843904,0.001453472301363945
-0.0011605642503127456,-0.0009016006952151656,-0.0008911746554076672
-0.0008685261709615588,-0.00010308981291018426,0.00023258430883288383
-0.0006794417276978493,-0.002850140444934368,-0.0010609133169054985
0.0023178483825176954,0.000957441283389926,-0.0013399738818407059
-0.0013400032185018063,0.0009441254660487175,-0.0005631297826766968
0.0028540450148284435,0.0014321055496111512,0.001379305962473154
-0.0030746841803193092,0.00044087698915973306,0.0016440246254205704
0.0006135465810075402,-0.0020876708440482616,-0.001942661590874195
0.0004942369414493442,-0.00017339068290311843,-0.001703775953501463
0.0018670335412025452,-0.00039682831265963614,-7.870281115174294e-05
0.0027277672197669744,0.0012737726792693138,0.0008406206034123898
0.0019309623166918755,-0.0015806622104719281,0.0015631476417183876
0.0019014012068510056,0.0004934075986966491,0.0004560714587569237
0.0005572187947109342,0.0001871054118964821,0.001431567594408989
-0.0008436038624495268,-0.0003143677895423025,0.0004888083785772324
-0.0002804952673614025,0.0004477835900615901,0.001643588300794363
-0.0011846384732052684,-0.0010137592907994986,0.000892044510692358
0.001759431790560484,-0.001474718446843326,0.0022888798266649246
-0.00023181363940238953,6.698550714645535e-05,-0.00046110060065984726
-0.0007212479831650853,-0.00036093604285269976,0.00041219498962163925
-0.0032456584740430117,0.0009392192005179822,-0.0015012864023447037
0.0009622866637073457,-0.0003644560056272894,-0.000424195546656847
-0.0010404104832559824,0.00013089195999782532,4.159146919846535e-05
0.00026667286874726415,-0.0004112029855605215,-0.000581259373575449
-0.0012582531198859215,-0.0003014807589352131,0.0015932116657495499
0.002177066169679165,-6.600901542697102e-05,0.0011095991358160973
0.0006830326747149229,0.001694873091764748,0.0005543301813304424
-0.0009553558193147182,0.00020678954024333507,-0.0013790675438940525
-0.0012056928826496005,-0.002071012044325471,0.0010611866600811481
-0.0016141681699082255,-0.0008842278621159494,-0.0011554737575352192
0.0006567091913893819,0.0005040780524723232,0.00020513543859124184
-0.0022166413255035877,-0.00028705367003567517,0.0006324294954538345
0.0003200196078978479,0.0008498497772961855,0.00018661655485630035
0.001393511425703764,-0.00029287728830240667,0.0015557911247015
-7.73524516262114e-05,0.001460548024624586,-0.0002620830200612545
-0.0005422591930255294,0.0015790107427164912,-0.0035103079862892628
-0.002070381073281169,0.00022772281954530627,0.00044661667197942734
0.0024623796343803406,0.0006479705334641039,-5.567958578467369e-05
0.00016087590483948588,-0.0012535264249891043,0.0009930729866027832
0.0008414332987740636,-0.0013741335133090615,0.0006290520541369915
1.4722754713147879e-06,-0.0007283170707523823,-0.0008735032752156258
0.0009387157624587417,-0.0010284659219905734,-0.0007130717858672142
-7.67475285101682e-05,-0.00048012108891271055,-0.001313081942498684
0.00013008058886043727,0.0005529299378395081,-0.004004369489848614
-0.002888612449169159,-0.0004382985644042492,0.002480960451066494
-0.0010056727332994342,-0.0004969420842826366,5.4317526519298553e-05
-0.00044694155803881586,0.0023654235992580652,0.00036990223452448845
-0.0007635685615241528,-0.0006793197826482356,-0.00017332006245851517
7.416587322950363e-06,-0.000752024061512202,-0.0011765328235924244
-0.0001165747526101768,0.0006907135830260813,-0.0008663125336170197
0.0008267168886959553,7.879079021222424e-06,-0.0012077298015356064
-1.3452197890728712e-05,0.0011443962575867772,-0.0015804613940417767
0.000702671823091805,-0.0013059782795608044,-0.0014611519873142242
0.001810338580980897,-0.0004935031174682081,-0.00021833647042512894
-0.0016682823188602924,0.0018767102155834436,0.0005774162709712982
0.0008325683884322643,0.0016231434419751167,0.0006377846002578735
-0.0001301643205806613,0.0006963634514249861,-0.0016871551051735878
-0.0011703595519065857,0.0003884762991219759,0.0020491755567491055
0.002137020230293274,0.0019046139204874635,-0.000797211192548275
-0.0028923475183546543,-3.922879841411486e-05,-0.0007608947344124317
-0.0002736612514127046,0.0002688989625312388,0.000925685279071331
6.851181387901306e-05,0.0018636712338775396,0.0005131321959197521
0.00136254180688411,-0.0008032182813622057,2.497481182217598e-05
-0.0010999967344105244,-0.00022761544096283615,-0.0020115203224122524
-0.00035564316203817725,-0.0007357465219683945,-0.00045490264892578125
-0.0019712659996002913,-0.0012892320519313216,0.0014941473491489887
0.001466076006181538,-0.0011416928609833121,0.0012198416516184807
0.0005541900172829628,-0.00012476599658839405,-0.001070844940841198
-0.0005523533327504992,-0.000463786389445886,0.0005041486583650112
0.0005985138705000281,-0.000816213374491781,-0.0002162395976483822
-0.0007152234902605414,-0.0017251502722501755,0.0003262464888393879
0.0027678438927978277,0.000375197792891413,-0.00024724286049604416
0.0017497175140306354,-0.0010205649305135012,-0.0007822718471288681
-0.0016287124017253518,0.0009050721419043839,0.0023854621686041355
0.00016732339281588793,0.0014624717878177762,0.0014307191595435143
-6.0646183555945754e-05,0.001517940778285265,-0.0009956881403923035
-0.00024946426856331527,0.001169865601696074,-0.00017863046377897263
0.00038704421604052186,0.0005036977818235755,0.0005148672498762608
0.0018856049282476306,-0.00043266965076327324,-0.00238504889421165
0.0012867564801126719,0.0004634438955690712,0.0017836974002420902
0.0009322897531092167,-0.001242843340151012,-0.0002589477226138115
-0.0015236088074743748,8.784790406934917e-05,-0.0012097260914742947
0.0030708767008036375,-0.0009374691289849579,-0.0012009376659989357
0.0005485846777446568,-0.0001496961194789037,-0.0005476069636642933
-0.002077824901789427,0.0011805527610704303,0.001475862693041563
0.0018042890587821603,-0.0007917829789221287,0.0006277561187744141
-0.00202240701764822,-0.00023864442482590675,-0.0011056954972445965
-8.505751611664891e-05,0.0003356541274115443,-0.0013724961318075657
0.0014265526551753283,-0.002476377645507455,0.0006381906569004059
0.0006704923580400646,-0.001370587502606213,-0.00030079856514930725
-0.0009207463590428233,0.0008603426394984126,0.000992699060589075
-0.0008603142923675478,0.0005365147371776402,0.0007923529483377934
0.001625746488571167,0.0007184086134657264,0.00024986686185002327
0.0004469746781978756,0.0015311361057683825,0.002054300159215927
-0.0006427908665500581,-0.001371709513477981,-0.00013455236330628395
0.0012711093295365572,0.0006334136705845594,0.0013262671418488026
0.0011707080993801355,0.001581232761964202,-0.0005091833882033825
7.728507625870407e-05,-0.004679056815803051,-5.4663512855768204e-05
0.0018424282316118479,7.095731416484341e-05,-0.0008639981970191002
0.0008827945566736162,0.0022031404078006744,0.0016636960208415985
0.0004082192317582667,-0.0009116927976720035,0.0009819264523684978
0.0015483098104596138,0.001422392437234521,0.00035833287984132767
-0.0010733059607446194,0.0007022737408988178,-1.4775898307561874e-05
0.0013112593442201614,0.0014868355356156826,0.0009903362952172756
0.0009826251771301031,0.00025911827106028795,0.0006981873884797096
7.306237239390612e-05,0.0024020166601985693,-0.0005734916776418686
0.0005239355377852917,-0.0009045640472322702,0.0016137626953423023
0.0019733570516109467,-0.0026405230164527893,0.00038298917934298515
0.0011243412736803293,-0.0009835039963945746,0.0004815259017050266
0.0006866212352178991,0.002029451774433255,-0.00047397660091519356
0.0015199242625385523,-0.0017871244344860315,-0.0006556040607392788
0.001664391835220158,0.0015609153779223561,-0.0012945588678121567
-0.0005676035070791841,-0.00020502677944023162,0.0009078751318156719
-0.0014936672523617744,0.0004617651575244963,0.0025629326701164246
0.0003303317935205996,-0.0008032363839447498,-0.00028398633003234863
-0.0005538607947528362,0.00015815567167010158,0.0015890435315668583
-0.00032616054522804916,-0.0005822031525895,0.000597015954554081
0.001977241598069668,0.0014443633845075965,0.0015878630802035332
-0.0003647423000074923,0.00041292113019153476,-0.0002662292681634426
-0.0019485584925860167,0.001974280923604965,0.0008480614051222801
-0.00024280391517095268,0.0013596232747659087,0.0028859120793640614
-0.00023787884856574237,0.002066330285742879,0.0004916898906230927
0.0007051464635878801,-0.0019265470327809453,-0.0018151402473449707
0.0014019223162904382,0.0007594802882522345,-0.0009211422875523567
0.00016301980940625072,0.0002942260180134326,-0.0015152934938669205
0.0015806446317583323,0.0004984343540854752,-0.0005669440142810345
-0.0007802475593052804,0.001563166151754558,0.0007457281462848186
0.000791104743257165,-0.0008468889864161611,-7.636379450559616e-06
-0.0006006632465869188,0.0012703241081908345,0.0005569537170231342
-0.0007428135722875595,0.00010539481445448473,0.0014568231999874115
0.0009171346900984645,-0.0009870338253676891,1.2857373803853989e-05
0.0016784205799922347,-0.0005712033598683774,0.0016695652157068253
0.0018451345385983586,-0.0002140734577551484,-0.0009603062644600868
0.0005630539380945265,0.0001264680759049952,0.0007423385977745056
-0.00249425508081913,0.002338489517569542,-0.00010028574615716934
-0.0014696139842271805,-0.0006002744194120169,-0.0006699175573885441
0.0004129745939280838,-0.0018072189996019006,0.000429435633122921
-0.0012060398003086448,-0.0004199793911539018,-0.0025514261797070503
-0.0018222953658550978,0.0006990808760747313,-0.0020403657108545303
0.00033011860796250403,-0.0011832586023956537,-0.0016864188946783543
-0.0004904013476334512,0.00047455905587412417,0.0011836700141429901
0.0002321105421287939,-0.0010307994671165943,0.0009679659269750118
-0.001636363216675818,-0.00025928171817213297,-0.00011487537994980812
0.0005993586382828653,-0.0022595396731048822,0.0007702289149165154
0.0011538288090378046,0.0007128145080059767,-0.0003898441791534424
-0.0006079840241000056,-0.0011092370841652155,0.0004911273717880249
-0.0016780421137809753,-0.00352126220241189,0.0005507823079824448
-0.0018541680183261633,0.0008367508416995406,-0.00029254937544465065
0.0017738563474267721,-0.0008215996203944087,-0.00014714105054736137
-0.0009912673849612474,0.00023604623856954277,-0.0012515694834291935
0.0031704544089734554,-0.001240410259924829,0.0007085171528160572
0.000426060170866549,-0.0011025310959666967,-0.000883959699422121
-0.0009361467091366649,-0.00018746888963505626,-0.0013841013424098492
-0.00108597450889647,-0.00020847418636549264,0.0011855177581310272
-0.001314740045927465,-0.002030875300988555,-0.001172711607068777
-0.001937030116096139,0.00042552503873594105,-0.00032519036903977394
-0.000714106485247612,0.0009296613861806691,0.0008450029417872429
0.0002979744749609381,0.0006860597641207278,-0.0019139139913022518
-0.00013319129357114434,0.0005531680071726441,3.2590702176094055e-05
0.0008319076150655746,-0.00035188591573387384,-0.001037257257848978
0.0007043422083370388,-3.8431884604506195e-05,0.00029964931309223175
0.0033433986827731133,0.002528457436710596,0.0010524210520088673
0.00014494224160443991,-1.5926649211905897e-05,0.000876119825989008
0.0014744889922440052,0.0009878152050077915,0.001083284616470337
0.0014603743329644203,-0.0012907853815704584,0.0021565379574894905
0.0011965471785515547,0.0012235349277034402,-0.0011671017855405807
0.0013398252194747329,0.0014565614983439445,0.0025823628529906273
-0.0014243354089558125,-0.0012219165218994021,-0.003167822491377592
0.00037995626917108893,0.0004244497395120561,-0.00022502942010760307
-0.0009464280446991324,-0.0005373887834139168,6.253132596611977e-05
-0.0013131453888490796,0.0022368261124938726,-0.0007252315990626812
0.0008974485099315643,-0.002181539312005043,0.0019230879843235016
-0.0007949903956614435,-0.0007713956292718649,-0.0017145238816738129
0.00044605039875023067,-0.00036550586810335517,-0.0009956471621990204
0.0005027757142670453,0.0003892339300364256,0.0003857347182929516
-0.00023122239508666098,0.0006255611660890281,-7.364852353930473e-05
0.0014889133162796497,7.615106005687267e-05,-0.0001487499102950096
-0.0007229768671095371,-3.1409115763381124e-05,0.0013797474093735218
0.00010872838902287185,-0.0015608625253662467,-0.0003105606883764267
-0.00018566797371022403,0.0014675946440547705,-0.0014904779382050037
6.972916889935732e-05,0.0009211139404214919,-0.0008550477214157581
0.00025442091282457113,0.00019389958470128477,0.0008097756654024124
-0.0002883313281927258,-0.0008625763584859669,-0.00011727027595043182
0.000241117159021087,-0.0004233377694617957,0.0012761661782860756
0.0003867920895572752,-0.00018951224046759307,-0.0005030916072428226
0.001736313570290804,0.0005029360763728619,-0.0010979697108268738
0.0009123315685428679,-0.0005506104207597673,0.0013388227671384811
-0.0001483401283621788,-0.00023982861603144556,0.00013080192729830742
0.00011051911860704422,-0.0005032152985222638,-0.0003895796835422516
0.0014110723277553916,0.0024519094731658697,-0.0013641067780554295
6.484441109932959e-05,0.0022926523815840483,-0.001237606629729271
0.0003598093462642282,0.0002456518996041268,5.865469574928284e-05
-0.0006758939707651734,-0.0020872773602604866,0.0006472133100032806
-0.0006205076933838427,0.0006400992278940976,0.00046842964366078377
-2.582379966042936e-05,-0.0031455843709409237,0.0021017463877797127
-0.0007694689556956291,-0.0013337212149053812,-0.0004162103869020939
-0.0005825150292366743,0.0004058555350638926,0.0015998026356101036
-0.0011812390293926,-8.026693831197917e-05,-0.000361892394721508
0.0017791308928281069,-0.0009423321462236345,-0.0007650949992239475
0.0008895319188013673,0.0016004592180252075,-0.0010661957785487175
0.0013995271874591708,0.0005980454152449965,-0.0013551488518714905
-0.00040025560883805156,-0.0006323750130832195,-0.00032512471079826355
0.0017004458932206035,0.0005521990242414176,-0.00019249925389885902
0.000748702441342175,0.0006802307907491922,-0.0010810322128236294
-0.0008345468086190522,-0.0007879699114710093,-2.3224391043186188e-05
-0.0006999378092586994,-0.000658160075545311,-0.00024518324062228203
-0.002112744841724634,-0.0006951780524104834,-0.0017397492192685604
0.0010667545720934868,-0.0016419690800830722,0.00413520960137248
-0.001705862581729889,-0.001045953598804772,-0.001856369897723198
-0.0008214393747039139,-0.00029851385625079274,-0.000840858556330204
-0.001779112033545971,0.0007268032059073448,0.0009301435202360153
0.003144799033179879,0.0009922345634549856,-0.0024897416587918997
0.00015619951591361314,-0.002450167667120695,0.00017581647261977196
-0.0008309328113682568,0.001378171960823238,0.00043938541784882545
0.0027563453186303377,-0.000927326618693769,-0.0029678628779947758
-0.00031125452369451523,-0.0002253924321848899,1.0000541806221008e-05
-0.0011168606579303741,-0.0005537602119147778,0.001406029798090458
0.0020201047882437706,0.00017365702660754323,-0.0004996489733457565
-0.0007040426135063171,-0.001400803797878325,-0.00016915053129196167
0.0025281058624386787,0.001089740777388215,0.0004827473312616348
0.003755024168640375,-0.00032439769711345434,-0.00037345895543694496
0.00020993001817259938,0.001910818973556161,-0.0014540944248437881
-0.00016211357433348894,-0.0007741799927316606,0.0013827048242092133
0.0005764385568909347,0.0015359759563580155,0.00026013609021902084
0.0025628902949392796,-0.0003532705013640225,0.0021906611509621143
-0.0009593047434464097,0.0004039001651108265,-0.0011490248143672943
-0.0018229680135846138,-0.0008493835339322686,2.6227906346321106e-05
-0.001273909816518426,0.0013327030465006828,0.0003469567745923996
-0.002231049817055464,0.00033428403548896313,-0.0010133860632777214
-0.0005172205856069922,-0.0010104619432240725,-0.0005018878728151321
-0.0010506517719477415,2.1512925741262734e-05,-0.0009682076051831245
-0.001965726725757122,-0.0012965202331542969,0.00044443225488066673
0.0021571130491793156,-0.0009367272141389549,-9.885290637612343e-05
0.0007645863806828856,0.0013609537854790688,-0.001466202549636364
-2.5040906621143222e-05,-0.0014822370139881968,0.0012161331251263618
0.0010247535537928343,-0.0008710374822840095,0.0010746908374130726
-0.0007201495463959873,8.397201600018889e-05,0.001183880027383566
-9.713441249914467e-05,-0.0004492691077757627,-5.608750507235527e-05
-0.0008311016717925668,-0.0003003984165843576,0.0007332735694944859
0.001426024828106165,0.0006284555420279503,0.0006343214772641659
-0.0011836066842079163,0.0003797163371928036,0.0003168727271258831
0.001383314374834299,0.0005694936262443662,0.0005739890038967133
-0.0005043341661803424,6.988458335399628e-05,5.627050995826721e-05
0.001176398596726358,9.959697490558028e-05,-0.0012169810943305492
-0.0007221689447760582,0.00040053416159935296,8.317409083247185e-05
-0.0007685103337280452,-0.0032458065543323755,-0.0010888907127082348
0.0008656052523292601,-0.000667333893943578,0.00033909641206264496
-0.0005484605208039284,-0.0021037496626377106,-0.0019990489818155766
-0.001073902240023017,0.00045208592200651765,0.0008899481035768986
0.00030797248473390937,-0.0014120766427367926,0.0005847560241818428
0.0007444645743817091,0.0008231144165620208,0.001837240532040596
-0.0017616481054574251,0.0014777746982872486,-0.00037295231595635414
6.181825301609933e-05,-0.0011116168461740017,-0.00038440385833382607
-0.00041730666998773813,-0.0013455388834699988,0.0026715360581874847
0.0003430258366279304,0.0002981641737278551,0.0016480833292007446
-0.0008518649265170097,0.0009240813087671995,-0.0010292134247720242
0.001358026172965765,0.001118758344091475,0.0018709688447415829
-0.0022392829414457083,0.002783927833661437,0.0008416878990828991
-0.001806785585358739,0.0006973412819206715,0.00030239764600992203
0.002113352296873927,0.0027369284071028233,-0.0009173881262540817
-0.00032796745654195547,-0.0016149431467056274,0.00034068943932652473
-0.0006886292831040919,0.002006367314606905,0.0008253725245594978
0.0014578786212950945,-0.0019931679125875235,-0.0009424337185919285
-0.00042595708509907126,0.003049691906198859,0.0017356225289404392
0.001535461051389575,0.0026211892254650593,0.0001561013050377369
0.00032860154169611633,0.002966213971376419,0.0015646019019186497
0.0011786825489252806,0.0018383653368800879,-3.409339115023613e-05
-0.0008202126482501626,0.0015320276143029332,-0.0005197571590542793
-0.0011832014424726367,0.0009607796091586351,-0.0010790210217237473
-0.001670086057856679,0.001486972440034151,-0.000998364295810461
-0.0009995019063353539,-0.0002052001655101776,0.003508769441395998
3.115128492936492e-05,0.00030229237745516,-0.0010311007499694824
0.0016679300460964441,5.0889968406409025e-05,-0.000373300164937973
0.0023758362513035536,0.001098972512409091,-0.0007698615081608295
-0.0007259474950842559,-7.441625348292291e-05,-0.0024244836531579494
-0.000398872303776443,0.001990948338061571,-0.00241999514400959
-0.0001916783512569964,0.0003512401308398694,-0.0012231706641614437
-0.0001851870329119265,0.00024314754409715533,0.00026490073651075363
-0.0010203543351963162,-0.0010452897986397147,-0.0003790520131587982
-0.002638250822201371,0.0009776221122592688,-0.0007881028577685356
0.0009365103323943913,0.0006495206616818905,0.0003037932328879833
0.0011551787611097097,0.0007526606786996126,-0.0017898548394441605
0.0015173687133938074,5.970618803985417e-05,-0.0030806888826191425
-0.00016031827544793487,-0.0007976279594004154,0.0017588245682418346
0.001223193947225809,0.0006711054593324661,-0.0009570666588842869
-0.0005292800487950444,2.499145921319723e-06,-0.00024357298389077187
0.0023240307345986366,-0.000574075267650187,0.00017694011330604553
0.0007501093205064535,0.00074087327811867,-0.0005186027847230434
0.0011184245813637972,0.00019891999545507133,0.0002973894588649273
0.0005160080036148429,0.0007185118738561869,0.0015189740806818008
0.0008971063070930541,0.0027331931050866842,-4.243757575750351e-05
-0.0017892532050609589,0.0008886920404620469,0.0004726564511656761
0.002230255864560604,0.0009078668081201613,0.0004654661752283573
-0.0036445483565330505,0.00012579309986904263,1.6850419342517853e-05
0.0004940039943903685,0.0006032978999428451,-0.002591982251033187
0.0010535909095779061,-0.0009330285247415304,-0.0017642341554164886
2.9871793230995536e-05,-0.00039480370469391346,0.0008525876328349113
-0.0007146639982238412,0.0003310206811875105,-0.0006330707110464573
-0.0015695387264713645,-0.0016711438074707985,0.0015030507929623127
-0.00041511491872370243,0.0016487854300066829,-0.0005877083167433739
0.0016134148463606834,-0.0008031870238482952,-0.00018850062042474747
-0.00043968248064629734,0.0005349784623831511,0.0014175055548548698
0.0006652630399912596,0.0008838525973260403,0.0001604938879609108
0.0010499933268874884,-0.0019852546975016594,-0.0003627324476838112
-0.0017633700044825673,0.00022010917018633336,0.0024080201983451843
-0.0009661337826400995,0.0007856941665522754,-7.43982382118702e-05
-0.0010367075446993113,0.0025673487689346075,-0.0024147839285433292
-0.001188470283523202,0.0006545308278873563,0.0006778081879019737
8.212383545469493e-05,0.0022854506969451904,-0.00036375410854816437
-0.0009619562770240009,0.001213776646181941,0.003706139512360096
0.0008029206073842943,-0.001050176564604044,-0.0036087653134018183
-0.00032196700340136886,-0.007918153889477253,-0.0014739828184247017
0.0007752553792670369,0.0013243462890386581,-0.00016716960817575455
-0.0018353834748268127,-0.002392280614003539,-0.0014611463993787766
-0.002728075021877885,-0.010085088200867176,-0.0018041613511741161
-0.0007910192362032831,0.0033046742901206017,-0.15641264617443085
-0.0014533472713083029,0.0046762023121118546,-0.3214825689792633
-0.002751372056081891,0.0024164814967662096,-0.19973818957805634
-0.00330078206025064,0.0012806435115635395,-0.06395692378282547
-0.0013588345609605312,0.005014130845665932,-0.11247392743825912
-0.0004767955979332328,0.0074655706994235516,-0.22732406854629517
-0.0030015045776963234,0.010334805585443974,-0.3472365438938141
-0.020244406536221504,0.017607364803552628,-0.395097017288208
-0.030501101166009903,0.02754915878176689,-0.20562957227230072
-0.05110064893960953,0.05528678372502327,0.0135853486135602
-0.11963403970003128,0.17120979726314545,0.0376252606511116
0.10954215377569199,1.2552624940872192,-0.05596674233675003
-0.0033009396865963936,1.355721354484558,0.20451121032238007
-0.15477249026298523,0.42537716031074524,1.3140288591384888
-0.20864425599575043,-0.3017217516899109,1.4468485116958618
-0.1307220309972763,-0.09111364930868149,1.1206059455871582
-0.050458990037441254,0.4013718366622925,0.7053732872009277
0.04289625585079193,0.7934554815292358,0.4305121898651123
0.0993756651878357,0.9621412754058838,0.4355563819408417
0.17382299900054932,0.46862369775772095,0.581102728843689
0.2961379289627075,-0.3620423376560211,0.7219138145446777
0.3244779407978058,-1.1724879741668701,0.7991209626197815
0.3408052921295166,-1.7556593418121338,0.8039917349815369
0.32915687561035156,-1.986016869544983,0.7055959105491638
0.25190940499305725,-1.9812898635864258,0.6379350423812866
0.027983635663986206,-1.8341001272201538,0.6799070239067078
-0.34361088275909424,-1.5722123384475708,0.7953047156333923
-0.7091590166091919,-1.2851091623306274,0.9541905522346497
-0.9812113046646118,-0.9710500240325928,1.1095026731491089
-1.0793706178665161,-0.7268770337104797,1.1089305877685547
-1.0273240804672241,-0.695704996585846,0.9295123219490051
-0.8601543307304382,-0.8703931570053101,0.6227098107337952
-0.7342240810394287,-1.1545606851577759,0.41737914085388184
-0.680637538433075,-1.3702181577682495,0.37987464666366577
-0.6621576547622681,-1.4358876943588257,0.4383217692375183
-0.6315451860427856,-1.292633056640625,0.4995070695877075
-0.6135679483413696,-1.093400001525879,0.47419577836990356
-0.6086256504058838,-0.9724243879318237,0.36661872267723083
-0.6421910524368286,-0.9601007103919983,0.27497604489326477
-0.6867974400520325,-0.8482199907302856,0.2704918086528778
-0.775940477848053,-0.6437001824378967,0.2920463979244232
-0.8532259464263916,-0.37567588686943054,0.32644137740135193
-0.9393081665039062,-0.1702796369791031,0.4022391736507416
-0.9770752787590027,-0.0600186362862587,0.4164985418319702
-0.9547063708305359,-0.03321457654237747,0.3394390642642975
-0.8798550367355347,-0.02874019928276539,0.20219413936138153
-0.7610542178153992,-0.013196793384850025,0.06373628973960876
-0.6411634683609009,0.11976418644189835,0.004627696704119444
-0.5774560570716858,0.4694599509239197,0.053948868066072464
-0.5270568132400513,0.5628879070281982,0.12990035116672516
-0.4595266282558441,0.6338445544242859,0.18169668316841125
-0.44265177845954895,0.3183278441429138,0.2437635362148285
-0.4657939076423645,-0.25960397720336914,0.24854853749275208
-0.5585011839866638,-0.4452691972255707,-0.06324929744005203
-0.8123362064361572,-0.20241540670394897,-0.1906435787677765
-1.0394937992095947,-0.3688448369503021,-0.14975179731845856
-1.136502742767334,-0.6632824540138245,-0.018773727118968964
-1.0766745805740356,-0.7775911688804626,0.061978112906217575
-0.8419320583343506,-0.7303709387779236,-0.00179714011028409
-0.5307264924049377,-0.5614641904830933,-0.09665468335151672
-0.30976274609565735,-0.26662909984588623,-0.1894298791885376
-0.2469414323568344,-0.009172823280096054,-0.2145669311285019
-0.32292771339416504,-0.0030922144651412964,-0.2576281428337097
-0.23739416897296906,-0.20150835812091827,-0.24790869653224945
-0.32038751244544983,-0.3279123306274414,-0.21679715812206268
-0.31659382581710815,-0.15307924151420593,-0.22479836642742157
-0.2685569226741791,0.17274218797683716,-0.2650647759437561
-0.28138110041618347,0.5010729432106018,-0.21168862283229828
-0.3441038727760315,0.7512068748474121,-0.10644315183162689
-0.35278818011283875,0.8931189775466919,-0.10547296702861786
-0.34598878026008606,0.9266136884689331,-0.13300888240337372
-0.3987172245979309,0.8296077847480774,-0.15504653751850128
-0.5023431777954102,0.6305748224258423,-0.09918975085020065
-0.6431237459182739,0.44918882846832275,0.025364160537719727
-0.7467958927154541,0.2965664565563202,0.15104100108146667
-0.8160971999168396,0.13989640772342682,0.2226073294878006
-0.8036603331565857,0.027410514652729034,0.2175557017326355
-0.7076925039291382,0.02720119059085846,0.18064749240875244
-0.5654155611991882,0.13299520313739777,0.13998693227767944
-0.4279208183288574,0.2638208866119385,0.10350587964057922
-0.3163737654685974,0.33555448055267334,0.11831009387969971
-0.23829945921897888,0.38293957710266113,0.17588897049427032
-0.19091351330280304,0.3913021981716156,0.23768146336078644
-0.15206758677959442,0.34006351232528687,0.3554999530315399
-0.15978731215000153,0.28406015038490295,0.47967174649238586
-0.20138801634311676,0.20999765396118164,0.553964376449585
-0.21446473896503448,0.11330829560756683,0.5631721019744873
-0.1799943745136261,0.02391849458217621,0.5280197262763977
-0.12083545327186584,-0.04125858470797539,0.4843202233314514
-0.04781637713313103,-0.076568104326725,0.459084689617157
0.02727125771343708,-0.06771252304315567,0.43945935368537903
0.10853148996829987,-0.05787241458892822,0.4212673008441925
0.1485069841146469,-0.061450012028217316,0.38143643736839294
0.11189703643321991,-0.10826678574085236,0.3315940499305725
-0.022437961772084236,-0.20163409411907196,0.2729387879371643
-0.17590607702732086,-0.30948492884635925,0.20095647871494293
-0.25856566429138184,-0.4201093018054962,0.13734330236911774
-0.23586566746234894,-0.4331417381763458,0.07032512873411179
-0.14779964089393616,-0.3864727020263672,-0.0034309998154640198
-0.025262007489800453,-0.33075669407844543,-0.05697039142251015
0.07727696746587753,-0.25976765155792236,-0.10208199173212051
0.15078313648700714,-0.18275517225265503,-0.1394064575433731
0.17655625939369202,-0.12908540666103363,-0.1493556648492813
0.1550818681716919,-0.0724993571639061,-0.14744485914707184
0.1119793951511383,-0.050499528646469116,-0.13644705712795258
0.07124821096658707,-0.06830089539289474,-0.12214375287294388
0.03152065724134445,-0.08321286737918854,-0.08666441589593887
-0.011118147522211075,-0.09247107803821564,-0.05423377454280853
-0.03683460131287575,-0.09553417563438416,-0.040742792189121246
-0.04521157220005989,-0.07520680129528046,-0.04384404420852661
-0.02992149069905281,-0.03184190392494202,-0.0482218973338604
0.00931539572775364,0.011041115038096905,-0.04986586421728134
0.03678055852651596,0.06904075294733047,-0.037285882979631424
0.05294568091630936,0.10051239281892776,-0.026149608194828033
0.04798020049929619,0.08384419232606888,-0.02797439508140087
0.027490640059113503,0.054804813116788864,-0.04131923243403435
-0.012426342815160751,0.010872339829802513,-0.0605122372508049
-0.04781709238886833,-0.045918241143226624,-0.07889603078365326
-0.0773041844367981,-0.08679649978876114,-0.0704616904258728
-0.07016744464635849,-0.10400824248790741,-0.053251542150974274
-0.02760334312915802,-0.1113957017660141,-0.0217816773802042
0.018716484308242798,-0.11226522922515869,0.012843677774071693
0.0612916424870491,-0.10177796334028244,0.04602906107902527
0.09859507530927658,-0.08640912920236588,0.0751856192946434
0.12488441169261932,-0.06752846390008926,0.10299739986658096
0.14183837175369263,-0.038466449826955795,0.1220986619591713
0.16439074277877808,-0.014488745480775833,0.13375243544578552
0.1707889884710312,0.00017568482144270092,0.15764018893241882
0.16429831087589264,0.004434599075466394,0.18834111094474792
0.15813575685024261,-0.022646021097898483,0.22772100567817688
0.17126289010047913,-0.05700652673840523,0.2720052897930145
0.18474940955638885,-0.09612463414669037,0.3203858733177185
0.1813613623380661,-0.17081637680530548,0.3842107951641083
0.1418278068304062,-0.27559179067611694,0.47122159600257874
0.11924836039543152,-0.41513222455978394,0.5505865216255188
0.11470713466405869,-0.5627501606941223,0.6137678623199463
0.0962664783000946,-0.6906728744506836,0.6721397638320923
0.07311881333589554,-0.7665145993232727,0.7342036962509155
0.07498224079608917,-0.8342675566673279,0.8050301671028137
0.11329181492328644,-0.9518581032752991,0.911401093006134
0.15730412304401398,-1.1290913820266724,1.0353296995162964
0.16790403425693512,-1.346011996269226,1.1552197933197021
0.12022075057029724,-1.5477607250213623,1.232139229774475
0.010164289735257626,-1.705656886100769,1.2447564601898193
-0.1392512321472168,-1.8007168769836426,1.234065294265747
-0.29820120334625244,-1.842369794845581,1.191304326057434
-0.4231448471546173,-1.8660407066345215,1.1201910972595215
-0.5140701532363892,-1.88371741771698,1.0290015935897827
-0.5492870211601257,-1.8838911056518555,0.9448962807655334
-0.52156001329422,-1.811531901359558,0.9330180287361145
-0.46090489625930786,-1.7001575231552124,0.9670490026473999
-0.41997185349464417,-1.5481120347976685,0.9811874628067017
-0.3828441798686981,-1.3213468790054321,0.9350012540817261
-0.33264225721359253,-1.0630924701690674,0.814792275428772
-0.2382647544145584,-0.8137128949165344,0.6977055072784424
-0.09886585921049118,-0.5492053627967834,0.6286110877990723
0.04253989830613136,-0.31847134232521057,0.5626828670501709
0.12521080672740936,-0.18180032074451447,0.4756837785243988
0.1159047856926918,-0.14788773655891418,0.4077674150466919
0.03206181153655052,-0.16204217076301575,0.3665131628513336
-0.11715669929981232,-0.1979341357946396,0.3218572735786438
-0.27618658542633057,-0.21512164175510406,0.2980789840221405
-0.3867854177951813,-0.08813855797052383,0.3391355574131012
-0.407168984413147,0.19186753034591675,0.4008428454399109
-0.3417249321937561,0.4359530210494995,0.4051026403903961
-0.2750508189201355,0.5678111910820007,0.34282034635543823
-0.23937202990055084,0.6326786875724792,0.26863425970077515
1.0296010971069336,1.1180493831634521,0.23871177434921265
1.3750487565994263,1.2367091178894043,0.31838271021842957
1.1930835247039795,1.5369328260421753,0.23906898498535156
0.9369283318519592,1.3420758247375488,0.12132589519023895
0.7427505850791931,0.6656125783920288,0.06363837420940399
0.23107250034809113,0.48308128118515015,0.11572562158107758
-0.03840050846338272,0.24522823095321655,0.2743903696537018
-0.26539847254753113,-0.01871519535779953,0.29395943880081177
-0.40087080001831055,-0.27300792932510376,0.3015558421611786
-0.4965459704399109,-0.4426153600215912,0.2950601279735565
-0.5476552248001099,-0.4767637252807617,0.2751005291938782
-0.4981442391872406,-0.47487545013427734,0.25999951362609863
-0.42489105463027954,-0.32560205459594727,0.18560437858104706
-0.20184193551540375,-0.18543769419193268,0.0979386568069458
0.09160512685775757,0.05819520354270935,0.05491635203361511
0.23915289342403412,0.10199049115180969,-0.010439650155603886
0.2317247986793518,0.19963742792606354,-0.10208860784769058
0.22227241098880768,0.3260887861251831,-0.11325272917747498
0.20414800941944122,0.16825039684772491,-0.13416466116905212
0.11751039326190948,0.1319226324558258,-0.15650111436843872
0.057036131620407104,0.20083752274513245,-0.19361385703086853
0.02400796115398407,0.16715815663337708,-0.2183588594198227
-0.014900555834174156,0.16436104476451874,-0.16294486820697784
-0.02320297807455063,0.2576510012149811,-0.12332074344158173
0.032179854810237885,0.25970378518104553,-0.07842836529016495
0.08279674500226974,0.058009594678878784,-0.03655711188912392
0.03408166393637657,-0.09090585261583328,-0.0006297375075519085
-0.06950798630714417,-0.11710695177316666,0.03747805207967758
-0.15557122230529785,-0.22980180382728577,0.04452957212924957
-0.21348176896572113,-0.26823368668556213,0.05925850570201874
-0.2653723955154419,-0.11178283393383026,0.04109575226902962
-0.1762339323759079,-0.038580261170864105,0.04339732602238655
-0.023264365270733833,0.03046698123216629,0.05722153186798096
0.11111496388912201,0.05947626382112503,0.038374800235033035
0.22014956176280975,0.09815708547830582,0.0015334286727011204
0.4401760399341583,0.13750851154327393,-0.02122695930302143
0.4976057708263397,0.10109403729438782,-0.07705507427453995
0.1803937703371048,-0.001350214472040534,-0.13835905492305756
0.4115561544895172,0.37052586674690247,-0.111214779317379
0.22866620123386383,0.7125255465507507,0.0069622136652469635
0.4061874747276306,0.9574394226074219,-0.012224530801177025
0.3306856155395508,-0.016150204464793205,-0.3679516911506653
-0.10941241681575775,0.01614035665988922,-0.6070878505706787
-0.24081465601921082,0.18406975269317627,-0.4197966158390045
-0.059467773884534836,0.191130593419075,-0.33523431420326233
0.10735614597797394,0.08180684596300125,-0.261922150850296
0.1821957528591156,-0.12150046974420547,-0.1393110305070877
0.18146680295467377,-0.2721335291862488,-0.0324208065867424
0.1274091601371765,-0.3669716417789459,0.06105561554431915
0.10294070839881897,-0.2986915409564972,0.11927729845046997
0.1256798505783081,-0.17721650004386902,0.070540651679039
0.04006507247686386,-0.000791339494753629,-0.04735388234257698
-0.07965999841690063,0.08983496576547623,-0.1274346113204956
-0.13454648852348328,0.1272030919790268,-0.19400383532047272
-0.19727911055088043,0.14665775001049042,-0.1940714716911316
-0.2580569386482239,0.18773514032363892,-0.1654466837644577
-0.31142401695251465,0.18764644861221313,-0.12922929227352142
-0.30309489369392395,0.09667006880044937,-0.06964867562055588
-0.33851492404937744,0.1365479826927185,-0.00984526239335537
-0.3990533649921417,0.16406188905239105,0.03676111251115799
-0.3562169671058655,0.1345636546611786,0.08670337498188019
-0.29941675066947937,0.12692153453826904,0.10623140633106232
-0.2711917459964752,0.12322134524583817,0.1063975840806961
-0.254720002412796,0.046137768775224686,0.10659630596637726
-0.2511231601238251,-0.05721871182322502,0.09261471033096313
-0.29164063930511475,0.05210607498884201,0.060739416629076004
-0.3008812665939331,0.07228990644216537,0.051165882498025894
-0.31710416078567505,0.07483697682619095,0.0668281838297844
-0.3242315649986267,0.0908108800649643,0.06773045659065247
-0.2698962092399597,0.1231335997581482,0.04711178317666054
-0.16317376494407654,0.16174092888832092,0.014217749238014221
-0.08429781347513199,0.18867722153663635,-0.00881835725158453
-0.06979690492153168,0.23960033059120178,-0.07978679984807968
-0.15569815039634705,0.24671636521816254,-0.16237947344779968
-0.29985401034355164,0.3242835998535156,-0.26350101828575134
-0.35982945561408997,0.5169121623039246,-0.3660479784011841
-0.3220820724964142,0.6453037261962891,-0.41643500328063965
-0.2713206708431244,0.6214907765388489,-0.39239224791526794
-0.21236386895179749,0.560664176940918,-0.28199994564056396
-0.19983616471290588,0.5346284508705139,-0.21587421000003815
-0.18364574015140533,0.4339716136455536,-0.2129223644733429
-0.26499250531196594,0.2959674894809723,-0.22091862559318542
-0.3694946765899658,0.16967743635177612,-0.2921909689903259
-0.40888023376464844,0.10811950266361237,-0.38301730155944824
-0.40088117122650146,0.08103808760643005,-0.38871246576309204
-0.3842749297618866,0.019499152898788452,-0.3522058129310608
-0.3978075087070465,-0.12458771467208862,-0.40207377076148987
-0.46912628412246704,-0.2626945674419403,-0.3834720551967621
-0.5653865337371826,-0.3013596534729004,-0.12346923351287842
-0.6686091423034668,-0.28954362869262695,0.1413537859916687
0.03414446860551834,-0.1411466896533966,0.19215252995491028
0.06148025020956993,0.32627344131469727,0.27749866247177124
0.5131142735481262,0.4050351083278656,0.27304452657699585
0.7190742492675781,0.5131128430366516,0.05098586529493332
0.6702332496643066,0.4434266686439514,-0.12336836010217667
0.7913545966148376,0.34118953347206116,-0.2721075117588043
0.9233731031417847,0.33859214186668396,-0.3210042119026184
0.9779371023178101,0.2442932277917862,-0.3180469572544098
0.8803184032440186,0.09394688159227371,-0.3139462172985077
0.49967890977859497,-0.07265094667673111,-0.21037204563617706
-0.0505187064409256,-0.45550379157066345,-0.037751805037260056
-0.2019161880016327,-0.852469801902771,0.1816287338733673
-0.07587223500013351,-1.029569387435913,0.34724244475364685
0.24213671684265137,-1.0233713388442993,0.27157682180404663
0.26101693511009216,-0.8149694204330444,0.17646391689777374
0.1675262749195099,-0.5700689554214478,0.11187859624624252
0.22723700106143951,-0.23077768087387085,0.07461991161108017
0.3092496693134308,0.26176756620407104,-0.008581718429923058
0.4124642014503479,0.6571543216705322,-0.15496236085891724
0.4662126302719116,0.7890958786010742,-0.25110602378845215
0.483298122882843,0.6543886661529541,-0.31310945749282837
0.5022172927856445,0.4763534963130951,-0.27200764417648315
0.47847631573677063,0.3901355266571045,-0.21873190999031067
0.44576671719551086,0.34314465522766113,-0.24543017148971558
0.5347445011138916,0.32167425751686096,-0.2312222123146057
0.6780349612236023,0.5215728878974915,-0.2455693781375885
0.861034095287323,0.8576549887657166,-0.34208422899246216
0.9899320006370544,1.1643109321594238,-0.7409363389015198
1.1524007320404053,1.2140616178512573,-1.1017382144927979
1.270085096359253,0.6337906122207642,-1.2051609754562378
1.3002781867980957,-0.7689937949180603,-1.1624568700790405
1.2967796325683594,-1.6986737251281738,-1.0578320026397705
1.2622970342636108,-1.7588318586349487,-1.0919805765151978
1.2957329750061035,-1.284895420074463,-1.2530970573425293
1.3023695945739746,-0.7542967796325684,-1.4151384830474854
1.2032082080841064,-0.5375913381576538,-1.5422393083572388
1.0009597539901733,-0.5980730652809143,-1.606655478477478
0.7417818903923035,-0.6778315305709839,-1.6744215488433838
0.5979421734809875,-0.5225037336349487,-1.8144268989562988
0.6065515279769897,-0.2122427225112915,-1.8860734701156616
0.6865108013153076,0.07778031378984451,-1.8290996551513672
0.7330241203308105,0.28961843252182007,-1.7876530885696411
0.6976192593574524,0.49283894896507263,-1.7076051235198975
0.6399782299995422,0.7138283848762512,-1.4767273664474487
0.5453771352767944,0.9390953183174133,-1.167602300643921
0.5016432404518127,1.1562126874923706,-0.8652308583259583
0.5042393207550049,1.3411365747451782,-0.7197809815406799
0.5714863538742065,1.4979020357131958,-0.7723498940467834
0.8436198830604553,1.7109456062316895,-0.9169952273368835
1.0787098407745361,1.979856252670288,-1.1148936748504639
1.234526515007019,1.9753326177597046,-1.130070447921753
1.1914185285568237,1.746097207069397,-0.8834654092788696
0.9190874695777893,1.3665035963058472,-0.6069821119308472
0.6097150444984436,0.8854736685752869,-0.48326167464256287
0.4529704451560974,0.44646304845809937,-0.5312709808349609
0.44394418597221375,0.3044928014278412,-0.7157235741615295
0.5340031981468201,0.3797159194946289,-0.9363725781440735
0.6664051413536072,0.5195145010948181,-0.9816084504127502
0.7284754514694214,0.7090775370597839,-0.8477182984352112
0.7164555191993713,0.963583767414093,-0.6117674708366394
0.6514474749565125,1.2128615379333496,-0.38205891847610474
0.5761862993240356,1.3279331922531128,-0.28630775213241577
0.5131452679634094,1.3125348091125488,-0.2765810787677765
0.3125474452972412,1.3938912153244019,-0.21452733874320984
-0.6576557159423828,3.9006545543670654,0.5317705273628235
-1.291995644569397,4.336266994476318,1.1917834281921387
-1.4502049684524536,1.812881588935852,0.8593469858169556
-1.336021065711975,-0.18768203258514404,0.3360961377620697
-0.228059783577919,-0.6170874834060669,-0.26035764813423157
0.16730879247188568,0.6381266117095947,-0.11170794814825058
0.18669261038303375,0.7011223435401917,0.02741691842675209
0.04216504842042923,-0.2453242838382721,-0.1422845423221588
-0.04406677559018135,-0.8455145359039307,-0.10880540311336517
0.19870412349700928,-0.32305818796157837,-0.14257407188415527
0.31320780515670776,0.3505151867866516,-0.26555830240249634
0.762107789516449,0.4003530442714691,-0.19482207298278809
1.3209667205810547,-0.26627692580223083,-0.09260036051273346
0.5280334949493408,0.02930540032684803,-0.052661363035440445
-0.007630962412804365,0.0025885694194585085,-0.038753002882003784
-0.014685607515275478,0.011964071542024612,-0.17501859366893768
-0.0021335962228477,0.009064688347280025,-0.34164032340049744
-0.0019371032249182463,0.010120858438313007,-0.442138671875
0.0035455464385449886,0.007253699470311403,-0.4643177390098572
-0.0018403336871415377,0.00720237847417593,-0.3874762952327728
0.0008523885044269264,0.005427647847682238,-0.17744022607803345
-0.001602125121280551,0.0049992939457297325,-0.00895711686462164
-0.0007190208998508751,0.002871428383514285,-0.00134953111410141
-0.002573091769590974,0.001903158612549305,0.0008836877532303333
0.00019393264665268362,0.0018799890531226993,-0.00012245448306202888
-0.0012332297628745437,0.0013321606675162911,-0.00011278921738266945
-0.0005085836164653301,0.001903408789075911,0.0010438216850161552
-0.00013887265231460333,0.0018707473063841462,0.0010378244332969189
0.0007719284621998668,-0.00016896775923669338,-0.0005001509562134743
-0.0014459064695984125,0.0013751726364716887,-0.0005204207263886929
0.003214625408872962,-9.808814502321184e-05,0.0012622992508113384
-0.002294037491083145,0.00029741288744844496,0.0005084113217890263
-0.0010056000901386142,0.0003810361376963556,0.0012698089703917503
-0.0010914035374298692,0.0016209648456424475,-0.00020076008513569832
0.0036255873274058104,-0.0017937400843948126,-0.0014934581704437733
-0.001995660597458482,0.0015689418651163578,0.0007572467438876629
-0.0010081606451421976,0.0019183484837412834,-0.0009903195314109325
-0.0009722558897919953,-0.0005834642215631902,-0.00029547233134508133
0.00036411837209016085,0.00015343245468102396,0.0033080512657761574
-0.000428225815994665,-0.001923311036080122,0.0003846418112516403
0.0015659491764381528,-0.00108414888381958,-0.0007852846756577492
0.0027787352446466684,-3.070157254114747e-05,0.00042213406413793564
0.00029666905174963176,0.0007876878371462226,-0.0009424695745110512
-0.0005857021315023303,-0.0008651220123283565,-0.0005184561014175415
0.0017658690921962261,-0.0024899165146052837,0.00021311407908797264
0.0012705178232863545,-0.0008072878699749708,-0.0014224336482584476
0.0017863721586763859,0.00045877884258516133,-1.3621058315038681e-05
-0.0009147116215899587,0.0001697335101198405,0.00024078041315078735
-0.0009109831880778074,-0.0009791541378945112,0.0014810143038630486
-0.0008893058402463794,0.002880923915654421,-0.00014837738126516342
-0.0021058376878499985,-0.00033963684109039605,0.00019250763580203056
-0.0025898278690874577,0.0005007348372600973,0.001472314354032278
9.810048504732549e-05,0.00018009025370702147,-0.001226799562573433
-0.0010700569255277514,-0.0016727496404200792,-0.0023617795668542385
-0.000994156813248992,-0.000621067185420543,-0.0021165027283132076
-0.0014349720440804958,-0.0010917003965005279,0.0007408419623970985
0.001693975878879428,-0.000713797751814127,9.662332013249397e-05
-0.00031317726825363934,-0.002011994132772088,0.0013588261790573597
0.0012261298252269626,-0.00033979539875872433,0.000722863245755434
0.0016396609134972095,0.0018423456931486726,0.0011825654655694962
0.0002960961137432605,0.0013177029322832823,0.0003207665868103504
-4.535002517513931e-05,-0.001141514629125595,0.0011722845956683159
-0.0017321961931884289,-0.0008490994805470109,0.00032593170180916786
-0.0009978380985558033,0.0017292117699980736,-0.0011692456901073456
0.00048687425442039967,0.0021923354361206293,-1.2901145964860916e-05
0.0008154032984748483,0.001154632307589054,-0.00047265924513339996
-0.0023921080864965916,-0.002221989445388317,7.99465924501419e-05
0.00015590547991450876,-0.0010689771734178066,-0.0001547727733850479
-0.0016316082328557968,-0.0017339685000479221,-0.0003265463747084141
-0.002054596086964011,-0.00048175762640312314,0.0010547703132033348
-0.0010263496078550816,0.0005898983799852431,-0.0002499120309948921
0.0012407265603542328,-0.00043313123751431704,0.00014039082452654839
5.535355012398213e-05,0.0004723435267806053,0.0024536126293241978
-0.0003261605743318796,-0.0010695357341319323,0.0019036033190786839
-0.0005488008609972894,-0.0009643408702686429,0.000904385931789875
-0.0005267090164124966,-0.002462590578943491,-0.0002882815897464752
-0.0029925298877060413,-0.0012660323409363627,0.00025393813848495483
-0.00012961580068804324,0.00014051566540729254,0.00030159857124090195
0.0007377757574431598,-0.00013805096386931837,-0.0001796344295144081
0.00032083463156595826,0.0002564882452134043,-0.0007547787390649319
-0.0008845120901241899,0.00014649968943558633,-0.0001390562392771244
-0.003424775553867221,-0.00034851027885451913,-0.0005380762740969658
0.00020138456602580845,-0.0008707561646588147,-0.0011687129735946655
-0.00021607536473311484,0.00018829606415238231,-0.002489896956831217
0.0007509184069931507,0.00026765826623886824,0.00036261510103940964
0.0010254730004817247,0.0002047133311862126,-0.0020494265481829643
0.00043957753223367035,0.0010798280127346516,0.0005157305859029293
-0.0024893952067941427,-0.0011281524784862995,0.000751799438148737
0.0007213117787614465,0.0005965107120573521,-0.0006684642285108566
0.002435145666822791,0.0001951881276909262,0.0009627421386539936
0.0009906472405418754,-0.00015341967809945345,-0.0008881548419594765
0.0017216869164258242,0.0014939690008759499,-3.124307841062546e-05
0.00033151681418530643,0.0006345668807625771,3.5336241126060486e-05
0.0009788025636225939,0.001803865539841354,-0.0009846817702054977
-0.0012635791208595037,-0.0005921805277466774,-0.0006475253030657768
-0.0008166889892891049,-0.00042522102012299,-0.0012921798042953014
-0.0005245401989668608,0.0011210102820768952,-0.0007646074518561363
-0.000989541644230485,0.0008969719056040049,-0.0016109384596347809
0.0005710708210244775,-0.0013217076193541288,-0.0017315796576440334
-0.0008768191328272223,0.0005036943475715816,-0.0020889854058623314
0.0014617026317864656,0.00154925137758255,0.0024149524979293346
0.00018312918837182224,-0.0006122519844211638,-0.0005693696439266205
-0.001244325190782547,0.0003470186493359506,0.0013712760992348194
-0.000797093438450247,-0.00020279959426261485,0.001302612479776144
0.0005264976061880589,0.00024381250841543078,0.00035772286355495453
-0.0012052218662574887,0.0026920861564576626,0.000832678284496069
-0.0012350492179393768,0.0010792757384479046,0.001086477655917406
-0.000916540389880538,-0.0018738313810899854,0.00010804273188114166
-0.0008347813272848725,-0.0005049664760008454,0.002132577355951071
0.00013892646529711783,0.0004221371782477945,0.0013200482353568077
-0.000333518284605816,-0.0014173081144690514,-0.0014720098115503788
-0.0003027191269211471,-0.0004934290191158652,0.0004488164559006691
0.0017092989291995764,0.0010280348360538483,-0.0018976950086653233
0.0003297110088169575,-0.0011087165912613273,-0.0030044850427657366
0.0018921876326203346,0.00019836288993246853,0.002560722641646862
-0.000240565394051373,-4.7269510105252266e-05,0.001896965317428112
-0.000365467625670135,0.00013409176608547568,-0.002333998214453459
-0.0020429634023457766,0.0013720992719754577,0.0011356696486473083
0.00018929806537926197,0.0008698270539753139,-0.0037166099064052105
-0.00030629971297457814,-0.00022494891891255975,3.42782586812973e-05
0.0003277989162597805,-0.0010417404118925333,0.0007613212801516056
0.00043354876106604934,-0.0032251751981675625,0.00010840268805623055
0.000789347046520561,0.00033573750988580287,0.0007060160860419273
0.0007900233613327146,-1.575233181938529e-05,-0.00047138240188360214
0.0002834901097230613,0.0017240907764062285,0.0011829733848571777
-0.0007150842575356364,-0.0006983375060372055,0.004642639774829149
0.00025404003099538386,0.0013003648491576314,-0.00011562975123524666
0.0006244342657737434,-0.00011486725998111069,-0.001137628685683012
-0.0019726804457604885,-0.0010086240945383906,0.0005444241687655449
-0.001251164241693914,0.0019198448862880468,0.0004939902573823929
-0.002189129823818803,-0.0008642237517051399,-0.0010937866754829884
-0.00039199210004881024,0.000660051591694355,-0.0011997106485068798
0.0014181584119796753,5.631300155073404e-05,-0.0014801411889493465
-0.0008355928002856672,-0.00023846194380894303,-0.0002654753625392914
-0.001272351248189807,0.0006318590603768826,0.0010202988050878048
0.0010261537972837687,-9.268044959753752e-05,0.002432101871818304
-0.002482560696080327,-0.0008540782146155834,0.0010605743154883385
0.0003468138165771961,0.0004988255677744746,0.0008972659707069397
0.001158545259386301,0.000491368758957833,-0.00016959616914391518
0.0006577519234269857,-8.867974975146353e-05,0.0020138039253652096
0.0016007772646844387,-0.0007110604783520103,0.00030511943623423576
-0.0014096465893089771,0.00013383451732806861,-0.0025181241799145937
-0.0008394637261517346,-0.0014816389884799719,-0.0001766728237271309
0.0014730333350598812,0.0018363443668931723,-0.0009556408040225506
0.00018539484881330281,0.0004722731828223914,-0.00046934792771935463
0.00033904763404279947,0.0025930311530828476,3.545545041561127e-05
-1.4087534509599209e-05,0.00038180858246050775,0.0008226856589317322
-0.0006199430790729821,0.0004911762080155313,-0.0005622212775051594
-0.000464947079308331,-0.0013613186310976744,0.0007981215603649616
-0.0031389209907501936,0.0006832293001934886,0.00034628668799996376
-0.000534083170350641,0.001930653932504356,0.0012477668933570385
-0.0020169594790786505,0.0034668513108044863,0.0014048274606466293
0.002610815456137061,-0.0012155184522271156,-0.0004833540879189968
0.0011464632116258144,0.00027535128174349666,-0.0018835626542568207
-0.0022711714264005423,0.0014511368935927749,0.0002229977399110794
0.00018706358969211578,-0.000731513078790158,0.00023339223116636276
-0.00042599611333571374,-0.0012199368793517351,-0.00030350079759955406
0.0006269048899412155,-0.00031236500944942236,-0.0006220187060534954
-0.0006077365833334625,0.002285282127559185,0.0002789287827908993
-4.2722036596387625e-05,0.0006583371432498097,0.0009024715982377529
-0.0010533917229622602,0.00027031454374082386,-0.0024246154353022575
0.0008849488804116845,0.0006616482278332114,0.0007117870263755322
-0.0013995106564834714,0.0011697793379426003,-0.001193705014884472
-0.0011234187986701727,0.0010476037859916687,-8.778227493166924e-05
0.0016388117801398039,4.54563123639673e-05,0.0010959925130009651
-0.0009274366311728954,0.00026555423391982913,-0.0014615505933761597
0.0016616885550320148,0.00025037419982254505,-0.0014631487429141998
-0.0012726689456030726,-0.001377573236823082,-0.0005878489464521408
0.001489827991463244,0.0004818458401132375,-0.00034603383392095566
7.082396768964827e-05,0.0006667458219453692,0.0008463291451334953
-2.638139994814992e-05,-1.1827651178464293e-05,0.0017858929932117462
0.0018108324147760868,0.0025333405937999487,0.0009147971868515015
-0.0006227642297744751,-0.002005218528211117,0.0003020036965608597
-0.0008772852597758174,-0.000659736804664135,-8.829683065414429e-05
-0.00030816771322861314,-0.0006299094529822469,0.002292036544531584
-0.00015420035924762487,-0.0012234480818733573,-0.00023658014833927155
-0.0011528858449310064,0.0014514309586957097,-0.00024164002388715744
-0.001163957640528679,0.000840543070808053,-0.0008161943405866623
0.00041076948400586843,0.0015193828148767352,0.0012903660535812378
0.0022733963560312986,0.0005224528722465038,-0.0003519454039633274
0.0012917551212012768,-0.00217879144474864,-0.00034848321229219437
0.0006510192179121077,-2.616352867335081e-05,0.0022055786103010178
0.002842534566298127,0.0008665280183777213,-0.0007025930099189281
-9.532779222354293e-05,-0.0002951433998532593,-0.0009261374361813068
-0.0001445962698198855,0.00011018972145393491,0.00023180479183793068
0.00025554574676789343,-0.00036304083187133074,-0.0011403365060687065
-0.0003860097494907677,-0.0008607857162132859,0.0003046947531402111
0.003633566200733185,0.0027081146836280823,-0.001593602355569601
0.0007624123245477676,0.0006873079692013562,-0.001099319662898779
0.0025309324264526367,0.0010010870173573494,-0.001243657898157835
-0.0008733865106478333,-5.512262578122318e-05,-0.001706781331449747
0.001078159548342228,0.002083410741761327,0.00119355833157897
0.00020411002333275974,-0.00037468684604391456,-0.0015678736381232738
0.001577441580593586,0.000169046048540622,0.0003839000128209591
0.0005766255781054497,-0.001931921811774373,0.0025591696612536907
0.0017300999024882913,-0.0009509362862445414,0.00032516149803996086
0.0012448718771338463,0.0007225940935313702,-0.001340645831078291
-0.0002008254814427346,-0.002124961232766509,-0.00016347365453839302
0.001043137046508491,0.0005115681560710073,-0.002573900856077671
-0.0011761070927605033,0.00034809575299732387,-0.001108215656131506
0.0020716178696602583,0.0014514434151351452,0.0015323087573051453
0.0003562712809070945,0.0010667865863069892,-0.0009890911169350147
-0.0005830256268382072,0.0013879637699574232,-0.0004306263290345669
0.00070647441316396,-4.5873166527599096e-05,-0.0016083787195384502
-0.00023681725724600255,-0.000259724969509989,-0.0004248698242008686
0.0005040369578637183,0.00045518786646425724,-0.0026468404103070498
0.0002148176426999271,0.0001326790516031906,0.00011592265218496323
-0.00012131236144341528,0.0007481169304810464,-0.003687499091029167
-0.0016014972934499383,0.001642140094190836,-4.45609912276268e-05
-0.0010154813062399626,0.0023711579851806164,-0.0025730659253895283
-0.0021941964514553547,0.001591118169017136,1.1455267667770386e-06
0.0006694832700304687,0.0005004327977076173,0.0006180130876600742
0.000685462262481451,0.00028578200726769865,0.0002979012206196785
-0.0009742466500028968,-0.001236682990565896,-0.0010813823901116848
-0.0004029985866509378,-0.00040258094668388367,0.00045765843242406845
0.00029078920488245785,0.00125215295702219,0.0010255556553602219
-0.0019425376085564494,0.0011640023440122604,0.0001768060028553009
-0.0009088831720873713,-0.00041286900523118675,0.0014437418431043625
-0.0017605621833354235,-0.0006613419391214848,0.0008911360055208206
-0.002181227086111903,-0.0020602031145244837,-0.00027941493317484856
0.0007471848512068391,-0.0007001269259490073,-0.002049085684120655
0.0002421151875751093,0.0007647777092643082,0.0013773487880825996
-0.0013243561843410134,0.0028335212264209986,0.0010460512712597847
-0.0011312573915347457,-5.91522257309407e-05,0.0009419885464012623
-0.0010625477880239487,-0.00014650390949100256,0.0011148275807499886
0.0016440933104604483,0.0025066151283681393,-0.0014292672276496887
-0.0009460971341468394,-0.0021480577997863293,6.609736010432243e-05
0.0017183205345645547,-0.0001706219045445323,0.0004133004695177078
-0.00020208486239425838,0.00024935859255492687,0.0014990712516009808
0.001949878642335534,0.001388978329487145,8.64202156662941e-05
-0.001087989192456007,0.0010936337057501078,-0.0008813724853098392
-0.0015260555082932115,0.0013991659507155418,-0.002059278078377247
0.0003544025821611285,0.00252381875179708,-0.0015751156024634838
0.0003118345921393484,-0.0006940057501196861,0.00260127242654562
6.336167280096561e-05,0.0012650154531002045,0.0015269536525011063
0.001163648790679872,0.002444837475195527,-0.0006435858085751534
-0.0023447994608432055,0.0016980870859697461,-0.0008616987615823746
0.00031238337396644056,0.0008139493875205517,0.00011470168828964233
-0.0018692782614380121,0.0004352478717919439,-0.0005407026037573814
0.0011819986393675208,-0.0008454063208773732,0.001259000040590763
-0.0007754247635602951,-5.444747512228787e-05,0.0016757850535213947
-0.0011294130235910416,-3.37031960953027e-05,0.0014680204913020134
0.0007872640271671116,0.0003138393221888691,-0.0019773109816014767
0.00047776385326869786,-0.0011476348154246807,0.0016471846029162407
-0.0007126691634766757,0.000794608611613512,-0.0015193140134215355
0.0017735669389367104,0.00020504873828031123,0.0006803050637245178
-0.0002128847991116345,0.0011502045672386885,0.0012888372875750065
0.0016421073814854026,-3.9426638977602124e-05,-0.0012229797430336475
0.0005350313149392605,0.0008370197028852999,-0.0015047420747578144
-0.001218428835272789,0.00048221551696769893,-0.00021179066970944405
-0.0022016677539795637,-0.0012339255772531033,-3.761984407901764e-05
-0.0006348956376314163,-0.00019996476476080716,-0.0007832478731870651
-0.0041332240216434,0.0006008477648720145,-0.001335587352514267
0.0006963873747736216,0.00041476712794974446,-0.00040440633893013
-0.0010655599180608988,0.0003487207577563822,0.002607362810522318
-0.0017467399593442678,0.0013501913053914905,-0.0008868752047419548
0.0013830068055540323,8.066247391980141e-05,0.00048598460853099823
-0.0007026284583844244,0.00014570500934496522,0.001553812064230442
-0.0005686714430339634,0.0016634406056255102,0.0005703065544366837
-0.0010966495610773563,-0.0012363531859591603,-0.0012648929841816425
-0.003327846061438322,-0.0006326145958155394,-0.00022066757082939148
0.00029222507146187127,-0.0001257970870938152,-0.00035106856375932693
0.0007745235343463719,0.0022497426252812147,0.0013783886097371578
0.000808822107501328,-0.00012329070887062699,0.0011755586601793766
0.0006200040224939585,-5.0852730055339634e-05,-0.00043964851647615433
0.0006688400753773749,-0.0005961339338682592,-0.00257200188934803
0.0029532997868955135,0.0024470603093504906,0.0012706732377409935
0.0017233078833669424,1.4497985830530524e-05,0.0011627068743109703
-0.0009696806082502007,0.0015977472066879272,-0.0013433280400931835
0.0006581686902791262,0.0011896584182977676,-0.0006275041960179806
0.0015428707702085376,0.0007398505695164204,0.0018716058693826199
0.00025637407088652253,0.00032791116973385215,-0.0012175845913589
0.0023560102563351393,-0.00010218936949968338,0.000931852962821722
0.001118688378483057,-0.0016082123620435596,-0.0023694192059338093
0.00015116200665943325,-0.001445759553462267,-0.0008223890326917171
-0.0007457927567884326,-0.0001694810634944588,-0.0015140515752136707
0.0004512981395237148,0.0006699473597109318,0.00020315498113632202
0.00018855035887099802,0.0012188693508505821,0.000803705770522356
0.0007696520769968629,-0.0013662610435858369,-0.002347612753510475
0.0003345765871927142,-0.0012976248981431127,0.0013522440567612648
-0.0008763627847656608,0.0018528945511206985,0.001354374922811985
0.0001493834424763918,-0.0015506489435210824,0.0011743796057999134
-0.0020615728572010994,-0.0006057594437152147,0.00031045032665133476
-0.0008950445335358381,-0.0012745128478854895,-0.0015897820703685284
0.0003963222843594849,0.0004397639713715762,4.4333748519420624e-05
-0.00015401607379317284,0.0005269456887617707,0.0005664615891873837
0.00011762636131606996,0.0002507758908905089,0.0015110848471522331
-0.0013062822399660945,-4.8911817430052906e-05,3.938144072890282e-05
0.0015856443205848336,0.0008200776646845043,-0.0002234727144241333
0.0002048350579570979,0.000530403049197048,-0.0008149961940944195
6.79485674481839e-05,-0.0011958578834310174,-0.002250439953058958
-0.0014776882017031312,-0.0012379437685012817,-0.0004914603196084499
0.0005114268278703094,0.001573022804223001,-0.0004728180356323719
0.001250910572707653,-0.0011331640416756272,0.000966130755841732
-0.0018535362323746085,0.00041013790178112686,0.00010592956095933914
-0.0010132072493433952,0.0002972068905364722,0.0011010877788066864
-0.0007341080345213413,0.0005094608059152961,-0.0013604722917079926
-7.966914563439786e-05,9.928796498570591e-05,-0.0009816489182412624
0.0027755056507885456,-0.0014325622469186783,-0.001631992869079113
0.001593200140632689,0.0007487927214242518,0.0014322977513074875
0.001608113874681294,0.0003314753994345665,0.0008240318857133389
-0.002280070213600993,-0.000998621922917664,0.00048235803842544556
0.00014766748063266277,9.354046051157638e-05,-0.00046386290341615677
0.002723690355196595,-0.0005864914273843169,0.001369544304907322
-0.0008904855931177735,0.00031365701579488814,0.0013583586551249027
-0.00018139224266633391,-0.002488222671672702,-0.0009148018434643745
0.0010995882330462337,-3.8114503695396706e-05,0.0009118602611124516
-0.00027144793421030045,-1.1923037163796835e-05,2.0034145563840866e-05
-0.0007753180107101798,0.001576918875798583,0.0009454828687012196
-0.0019756569527089596,0.0009982569608837366,0.0004970082081854343
-0.0008882884867489338,0.0015354164643213153,0.00028129247948527336
-0.0011813316959887743,-0.0004307543858885765,-0.0014524590224027634
-0.0018002502620220184,-0.000783090537879616,0.0005537006072700024
0.0007911568973213434,-0.0015464317984879017,-0.001103424932807684
-8.85670306161046e-06,-0.0011440281523391604,0.0003498620353639126
-0.0007474274607375264,-0.0003076394204981625,-0.0006743068806827068
0.0002760253264568746,-0.001796879107132554,-0.0015166648663580418
0.0017295508878305554,-0.0008279110188595951,-0.001412371639162302
0.0008256740402430296,-0.003487610025331378,0.001463575754314661
0.0014867560239508748,0.0005647159414365888,-0.0006267591379582882
-7.438898319378495e-05,0.0010635261423885822,-0.001531435176730156
0.0004779694718308747,-0.0019367896020412445,0.0006432565860450268
-0.0005990128265693784,1.1845324479509145e-05,-0.00021002022549510002
-0.0009393848013132811,-0.000660103396512568,0.0012537050060927868
0.002090760041028261,-0.0005069716717116535,-0.003823877777904272
0.0006397378165274858,1.255590541404672e-05,0.0010204892605543137
-0.000629791000392288,0.0006551767000928521,0.0006420542486011982
-0.003134428057819605,-0.004460107535123825,0.00031252577900886536
0.0014520678669214249,0.0013764757895842195,0.00020972779020667076
0.0024198913015425205,0.0004519949434325099,0.0001314985565841198
0.002216159366071224,-0.0014692094409838319,0.0008068759925663471
-0.00028464681236073375,0.0013300621649250388,3.4735072404146194e-05
-0.0002404383267275989,-0.00038368190871551633,-0.0017786109820008278
0.0027211785782128572,0.0015367110027000308,-0.0026418636552989483
-0.001542542246170342,-0.00046785036101937294,0.0009384900331497192
0.0003100108297076076,-0.00020673638209700584,0.0010472559370100498
-0.00015098234871402383,-0.0002253785205539316,0.0006587007082998753
0.001196879311464727,-0.0005291455890983343,0.00039362674579024315
0.0009318948141299188,-0.0008010543533600867,-0.0010671173222362995
0.0003982176131103188,-0.0005608975188806653,0.000748529564589262
0.0018499067518860102,0.001466034329496324,0.0024372399784624577
-0.0010183989070355892,-0.0010220196563750505,-0.00036299368366599083
-0.00035447278060019016,-0.00023212615633383393,-0.0013800552114844322
-0.0011831256560981274,0.0004801271134056151,-0.0004405844956636429
0.00030611405964009464,0.0011054372880607843,-0.00035589607432484627
-0.0014828008133918047,-1.6893389329197817e-05,0.0005093403160572052
-0.0005682713235728443,-0.0006722973193973303,0.0020079007372260094
-0.0011374842142686248,-0.0012710121227428317,-0.001155857928097248
0.001013284781947732,-0.0006068197544664145,-0.0010858168825507164
-0.0008669125381857157,0.0004460382624529302,-0.001567500177770853
0.0002862362307496369,0.000373866583686322,-0.0006708139553666115
0.001916013192385435,-0.00018303899560123682,0.001579152885824442
3.1027797376737e-05,-0.001489319489337504,-0.0024938855785876513
0.00020944538118783385,0.0016642891569063067,-0.00014673219993710518
-0.0008326495881192386,9.222523658536375e-05,-0.00043967971578240395
4.144702688790858e-05,0.00019918943871743977,-0.0009659207426011562
-0.0012650997377932072,0.0009962735930457711,0.0004740506410598755
1.037467154674232e-05,-0.00016116639017127454,-0.00018767733126878738
-0.0023318754974752665,-0.0020581360440701246,0.0008416343480348587
0.0005665351636707783,0.0008732734131626785,-0.0018874467350542545
0.002898931736126542,-4.471816646400839e-05,-0.0008557382971048355
0.0003238625649828464,-0.0005113940569572151,0.0015248260460793972
0.001743061002343893,0.0011565437307581306,0.0015637087635695934
0.0029710798989981413,0.001556459697894752,-0.0007348773069679737
-0.0006934296106919646,-0.0011043044505640864,-0.0010185041464865208
-0.0014353952137753367,0.0004717688716482371,-0.0015605338849127293
-0.0004028877301607281,-0.0014771324349567294,-0.002581323729828
-0.0007495323079638183,0.0015662951627746224,-0.0013898992910981178
0.0007817853474989533,4.90922830067575e-05,6.232224404811859e-05
0.0017406721599400043,-0.0007238095276989043,-0.0002013552002608776
-0.001274558831937611,-0.0011081036645919085,5.617225542664528e-05
0.0011858660727739334,0.0004876093298662454,-0.001319284550845623
0.0027667186222970486,0.0004109102883376181,-0.00043884385377168655
-0.0006343269487842917,-0.00019894452998414636,0.0013323742896318436
-0.001708912430331111,-0.0011699331225827336,-0.002446384634822607
0.0008665774948894978,0.0005267542437650263,0.0013824300840497017
0.0008745669620111585,-1.519904617452994e-05,-0.00032146042212843895
-0.002223428338766098,-2.244437564513646e-05,-0.0009765541180968285
8.340179920196533e-05,-0.0013343174941837788,-0.00022634165361523628
-0.00039325657417066395,-0.001679208711721003,0.0020114625804126263
0.0024656469468027353,-0.0013439167523756623,0.00040025031194090843
0.0016642273403704166,0.00041937848436646163,0.0009276708588004112
-0.0003488560323603451,-0.0025247461162507534,0.0005231364630162716
0.0007582969847135246,-0.0003444005851633847,0.000786864198744297
0.0017718961462378502,0.00023377170145977288,-0.000542852096259594
-0.0007967961137183011,9.789904288481921e-05,-0.002540072426199913
-0.0013115850742906332,0.0009232126176357269,0.001944690477102995
-0.0005229830858297646,5.204443368711509e-05,-0.0019970578141510487
-0.0017807940021157265,-0.0005285246879793704,0.000775292981415987
-0.0004285672912374139,-0.002159502124413848,0.001745366957038641
-0.0003071271348744631,-0.0004561444220598787,0.00021671224385499954
-0.0022643012925982475,-0.0010527913691475987,-0.0003792624920606613
-0.0018022428266704082,-0.0010871461126953363,0.0010095760226249695
0.0023548025637865067,0.0003928743826691061,-0.0024267020635306835
0.00295294844545424,-0.00029102538246661425,-0.0006700810045003891
-0.0002425803686492145,-1.54884037328884e-05,0.000835849903523922
0.0007334681577049196,-0.0006131017580628395,-0.00037109479308128357
0.00035497985663823783,-0.0006066864007152617,-0.0015475344844162464
0.0012780313845723867,-0.0009619520278647542,-0.0005805408582091331
0.0013020694022998214,0.001017971895635128,0.0005615497939288616
-0.0012311293976381421,5.151073855813593e-05,-0.0009157052263617516
0.0018854807130992413,0.0012347312876954675,0.0025768475607037544
0.0005096917739138007,0.0006994359428063035,-0.003634975291788578
-0.0011939962860196829,0.0010120270308107138,0.0017130142077803612
-0.0014778892509639263,0.0009598291362635791,-0.0010822401382029057
-0.000469576712930575,0.00019316509133204818,-0.0005062231793999672
-0.0021369820460677147,-0.0005210947128944099,0.000779817346483469
0.0015637129545211792,0.0010204653954133391,-0.0013716919347643852
-0.00021767549333162606,0.0005482869455590844,-0.00044011790305376053
-0.0011691678082570434,-0.0007420448819175363,0.00038061290979385376
0.0018045178148895502,0.0018332318868488073,-0.000457217451184988
3.794499207288027e-05,0.0003123344504274428,0.0005623875185847282
0.001667799660935998,-0.0006288266740739346,-4.747603088617325e-05
0.0033884032163769007,-0.0002105932799167931,0.0012425873428583145
0.0021865186281502247,-0.0005291073466651142,0.0011134236119687557
-0.001190451323054731,0.00012433061783667654,0.0006510242819786072
0.00038560741813853383,0.0006713438779115677,0.0024686316028237343
-0.0008545463788323104,-0.00040122662903741,-0.0004839133471250534
0.001443228917196393,-0.0010571631137281656,-0.0013076290488243103
-0.0020892443135380745,0.002959750359877944,-0.00010883016511797905
0.0018668813863769174,0.0010955375619232655,0.0011228816583752632
0.0010859930189326406,-0.0032243654131889343,0.0012493212707340717
0.0011813342571258545,7.901951903477311e-05,0.001462107989937067
0.0017403614474460483,-0.0010430114343762398,-0.00015425868332386017
0.0007789602968841791,-0.00011223662295378745,-0.0007481435313820839
-0.00047470221761614084,-0.0008716172305867076,0.0013535832986235619
0.0029037839267402887,-0.00024524173932150006,-0.00046615442261099815
-0.000944588566198945,-4.9787224270403385e-05,-0.0015059900470077991
-7.852859562262893e-05,0.0002634005213622004,-0.0034405100159347057
0.0017601908184587955,0.0005450340686365962,-0.00017348164692521095
0.0008318127365782857,0.002034806413576007,0.0002688695676624775
-0.0004465105012059212,0.0017372036818414927,-0.0002849237062036991
0.0001276670373044908,-0.0007706951000727713,0.0008202884346246719
0.0003260480589233339,0.000177791400346905,-0.000498991459608078
0.00019395528943277895,-0.0011809533461928368,0.0014586979523301125
-0.0009709584410302341,-0.0005907369195483625,-5.7767610996961594e-05
-0.003172860015183687,0.0002689314424060285,0.00024316925555467606
0.0007534044561907649,0.0002962670987471938,0.0021092132665216923
-0.0001965450937859714,-0.0003695231571327895,0.0015805759467184544
0.0027903965674340725,0.00048482176498509943,0.00042247120290994644
-0.000173169159097597,0.001204940490424633,-0.0005850023590028286
-0.0011056471848860383,0.001391711295582354,-0.001157242339104414
0.0026728457305580378,0.0002678573364391923,0.0004270724020898342
0.0036576439160853624,0.0007334566907957196,-0.00017290795221924782
0.0010924870148301125,0.0011025707935914397,0.0010263137519359589
0.0017049041343852878,-0.0006617434555664659,-0.0003599352203309536
-0.0005766259273514152,0.001027233200147748,0.0014717867597937584
0.0006409627385437489,-2.9218499548733234e-06,9.025679901242256e-05
-0.0007928831619210541,-0.0002133116067852825,-0.0018000551499426365
0.001195187564007938,-0.002276174258440733,0.0002028043381869793
0.0007006385130807757,0.0006130890687927604,-0.0012185247614979744
0.00010918731277342886,-0.0013589545851573348,0.0007442561909556389
-0.0007920264033600688,0.0029383222572505474,-0.0018150415271520615
-0.00018411464407108724,-6.538440356962383e-05,-0.0014360263012349606
0.0007977928034961224,0.002654768293723464,-0.0010860869660973549
-0.0009296197677031159,2.2195599740371108e-05,0.0012859893031418324
-0.0013392139226198196,0.00019663263810798526,1.432979479432106e-05
-0.0013664409052580595,-0.001549644977785647,0.0013842745684087276
0.00042160542216151953,0.0012871542712673545,0.0011230185627937317
0.0013779292348772287,-0.0008027402218431234,0.0003401217982172966
0.00020054567721672356,-0.0008568024495616555,0.0002975114621222019
-0.0009559776517562568,-0.0009923382895067334,-0.001947624608874321
-0.0023144560400396585,0.0006297931540757418,-0.000897540245205164
-0.0006908205104991794,-0.001510841422714293,-0.0013213935308158398
-0.000981904100626707,-0.0011353357695043087,0.0016850493848323822
0.0005624054465442896,0.000168454775121063,-0.0001035020686686039
-0.004769242834299803,-0.0021636753808707,0.0009535066783428192
0.000712994544301182,0.00047029065899550915,5.606561899185181e-07
0.00013508860138244927,-0.0011827334528788924,0.0019124443642795086
0.0006871677469462156,0.0023250507656484842,-0.0006046541966497898
-0.0018223290098831058,-0.0006888485513627529,0.001278200652450323
-0.0007554296753369272,-0.0036299219354987144,0.00025810906663537025
-0.0021570513490587473,0.0007725495961494744,-0.0010361876338720322
-0.0023164490703493357,0.0007434558356180787,-0.0007763225585222244
0.001371496357023716,0.002038018312305212,-1.6093254089355469e-06
0.0009157497552223504,-0.0012045504990965128,-0.00047235703095793724
-0.001857932424172759,-0.00025247043231502175,-0.0008188346400856972
0.0004633435746654868,0.000655299169011414,-0.00019830744713544846
-0.0008687695953994989,-0.0010134376352652907,0.0003702775575220585
-0.0019315337995067239,6.331061013042927e-05,0.0015300875529646873
0.0009513379191048443,-0.000678113428875804,-0.0014912686310708523
7.12867476977408e-05,-3.8952246541157365e-05,0.0003225449472665787
0.0007328159990720451,-0.0009268501889891922,-0.0018215663731098175
0.0017733648419380188,0.0001247146283276379,0.0004345807246863842
-2.164582838304341e-06,-0.0006499988958239555,0.002662847749888897
0.002139139221981168,0.00014805169485043734,0.0008163019083440304
-0.0011578541016206145,0.0005709616816602647,-0.0006444421596825123
-0.0003545084618963301,-0.00016915419837459922,-0.00010514166206121445
0.0010777395218610764,-0.0012799587566405535,-0.0011272630654275417
-0.0005752687575295568,7.609861495438963e-05,-0.00017131632193922997
-0.0009382575517520308,6.8564258981496096e-06,-0.0002895607613027096
0.0018015215173363686,-0.0031753992661833763,-0.0005256920121610165
-0.0005963887088000774,0.00087154028005898,-4.4724904000759125e-05
-2.7176865842193365e-06,-0.00012862982111983,-0.0010390267707407475
-0.0006080541643314064,0.002615757752209902,0.0016049593687057495
-0.0030409954488277435,-0.00058283272664994,0.0012883981689810753
0.001521265716291964,-0.00026778073515743017,-0.0012290878221392632
-0.0017583912704139948,0.00027523847529664636,0.002988171298056841
0.00030662381323054433,-0.0005540698766708374,0.0012565837241709232
1.18374009616673e-05,-1.0031275451183319e-05,0.0015553473494946957
-0.0007495603640563786,-0.00010430719703435898,0.00012283306568861008
0.00010842217307072133,-0.001173582044430077,-0.0002591642551124096
0.0017183029558509588,-0.0004795623244717717,-0.0006804764270782471
0.0020275937858968973,-0.0014131416101008654,-0.0005736220628023148
0.0029525095596909523,0.0006401556311175227,0.001375013031065464
-0.001483578933402896,5.8374120271764696e-05,0.0002343147061765194
0.00012869878264609724,-0.0009379144757986069,0.0011608288623392582
-0.001031376188620925,0.0006042260210961103,0.0011747977696359158
-0.0015032882802188396,0.0011887898435816169,-0.0020537525415420532
-0.0007145819836296141,-0.0012480278965085745,-0.002297676634043455
6.838733679614961e-05,0.0005077942041680217,0.0004589613527059555
0.0004761955060530454,-0.0003976708394475281,0.001911219209432602
-0.0004215560620650649,-0.0012400286504998803,0.0004680519923567772
-0.0005594707909040153,0.0015634328592568636,-0.00010915379971265793
-0.0019139545038342476,-0.0002579029824119061,-0.0006931852549314499
0.0036126954946666956,0.0007071190048009157,0.0003252299502491951
0.0016568698920309544,0.0014235093258321285,0.0013667922466993332
0.0016026755329221487,-0.000506790354847908,-0.0007321517914533615
-0.0008785916725173593,-0.0003246301203034818,-0.0012661158107221127
-0.0013137508649379015,0.0013546079862862825,-0.0017761383205652237
0.0018314423505216837,0.0012126615038141608,-0.002217157743871212
-0.00048378072096966207,-0.0004628882452379912,-4.73828986287117e-05
-0.0019557098858058453,-0.0008506444282829762,-0.0012023956514894962
0.0014868396101519465,0.0013931593857705593,0.0016202079132199287
0.0016168018337339163,0.0002818223147187382,0.0003490806557238102
0.0005735967424698174,-8.246343350037932e-05,-0.0004456755705177784
0.00285086571238935,0.0011279432801529765,0.0003231787122786045
-0.001190153881907463,-0.0009915936971083283,-0.0012923316098749638
-0.00034406757913529873,0.0002230741229141131,0.00058013666421175
0.0015678006457164884,0.0014434561599045992,0.0003139418549835682
-0.0034336159005761147,0.00011666923091979697,0.0001307167112827301
0.0018636893946677446,0.0032474419567734003,-0.0007938900962471962
-0.0018029508646577597,0.0003408681368455291,-0.0017153439112007618
-0.0008479899261146784,-0.0014607468619942665,0.0003836709074676037
-0.00038113785558380187,-0.0012732603354379535,-0.0005564247258007526
0.0010314271785318851,0.0013308222405612469,-0.0015023783780634403
-0.0012200092896819115,0.0006810108898207545,0.00048780208453536034
0.0009975896682590246,0.0007357897702604532,-0.0008283588103950024
-0.00039124873001128435,-0.001898076618090272,-0.0025058838073164225
0.0003393629740457982,1.9734492525458336e-05,0.0009870175272226334
0.001952705904841423,0.00016168097499758005,0.0013654530048370361
0.0027916349936276674,0.0021215947344899178,0.0005794740281999111
0.001724772620946169,-0.001706433016806841,-0.002095138654112816
0.0009333385969512165,0.0008788902196101844,0.0008240449242293835
-0.0002602901658974588,-0.0016388623043894768,0.002006754744797945
0.0017618476413190365,-0.0008281237678602338,-0.0014553219079971313
4.427594831213355e-06,0.002663280349224806,0.0006395205855369568
-0.0006493231630884111,0.0006271166494116187,0.0014430154114961624
-1.6822392353788018e-05,0.0019802686292678118,-0.000803893432021141
-0.0017926945583894849,-0.0009363463032059371,-0.0014238078147172928
0.002140261698514223,0.00032466050470247865,0.0018747835420072079
-0.00108040077611804,0.00011083645949838683,-0.001723825465887785
0.0006653013406321406,0.0010999345686286688,-0.0013113017193973064
-0.0010018215980380774,0.0007845917716622353,0.002085670828819275
0.0017103415448218584,0.0005771315773017704,0.00127473846077919
0.0010995689081028104,-0.0033848825842142105,-0.0003497800789773464
0.0003480248269625008,0.0016700633568689227,-0.0022720498964190483
-0.0013334541581571102,-0.0006362179992720485,-0.001791125163435936
-0.0011169391218572855,-0.0001690995559329167,0.0004219617694616318
0.0005404847906902432,-0.0009517017169855535,-2.1591316908597946e-05
-0.00128378055524081,0.00020331125415395945,0.00034406036138534546
-0.0014476543292403221,-0.0006756131770089269,-0.001035079825669527
0.0003017762501258403,-0.00036721909418702126,0.0014176913537085056
0.0018251572037115693,-0.0007674762164242566,0.00038187485188245773
-0.001534953131340444,0.00010737219417933375,0.00025803782045841217
0.0014881010865792632,0.00041066069388762116,-0.0006837188266217709
-0.001195832621306181,-0.0006380921113304794,0.00036317016929388046
-0.0008969129994511604,-0.0011245368514209986,0.00039699161425232887
0.00034358742414042354,-0.0016483806539326906,-0.0014254096895456314
-0.0012022550217807293,0.0022740704007446766,-0.0010883957147598267
0.00241937767714262,-6.764709542039782e-05,4.477938637137413e-05
-0.0025071394629776478,6.967006629565731e-05,-0.0024874533992260695
0.001369624282233417,-0.0012406051391735673,-0.0010970169678330421
-0.0013212532503530383,0.0013622450642287731,0.0003952900879085064
-0.0018656033789739013,-0.0033137330319732428,-0.0014121970161795616
0.0019287050236016512,0.00034308474278077483,0.0005551171489059925
-4.8958376282826066e-05,-0.00019727063772734255,0.0014712447300553322
-0.0006195568130351603,0.0013082973891869187,-0.0015521999448537827
0.001053174608387053,0.0013202816480770707,0.00021960120648145676
-0.0009378574904985726,-0.0016296603716909885,-0.0005653952248394489
0.00015643535880371928,-0.0006650633877143264,0.00212146807461977
0.0006186640821397305,0.000440178468124941,0.0012474292889237404
-0.0007696418324485421,-0.002052274066954851,0.0012426353059709072
-0.001041566370986402,-0.0005546861793845892,0.0003915191628038883
-1.864624209702015e-05,0.001641622744500637,-0.0007525747641921043
0.0002272188721690327,0.0010647906456142664,-4.035048186779022e-05
-0.0008918414241634309,0.0004567909927573055,0.0007844306528568268
0.0002839835360646248,-0.001353891217149794,0.00011382857337594032
-0.0018894223030656576,2.962100552394986e-05,-0.001374079380184412
0.0007925344398245215,0.0016174004413187504,0.00044344598427414894
-0.0007132168393582106,0.0002152460947399959,0.0016200309619307518
0.0008894593920558691,-0.0002969131455756724,-0.0002689589746296406
0.0009238141356036067,0.00017206949996761978,-0.00019918428733944893
0.0005511626950465143,-0.0002888959425035864,-0.0009688870050013065
0.0001682001311564818,0.00023840993526391685,-0.00031268410384655
-0.0015521312598139048,-0.001153197605162859,0.00027892831712961197
-0.000981415854766965,0.0010646829614415765,0.0011300747282803059
0.0012740205274894834,-0.0015246437396854162,9.57888551056385e-05
0.0002646824868861586,-0.0004551181918941438,0.0030369837768375874
0.001434829318895936,0.0012312802718952298,-0.001117747277021408
-0.002171889878809452,0.00047547509893774986,-0.0005140085704624653
0.001444816356524825,-0.0006999376346357167,0.0002846946008503437
0.0003875414840877056,-7.276317046489567e-05,0.0012365086004137993
-3.161290078423917e-05,-0.0002459235838614404,0.0005797888152301311
-0.001281966920942068,0.0010766021441668272,0.0004165372811257839
-0.00019087770488113165,-0.00037056070868857205,-5.190819501876831e-05
0.0005553400260396302,0.00010268299956806004,-0.0013869507238268852
-0.0005562296719290316,0.0007132362807169557,-0.0008320054039359093
-0.0012723536929115653,-0.0012734818737953901,-0.0012466595508158207
-0.0023527899757027626,-1.2731587048619986e-05,0.0012061074376106262
-0.001460364437662065,0.0006687713321298361,-0.0010517206974327564
-0.00013382823090068996,0.000952575879637152,-0.0009719664230942726
-0.001265671686269343,0.00014137697871774435,0.002350327093154192
-0.0017888590227812529,0.0014988227048888803,0.000876257661730051
-0.0016796693671494722,-0.0003169205447193235,0.0013012979179620743
0.00032824958907440305,0.0005380997899919748,0.001435624435544014
0.0012632854050025344,9.04224143596366e-05,-0.0002269870601594448
6.084928463678807e-05,-0.00038954580668359995,-0.0006630271673202515
-0.0009000191930681467,-6.756960647180676e-05,-0.0006747450679540634
0.0016930876299738884,0.0005100478301756084,-0.0016026091761887074
-0.0028824894689023495,0.0002658359589986503,0.0011436427012085915
-0.0002821322123054415,-0.001404808834195137,0.000485182274132967
0.001705118571408093,-7.448179530911148e-06,-0.00010524038225412369
0.002583857160061598,0.0017504625720903277,0.00032553263008594513
0.002929269103333354,0.001290002022869885,0.00043126055970788
-0.0009633845183998346,-0.0006414333474822342,-0.0004557897336781025
-0.0008499338291585445,0.0037019159644842148,-0.0008792323060333729
0.0006164124934002757,0.0004896940663456917,-0.00015450548380613327
-0.004257172346115112,0.0002766411635093391,0.00047506578266620636
0.0005545730818994343,0.0022170888260006905,0.0017111320048570633
0.0002690822002477944,0.0017920483369380236,0.0003774208016693592
0.001798741053789854,-0.0007344215409830213,-0.0011909864842891693
-0.002200261689722538,0.0015590927796438336,0.0015459437854588032
-0.0007698209956288338,0.001194173120893538,0.002551222685724497
-6.32843584753573e-05,-0.002353423973545432,-1.3135373592376709e-05
0.0013468844117596745,-0.0010484682861715555,0.00019036652520298958
0.0029775379225611687,0.0005070840124972165,0.0017749471589922905
-0.001501720049418509,-0.0010671443305909634,0.001199495978653431
0.0004152232431806624,-0.0014280027244240046,-0.0017361068166792393
0.0006927205249667168,0.0018785494612529874,-0.0005101091228425503
-0.0003837291442323476,0.001326476107351482,-0.0007497938349843025
0.001549799693748355,-4.947450361214578e-05,-0.0003650495782494545
0.0009239568025805056,-0.0002737126487772912,0.0003761081025004387
0.000311961310217157,0.00015898465062491596,-0.0004253555089235306
-0.0004755354020744562,-0.0006780468393117189,-0.0012567942030727863
-0.0011902262922376394,-0.003000105731189251,0.00133166229352355
4.2550964280962944e-05,-0.0012906225165352225,0.001635262742638588
-0.00021095146075822413,-0.0012738641817122698,0.00021554995328187943
0.0023536726366728544,0.0015072750393301249,0.0031580771319568157
0.0005709297256544232,-0.00013585980923380703,-0.0008919308893382549
-0.003404104383662343,0.00043885037302970886,-0.0004240134730935097
-0.0011769304983317852,0.0006365347653627396,-8.216127753257751e-05
0.0007075222092680633,-0.0014111697673797607,-0.0011506215669214725
-0.002249614568427205,-3.5539225791580975e-05,0.0021439273841679096
0.00020741789194289595,-0.00037961965426802635,-0.0008566561155021191
-0.0004690272035077214,-0.00010962861415464431,0.0008618282154202461
0.0002945010783150792,0.0005260679172351956,-0.00024471478536725044
-8.615144179202616e-05,-0.0005038294475525618,-0.0005083908326923847
0.0013751250226050615,-0.000778135028667748,-0.0009789718315005302
0.0018113325349986553,-0.0008793400484137237,-0.0007274104282259941
-0.0018012456130236387,0.0011076444061473012,0.00021002208814024925
-0.00015701600932516158,0.000442050164565444,-0.0005431021563708782
-0.0012355962535366416,-3.008899511769414e-07,0.0020838393829762936
-0.0019205179996788502,0.0005504090222530067,0.0003104950301349163
0.002635351847857237,-0.0011026151478290558,-0.0015835450030863285
-0.0005500336992554367,-0.0013658732641488314,0.0007597426883876324
-0.0031617956701666117,-0.0022830660454928875,-0.002084246836602688
0.0020681775640696287,-0.0014967323513701558,0.000296018086373806
0.0015925368061289191,0.0012828088365495205,0.0006632679142057896
-0.0021385010331869125,0.00024896347895264626,-0.0008031311444938183
-0.0002095737145282328,-0.001304458361119032,0.0003577405586838722
0.0008616872364655137,-0.0003449392970651388,-0.0002578366547822952
-0.0008467306033708155,-0.002110082423314452,0.00029769865795969963
-0.0012023178860545158,0.00019088710541836917,-0.0003357161767780781
-0.001193795702420175,-1.6040510672610253e-05,-0.0018486580811440945
0.0019152439199388027,-0.0003616999601945281,0.0008423728868365288
0.002284624380990863,0.0004833210841752589,-0.0003589792177081108
-0.00026036924100480974,0.001313910586759448,-0.000786955002695322
0.0001508228451712057,0.0010483934311196208,6.499001756310463e-05
-0.0017540466506034136,-0.0013128037098795176,-0.0005493578501045704
-0.0012357954401522875,0.000466720579424873,0.0002783527597784996
-0.0005365009419620037,-0.0009179066400974989,-0.0016930606216192245
-0.00025021107285283506,-0.0010169761953875422,-0.0020192977972328663
-0.0004276774707250297,-0.001717317383736372,0.0037102256901562214
0.0023795608431100845,0.0015842033317312598,0.0012460025027394295
-6.345499423332512e-05,-0.001156738493591547,-0.00013687927275896072
0.001464933156967163,-0.0007314316462725401,0.00010600080713629723
-0.0005008488660678267,-0.0008346929680556059,-3.970600664615631e-05
0.0009577644523233175,-0.00014307003584690392,-7.965322583913803e-05
-0.001660786336287856,0.001071444945409894,-0.001739501953125
0.00019197473011445254,-0.00031206727726385,0.0015809275209903717
0.00047493609599769115,-0.00016228947788476944,0.0012948056682944298
-0.0007051105494610965,-0.002195879118517041,-0.001427477691322565
0.000488932419102639,-0.0011332181748002768,0.00019949814304709435
0.0008838791982270777,0.00022579300275538117,0.0023049931041896343
-0.000827962183393538,-0.00037235155468806624,-0.0019074799492955208
0.0004612740594893694,-0.001246400992386043,-0.0011524739675223827
0.0002961476566269994,-0.0007834446150809526,0.00015297811478376389
0.0002673855342436582,-0.0007315129041671753,0.0015916172415018082
0.0002476424560882151,-0.00016092855366878211,-0.00040108710527420044
0.0017446053680032492,-0.00023816022439859807,-7.112137973308563e-05
-0.0005577595438808203,0.0005800672806799412,0.0005952902138233185
-0.0007614913629367948,-0.000304102199152112,-0.00115547189489007
-0.00021656727767549455,0.00013696671521756798,0.0015679867938160896
0.0012250017607584596,0.00042938179103657603,0.00045425258576869965
-0.0004059312050230801,0.0003506318316794932,0.0013630124740302563
0.0002723759098444134,0.0017059145029634237,0.0012729978188872337
-7.50024919398129e-05,0.0015660584904253483,0.0007364875636994839
-5.982245784252882e-05,0.0008387492271140218,-0.0004494180902838707
0.00023970543406903744,0.0012896722182631493,0.00031112227588891983
-0.00010410865070298314,0.00035383744398131967,0.001352418214082718
0.001294439658522606,-0.00037181080551818013,0.0008706445805728436
0.0005330419517122209,-0.0017350828275084496,-0.0011629448272287846
0.0009446574840694666,-0.000686081126332283,0.00034315604716539383
0.00036249050754122436,-0.001394215738400817,0.002171682193875313
0.00296298461034894,-0.0040901522152125835,0.0013151830062270164
6.546542863361537e-05,-0.0018107526702806354,0.00047229276970028877
-0.000549635908100754,-0.002438416238874197,0.002575306687504053
-0.0008284688228741288,0.001663916977122426,-0.000143514946103096
-0.0004813231062144041,0.0013963193632662296,1.903669908642769e-05
-0.0018504542531445622,-0.0011469995370134711,0.013565205037593842
-0.0023612454533576965,0.0034903460182249546,0.32756221294403076
-0.0011923839338123798,0.00389914121478796,0.37388497591018677
0.0029126955196261406,0.0032433460000902414,0.02327856980264187
0.00010412579285912216,0.00676031643524766,-0.23151937127113342
-0.0065742661245167255,0.008193641901016235,-0.3970654606819153
-0.0308441873639822,0.019462542608380318,-0.41167983412742615
-0.07825319468975067,0.04934298247098923,-0.24791009724140167
-0.16389566659927368,0.057870421558618546,-0.09271970391273499
-0.39661213755607605,0.04695110768079758,-0.04234328866004944
-0.3238354027271271,0.3038870096206665,0.23598501086235046
0.014132367447018623,0.741504430770874,0.500745415687561
0.04715263843536377,0.9501921534538269,0.5327467322349548
0.14008313417434692,1.2303295135498047,0.5118321180343628
0.31970804929733276,0.6597422361373901,0.32816746830940247
0.5739830136299133,-0.3594438433647156,0.015577562153339386
0.8487873673439026,-0.7662196159362793,-0.2685699760913849
1.1103211641311646,-0.712128221988678,-0.33877062797546387
1.2793773412704468,-0.8025851249694824,-0.16819141805171967
1.2399765253067017,-1.1515318155288696,0.15647925436496735
0.8166292309761047,-1.7615169286727905,0.5212159156799316
0.26985713839530945,-2.138036012649536,0.7446367144584656
-0.2351732850074768,-2.2520370483398438,0.7926574945449829
-0.5526379346847534,-2.3304202556610107,0.7016902565956116
-0.6945657730102539,-2.3134870529174805,0.6062766909599304
-0.7282705903053284,-2.0190277099609375,0.634019136428833
-0.7078465223312378,-1.5579311847686768,0.7630277276039124
-0.6817715764045715,-1.260998010635376,0.8883979916572571
-0.6702914834022522,-1.3288383483886719,0.9456831216812134
-0.6445922255516052,-1.5428749322891235,0.947835385799408
-0.6355721354484558,-1.7830883264541626,0.9079883694648743
-0.6569287180900574,-1.9415266513824463,0.8733330965042114
-0.6849651336669922,-1.9229683876037598,0.8509212732315063
-0.7340755462646484,-1.778473973274231,0.8283327221870422
-0.812260091304779,-1.5954679250717163,0.7665340900421143
-0.7960712313652039,-1.3353180885314941,0.6839689612388611
-0.7078894376754761,-0.947085440158844,0.6060880422592163
-0.6511178612709045,-0.5960909724235535,0.5033655762672424
-0.6610788702964783,-0.41696086525917053,0.43693673610687256
-0.7041000723838806,-0.43330517411231995,0.421305775642395
-0.7540314197540283,-0.5275248289108276,0.4077199399471283
-0.7384963631629944,-0.5822226405143738,0.3634152114391327
-0.7085158228874207,-0.5884554982185364,0.28274884819984436
-0.7049147486686707,-0.5975380539894104,0.23874373733997345
-0.788636326789856,-0.6339352130889893,0.20253033936023712
-0.9179302453994751,-0.7075377702713013,0.027780048549175262
-0.928472101688385,-0.7307645082473755,-0.14536243677139282
-0.8545930981636047,-0.5591821074485779,-0.23347793519496918
-0.8093345165252686,-0.2814974784851074,-0.29663771390914917
-0.7188084125518799,0.4461614191532135,-0.3690167963504791
-0.45253786444664,4.5205078125,-0.6750731468200684
-0.22019191086292267,1.6435469388961792,-0.5813412070274353
-0.03896353021264076,-2.5592057704925537,-0.7185983657836914
-0.4154554605484009,-3.1511125564575195,-0.47552111744880676
-0.8248520493507385,-2.4951119422912598,0.06746251881122589
-0.8799237012863159,-2.2214930057525635,0.5292824506759644
-0.6433103680610657,-1.7355529069900513,0.8907857537269592
-0.29946279525756836,-0.8053340315818787,1.141021490097046
0.2141757756471634,0.04963894560933113,1.1906143426895142
0.7932255268096924,0.4620693624019623,1.0424178838729858
1.189104676246643,0.6161355972290039,0.7765482068061829
1.062450647354126,0.45312386751174927,0.6218617558479309
0.7759287357330322,0.09397102147340775,0.5422545075416565
0.4891674220561981,-0.11032325029373169,0.5927375555038452
0.4441767930984497,-0.3826301395893097,0.6120454668998718
0.27134719491004944,-0.8314959406852722,0.6181168556213379
-0.03567558526992798,-1.2001402378082275,0.7195428013801575
-0.2883894741535187,-1.5676122903823853,0.7852982878684998
-0.44863957166671753,-1.5444459915161133,0.7769476771354675
-0.36364051699638367,-1.2642533779144287,0.701030969619751
-0.48310405015945435,-0.9177155494689941,0.44010666012763977
-1.2572861909866333,-0.9368760585784912,0.05770355463027954
-1.8008434772491455,-0.806659996509552,-0.3110544979572296
-1.0797982215881348,-0.5971008539199829,-0.42156893014907837
-0.4950329065322876,-0.38448041677474976,-0.2964078187942505
-0.06501509994268417,-0.22000989317893982,-0.25435978174209595
0.028005389496684074,-0.4695321023464203,-0.28585779666900635
-0.1502494513988495,-0.656862199306488,-0.257667601108551
-0.2007320672273636,-0.4463115632534027,-0.02681494690477848
-0.17391100525856018,-0.17579393088817596,0.20907996594905853
-0.1892460286617279,-0.1944190114736557,0.33176088333129883
-0.21892094612121582,-0.3974922001361847,0.4104304313659668
-0.25247225165367126,-0.7005399465560913,0.5992749333381653
0.7280000448226929,-0.8706935048103333,0.8089109063148499
1.864894151687622,0.09270791709423065,1.2384686470031738
1.6025254726409912,0.8302676677703857,1.5721880197525024
0.8196558952331543,1.7508282661437988,1.006091833114624
-0.9774635434150696,0.5772339105606079,0.40172114968299866
-1.3081796169281006,-0.08742103725671768,0.14190980792045593
-1.3305394649505615,-0.01605437509715557,0.44681087136268616
-1.5848660469055176,-0.413471519947052,0.5415104627609253
-1.7270606756210327,-0.9990905523300171,0.5578492879867554
-1.5665866136550903,-1.2790751457214355,0.49650707840919495
-1.094765543937683,-0.9177587032318115,0.1748223900794983
-0.5757572054862976,-0.23939248919487,-0.3066459894180298
-0.39366787672042847,0.2590149939060211,-0.6447189450263977
-0.13500943779945374,0.39661091566085815,-0.8273388743400574
0.09273654967546463,0.2398141473531723,-0.8789055347442627
0.2040170133113861,0.10041844099760056,-0.7487371563911438
0.2972964346408844,0.1062491312623024,-0.655972957611084
0.3162858486175537,0.27750396728515625,-0.5252397060394287
0.2772664427757263,0.4907433092594147,-0.3214060664176941
0.09587134420871735,0.5563867688179016,-0.1935945749282837
-0.15910887718200684,0.4871315360069275,-0.13832421600818634
-0.31865566968917847,0.40506887435913086,-0.1524171382188797
-0.2724445164203644,0.4344320595264435,-0.22308623790740967
-0.1520286351442337,0.24169057607650757,-0.16659100353717804
0.04283076524734497,0.22327998280525208,-0.07219106703996658
0.2841823995113373,0.015056483447551727,-0.06133868917822838
0.5351366996765137,0.148284450173378,0.15290257334709167
0.7953738570213318,0.1319475620985031,0.37865927815437317
0.9560250639915466,0.1441400647163391,0.315507173538208
0.9875675439834595,0.16676095128059387,0.22975820302963257
0.935992956161499,0.12309429794549942,0.14020799100399017
0.7640877962112427,0.015641072764992714,0.0029268325306475163
0.516819417476654,-0.10648992657661438,-0.12204278260469437
0.35047751665115356,-0.09275972843170166,-0.14849169552326202
0.30158907175064087,0.0005361908115446568,-0.1058143898844719
0.28408652544021606,0.16397757828235626,-0.06468480080366135
0.24897822737693787,0.3857521712779999,-0.043787337839603424
0.2096281498670578,0.4917001724243164,-0.021296408027410507
0.23459476232528687,0.5182910561561584,-0.026528455317020416
0.31515753269195557,0.5324119329452515,-0.03366013616323471
0.38235732913017273,0.5240582227706909,-0.035982538014650345
0.39225471019744873,0.49570539593696594,-0.04371742159128189
0.3519134819507599,0.47385597229003906,-0.04865029826760292
0.3068716824054718,0.475130558013916,-0.015514979138970375
0.3087199628353119,0.5669177770614624,0.0536172017455101
0.36273446679115295,0.7037491202354431,0.12515130639076233
0.4238572120666504,0.7850961685180664,0.17667360603809357
0.4756365120410919,0.7977269887924194,0.18423566222190857
0.4921729564666748,0.7327284812927246,0.12189114838838577
0.47695833444595337,0.6112675070762634,0.013463480398058891
0.46602609753608704,0.5172314047813416,-0.06746388226747513
0.47404301166534424,0.5314018130302429,-0.09510137140750885
0.4751681089401245,0.5711336135864258,-0.16388918459415436
0.4419683516025543,0.648672878742218,-0.16469478607177734
0.37049004435539246,0.7987101674079895,-0.05756814777851105
0.3068082928657532,0.8522429466247559,0.01757214218378067
0.2698410451412201,0.8175540566444397,-0.00022687390446662903
0.2666444480419159,0.6981605291366577,-0.05836740881204605
0.2697095274925232,0.5267260074615479,-0.10077600926160812
0.2789054214954376,0.3506458103656769,-0.15054142475128174
0.2972891330718994,0.22246824204921722,-0.19522137939929962
0.29881858825683594,0.24221132695674896,-0.1350616216659546
0.2818293571472168,0.332379549741745,-0.06800810247659683
0.2619829475879669,0.4115345776081085,-0.033135075122117996
0.23555195331573486,0.46210184693336487,0.032192621380090714
0.21442855894565582,0.474088191986084,0.04751778021454811
0.20428171753883362,0.45072728395462036,0.0021446808241307735
0.1996249109506607,0.387844443321228,-0.06061137840151787
0.17689689993858337,0.30641958117485046,-0.08619900047779083
0.11728870123624802,0.19840843975543976,-0.13487012684345245
0.05970105528831482,0.10094773769378662,-0.1757524609565735
0.04266561567783356,0.07018343359231949,-0.1619437038898468
0.05600045621395111,0.07301560044288635,-0.11109429597854614
0.06850825250148773,0.08796072751283646,-0.05374898016452789
0.08073584735393524,0.09294639527797699,-0.0069244555197656155
0.08387571573257446,0.06692731380462646,0.03490714728832245
0.062265023589134216,0.030658835545182228,0.06901208311319351
0.00991446990519762,-0.015065775252878666,0.0798327773809433
-0.05537530779838562,-0.06195185333490372,0.05878113582730293
-0.09808815270662308,-0.06825501471757889,0.04353027418255806
-0.10850657522678375,-0.02522544004023075,0.05070742964744568
-0.08929187059402466,0.08155081421136856,0.05271651968359947
-0.05808687210083008,0.15888649225234985,0.03688020259141922
-0.015775371342897415,0.22432541847229004,0.02821986749768257
0.04724756255745888,0.33755946159362793,0.02968166396021843
0.13123993575572968,0.45357102155685425,0.046263836324214935
0.20916011929512024,0.5228568911552429,0.03732835501432419
0.25080424547195435,0.5148879289627075,0.04528321698307991
0.21211059391498566,0.43509191274642944,0.021625317633152008
0.10627896338701248,0.30336958169937134,-0.05200975388288498
-0.018074506893754005,0.15781329572200775,-0.13489912450313568
-0.09229706972837448,0.04532776027917862,-0.1422872692346573
-0.1403781622648239,0.04042453691363335,-0.1677262783050537
-0.16542679071426392,0.04831281676888466,-0.1843092441558838
-0.16146056354045868,0.1450105756521225,-0.09161364287137985
-0.16637064516544342,0.3554935157299042,-0.013684222474694252
-0.16575124859809875,0.6072849035263062,0.07783972471952438
-0.09881854057312012,0.725287139415741,0.14194521307945251
-0.004484496545046568,0.6181203126907349,0.16270104050636292
0.017714813351631165,0.4797520339488983,0.10296473652124405
0.03518664091825485,0.3511977791786194,0.038858119398355484
0.024442384019494057,0.18546821177005768,-0.026537666097283363
-0.03943781554698944,0.12625671923160553,-0.11009127646684647
-0.09921272844076157,0.14044257998466492,-0.18454501032829285
-0.17629514634609222,0.158096045255661,-0.21136243641376495
-0.20390786230564117,0.29983559250831604,-0.22755977511405945
-0.12745463848114014,0.48518621921539307,-0.20882084965705872
-0.06316059082746506,0.6115217804908752,-0.24120089411735535
-0.05197862163186073,0.6152211427688599,-0.29288411140441895
-0.07508713752031326,0.49270299077033997,-0.3338312804698944
-0.16001494228839874,0.26849305629730225,-0.3632458448410034
-0.30696046352386475,0.028952643275260925,-0.38563716411590576
-0.4633152186870575,-0.09041179716587067,-0.3722700774669647
-0.6009570360183716,-0.14272373914718628,-0.37514522671699524
-0.6613331437110901,-0.13768447935581207,-0.35065579414367676
-0.5961815714836121,-0.08112666010856628,-0.3251778781414032
-0.4382703900337219,-0.05703452602028847,-0.3008732199668884
-0.3190625011920929,-0.08118993043899536,-0.2716876268386841
-0.2765008509159088,-0.13953810930252075,-0.25543442368507385
-0.2720522880554199,-0.22322101891040802,-0.2258560210466385
-0.2850821316242218,-0.2727004587650299,-0.17643997073173523
-0.34510287642478943,-0.31467267870903015,-0.14647436141967773
-0.4647815525531769,-0.45779457688331604,-0.14857971668243408
-0.6278690695762634,-0.6915666460990906,-0.1580485850572586
-0.7901198863983154,-0.9885178208351135,-0.1229347437620163
-0.9140724539756775,-1.2390278577804565,-0.06031449884176254
-0.9824531674385071,-1.4994536638259888,0.023997213691473007
-1.001602053642273,-1.7309784889221191,0.10816535353660583
-0.9542104601860046,-1.7930201292037964,0.1487322747707367
-0.798328161239624,-1.6701817512512207,0.15271662175655365
-0.5849113464355469,-1.4440851211547852,0.09456857293844223
-0.4355964660644531,-1.266842246055603,0.017461806535720825
-0.4011360704898834,-1.1118340492248535,-0.03160393610596657
-0.3969588875770569,-0.8991692066192627,-0.04551229253411293
-0.3357693552970886,-0.6120277643203735,-0.03264082968235016
-0.21361786127090454,-0.32297495007514954,0.026779619976878166
-0.07880156487226486,-0.1304609775543213,0.08659081161022186
0.03937460854649544,-0.04555513337254524,0.11258912086486816
0.11379305273294449,-0.07196632772684097,0.1225145161151886
0.08593212813138962,-0.2379278689622879,0.09542324393987656
-0.03267088532447815,-0.41888633370399475,0.12495194375514984
-0.32219403982162476,-0.6258677840232849,0.19206573069095612
-0.8758509159088135,-0.9547593593597412,0.28598877787590027
-0.7157882452011108,-1.2922279834747314,0.3235982060432434
-0.6591152548789978,-1.4763182401657104,0.36860570311546326
-0.3239103853702545,-1.529625654220581,0.4789409935474396
-0.10239943116903305,-1.2599101066589355,0.48175951838493347
-0.11504624783992767,-0.9879032969474792,0.514117419719696
-0.16573436558246613,-0.7829113006591797,0.449454128742218
-0.10153033584356308,-0.7078239917755127,0.3533257246017456
0.07667474448680878,-0.7836725115776062,0.2809317111968994
0.22841259837150574,-0.8860878348350525,0.15151381492614746
0.27490875124931335,-0.9922344088554382,-0.00814378634095192
0.21174286305904388,-1.1117430925369263,-0.06003228574991226
0.06690886616706848,-1.2581509351730347,-0.0024253958836197853
-0.07443734258413315,-1.376319169998169,0.033588800579309464
-0.13224606215953827,-1.2149549722671509,0.16938738524913788
-0.0479748509824276,-0.8042702674865723,0.37770941853523254
0.20665030181407928,-0.453912615776062,0.4292142391204834
0.4577603042125702,-0.22828587889671326,0.30549657344818115
0.5062201023101807,0.10089532285928726,0.25103193521499634
0.3042033910751343,0.33604738116264343,-0.05280918627977371
0.4186471402645111,0.5695323944091797,-0.27841609716415405
0.5621833205223083,0.7678835988044739,-0.2517189383506775
0.6136623024940491,0.6233751773834229,-0.3024042844772339
0.5388554334640503,0.4349792003631592,-0.3447522819042206
0.4444991946220398,0.246677428483963,-0.24813510477542877
0.3902852237224579,0.08607550710439682,-0.21341973543167114
0.38381078839302063,-0.04381148889660835,-0.14061984419822693
0.3748987913131714,-0.009642865508794785,-0.01676447130739689
0.3427530825138092,0.12728798389434814,-0.01824156939983368
0.32986363768577576,0.2753232419490814,-0.16815702617168427
0.3927307724952698,0.5110881328582764,-0.290062814950943
0.4858037233352661,0.8880828022956848,-0.40554866194725037
0.530507504940033,1.1202678680419922,-0.4722575545310974
0.5115559101104736,0.8851724863052368,-0.6494344472885132
0.4668734669685364,0.6822004914283752,-0.8564103245735168
0.5140383243560791,-0.08435900509357452,-0.8443901538848877
0.6740527153015137,-0.45670998096466064,-0.62397301197052
0.8325682878494263,-0.5638833045959473,-0.4537765085697174
0.9783172607421875,-0.8720541000366211,-0.648880124092102
1.120936393737793,-1.1096932888031006,-1.0106511116027832
1.210532307624817,-1.4189434051513672,-1.219954490661621
1.0258617401123047,-1.7292002439498901,-1.3098258972167969
0.6914210915565491,-1.9512828588485718,-1.1156914234161377
0.3211394250392914,-2.1157004833221436,-0.6130085587501526
-0.05807694047689438,-2.3530545234680176,-0.05603127181529999
-0.47487762570381165,-2.669097423553467,0.40695980191230774
-0.8607321381568909,-2.9968037605285645,1.0513978004455566
-1.1236882209777832,-3.371251106262207,1.7017884254455566
-1.2503465414047241,-3.755385637283325,1.9952865839004517
-1.2714033126831055,-4.139324188232422,2.0493075847625732
-1.3395626544952393,-4.5592169761657715,1.8370325565338135
-1.4639991521835327,-4.6905694007873535,1.2824167013168335
-1.5039434432983398,-4.217949867248535,0.7212780117988586
-1.5159071683883667,-3.7512922286987305,0.43449607491493225
-1.3377048969268799,-3.458024024963379,0.47690925002098083
-0.968431293964386,-2.728390693664551,0.4368305206298828
-1.1360927820205688,-3.8128864765167236,0.6100211143493652
-1.50503408908844,-4.479935169219971,1.005589246749878
-1.8285572528839111,-4.567113876342773,1.457220196723938
-2.1176459789276123,-5.182569980621338,2.0679895877838135
-2.306361675262451,-4.354455471038818,2.4539151191711426
-2.291907787322998,-3.9044477939605713,2.5156447887420654
-2.111513376235962,-3.670260190963745,2.37416672706604
-1.9363938570022583,-3.271989107131958,2.1402359008789062
-1.8134713172912598,-2.654663324356079,1.7892060279846191
-1.6895753145217896,-2.136779546737671,1.551400065422058
-1.5016263723373413,-1.8856281042099,1.4022595882415771
-1.2888925075531006,-1.63001549243927,1.092943787574768
-1.0014551877975464,-1.2563819885253906,0.8070642352104187
-0.7237862944602966,-0.9636942744255066,0.637442409992218
-0.5046971440315247,-0.6483783721923828,0.38754740357398987
-0.3732786774635315,-0.5555741190910339,0.23300151526927948
-0.35113608837127686,-0.5824245810508728,0.3331167995929718
-0.3901447355747223,-0.6275595426559448,0.44506385922431946
-0.37891459465026855,-0.6566042304039001,0.49290385842323303
-0.3462629020214081,-0.5472231507301331,0.5393326282501221
-0.29967644810676575,-0.4071877598762512,0.4575701057910919
-0.2167847603559494,-0.3170328140258789,0.2761742174625397
-0.09670508652925491,-0.22160091996192932,0.22045986354351044
0.01050658617168665,-0.11994540691375732,0.15944711863994598
0.06253135949373245,-0.05015811696648598,0.04259723424911499
0.04001913219690323,-0.016457678750157356,0.06803441792726517
-0.01354883424937725,-0.019000869244337082,0.13308417797088623
-0.07187845557928085,-0.05486326292157173,0.08792760968208313
-0.10791851580142975,-0.07222922891378403,0.038731854408979416
-0.16320733726024628,-0.03481927141547203,0.014607874676585197
-0.22624029219150543,0.07546849548816681,-0.11528825014829636
-0.22975139319896698,0.16778536140918732,-0.19906677305698395
-0.07846681028604507,-0.06701603531837463,-0.28396129608154297
-0.09560026228427887,0.00699453754350543,-0.4033508002758026
-0.1264437884092331,0.2783871591091156,-0.5470683574676514
-0.09753862768411636,0.5064509510993958,-0.5912768244743347
0.08643225580453873,0.6111735701560974,-0.6844327449798584
0.47079750895500183,0.9318679571151733,-0.8975276947021484
0.7610617876052856,1.150614619255066,-0.9428530931472778
1.0834531784057617,1.1898387670516968,-0.7394267320632935
1.278471827507019,1.2602757215499878,-0.8054292798042297
1.5097782611846924,1.473052978515625,-0.9667465090751648
1.3704288005828857,2.022864818572998,-1.1401829719543457
0.5708671808242798,2.7943077087402344,-1.165415644645691
0.3400091230869293,2.5778536796569824,-1.2119898796081543
0.5695461630821228,1.9515877962112427,-1.044264793395996
0.8599782586097717,1.165091872215271,-0.6165509223937988
1.0129518508911133,0.25110459327697754,-0.04931408911943436
1.0081158876419067,-0.3184784948825836,0.6223015189170837
1.0353964567184448,-0.7515546083450317,1.2238898277282715
1.249056339263916,-1.36899995803833,1.6094001531600952
1.543590784072876,-1.8480250835418701,1.8688924312591553
1.773121953010559,-2.114748477935791,1.9431430101394653
1.8683584928512573,-2.208169460296631,1.8351435661315918
1.8444584608078003,-2.155818462371826,1.6264411211013794
1.786939024925232,-1.9903192520141602,1.362860083580017
1.7885054349899292,-1.8735804557800293,1.1591804027557373
1.8452692031860352,-1.8675143718719482,1.1050173044204712
1.8769042491912842,-1.8911386728286743,1.2362538576126099
1.8773654699325562,-2.023970127105713,1.4182026386260986
1.8360942602157593,-2.1906545162200928,1.5995022058486938
1.7621897459030151,-2.4481008052825928,1.767288088798523
1.682516098022461,-2.751504898071289,1.9148281812667847
1.6553339958190918,-3.002553939819336,1.9706542491912842
1.7274996042251587,-3.1693994998931885,1.858816146850586
1.8996853828430176,-3.2028326988220215,1.5924800634384155
2.173755407333374,-3.146632671356201,1.1925263404846191
2.5181658267974854,-3.0186851024627686,0.7423341870307922
2.831756591796875,-2.821047782897949,0.36408692598342896
3.0139596462249756,-2.680600643157959,0.169062077999115
3.0028934478759766,-2.5224335193634033,0.16053412854671478
2.873506546020508,-2.1771438121795654,0.23923799395561218
2.7091569900512695,-1.7060080766677856,0.26460501551628113
2.5895774364471436,-1.18039870262146,0.17864856123924255
2.5487561225891113,-0.7231653928756714,0.04663050174713135
2.593135118484497,-0.45556938648223877,-0.09009591490030289
2.709024667739868,-0.3977328836917877,-0.2107228934764862
2.8259403705596924,-0.49900197982788086,-0.3129366338253021
2.864881753921509,-0.6517583727836609,-0.37176939845085144
2.829714059829712,-0.7076085805892944,-0.3989025056362152
2.75382661819458,-0.5181540250778198,-0.4664729833602905
2.6790928840637207,-0.24725595116615295,-0.5389685034751892
2.5494182109832764,0.038025397807359695,-0.5479719042778015
2.311807632446289,0.34498295187950134,-0.5247251987457275
2.0196893215179443,0.5947081446647644,-0.5374885201454163
1.727694034576416,0.7284267544746399,-0.5835670828819275
1.5285353660583496,0.7947679162025452,-0.6468992233276367
1.4349186420440674,0.7664518356323242,-0.6880139112472534
1.4131546020507812,0.70301753282547,-0.6449925303459167
1.4027023315429688,0.5902143120765686,-0.5587114691734314
1.3334399461746216,0.4882860481739044,-0.48428529500961304
1.2042617797851562,0.46564891934394836,-0.403516948223114
1.076379656791687,0.550408661365509,-0.294721394777298
0.9761887192726135,0.7741661667823792,-0.20137786865234375
0.9416252970695496,1.060961127281189,-0.14269107580184937
0.9295890927314758,1.2808241844177246,-0.13913069665431976
0.9860612154006958,1.4971578121185303,-0.17142342031002045
1.106716513633728,1.561275601387024,-0.21512030065059662
1.2659847736358643,1.4465378522872925,-0.2300809919834137
1.3479387760162354,1.1902730464935303,-0.21210093796253204
1.3094730377197266,0.9028553366661072,-0.13618578016757965
1.172869086265564,0.6138381958007812,0.005866971332579851
0.98974609375,0.374470978975296,0.16026312112808228
0.7894031405448914,0.23589950799942017,0.31251445412635803
0.5736236572265625,0.2929629981517792,0.4070569574832916
0.39693915843963623,0.424173504114151,0.39218559861183167
0.29952359199523926,0.5562437772750854,0.3228823244571686
0.27140432596206665,0.6707924604415894,0.23485153913497925
0.29319605231285095,0.7515533566474915,0.1314353197813034
0.3412773013114929,0.7649056315422058,0.0731685608625412
0.38887807726860046,0.6910938024520874,0.0763220340013504
0.4107186794281006,0.5692011713981628,0.10444875061511993
0.40470337867736816,0.438838392496109,0.1194993332028389
0.3602445721626282,0.3700942099094391,0.14130263030529022
0.3082089126110077,0.36332961916923523,0.1645386666059494
0.27393773198127747,0.3835832178592682,0.17290791869163513
0.26267117261886597,0.4418657124042511,0.13842786848545074
0.2575523257255554,0.5552958250045776,0.06582503020763397
0.2541639804840088,0.6605585813522339,-0.0236330758780241
0.25633925199508667,0.705674946308136,-0.11153789609670639
0.24947592616081238,0.7017425298690796,-0.21501459181308746
0.26786237955093384,0.6408032774925232,-0.323334664106369
0.2918512523174286,0.4802752137184143,-0.4266220033168793
0.27636897563934326,0.22156672179698944,-0.4948713779449463
0.21617482602596283,-0.07068994641304016,-0.5287094712257385
0.13824966549873352,-0.252299964427948,-0.5417459011077881
0.07568509876728058,-0.2968571186065674,-0.5100306868553162
0.1310114711523056,-0.3357643187046051,-0.26849129796028137
0.37909966707229614,-0.39040395617485046,0.21529647707939148
0.26297491788864136,-0.11126872152090073,0.1105990782380104
0.12687011063098907,0.2703617215156555,0.026596857234835625
0.09467034786939621,0.5902673006057739,-0.026067685335874557
0.22596104443073273,0.7309330105781555,-0.08868726342916489
0.41086244583129883,0.7604416608810425,-0.1616259217262268
0.5781445503234863,0.7962191104888916,-0.2420007586479187
0.4545153081417084,0.8863170146942139,-0.4132468104362488
-0.6552272439002991,0.8888362050056458,-0.45324674248695374
-1.0497658252716064,0.18684636056423187,-0.17869693040847778
-0.7936664819717407,-0.19034810364246368,-0.09465792775154114
-0.5420169234275818,-0.26888740062713623,-0.06480095535516739
-0.5179576277732849,-0.36039119958877563,-0.04191030561923981
-0.4799116849899292,-0.39165961742401123,-0.05846025422215462
-0.45299842953681946,-0.374763160943985,0.00803346186876297
-0.46158367395401,-0.33045750856399536,0.09054138511419296
-0.5181670188903809,-0.2951822280883789,0.1344662457704544
-0.5876898765563965,-0.29657799005508423,0.1318877786397934
-0.5882998704910278,-0.32730579376220703,0.14412090182304382
-0.5259459614753723,-0.336874783039093,0.1768604815006256
-0.4462621510028839,-0.306905061006546,0.23206932842731476
-0.43764734268188477,-0.420699805021286,0.33439886569976807
-0.4633466601371765,-0.36307039856910706,0.3980322480201721
-0.44406190514564514,-0.16411307454109192,0.4622146487236023
-0.6148175597190857,-0.3351607620716095,0.4818079173564911
-0.7792778611183167,-0.4354729652404785,0.44153958559036255
-0.8993955850601196,-0.3857329189777374,0.4299604892730713
-0.9454062581062317,-0.19100205600261688,0.6076290011405945
-0.9773098230361938,-0.47746121883392334,0.5453124046325684
-1.1164147853851318,-0.630727231502533,0.5519590973854065
-1.344011664390564,-0.7933887243270874,0.5860306024551392
-1.6932567358016968,-1.0099257230758667,0.6599354147911072
-2.0954782962799072,-1.2601494789123535,0.7638525366783142
-2.4957549571990967,-1.3485187292099,0.8439825177192688
-2.5585856437683105,-0.7958385348320007,0.779340922832489
-2.0297060012817383,0.21890093386173248,0.5514036417007446
-1.686828851699829,0.13182097673416138,0.3804571330547333
-1.7030436992645264,-0.5744413137435913,0.22616104781627655
-1.5510969161987305,-0.5835918188095093,0.047673389315605164
-1.4505844116210938,-0.5528658628463745,-0.018639853224158287
-1.6591517925262451,-0.8944767117500305,-0.003075790824368596
-2.0434751510620117,-1.1283990144729614,0.04948116093873978
-2.6318252086639404,-1.6396629810333252,0.15400215983390808
-3.416246175765991,-1.7780239582061768,0.2828032672405243
-4.32648229598999,-1.764298677444458,0.5239245891571045
-5.1570868492126465,-1.8050599098205566,0.911598801612854
-5.898586750030518,-1.789413332939148,1.3481152057647705
-6.43860387802124,-1.587143063545227,1.8051133155822754
-6.819504737854004,-1.593855619430542,2.2035915851593018
-7.019469261169434,-1.6622765064239502,2.6913228034973145
-7.06503438949585,-1.569756031036377,3.1975343227386475
-6.8890862464904785,-1.199744462966919,3.6376686096191406
-6.522343158721924,-0.6620420813560486,3.9963133335113525
-6.04311990737915,-0.12935206294059753,4.330201148986816
-5.586148738861084,0.41917067766189575,4.6127800941467285
-5.166177749633789,0.821496844291687,4.774203300476074
-4.843919277191162,1.0547691583633423,4.8509016036987305
-4.547773838043213,1.038508653640747,4.846778869628906
-4.187448024749756,0.6918589472770691,4.768707275390625
-3.7019858360290527,0.09418726712465286,4.640425205230713
-3.1284072399139404,-0.49373045563697815,4.461698055267334
-2.504876136779785,-0.7533692121505737,4.156411647796631
-2.086921215057373,1.021336317062378,3.8446717262268066
-2.6263785362243652,0.04266270995140076,3.9113051891326904
-3.5308146476745605,-0.5961042642593384,4.303065299987793
-3.3676869869232178,0.24339596927165985,3.8399484157562256
-3.0516278743743896,0.8105109930038452,3.2512714862823486
-2.678119659423828,0.9377895593643188,2.716294527053833
-2.2908456325531006,0.8136208653450012,2.2106964588165283
-2.048092842102051,0.3603742718696594,1.8527110815048218
-1.816311240196228,0.0031491226982325315,1.4183242321014404
-1.4876041412353516,-0.2794458270072937,0.9739166498184204
-1.1516903638839722,-0.8121110796928406,0.6811918020248413
-0.8229722380638123,-1.2695512771606445,0.4545932710170746
-0.5059275031089783,-1.3835833072662354,0.26812970638275146
-0.21562057733535767,-1.2367876768112183,0.10595331341028214
-0.010025530122220516,-1.018814206123352,-0.06407121568918228
0.04815948009490967,-0.7925722599029541,-0.2580292224884033
0.020045999437570572,-0.42317208647727966,-0.702524721622467
-0.12472663074731827,-0.13385343551635742,-0.8342377543449402
-0.2970963418483734,0.15874280035495758,-0.6795365810394287
-0.5207337141036987,0.3872598707675934,-0.4587506651878357
-0.8881101608276367,0.3825376629829407,-0.12823915481567383
-1.1814296245574951,0.1278931200504303,0.173575296998024
-1.3254536390304565,-0.19783318042755127,0.3712911307811737
-1.3118654489517212,-0.5570757985115051,0.618549108505249
-1.1175528764724731,-0.815555214881897,0.8534319400787354
-0.7571757435798645,-0.9468695521354675,0.9252395629882812
-0.3276471793651581,-1.0069901943206787,0.8351419568061829
0.15519112348556519,-0.8626828193664551,0.6656568050384521
0.5094484090805054,-0.7492915987968445,0.4463473856449127
0.7283139228820801,-0.6098660230636597,0.22156301140785217
0.8439839482307434,-0.3635931611061096,0.01568617857992649
0.8753597140312195,-0.14448955655097961,-0.11942876130342484
0.8413700461387634,-0.028959594666957855,-0.1821599155664444
0.7424594759941101,0.031161265447735786,-0.16858577728271484
0.613140881061554,0.09135882556438446,-0.1444876343011856
0.4964129626750946,0.09075374901294708,-0.13840417563915253
0.3734566271305084,-0.019434304907917976,-0.15371066331863403
0.37071701884269714,-0.1550416648387909,-0.16959722340106964
0.6682412028312683,-0.36510950326919556,-0.16448496282100677
0.6657743453979492,-0.35741642117500305,-0.08333204686641693
0.4562244415283203,-0.21711650490760803,0.036080844700336456
0.18414844572544098,-0.13268578052520752,0.09233026951551437
-0.03245219215750694,-0.050435300916433334,0.07558292895555496
-0.10662361979484558,0.04610748589038849,0.008732793852686882
-0.09814956784248352,0.14065101742744446,-0.0679863840341568
-0.06786303222179413,0.2056816816329956,-0.13418272137641907
-0.02110130898654461,0.24506840109825134,-0.15129132568836212
-0.003303137142211199,0.2761874198913574,-0.1477368026971817
-0.02441612258553505,0.2960992157459259,-0.11818227171897888
-0.03956924378871918,0.34581536054611206,-0.0749056413769722
-0.03760748729109764,0.38715681433677673,-0.026460519060492516
-0.04393995180726051,0.4362758994102478,0.03231411427259445
-0.0381145142018795,0.4526098668575287,0.08913636952638626
-0.03177512437105179,0.4414866268634796,0.13533687591552734
-0.027054904028773308,0.39622846245765686,0.163442924618721
-0.0037815391551703215,0.2812957465648651,0.17070536315441132
0.03121059574186802,0.17505262792110443,0.16763192415237427
0.061756253242492676,0.10243648290634155,0.15968266129493713
0.08424889296293259,0.038907475769519806,0.1529201716184616
0.11248132586479187,0.003770527895539999,0.16299596428871155
0.1496421843767166,-0.09888489544391632,0.17920176684856415
0.17546126246452332,-0.2054947018623352,0.18930712342262268
0.19977150857448578,-0.23776203393936157,0.20100714266300201
0.23322586715221405,-0.24749374389648438,0.20884323120117188
0.26239213347435,-0.2191482037305832,0.23597583174705505
0.2775695025920868,-0.15838977694511414,0.28173401951789856
0.28221750259399414,-0.09228053689002991,0.31748321652412415
0.2690436542034149,-0.016583112999796867,0.31709545850753784
0.2477780431509018,0.023971401154994965,0.2975535988807678
0.21175453066825867,-0.05753091350197792,0.21152363717556
0.18131442368030548,-0.1458587646484375,0.07864023745059967
0.18346039950847626,-0.1990695297718048,-0.040047526359558105
0.18733462691307068,-0.18522152304649353,-0.10740585625171661
0.1879895031452179,-0.16318467259407043,-0.11465977877378464
0.17183472216129303,-0.16448022425174713,-0.09956616908311844
0.14625346660614014,-0.18312661349773407,-0.08272060751914978
0.14926396310329437,-0.18558548390865326,-0.07447149604558945
0.1782761663198471,-0.19168038666248322,-0.08383011072874069
0.23026500642299652,-0.21387547254562378,-0.09344223141670227
0.28630271553993225,-0.2256098985671997,-0.10905447602272034
0.348868191242218,-0.218124657869339,-0.13491156697273254
0.39431795477867126,-0.1867278516292572,-0.1500159502029419
0.4568694829940796,-0.06443417072296143,-0.09000348299741745
0.44142740964889526,-0.06265384703874588,-0.06749843806028366
0.3832545280456543,-0.09328605979681015,-0.05510719493031502
0.3355482518672943,-0.10294028371572495,-0.04928499460220337
0.3234291970729828,-0.07957828789949417,-0.03348629176616669
0.3182477355003357,-0.018686171621084213,-0.024328745901584625
0.32607316970825195,0.051302485167980194,-0.026701346039772034
0.34688523411750793,0.038981106132268906,-0.03901154175400734
0.37582963705062866,0.00732843391597271,-0.04862666130065918
0.40528446435928345,0.005021337419748306,-0.06416007876396179
0.42512428760528564,0.03462853655219078,-0.06152703985571861
0.43852609395980835,0.10738396644592285,-0.08993950486183167
0.45055514574050903,0.18266519904136658,-0.05100386589765549
0.4994582533836365,0.2581953704357147,0.014392716810107231
0.5502665638923645,0.09894071519374847,-0.022787658497691154
0.5016968846321106,0.3702361285686493,-0.029215464368462563
0.4289666414260864,0.7269657254219055,0.023210227489471436
0.3513650596141815,0.7893792986869812,0.06413635611534119
0.2326163351535797,0.780880868434906,0.02732561156153679
0.12849578261375427,0.7316749691963196,-0.0493936687707901
0.0711565613746643,0.5723258852958679,-0.09413144737482071
0.0478789359331131,0.4989299476146698,-0.1771261990070343
0.051322925835847855,0.5977524518966675,-0.054402370005846024
0.11829982697963715,0.5631795525550842,0.16263248026371002
0.004198291804641485,0.4148540198802948,0.04492129012942314
-0.16079838573932648,0.5290505886077881,-0.05084598436951637
-0.22182118892669678,0.5334158539772034,-0.03958456218242645
-0.13056984543800354,0.5211727619171143,0.017754890024662018
0.10291944444179535,0.4878827929496765,0.10252273082733154
0.30731359124183655,0.424974650144577,0.28702494502067566
0.5197333693504333,0.39470726251602173,0.31343874335289
0.6912981867790222,0.4501846432685852,0.21636757254600525
0.7820016741752625,0.5854515433311462,0.14224033057689667
0.8031983375549316,0.800650417804718,0.10954256355762482
0.751741886138916,1.0357259511947632,0.09264998883008957
0.6427986025810242,1.1822453737258911,0.07986095547676086
0.47321850061416626,1.2383230924606323,0.06302302330732346
0.277361661195755,1.2188172340393066,0.04062237963080406
0.05383723974227905,1.1506692171096802,0.0369713194668293
-0.1588931381702423,1.122193694114685,0.07457542419433594
-0.3141479790210724,1.1010814905166626,0.11835673451423645
-0.40887024998664856,1.1075973510742188,0.10414344072341919
-0.4873707890510559,1.1744214296340942,0.049592919647693634
-0.5063673853874207,1.0333658456802368,-0.06376294046640396
-0.5208114981651306,0.8152850270271301,-0.29658088088035583
-0.5521710515022278,0.8133092522621155,-0.43032804131507874
-0.5941929221153259,0.9805993437767029,-0.4820111393928528
-0.850479006767273,0.4313172996044159,-0.58269864320755
-1.410872459411621,-0.6981537938117981,-0.5825127363204956
-1.7962454557418823,-1.5043059587478638,-0.669376015663147
-2.0287861824035645,-1.3900752067565918,-0.6863178610801697
-2.169797420501709,-0.879975438117981,-0.5464448928833008
-2.220517158508301,-0.4000820815563202,-0.22126641869544983
-2.118645429611206,-0.14719843864440918,0.25425803661346436
-1.8072919845581055,0.04592194780707359,0.7056795954704285
-1.2908313274383545,0.1506241261959076,0.9418737292289734
-0.6854523420333862,0.22594381868839264,0.8315094709396362
-0.027292868122458458,0.28058257699012756,0.4691656529903412
0.61651211977005,0.4203932285308838,0.09242971986532211
1.082152247428894,0.5201765298843384,-0.1974732130765915
1.2429943084716797,0.4683312177658081,-0.29670199751853943
1.1802784204483032,0.33279550075531006,-0.1166885495185852
0.9143270254135132,0.22372747957706451,0.12458780407905579
0.5612810850143433,0.17469042539596558,0.29234349727630615
0.23024539649486542,0.15711428225040436,0.4918690323829651
