X,Y,Z
-137.83609008789062,-40.08827209472656,-143.46957397460938
-137.8504638671875,-40.12164306640625,-143.62965393066406
-137.95936584472656,-40.00360107421875,-143.66375732421875
-138.0155487060547,-39.90892028808594,-143.8009796142578
-138.1182098388672,-39.651519775390625,-143.91900634765625
-138.25277709960938,-39.27061462402344,-144.19650268554688
-138.4884490966797,-38.90455627441406,-144.56906127929688
-138.7135009765625,-38.19013977050781,-145.07757568359375
-139.08392333984375,-37.57476806640625,-145.64720153808594
-139.41786193847656,-36.95191955566406,-146.31146240234375
-139.78419494628906,-36.25044250488281,-146.760009765625
-140.06216430664062,-35.80360412597656,-147.0405731201172
-140.1988525390625,-35.538177490234375,-147.4174041748047
-140.3936767578125,-35.380706787109375,-147.71453857421875
-140.62066650390625,-34.73484802246094,-148.16958618164062
-140.54498291015625,-34.43705749511719,-148.7519073486328
-140.4453887939453,-33.78802490234375,-149.75332641601562
-140.09219360351562,-33.30903625488281,-150.58749389648438
-139.74066162109375,-32.834808349609375,-151.37440490722656
-139.49832153320312,-32.37255859375,-152.17990112304688
-139.26419067382812,-32.024261474609375,-152.62893676757812
-138.97012329101562,-31.751358032226562,-152.8990936279297
-138.7315673828125,-31.70635986328125,-153.15513610839844
-138.77883911132812,-31.478256225585938,-153.10003662109375
-138.76531982421875,-31.73907470703125,-153.07095336914062
-138.44906616210938,-31.720947265625,-153.03677368164062
-138.48870849609375,-31.796173095703125,-153.02955627441406
-138.4145965576172,-31.65081787109375,-153.22613525390625
-138.52352905273438,-31.31243896484375,-153.6217498779297
-138.61587524414062,-30.628067016601562,-153.893310546875
-138.45970153808594,-29.865219116210938,-154.47874450683594
-138.44961547851562,-29.067169189453125,-154.5975341796875
-138.55142211914062,-28.365936279296875,-155.15109252929688
-139.0637969970703,-27.419097900390625,-155.37841796875
-139.51858520507812,-26.424331665039062,-155.3111114501953
-139.9890594482422,-25.555633544921875,-155.38772583007812
-140.36767578125,-24.619537353515625,-155.593994140625
-140.95889282226562,-23.501419067382812,-155.86582946777344
-141.4937286376953,-22.29998779296875,-155.82496643066406
-141.92852783203125,-20.905990600585938,-155.84628295898438
-142.27865600585938,-19.2119140625,-155.91696166992188
-142.80813598632812,-17.982254028320312,-156.04917907714844
-143.22459411621094,-16.458221435546875,-156.08663940429688
-143.88319396972656,-15.222442626953125,-155.63458251953125
-144.75851440429688,-13.857940673828125,-155.10093688964844
-145.6383056640625,-12.718719482421875,-154.1464080810547
-146.6163787841797,-11.87139892578125,-152.90664672851562
-147.64573669433594,-11.113006591796875,-151.72659301757812
-148.4506378173828,-10.284042358398438,-150.3099365234375
-149.5045928955078,-9.61895751953125,-148.9691619873047
-150.45767211914062,-9.359130859375,-147.49827575683594
-150.87510681152344,-9.209930419921875,-146.31326293945312
-151.3287811279297,-9.58001708984375,-144.81443786621094
-151.75608825683594,-10.045364379882812,-143.80589294433594
-151.8161163330078,-11.1182861328125,-143.2797088623047
-151.50411987304688,-12.538543701171875,-143.57257080078125
-151.0108184814453,-14.12200927734375,-144.24069213867188
-150.00804138183594,-16.0361328125,-145.05227661132812
-149.12306213378906,-18.274200439453125,-146.62416076660156
-147.53915405273438,-20.606842041015625,-147.88902282714844
-145.6247100830078,-23.077621459960938,-149.47674560546875
-143.39097595214844,-25.642578125,-151.3223114013672
-140.4172821044922,-28.046630859375,-152.83131408691406
-137.05178833007812,-30.746673583984375,-154.08523559570312
-133.6197509765625,-33.04890441894531,-154.81849670410156
-129.892333984375,-35.47169494628906,-155.2346954345703
-126.08157348632812,-37.504486083984375,-155.2974090576172
-121.83596801757812,-39.11199951171875,-155.10728454589844
-117.31607055664062,-40.04608154296875,-154.72421264648438
-113.2733154296875,-40.51527404785156,-154.3959503173828
-109.12049865722656,-40.293182373046875,-154.07244873046875
-105.5545654296875,-39.675201416015625,-153.48941040039062
-102.42518615722656,-38.835235595703125,-152.9314727783203
-99.5125732421875,-37.95599365234375,-152.08139038085938
-96.69856262207031,-36.70109558105469,-151.19998168945312
-94.46482849121094,-35.72944641113281,-149.9905242919922
-92.25045776367188,-35.00105285644531,-148.41806030273438
-90.46902465820312,-34.47535705566406,-146.10177612304688
-88.70997619628906,-33.91839599609375,-143.84783935546875
-87.14588928222656,-33.44596862792969,-140.98452758789062
-85.83955383300781,-32.68418884277344,-137.89927673339844
-84.48985290527344,-31.483932495117188,-134.77781677246094
-83.14321899414062,-30.060104370117188,-131.7407684326172
-82.08747863769531,-27.833999633789062,-128.76312255859375
-81.10984802246094,-25.532516479492188,-126.295654296875
-80.43402099609375,-22.718338012695312,-124.12522888183594
-79.81918334960938,-19.61712646484375,-122.71673583984375
-79.25962829589844,-16.700515747070312,-121.63031005859375
-78.9141845703125,-13.541793823242188,-120.87789916992188
-79.12889099121094,-10.245956420898438,-120.04917907714844
-79.2769775390625,-6.8890228271484375,-119.52944946289062
-80.09153747558594,-3.46002197265625,-119.24880981445312
-81.07762145996094,-0.1805877685546875,-118.86824035644531
-82.43196105957031,3.2506103515625,-118.58206176757812
-84.19918823242188,6.77276611328125,-118.20173645019531
-86.28965759277344,9.971435546875,-118.23561096191406
-88.59602355957031,13.070159912109375,-118.27427673339844
-91.07748413085938,15.9075927734375,-118.61956787109375
-94.10317993164062,18.391326904296875,-119.12246704101562
-97.08935546875,20.564910888671875,-119.57762145996094
-100.36679077148438,22.283554077148438,-120.37010192871094
-104.05764770507812,23.993209838867188,-121.42243957519531
-107.786865234375,25.54345703125,-122.57272338867188
-111.32061767578125,26.7098388671875,-124.39155578613281
-114.3330078125,27.35992431640625,-126.87760925292969
-116.77082824707031,27.70831298828125,-129.83839416503906
-119.06961059570312,27.827285766601562,-132.65853881835938
-121.70082092285156,27.758621215820312,-135.74839782714844
-124.54203796386719,27.026031494140625,-138.29959106445312
-127.84111022949219,25.862991333007812,-140.58990478515625
-131.32508850097656,24.095321655273438,-142.64962768554688
-134.89622497558594,21.9998779296875,-144.495361328125
-138.10305786132812,19.579147338867188,-146.0138397216797
-141.1142120361328,16.44598388671875,-147.8764190673828
-143.8592987060547,12.800857543945312,-149.64273071289062
-146.16799926757812,8.681396484375,-151.2491455078125
-148.23814392089844,4.15667724609375,-152.79458618164062
-149.38304138183594,-0.900299072265625,-154.47479248046875
-148.95652770996094,-6.37860107421875,-156.1063232421875
-147.30189514160156,-11.32000732421875,-156.22784423828125
-146.08151245117188,-15.259414672851562,-154.63131713867188
-146.26651000976562,-18.576019287109375,-153.21951293945312
-146.4533233642578,-22.320236206054688,-153.68112182617188
-144.8472900390625,-26.264984130859375,-154.66917419433594
-141.98504638671875,-30.409088134765625,-155.37135314941406
-138.38377380371094,-34.11900329589844,-155.704833984375
-134.15040588378906,-37.200592041015625,-155.40939331054688
-129.70892333984375,-39.53135681152344,-154.71597290039062
-125.23847961425781,-41.2147216796875,-154.0270538330078
-120.96916198730469,-42.386505126953125,-153.24720764160156
-116.65017700195312,-42.78153991699219,-152.58470153808594
-112.83303833007812,-42.68470764160156,-152.09751892089844
-109.45849609375,-41.7496337890625,-151.9095916748047
-106.33941650390625,-40.142822265625,-152.4900665283203
-103.33396911621094,-37.50901794433594,-153.35958862304688
-100.46278381347656,-33.89875793457031,-155.01513671875
-98.46708679199219,-29.465957641601562,-156.95510864257812
-97.38642883300781,-24.47332763671875,-158.9527130126953
-97.45985412597656,-19.137374877929688,-160.65924072265625
-98.62428283691406,-13.778060913085938,-162.36289978027344
-100.89065551757812,-8.8519287109375,-163.71029663085938
-104.02140808105469,-4.5427398681640625,-164.7017822265625
-108.17596435546875,-0.9885406494140625,-165.0836181640625
-112.57894897460938,1.4745635986328125,-165.33645629882812
-116.95964050292969,3.1422119140625,-165.08277893066406
-121.08001708984375,4.0381927490234375,-164.3439178466797
-124.99583435058594,4.763763427734375,-163.30355834960938
-128.04196166992188,5.3153076171875,-162.13400268554688
-130.61538696289062,5.526092529296875,-160.86868286132812
-132.50794982910156,5.4914703369140625,-159.574462890625
-134.36239624023438,5.1427001953125,-158.5874786376953
-135.86923217773438,4.4007110595703125,-157.5864715576172
-137.1316375732422,3.4144287109375,-156.83299255371094
-138.09368896484375,2.194000244140625,-156.55418395996094
-138.50155639648438,0.774017333984375,-156.9086151123047
-137.8299102783203,-0.4795379638671875,-157.93380737304688
-136.34657287597656,-2.0323944091796875,-159.25352478027344
-134.6396484375,-3.7130279541015625,-160.8362274169922
-132.5249481201172,-5.4978790283203125,-162.84898376464844
-130.4507598876953,-7.928436279296875,-164.6160888671875
-128.16744995117188,-10.393798828125,-165.94427490234375
-125.82109069824219,-12.828399658203125,-167.2327880859375
-123.549560546875,-15.453369140625,-168.17312622070312
-120.884765625,-17.704666137695312,-168.3870086669922
-118.33230590820312,-20.468734741210938,-168.45523071289062
-115.87709045410156,-22.769058227539062,-168.24676513671875
-113.14283752441406,-25.042617797851562,-167.3782958984375
-110.32388305664062,-27.215682983398438,-166.1800079345703
-107.88385009765625,-29.234909057617188,-164.7049560546875
-105.48825073242188,-31.357009887695312,-162.7221221923828
-103.29730224609375,-33.442352294921875,-160.2035369873047
-101.21293640136719,-35.22904968261719,-157.51187133789062
-99.05050659179688,-36.755645751953125,-154.38108825683594
-96.97792053222656,-37.9049072265625,-151.0072021484375
-95.0712890625,-38.684295654296875,-147.2940673828125
-93.02951049804688,-39.171630859375,-143.3286590576172
-90.98983764648438,-38.66471862792969,-139.39471435546875
-89.20207214355469,-37.625946044921875,-135.52732849121094
-87.16093444824219,-36.094390869140625,-131.93954467773438
-85.51950073242188,-33.62443542480469,-128.90052795410156
-83.71044921875,-30.667129516601562,-126.29055786132812
-82.21827697753906,-27.36907958984375,-124.12284851074219
-81.25076293945312,-23.975570678710938,-122.44520568847656
-80.22227478027344,-20.2705078125,-120.60005187988281
-79.64414978027344,-16.42254638671875,-119.28143310546875
-79.53302001953125,-12.471466064453125,-118.13865661621094
-79.97785949707031,-8.234909057617188,-117.17298889160156
-80.63642883300781,-4.05926513671875,-116.75126647949219
-81.52462768554688,-0.2499237060546875,-116.94723510742188
-82.61946105957031,3.271240234375,-117.52890014648438
-83.98893737792969,6.512176513671875,-118.2047119140625
-85.46214294433594,9.57867431640625,-119.12139892578125
-87.18316650390625,12.358612060546875,-120.12477111816406
-89.28729248046875,14.901702880859375,-121.04754638671875
-91.66018676757812,17.483261108398438,-122.0233154296875
-94.498779296875,19.983688354492188,-123.20770263671875
-97.88621520996094,22.159515380859375,-124.64566040039062
-101.12234497070312,23.990341186523438,-126.25637817382812
-104.59848022460938,25.477584838867188,-128.3300018310547
-107.86351013183594,26.188186645507812,-130.30731201171875
-110.45278930664062,26.755294799804688,-132.5351104736328
-112.71734619140625,26.867340087890625,-134.57180786132812
-114.61152648925781,26.815353393554688,-136.97409057617188
-116.62699890136719,26.5174560546875,-139.38668823242188
-118.57716369628906,26.17071533203125,-141.6067657470703
-120.60050964355469,25.475173950195312,-143.64808654785156
-122.92120361328125,24.741607666015625,-145.3543243408203
-125.47764587402344,23.98736572265625,-146.8839569091797
-128.01361083984375,23.233169555664062,-147.84947204589844
-130.58084106445312,21.768234252929688,-148.7852783203125
-133.15623474121094,20.423477172851562,-149.7590789794922
-135.70623779296875,18.757308959960938,-150.66392517089844
-138.04568481445312,16.803955078125,-151.57484436035156
-140.55043029785156,14.452728271484375,-152.29173278808594
-143.12037658691406,11.667449951171875,-152.9110107421875
-145.5669708251953,8.406723022460938,-153.53634643554688
-148.19667053222656,4.5050506591796875,-154.40830993652344
-149.42112731933594,0.0029296875,-155.20492553710938
-149.34866333007812,-4.5027618408203125,-155.71755981445312
-148.7084503173828,-9.113998413085938,-154.62564086914062
-148.7838592529297,-13.410934448242188,-153.28648376464844
-148.76853942871094,-18.125320434570312,-152.95252990722656
-147.3120880126953,-22.798141479492188,-153.7874298095703
-144.5708770751953,-27.545974731445312,-154.80392456054688
-140.9993896484375,-31.751876831054688,-155.12168884277344
-136.81114196777344,-35.5283203125,-155.08139038085938
-132.50601196289062,-38.61610412597656,-154.54660034179688
-128.31907653808594,-41.117919921875,-153.630859375
-123.93075561523438,-43.07807922363281,-152.334228515625
-119.75473022460938,-43.96482849121094,-151.25619506835938
-115.71113586425781,-44.47161865234375,-150.5251922607422
-111.6920166015625,-44.28887939453125,-149.760986328125
-107.77537536621094,-43.294647216796875,-149.42665100097656
-104.33364868164062,-41.37995910644531,-149.8269805908203
-101.07121276855469,-38.5838623046875,-151.2018585205078
-98.94635009765625,-35.19279479980469,-153.37181091308594
-97.95683288574219,-31.26959228515625,-155.938720703125
-98.2408447265625,-26.605072021484375,-158.87213134765625
-99.33538818359375,-21.839492797851562,-161.65505981445312
-101.46708679199219,-17.20343017578125,-163.99588012695312
-104.41828918457031,-12.853195190429688,-165.61317443847656
-108.021728515625,-8.931182861328125,-166.7445526123047
-112.33255004882812,-5.293121337890625,-167.08119201660156
-116.83859252929688,-1.804656982421875,-166.66030883789062
-121.35400390625,1.157012939453125,-165.56243896484375
-125.53936767578125,3.96435546875,-163.5752716064453
-129.10061645507812,6.2597808837890625,-161.51284790039062
-131.85694885253906,8.039016723632812,-159.27626037597656
-134.1411895751953,9.063858032226562,-157.3779754638672
-136.2338104248047,9.276580810546875,-155.66494750976562
-138.0716094970703,9.022842407226562,-154.1315460205078
-139.87722778320312,8.514205932617188,-153.09945678710938
-141.37448120117188,7.386810302734375,-151.71734619140625
-142.90969848632812,6.32330322265625,-150.65968322753906
-143.9093780517578,5.4342041015625,-149.65248107910156
-144.54713439941406,4.427093505859375,-149.34776306152344
-144.64698791503906,3.225372314453125,-149.394287109375
-144.19544982910156,2.238800048828125,-150.2572021484375
-143.2265625,1.10882568359375,-152.15982055664062
-142.0108184814453,-0.36114501953125,-154.2418975830078
-140.46949768066406,-1.946136474609375,-156.57398986816406
-138.77447509765625,-3.6815185546875,-159.10459899902344
-136.9113006591797,-5.8991241455078125,-160.970947265625
-134.92108154296875,-8.403167724609375,-162.97996520996094
-132.93312072753906,-10.794021606445312,-164.57701110839844
-130.81422424316406,-13.336898803710938,-165.91192626953125
-128.16339111328125,-15.828811645507812,-166.90457153320312
-125.55662536621094,-18.1318359375,-167.7525634765625
-122.91001892089844,-20.209335327148438,-168.1048126220703
-120.3397216796875,-22.428939819335938,-168.0753631591797
-117.56866455078125,-24.481094360351562,-167.83595275878906
-115.05061340332031,-26.488143920898438,-167.0926055908203
-112.695068359375,-28.250930786132812,-166.3109893798828
-110.57173156738281,-29.888916015625,-165.2490997314453
-108.69444274902344,-31.279678344726562,-163.6490020751953
-106.76594543457031,-32.681671142578125,-162.36334228515625
-105.05912780761719,-33.69044494628906,-161.06332397460938
-103.10627746582031,-34.714080810546875,-159.2576141357422
-100.90501403808594,-35.53076171875,-157.3516082763672
-98.99671936035156,-36.3309326171875,-155.17730712890625
-96.81687927246094,-36.8040771484375,-152.48265075683594
-94.75370788574219,-37.09211730957031,-149.27658081054688
-92.47763061523438,-37.158355712890625,-145.8782501220703
-90.3675537109375,-36.451629638671875,-142.76748657226562
-87.97389221191406,-35.019561767578125,-140.00161743164062
-85.76318359375,-33.28985595703125,-137.0644989013672
-83.80307006835938,-30.96307373046875,-134.60609436035156
-82.32382202148438,-28.312026977539062,-132.32003784179688
-80.85673522949219,-25.280899047851562,-130.1965789794922
-79.69026184082031,-22.303207397460938,-128.65328979492188
-78.81869506835938,-18.918304443359375,-127.17015075683594
-78.25068664550781,-15.557952880859375,-126.37788391113281
-78.15144348144531,-12.071182250976562,-125.65414428710938
-78.13005065917969,-8.74053955078125,-125.3028564453125
-78.40533447265625,-5.368316650390625,-125.40640258789062
-79.06988525390625,-2.4894866943359375,-125.56790161132812
-79.867431640625,0.2440338134765625,-126.20626831054688
-80.74038696289062,3.0229949951171875,-126.38847351074219
-81.74565124511719,5.3045806884765625,-127.09367370605469
-83.23710632324219,7.7843170166015625,-127.70947265625
-84.73008728027344,10.218154907226562,-128.5435333251953
-86.30584716796875,12.38836669921875,-129.4810333251953
-88.01664733886719,14.473114013671875,-130.45912170410156
-90.02037048339844,16.554107666015625,-131.0620574951172
-92.30314636230469,18.524322509765625,-131.63905334472656
-95.10296630859375,20.539321899414062,-131.81784057617188
-97.76521301269531,22.268768310546875,-131.71774291992188
-100.64277648925781,23.721771240234375,-131.45840454101562
-104.1417236328125,25.247406005859375,-131.5764923095703
-107.58448791503906,26.389968872070312,-131.7392578125
-111.11518859863281,27.179595947265625,-132.02566528320312
-114.63165283203125,27.715621948242188,-132.610595703125
-118.11093139648438,27.792510986328125,-133.56201171875
-121.67018127441406,27.797073364257812,-134.82293701171875
-124.85359191894531,27.332763671875,-136.62417602539062
-128.13697814941406,26.303909301757812,-138.58050537109375
-131.4011688232422,24.816558837890625,-140.05654907226562
-134.77920532226562,22.995819091796875,-141.45504760742188
-138.1109619140625,21.009674072265625,-142.77056884765625
-141.45980834960938,18.490631103515625,-143.63027954101562
-144.6087188720703,15.498764038085938,-144.05523681640625
-147.24879455566406,12.448104858398438,-144.42567443847656
-149.67018127441406,8.581451416015625,-144.60498046875
-151.5050048828125,4.53985595703125,-144.80091857910156
-152.7912139892578,0.3023681640625,-144.68148803710938
-153.66226196289062,-3.9662017822265625,-144.33108520507812
-154.4857177734375,-8.596817016601562,-144.35472106933594
-154.55796813964844,-13.389877319335938,-145.13441467285156
-153.60923767089844,-18.313812255859375,-146.4392852783203
-151.7259979248047,-23.367965698242188,-147.80728149414062
-148.8973388671875,-28.064971923828125,-148.87086486816406
-145.1201171875,-32.63945007324219,-149.4598846435547
-140.83836364746094,-36.98115539550781,-149.57406616210938
-135.98985290527344,-40.510009765625,-149.04908752441406
-130.71131896972656,-43.15440368652344,-148.46400451660156
-125.4986572265625,-45.25978088378906,-147.55657958984375
-119.83352661132812,-46.19537353515625,-146.68099975585938
-114.42338562011719,-46.04368591308594,-146.29872131347656
-109.48927307128906,-45.24113464355469,-146.1349334716797
-104.74150085449219,-43.540069580078125,-146.6503143310547
-100.67088317871094,-40.95777893066406,-147.58682250976562
-97.33393859863281,-37.73681640625,-149.06227111816406
-94.85777282714844,-33.70442199707031,-151.15708923339844
-93.27096557617188,-28.984954833984375,-153.49734497070312
-92.49812316894531,-23.62359619140625,-156.20440673828125
-93.20591735839844,-17.894149780273438,-158.8930206298828
-95.40321350097656,-11.913497924804688,-161.21412658691406
-98.94471740722656,-6.018157958984375,-162.9792022705078
-103.34609985351562,-0.382354736328125,-163.84617614746094
-108.59611511230469,4.298858642578125,-164.09335327148438
-114.46591186523438,7.5203399658203125,-163.48126220703125
-119.65101623535156,9.61370849609375,-162.4037628173828
-124.01983642578125,10.669830322265625,-161.08099365234375
-126.83512878417969,11.032760620117188,-159.8274688720703
-128.6684112548828,11.3353271484375,-158.92140197753906
-130.09898376464844,11.445236206054688,-158.3270721435547
-131.31561279296875,11.589431762695312,-157.70143127441406
-132.51962280273438,11.64892578125,-156.6496124267578
-133.7888946533203,11.874649047851562,-155.80032348632812
-134.76283264160156,11.740737915039062,-155.0188751220703
-135.62989807128906,11.29150390625,-154.3625030517578
-136.5101776123047,10.2218017578125,-154.2837371826172
-136.7227783203125,9.15673828125,-154.82859802246094
-136.5925750732422,7.778167724609375,-155.83868408203125
-135.68527221679688,5.9932403564453125,-157.36697387695312
-134.7758331298828,4.088775634765625,-159.16981506347656
-133.31442260742188,2.1425628662109375,-160.77684020996094
-131.49945068359375,0.1731719970703125,-162.66119384765625
-129.3911590576172,-1.6304168701171875,-164.10963439941406
-127.14347839355469,-3.2866973876953125,-165.4555206298828
-125.12591552734375,-5.06390380859375,-166.55996704101562
-123.33256530761719,-7.0306854248046875,-167.59402465820312
-121.24092102050781,-8.893112182617188,-168.540283203125
-119.30204772949219,-11.234771728515625,-169.11045837402344
-117.38339233398438,-13.559921264648438,-169.50607299804688
-115.31008911132812,-15.935836791992188,-169.58004760742188
-113.00822448730469,-18.453079223632812,-169.63821411132812
-111.05816650390625,-20.922378540039062,-169.18328857421875
-109.419677734375,-23.6873779296875,-168.14181518554688
-107.49002075195312,-26.115280151367188,-166.67478942871094
-105.77070617675781,-28.390594482421875,-164.8655548095703
-103.98283386230469,-30.67218017578125,-162.65696716308594
-102.17796325683594,-32.77540588378906,-160.4023895263672
-100.13360595703125,-34.38270568847656,-157.62208557128906
-98.34007263183594,-36.16554260253906,-154.54031372070312
-96.51431274414062,-37.53460693359375,-151.21226501464844
-94.55532836914062,-38.46302795410156,-147.6396942138672
-92.68339538574219,-38.82099914550781,-143.58895874023438
-90.6348876953125,-38.4610595703125,-139.50131225585938
-88.55903625488281,-37.05474853515625,-135.9802703857422
-86.62306213378906,-35.1263427734375,-132.80056762695312
-84.74139404296875,-32.71168518066406,-130.7053680419922
-82.75582885742188,-29.696884155273438,-129.6082000732422
-81.18827819824219,-26.65301513671875,-128.91873168945312
-79.89559936523438,-23.1279296875,-128.8524932861328
-78.767333984375,-19.42095947265625,-129.37579345703125
-77.99600219726562,-15.578872680664062,-129.82240295410156
-77.75677490234375,-11.83233642578125,-130.75210571289062
-78.15121459960938,-7.936370849609375,-132.3644561767578
-78.70379638671875,-4.2182159423828125,-134.3699493408203
-79.93955993652344,-0.937835693359375,-136.5822296142578
-81.1640625,1.3593292236328125,-138.731201171875
-82.5360107421875,3.5930633544921875,-140.57350158691406
-84.08013916015625,5.5175018310546875,-142.06338500976562
-85.88211059570312,7.4430084228515625,-143.3309326171875
-87.58888244628906,9.352569580078125,-144.4674530029297
-89.79434204101562,11.026397705078125,-145.48721313476562
-91.89398193359375,12.866897583007812,-146.14651489257812
-94.59854125976562,14.806350708007812,-146.81735229492188
-97.13607788085938,16.685317993164062,-146.91932678222656
-99.88023376464844,18.645095825195312,-146.59828186035156
-102.50782775878906,20.309127807617188,-145.95286560058594
-105.01646423339844,21.957672119140625,-144.82313537597656
-107.59001159667969,23.399276733398438,-143.3972930908203
-110.28201293945312,24.34613037109375,-142.05233764648438
-112.78466796875,25.509124755859375,-140.819580078125
-115.45668029785156,26.298751831054688,-139.92837524414062
-118.13214111328125,26.612716674804688,-139.37353515625
-120.67449951171875,26.98968505859375,-139.67576599121094
-123.20787048339844,26.478897094726562,-140.99099731445312
-125.76800537109375,25.6639404296875,-143.0762939453125
-128.4185791015625,23.874496459960938,-145.52935791015625
-131.48011779785156,21.609649658203125,-148.39210510253906
-134.94471740722656,18.631118774414062,-150.71615600585938
-138.41880798339844,15.02215576171875,-152.03921508789062
-141.86895751953125,11.109970092773438,-152.61619567871094
-144.7538299560547,6.6785736083984375,-153.04519653320312
-147.17269897460938,1.7958526611328125,-152.98008728027344
-148.4423828125,-3.003997802734375,-152.784423828125
-149.2387237548828,-7.54571533203125,-152.5688018798828
-149.323974609375,-12.20245361328125,-152.64227294921875
-148.5974884033203,-17.036026000976562,-153.3047332763672
-147.04844665527344,-22.030181884765625,-153.9935760498047
-144.8727569580078,-26.854690551757812,-154.405517578125
-141.7706298828125,-31.2598876953125,-154.0836181640625
-138.1943359375,-35.37861633300781,-153.1757354736328
-134.15353393554688,-38.92942810058594,-151.85585021972656
-130.0550537109375,-42.00294494628906,-150.1028289794922
-125.75364685058594,-44.275848388671875,-148.18800354003906
-121.27236938476562,-45.86134338378906,-146.4215087890625
-116.9002685546875,-46.67559814453125,-144.54827880859375
-112.45535278320312,-46.78773498535156,-142.8203125
-108.13984680175781,-46.238555908203125,-141.37677001953125
-103.8153076171875,-45.044677734375,-140.2672119140625
-99.40159606933594,-42.91093444824219,-139.9545135498047
-95.26620483398438,-39.891693115234375,-140.23663330078125
-91.62821960449219,-36.25849914550781,-142.04391479492188
-88.88902282714844,-31.560592651367188,-144.33689880371094
-87.10032653808594,-26.2579345703125,-146.964111328125
-86.53616333007812,-20.60833740234375,-149.46630859375
-86.78834533691406,-14.72198486328125,-151.9024200439453
-88.30848693847656,-9.053634643554688,-154.10394287109375
-90.98834228515625,-4.197845458984375,-155.9313201904297
-94.38758850097656,0.0907745361328125,-157.7057647705078
-98.45257568359375,3.58978271484375,-159.2273712158203
-102.58064270019531,6.544036865234375,-160.1131134033203
-106.69680786132812,8.9583740234375,-160.45150756835938
-110.37368774414062,10.903366088867188,-160.09613037109375
-113.33261108398438,12.607681274414062,-159.44390869140625
-115.59034729003906,14.005905151367188,-158.7389373779297
-117.29013061523438,14.784988403320312,-157.94046020507812
-118.75616455078125,15.355224609375,-157.51011657714844
-120.30120849609375,15.415512084960938,-157.3736572265625
-121.8558349609375,15.180404663085938,-157.4234161376953
-123.21403503417969,14.653976440429688,-157.2310791015625
-124.2156982421875,14.315200805664062,-156.96438598632812
-125.39773559570312,13.7933349609375,-156.9156494140625
-125.88894653320312,13.033126831054688,-157.0343475341797
-125.77671813964844,12.612548828125,-157.65957641601562
-124.80378723144531,11.58343505859375,-158.4261474609375
-123.4169921875,10.778457641601562,-159.58389282226562
-121.55290222167969,9.611419677734375,-160.68118286132812
-118.91697692871094,8.452362060546875,-162.04827880859375
-116.1385498046875,7.094024658203125,-162.88211059570312
-113.04574584960938,5.7811737060546875,-163.62896728515625
-110.16416931152344,4.536895751953125,-163.82705688476562
-106.87297058105469,3.343292236328125,-163.5104217529297
-103.9398193359375,2.15484619140625,-163.07620239257812
-100.95103454589844,0.9871063232421875,-162.2470245361328
-98.07821655273438,0.0114288330078125,-161.25424194335938
-95.18142700195312,-0.7046356201171875,-160.14292907714844
-92.54891967773438,-1.468475341796875,-158.67298889160156
-90.01335144042969,-2.484466552734375,-157.01797485351562
-87.94932556152344,-3.3518218994140625,-155.42144775390625
-85.75373840332031,-4.2642364501953125,-153.378662109375
-83.89897155761719,-5.3964691162109375,-151.2273712158203
-82.15306091308594,-6.051666259765625,-149.16995239257812
-80.79872131347656,-6.8133697509765625,-147.11260986328125
-79.58683776855469,-7.8857421875,-144.82040405273438
-78.61802673339844,-8.737747192382812,-142.2334747314453
-77.67596435546875,-9.653640747070312,-139.58229064941406
-77.29219055175781,-10.393264770507812,-136.68951416015625
-76.63111877441406,-11.354843139648438,-133.96026611328125
-76.47747802734375,-12.61395263671875,-131.1625518798828
-76.49832153320312,-14.0133056640625,-128.4502410888672
-76.9884033203125,-15.529434204101562,-125.35762023925781
-77.77076721191406,-17.281143188476562,-122.67520141601562
-78.80650329589844,-19.057159423828125,-119.76107788085938
-80.15797424316406,-21.080642700195312,-117.15325927734375
-81.78556823730469,-23.184173583984375,-114.66535949707031
-83.65399169921875,-25.176040649414062,-112.22109985351562
-86.09854125976562,-27.351715087890625,-110.0289306640625
-88.82423400878906,-29.497634887695312,-107.89381408691406
-92.05264282226562,-31.4244384765625,-105.99929809570312
-95.68167114257812,-33.32373046875,-104.30316162109375
-99.40008544921875,-35.048095703125,-102.82052612304688
-103.51348876953125,-36.5849609375,-101.72723388671875
-107.30906677246094,-37.60029602050781,-101.18093872070312
-111.43299865722656,-38.332855224609375,-100.67295837402344
-115.13713073730469,-38.90592956542969,-100.72567749023438
-118.70086669921875,-39.02339172363281,-100.9981689453125
-121.66023254394531,-38.907806396484375,-101.17100524902344
-124.603515625,-38.90229797363281,-101.52340698242188
-127.56291198730469,-38.939422607421875,-102.76480102539062
-130.2617645263672,-38.96366882324219,-103.95603942871094
-132.74008178710938,-38.98321533203125,-105.22103881835938
-134.55636596679688,-38.931640625,-106.3663330078125
-136.26449584960938,-38.66960144042969,-107.72819519042969
-137.55738830566406,-38.34344482421875,-109.0042724609375
-138.4825439453125,-38.27406311035156,-109.945556640625
-139.38534545898438,-38.22930908203125,-111.00944519042969
-140.29222106933594,-38.382904052734375,-111.99484252929688
-140.94378662109375,-38.379913330078125,-113.38693237304688
-141.41485595703125,-38.59318542480469,-114.59516906738281
-141.6102752685547,-39.09587097167969,-115.71987915039062
-141.98434448242188,-39.35682678222656,-116.9964599609375
-142.1702423095703,-39.57167053222656,-118.21867370605469
-142.3044891357422,-39.65142822265625,-119.04652404785156
-142.3548583984375,-39.74366760253906,-119.47877502441406
-142.21046447753906,-39.79949951171875,-119.98672485351562
-142.20263671875,-39.80149841308594,-120.3143310546875
-142.46705627441406,-39.99150085449219,-120.51008605957031
-142.3433837890625,-40.001068115234375,-120.87167358398438
-142.54586791992188,-40.16484069824219,-120.96424865722656
-142.28172302246094,-40.38299560546875,-121.30337524414062
-142.5838165283203,-40.30377197265625,-121.538818359375
-142.7523956298828,-40.24774169921875,-121.80746459960938
-142.70635986328125,-40.00657653808594,-122.12535095214844
-142.87042236328125,-39.919158935546875,-122.30998229980469
-143.03770446777344,-40.06327819824219,-122.66038513183594
-143.1169891357422,-39.98454284667969,-122.99073791503906
-143.21238708496094,-39.903350830078125,-122.89274597167969
-143.3955535888672,-39.859344482421875,-123.08076477050781
-143.6546173095703,-39.725006103515625,-123.12358093261719
-143.76580810546875,-39.46067810058594,-123.32858276367188
-143.85699462890625,-39.288787841796875,-123.48233032226562
-144.34185791015625,-39.10264587402344,-123.5274658203125
-144.45860290527344,-38.671234130859375,-123.53671264648438
-144.7597198486328,-38.649932861328125,-123.7847900390625
-145.22923278808594,-38.46063232421875,-123.8994140625
-145.29039001464844,-38.32647705078125,-124.15689086914062
-145.32989501953125,-38.225677490234375,-124.06405639648438
-145.49342346191406,-37.75993347167969,-123.99855041503906
-145.86166381835938,-37.65565490722656,-123.98606872558594
-146.0906219482422,-37.58702087402344,-123.93577575683594
-146.48326110839844,-37.15031433105469,-124.06124877929688
-146.9129638671875,-36.8939208984375,-124.08499145507812
-147.087890625,-36.58013916015625,-123.75019836425781
-147.34817504882812,-36.29182434082031,-123.40823364257812
-147.37640380859375,-35.86131286621094,-122.95115661621094
-147.34217834472656,-35.44752502441406,-122.306884765625
-147.56439208984375,-35.05723571777344,-121.5177001953125
-147.62490844726562,-34.33375549316406,-120.65361022949219
-147.66653442382812,-33.85163879394531,-119.35861206054688
-147.94276428222656,-33.23396301269531,-118.20765686035156
-148.0070037841797,-32.59654235839844,-116.81590270996094
-148.27134704589844,-31.46063232421875,-115.27742004394531
-148.36050415039062,-30.330047607421875,-113.93440246582031
-148.341796875,-28.726272583007812,-112.47303771972656
-148.39598083496094,-27.43597412109375,-111.03298950195312
-148.399658203125,-25.877304077148438,-109.41368103027344
-148.17337036132812,-24.052276611328125,-107.97328186035156
-148.1580352783203,-22.239639282226562,-106.77737426757812
-148.0291748046875,-20.262130737304688,-105.52973937988281
-147.82830810546875,-18.00244140625,-104.66375732421875
-147.7012481689453,-15.907333374023438,-103.85986328125
-147.6163330078125,-13.683914184570312,-103.05633544921875
-147.59796142578125,-11.564544677734375,-102.62664794921875
-147.83734130859375,-9.49041748046875,-102.77540588378906
-148.0797119140625,-7.4560699462890625,-103.19944763183594
-148.11477661132812,-5.791778564453125,-103.41151428222656
-148.18507385253906,-4.052398681640625,-104.08277893066406
-148.09402465820312,-2.3641815185546875,-104.76420593261719
-147.97251892089844,-0.42462158203125,-105.22897338867188
-147.61013793945312,1.3239898681640625,-105.38320922851562
-147.27491760253906,2.9223785400390625,-105.92872619628906
-146.6761474609375,4.6563262939453125,-106.44175720214844
-146.2626495361328,6.131195068359375,-106.8319091796875
-145.7755889892578,7.473541259765625,-107.18418884277344
-144.9955291748047,8.752975463867188,-107.71919250488281
-144.33213806152344,9.804351806640625,-108.15951538085938
-143.67254638671875,10.812728881835938,-108.58735656738281
-142.95538330078125,11.787261962890625,-108.51750183105469
-142.13742065429688,12.672210693359375,-108.80908203125
-141.45355224609375,13.430404663085938,-108.83639526367188
-140.5074920654297,14.139663696289062,-108.78477478027344
-139.8264617919922,14.595535278320312,-108.87228393554688
-139.2503662109375,14.976318359375,-108.87002563476562
-138.66773986816406,15.31597900390625,-108.70796203613281
-138.2681121826172,15.483566284179688,-108.32582092285156
-137.71646118164062,15.4212646484375,-108.10867309570312
-137.2383270263672,15.52490234375,-107.83045959472656
-136.3195037841797,15.39495849609375,-107.39173889160156
-135.3727264404297,15.53857421875,-106.6783447265625
-134.1365203857422,15.472900390625,-106.00384521484375
-133.20558166503906,15.456893920898438,-105.04335021972656
-132.37139892578125,15.569931030273438,-104.49690246582031
-131.90501403808594,15.293716430664062,-104.27999877929688
-131.4362030029297,15.350692749023438,-104.37075805664062
-131.2139892578125,15.444900512695312,-104.08447265625
-130.78634643554688,15.320419311523438,-103.61558532714844
-130.1112060546875,15.216690063476562,-103.48287963867188
-129.7351531982422,15.085784912109375,-103.21585083007812
-129.22763061523438,14.978775024414062,-102.86268615722656
-128.96261596679688,14.9610595703125,-102.74183654785156
-128.71798706054688,14.779205322265625,-102.32879638671875
-128.37344360351562,14.87823486328125,-102.10630798339844
-127.84664916992188,14.749374389648438,-101.83200073242188
-127.23539733886719,14.92156982421875,-101.84803771972656
-126.8604736328125,14.836456298828125,-101.5733642578125
-126.34561157226562,15.029327392578125,-101.33003234863281
-126.01559448242188,15.084228515625,-101.45777893066406
-125.61692810058594,14.95574951171875,-101.05818176269531
-125.16744995117188,15.232757568359375,-101.14259338378906
-124.82804870605469,15.450775146484375,-101.29959106445312
-124.37727355957031,15.554092407226562,-101.46519470214844
-124.1209716796875,15.832321166992188,-101.37446594238281
-123.57136535644531,16.12078857421875,-101.67132568359375
-123.26298522949219,16.440216064453125,-102.00042724609375
-123.14483642578125,16.705413818359375,-102.21926879882812
-122.93267822265625,16.7578125,-102.35797119140625
-122.37199401855469,17.102630615234375,-102.83078002929688
-121.99604797363281,17.53839111328125,-102.96388244628906
-121.95079040527344,17.598861694335938,-103.41253662109375
-122.01356506347656,17.87835693359375,-103.3475341796875
-121.80596923828125,17.940399169921875,-103.51329040527344
-121.54840087890625,17.949066162109375,-103.57818603515625
-121.36506652832031,17.633331298828125,-103.23402404785156
-121.22700500488281,17.629135131835938,-103.22706604003906
-121.21267700195312,17.758041381835938,-103.14041137695312
-120.93280029296875,17.9464111328125,-103.23580932617188
-121.02363586425781,17.899383544921875,-103.20181274414062
-120.71879577636719,18.077713012695312,-103.31892395019531
-120.27978515625,17.982635498046875,-103.41293334960938
-120.03128051757812,17.94940185546875,-103.37844848632812
-119.78387451171875,17.844390869140625,-103.10385131835938
-119.35972595214844,17.761489868164062,-103.18893432617188
-119.07557678222656,17.902740478515625,-102.96397399902344
-118.962158203125,17.82342529296875,-102.87281799316406
-118.85415649414062,17.872634887695312,-102.85662841796875
-118.84292602539062,17.7974853515625,-102.91584777832031
-118.65188598632812,17.67059326171875,-102.66746520996094
-118.31100463867188,17.823287963867188,-102.58259582519531
-118.21955871582031,17.7880859375,-102.70358276367188
-117.8746337890625,17.691818237304688,-102.72239685058594
-117.60279846191406,17.409591674804688,-102.63356018066406
-117.23945617675781,17.23321533203125,-102.48841857910156
-116.97352600097656,17.092864990234375,-102.3084716796875
-116.3604736328125,16.800399780273438,-101.95967102050781
-115.56733703613281,16.655166625976562,-101.83831787109375
-114.73406982421875,16.525848388671875,-101.78852844238281
-114.07217407226562,16.540557861328125,-101.991943359375
-113.63529968261719,16.434738159179688,-102.02760314941406
-113.28083801269531,16.267730712890625,-101.81205749511719
-113.11502075195312,16.042938232421875,-101.60458374023438
-112.53196716308594,16.09442138671875,-101.77557373046875
-112.05448913574219,16.124618530273438,-101.80967712402344
-111.73017883300781,15.9083251953125,-101.70175170898438
-111.41725158691406,15.932220458984375,-101.89443969726562
-111.02731323242188,15.972274780273438,-101.92982482910156
-110.49932861328125,15.74609375,-101.95892333984375
-110.01579284667969,15.31768798828125,-102.03060913085938
-109.36512756347656,15.143463134765625,-102.08808898925781
-108.58187866210938,15.191879272460938,-101.79269409179688
-107.87886047363281,14.975509643554688,-101.83615112304688
-106.9593505859375,14.647430419921875,-101.98471069335938
-106.32926940917969,14.542739868164062,-101.76646423339844
-105.74447631835938,14.356094360351562,-101.96745300292969
-105.0535888671875,14.002914428710938,-102.0616455078125
-104.74057006835938,13.7978515625,-102.07472229003906
-104.35160827636719,13.653518676757812,-102.02796936035156
-104.23677062988281,13.392913818359375,-102.21017456054688
-103.86874389648438,13.454116821289062,-102.25433349609375
-103.81341552734375,13.2454833984375,-102.00625610351562
-103.91459655761719,13.428604125976562,-102.08380126953125
-103.89622497558594,13.452850341796875,-102.11166381835938
-103.90104675292969,13.377899169921875,-102.04499816894531
-104.11274719238281,13.38861083984375,-101.94331359863281
-104.03363037109375,13.467971801757812,-101.75886535644531
-104.12655639648438,13.844833374023438,-101.77265930175781
-104.31013488769531,13.661331176757812,-101.86773681640625
-104.37672424316406,13.609512329101562,-101.99722290039062
-104.59553527832031,13.693893432617188,-102.24935913085938
-104.79937744140625,13.598724365234375,-102.20761108398438
-104.73252868652344,13.698226928710938,-102.41041564941406
-104.73347473144531,13.61846923828125,-102.40986633300781
-104.64776611328125,13.720352172851562,-102.3294677734375
-104.60078430175781,13.794692993164062,-102.20610046386719
-104.56459045410156,13.81982421875,-102.25569152832031
-104.72195434570312,13.819488525390625,-102.23976135253906
-104.56660461425781,13.971221923828125,-102.279052734375
-104.76409912109375,13.741317749023438,-102.14787292480469
-104.60679626464844,13.654708862304688,-102.2354736328125
-104.50149536132812,13.6617431640625,-102.23286437988281
-104.48544311523438,13.70648193359375,-102.43595886230469
-104.68464660644531,13.647628784179688,-102.40351867675781
-104.64088439941406,13.658859252929688,-102.56892395019531
-104.64291381835938,13.677627563476562,-102.48805236816406
-104.61273193359375,13.5352783203125,-102.22817993164062
-104.67010498046875,13.514694213867188,-102.19622802734375
-104.56008911132812,13.571640014648438,-102.22027587890625
-104.67828369140625,13.56640625,-102.20970153808594
-104.51063537597656,13.654449462890625,-102.28497314453125
-104.32318115234375,13.570022583007812,-102.25762939453125
-104.31935119628906,13.639480590820312,-102.27874755859375
-104.67791748046875,13.5177001953125,-102.14903259277344
-104.45668029785156,13.712295532226562,-102.19525146484375
-104.68769836425781,13.431243896484375,-102.03511047363281
-104.5457763671875,13.4879150390625,-102.11653137207031
-104.34849548339844,13.447280883789062,-101.99125671386719
-104.53318786621094,13.4759521484375,-102.10948181152344
-104.69007873535156,13.4920654296875,-102.27354431152344
-104.66517639160156,13.39288330078125,-102.09437561035156
-104.48597717285156,13.687606811523438,-102.15437316894531
-104.61561584472656,13.57818603515625,-102.27488708496094
-104.424560546875,13.820388793945312,-102.43643188476562
-104.61637878417969,13.567153930664062,-102.57427978515625
-104.6314697265625,13.57568359375,-102.54753112792969
-104.80830383300781,13.792633056640625,-102.17518615722656
-104.62608337402344,13.705581665039062,-102.20703125
-104.69090270996094,13.699386596679688,-102.17771911621094
-104.6104736328125,13.78302001953125,-102.20155334472656
-104.56591796875,13.824615478515625,-102.53880310058594
-104.62179565429688,13.662200927734375,-102.3472900390625
-104.61610412597656,13.677291870117188,-102.39979553222656
-104.61355590820312,13.56976318359375,-102.401611328125
-104.70779418945312,13.556991577148438,-102.26934814453125
-104.67256164550781,13.476089477539062,-102.2425537109375
-104.84373474121094,13.53948974609375,-102.1302490234375
-104.58580017089844,13.629608154296875,-102.19728088378906
-104.51155090332031,13.659194946289062,-102.22422790527344
-104.66970825195312,13.668563842773438,-102.1824951171875
-104.62739562988281,13.471160888671875,-102.1854248046875
-104.65370178222656,13.52972412109375,-102.12307739257812
-104.57574462890625,13.57220458984375,-102.27803039550781
-104.66061401367188,13.580474853515625,-102.15274047851562
-104.43399047851562,13.692214965820312,-102.27737426757812
-104.41871643066406,13.636199951171875,-102.43582153320312
-104.63401794433594,13.446609497070312,-102.44859313964844
-104.56047058105469,13.667510986328125,-102.50059509277344
-104.81822204589844,13.54974365234375,-102.51277160644531
-104.6322021484375,13.455673217773438,-102.60708618164062
-104.71441650390625,13.571975708007812,-102.3358154296875
-104.76679992675781,13.516311645507812,-102.186767578125
-104.64958190917969,13.789215087890625,-102.19065856933594
-104.55242919921875,13.759017944335938,-102.24310302734375
-104.65423583984375,13.841827392578125,-102.11932373046875
-104.49061584472656,13.862411499023438,-102.14401245117188
-104.56158447265625,13.737350463867188,-101.9752197265625
-104.59571838378906,13.663864135742188,-101.86968994140625
-104.59065246582031,13.80682373046875,-102.00076293945312
-104.58009338378906,13.625808715820312,-102.10350036621094
-104.52139282226562,13.702377319335938,-102.07154846191406
-104.66883850097656,13.614608764648438,-102.03312683105469
-104.56510925292969,13.74444580078125,-102.08404541015625
-104.7537841796875,13.74127197265625,-102.04624938964844
-104.61077880859375,13.809234619140625,-102.14462280273438
-104.58633422851562,13.601409912109375,-102.03924560546875
-104.64039611816406,13.69659423828125,-102.01499938964844
-104.56214904785156,13.656509399414062,-102.060302734375
-104.68440246582031,13.571868896484375,-101.8604736328125
-104.84346008300781,13.574691772460938,-101.7393798828125
-104.73341369628906,13.787918090820312,-101.77934265136719
-104.82905578613281,13.792648315429688,-101.7357177734375
-104.62167358398438,13.7281494140625,-101.90528869628906
-104.59268188476562,13.765151977539062,-101.814697265625
-104.62699890136719,13.822799682617188,-101.75053405761719
-104.83131408691406,13.777618408203125,-101.76237487792969
-104.73545837402344,13.7567138671875,-101.98974609375
-104.92904663085938,13.70526123046875,-101.794921875
-104.76097106933594,13.89044189453125,-101.72207641601562
-104.90480041503906,13.767684936523438,-101.82366943359375
-104.95901489257812,13.665771484375,-101.76268005371094
-104.73036193847656,13.663345336914062,-101.68222045898438
-104.77606201171875,13.695999145507812,-101.95732116699219
-104.70616149902344,13.969711303710938,-102.11553955078125
-104.67411804199219,14.078765869140625,-102.10011291503906
-104.77142333984375,13.982681274414062,-102.02116394042969
-104.78297424316406,13.849929809570312,-101.88542175292969
-104.70811462402344,13.905929565429688,-102.10977172851562
-104.83833312988281,13.958282470703125,-102.00436401367188
-104.74163818359375,13.737060546875,-102.30195617675781
-104.82466125488281,13.764694213867188,-102.19136047363281
-104.79058837890625,13.636123657226562,-102.21537780761719
-104.8358154296875,13.771270751953125,-102.05677795410156
-104.60939025878906,13.818771362304688,-102.11433410644531
-104.81527709960938,13.675003051757812,-101.92471313476562
-104.82786560058594,13.79498291015625,-102.10130310058594
-104.87673950195312,13.827911376953125,-101.89675903320312
-104.84126281738281,13.764236450195312,-102.03486633300781
-104.7060546875,13.841384887695312,-102.17036437988281
-104.72280883789062,13.645462036132812,-102.265625
-104.71533203125,13.709182739257812,-102.25132751464844
-104.762939453125,13.811508178710938,-102.03176879882812
-104.96807861328125,13.791427612304688,-101.98382568359375
-104.75314331054688,13.66534423828125,-102.11102294921875
-104.75607299804688,13.586593627929688,-102.10768127441406
-104.83436584472656,13.689743041992188,-101.99749755859375
-104.73037719726562,13.684661865234375,-102.25804138183594
-104.98779296875,13.662704467773438,-102.07785034179688
-104.97640991210938,13.658432006835938,-101.9080810546875
-104.85462951660156,13.69879150390625,-101.95274353027344
-104.8243408203125,13.837020874023438,-102.11125183105469
-104.72291564941406,13.892669677734375,-102.12303161621094
-104.84742736816406,13.59912109375,-102.02430725097656
-104.88987731933594,13.691452026367188,-102.06556701660156
-104.83049011230469,13.794937133789062,-102.2283935546875
-104.85987854003906,13.775222778320312,-102.12832641601562
-104.98493957519531,13.61077880859375,-102.09330749511719
-105.0030517578125,13.623992919921875,-102.18051147460938
-104.88919067382812,13.664962768554688,-102.38581848144531
-104.78343200683594,13.837646484375,-102.35256958007812
-104.85061645507812,13.85992431640625,-102.53633117675781
-104.93093872070312,13.84027099609375,-102.24212646484375
-104.88006591796875,13.92926025390625,-102.04037475585938
-105.05857849121094,13.865585327148438,-102.10432434082031
-105.05601501464844,13.827560424804688,-101.98704528808594
-105.13072204589844,13.856887817382812,-101.93022155761719
-104.92137145996094,13.77392578125,-101.94134521484375
-105.05230712890625,13.695724487304688,-101.98638916015625
-105.03288269042969,13.652236938476562,-102.09126281738281
-105.00924682617188,13.782730102539062,-101.94515991210938
-105.22502136230469,13.604248046875,-101.86778259277344
-105.008056640625,13.571029663085938,-101.76261901855469
-105.01815795898438,13.667434692382812,-101.76692199707031
-105.03071594238281,13.790618896484375,-101.57582092285156
-104.99844360351562,13.837783813476562,-101.80580139160156
-104.88740539550781,13.660171508789062,-101.804443359375
-104.88226318359375,13.616668701171875,-102.00027465820312
-105.06108093261719,13.811233520507812,-102.22758483886719
-104.85758972167969,13.832855224609375,-102.2037353515625
-104.95147705078125,13.885238647460938,-102.19361877441406
-104.91497802734375,13.78143310546875,-102.17799377441406
-104.94580078125,13.792037963867188,-101.968994140625
-105.04283142089844,13.635238647460938,-101.68098449707031
-105.14167785644531,13.793426513671875,-101.76089477539062
-105.2783203125,13.82135009765625,-102.08477783203125
-105.00285339355469,13.80584716796875,-102.00819396972656
-105.08082580566406,13.80657958984375,-102.25860595703125
-105.01089477539062,13.79180908203125,-102.16534423828125
-104.9627685546875,13.749710083007812,-102.22819519042969
-104.96484375,13.777389526367188,-102.00357055664062
-105.06109619140625,13.69818115234375,-102.10487365722656
-105.00096130371094,13.701156616210938,-102.05267333984375
-104.85606384277344,13.77557373046875,-102.11221313476562
-104.8564453125,13.724868774414062,-102.00517272949219
-105.03067016601562,13.660446166992188,-102.00604248046875
-104.96835327148438,13.839370727539062,-102.18760681152344
-104.89016723632812,13.70538330078125,-102.25886535644531
-104.98272705078125,13.70660400390625,-102.27125549316406
-104.91667175292969,13.826217651367188,-102.0479736328125
-104.87199401855469,13.900100708007812,-101.95004272460938
-104.97636413574219,13.897796630859375,-102.13325500488281
-104.77436828613281,13.701080322265625,-102.15731811523438
-105.03627014160156,13.766494750976562,-102.17123413085938
-105.10188293457031,13.8984375,-102.25968933105469
-105.18655395507812,13.693954467773438,-102.02700805664062
-105.063720703125,13.828414916992188,-102.12135314941406
-105.13148498535156,13.820327758789062,-102.22886657714844
-105.00274658203125,13.605133056640625,-102.16580200195312
-105.01396179199219,13.80511474609375,-102.23249816894531
-105.06857299804688,13.83978271484375,-102.18647766113281
-104.91580200195312,13.722305297851562,-102.54374694824219
-104.95272827148438,13.789718627929688,-102.37358093261719
-104.96669006347656,13.7064208984375,-102.22563171386719
-104.82286071777344,13.787551879882812,-102.29591369628906
-104.87985229492188,13.651153564453125,-102.18052673339844
-104.80482482910156,13.702804565429688,-102.40327453613281
-104.74043273925781,13.703033447265625,-102.15946960449219
-104.90406799316406,13.594573974609375,-102.18875122070312
-104.84823608398438,13.639022827148438,-102.09201049804688
-105.12637329101562,13.459182739257812,-102.05911254882812
-105.10197448730469,13.569168090820312,-102.13825988769531
-104.88938903808594,13.684585571289062,-102.10539245605469
-105.05287170410156,13.643646240234375,-102.08958435058594
-105.09907531738281,13.747283935546875,-102.01243591308594
-104.92071533203125,13.7208251953125,-102.19026184082031
-105.03497314453125,13.77655029296875,-102.24917602539062
-104.99339294433594,13.78826904296875,-102.21026611328125
-105.01884460449219,13.708160400390625,-102.35623168945312
-104.87800598144531,13.730270385742188,-102.45835876464844
-104.75849914550781,13.94659423828125,-102.44636535644531
-104.81967163085938,13.740890502929688,-102.30589294433594
-104.73966979980469,13.81365966796875,-102.2205810546875
-104.88383483886719,13.753555297851562,-102.24298095703125
-104.96426391601562,13.764068603515625,-102.22453308105469
-104.98689270019531,13.727798461914062,-102.34490966796875
-104.99069213867188,13.698944091796875,-102.38368225097656
-104.94204711914062,13.941787719726562,-102.62007141113281
-104.82563781738281,13.970199584960938,-102.51835632324219
-104.70703125,14.04437255859375,-102.34521484375
-104.72035217285156,13.900711059570312,-102.32121276855469
-104.71490478515625,13.90277099609375,-102.33494567871094
-104.78460693359375,13.734176635742188,-102.41094970703125
-104.9827880859375,13.699066162109375,-102.29116821289062
-104.9635009765625,13.594970703125,-102.23623657226562
-104.96820068359375,13.736968994140625,-102.21560668945312
-104.73265075683594,13.791046142578125,-102.41026306152344
-104.88845825195312,13.754837036132812,-102.32427978515625
-104.79069519042969,13.891189575195312,-102.50196838378906
-104.74658203125,13.865219116210938,-102.32856750488281
-104.74472045898438,13.870437622070312,-102.24446105957031
-104.75315856933594,14.070693969726562,-102.40055847167969
-104.56376647949219,13.935073852539062,-102.49420166015625
-104.68783569335938,13.925018310546875,-102.62132263183594
-104.68754577636719,13.974807739257812,-102.52330017089844
-104.74798583984375,13.933670043945312,-102.33384704589844
-104.68052673339844,13.861724853515625,-102.44984436035156
-104.66267395019531,13.830001831054688,-102.17620849609375
-104.57099914550781,13.72528076171875,-102.11271667480469
-104.52635192871094,13.758529663085938,-102.1385498046875
-104.27053833007812,13.806655883789062,-102.02592468261719
-104.62173461914062,13.575408935546875,-101.83927917480469
-104.60787963867188,13.676116943359375,-102.26080322265625
-104.67695617675781,13.6790771484375,-102.40414428710938
-104.55830383300781,13.567794799804688,-102.22482299804688
-104.62286376953125,13.724868774414062,-102.25564575195312
-104.69869995117188,13.751983642578125,-102.21197509765625
-104.65135192871094,13.871719360351562,-102.17265319824219
-104.6259765625,13.945968627929688,-102.5223388671875
-104.5850830078125,13.731292724609375,-102.43458557128906
-104.65696716308594,13.811370849609375,-102.30125427246094
-104.74513244628906,13.83502197265625,-102.26914978027344
-104.58149719238281,13.768890380859375,-102.16575622558594
-104.63943481445312,13.71826171875,-102.16581726074219
-104.41830444335938,13.746551513671875,-102.21871948242188
-104.63446044921875,13.77655029296875,-102.43663024902344
-104.75730895996094,13.805252075195312,-102.41334533691406
-104.74285888671875,13.7320556640625,-102.43775939941406
-104.81602478027344,13.934982299804688,-102.38429260253906
-104.84037780761719,13.831024169921875,-102.13674926757812
-104.8043212890625,13.843795776367188,-102.0865478515625
-104.81866455078125,13.77001953125,-102.06990051269531
-104.74714660644531,13.820541381835938,-102.28645324707031
-104.82499694824219,13.641876220703125,-102.19252014160156
-104.83485412597656,13.765823364257812,-102.3629150390625
-104.63294982910156,14.02569580078125,-102.41377258300781
-104.696533203125,13.858230590820312,-102.38798522949219
-104.58695983886719,14.103485107421875,-102.51470947265625
-104.589111328125,14.093368530273438,-102.48796081542969
-104.70524597167969,14.001708984375,-102.6236572265625
-104.82296752929688,13.968124389648438,-102.3846435546875
-104.6746826171875,14.016586303710938,-102.49763488769531
-104.54487609863281,13.837493896484375,-102.50576782226562
-104.61421203613281,13.771743774414062,-102.59523010253906
-104.60089111328125,13.727035522460938,-102.26618957519531
-104.74037170410156,13.76214599609375,-102.29621887207031
-104.96377563476562,13.717422485351562,-102.21493530273438
-104.95756530761719,13.580795288085938,-102.21664428710938
-104.7135009765625,13.697097778320312,-102.22283935546875
-104.97869873046875,13.65521240234375,-102.21102905273438
-104.75840759277344,13.60198974609375,-102.51536560058594
-104.62857055664062,13.6163330078125,-102.51210021972656
-104.7440185546875,13.647872924804688,-102.58256530761719
-104.85922241210938,13.702713012695312,-102.48558044433594
-104.84249877929688,13.7403564453125,-102.50167846679688
-104.88267517089844,13.610244750976562,-102.22810363769531
-104.80226135253906,13.787872314453125,-102.04953002929688
-104.90655517578125,13.79803466796875,-102.00650024414062
-104.87428283691406,13.806106567382812,-102.19963073730469
-105.00006103515625,13.829238891601562,-102.23373413085938
-105.04327392578125,13.70904541015625,-102.29159545898438
-105.1029052734375,13.571380615234375,-102.26483154296875
-104.88679504394531,13.631454467773438,-102.26364135742188
-104.97479248046875,13.569137573242188,-102.20547485351562
-104.90861511230469,13.703033447265625,-102.21788024902344
-104.88137817382812,13.574127197265625,-102.23013305664062
-104.97416687011719,13.7613525390625,-102.4189453125
-104.84844970703125,13.725967407226562,-102.53717041015625
-104.96376037597656,13.678939819335938,-102.30006408691406
-104.80606079101562,13.563812255859375,-102.29508972167969
-104.89152526855469,13.689834594726562,-102.16691589355469
-104.71418762207031,13.726089477539062,-102.13420104980469
-104.94293212890625,13.791610717773438,-102.14109802246094
-104.828369140625,13.69921875,-102.06309509277344
-104.98898315429688,13.701751708984375,-102.10502624511719
-105.07089233398438,13.583648681640625,-101.84440612792969
-105.07937622070312,13.732894897460938,-102.05601501464844
-105.19216918945312,13.655197143554688,-101.84596252441406
-105.05996704101562,13.675857543945312,-101.95204162597656
-105.10971069335938,13.63885498046875,-101.83953857421875
-104.99131774902344,13.79290771484375,-101.96316528320312
-105.10015869140625,13.677413940429688,-101.78282165527344
-105.12799072265625,13.691268920898438,-101.74525451660156
-104.92509460449219,13.64874267578125,-101.90982055664062
-104.96630859375,13.613845825195312,-101.88356018066406
-104.95449829101562,13.564605712890625,-101.86860656738281
-105.04019165039062,13.685104370117188,-102.01759338378906
-104.85859680175781,13.825820922851562,-102.01071166992188
-104.96101379394531,13.754898071289062,-102.08377075195312
-104.82402038574219,13.603118896484375,-102.06669616699219
-104.86782836914062,13.646270751953125,-102.10791015625
-104.9356689453125,13.687225341796875,-102.07716369628906
-104.95773315429688,13.661865234375,-102.08799743652344
-104.92204284667969,13.721038818359375,-102.16844177246094
-104.84596252441406,13.799392700195312,-102.23204040527344
-104.74179077148438,13.710952758789062,-102.26527404785156
-104.77799987792969,13.779067993164062,-102.12431335449219
-104.86695861816406,13.772811889648438,-102.00537109375
-105.13508605957031,13.642608642578125,-102.125244140625
-105.06828308105469,13.634719848632812,-102.28364562988281
-104.88424682617188,13.620834350585938,-102.27975463867188
-104.77244567871094,13.5919189453125,-102.16946411132812
-104.95826721191406,13.472320556640625,-102.28176879882812
-104.86088562011719,13.511428833007812,-102.23300170898438
-104.8294677734375,13.630294799804688,-102.23602294921875
-104.73857116699219,13.455413818359375,-102.23509216308594
-104.70112609863281,13.707366943359375,-102.25718688964844
-104.70335388183594,13.6795654296875,-102.20130920410156
-105.10665893554688,13.493560791015625,-102.19195556640625
-105.01405334472656,13.697647094726562,-102.35134887695312
-105.13162231445312,13.589218139648438,-102.45808410644531
-104.79637145996094,13.659759521484375,-102.411865234375
-104.82254028320312,13.581130981445312,-102.15351867675781
-104.89918518066406,13.704513549804688,-102.20071411132812
-104.89842224121094,13.71636962890625,-102.43016052246094
-104.81373596191406,13.7293701171875,-102.34513854980469
-104.72389221191406,13.712432861328125,-102.36175537109375
-104.73388671875,13.842453002929688,-102.57672119140625
-104.63446044921875,13.949722290039062,-102.42463684082031
-104.427490234375,13.930709838867188,-102.04949951171875
-104.45271301269531,13.897079467773438,-102.05857849121094
-104.62841796875,13.709701538085938,-102.08503723144531
-104.55709838867188,13.761993408203125,-102.25811767578125
-104.75341796875,13.610443115234375,-102.25852966308594
-104.8900146484375,13.69989013671875,-102.29949951171875
-104.87103271484375,13.755401611328125,-102.20115661621094
-104.95526123046875,13.832122802734375,-102.36830139160156
-104.695556640625,13.89923095703125,-102.58203125
-104.74794006347656,13.924346923828125,-102.5257568359375
-104.97261047363281,13.955978393554688,-102.17143249511719
-104.75416564941406,14.027694702148438,-102.40475463867188
-104.70492553710938,13.83758544921875,-102.39144897460938
-104.74171447753906,14.070175170898438,-102.09402465820312
-104.84539794921875,14.083114624023438,-101.90304565429688
-104.67332458496094,14.098907470703125,-102.268310546875
-104.55033874511719,13.71343994140625,-102.31986999511719
-104.77070617675781,13.704635620117188,-102.53038024902344
-104.70733642578125,13.8194580078125,-102.46107482910156
-104.76557922363281,13.79345703125,-102.35453796386719
-104.94486999511719,13.751251220703125,-102.23139953613281
-104.74533081054688,13.727523803710938,-102.27323913574219
-104.93035888671875,13.659286499023438,-102.17396545410156
-104.71719360351562,13.824371337890625,-102.2364501953125
-104.81060791015625,13.699508666992188,-102.17901611328125
-104.82940673828125,13.722198486328125,-102.39691162109375
-104.79541015625,13.90386962890625,-102.4793701171875
-104.80715942382812,14.03497314453125,-102.57600402832031
-104.86541748046875,13.963592529296875,-102.33682250976562
-104.71900939941406,13.7752685546875,-102.35035705566406
-104.72988891601562,13.627639770507812,-102.18913269042969
-104.60411071777344,13.711395263671875,-102.17776489257812
-104.57855224609375,13.658966064453125,-102.15586853027344
-104.45359802246094,13.812698364257812,-102.40048217773438
-104.55256652832031,13.706268310546875,-102.29191589355469
-104.42384338378906,13.914535522460938,-102.20628356933594
-104.41017150878906,13.807403564453125,-102.39178466796875
-104.589599609375,13.714950561523438,-102.25942993164062
-104.80186462402344,13.806427001953125,-102.416748046875
-104.69398498535156,13.702484130859375,-102.38832092285156
-104.73416137695312,13.825042724609375,-102.39222717285156
-104.88192749023438,13.72119140625,-102.33482360839844
-104.72816467285156,13.613723754882812,-102.39601135253906
-104.63174438476562,13.801254272460938,-102.543212890625
-104.54216003417969,13.830825805664062,-102.49678039550781
-104.51246643066406,13.863723754882812,-102.60832214355469
-104.63980102539062,13.87225341796875,-102.49443054199219
-104.77218627929688,13.823486328125,-102.59190368652344
-104.82490539550781,13.866409301757812,-102.55879211425781
-104.77291870117188,13.886947631835938,-102.57022094726562
-104.93197631835938,13.8106689453125,-102.50357055664062
-105.10183715820312,13.713043212890625,-102.77734375
-104.88763427734375,13.748687744140625,-102.51515197753906
-105.13308715820312,13.6326904296875,-102.15827941894531
-105.0157470703125,13.6700439453125,-102.12777709960938
-104.90763854980469,13.69512939453125,-102.14405822753906
-105.05569458007812,13.785675048828125,-102.25967407226562
-105.06251525878906,13.8236083984375,-102.16864013671875
-105.22892761230469,13.566940307617188,-102.22001647949219
-105.0784912109375,13.80279541015625,-102.31828308105469
-105.05099487304688,13.716751098632812,-102.53749084472656
-105.03248596191406,13.747512817382812,-102.54862976074219
-104.93336486816406,13.686721801757812,-102.47923278808594
-104.89178466796875,13.563446044921875,-102.53703308105469
-104.935546875,13.5985107421875,-102.47140502929688
-104.96575927734375,13.702362060546875,-102.48675537109375
-104.92230224609375,13.752792358398438,-102.77017211914062
-104.85649108886719,13.708526611328125,-102.53515625
-104.90359497070312,13.678268432617188,-102.57124328613281
-105.01155090332031,13.586227416992188,-102.47889709472656
-105.07609558105469,13.699737548828125,-102.50935363769531
-105.05369567871094,13.66522216796875,-102.48353576660156
-105.04374694824219,13.604873657226562,-102.42774963378906
-105.00650024414062,13.535491943359375,-102.34785461425781
-104.98077392578125,13.567474365234375,-102.42991638183594
-104.94892883300781,13.454833984375,-102.4022216796875
-104.77003479003906,13.493331909179688,-102.33990478515625
-104.70211791992188,13.440200805664062,-102.54646301269531
-104.91172790527344,13.620315551757812,-102.54270935058594
-104.85092163085938,13.581314086914062,-102.39031982421875
-104.72372436523438,13.707778930664062,-102.3492431640625
-104.76664733886719,13.698654174804688,-102.45146179199219
-104.95106506347656,13.641021728515625,-102.33476257324219
-104.75009155273438,13.591384887695312,-102.52346801757812
-104.7957763671875,13.573974609375,-102.58290100097656
-104.68629455566406,13.530975341796875,-102.5438232421875
-104.7327880859375,13.542984008789062,-102.5965576171875
-104.69996643066406,13.610366821289062,-102.157470703125
-104.87088012695312,13.576248168945312,-102.15542602539062
-104.93801879882812,13.628280639648438,-102.19386291503906
-104.93826293945312,13.652557373046875,-102.19502258300781
-104.97349548339844,13.6414794921875,-102.21925354003906
-104.88214111328125,13.623077392578125,-102.25997924804688
-104.86705017089844,13.708160400390625,-102.322998046875
-104.85722351074219,13.498336791992188,-102.57215881347656
-104.92237854003906,13.59808349609375,-102.60466003417969
-104.85198974609375,13.8173828125,-102.32919311523438
-104.98785400390625,13.74395751953125,-102.35853576660156
-105.12214660644531,13.802658081054688,-102.551513671875
-104.88285827636719,13.757308959960938,-102.47756958007812
-104.90292358398438,13.822113037109375,-102.37693786621094
-104.56332397460938,13.98052978515625,-102.48263549804688
-104.63835144042969,13.823028564453125,-102.6201171875
-104.57772827148438,13.81768798828125,-102.74125671386719
-104.74113464355469,13.711395263671875,-102.60623168945312
-104.57206726074219,13.835693359375,-102.5618896484375
-104.69259643554688,13.724334716796875,-102.56202697753906
-104.72114562988281,13.702789306640625,-102.66081237792969
-104.76803588867188,13.979690551757812,-102.56541442871094
-104.775634765625,14.0997314453125,-102.53765869140625
-104.72175598144531,13.924606323242188,-102.34051513671875
-104.7205810546875,13.817398071289062,-102.57537841796875
-104.57298278808594,13.730453491210938,-102.59004211425781
-104.68128967285156,13.692840576171875,-102.50108337402344
-104.51350402832031,13.48297119140625,-102.5819091796875
-104.24458312988281,13.408401489257812,-102.53211975097656
-104.34840393066406,13.29034423828125,-102.56399536132812
-104.21360778808594,13.236572265625,-102.4578857421875
-104.15061950683594,13.2935791015625,-102.55937194824219
-104.04121398925781,13.201187133789062,-102.4671630859375
-104.19807434082031,13.142974853515625,-102.69195556640625
-104.36651611328125,13.158554077148438,-102.747802734375
-104.25868225097656,13.303176879882812,-102.47398376464844
-104.1700439453125,13.276901245117188,-102.49430847167969
-104.16142272949219,13.163742065429688,-102.54096984863281
-103.93550109863281,13.035476684570312,-102.48194885253906
-103.69731140136719,12.946334838867188,-102.48423767089844
-103.63700866699219,12.948471069335938,-102.37161254882812
-103.50273132324219,12.8438720703125,-102.27650451660156
-103.62393188476562,12.732574462890625,-102.27114868164062
-103.38197326660156,12.553695678710938,-102.40304565429688
-103.23452758789062,12.503387451171875,-102.18992614746094
-103.06645202636719,12.5133056640625,-102.26565551757812
-102.97370910644531,12.408905029296875,-102.33430480957031
-102.85578918457031,12.307037353515625,-102.322265625
-102.73838806152344,12.228759765625,-102.34364318847656
-102.57852172851562,12.12554931640625,-102.21980285644531
-102.4188232421875,12.05511474609375,-102.19277954101562
-102.09230041503906,11.895156860351562,-102.20489501953125
-101.9267578125,11.832305908203125,-102.26856994628906
-101.81472778320312,11.677383422851562,-102.15489196777344
-101.68687438964844,11.673507690429688,-101.68574523925781
-101.55360412597656,11.571380615234375,-101.64642333984375
-101.43231201171875,11.423294067382812,-102.0179443359375
-101.22808837890625,11.301956176757812,-101.81918334960938
-101.10861206054688,11.221145629882812,-101.66154479980469
-100.9432373046875,11.335586547851562,-101.71177673339844
-100.98728942871094,11.146209716796875,-101.86509704589844
-100.69912719726562,11.049514770507812,-101.89279174804688
-100.71112060546875,11.001373291015625,-101.69772338867188
-100.80287170410156,10.852890014648438,-101.88380432128906
-100.7044677734375,10.847747802734375,-102.07716369628906
-100.823486328125,10.824478149414062,-102.06822204589844
-100.79270935058594,10.933212280273438,-102.09686279296875
-100.81285095214844,10.680496215820312,-102.12834167480469
-100.54771423339844,10.573043823242188,-101.86482238769531
-100.53657531738281,10.659622192382812,-102.06929016113281
-100.51702880859375,10.804397583007812,-102.10820007324219
-100.26560974121094,10.741622924804688,-102.04267883300781
-100.459228515625,10.788299560546875,-101.95429992675781
-100.56086730957031,10.7982177734375,-101.89756774902344
-100.72152709960938,10.679244995117188,-101.93531799316406
-100.65501403808594,10.817977905273438,-101.91835021972656
-100.78378295898438,10.93914794921875,-102.09257507324219
-101.01347351074219,10.821044921875,-102.11688232421875
-101.23603820800781,11.04083251953125,-102.07186889648438
-101.21186828613281,11.23590087890625,-102.27357482910156
-101.07243347167969,11.38836669921875,-102.37933349609375
-100.96745300292969,11.274215698242188,-102.58406066894531
-100.56190490722656,11.344772338867188,-102.62702941894531
-100.36062622070312,11.242477416992188,-102.84471130371094
-99.93011474609375,11.107376098632812,-102.87803649902344
-99.90202331542969,10.856948852539062,-102.75875854492188
-99.63026428222656,10.63671875,-102.49468994140625
-99.47618103027344,10.170806884765625,-102.55009460449219
-99.09547424316406,9.803054809570312,-102.29217529296875
-98.98689270019531,9.254547119140625,-102.06034851074219
-98.65916442871094,8.835220336914062,-101.66123962402344
-98.37942504882812,8.531234741210938,-101.33921813964844
-98.21395874023438,7.8582305908203125,-100.98893737792969
-98.12519836425781,7.3384552001953125,-100.81362915039062
-98.07037353515625,6.8068695068359375,-100.60781860351562
-97.87158203125,6.0162506103515625,-100.47575378417969
-97.59906005859375,5.2655487060546875,-100.42282104492188
-97.23713684082031,4.424713134765625,-100.26197814941406
-96.96392822265625,3.2816925048828125,-99.93016052246094
-96.59518432617188,2.2008209228515625,-99.67839050292969
-96.17726135253906,1.2823486328125,-99.24882507324219
-95.91162109375,0.065399169921875,-99.18202209472656
-95.5416259765625,-0.98583984375,-99.17994689941406
-95.33927917480469,-2.09466552734375,-99.03842163085938
-95.15362548828125,-3.3385467529296875,-98.72691345214844
-94.86105346679688,-4.4822235107421875,-98.57258605957031
-94.65690612792969,-5.3885345458984375,-98.4188232421875
-94.4281005859375,-6.1922149658203125,-98.30026245117188
-94.27349853515625,-6.97283935546875,-98.38186645507812
-94.25680541992188,-7.8367462158203125,-98.51115417480469
-94.31996154785156,-8.240142822265625,-98.4521484375
-94.29779052734375,-8.978866577148438,-98.20170593261719
-94.30717468261719,-9.388946533203125,-98.25738525390625
-94.24259948730469,-9.843765258789062,-98.21427917480469
-94.42042541503906,-10.163925170898438,-98.09483337402344
-94.63728332519531,-10.492401123046875,-97.87223815917969
-94.74488830566406,-10.836151123046875,-97.78549194335938
-94.73675537109375,-11.152297973632812,-97.66825866699219
-94.78111267089844,-11.321609497070312,-97.68067932128906
-95.10267639160156,-11.701736450195312,-97.49258422851562
-95.19154357910156,-11.784027099609375,-97.39262390136719
-95.220947265625,-11.916656494140625,-97.54159545898438
-95.53892517089844,-12.022491455078125,-97.50788879394531
-95.72837829589844,-12.176559448242188,-97.39443969726562
-95.86888122558594,-12.29132080078125,-97.3455810546875
-95.7255859375,-12.279937744140625,-97.15170288085938
-95.63604736328125,-12.2928466796875,-97.14932250976562
-95.61882019042969,-12.405563354492188,-97.15364074707031
-95.49765014648438,-12.512954711914062,-97.40528869628906
-95.65388488769531,-12.620880126953125,-97.39250183105469
-95.645263671875,-12.539230346679688,-97.41404724121094
-95.85733032226562,-12.6810302734375,-97.41705322265625
-95.8614501953125,-12.327346801757812,-97.42352294921875
-95.87258911132812,-12.371322631835938,-97.18016052246094
-95.73280334472656,-12.216293334960938,-97.20188903808594
-95.87225341796875,-12.100555419921875,-97.08807373046875
-95.88511657714844,-11.954681396484375,-96.96113586425781
-95.91215515136719,-11.848098754882812,-96.89190673828125
-96.09542846679688,-11.4833984375,-96.82563781738281
-95.98799133300781,-11.486679077148438,-96.75430297851562
-96.17723083496094,-11.12200927734375,-96.7530517578125
-96.41716003417969,-11.05682373046875,-96.78994750976562
-96.28497314453125,-10.947036743164062,-96.80047607421875
-96.38127136230469,-10.946868896484375,-96.74992370605469
-96.39909362792969,-10.743988037109375,-96.7584228515625
-96.3802490234375,-10.680419921875,-96.86720275878906
-96.35154724121094,-10.401031494140625,-96.93370056152344
-96.40208435058594,-10.349563598632812,-96.79153442382812
-96.29933166503906,-10.414703369140625,-96.83406066894531
-96.31340026855469,-10.421646118164062,-97.00022888183594
-96.32223510742188,-10.453765869140625,-96.97926330566406
-96.35507202148438,-10.51422119140625,-97.03857421875
-96.36311340332031,-10.568923950195312,-96.91372680664062
-96.1285400390625,-10.658447265625,-96.97177124023438
-96.07014465332031,-10.537277221679688,-97.14932250976562
-95.91793823242188,-10.6317138671875,-97.14302062988281
-95.87065124511719,-10.602523803710938,-97.34626770019531
-95.96656799316406,-10.505661010742188,-97.20646667480469
-95.71917724609375,-10.38494873046875,-97.39553833007812
-95.69175720214844,-10.18316650390625,-97.41107177734375
-95.959228515625,-10.2047119140625,-97.33622741699219
-95.93397521972656,-10.252838134765625,-97.27813720703125
-95.90367126464844,-10.0146484375,-97.22212219238281
-95.97544860839844,-9.999664306640625,-97.35322570800781
-95.9310302734375,-9.979202270507812,-97.25868225097656
-95.9666748046875,-9.791595458984375,-97.26423645019531
-95.94477844238281,-9.763656616210938,-97.28433227539062
-95.958251953125,-9.7431640625,-97.2684326171875
-95.92056274414062,-9.474105834960938,-97.52677917480469
-96.11003112792969,-9.557632446289062,-97.54241943359375
-96.00086975097656,-9.448013305664062,-97.52352905273438
-96.241455078125,-9.138275146484375,-97.54837036132812
-96.41921997070312,-8.945556640625,-97.66374206542969
-96.34251403808594,-8.679168701171875,-97.84156799316406
-96.35301208496094,-8.589157104492188,-97.87416076660156
-96.45932006835938,-8.384353637695312,-97.84939575195312
-96.63267517089844,-8.345748901367188,-97.72587585449219
-97.01722717285156,-8.236007690429688,-97.72935485839844
-97.07901000976562,-7.9285430908203125,-97.88749694824219
-97.26043701171875,-7.65167236328125,-97.69755554199219
-97.74697875976562,-7.46173095703125,-97.6378173828125
-98.12741088867188,-7.1862030029296875,-97.44119262695312
-98.67926025390625,-6.8892974853515625,-97.39993286132812
-98.9415283203125,-6.424102783203125,-97.23109436035156
-99.2603759765625,-5.98846435546875,-97.18603515625
-99.73883056640625,-5.5086517333984375,-97.0545654296875
-99.8907470703125,-4.7211761474609375,-96.61280822753906
-100.16018676757812,-4.181671142578125,-95.93008422851562
-100.56697082519531,-3.453948974609375,-95.76261901855469
-100.329345703125,-2.891021728515625,-94.98123168945312
-100.0775146484375,-2.22454833984375,-94.41592407226562
-99.87005615234375,-1.5249786376953125,-93.82841491699219
-99.41961669921875,-0.96185302734375,-93.42233276367188
-98.85858154296875,-0.465850830078125,-93.04957580566406
-98.00398254394531,0.0401458740234375,-92.76708984375
-97.2940673828125,0.362274169921875,-92.54713439941406
-96.52783203125,0.85443115234375,-92.34431457519531
-95.76872253417969,1.0428314208984375,-92.52078247070312
-94.95616149902344,1.4286651611328125,-92.63731384277344
-94.01954650878906,1.2733001708984375,-92.67234802246094
-93.27972412109375,1.1259765625,-92.89247131347656
-92.31367492675781,0.971923828125,-93.08718872070312
-91.58082580566406,0.8275146484375,-93.08950805664062
-90.70556640625,0.6577301025390625,-93.36114501953125
-90.09147644042969,0.56512451171875,-93.46041870117188
-89.48739624023438,0.4960479736328125,-93.55258178710938
-88.64346313476562,0.4997711181640625,-93.50851440429688
-87.96543884277344,0.6503753662109375,-93.14794921875
-87.18153381347656,0.6650238037109375,-92.68557739257812
-86.52249145507812,1.0047607421875,-92.28086853027344
-85.99284362792969,1.379486083984375,-91.411376953125
-85.59130859375,1.938018798828125,-90.47541809082031
-85.42221069335938,2.6927947998046875,-89.81484985351562
-85.31269836425781,3.8990631103515625,-88.669921875
-85.52864074707031,5.2954559326171875,-87.63121032714844
-86.06089782714844,6.7905120849609375,-86.61982727050781
-86.65211486816406,8.850921630859375,-85.9112548828125
-87.58639526367188,11.22418212890625,-85.13436889648438
-88.81442260742188,13.7996826171875,-85.01100158691406
-90.42033386230469,16.691986083984375,-85.10891723632812
-92.27204895019531,19.740402221679688,-85.68522644042969
-94.12649536132812,22.609771728515625,-86.97358703613281
-96.39010620117188,25.621383666992188,-88.77729797363281
-99.26499938964844,29.116622924804688,-91.22265625
-103.83546447753906,32.30815124511719,-94.61273193359375
-110.3524169921875,34.563629150390625,-99.64918518066406
-119.56187438964844,41.18858337402344,-105.58255004882812
-128.55865478515625,56.10868835449219,-111.12203979492188
-132.3011016845703,66.65263366699219,-113.93431091308594
-132.64305114746094,68.32931518554688,-114.56275939941406
-132.62794494628906,68.59475708007812,-114.87022399902344
-132.8272247314453,68.71617126464844,-114.6658935546875
-132.84512329101562,69.01400756835938,-114.49417114257812
-132.78466796875,69.03532409667969,-114.49380493164062
-132.89622497558594,69.15975952148438,-114.53753662109375
-132.91856384277344,68.93782043457031,-114.58853149414062
-132.76573181152344,69.04421997070312,-114.502197265625
-132.68199157714844,69.11436462402344,-114.62635803222656
-132.8178253173828,69.12181091308594,-114.74052429199219
-132.84722900390625,69.1954345703125,-114.74122619628906
-132.8174591064453,69.28176879882812,-114.82595825195312
-132.70912170410156,69.30862426757812,-114.90592956542969
-132.75045776367188,69.44844055175781,-114.81881713867188
-132.69784545898438,69.42205810546875,-114.87907409667969
-132.64169311523438,69.52725219726562,-114.82151794433594
-132.6304931640625,69.47427368164062,-114.83552551269531
-132.46739196777344,69.70420837402344,-115.00337219238281
-132.41348266601562,69.6739501953125,-114.9107666015625
-132.54200744628906,69.72479248046875,-114.73442077636719
-132.7810821533203,69.9827880859375,-114.76927185058594
-132.71824645996094,69.97846984863281,-114.92852783203125
-132.75064086914062,70.24989318847656,-114.93154907226562
-132.90509033203125,70.33489990234375,-114.87899780273438
-132.9805450439453,70.53880310058594,-114.79844665527344
-133.01058959960938,70.78861999511719,-114.62388610839844
-133.1136016845703,71.06784057617188,-114.63667297363281
-133.2952117919922,71.48194885253906,-114.64125061035156
-133.2965850830078,71.9171142578125,-114.45207214355469
-133.5405731201172,71.99607849121094,-114.275146484375
-133.6429901123047,72.40281677246094,-114.19358825683594
-133.74856567382812,72.70341491699219,-114.43295288085938
-134.0947265625,72.89396667480469,-114.48966979980469
-134.05783081054688,73.48408508300781,-114.80500793457031
-134.2538604736328,74.07266235351562,-114.71456909179688
-134.61492919921875,74.67706298828125,-114.7679443359375
-134.81459045410156,75.27647399902344,-114.83197021484375
-135.1011505126953,75.63772583007812,-114.86407470703125
-135.06002807617188,75.959716796875,-114.82635498046875
-134.8378448486328,76.48023986816406,-114.8033447265625
-134.7982940673828,76.83885192871094,-115.00630187988281
-134.7057342529297,77.31169128417969,-115.17497253417969
-134.72862243652344,77.67253112792969,-115.2269287109375
-135.10092163085938,78.00228881835938,-115.07720947265625
-135.1270294189453,78.50341796875,-115.22306823730469
-135.2288818359375,78.908203125,-115.23721313476562
-135.41574096679688,79.21746826171875,-115.32046508789062
-135.5492401123047,79.59977722167969,-115.40264892578125
-135.71939086914062,79.991455078125,-115.5997314453125
-135.79165649414062,80.36940002441406,-115.74775695800781
-136.1275634765625,80.78352355957031,-115.80377197265625
-136.4246063232422,81.26116943359375,-115.86427307128906
-136.63021850585938,81.66398620605469,-115.92610168457031
-136.7673797607422,82.2255859375,-116.11656188964844
-136.87319946289062,82.45217895507812,-116.27142333984375
-136.9532012939453,82.75323486328125,-116.27732849121094
-136.92941284179688,83.02865600585938,-116.24644470214844
-137.08908081054688,83.30557250976562,-116.19326782226562
-137.1461944580078,83.73431396484375,-116.37066650390625
-137.21617126464844,84.10517883300781,-116.50665283203125
-137.32119750976562,84.41212463378906,-116.81362915039062
-137.36978149414062,84.83537292480469,-116.89096069335938
-137.3392333984375,85.18145751953125,-117.15695190429688
-137.417236328125,85.30552673339844,-117.26341247558594
-137.52297973632812,85.65837097167969,-117.635009765625
-137.56227111816406,85.95907592773438,-117.87454223632812
-137.572021484375,86.03573608398438,-117.87095642089844
-137.33689880371094,86.23085021972656,-117.89175415039062
-137.65548706054688,86.33546447753906,-118.01202392578125
-137.70437622070312,86.43571472167969,-117.90780639648438
-137.70713806152344,86.77708435058594,-118.17308044433594
-137.59356689453125,86.8619384765625,-118.17884826660156
-137.8250732421875,87.13543701171875,-118.35221862792969
-137.96717834472656,87.36372375488281,-118.30003356933594
-138.15562438964844,87.61283874511719,-118.45260620117188
-138.47312927246094,87.91224670410156,-118.43559265136719
-138.37997436523438,88.04350280761719,-118.52114868164062
-138.3579559326172,88.40130615234375,-118.5477294921875
-138.63555908203125,88.71916198730469,-118.47306823730469
-138.7108154296875,88.93157958984375,-118.65391540527344
-138.9089813232422,89.16998291015625,-118.95451354980469
-139.00291442871094,89.33827209472656,-119.22543334960938
-138.96548461914062,89.57806396484375,-119.19422912597656
-139.15371704101562,89.56813049316406,-119.37588500976562
-139.20529174804688,89.97846984863281,-119.56634521484375
-139.24940490722656,90.18278503417969,-119.5999755859375
-139.49679565429688,90.34028625488281,-119.53341674804688
-139.60549926757812,90.27149963378906,-119.54472351074219
-139.6757049560547,90.28453063964844,-119.39889526367188
-139.63319396972656,90.24342346191406,-119.15121459960938
-139.81655883789062,90.23213195800781,-119.32865905761719
-139.6938934326172,90.21849060058594,-119.47434997558594
-139.69741821289062,90.34176635742188,-119.47673034667969
-139.78904724121094,90.24815368652344,-119.57585144042969
-139.9276580810547,90.38294982910156,-119.64997863769531
-139.9228515625,90.48899841308594,-119.81634521484375
-139.77642822265625,90.5762939453125,-119.88029479980469
-139.7014923095703,90.6229248046875,-119.68295288085938
-139.80027770996094,90.63302612304688,-119.87705993652344
-139.9976348876953,90.56471252441406,-119.81033325195312
-140.38658142089844,90.52287292480469,-119.64767456054688
-140.27491760253906,90.53262329101562,-119.60884094238281
-140.4222869873047,90.72381591796875,-119.54804992675781
-140.53347778320312,90.69473266601562,-119.44502258300781
-140.66612243652344,90.67770385742188,-119.46092224121094
-140.58755493164062,90.57101440429688,-119.34303283691406
-140.6171417236328,90.67066955566406,-119.42225646972656
-140.59669494628906,90.84072875976562,-119.55821228027344
-140.68310546875,90.94842529296875,-119.63818359375
-140.83258056640625,91.13235473632812,-119.51127624511719
-140.8811798095703,91.07109069824219,-119.59593200683594
-141.134765625,90.79988098144531,-119.57876586914062
-141.3311309814453,90.7913818359375,-119.78987121582031
-141.35317993164062,90.96784973144531,-119.74916076660156
-141.35934448242188,91.02372741699219,-119.81927490234375
-141.4567413330078,91.09892272949219,-119.52824401855469
-141.73333740234375,91.2049560546875,-119.73686218261719
-141.87379455566406,91.2760009765625,-119.62413024902344
-141.95755004882812,91.45333862304688,-119.45686340332031
-142.0211181640625,91.508544921875,-119.46551513671875
-141.90664672851562,91.4776611328125,-119.41909790039062
-142.06500244140625,91.65086364746094,-119.66789245605469
-142.2357177734375,91.67373657226562,-119.77967834472656
-142.40765380859375,91.85289001464844,-119.84620666503906
-142.48370361328125,91.75581359863281,-119.5615234375
-142.58013916015625,91.68974304199219,-119.50509643554688
-142.6419219970703,91.70960998535156,-119.49114990234375
-142.7498321533203,91.70552062988281,-119.63844299316406
-142.58389282226562,91.81040954589844,-119.61329650878906
-142.76083374023438,91.72512817382812,-119.51443481445312
-142.75958251953125,91.81126403808594,-119.37652587890625
-142.6571502685547,91.8851318359375,-119.37405395507812
-142.8417510986328,91.86775207519531,-119.45649719238281
-142.8914794921875,91.8631591796875,-119.62315368652344
-142.80178833007812,91.96412658691406,-119.75018310546875
-143.09364318847656,92.05862426757812,-119.81509399414062
-142.9322052001953,92.06866455078125,-119.97145080566406
-143.03268432617188,92.06694030761719,-119.96440124511719
-142.94729614257812,92.10734558105469,-119.86421203613281
-142.8655242919922,92.10780334472656,-119.65132141113281
-142.89950561523438,92.15707397460938,-119.528564453125
-142.8623809814453,92.01210021972656,-119.39610290527344
-143.08604431152344,92.17672729492188,-119.30422973632812
-143.1443634033203,92.06414794921875,-119.52743530273438
-143.12203979492188,92.05606079101562,-119.61868286132812
-143.19944763183594,92.02040100097656,-119.57489013671875
-143.14015197753906,91.92665100097656,-119.66532897949219
-143.2159881591797,91.93896484375,-119.54603576660156
-143.19537353515625,91.99186706542969,-119.26861572265625
-143.1010284423828,91.85743713378906,-119.25961303710938
-143.3350372314453,91.81562805175781,-119.15852355957031
-143.32669067382812,91.68690490722656,-119.329833984375
-143.3245849609375,91.90858459472656,-119.54006958007812
-143.08326721191406,91.90022277832031,-119.52970886230469
-143.31959533691406,91.92617797851562,-119.55174255371094
-143.36016845703125,91.8094482421875,-119.55438232421875
-143.29478454589844,91.93251037597656,-119.47856140136719
-143.2162322998047,91.84306335449219,-119.45932006835938
-143.13619995117188,91.85205078125,-119.54637145996094
-143.2119598388672,91.92376708984375,-119.48210144042969
-143.11126708984375,92.07412719726562,-119.60954284667969
-143.16195678710938,91.83340454101562,-119.82659912109375
-143.120849609375,91.87986755371094,-119.64443969726562
-142.96397399902344,91.92131042480469,-119.47610473632812
-143.1748809814453,91.80569458007812,-119.34452819824219
-143.09925842285156,91.72413635253906,-119.24562072753906
-143.1525421142578,91.76771545410156,-119.5146484375
-143.0926055908203,91.78164672851562,-119.37384033203125
-143.16754150390625,91.85787963867188,-119.44651794433594
-143.20697021484375,91.83955383300781,-119.58326721191406
-143.18019104003906,91.803466796875,-119.75422668457031
-142.9889678955078,91.94053649902344,-119.58096313476562
-143.13067626953125,91.86167907714844,-119.5008544921875
-143.2198944091797,91.71121215820312,-119.42428588867188
-143.25856018066406,91.61712646484375,-119.48138427734375
-143.34962463378906,91.67005920410156,-119.35487365722656
-143.1298828125,91.93241882324219,-119.185546875
-143.3194122314453,91.74409484863281,-119.30134582519531
-143.29161071777344,91.74069213867188,-119.47409057617188
-143.30960083007812,91.92256164550781,-119.65986633300781
-143.2797088623047,91.77836608886719,-119.79037475585938
-143.23915100097656,91.7471923828125,-119.72993469238281
-143.40435791015625,91.82087707519531,-119.60531616210938
-143.27001953125,91.85276794433594,-119.43293762207031
-143.2591552734375,91.88627624511719,-119.29203796386719
-143.33551025390625,91.87557983398438,-119.37026977539062
-143.28599548339844,91.88906860351562,-119.49293518066406
-143.20303344726562,91.94288635253906,-119.66069030761719
-143.34869384765625,91.79423522949219,-119.43183898925781
-143.296142578125,91.69004821777344,-119.67349243164062
-143.20968627929688,91.91693115234375,-119.63589477539062
-143.1212158203125,91.85945129394531,-119.68516540527344
-143.1792449951172,91.87567138671875,-119.45832824707031
-143.21389770507812,91.9588623046875,-119.66966247558594
-143.11085510253906,92.01217651367188,-119.63713073730469
-143.11363220214844,91.96688842773438,-119.7064208984375
-143.044677734375,91.84378051757812,-119.6123046875
-143.1799774169922,91.84799194335938,-119.66482543945312
-142.9735870361328,91.71307373046875,-119.69265747070312
-143.04702758789062,91.75006103515625,-119.61100769042969
-143.21688842773438,91.69232177734375,-119.5941162109375
-143.2130126953125,91.80183410644531,-119.63302612304688
-143.10923767089844,91.81117248535156,-119.46310424804688
-143.0906524658203,91.84892272949219,-119.59010314941406
-143.12840270996094,91.79873657226562,-119.76210021972656
-143.3497314453125,91.92036437988281,-119.750244140625
-143.35574340820312,91.82955932617188,-119.60101318359375
-143.26036071777344,91.90750122070312,-119.59884643554688
-143.36160278320312,91.91499328613281,-119.63731384277344
-143.1951904296875,91.91529846191406,-119.45651245117188
-143.1781463623047,91.67839050292969,-119.54536437988281
-143.08721923828125,91.79664611816406,-119.63970947265625
-143.1786346435547,91.71182250976562,-119.57743835449219
-143.1262969970703,91.84754943847656,-119.84848022460938
-143.08787536621094,91.81718444824219,-119.82183837890625
-143.25079345703125,91.82591247558594,-119.83665466308594
-143.2289581298828,91.81350708007812,-119.68203735351562
-143.27191162109375,91.69215393066406,-119.77568054199219
-143.32884216308594,91.70375061035156,-119.77928161621094
-143.30702209472656,91.63055419921875,-119.73226928710938
-143.2672576904297,91.74259948730469,-119.9403076171875
-143.08047485351562,91.66462707519531,-119.88267517089844
-143.07485961914062,91.73019409179688,-119.92228698730469
-143.18264770507812,91.71240234375,-119.728759765625
-142.96322631835938,91.78126525878906,-119.85575866699219
-143.09451293945312,91.87748718261719,-119.60044860839844
-143.1268310546875,91.99978637695312,-119.65364074707031
-143.1426239013672,92.11480712890625,-119.67546081542969
-143.19400024414062,92.19685363769531,-119.71824645996094
-143.1117401123047,92.074462890625,-119.60546875
-143.21286010742188,92.04019165039062,-119.57591247558594
-143.0793914794922,92.02751159667969,-119.80010986328125
-143.18475341796875,92.01808166503906,-119.5980224609375
-143.0809783935547,92.00302124023438,-119.73991394042969
-142.93040466308594,91.99423217773438,-119.84962463378906
-143.14657592773438,92.02960205078125,-119.80361938476562
-143.0389862060547,91.93695068359375,-120.0126953125
-142.96151733398438,91.94297790527344,-119.90730285644531
-142.93748474121094,91.85655212402344,-120.00816345214844
-143.1376190185547,91.85076904296875,-120.09432983398438
-143.19277954101562,92.03364562988281,-120.17257690429688
-143.17425537109375,91.82998657226562,-119.92170715332031
-143.1813201904297,91.85990905761719,-119.85658264160156
-143.33871459960938,91.67463684082031,-119.865234375
-143.352783203125,91.76754760742188,-119.796142578125
-143.09559631347656,91.69511413574219,-119.61891174316406
-143.2102508544922,91.68296813964844,-119.42352294921875
-143.17495727539062,91.74986267089844,-119.30186462402344
-143.66061401367188,91.85183715820312,-119.54656982421875
-143.47421264648438,91.92869567871094,-119.57087707519531
-143.341552734375,91.92385864257812,-119.84065246582031
-143.32958984375,91.78141784667969,-119.81591796875
-143.24505615234375,91.84211730957031,-119.72225952148438
-143.3619842529297,91.85919189453125,-119.83428955078125
-143.3189697265625,91.67630004882812,-119.84489440917969
-143.27175903320312,91.79458618164062,-119.60380554199219
-143.27316284179688,91.79339599609375,-119.6728515625
-143.2346649169922,91.87654113769531,-119.57698059082031
-143.14271545410156,91.86882019042969,-119.63458251953125
-143.2822265625,91.80375671386719,-119.82754516601562
-143.26165771484375,91.72062683105469,-119.75239562988281
-143.3607940673828,91.73631286621094,-119.75979614257812
-143.34054565429688,91.76713562011719,-119.55845642089844
-143.15748596191406,91.67042541503906,-119.671875
-143.0016326904297,91.92082214355469,-119.58612060546875
-142.93727111816406,91.89682006835938,-119.85366821289062
-143.19827270507812,91.95478820800781,-119.82832336425781
-142.98561096191406,92.15721130371094,-119.84609985351562
-142.94964599609375,92.02499389648438,-119.87326049804688
-143.114013671875,91.81314086914062,-119.8392333984375
-143.12733459472656,91.84364318847656,-119.95906066894531
-143.1168975830078,92.05482482910156,-119.72831726074219
-143.06265258789062,91.9578857421875,-119.80021667480469
-143.21743774414062,91.81077575683594,-119.78147888183594
-143.16830444335938,91.93862915039062,-119.75621032714844
-143.17308044433594,92.03018188476562,-119.82115173339844
-143.0816650390625,92.18159484863281,-119.7579345703125
-143.19482421875,92.07435607910156,-119.74983215332031
-143.14224243164062,91.84527587890625,-119.84513854980469
-143.1788787841797,91.83935546875,-119.84263610839844
-143.31036376953125,91.91024780273438,-119.90086364746094
-143.1721954345703,91.97119140625,-119.97486877441406
-143.22250366210938,92.0465087890625,-119.86698913574219
-143.23739624023438,91.82704162597656,-119.83576965332031
-143.18966674804688,91.90792846679688,-119.75651550292969
-143.25242614746094,91.9322509765625,-119.6402587890625
-143.0948028564453,91.93243408203125,-119.77691650390625
-143.24090576171875,92.072509765625,-119.86253356933594
-143.32968139648438,92.11470031738281,-119.65293884277344
-143.3478546142578,92.06365966796875,-119.7491455078125
-143.32763671875,92.06797790527344,-119.73037719726562
-143.1599578857422,92.02815246582031,-119.84695434570312
-143.12086486816406,91.8985595703125,-119.76504516601562
-143.15383911132812,91.94119262695312,-119.79542541503906
-143.11070251464844,91.87303161621094,-119.82498168945312
-143.15655517578125,91.93412780761719,-119.69320678710938
-143.20912170410156,91.82293701171875,-119.85633850097656
-143.20187377929688,91.69221496582031,-119.81402587890625
-143.0758819580078,91.66549682617188,-119.84671020507812
-143.18894958496094,91.78556823730469,-119.96871948242188
-143.1858673095703,91.83351135253906,-120.01173400878906
-143.11666870117188,91.94059753417969,-119.93931579589844
-143.0947265625,91.89752197265625,-119.76116943359375
-143.19281005859375,91.93959045410156,-119.5787353515625
-143.0898895263672,91.815673828125,-119.59820556640625
-142.96087646484375,91.81155395507812,-119.62081909179688
-142.9531707763672,92.04560852050781,-119.62278747558594
-143.01580810546875,92.03855895996094,-119.54994201660156
-142.82212829589844,92.11270141601562,-119.70539855957031
-142.90016174316406,92.06965637207031,-119.60516357421875
-142.8363494873047,91.9896240234375,-119.58518981933594
-142.8136444091797,92.0750732421875,-119.62210083007812
-143.03770446777344,92.03997802734375,-119.68968200683594
-143.15045166015625,91.96580505371094,-119.79817199707031
-143.0737762451172,91.99159240722656,-119.79856872558594
-143.05079650878906,91.93478393554688,-119.84623718261719
-142.96334838867188,91.92982482910156,-119.72431945800781
-142.96688842773438,91.95356750488281,-119.754150390625
-142.79986572265625,92.01333618164062,-119.73435974121094
-142.92056274414062,91.84703063964844,-119.67279052734375
-142.90992736816406,92.07135009765625,-119.65582275390625
-142.88046264648438,92.07371520996094,-119.58670043945312
-142.8269500732422,91.93562316894531,-119.66940307617188
-142.97080993652344,91.80740356445312,-119.84733581542969
-142.97198486328125,92.07270812988281,-119.87353515625
-142.8808135986328,91.87120056152344,-119.798828125
-143.0554962158203,91.81648254394531,-119.70925903320312
-143.04296875,92.01124572753906,-119.5994873046875
-142.7947998046875,91.99507141113281,-119.69728088378906
-142.98619079589844,92.04750061035156,-119.71122741699219
-143.0161590576172,91.99992370605469,-119.72972106933594
-143.02072143554688,91.98143005371094,-119.62513732910156
-142.96340942382812,92.063720703125,-119.63359069824219
-142.98846435546875,92.06480407714844,-119.644775390625
-143.02947998046875,92.12722778320312,-119.62771606445312
-143.03822326660156,91.92417907714844,-119.42796325683594
-143.0476837158203,91.80235290527344,-119.44851684570312
-143.12722778320312,91.81436157226562,-119.43925476074219
-143.2818603515625,91.80068969726562,-119.41702270507812
-143.2230987548828,91.86152648925781,-119.67829895019531
-143.20059204101562,92.00273132324219,-119.69503784179688
-143.2329864501953,92.07333374023438,-119.532958984375
-143.0963897705078,91.99607849121094,-119.2625732421875
-143.1038360595703,91.99229431152344,-119.25889587402344
-143.10360717773438,92.04336547851562,-119.29910278320312
-143.09872436523438,92.00784301757812,-119.52137756347656
-143.3328094482422,92.06840515136719,-119.50894165039062
-143.12054443359375,91.99797058105469,-119.68099975585938
-143.20982360839844,92.04971313476562,-119.77854919433594
-143.07901000976562,91.90971374511719,-119.74234008789062
-142.98394775390625,91.72242736816406,-119.75210571289062
-142.96878051757812,91.53305053710938,-119.66954040527344
-143.08030700683594,91.62860107421875,-119.50985717773438
-142.80494689941406,91.94306945800781,-119.65065002441406
-142.94415283203125,91.8345947265625,-119.86347961425781
-142.97299194335938,92.03123474121094,-119.73110961914062
-143.07107543945312,92.03398132324219,-119.69456481933594
-142.8885040283203,91.83457946777344,-119.5860595703125
-142.8799591064453,91.76881408691406,-119.42875671386719
-142.8631134033203,91.87239074707031,-119.67922973632812
-142.9020538330078,91.90145874023438,-119.67362976074219
-142.82810974121094,91.80900573730469,-119.59834289550781
-143.0735626220703,91.74520874023438,-119.53001403808594
-142.97044372558594,91.69732666015625,-119.60215759277344
-142.9827117919922,91.87124633789062,-119.81390380859375
-142.96099853515625,91.9237060546875,-119.93775939941406
-142.8707275390625,91.93057250976562,-119.895751953125
-142.85009765625,91.92147827148438,-119.95928955078125
-142.8677520751953,91.94912719726562,-119.94871520996094
-142.85142517089844,91.80413818359375,-120.023193359375
-142.96812438964844,91.82524108886719,-119.63929748535156
-142.9352569580078,91.94369506835938,-119.58868408203125
-143.08995056152344,91.93412780761719,-119.64889526367188
-143.15960693359375,91.77235412597656,-119.75067138671875
-143.32647705078125,91.80180358886719,-119.79998779296875
-143.2437744140625,91.66685485839844,-119.95059204101562
-143.0782928466797,91.755126953125,-119.95834350585938
-143.1632080078125,91.77883911132812,-120.10249328613281
-143.1808624267578,91.89225769042969,-119.90235900878906
-143.10382080078125,91.7249755859375,-119.73388671875
-143.3503875732422,91.6666259765625,-119.63194274902344
-143.08786010742188,91.56687927246094,-119.72189331054688
-143.18301391601562,91.6099853515625,-119.73876953125
-143.21775817871094,91.62429809570312,-119.64341735839844
-143.20570373535156,91.59820556640625,-119.43116760253906
-143.07415771484375,91.57307434082031,-119.59759521484375
-143.21923828125,91.64936828613281,-119.420654296875
-143.19427490234375,91.65412902832031,-119.30868530273438
-143.09979248046875,91.51158142089844,-119.23309326171875
-143.1129608154297,91.59854125976562,-119.25286865234375
-143.0986785888672,91.54774475097656,-119.422607421875
-143.01345825195312,91.60600280761719,-119.59356689453125
-142.99142456054688,91.643310546875,-119.47254943847656
-142.80252075195312,91.71418762207031,-119.62942504882812
-143.0997314453125,91.57199096679688,-119.78466796875
-143.0894317626953,91.67689514160156,-119.73210144042969
-143.2458953857422,91.54753112792969,-119.73309326171875
-142.92103576660156,91.58224487304688,-119.81626892089844
-143.04844665527344,91.41828918457031,-119.82630920410156
-143.048828125,91.62167358398438,-119.72439575195312
-143.11155700683594,91.70075988769531,-119.76847839355469
-143.271484375,91.69076538085938,-119.60304260253906
-143.30435180664062,91.53150939941406,-119.67758178710938
-143.45582580566406,91.47689819335938,-119.73541259765625
-143.27796936035156,91.42303466796875,-119.72438049316406
-143.30152893066406,91.64161682128906,-119.78410339355469
-143.34478759765625,91.67146301269531,-119.58807373046875
-143.31414794921875,91.6702880859375,-119.56411743164062
-143.37074279785156,91.61408996582031,-119.50422668457031
-143.25848388671875,91.50648498535156,-119.43511962890625
-143.25445556640625,91.61697387695312,-119.7022705078125
-143.275634765625,91.5277099609375,-119.62767028808594
-143.27670288085938,91.67475891113281,-119.82890319824219
-143.2869873046875,91.60479736328125,-119.68106079101562
-143.29281616210938,91.64979553222656,-119.78317260742188
-143.26229858398438,91.54171752929688,-119.85807800292969
-143.26255798339844,91.61163330078125,-119.55372619628906
-143.3271484375,91.56636047363281,-119.59977722167969
-143.4561309814453,91.60969543457031,-119.62828063964844
-143.40725708007812,91.53108215332031,-119.57962036132812
-143.5108642578125,91.59535217285156,-119.51419067382812
-143.23533630371094,91.62828063964844,-119.41494750976562
-143.31210327148438,91.52268981933594,-119.30989074707031
-143.09088134765625,91.55621337890625,-119.44575500488281
-143.08966064453125,91.57942199707031,-119.57534790039062
-143.25094604492188,91.5421142578125,-119.74420166015625
-143.29833984375,91.43051147460938,-119.78271484375
-143.49017333984375,91.45816040039062,-119.66070556640625
-143.2940673828125,91.48367309570312,-119.43325805664062
-143.3246307373047,91.46401977539062,-119.55076599121094
-143.2435302734375,91.50639343261719,-119.79325866699219
-143.336669921875,91.64274597167969,-119.58213806152344
-143.25172424316406,91.61482238769531,-119.554931640625
-143.1117706298828,91.43858337402344,-119.65463256835938
-143.0970458984375,91.50469970703125,-119.56301879882812
-143.34500122070312,91.57093811035156,-119.40475463867188
-143.24331665039062,91.46859741210938,-119.28147888183594
-143.3758544921875,91.51068115234375,-119.32595825195312
-143.2978515625,91.53829956054688,-119.49725341796875
-143.26409912109375,91.5130615234375,-119.50201416015625
-143.22898864746094,91.40983581542969,-119.34687805175781
-143.4994659423828,91.44554138183594,-119.46437072753906
-143.24526977539062,91.27195739746094,-119.46537780761719
-143.32379150390625,91.42738342285156,-119.25346374511719
-143.24928283691406,91.48233032226562,-119.26951599121094
-143.4720458984375,91.43034362792969,-119.26866149902344
-143.3584442138672,91.46348571777344,-119.15043640136719
-143.30636596679688,91.40692138671875,-119.27841186523438
-143.2962188720703,91.48052978515625,-119.33119201660156
-143.36614990234375,91.5146484375,-119.32501220703125
-143.33180236816406,91.48899841308594,-119.490478515625
-143.3584747314453,91.42890930175781,-119.41267395019531
-143.29258728027344,91.468505859375,-119.4847412109375
-143.51095581054688,91.42350769042969,-119.44282531738281
-143.4104766845703,91.52131652832031,-119.27224731445312
-143.44927978515625,91.41859436035156,-119.34585571289062
-143.36863708496094,91.55372619628906,-119.36466979980469
-143.30120849609375,91.59283447265625,-119.32275390625
-143.36366271972656,91.44215393066406,-119.57139587402344
-143.23672485351562,91.59407043457031,-119.63328552246094
-143.31382751464844,91.65873718261719,-119.52505493164062
-143.24171447753906,91.79550170898438,-119.54867553710938
-143.38546752929688,91.58564758300781,-119.30477905273438
-143.52447509765625,91.57563781738281,-119.33432006835938
-143.5719757080078,91.57554626464844,-119.43167114257812
-143.57237243652344,91.79879760742188,-119.48477172851562
-143.38059997558594,91.70567321777344,-119.50811767578125
-143.58551025390625,91.74472045898438,-119.2882080078125
-143.58763122558594,91.929443359375,-119.37217712402344
-143.6255645751953,91.82228088378906,-119.31936645507812
-143.4293975830078,91.740234375,-119.27325439453125
-143.4011993408203,91.52995300292969,-119.25643920898438
-143.47119140625,91.59764099121094,-119.29177856445312
-143.65313720703125,91.55117797851562,-119.09674072265625
-143.58493041992188,91.57792663574219,-119.12876892089844
-143.55978393554688,91.55477905273438,-119.0985107421875
-143.59959411621094,91.54093933105469,-119.21635437011719
-143.3951416015625,91.56118774414062,-119.37985229492188
-143.4740447998047,91.61372375488281,-119.11941528320312
-143.5255584716797,91.76676940917969,-119.21078491210938
-143.3761749267578,91.91862487792969,-119.28836059570312
-143.3270721435547,91.82550048828125,-119.51695251464844
-143.29266357421875,92.05067443847656,-119.63139343261719
-143.13235473632812,92.05128479003906,-119.63935852050781
-143.01637268066406,91.89566040039062,-119.6409912109375
-142.95089721679688,91.80426025390625,-119.60359191894531
-143.04840087890625,91.76702880859375,-119.56243896484375
-143.09288024902344,91.87052917480469,-119.69075012207031
-143.31283569335938,91.84568786621094,-119.70034790039062
-143.29493713378906,91.93440246582031,-119.70207214355469
-143.2913818359375,91.67366027832031,-119.59445190429688
-143.22079467773438,91.67359924316406,-119.79580688476562
-143.34339904785156,91.63197326660156,-119.69168090820312
-143.4634552001953,91.55406188964844,-119.609130859375
-143.52516174316406,91.56610107421875,-119.46971130371094
-143.59083557128906,91.55392456054688,-119.43043518066406
-143.3968963623047,91.5682373046875,-119.60421752929688
-143.24978637695312,91.58120727539062,-119.80947875976562
-143.21774291992188,91.77647399902344,-119.93649291992188
-143.28009033203125,91.87004089355469,-119.9522705078125
-143.28355407714844,91.89134216308594,-119.96751403808594
-143.3376922607422,91.6744384765625,-119.99917602539062
-143.2354278564453,91.54508972167969,-119.7021484375
-143.35562133789062,91.55331420898438,-119.52110290527344
-143.28451538085938,91.52978515625,-119.28421020507812
-143.241943359375,91.79335021972656,-119.25106811523438
-143.37644958496094,91.92964172363281,-119.48300170898438
-143.50717163085938,91.92074584960938,-119.28311157226562
-143.42776489257812,91.83451843261719,-119.26568603515625
-143.36085510253906,91.99127197265625,-119.3763427734375
-143.3782196044922,92.03520202636719,-119.41600036621094
-143.29185485839844,91.71177673339844,-119.43559265136719
-143.45449829101562,91.64968872070312,-119.30369567871094
-143.45741271972656,91.7823486328125,-119.60775756835938
-143.36170959472656,91.84408569335938,-119.58839416503906
-143.2227020263672,91.69021606445312,-119.70730590820312
-143.49203491210938,91.66966247558594,-119.530517578125
-143.6580352783203,91.68501281738281,-119.68145751953125
-143.40591430664062,91.79936218261719,-119.71371459960938
-143.29063415527344,91.86869812011719,-119.755615234375
-143.33836364746094,91.87994384765625,-119.74124145507812
-143.42298889160156,91.76377868652344,-119.84921264648438
-143.29600524902344,91.68283081054688,-119.98716735839844
-143.2419891357422,91.71112060546875,-120.00045776367188
-143.1010284423828,91.67550659179688,-119.73164367675781
-143.18849182128906,91.80091857910156,-119.74636840820312
-143.1689453125,91.68013000488281,-119.6986083984375
-143.2553253173828,91.70149230957031,-119.68083190917969
-143.3467254638672,91.67782592773438,-119.81993103027344
-143.3482208251953,91.69505310058594,-119.81834411621094
-143.3081817626953,91.77723693847656,-119.67900085449219
-143.2848663330078,91.80290222167969,-119.63587951660156
-143.3434295654297,91.92138671875,-119.80982971191406
-143.4812469482422,91.90853881835938,-119.65153503417969
-143.41268920898438,92.01771545410156,-119.49610900878906
-143.35902404785156,91.98875427246094,-119.47419738769531
-143.45555114746094,92.02392578125,-119.5142822265625
-143.48876953125,91.99217224121094,-119.59097290039062
-143.4366455078125,91.85807800292969,-119.66107177734375
-143.34991455078125,91.90547180175781,-119.41798400878906
-143.3775634765625,91.93678283691406,-119.2474365234375
-143.23956298828125,91.71659851074219,-119.50386047363281
-143.255615234375,91.77369689941406,-119.51423645019531
-143.33705139160156,91.92901611328125,-119.62010192871094
-143.2401885986328,91.93376159667969,-119.64567565917969
-143.27613830566406,91.80947875976562,-119.67674255371094
-143.2462615966797,91.908447265625,-119.59393310546875
-143.30491638183594,91.84187316894531,-119.48219299316406
-143.193359375,91.762939453125,-119.53749084472656
-143.2767333984375,91.76683044433594,-119.47749328613281
-143.27291870117188,91.60002136230469,-119.26145935058594
-143.24569702148438,91.58253479003906,-119.40606689453125
-143.3022918701172,91.61978149414062,-119.55863952636719
-143.34278869628906,91.65385437011719,-119.56105041503906
-143.26373291015625,91.67086791992188,-119.85928344726562
-143.3583526611328,91.68452453613281,-119.78085327148438
-143.26649475097656,91.66963195800781,-119.826171875
-143.2677459716797,91.72560119628906,-119.72315979003906
-143.29043579101562,91.91481018066406,-119.57792663574219
-143.38912963867188,91.84605407714844,-119.61344909667969
-143.32017517089844,91.87422180175781,-119.6353759765625
-143.18939208984375,91.83268737792969,-119.85118103027344
-143.20591735839844,91.81211853027344,-119.64813232421875
-143.10775756835938,91.85234069824219,-119.65731811523438
-143.0961151123047,91.86276245117188,-119.56196594238281
-143.16561889648438,92.05775451660156,-119.55000305175781
-143.22409057617188,92.0628662109375,-119.32928466796875
-143.1111297607422,92.11341857910156,-119.2752685546875
-143.14483642578125,92.11837768554688,-119.52972412109375
-143.09800720214844,92.13650512695312,-119.47836303710938
-143.1372528076172,91.92900085449219,-119.28923034667969
-143.16419982910156,91.97944641113281,-119.36167907714844
-143.25784301757812,92.03889465332031,-119.42745971679688
-143.37261962890625,92.06488037109375,-119.48428344726562
-143.31964111328125,91.83396911621094,-119.51368713378906
-143.40245056152344,91.92880249023438,-119.46942138671875
-143.3994903564453,91.87663269042969,-119.30908203125
-143.26864624023438,92.00505065917969,-119.50338745117188
-143.33050537109375,92.04450988769531,-119.64060974121094
-143.38507080078125,91.97639465332031,-119.43995666503906
-143.490966796875,92.05795288085938,-119.55946350097656
-143.45443725585938,91.98422241210938,-119.63568115234375
-143.35067749023438,91.8568115234375,-119.64501953125
-143.261962890625,92.04832458496094,-119.62930297851562
-143.27615356445312,91.81918334960938,-119.63223266601562
-143.26953125,91.92208862304688,-119.75271606445312
-143.19442749023438,91.85505676269531,-119.67991638183594
-143.09913635253906,91.81906127929688,-119.45735168457031
-143.301025390625,91.8427734375,-119.39692687988281
-143.3489532470703,91.69221496582031,-119.32084655761719
-143.36175537109375,91.77705383300781,-119.34609985351562
-143.25271606445312,91.67861938476562,-119.70556640625
-143.1962432861328,91.69908142089844,-119.62107849121094
-143.0831298828125,91.78660583496094,-119.52742004394531
-143.08963012695312,91.71064758300781,-119.48289489746094
-143.37074279785156,91.77908325195312,-119.43467712402344
-143.34640502929688,91.69895935058594,-119.44151306152344
-143.1331024169922,91.83709716796875,-119.59878540039062
-143.2141571044922,91.69845581054688,-119.61648559570312
-142.81951904296875,91.64186096191406,-119.63140869140625
-142.78167724609375,91.5430908203125,-119.51187133789062
-142.7952117919922,91.4622802734375,-119.52413940429688
-142.90878295898438,91.63993835449219,-119.46148681640625
-142.70162963867188,91.65115356445312,-119.24725341796875
-142.7939910888672,91.71688842773438,-119.36650085449219
-142.65103149414062,91.63430786132812,-119.33671569824219
-142.5237274169922,91.66436767578125,-119.14608764648438
-142.6313934326172,91.63470458984375,-119.09140014648438
-142.3572540283203,91.60569763183594,-119.28587341308594
-142.3459930419922,91.54383850097656,-119.34480285644531
-142.18865966796875,91.28848266601562,-119.22276306152344
-141.89112854003906,91.23207092285156,-119.11676025390625
-141.78048706054688,91.15705871582031,-119.35568237304688
-141.57415771484375,91.05706787109375,-119.35720825195312
-141.31576538085938,91.02589416503906,-119.3831787109375
-141.0712127685547,90.76480102539062,-119.2608642578125
-140.7792510986328,90.77320861816406,-119.19229125976562
-140.70941162109375,90.64120483398438,-119.2510986328125
-140.51788330078125,90.43675231933594,-119.22384643554688
-140.39788818359375,90.28024291992188,-119.10786437988281
-140.0157470703125,90.230224609375,-119.03695678710938
-139.9542999267578,90.1646728515625,-119.12152099609375
-139.8168487548828,90.22164916992188,-119.24946594238281
-139.72845458984375,89.99650573730469,-119.283935546875
-139.60194396972656,90.10044860839844,-119.16401672363281
-139.68264770507812,90.19181823730469,-119.21771240234375
-139.5358428955078,90.09465026855469,-119.15756225585938
-139.65785217285156,90.09495544433594,-119.18594360351562
-139.67462158203125,90.05201721191406,-119.2386474609375
-139.63021850585938,90.09210205078125,-119.24659729003906
-139.6651153564453,90.21861267089844,-119.25779724121094
-139.6735076904297,90.20039367675781,-119.32868957519531
-139.82400512695312,90.20878601074219,-119.30961608886719
-139.90603637695312,90.29524230957031,-119.25895690917969
-139.9381866455078,90.50553894042969,-119.44113159179688
-140.11135864257812,90.57530212402344,-119.37248229980469
-140.15931701660156,90.64265441894531,-119.34661865234375
-140.53883361816406,90.83128356933594,-119.39677429199219
-140.6597442626953,90.82086181640625,-119.44154357910156
-140.66143798828125,91.016845703125,-119.41902160644531
-140.6446533203125,90.9581298828125,-119.48419189453125
-140.546142578125,90.89816284179688,-119.64682006835938
-140.1608428955078,90.64015197753906,-119.51321411132812
-139.43087768554688,90.38433837890625,-119.75672912597656
-138.92935180664062,89.92375183105469,-119.61637878417969
-138.32461547851562,89.40249633789062,-119.6678466796875
-137.6763916015625,88.85214233398438,-119.47372436523438
-137.26260375976562,88.39378356933594,-119.40623474121094
-136.8712615966797,87.71054077148438,-119.44667053222656
-136.37103271484375,86.93452453613281,-119.268310546875
-135.70558166503906,86.02545166015625,-119.00236511230469
-135.15682983398438,85.33369445800781,-118.84440612792969
-134.41932678222656,84.51516723632812,-118.48808288574219
-133.75323486328125,83.42922973632812,-118.46992492675781
-133.08285522460938,82.36363220214844,-118.39152526855469
-132.40989685058594,81.2489013671875,-118.54623413085938
-131.58673095703125,80.29212951660156,-118.22892761230469
-131.04486083984375,79.20390319824219,-118.17503356933594
-130.576416015625,77.74441528320312,-118.011962890625
-130.2090301513672,76.46063232421875,-118.02049255371094
-130.10946655273438,75.43504333496094,-117.87071228027344
-129.85166931152344,74.38166809082031,-117.91502380371094
-129.5391845703125,73.32415771484375,-117.75198364257812
-129.1471710205078,72.28440856933594,-117.77540588378906
-128.6474151611328,71.32319641113281,-117.98405456542969
-128.2686309814453,70.21365356445312,-118.18766784667969
-127.841796875,69.15666198730469,-118.53694152832031
-127.68070983886719,68.17987060546875,-118.76139831542969
-127.49151611328125,67.12907409667969,-119.22341918945312
-127.39923095703125,66.07084655761719,-119.260009765625
-127.1724853515625,65.37828063964844,-119.52493286132812
-127.09527587890625,64.34317016601562,-119.48997497558594
-126.80049133300781,63.58891296386719,-119.76486206054688
-126.69100952148438,62.7730712890625,-119.95210266113281
-126.48153686523438,61.91258239746094,-120.28433227539062
-126.10694885253906,60.81568908691406,-120.87126159667969
-126.10093688964844,59.84942626953125,-121.310791015625
-125.84307861328125,59.07611083984375,-121.75167846679688
-125.771240234375,58.27638244628906,-121.99691772460938
-125.57920837402344,57.55097961425781,-122.40264892578125
-125.64854431152344,56.8837890625,-122.74334716796875
-125.40632629394531,56.095703125,-122.89482116699219
-125.50103759765625,55.68206787109375,-123.13087463378906
-125.52125549316406,54.8929443359375,-123.44581604003906
-125.50430297851562,54.27983093261719,-123.82575988769531
-125.50624084472656,53.75859069824219,-124.354248046875
-125.45179748535156,53.33802795410156,-124.62664794921875
-125.442138671875,52.99397277832031,-124.93476867675781
-125.48211669921875,52.36279296875,-125.05821228027344
-125.46836853027344,51.9119873046875,-125.33139038085938
-125.59321594238281,51.571533203125,-125.75111389160156
-125.65328979492188,51.158355712890625,-126.04212951660156
-125.69377136230469,50.91020202636719,-126.102783203125
-125.5711669921875,50.62596130371094,-126.38656616210938
-125.73905944824219,50.40087890625,-126.61824035644531
-125.69987487792969,50.110137939453125,-126.74319458007812
-125.68717956542969,50.07777404785156,-126.95240783691406
-125.923583984375,49.71998596191406,-127.00856018066406
-125.93141174316406,49.61470031738281,-127.20333862304688
-125.83674621582031,49.526611328125,-127.11163330078125
-125.89543151855469,49.40818786621094,-127.01596069335938
-126.03933715820312,49.16987609863281,-127.09054565429688
-125.91583251953125,49.276123046875,-126.96768188476562
-126.06057739257812,49.17417907714844,-127.24641418457031
-126.13148498535156,49.22798156738281,-127.10760498046875
-126.27546691894531,49.09275817871094,-126.95156860351562
-126.49809265136719,49.101593017578125,-126.55364990234375
-126.58169555664062,48.891693115234375,-126.45539855957031
-126.74055480957031,48.80281066894531,-126.11543273925781
-127.00173950195312,48.877655029296875,-125.78077697753906
-127.12968444824219,48.87690734863281,-125.08535766601562
-127.44921875,48.8143310546875,-124.21792602539062
-127.78395080566406,48.61564636230469,-123.03250122070312
-128.3067626953125,47.2064208984375,-121.81163024902344
-128.32286071777344,40.254058837890625,-119.98667907714844
-123.43287658691406,26.362274169921875,-115.05039978027344
-109.02128601074219,14.539443969726562,-108.28607177734375
-90.87171936035156,8.554519653320312,-102.47492980957031
-79.71746826171875,2.0892791748046875,-100.23129272460938
-77.45025634765625,-5.6993865966796875,-100.48097229003906
-79.57275390625,-11.869598388671875,-101.31765747070312
-82.44424438476562,-15.583114624023438,-101.90028381347656
-84.84098815917969,-17.82861328125,-102.29518127441406
-86.71177673339844,-19.274627685546875,-102.177001953125
-88.041259765625,-20.655487060546875,-102.52073669433594
-88.98561096191406,-21.658843994140625,-102.48516845703125
-89.93547058105469,-22.227157592773438,-102.60317993164062
-90.83180236816406,-22.781875610351562,-102.25567626953125
-91.56900024414062,-23.025360107421875,-101.86225891113281
-92.25592041015625,-23.215530395507812,-101.50135803222656
-92.88484191894531,-23.255538940429688,-101.0390625
-93.322265625,-23.047256469726562,-100.57197570800781
-93.75177001953125,-23.18133544921875,-100.26812744140625
-94.20698547363281,-23.100021362304688,-99.92173767089844
-94.63482666015625,-23.069854736328125,-99.70130920410156
-94.87229919433594,-23.044082641601562,-99.31285095214844
-95.35064697265625,-22.775802612304688,-98.82110595703125
-95.69781494140625,-22.639678955078125,-98.34919738769531
-96.1322021484375,-22.440658569335938,-98.22146606445312
-96.53610229492188,-22.43560791015625,-97.88430786132812
-96.64816284179688,-22.330032348632812,-97.72946166992188
-96.85664367675781,-22.34197998046875,-97.41447448730469
-96.91078186035156,-22.2091064453125,-97.15213012695312
-97.16058349609375,-22.348892211914062,-96.94882202148438
-97.23863220214844,-22.361038208007812,-96.82176208496094
-97.44969177246094,-22.551620483398438,-96.742431640625
-97.55001831054688,-22.599365234375,-96.4696044921875
-97.91720581054688,-22.4197998046875,-96.45269775390625
-98.08540344238281,-22.485305786132812,-96.1102294921875
-98.00581359863281,-22.403427124023438,-95.83279418945312
-98.23245239257812,-22.192184448242188,-95.58804321289062
-98.51568603515625,-22.153427124023438,-95.46443176269531
-98.840087890625,-22.1961669921875,-95.32020568847656
-99.38336181640625,-22.3455810546875,-95.32745361328125
-99.60293579101562,-22.378875732421875,-95.50724792480469
-100.29191589355469,-22.268463134765625,-95.57499694824219
-100.76324462890625,-22.22564697265625,-95.54768371582031
-101.322265625,-22.229232788085938,-95.90779113769531
-101.88487243652344,-22.133255004882812,-96.42927551269531
-102.09780883789062,-22.364822387695312,-96.73788452148438
-102.18231201171875,-22.423751831054688,-97.03309631347656
-102.31182861328125,-22.601425170898438,-97.59286499023438
-102.45057678222656,-22.65362548828125,-97.60626220703125
-102.30599975585938,-22.921676635742188,-97.88557434082031
-102.25743103027344,-23.16656494140625,-97.77708435058594
-102.02928161621094,-23.323989868164062,-97.83602905273438
-101.92544555664062,-23.478561401367188,-97.6739501953125
-101.89094543457031,-23.456619262695312,-97.45866394042969
-102.01661682128906,-23.566009521484375,-97.55459594726562
-102.28192138671875,-23.510009765625,-97.17845153808594
-102.2506103515625,-23.634902954101562,-97.06405639648438
-102.27731323242188,-23.609405517578125,-97.08616638183594
-102.44598388671875,-23.494491577148438,-96.87461853027344
-102.43760681152344,-23.470306396484375,-96.72900390625
-102.36946105957031,-23.236419677734375,-96.4666748046875
-102.2657470703125,-23.104782104492188,-96.30776977539062
-102.38296508789062,-23.026321411132812,-96.14909362792969
-102.42984008789062,-22.812820434570312,-95.94270324707031
-102.5614013671875,-22.554183959960938,-95.76388549804688
-102.70848083496094,-22.309829711914062,-95.58622741699219
-102.96311950683594,-21.970458984375,-95.45993041992188
-103.13749694824219,-21.61578369140625,-95.38380432128906
-103.20051574707031,-21.34552001953125,-94.97679138183594
-103.30293273925781,-21.085739135742188,-94.73466491699219
-103.25503540039062,-20.718826293945312,-94.53709411621094
-103.45611572265625,-20.377792358398438,-94.44427490234375
-103.43806457519531,-19.794570922851562,-94.1939697265625
-103.6668701171875,-19.410125732421875,-93.922607421875
-103.6251220703125,-18.8133544921875,-93.76887512207031
-103.7301025390625,-18.462677001953125,-93.68034362792969
-103.78839111328125,-17.890457153320312,-93.39755249023438
-104.01234436035156,-17.535934448242188,-93.45733642578125
-104.02658081054688,-16.8580322265625,-93.29853820800781
-104.07203674316406,-16.496139526367188,-93.2501220703125
-104.28636169433594,-16.040176391601562,-92.82525634765625
-104.24053955078125,-15.555282592773438,-92.80828857421875
-104.42825317382812,-14.8870849609375,-92.38888549804688
-104.55668640136719,-14.144638061523438,-92.53868103027344
-104.72578430175781,-13.695053100585938,-92.35169982910156
-104.86360168457031,-12.977859497070312,-92.17218017578125
-104.85653686523438,-12.283447265625,-92.1475830078125
-104.96571350097656,-11.673553466796875,-92.12045288085938
-105.03114318847656,-10.935104370117188,-92.01045227050781
-105.1796875,-10.048126220703125,-91.79231262207031
-105.14944458007812,-9.410385131835938,-91.883544921875
-105.27822875976562,-8.703842163085938,-91.84619140625
-105.29408264160156,-7.9400482177734375,-92.09371948242188
-105.39857482910156,-7.19097900390625,-92.33815002441406
-105.38626098632812,-6.2872161865234375,-92.3421630859375
-105.55052185058594,-5.5095367431640625,-92.51119995117188
-105.74305725097656,-4.78369140625,-92.71458435058594
-106.02159118652344,-3.94573974609375,-92.70570373535156
-105.97250366210938,-3.1710662841796875,-92.84349060058594
-106.1072998046875,-2.2660064697265625,-93.11012268066406
-106.00054931640625,-1.49542236328125,-93.08903503417969
-106.19772338867188,-0.7864990234375,-93.27241516113281
-106.379150390625,-0.3475341796875,-93.56661987304688
-106.53973388671875,0.21844482421875,-93.69306945800781
-106.53483581542969,0.895660400390625,-93.77302551269531
-106.70245361328125,1.3791961669921875,-93.88778686523438
-106.63540649414062,1.8057861328125,-94.12217712402344
-106.64344787597656,2.292022705078125,-94.14765930175781
-106.51753234863281,2.9098968505859375,-94.46524047851562
-106.60853576660156,3.3397674560546875,-94.57850646972656
-106.3421630859375,3.74176025390625,-94.82240295410156
-106.33326721191406,3.9316253662109375,-94.96873474121094
-106.60910034179688,4.35247802734375,-95.09359741210938
-106.58584594726562,4.79302978515625,-95.22311401367188
-106.36874389648438,5.1650390625,-95.50198364257812
-106.44290161132812,5.54803466796875,-95.54910278320312
-106.294677734375,5.9764862060546875,-95.80448913574219
-106.1854248046875,6.1644744873046875,-95.98458862304688
-106.18780517578125,6.4419708251953125,-96.12345886230469
-106.10313415527344,6.675567626953125,-96.3895263671875
-106.19049072265625,7.13507080078125,-96.71487426757812
-106.01673889160156,7.7422943115234375,-97.09941101074219
-105.61929321289062,8.153976440429688,-97.58247375488281
-105.51255798339844,8.397720336914062,-97.79307556152344
-105.39845275878906,8.728408813476562,-97.99586486816406
-105.43119812011719,9.142868041992188,-98.22946166992188
-105.56256103515625,9.432815551757812,-98.63835144042969
-105.62942504882812,9.735794067382812,-98.780517578125
-105.64906311035156,10.014923095703125,-98.89556884765625
-105.89793395996094,10.148544311523438,-98.95086669921875
-105.913818359375,10.447555541992188,-99.28245544433594
-105.98757934570312,10.56121826171875,-99.52972412109375
-105.94888305664062,10.798370361328125,-99.61213684082031
-105.95332336425781,11.115890502929688,-99.63375854492188
-106.02499389648438,11.269744873046875,-99.81706237792969
-105.932861328125,11.364349365234375,-99.96829223632812
-106.18389892578125,11.370864868164062,-99.94822692871094
-106.32867431640625,11.528488159179688,-99.90577697753906
-106.43730163574219,11.486282348632812,-99.93806457519531
-106.46025085449219,11.494613647460938,-100.05447387695312
-106.51376342773438,11.604385375976562,-100.27931213378906
-106.76435852050781,11.603744506835938,-100.25434875488281
-106.89695739746094,11.719253540039062,-100.09434509277344
-106.90187072753906,11.786895751953125,-100.08494567871094
-107.024169921875,11.751129150390625,-100.22026062011719
-107.0146484375,11.803619384765625,-100.34831237792969
-107.3095703125,11.697601318359375,-100.33969116210938
-107.29367065429688,11.863372802734375,-100.25886535644531
-107.46463012695312,11.988449096679688,-100.29133605957031
-107.45989990234375,12.146743774414062,-100.299560546875
-107.47212219238281,12.250381469726562,-100.08964538574219
-107.41555786132812,12.35540771484375,-100.25346374511719
-107.42182922363281,12.564285278320312,-100.31094360351562
-107.42608642578125,12.57696533203125,-100.40745544433594
-107.41317749023438,12.483627319335938,-100.42530822753906
-107.51437377929688,12.862701416015625,-100.4710693359375
-107.61872863769531,13.001708984375,-100.88569641113281
-107.64091491699219,13.13958740234375,-101.18258666992188
-107.22087097167969,13.352874755859375,-101.34747314453125
-107.03245544433594,13.276962280273438,-101.22296142578125
-106.62721252441406,13.274581909179688,-101.27552795410156
-106.50454711914062,13.140274047851562,-101.1226806640625
-106.38838195800781,13.239471435546875,-101.30497741699219
-106.18902587890625,13.13031005859375,-101.21092224121094
-106.30133056640625,12.911239624023438,-101.29669189453125
-106.25157165527344,12.903884887695312,-101.43653869628906
-105.77517700195312,12.929702758789062,-101.5716552734375
-105.5631103515625,12.982513427734375,-101.56883239746094
-105.2869873046875,12.839553833007812,-101.61968994140625
-105.41023254394531,12.754257202148438,-101.64289855957031
-105.39564514160156,12.896682739257812,-101.54330444335938
-105.39210510253906,12.974761962890625,-101.41215515136719
-105.18667602539062,12.983154296875,-101.58998107910156
-105.37167358398438,13.067138671875,-101.72650146484375
-105.43632507324219,13.0537109375,-102.10337829589844
-105.54649353027344,13.253814697265625,-102.033935546875
-105.53703308105469,13.390884399414062,-101.97209167480469
-105.52484130859375,13.422409057617188,-101.9581298828125
-105.55760192871094,13.39959716796875,-101.91766357421875
-105.5556640625,13.46539306640625,-102.02304077148438
-105.55032348632812,13.621627807617188,-101.88786315917969
-105.82319641113281,13.667282104492188,-101.70262145996094
-105.60816955566406,13.58782958984375,-101.59967041015625
-105.75697326660156,13.6710205078125,-101.55059814453125
-105.91719055175781,13.7261962890625,-101.70695495605469
-106.0865478515625,13.757125854492188,-101.73393249511719
-106.15528869628906,13.718978881835938,-101.80296325683594
-106.07504272460938,13.962417602539062,-101.78146362304688
-106.19526672363281,13.879287719726562,-101.68887329101562
-106.28877258300781,13.912506103515625,-101.59060668945312
-106.40879821777344,13.90643310546875,-101.77972412109375
-106.51591491699219,14.090225219726562,-101.786865234375
-106.61703491210938,13.84051513671875,-101.69615173339844
-106.74156188964844,14.085296630859375,-101.58770751953125
-106.88784790039062,14.071884155273438,-101.78108215332031
-106.77835083007812,14.054168701171875,-101.71769714355469
-107.04595947265625,14.005126953125,-101.75172424316406
-107.07551574707031,14.041107177734375,-101.65367126464844
-107.25700378417969,13.990768432617188,-101.80262756347656
-107.16160583496094,14.217529296875,-101.83363342285156
-107.10331726074219,14.083938598632812,-101.72061157226562
-107.0733642578125,14.033218383789062,-101.77320861816406
-106.99232482910156,14.050857543945312,-101.84049987792969
-106.97265625,13.845321655273438,-101.76084899902344
-106.9212646484375,13.879165649414062,-101.78109741210938
-107.0015869140625,14.035110473632812,-101.83290100097656
-106.958740234375,14.121994018554688,-101.82960510253906
-107.066162109375,14.022445678710938,-101.66928100585938
-107.04023742675781,13.949569702148438,-101.639892578125
-106.87556457519531,14.05255126953125,-101.73391723632812
-106.81440734863281,14.18731689453125,-101.92929077148438
-106.75213623046875,14.1207275390625,-102.16902160644531
-106.8345947265625,14.1553955078125,-102.23507690429688
-107.04318237304688,13.9482421875,-102.31494140625
-107.00288391113281,13.991561889648438,-102.05300903320312
-106.97210693359375,13.950057983398438,-102.14744567871094
-107.05711364746094,14.028457641601562,-102.1195068359375
-106.96807861328125,13.997711181640625,-102.01727294921875
-107.07513427734375,14.056488037109375,-101.79765319824219
-107.1041259765625,13.977920532226562,-102.00007629394531
-107.15937805175781,13.940521240234375,-102.11712646484375
-107.1461181640625,14.070816040039062,-102.03929138183594
-107.19293212890625,13.852996826171875,-102.04814147949219
-107.10888671875,14.01031494140625,-102.06468200683594
-106.95777893066406,13.94287109375,-101.96307373046875
-106.99253845214844,13.996200561523438,-101.80335998535156
-106.92616271972656,13.922515869140625,-101.94834899902344
-106.9891357421875,13.81939697265625,-101.93804931640625
-107.16856384277344,14.010345458984375,-101.9503173828125
-107.04771423339844,14.084197998046875,-102.15518188476562
-106.87400817871094,14.156417846679688,-102.15167236328125
-106.76374816894531,14.071578979492188,-102.17359924316406
-106.76191711425781,14.083984375,-102.14802551269531
-107.01611328125,13.862991333007812,-102.05502319335938
-107.05513000488281,14.032928466796875,-101.90245056152344
-106.95793151855469,14.17608642578125,-101.6156005859375
-106.94590759277344,14.1834716796875,-101.25248718261719
-106.7884521484375,14.119033813476562,-101.51469421386719
-106.75614929199219,14.0738525390625,-101.80091857910156
-106.67247009277344,13.844985961914062,-101.96832275390625
-106.66749572753906,13.973617553710938,-101.95639038085938
-106.83535766601562,13.961837768554688,-101.82919311523438
-106.86912536621094,14.024032592773438,-101.79093933105469
-106.9010009765625,13.813461303710938,-101.90702819824219
-106.64627075195312,13.831771850585938,-101.92169189453125
-106.65019226074219,13.810455322265625,-101.91159057617188
-106.66743469238281,13.690750122070312,-101.87924194335938
-106.77444458007812,13.911087036132812,-101.91801452636719
-106.82109069824219,13.995010375976562,-101.7908935546875
-106.75900268554688,13.9964599609375,-101.89813232421875
-106.75582885742188,14.011810302734375,-101.75076293945312
-106.81782531738281,14.053024291992188,-101.84896850585938
-107.03477478027344,14.056640625,-101.980712890625
-106.97837829589844,13.93927001953125,-102.02278137207031
-106.79289245605469,14.024826049804688,-102.17802429199219
-106.87678527832031,14.023147583007812,-102.12257385253906
-106.80999755859375,14.014083862304688,-102.07887268066406
-106.8349609375,14.080825805664062,-102.24453735351562
-106.84156799316406,14.126663208007812,-102.26556396484375
-106.76235961914062,14.112442016601562,-102.21067810058594
-106.7347412109375,13.977920532226562,-102.23431396484375
-106.77879333496094,14.033096313476562,-102.2325439453125
-106.86781311035156,13.9425048828125,-102.20941162109375
-106.82398986816406,14.06072998046875,-102.08863830566406
-107.01951599121094,13.9461669921875,-102.10220336914062
-106.81700134277344,13.998611450195312,-101.92744445800781
-107.00288391113281,14.051651000976562,-101.8843994140625
-107.03297424316406,14.0501708984375,-102.16355895996094
-106.81962585449219,14.1673583984375,-102.08746337890625
-106.86146545410156,14.002609252929688,-102.12825012207031
-106.80569458007812,14.0435791015625,-101.9373779296875
-106.70518493652344,14.076950073242188,-101.78570556640625
-106.76266479492188,14.047882080078125,-101.93984985351562
-106.66346740722656,14.087173461914062,-102.34004211425781
-106.78915405273438,14.106109619140625,-102.27244567871094
-106.8475341796875,14.223190307617188,-102.19532775878906
-106.89857482910156,14.019668579101562,-102.19296264648438
-106.69973754882812,14.087875366210938,-102.47787475585938
-106.62881469726562,13.837432861328125,-102.62722778320312
-106.6719970703125,14.045089721679688,-102.41384887695312
-106.62991333007812,14.054901123046875,-102.26788330078125
-106.90989685058594,14.053268432617188,-102.03451538085938
-106.99346923828125,14.075851440429688,-102.08784484863281
-106.95687866210938,13.931427001953125,-102.28997802734375
-106.78956604003906,13.905654907226562,-102.27723693847656
-106.8299560546875,13.717666625976562,-102.25575256347656
-106.87635803222656,13.744384765625,-102.18289184570312
-106.75831604003906,13.794647216796875,-102.14601135253906
-106.78366088867188,13.726608276367188,-102.09988403320312
-106.87150573730469,13.9278564453125,-102.32196044921875
-106.77731323242188,14.006637573242188,-102.26730346679688
-107.01768493652344,14.0819091796875,-101.99110412597656
-106.99063110351562,14.191116333007812,-101.95890808105469
-107.03179931640625,14.203292846679688,-102.09478759765625
-106.87887573242188,14.194625854492188,-102.10197448730469
-106.78973388671875,13.981857299804688,-102.12858581542969
-106.82386779785156,13.937103271484375,-102.32220458984375
-106.95008850097656,13.861480712890625,-102.46708679199219
-106.95384216308594,13.947677612304688,-102.35350036621094
-106.99127197265625,13.94683837890625,-102.26506042480469
-106.91667175292969,13.984405517578125,-102.05923461914062
-106.81240844726562,13.988006591796875,-102.1156005859375
-106.77764892578125,13.99005126953125,-102.15023803710938
-106.9012451171875,14.019699096679688,-102.06674194335938
-106.82295227050781,13.833251953125,-101.95523071289062
-106.90409851074219,13.815292358398438,-102.12712097167969
-106.8756103515625,13.959320068359375,-102.13438415527344
-106.92378234863281,13.9661865234375,-102.14205932617188
-107.05221557617188,14.008407592773438,-102.03739929199219
-106.91816711425781,13.941192626953125,-102.16802978515625
-106.9700927734375,13.958084106445312,-102.04205322265625
-106.91934204101562,14.216293334960938,-102.13139343261719
-107.04383850097656,14.1488037109375,-101.89143371582031
-106.95521545410156,13.993927001953125,-101.92391967773438
-106.9306640625,14.071273803710938,-101.88955688476562
-106.90969848632812,14.03887939453125,-101.91464233398438
-106.78012084960938,14.057022094726562,-102.05686950683594
-106.83387756347656,14.089263916015625,-102.166015625
-106.93858337402344,14.012557983398438,-102.15769958496094
-106.927734375,13.98651123046875,-102.10650634765625
-106.95468139648438,13.898574829101562,-102.25709533691406
-106.75685119628906,13.94940185546875,-102.24781799316406
-107.02828979492188,13.939056396484375,-102.05386352539062
-107.03471374511719,13.814987182617188,-102.04435729980469
-107.03128051757812,13.724746704101562,-102.29751586914062
-106.92768859863281,13.723892211914062,-102.23875427246094
-106.99583435058594,13.993133544921875,-102.17372131347656
-106.82794189453125,13.972824096679688,-101.91973876953125
-106.85069274902344,14.08441162109375,-101.92424011230469
-107.03671264648438,13.993194580078125,-102.1378173828125
-106.82542419433594,14.084671020507812,-102.16500854492188
-106.92684936523438,14.057296752929688,-102.04911804199219
-107.01498413085938,13.936370849609375,-101.96408081054688
-106.76983642578125,13.9420166015625,-102.11741638183594
-106.83230590820312,13.990631103515625,-102.30014038085938
-106.99111938476562,13.993209838867188,-102.3067626953125
-106.92768859863281,13.99163818359375,-102.20257568359375
-106.94807434082031,14.027435302734375,-102.32301330566406
-107.09306335449219,14.06170654296875,-102.48477172851562
-106.92355346679688,14.091384887695312,-102.65237426757812
-107.03842163085938,13.858871459960938,-102.48782348632812
-107.16432189941406,14.021286010742188,-102.40737915039062
-106.90643310546875,13.97930908203125,-102.49024963378906
-106.77554321289062,13.824127197265625,-102.37704467773438
-106.66246032714844,13.943771362304688,-102.39204406738281
-106.80618286132812,13.945159912109375,-102.22663879394531
-106.79522705078125,13.850906372070312,-102.26713562011719
-107.04353332519531,13.684127807617188,-102.28266906738281
-106.79888916015625,13.729019165039062,-102.31452941894531
-106.77995300292969,13.717681884765625,-102.42900085449219
-106.89950561523438,13.683181762695312,-102.57911682128906
-106.9964599609375,13.773681640625,-102.44108581542969
-106.77976989746094,13.955184936523438,-102.41241455078125
-106.84307861328125,13.81329345703125,-102.482177734375
-106.93144226074219,13.860015869140625,-102.46426391601562
-107.01568603515625,14.017196655273438,-102.58836364746094
-107.01129150390625,14.009384155273438,-102.5123291015625
-106.78182983398438,14.135482788085938,-102.43717956542969
-106.79115295410156,14.051101684570312,-102.48532104492188
-106.89347839355469,14.046356201171875,-102.37753295898438
-106.81382751464844,13.981964111328125,-102.52426147460938
-106.88577270507812,14.0714111328125,-102.69639587402344
-106.75448608398438,14.032073974609375,-102.53434753417969
-107.04197692871094,14.048049926757812,-102.37802124023438
-107.01698303222656,13.972702026367188,-102.23811340332031
-106.86610412597656,13.955917358398438,-102.06076049804688
-106.86570739746094,13.8424072265625,-102.15292358398438
-106.69126892089844,13.89678955078125,-102.02377319335938
-106.48025512695312,13.868072509765625,-102.12564086914062
-106.37374877929688,13.911758422851562,-102.08543395996094
-106.38253784179688,13.848419189453125,-102.14610290527344
-106.50828552246094,13.954193115234375,-102.05189514160156
-106.53402709960938,14.067520141601562,-102.31155395507812
-106.64109802246094,14.09033203125,-102.21659851074219
-106.77713012695312,14.012435913085938,-102.22575378417969
-106.86839294433594,14.11187744140625,-102.12594604492188
-106.86305236816406,14.08221435546875,-102.13018798828125
-106.83692932128906,14.078155517578125,-102.32530212402344
-107.03138732910156,13.8704833984375,-102.31103515625
-106.82374572753906,13.811004638671875,-102.251708984375
-106.81442260742188,13.942520141601562,-102.12014770507812
-106.99270629882812,14.016708374023438,-101.89305114746094
-106.99267578125,13.978851318359375,-102.07122802734375
-106.98664855957031,14.03106689453125,-102.08518981933594
-106.80355834960938,13.943588256835938,-102.13670349121094
-106.91554260253906,13.858154296875,-102.16143798828125
-106.89871215820312,13.845962524414062,-102.28128051757812
-106.98736572265625,13.912399291992188,-102.24836730957031
-106.942138671875,13.934906005859375,-102.22470092773438
-106.76589965820312,13.99261474609375,-102.27828979492188
-106.84815979003906,13.999664306640625,-102.30067443847656
-106.76924133300781,14.057266235351562,-102.25181579589844
-106.94970703125,13.967697143554688,-102.26756286621094
-106.96774291992188,14.069732666015625,-102.17549133300781
-107.00502014160156,13.900482177734375,-101.99073791503906
-106.95037841796875,14.019912719726562,-101.73521423339844
-106.91508483886719,14.2191162109375,-101.85050964355469
-106.65968322753906,14.20843505859375,-101.96072387695312
-106.69923400878906,14.109039306640625,-101.98158264160156
-106.84030151367188,14.091629028320312,-102.09716796875
-106.86691284179688,14.187255859375,-102.29531860351562
-106.94125366210938,14.217864990234375,-102.33877563476562
-106.91961669921875,14.026458740234375,-102.3585205078125
-106.9229736328125,14.067062377929688,-102.65174865722656
-106.95237731933594,13.843002319335938,-102.36274719238281
-107.01658630371094,13.909530639648438,-102.52352905273438
-106.7701416015625,13.875640869140625,-102.67744445800781
-106.98599243164062,13.979217529296875,-102.8017578125
-106.76499938964844,14.011428833007812,-102.80491638183594
-106.63546752929688,13.992645263671875,-102.64044189453125
-106.50080871582031,13.981338500976562,-102.29632568359375
-106.59428405761719,13.9931640625,-102.30242919921875
-106.81210327148438,14.000442504882812,-102.10664367675781
-106.88252258300781,14.02777099609375,-101.98587036132812
-106.83137512207031,13.832046508789062,-101.92625427246094
-106.89117431640625,13.82879638671875,-102.16535949707031
-106.87382507324219,13.996368408203125,-102.39324951171875
-106.70149230957031,13.951995849609375,-102.40580749511719
-106.69210815429688,13.987167358398438,-102.64971923828125
-106.61758422851562,13.951431274414062,-102.60183715820312
-106.824462890625,13.97894287109375,-102.48294067382812
-106.81243896484375,14.1826171875,-102.31155395507812
-106.79319763183594,14.020477294921875,-102.44316101074219
-106.77195739746094,14.00823974609375,-102.22308349609375
-106.85511779785156,14.0751953125,-102.39595031738281
-106.70693969726562,14.0361328125,-102.60882568359375
-106.66195678710938,14.000885009765625,-102.56192016601562
-106.77853393554688,14.075881958007812,-102.39848327636719
-106.86308288574219,13.895477294921875,-102.27682495117188
-106.86416625976562,14.036697387695312,-102.3046875
-107.03524780273438,13.941360473632812,-102.23556518554688
-106.75535583496094,13.899551391601562,-102.22573852539062
-106.77308654785156,13.936141967773438,-102.24867248535156
-107.04545593261719,13.86614990234375,-102.32417297363281
-107.10723876953125,13.958282470703125,-102.22459411621094
-106.95932006835938,14.098678588867188,-102.27412414550781
-106.77444458007812,14.02191162109375,-102.15213012695312
-106.83734130859375,14.040023803710938,-102.14785766601562
-106.84410095214844,13.991683959960938,-102.06231689453125
-106.73587036132812,14.033889770507812,-102.24525451660156
-106.74562072753906,14.093276977539062,-102.31539916992188
-106.81883239746094,14.067794799804688,-102.28533935546875
-106.80677795410156,14.036392211914062,-102.06291198730469
-106.83050537109375,14.068206787109375,-102.17242431640625
-106.83370971679688,14.21844482421875,-102.14207458496094
-106.78622436523438,14.156524658203125,-102.04046630859375
-106.89736938476562,14.097305297851562,-102.24273681640625
-106.8804931640625,14.170928955078125,-102.13270568847656
-106.88984680175781,14.08099365234375,-102.04267883300781
-106.77499389648438,14.08984375,-102.045166015625
-106.81709289550781,14.170974731445312,-102.225341796875
-107.00949096679688,13.979782104492188,-102.30543518066406
-107.02590942382812,13.839080810546875,-102.20942687988281
-106.7637939453125,14.012130737304688,-102.19761657714844
-106.73536682128906,14.037353515625,-102.40391540527344
-106.64804077148438,14.06884765625,-102.25364685058594
-106.75694274902344,14.21917724609375,-102.09033203125
-106.69090270996094,14.2130126953125,-102.20419311523438
-106.53968811035156,14.1043701171875,-102.33126831054688
-106.72972106933594,13.95538330078125,-102.34504699707031
-106.77647399902344,14.027236938476562,-102.58653259277344
-106.82292175292969,14.030990600585938,-102.40480041503906
-106.90802001953125,14.146759033203125,-102.30197143554688
-106.77056884765625,14.107711791992188,-102.22274780273438
-106.77989196777344,14.040679931640625,-102.093505859375
-106.81631469726562,14.038894653320312,-101.93536376953125
-106.87435913085938,13.999160766601562,-101.7666015625
-106.81852722167969,14.134140014648438,-102.15452575683594
-106.62239074707031,14.115875244140625,-102.13002014160156
-106.81716918945312,14.20745849609375,-102.05596923828125
-106.83976745605469,14.141571044921875,-102.09065246582031
-106.87242126464844,14.351287841796875,-102.09996032714844
-106.76512145996094,14.196990966796875,-102.12362670898438
-106.84022521972656,13.978073120117188,-102.08267211914062
-106.89842224121094,14.00164794921875,-102.17295837402344
-106.85618591308594,14.004470825195312,-102.06428527832031
-106.81629943847656,13.964584350585938,-102.13374328613281
-106.79501342773438,13.995742797851562,-102.32168579101562
-106.99076843261719,13.992721557617188,-102.1610107421875
-106.94430541992188,14.217605590820312,-102.25874328613281
-106.95310974121094,14.092010498046875,-102.29257202148438
-106.85232543945312,14.112289428710938,-102.44302368164062
-106.85342407226562,14.003143310546875,-102.39848327636719
-106.86444091796875,13.97705078125,-102.28153991699219
-106.82568359375,14.09423828125,-102.25955200195312
-106.92013549804688,14.160293579101562,-102.24755859375
-107.03370666503906,14.034332275390625,-102.3228759765625
-106.93061828613281,14.00494384765625,-102.214111328125
-106.98817443847656,13.95111083984375,-102.30267333984375
-106.93269348144531,14.131607055664062,-102.22003173828125
-106.98487854003906,14.116653442382812,-102.3968505859375
-106.94268798828125,14.214462280273438,-102.36428833007812
-106.76751708984375,14.138778686523438,-102.35382080078125
-106.8828125,14.108551025390625,-102.46641540527344
-106.82038879394531,14.146896362304688,-102.48719787597656
-106.75566101074219,14.196151733398438,-102.37515258789062
-106.84721374511719,14.126068115234375,-102.20404052734375
-106.69244384765625,14.326705932617188,-102.2869873046875
-106.62071228027344,14.108291625976562,-102.47688293457031
-106.70352172851562,14.195083618164062,-102.23301696777344
-106.73942565917969,14.320037841796875,-102.20751953125
-106.72868347167969,14.246673583984375,-102.1162109375
-106.88240051269531,14.215530395507812,-102.30137634277344
-106.79856872558594,14.325546264648438,-102.41313171386719
-106.90975952148438,14.2606201171875,-102.22921752929688
-106.84849548339844,14.24237060546875,-102.20599365234375
-106.82656860351562,14.349807739257812,-102.52842712402344
-106.81781005859375,14.359329223632812,-102.66000366210938
-106.88760375976562,14.326492309570312,-102.62895202636719
-106.87513732910156,14.443954467773438,-102.58248901367188
-106.7926025390625,14.448745727539062,-102.57229614257812
-106.73478698730469,14.3492431640625,-102.37562561035156
-106.6533203125,14.183624267578125,-102.24954223632812
-106.71157836914062,14.155914306640625,-102.19416809082031
-106.79573059082031,14.080718994140625,-102.35325622558594
-106.70411682128906,13.983535766601562,-102.50404357910156
-106.67747497558594,13.996200561523438,-102.52574157714844
-106.80844116210938,13.9866943359375,-102.49221801757812
-106.80500793457031,13.985565185546875,-102.5118408203125
-106.88426208496094,14.024932861328125,-102.59403991699219
-106.89500427246094,14.141143798828125,-102.52352905273438
-106.9908447265625,14.046539306640625,-102.51724243164062
-106.90643310546875,14.018463134765625,-102.58090209960938
-107.00686645507812,13.881668090820312,-102.61070251464844
-106.97386169433594,13.980819702148438,-102.61224365234375
-107.04020690917969,14.067733764648438,-102.42909240722656
-106.9471435546875,13.991531372070312,-102.55311584472656
-106.76513671875,13.94805908203125,-102.40577697753906
-106.78410339355469,14.063400268554688,-102.22615051269531
-106.87104797363281,14.157333374023438,-102.17723083496094
-106.84890747070312,14.086563110351562,-102.09811401367188
-106.96580505371094,14.062118530273438,-102.16311645507812
-107.02989196777344,13.986297607421875,-102.26605224609375
-106.82868957519531,13.915145874023438,-102.39654541015625
-106.78196716308594,13.952041625976562,-102.58441162109375
-106.75961303710938,13.833343505859375,-102.64848327636719
-106.82283020019531,14.072036743164062,-102.57754516601562
-106.70559692382812,14.057510375976562,-102.48789978027344
-106.55715942382812,13.894943237304688,-102.36065673828125
-106.49822998046875,13.822006225585938,-102.44221496582031
-106.41645812988281,13.922592163085938,-102.44287109375
-106.09785461425781,13.930831909179688,-102.413818359375
-105.58320617675781,13.812088012695312,-102.36048889160156
-105.4991455078125,13.593246459960938,-102.22509765625
-105.27650451660156,13.3740234375,-102.23143005371094
-104.95553588867188,13.308944702148438,-102.41482543945312
-104.54710388183594,13.152847290039062,-102.31953430175781
-104.414794921875,12.81842041015625,-102.33749389648438
-104.04498291015625,12.6563720703125,-102.52500915527344
-103.75514221191406,12.600204467773438,-102.51364135742188
-103.580078125,12.5498046875,-102.3629150390625
-103.45343017578125,12.403839111328125,-102.31214904785156
-102.97251892089844,12.169647216796875,-102.10824584960938
-102.81092834472656,12.023956298828125,-102.17544555664062
-102.50244140625,11.971725463867188,-102.18521118164062
-102.51152038574219,11.8424072265625,-102.27873229980469
-102.30760192871094,11.761810302734375,-102.51564025878906
-102.17425537109375,11.5560302734375,-102.46025085449219
-102.09907531738281,11.404739379882812,-102.1063232421875
-101.76345825195312,11.376419067382812,-102.09429931640625
-101.62115478515625,11.444168090820312,-102.33792114257812
-101.70201110839844,11.230270385742188,-102.38482666015625
-101.61164855957031,11.44281005859375,-102.31809997558594
-101.43821716308594,11.404006958007812,-102.23612976074219
-101.48455810546875,11.469009399414062,-102.331787109375
-101.52262878417969,11.474472045898438,-102.435302734375
-101.69673156738281,11.634902954101562,-102.76316833496094
-101.57417297363281,12.01025390625,-102.88278198242188
-101.64381408691406,12.2606201171875,-103.04228210449219
-101.66734313964844,12.407913208007812,-103.19764709472656
-101.34017944335938,12.469314575195312,-103.3831787109375
-101.09429931640625,12.3387451171875,-103.63557434082031
-100.66925048828125,12.158416748046875,-103.52214050292969
-100.5130615234375,11.775985717773438,-103.41468811035156
-99.782958984375,11.42864990234375,-102.99978637695312
-99.34378051757812,10.880691528320312,-103.00494384765625
-99.14485168457031,10.51312255859375,-102.88600158691406
-98.68754577636719,10.00018310546875,-102.68104553222656
-98.31037902832031,9.4324951171875,-102.48577880859375
-98.38742065429688,9.208984375,-102.2493896484375
-98.24162292480469,8.60308837890625,-102.35052490234375
-97.91421508789062,8.222824096679688,-101.97564697265625
-97.55735778808594,7.7027740478515625,-101.71229553222656
-97.59980773925781,7.1582794189453125,-101.56307983398438
-97.49073791503906,6.7709808349609375,-101.44964599609375
-97.34403991699219,6.2192535400390625,-101.31315612792969
-96.9625244140625,5.7655029296875,-101.10256958007812
-96.66072082519531,5.27996826171875,-100.85643005371094
-96.54789733886719,4.6024017333984375,-100.6685791015625
-96.47161865234375,4.2449493408203125,-100.68377685546875
-96.11679077148438,3.836456298828125,-100.54902648925781
-95.94212341308594,3.46722412109375,-100.49380493164062
-95.82563781738281,3.0267791748046875,-100.36228942871094
-95.65162658691406,2.634246826171875,-100.17420959472656
-95.48594665527344,2.032867431640625,-99.77333068847656
-95.324462890625,1.7131195068359375,-99.73098754882812
-95.27301025390625,1.30194091796875,-99.62759399414062
-95.12446594238281,0.8790435791015625,-99.66770935058594
-95.22416687011719,0.4481048583984375,-99.80889892578125
-95.35179138183594,0.2541656494140625,-99.74214172363281
-95.41323852539062,-0.1326751708984375,-99.4088134765625
-95.66554260253906,-0.4808807373046875,-99.00277709960938
-95.64762878417969,-0.53082275390625,-99.1363525390625
-95.546875,-0.745330810546875,-98.86614990234375
-95.6109619140625,-1.0531768798828125,-98.74629211425781
-95.38253784179688,-1.4078216552734375,-98.63156127929688
-95.37808227539062,-1.707550048828125,-98.55685424804688
-95.23580932617188,-2.2389373779296875,-98.52082824707031
-95.20442199707031,-2.930450439453125,-98.68559265136719
-94.93505859375,-3.6110687255859375,-98.625
-94.63420104980469,-4.2608184814453125,-98.6492919921875
-94.43914794921875,-4.7759857177734375,-98.39350891113281
-94.18040466308594,-4.915069580078125,-98.47930908203125
-93.96676635742188,-5.1614837646484375,-98.50675964355469
-93.71211242675781,-5.3392181396484375,-98.94021606445312
-93.74600219726562,-5.461822509765625,-98.85548400878906
-93.83331298828125,-5.4661712646484375,-98.86643981933594
-93.95504760742188,-5.30316162109375,-98.66889953613281
-94.16398620605469,-5.1736602783203125,-98.53459167480469
-94.77845764160156,-4.8652191162109375,-98.18252563476562
-95.40689086914062,-4.6417999267578125,-97.45526123046875
-96.18539428710938,-4.151763916015625,-97.2052001953125
-96.75003051757812,-3.799224853515625,-96.89533996582031
-97.40509033203125,-3.4304656982421875,-96.82872009277344
-97.86363220214844,-2.9237518310546875,-96.8436279296875
-98.05560302734375,-2.517608642578125,-96.59368896484375
-98.22627258300781,-2.3707733154296875,-96.56983947753906
-98.23866271972656,-2.2277679443359375,-96.57768249511719
-98.31182861328125,-2.1533660888671875,-96.51248168945312
-98.33116149902344,-2.146820068359375,-96.50291442871094
-98.34527587890625,-2.2809600830078125,-96.55734252929688
-98.15017700195312,-2.3774871826171875,-96.36265563964844
-98.19439697265625,-2.6788787841796875,-96.55892944335938
-97.9364013671875,-2.783172607421875,-96.5238037109375
-97.9481201171875,-2.883758544921875,-96.37594604492188
-97.90719604492188,-3.0097808837890625,-96.37168884277344
-97.83091735839844,-2.970703125,-96.29133605957031
-97.82537841796875,-3.3603973388671875,-96.10354614257812
-97.84954833984375,-3.3346405029296875,-96.337646484375
-97.72676086425781,-3.250091552734375,-96.3411865234375
-97.48664855957031,-3.378265380859375,-96.48934936523438
-97.5106201171875,-3.5072021484375,-96.50822448730469
-97.56996154785156,-3.6507568359375,-96.43977355957031
-97.70245361328125,-3.8533782958984375,-96.60684204101562
-97.83473205566406,-3.831024169921875,-96.61849975585938
-97.75918579101562,-3.8050994873046875,-96.43467712402344
-97.50442504882812,-3.806976318359375,-96.48628234863281
-97.58477783203125,-3.746612548828125,-96.47967529296875
-97.57208251953125,-3.872344970703125,-96.48916625976562
-97.35888671875,-3.753173828125,-96.50602722167969
-97.36859130859375,-3.84228515625,-96.44918823242188
-97.38633728027344,-3.8461761474609375,-96.57373046875
-97.39251708984375,-3.803863525390625,-96.79937744140625
-97.45411682128906,-3.788665771484375,-96.72528076171875
-97.42269897460938,-3.748565673828125,-96.57804870605469
-97.36552429199219,-3.84814453125,-96.58773803710938
-97.45982360839844,-3.87689208984375,-96.62527465820312
-97.32398986816406,-3.77154541015625,-96.76753234863281
-97.33796691894531,-3.809417724609375,-96.89857482910156
-97.41831970214844,-3.80487060546875,-96.93821716308594
-97.40460205078125,-3.8011932373046875,-96.89077758789062
-97.31610107421875,-3.74639892578125,-96.69937133789062
-97.38771057128906,-3.8455657958984375,-96.69007873535156
-97.50692749023438,-3.7910003662109375,-96.79389953613281
-97.66983032226562,-3.8838348388671875,-97.04316711425781
-97.74002075195312,-3.8336029052734375,-97.29676818847656
-97.7933349609375,-3.615753173828125,-97.46290588378906
-97.94557189941406,-3.555908203125,-97.38638305664062
-98.08778381347656,-3.555145263671875,-97.57183837890625
-98.4306640625,-3.5230255126953125,-97.63130187988281
-98.56694030761719,-3.451446533203125,-97.62681579589844
-98.61630249023438,-3.4463958740234375,-97.52909851074219
-98.98124694824219,-3.2513427734375,-97.54225158691406
-99.15507507324219,-3.209564208984375,-97.19703674316406
-99.19804382324219,-2.7271270751953125,-97.06294250488281
-99.19023132324219,-2.2895965576171875,-97.21516418457031
-99.32769775390625,-2.1301116943359375,-96.86824035644531
-99.29556274414062,-1.7669677734375,-96.63127136230469
-99.29368591308594,-1.2273101806640625,-96.321533203125
-99.20280456542969,-0.8353424072265625,-96.13130187988281
-98.91395568847656,-0.333221435546875,-95.75465393066406
-98.71754455566406,0.103515625,-95.67768859863281
-98.02113342285156,0.416259765625,-95.66253662109375
-97.68081665039062,1.025604248046875,-95.36601257324219
-96.96249389648438,1.4409332275390625,-95.10426330566406
-96.34440612792969,1.695343017578125,-95.05812072753906
-95.43473815917969,1.733306884765625,-94.83927917480469
-94.97616577148438,1.958587646484375,-94.99821472167969
-94.24409484863281,1.889984130859375,-95.04962158203125
-93.43302917480469,2.040802001953125,-94.99140930175781
-92.66752624511719,2.041412353515625,-95.23155212402344
-91.96528625488281,2.17779541015625,-95.48722839355469
-91.06245422363281,2.2693634033203125,-95.33418273925781
-90.4127197265625,2.305145263671875,-95.10372924804688
-89.48849487304688,2.485595703125,-95.02951049804688
-88.60658264160156,2.4011688232421875,-94.79827880859375
-87.71165466308594,2.558349609375,-94.49662780761719
-86.89219665527344,2.7423248291015625,-93.98208618164062
-86.15370178222656,3.048828125,-93.40008544921875
-85.52662658691406,3.5535430908203125,-92.75398254394531
-84.82032775878906,4.36871337890625,-91.70195007324219
-84.3656005859375,5.520965576171875,-90.7025146484375
-84.4326171875,7.4324798583984375,-89.06745910644531
-85.12985229492188,9.9146728515625,-87.73637390136719
-86.65188598632812,13.439041137695312,-86.68377685546875
-89.32682800292969,17.83123779296875,-86.15615844726562
-93.41143798828125,23.233489990234375,-86.60456848144531
-99.02113342285156,28.790069580078125,-89.29411315917969
-105.54182434082031,33.83113098144531,-94.02079772949219
-112.94143676757812,38.4368896484375,-100.27099609375
-121.06700134277344,45.00946044921875,-107.08296203613281
-127.18829345703125,57.727752685546875,-112.35275268554688
-128.41439819335938,69.08686828613281,-115.02899169921875
-128.03363037109375,71.6104736328125,-115.83291625976562
-128.08493041992188,71.63960266113281,-116.088623046875
-127.88223266601562,71.51658630371094,-115.98118591308594
-127.89373779296875,71.42138671875,-116.19683837890625
-127.80087280273438,71.28895568847656,-116.3779296875
-127.83566284179688,71.29298400878906,-116.34596252441406
-127.85771179199219,71.21353149414062,-116.27859497070312
-127.75357055664062,71.29295349121094,-116.2359619140625
-127.65725708007812,71.49397277832031,-116.22962951660156
-127.767822265625,71.77197265625,-116.22906494140625
-127.7991943359375,71.84527587890625,-116.14320373535156
-127.87442016601562,72.00186157226562,-116.21554565429688
-127.87646484375,72.15090942382812,-116.57757568359375
-128.0859375,72.28167724609375,-116.462890625
-128.0413055419922,72.34025573730469,-116.53497314453125
-127.99746704101562,72.53080749511719,-116.41780090332031
-127.94969177246094,72.43928527832031,-116.38014221191406
-127.89073181152344,72.600341796875,-116.359130859375
-127.95564270019531,72.7535400390625,-116.31710815429688
-127.94143676757812,72.84185791015625,-116.32559204101562
-127.8572998046875,73.08985900878906,-116.16921997070312
-128.08851623535156,73.12013244628906,-116.39079284667969
-128.2032012939453,73.25968933105469,-116.43057250976562
-128.3095703125,73.59869384765625,-116.29827880859375
-128.5729522705078,73.75605773925781,-116.16436767578125
-128.42750549316406,73.86491394042969,-116.14845275878906
-128.5262451171875,74.07493591308594,-116.17240905761719
-128.72808837890625,74.36233520507812,-115.99296569824219
-128.86001586914062,74.68081665039062,-115.79440307617188
-128.71791076660156,74.79609680175781,-115.90196228027344
-129.0460968017578,75.16888427734375,-115.53248596191406
-129.19215393066406,75.37846374511719,-115.33161926269531
-129.37210083007812,75.6854248046875,-115.21629333496094
-129.48219299316406,75.89726257324219,-115.504638671875
-129.69979858398438,76.37722778320312,-115.60057067871094
-130.12100219726562,76.79000854492188,-115.50715637207031
-130.26028442382812,77.05685424804688,-115.30218505859375
-130.31727600097656,77.52012634277344,-115.56024169921875
-130.38229370117188,78.01261901855469,-115.78562927246094
-130.41880798339844,78.07173156738281,-115.93113708496094
-130.25360107421875,78.51638793945312,-116.11187744140625
-130.18605041503906,78.76406860351562,-116.30084228515625
-130.03114318847656,79.09858703613281,-116.27908325195312
-130.0122833251953,79.57565307617188,-116.29830932617188
-130.2015380859375,79.909912109375,-116.58297729492188
-130.56285095214844,80.32818603515625,-116.37336730957031
-130.6959991455078,80.90797424316406,-116.45649719238281
-131.0448455810547,81.50140380859375,-116.38943481445312
-131.13180541992188,82.16366577148438,-116.64909362792969
-131.4220733642578,82.56851196289062,-116.70565795898438
-131.57171630859375,83.2059326171875,-116.86436462402344
-131.7467498779297,83.57896423339844,-117.2049560546875
-131.86245727539062,84.1060791015625,-117.3170166015625
-131.9943389892578,84.517578125,-117.56829833984375
-132.23785400390625,84.95304870605469,-117.57994079589844
-132.38743591308594,85.54971313476562,-117.6546630859375
-132.71983337402344,85.98196411132812,-117.9110107421875
-132.99392700195312,86.34962463378906,-118.00949096679688
-133.0493927001953,86.78070068359375,-118.19891357421875
-133.26727294921875,87.08546447753906,-118.41433715820312
-133.4705810546875,87.43801879882812,-118.50334167480469
-133.5935516357422,87.84469604492188,-118.77522277832031
-133.65025329589844,88.23806762695312,-118.93508911132812
-133.83213806152344,88.59501647949219,-119.30561828613281
-134.0504608154297,88.93998718261719,-119.37887573242188
-133.9795379638672,89.23051452636719,-119.47433471679688
-134.00820922851562,89.36224365234375,-119.64341735839844
-134.17164611816406,89.72465515136719,-119.9122314453125
-134.28758239746094,89.94137573242188,-120.04728698730469
-134.4424285888672,90.26106262207031,-120.26052856445312
-134.59144592285156,90.49775695800781,-120.48699951171875
-134.747802734375,90.66938781738281,-120.47525024414062
-134.90406799316406,90.92578125,-120.4588623046875
-134.88381958007812,91.18998718261719,-120.3052978515625
-135.2296905517578,91.42073059082031,-120.27305603027344
-135.43606567382812,91.54972839355469,-120.39356994628906
-135.7528839111328,91.70843505859375,-120.18098449707031
-135.87281799316406,91.96452331542969,-120.32328796386719
-136.0228271484375,92.10516357421875,-120.53022766113281
-136.2673797607422,92.19935607910156,-120.75733947753906
-136.357666015625,92.55718994140625,-120.76470947265625
-136.64610290527344,92.70635986328125,-120.7095947265625
-136.89515686035156,92.93972778320312,-120.88774108886719
-137.07125854492188,92.77476501464844,-120.83723449707031
-137.06678771972656,92.439208984375,-120.55738830566406
-137.34303283691406,92.46629333496094,-120.23640441894531
-137.3063201904297,92.54061889648438,-120.11344909667969
-137.41775512695312,92.43608093261719,-119.84806823730469
-137.45140075683594,92.42453002929688,-119.74354553222656
-137.5457000732422,92.43318176269531,-119.82087707519531
-137.38180541992188,92.31684875488281,-119.90692138671875
-137.4132537841797,92.319091796875,-119.74168395996094
-137.2313995361328,92.16233825683594,-119.55377197265625
-137.33506774902344,92.35935974121094,-119.56027221679688
-137.36256408691406,92.269775390625,-119.55964660644531
-137.37501525878906,92.07838439941406,-119.72879028320312
-137.2784423828125,92.11558532714844,-119.78059387207031
-137.32749938964844,92.00186157226562,-119.77552795410156
-137.12939453125,92.00419616699219,-119.67094421386719
-137.26010131835938,91.75140380859375,-119.66683959960938
-137.3846435546875,91.76882934570312,-119.68544006347656
-137.62197875976562,91.95233154296875,-119.57305908203125
-137.8001708984375,92.08753967285156,-119.31855773925781
-137.87286376953125,92.16961669921875,-119.28616333007812
-138.00991821289062,92.36744689941406,-119.4334716796875
-138.10191345214844,92.30963134765625,-119.54736328125
-138.12400817871094,92.37593078613281,-119.64491271972656
-137.99319458007812,92.33465576171875,-119.55496215820312
-138.19741821289062,92.39263916015625,-119.54399108886719
-138.3978729248047,92.44270324707031,-119.65121459960938
-138.4511260986328,92.44586181640625,-119.62945556640625
-138.66078186035156,92.55049133300781,-119.72102355957031
-138.64828491210938,92.75373840332031,-119.57762145996094
-138.908203125,92.75115966796875,-119.41943359375
-139.10031127929688,92.88133239746094,-119.3673095703125
-139.1548309326172,92.78143310546875,-119.48921203613281
-139.20046997070312,92.84513854980469,-119.53022766113281
-139.39402770996094,93.01168823242188,-119.58038330078125
-139.33860778808594,93.04354858398438,-119.67063903808594
-139.3055419921875,93.03385925292969,-119.56472778320312
-139.28250122070312,92.77981567382812,-119.68057250976562
-139.26358032226562,92.881591796875,-119.85836791992188
-139.1386260986328,92.81411743164062,-119.92926025390625
-139.1793670654297,92.83000183105469,-119.80296325683594
-139.34239196777344,92.8895263671875,-119.59333801269531
-139.37399291992188,93.05233764648438,-119.6392822265625
-139.35263061523438,92.91876220703125,-119.70095825195312
-139.50462341308594,92.92543029785156,-119.81062316894531
-139.4883575439453,92.89627075195312,-119.65341186523438
-139.83921813964844,92.74969482421875,-119.67668151855469
-139.87255859375,92.80975341796875,-119.62274169921875
-140.16439819335938,93.04280090332031,-119.71226501464844
-140.20228576660156,92.93316650390625,-119.67352294921875
-140.45033264160156,93.11160278320312,-119.76632690429688
-140.43817138671875,93.23040771484375,-119.76631164550781
-140.2490692138672,93.3619384765625,-119.82243347167969
-140.17117309570312,93.17500305175781,-119.88668823242188
-140.27627563476562,93.20277404785156,-119.79115295410156
-140.45005798339844,93.27755737304688,-119.84881591796875
-140.49130249023438,93.07011413574219,-119.67279052734375
-140.3468475341797,93.05577087402344,-119.68374633789062
-140.38111877441406,93.12031555175781,-119.88063049316406
-140.58221435546875,93.12974548339844,-120.00987243652344
-140.698486328125,93.03558349609375,-119.99893188476562
-140.6575164794922,93.13772583007812,-119.87083435058594
-140.5257110595703,93.29212951660156,-119.82412719726562
-140.52059936523438,93.15141296386719,-120.07867431640625
-140.49391174316406,93.23509216308594,-120.16014099121094
-140.40304565429688,93.245361328125,-120.12577819824219
-140.32872009277344,93.06610107421875,-119.94340515136719
-140.50216674804688,93.07797241210938,-119.84236145019531
-140.54379272460938,92.98068237304688,-119.80644226074219
-140.4917755126953,92.90426635742188,-119.98385620117188
-140.5457305908203,93.04862976074219,-120.01412963867188
-140.34603881835938,93.08975219726562,-119.99906921386719
-140.4247589111328,93.14608764648438,-119.98785400390625
-140.52056884765625,93.03379821777344,-119.81748962402344
-140.48805236816406,92.90464782714844,-119.82131958007812
-140.49957275390625,92.95783996582031,-119.61174011230469
-140.50669860839844,92.99632263183594,-119.75746154785156
-140.4771270751953,92.92669677734375,-120.02873229980469
-140.51271057128906,93.04145812988281,-119.78305053710938
-140.47607421875,93.04133605957031,-119.42474365234375
-140.33377075195312,93.12025451660156,-119.56777954101562
-140.40774536132812,93.04087829589844,-119.43428039550781
-140.46316528320312,93.06028747558594,-119.64329528808594
-140.467041015625,92.97021484375,-119.50706481933594
-140.52304077148438,92.95628356933594,-119.43453979492188
-140.4649658203125,93.11651611328125,-119.68600463867188
-140.51626586914062,93.13900756835938,-119.71681213378906
-140.63534545898438,93.08302307128906,-119.54458618164062
-140.57911682128906,93.0462646484375,-119.56010437011719
-140.568115234375,93.04725646972656,-119.55563354492188
-140.39913940429688,93.12553405761719,-119.32659912109375
-140.19776916503906,93.09428405761719,-119.39212036132812
-140.3216094970703,93.09596252441406,-119.46017456054688
-140.3986053466797,93.17431640625,-119.51513671875
-140.2344512939453,93.09164428710938,-119.5921630859375
-140.21539306640625,93.068603515625,-119.67120361328125
-140.30792236328125,92.96543884277344,-119.7081298828125
-140.43344116210938,92.99258422851562,-119.66862487792969
-140.3624267578125,93.12142944335938,-119.87803649902344
-140.4245147705078,93.02494812011719,-119.82334899902344
-140.3729705810547,92.90736389160156,-119.9080810546875
-140.44329833984375,92.98846435546875,-119.74884033203125
-140.39035034179688,93.14961242675781,-119.58590698242188
-140.4499053955078,93.10906982421875,-119.60763549804688
-140.53404235839844,93.07577514648438,-119.79013061523438
-140.55679321289062,93.09938049316406,-119.95390319824219
-140.30239868164062,93.05067443847656,-120.06875610351562
-140.5020751953125,93.03871154785156,-119.94827270507812
-140.5120849609375,93.03096008300781,-119.83456420898438
-140.5266876220703,93.21000671386719,-119.75999450683594
-140.499755859375,93.20768737792969,-119.80178833007812
-140.5755615234375,93.29306030273438,-119.66522216796875
-140.5323944091797,93.05058288574219,-119.61483764648438
-140.5692596435547,93.09883117675781,-119.56494140625
-140.5029296875,93.29232788085938,-119.5716552734375
-140.59886169433594,93.20651245117188,-119.69586181640625
-140.51548767089844,93.18144226074219,-119.77146911621094
-140.341064453125,93.16897583007812,-119.77445983886719
-140.37277221679688,93.18690490722656,-119.83235168457031
-140.39547729492188,93.30439758300781,-119.84471130371094
-140.51959228515625,93.21820068359375,-119.72283935546875
-140.42027282714844,93.05125427246094,-119.44987487792969
-140.61033630371094,93.13909912109375,-119.52012634277344
-140.28225708007812,93.17753601074219,-119.79994201660156
-140.36573791503906,93.28866577148438,-120.04539489746094
-140.39585876464844,93.28746032714844,-119.83345031738281
-140.39537048339844,93.04634094238281,-119.65234375
-140.4212188720703,93.10252380371094,-119.67904663085938
-140.39083862304688,92.9884033203125,-119.658203125
-140.18527221679688,92.98188781738281,-119.77043151855469
-140.21926879882812,92.93829345703125,-119.84342956542969
-140.17431640625,93.15972900390625,-119.82725524902344
-140.25192260742188,93.12916564941406,-119.81379699707031
-140.28472900390625,93.13310241699219,-120.01499938964844
-140.56394958496094,93.03814697265625,-119.78074645996094
-140.5908966064453,93.14102172851562,-120.03512573242188
-140.56048583984375,93.06591796875,-119.75796508789062
-140.75027465820312,93.24642944335938,-119.71356201171875
-140.5552978515625,93.20152282714844,-119.58805847167969
-140.39077758789062,93.17637634277344,-119.75178527832031
-140.33348083496094,93.14198303222656,-119.78558349609375
-140.38047790527344,93.09465026855469,-119.87425231933594
-140.51731872558594,93.03822326660156,-119.7298583984375
-140.38702392578125,93.06396484375,-119.61752319335938
-140.3106689453125,93.163330078125,-119.74423217773438
-140.30133056640625,93.2667236328125,-119.67198181152344
-140.19183349609375,93.30633544921875,-119.46266174316406
-140.4273223876953,93.30496215820312,-119.28546142578125
-140.22947692871094,93.29634094238281,-119.53349304199219
-140.17855834960938,93.18550109863281,-119.62403869628906
-140.2015838623047,93.28089904785156,-119.82846069335938
-140.17022705078125,93.25506591796875,-119.81840515136719
-140.27938842773438,93.07780456542969,-119.67025756835938
-140.18783569335938,93.15461730957031,-119.64582824707031
-140.2444610595703,93.02976989746094,-119.87925720214844
-140.24818420410156,93.15341186523438,-119.87556457519531
-140.20140075683594,93.15673828125,-119.75306701660156
-140.27720642089844,93.16282653808594,-119.77644348144531
-140.2354278564453,93.26248168945312,-119.79629516601562
-140.2049560546875,93.03172302246094,-119.99334716796875
-140.4351043701172,93.06611633300781,-120.10884094238281
-140.46554565429688,92.97817993164062,-120.21424865722656
-140.551025390625,92.90457153320312,-120.28929138183594
-140.46603393554688,92.90132141113281,-120.12742614746094
-140.5689239501953,92.77955627441406,-119.91410827636719
-140.38340759277344,92.93794250488281,-119.82704162597656
-140.34837341308594,92.92253112792969,-119.59950256347656
-140.46949768066406,93.0250244140625,-119.47708129882812
-140.5045623779297,93.06236267089844,-119.46090698242188
-140.5269317626953,93.06683349609375,-119.7196044921875
-140.32200622558594,93.0426025390625,-119.8433837890625
-140.32608032226562,93.05616760253906,-119.7381591796875
-140.59902954101562,93.03518676757812,-119.76800537109375
-140.40171813964844,93.05986022949219,-119.77972412109375
-140.34906005859375,93.06471252441406,-119.95549011230469
-140.4966278076172,93.14704895019531,-120.09124755859375
-140.53631591796875,93.16371154785156,-120.0826416015625
-140.3139190673828,93.07867431640625,-120.15937805175781
-140.48025512695312,92.98945617675781,-120.18095397949219
-140.56942749023438,92.95310974121094,-120.14376831054688
-140.58885192871094,92.9384765625,-120.02055358886719
-140.54966735839844,93.16567993164062,-119.95059204101562
-140.52076721191406,93.13189697265625,-119.99960327148438
-140.33985900878906,93.1112060546875,-119.90740966796875
-140.35377502441406,92.90946960449219,-119.97218322753906
-140.330810546875,93.03536987304688,-120.1551513671875
-140.52615356445312,92.97056579589844,-120.12046813964844
-140.30177307128906,92.99638366699219,-120.16702270507812
-140.3153533935547,92.94512939453125,-120.05473327636719
-140.44520568847656,92.82795715332031,-120.10560607910156
-140.33859252929688,92.89422607421875,-120.05128479003906
-140.58816528320312,93.00279235839844,-120.11825561523438
-140.5462646484375,93.00755310058594,-120.2813720703125
-140.50704956054688,93.10565185546875,-120.11502075195312
-140.55360412597656,93.08305358886719,-120.28012084960938
-140.4990234375,93.09492492675781,-120.25386047363281
-140.58517456054688,92.90634155273438,-120.25360107421875
-140.50721740722656,92.9781494140625,-120.30856323242188
-140.47401428222656,93.16781616210938,-120.05708312988281
-140.4756622314453,93.09223937988281,-119.99966430664062
-140.39646911621094,93.13685607910156,-120.0411376953125
-140.54725646972656,93.05291748046875,-120.117431640625
-140.4691162109375,92.95330810546875,-120.08975219726562
-140.5835723876953,92.89385986328125,-120.01608276367188
-140.4861297607422,93.01531982421875,-120.08404541015625
-140.45693969726562,93.1378173828125,-120.12068176269531
-140.53724670410156,93.05158996582031,-120.02964782714844
-140.6011962890625,93.15751647949219,-119.97921752929688
-140.54983520507812,93.0992431640625,-120.19674682617188
-140.72010803222656,93.03823852539062,-120.05467224121094
-140.48521423339844,92.95112609863281,-120.18443298339844
-140.71580505371094,93.00546264648438,-119.93986511230469
-140.5436553955078,92.94349670410156,-119.77093505859375
-140.5140838623047,93.05543518066406,-119.79402160644531
-140.5192413330078,92.94132995605469,-119.75492858886719
-140.56405639648438,93.03602600097656,-119.8614501953125
-140.54837036132812,92.93368530273438,-119.85417175292969
-140.4953155517578,92.81791687011719,-119.89250183105469
-140.5225830078125,92.90559387207031,-120.08938598632812
-140.6211395263672,92.98210144042969,-120.0299072265625
-140.73184204101562,92.93370056152344,-119.7451171875
-140.5076904296875,92.956298828125,-119.93173217773438
-140.5934600830078,93.05998229980469,-120.0994873046875
-140.4656524658203,93.05323791503906,-119.9998779296875
-140.5111846923828,92.97569274902344,-120.03472900390625
-140.3031463623047,92.95376586914062,-120.18728637695312
-140.4027862548828,93.1414794921875,-120.06623840332031
-140.60316467285156,93.16902160644531,-119.77815246582031
-140.4989776611328,93.1478271484375,-119.76264953613281
-140.57150268554688,92.91975402832031,-119.98481750488281
-140.45440673828125,92.95068359375,-120.16319274902344
-140.57717895507812,93.15072631835938,-120.17196655273438
-140.67897033691406,93.12326049804688,-120.168701171875
-140.60546875,92.98161315917969,-120.10360717773438
-140.569091796875,92.99441528320312,-120.30343627929688
-140.5657958984375,92.91693115234375,-120.22634887695312
-140.31640625,92.93258666992188,-120.35240173339844
-140.29534912109375,92.79692077636719,-120.32415771484375
-140.43377685546875,92.77774047851562,-120.21464538574219
-140.31407165527344,92.90513610839844,-120.37364196777344
-140.14398193359375,93.00833129882812,-120.49359130859375
-140.44015502929688,92.95903015136719,-120.35574340820312
-140.5867919921875,92.98988342285156,-120.26679992675781
-140.64071655273438,92.82637023925781,-120.29339599609375
-140.45266723632812,92.84745788574219,-120.2530517578125
-140.54957580566406,92.94291687011719,-120.30789184570312
-140.71018981933594,93.03323364257812,-120.10647583007812
-140.59815979003906,92.89373779296875,-120.19879150390625
-140.5368194580078,92.79995727539062,-120.04902648925781
-140.67410278320312,92.89457702636719,-120.0172119140625
-140.51730346679688,92.89765930175781,-119.73239135742188
-140.49990844726562,92.63494873046875,-119.76994323730469
-140.51504516601562,92.69580078125,-119.82080078125
-140.54469299316406,92.84068298339844,-119.96865844726562
-140.6011962890625,92.859130859375,-120.17594909667969
-140.59725952148438,93.0396728515625,-120.21627807617188
-140.73544311523438,93.01971435546875,-120.24018859863281
-140.4950714111328,92.90104675292969,-120.16110229492188
-140.41098022460938,92.96910095214844,-120.16497802734375
-140.33766174316406,92.81132507324219,-120.08157348632812
-140.1767578125,92.89739990234375,-119.92413330078125
-140.17984008789062,92.96597290039062,-120.03399658203125
-140.42552185058594,92.9971923828125,-120.01765441894531
-140.34410095214844,92.82594299316406,-119.94296264648438
-140.2210235595703,93.01205444335938,-119.95945739746094
-140.2238006591797,92.96099853515625,-119.92169189453125
-140.34873962402344,92.86799621582031,-120.14869689941406
-140.34942626953125,92.78092956542969,-120.15390014648438
-140.4051971435547,92.81512451171875,-120.0963134765625
-140.42892456054688,92.93728637695312,-120.00970458984375
-140.43345642089844,92.78097534179688,-120.00044250488281
-140.2779998779297,92.89895629882812,-120.00070190429688
-140.2359619140625,92.98974609375,-120.06304931640625
-140.17160034179688,92.77833557128906,-120.26637268066406
-140.3155059814453,92.88548278808594,-120.45512390136719
-140.2985076904297,92.80886840820312,-120.2978515625
-140.49867248535156,92.86599731445312,-120.14552307128906
-140.33343505859375,92.80027770996094,-120.27116394042969
-140.4644775390625,92.84725952148438,-120.2869873046875
-140.62286376953125,92.83831787109375,-120.15048217773438
-140.5386505126953,92.86270141601562,-119.86761474609375
-140.49441528320312,92.83355712890625,-119.7626953125
-140.32777404785156,92.83053588867188,-119.93212890625
-140.38092041015625,92.79536437988281,-119.80070495605469
-140.46397399902344,92.80416870117188,-119.79974365234375
-140.5948944091797,93.03173828125,-119.94656372070312
-140.4944610595703,92.90084838867188,-119.96937561035156
-140.45712280273438,93.01974487304688,-119.93096923828125
-140.3305206298828,92.9420166015625,-120.17826843261719
-140.4114227294922,92.92857360839844,-119.89151000976562
-140.3260955810547,92.9869384765625,-120.05374145507812
-140.39801025390625,92.794189453125,-120.01301574707031
-140.53457641601562,92.85633850097656,-119.90995788574219
-140.57183837890625,92.85511779785156,-119.88682556152344
-140.5719451904297,92.76994323730469,-120.18452453613281
-140.4715118408203,92.8123779296875,-120.01950073242188
-140.5272216796875,92.96453857421875,-119.78617858886719
-140.4191131591797,93.07331848144531,-119.95877075195312
-140.43508911132812,93.09776306152344,-120.18264770507812
-140.57701110839844,93.30113220214844,-120.07862854003906
-140.70318603515625,93.11077880859375,-120.19564819335938
-140.68052673339844,93.06903076171875,-120.17088317871094
-140.6291046142578,93.12002563476562,-120.22781372070312
-140.4833526611328,92.99107360839844,-120.30618286132812
-140.68109130859375,92.861328125,-120.30683898925781
-140.6239776611328,92.77500915527344,-120.3018798828125
-140.57846069335938,92.89454650878906,-120.50700378417969
-140.66598510742188,93.01884460449219,-120.56565856933594
-140.74179077148438,92.8995361328125,-120.39448547363281
-140.80018615722656,92.86036682128906,-120.32809448242188
-140.84886169433594,92.85516357421875,-120.1119384765625
-140.6606903076172,92.7918701171875,-120.12889099121094
-140.69833374023438,92.87535095214844,-119.92437744140625
-140.67149353027344,92.87725830078125,-120.04820251464844
-140.73841857910156,92.79409790039062,-120.13998413085938
-140.69569396972656,92.78358459472656,-119.97341918945312
-140.6890411376953,93.07743835449219,-119.96345520019531
-140.7141876220703,92.93342590332031,-119.9278564453125
-140.7042236328125,93.03079223632812,-119.92030334472656
-140.61680603027344,92.92265319824219,-119.92628479003906
-140.72213745117188,93.01287841796875,-120.12579345703125
-140.59988403320312,93.17327880859375,-120.44282531738281
-140.6700897216797,92.89466857910156,-120.22544860839844
-140.46617126464844,92.78303527832031,-120.1405029296875
-140.38717651367188,92.840087890625,-120.19134521484375
-140.39883422851562,92.95123291015625,-120.09918212890625
-140.1888885498047,92.92303466796875,-120.26289367675781
-140.43380737304688,92.97367858886719,-120.30751037597656
-140.3262176513672,92.93960571289062,-120.12388610839844
-140.3254852294922,92.93255615234375,-119.96136474609375
-140.34072875976562,92.94120788574219,-119.94293212890625
-140.57286071777344,92.90913391113281,-120.04115295410156
-140.5067901611328,93.14317321777344,-120.06553649902344
-140.46731567382812,93.04896545410156,-120.28773498535156
-140.29519653320312,92.91792297363281,-120.30331420898438
-140.226806640625,92.86776733398438,-120.28654479980469
-140.41441345214844,92.88848876953125,-120.04949951171875
-140.5350799560547,93.00750732421875,-119.94049072265625
-140.45835876464844,92.97721862792969,-119.80935668945312
-140.39149475097656,93.02348327636719,-119.9180908203125
-140.5758819580078,92.93350219726562,-119.87936401367188
-140.5586700439453,93.11366271972656,-119.79653930664062
-140.565185546875,92.94773864746094,-119.80567932128906
-140.6339111328125,92.92515563964844,-119.86712646484375
-140.80104064941406,92.77880859375,-120.10368347167969
-140.60226440429688,93.00364685058594,-120.09516906738281
-140.72669982910156,93.00996398925781,-120.17185974121094
-140.68377685546875,93.08502197265625,-120.161865234375
-140.63516235351562,93.16923522949219,-120.14926147460938
-140.60423278808594,93.11048889160156,-120.11619567871094
-140.47225952148438,93.1513671875,-120.02853393554688
-140.48541259765625,92.94073486328125,-119.75669860839844
-140.41851806640625,92.96632385253906,-119.92422485351562
-140.26162719726562,92.88890075683594,-119.94281005859375
-140.18190002441406,92.86453247070312,-119.72962951660156
-140.27481079101562,92.88426208496094,-119.91020202636719
-140.16026306152344,92.89768981933594,-119.95033264160156
-140.21884155273438,92.96717834472656,-119.96299743652344
-140.40013122558594,92.84153747558594,-120.07383728027344
-140.42747497558594,92.90415954589844,-120.10325622558594
-140.37672424316406,92.95962524414062,-120.08309936523438
-140.3799591064453,92.835693359375,-120.17013549804688
-140.5767059326172,92.9359130859375,-120.08230590820312
-140.44923400878906,93.01292419433594,-120.09104919433594
-140.51560974121094,92.88624572753906,-119.923828125
-140.49176025390625,92.87004089355469,-119.99287414550781
-140.3960418701172,92.82594299316406,-119.85133361816406
-140.26834106445312,92.78244018554688,-119.83615112304688
-140.2412109375,92.93218994140625,-119.84913635253906
-140.20947265625,93.06982421875,-119.78474426269531
-140.1698760986328,93.15228271484375,-119.81289672851562
-140.16970825195312,93.13815307617188,-120.0118408203125
-140.43824768066406,93.13105773925781,-119.96923828125
-140.52783203125,93.06025695800781,-120.12869262695312
-140.5321807861328,93.09616088867188,-120.17550659179688
-140.46775817871094,93.15516662597656,-120.14804077148438
-140.3701171875,93.12966918945312,-120.20167541503906
-140.54037475585938,92.92750549316406,-120.14694213867188
-140.32879638671875,92.82203674316406,-120.19021606445312
-140.52134704589844,92.90263366699219,-120.06625366210938
-140.4832305908203,93.05540466308594,-119.82699584960938
-140.52169799804688,93.11543273925781,-119.81500244140625
-140.35238647460938,92.97012329101562,-119.96017456054688
-140.30108642578125,93.03150939941406,-120.14633178710938
-140.35919189453125,92.95829772949219,-120.14865112304688
-140.30709838867188,93.04722595214844,-120.1767578125
-140.340087890625,93.23135375976562,-120.10551452636719
-140.5399627685547,93.22718811035156,-119.75375366210938
-140.62960815429688,93.20956420898438,-119.79222106933594
-140.5819091796875,93.29452514648438,-119.96807861328125
-140.58827209472656,93.16827392578125,-119.78541564941406
-140.4319305419922,93.09742736816406,-119.96002197265625
-140.36849975585938,93.09616088867188,-119.89967346191406
-140.43682861328125,93.03984069824219,-119.86212158203125
-140.2440185546875,92.99697875976562,-119.658447265625
-140.3971710205078,92.95181274414062,-119.64920043945312
-140.2965087890625,93.01972961425781,-119.62062072753906
-140.17315673828125,93.14315795898438,-119.64520263671875
-140.58790588378906,93.05494689941406,-119.88619995117188
-140.5890655517578,92.96226501464844,-119.92068481445312
-140.53468322753906,92.78672790527344,-119.94364929199219
-140.66107177734375,93.00350952148438,-119.78054809570312
-140.53416442871094,93.04750061035156,-119.59175109863281
-140.3529815673828,93.08796691894531,-119.7674560546875
-140.34552001953125,92.91676330566406,-119.84425354003906
-140.4532012939453,92.98042297363281,-119.91143798828125
-140.5701141357422,93.01576232910156,-120.12844848632812
-140.49815368652344,93.01402282714844,-120.16256713867188
-140.53305053710938,92.73492431640625,-120.060302734375
-140.54176330566406,92.69332885742188,-120.02632141113281
-140.4639434814453,92.68809509277344,-119.92529296875
-140.50892639160156,92.79586791992188,-120.009765625
-140.5509490966797,93.05526733398438,-120.08528137207031
-140.48837280273438,92.91897583007812,-120.1844482421875
-140.57696533203125,92.99531555175781,-119.99662780761719
-140.4694366455078,92.98068237304688,-120.01437377929688
-140.566650390625,93.03260803222656,-119.88087463378906
-140.47677612304688,93.03550720214844,-119.80873107910156
-140.66683959960938,93.02644348144531,-119.84036254882812
-140.5587615966797,93.05191040039062,-119.81031799316406
-140.59170532226562,93.13969421386719,-120.00178527832031
-140.51177978515625,93.04428100585938,-120.06829833984375
-140.5148162841797,93.0107421875,-120.08125305175781
-140.4807891845703,92.92430114746094,-119.92887878417969
-140.4866485595703,93.05482482910156,-119.75363159179688
-140.5113983154297,93.14094543457031,-119.86820983886719
-140.52548217773438,93.10760498046875,-119.91654968261719
-140.3338623046875,93.1683349609375,-119.73690795898438
-140.36944580078125,93.10905456542969,-119.76596069335938
-140.52590942382812,93.142333984375,-119.80010986328125
-140.68211364746094,93.13641357421875,-119.8577880859375
-140.7122039794922,93.03681945800781,-119.77281188964844
-140.49118041992188,93.16522216796875,-119.82318115234375
-140.57501220703125,93.03802490234375,-119.7864990234375
-140.57533264160156,93.0291748046875,-119.70280456542969
-140.5133056640625,92.83415222167969,-119.79315185546875
-140.72683715820312,92.76055908203125,-119.76197814941406
-140.73992919921875,92.895263671875,-119.93901062011719
-140.4638671875,92.92701721191406,-120.17123413085938
-140.56777954101562,93.00057983398438,-120.0618896484375
-140.56459045410156,93.00218200683594,-120.30403137207031
-140.56263732910156,92.97970581054688,-120.34205627441406
-140.30233764648438,92.90553283691406,-120.30924987792969
-140.4758758544922,92.92510986328125,-120.3096923828125
-140.46347045898438,92.90283203125,-120.05787658691406
-140.73788452148438,92.94779968261719,-119.97332763671875
-140.65867614746094,92.97340393066406,-120.00914001464844
-140.725830078125,93.08439636230469,-120.192626953125
-140.6107635498047,93.00588989257812,-120.06379699707031
-140.70846557617188,92.84617614746094,-120.0765380859375
-140.6681671142578,92.994140625,-120.08551025390625
-140.7208709716797,93.13157653808594,-120.18745422363281
-140.7279052734375,93.13955688476562,-120.20431518554688
-140.70074462890625,93.16802978515625,-120.16963195800781
-140.84347534179688,93.09161376953125,-120.17680358886719
-140.8771514892578,93.11569213867188,-119.94895935058594
-140.6252899169922,93.04487609863281,-119.80314636230469
-140.6699676513672,93.02511596679688,-119.84577941894531
-140.65884399414062,93.11378479003906,-119.81037902832031
-140.61517333984375,93.02452087402344,-119.8895263671875
-140.5169677734375,93.07662963867188,-119.7686767578125
-140.31712341308594,93.10006713867188,-119.9534912109375
-140.4619598388672,93.03424072265625,-119.89154052734375
-140.64535522460938,92.89639282226562,-119.95147705078125
-140.74293518066406,93.04533386230469,-119.92720031738281
-140.72506713867188,93.08773803710938,-120.1884765625
-140.48440551757812,92.96119689941406,-120.15217590332031
-140.45379638671875,92.79782104492188,-120.10639953613281
-140.39796447753906,92.97883605957031,-120.19242858886719
-140.3400421142578,93.06903076171875,-120.13230895996094
-140.39173889160156,93.16648864746094,-120.08929443359375
-140.32884216308594,93.10630798339844,-119.9677734375
-140.44808959960938,93.11976623535156,-120.198486328125
-140.4485626220703,93.17091369628906,-120.07688903808594
-140.54307556152344,93.17716979980469,-120.13456726074219
-140.56773376464844,93.17333984375,-119.99002075195312
-140.54452514648438,93.05755615234375,-119.8671875
-140.6070556640625,93.05165100097656,-119.85493469238281
-140.57164001464844,93.12126159667969,-119.69036865234375
-140.54885864257812,92.94462585449219,-119.63058471679688
-140.50511169433594,92.7607421875,-119.67840576171875
-140.6080322265625,92.82583618164062,-119.71939086914062
-140.5899658203125,93.01510620117188,-119.78318786621094
-140.58457946777344,93.00837707519531,-119.86279296875
-140.57591247558594,93.1180419921875,-119.98530578613281
-140.4736328125,92.96568298339844,-119.90606689453125
-140.58982849121094,93.07135009765625,-119.72671508789062
-140.4498291015625,93.30496215820312,-119.72015380859375
-140.3358917236328,93.04754638671875,-119.59268188476562
-140.57278442382812,93.13932800292969,-119.43110656738281
-140.50527954101562,93.03306579589844,-119.69712829589844
-140.65225219726562,93.03260803222656,-119.44096374511719
-140.57595825195312,93.09249877929688,-119.28404235839844
-140.41891479492188,93.05941772460938,-119.37643432617188
-140.48880004882812,93.08555603027344,-119.5521240234375
-140.5371551513672,93.03520202636719,-119.61595153808594
-140.50408935546875,93.03805541992188,-119.68841552734375
-140.35435485839844,93.14547729492188,-119.59286499023438
-140.5005645751953,93.13423156738281,-119.61135864257812
-140.552734375,93.09185791015625,-119.62149047851562
-140.3589630126953,93.06747436523438,-119.71383666992188
-140.48695373535156,93.13896179199219,-119.72769165039062
-140.5413055419922,93.12306213378906,-119.86824035644531
-140.59169006347656,93.05255126953125,-120.00296020507812
-140.46267700195312,93.06619262695312,-119.82087707519531
-140.51260375976562,93.11262512207031,-119.81130981445312
-140.5157012939453,93.03334045410156,-119.58470153808594
-140.4645233154297,93.00369262695312,-119.61921691894531
-140.4734649658203,92.96852111816406,-119.70037841796875
-140.58995056152344,93.14154052734375,-119.70530700683594
-140.49986267089844,93.03633117675781,-119.72900390625
-140.5804901123047,93.17018127441406,-119.65396118164062
-140.56585693359375,93.09162902832031,-119.58769226074219
-140.67994689941406,92.94403076171875,-119.65335083007812
-140.47225952148438,93.00523376464844,-119.75140380859375
-140.5133819580078,93.02674865722656,-119.86793518066406
-140.7001953125,93.14619445800781,-119.7769775390625
-140.6662139892578,93.09019470214844,-119.93374633789062
-140.51510620117188,93.14044189453125,-119.79573059082031
-140.47279357910156,93.07345581054688,-119.72891235351562
-140.4832763671875,93.08267211914062,-119.66334533691406
-140.6527099609375,93.03775024414062,-119.83842468261719
-140.6050567626953,93.1707763671875,-119.79806518554688
-140.46823120117188,92.99826049804688,-119.75224304199219
-140.5717010498047,92.99404907226562,-119.8402099609375
-140.60244750976562,92.92433166503906,-119.74238586425781
-140.6256561279297,92.7803955078125,-119.63436889648438
-140.5732879638672,93.01364135742188,-119.58502197265625
-140.54837036132812,92.91938781738281,-119.67643737792969
-140.32632446289062,92.96055603027344,-119.64595031738281
-140.3170166015625,92.97390747070312,-119.6619873046875
-140.355712890625,93.02296447753906,-119.81907653808594
-140.34329223632812,92.80729675292969,-119.88665771484375
-140.5576934814453,92.89790344238281,-120.06343078613281
-140.35775756835938,92.84860229492188,-120.09751892089844
-140.38275146484375,92.93965148925781,-119.87579345703125
-140.37098693847656,92.84616088867188,-119.76567077636719
-140.40916442871094,92.84768676757812,-119.76710510253906
-140.57962036132812,92.97494506835938,-119.80194091796875
-140.5001983642578,93.11421203613281,-119.59234619140625
-140.5461883544922,93.05242919921875,-119.47810363769531
-140.55308532714844,93.1297607421875,-119.46786499023438
-140.56201171875,93.08723449707031,-119.66047668457031
-140.5058135986328,93.10441589355469,-119.63714599609375
-140.47520446777344,93.0968017578125,-119.61106872558594
-140.47994995117188,93.07569885253906,-119.80807495117188
-140.56854248046875,93.05079650878906,-119.94290161132812
-140.5380859375,93.044677734375,-119.93424987792969
-140.47763061523438,92.80686950683594,-120.04463195800781
-140.43638610839844,92.81983947753906,-120.24122619628906
-140.30715942382812,93.14921569824219,-120.10836791992188
-140.4034423828125,93.05513000488281,-120.30448913574219
-140.42893981933594,92.9322509765625,-120.29011535644531
-140.32598876953125,92.90536499023438,-120.10597229003906
-140.54934692382812,93.09185791015625,-120.10308837890625
-140.47830200195312,93.05757141113281,-120.10438537597656
-140.51364135742188,92.92428588867188,-119.91403198242188
-140.5297088623047,92.94038391113281,-119.82125854492188
-140.71217346191406,92.76307678222656,-119.79022216796875
-140.69393920898438,92.85606384277344,-120.13313293457031
-140.65768432617188,92.78834533691406,-120.11557006835938
-140.6484375,92.94215393066406,-120.06082153320312
-140.6735382080078,93.16360473632812,-119.90715026855469
-140.748779296875,93.10600280761719,-120.00750732421875
-140.62564086914062,93.05317687988281,-120.15252685546875
-140.72113037109375,93.16366577148438,-120.32199096679688
-140.6439208984375,93.17642211914062,-120.46604919433594
-140.66159057617188,93.14472961425781,-120.31129455566406
-140.50962829589844,93.06144714355469,-120.05818176269531
-140.61383056640625,93.06512451171875,-120.25736999511719
-140.63754272460938,93.05555725097656,-120.18267822265625
-140.723388671875,93.10054016113281,-120.17100524902344
-140.51577758789062,93.03466796875,-120.12078857421875
-140.3685760498047,93.26768493652344,-120.16200256347656
-140.42323303222656,93.07357788085938,-120.24899291992188
-140.33168029785156,93.10380554199219,-120.23684692382812
-140.48341369628906,92.91009521484375,-120.66482543945312
-140.45590209960938,93.00621032714844,-120.64399719238281
-140.65017700195312,92.95584106445312,-120.39546203613281
-140.52316284179688,92.81156921386719,-120.24345397949219
-140.65512084960938,92.78089904785156,-120.23306274414062
-140.649658203125,92.89677429199219,-120.2623291015625
-140.6029815673828,92.98216247558594,-120.31813049316406
-140.6439666748047,92.90660095214844,-120.10667419433594
-140.53309631347656,93.00692749023438,-120.19099426269531
-140.53756713867188,92.95426940917969,-120.12733459472656
-140.47988891601562,92.89833068847656,-120.07968139648438
-140.356201171875,92.98100280761719,-120.27717590332031
-140.5009307861328,92.80830383300781,-120.25517272949219
-140.52816772460938,92.98933410644531,-120.06944274902344
-140.50271606445312,92.81449890136719,-119.9156494140625
-140.37147521972656,92.83270263671875,-120.1251220703125
-140.39256286621094,93.00389099121094,-120.17263793945312
-140.25173950195312,92.78459167480469,-120.1348876953125
-140.21778869628906,92.84849548339844,-120.14764404296875
-140.27357482910156,92.86369323730469,-120.11198425292969
-140.28639221191406,92.7939453125,-119.99327087402344
-140.3801727294922,92.90911865234375,-119.92735290527344
-140.20436096191406,92.82746887207031,-120.097412109375
-140.41854858398438,92.80569458007812,-120.11624145507812
-140.59165954589844,92.75984191894531,-119.94004821777344
-140.5165252685547,92.90684509277344,-119.891845703125
-140.61221313476562,92.67115783691406,-119.95932006835938
-140.4637451171875,92.72640991210938,-119.85008239746094
-140.48211669921875,92.65122985839844,-119.86558532714844
-140.5025177001953,92.79833984375,-119.62541198730469
-140.46893310546875,92.84443664550781,-119.46328735351562
-140.58572387695312,92.63285827636719,-119.39093017578125
-140.49801635742188,92.62348937988281,-119.39186096191406
-140.4633026123047,92.76287841796875,-119.4981689453125
-140.33792114257812,93.11752319335938,-119.61605834960938
-140.3524932861328,93.01898193359375,-119.67228698730469
-140.42645263671875,92.93721008300781,-119.69258117675781
-140.26805114746094,92.9677734375,-119.5870361328125
-140.17578125,92.77993774414062,-119.69798278808594
-140.1699676513672,92.88838195800781,-119.81396484375
-140.2113037109375,92.76795959472656,-119.80906677246094
-140.26513671875,92.89585876464844,-119.61201477050781
-140.3205108642578,93.00175476074219,-119.81072998046875
-140.3110809326172,92.84326171875,-119.76371765136719
-140.36907958984375,92.71559143066406,-119.85173034667969
-140.35067749023438,92.77857971191406,-119.72850036621094
-140.43942260742188,92.80743408203125,-119.86943054199219
-140.408447265625,92.75627136230469,-119.97979736328125
-140.5726776123047,92.79367065429688,-119.98829650878906
-140.44664001464844,92.80845642089844,-119.9620361328125
-140.5145721435547,92.86463928222656,-119.62274169921875
-140.7314910888672,92.76602172851562,-119.82235717773438
-140.6134490966797,92.86900329589844,-120.19413757324219
-140.72561645507812,92.8963623046875,-120.07215881347656
-140.6740264892578,93.0096435546875,-120.05166625976562
-140.6193389892578,92.98738098144531,-120.1739501953125
-140.62973022460938,93.02217102050781,-120.01577758789062
-140.6303253173828,92.93281555175781,-119.97247314453125
-140.67459106445312,92.91789245605469,-119.95831298828125
-140.6374969482422,92.90763854980469,-119.91921997070312
-140.55174255371094,92.89433288574219,-120.02249145507812
-140.48934936523438,93.01734924316406,-119.95223999023438
-140.5891571044922,92.95947265625,-119.93283081054688
-140.52915954589844,92.95574951171875,-119.99659729003906
-140.5781707763672,92.98081970214844,-119.75393676757812
-140.47596740722656,93.06234741210938,-119.8238525390625
-140.50804138183594,92.91143798828125,-119.74964904785156
-140.52671813964844,92.86222839355469,-119.80470275878906
-140.4899444580078,92.89161682128906,-119.78294372558594
-140.72052001953125,92.84957885742188,-119.89057922363281
-140.58221435546875,92.90402221679688,-120.17964172363281
-140.47450256347656,92.89669799804688,-120.25590515136719
-140.45285034179688,92.90879821777344,-120.23908996582031
-140.48854064941406,92.93031311035156,-120.13821411132812
-140.46543884277344,92.96795654296875,-120.05867004394531
-140.46482849121094,92.9658203125,-119.82209777832031
-140.4582061767578,92.86346435546875,-119.84248352050781
-140.5044403076172,92.91773986816406,-119.85784912109375
-140.5093536376953,92.76296997070312,-119.80860900878906
-140.62689208984375,92.90327453613281,-119.84382629394531
-140.73724365234375,92.92021179199219,-119.96827697753906
-140.72593688964844,93.07020568847656,-120.13682556152344
-140.70962524414062,92.90531921386719,-120.11012268066406
-140.63368225097656,92.847900390625,-120.30238342285156
-140.68943786621094,92.87399291992188,-120.35292053222656
-140.53382873535156,92.90534973144531,-120.26527404785156
-140.55987548828125,92.69129943847656,-120.30398559570312
-140.54281616210938,92.78585815429688,-120.18093872070312
-140.579345703125,93.01956176757812,-120.15962219238281
-140.49166870117188,93.07061767578125,-120.06838989257812
-140.48423767089844,93.12992858886719,-119.94241333007812
-140.42562866210938,93.14291381835938,-119.93171691894531
-140.47848510742188,93.14399719238281,-119.96348571777344
-140.46142578125,93.05172729492188,-119.98983764648438
-140.6611328125,93.11775207519531,-119.85820007324219
-140.68162536621094,93.06935119628906,-119.887451171875
-140.6102752685547,93.06306457519531,-119.83609008789062
-140.66043090820312,92.99821472167969,-119.73799133300781
-140.49339294433594,92.90480041503906,-119.86343383789062
-140.49366760253906,92.94125366210938,-119.8631591796875
-140.49163818359375,93.03334045410156,-119.81452941894531
-140.5287628173828,93.01171875,-119.85343933105469
-140.46409606933594,92.76441955566406,-119.57386779785156
-140.71267700195312,92.80133056640625,-119.30445861816406
-140.628662109375,92.71286010742188,-119.27883911132812
-140.67425537109375,92.86885070800781,-119.3458251953125
-140.67347717285156,92.81027221679688,-119.50816345214844
-140.8922576904297,92.92588806152344,-119.64869689941406
-140.74546813964844,92.92491149902344,-119.6715087890625
-140.60789489746094,92.88250732421875,-119.59310913085938
-140.54052734375,92.68086242675781,-119.72665405273438
-140.69515991210938,92.7861328125,-119.69313049316406
-140.62879943847656,92.7528076171875,-119.70091247558594
-140.60116577148438,92.5245361328125,-119.64384460449219
-140.5000762939453,92.52999877929688,-119.61082458496094
-140.73348999023438,92.66059875488281,-119.48268127441406
-140.55593872070312,92.653564453125,-119.43055725097656
-140.55970764160156,92.74574279785156,-119.58294677734375
-140.41693115234375,92.71612548828125,-119.66555786132812
-140.3707733154297,92.74472045898438,-119.82305908203125
-140.47032165527344,92.85067749023438,-119.79890441894531
-140.46267700195312,92.79927062988281,-119.71458435058594
-140.33383178710938,92.89439392089844,-119.82008361816406
-140.5814971923828,92.90138244628906,-119.84883117675781
-140.3506317138672,92.67475891113281,-119.85060119628906
-140.3325958251953,92.80209350585938,-119.79533386230469
-140.45204162597656,92.865966796875,-119.69361877441406
-140.4521026611328,92.64279174804688,-119.6441650390625
-140.28201293945312,92.74076843261719,-119.32608032226562
-140.17486572265625,92.68968200683594,-119.25662231445312
-140.45486450195312,92.62689208984375,-119.3839111328125
-140.39549255371094,92.65611267089844,-119.26766967773438
-140.4556884765625,92.51011657714844,-119.35450744628906
-140.70668029785156,92.70193481445312,-119.25112915039062
-140.65087890625,92.74420166015625,-119.39561462402344
-140.62890625,92.75880432128906,-119.46627807617188
-140.5692901611328,92.71511840820312,-119.59353637695312
-140.5957794189453,92.52481079101562,-119.59037780761719
-140.54176330566406,92.50975036621094,-119.61328125
-140.50279235839844,92.42613220214844,-119.8426513671875
-140.48443603515625,92.49385070800781,-119.73866271972656
-140.66888427734375,92.77110290527344,-119.79826354980469
-140.82205200195312,92.66903686523438,-119.85426330566406
-140.67710876464844,92.72650146484375,-119.69790649414062
-140.52574157714844,92.64414978027344,-119.68000793457031
-140.51580810546875,92.62940979003906,-119.59269714355469
-140.5812225341797,92.60417175292969,-119.64054870605469
-140.4886016845703,92.68257141113281,-119.56520080566406
-140.59107971191406,92.8968505859375,-119.66780090332031
-140.52230834960938,92.86558532714844,-119.68998718261719
-140.51211547851562,92.66409301757812,-119.62527465820312
-140.7102508544922,92.69523620605469,-119.61808776855469
-140.6306915283203,92.76600646972656,-119.70205688476562
-140.45663452148438,92.70631408691406,-119.6739501953125
-140.4906005859375,92.7232666015625,-119.65980529785156
-140.4902801513672,92.663330078125,-119.44438171386719
-140.45997619628906,92.66319274902344,-119.48165893554688
-140.73817443847656,92.67845153808594,-119.47032165527344
-140.68814086914062,92.68899536132812,-119.582275390625
-140.38343811035156,92.501708984375,-119.57170104980469
-140.26625061035156,92.43235778808594,-119.66804504394531
-140.21714782714844,92.41104125976562,-119.65121459960938
-140.08480834960938,92.38433837890625,-119.47689819335938
-140.0413360595703,92.365478515625,-119.34365844726562
-139.87001037597656,92.4864501953125,-119.52377319335938
-139.7820281982422,92.46794128417969,-119.58866882324219
-139.7717742919922,92.48910522460938,-119.60365295410156
-139.59738159179688,92.59025573730469,-119.7879638671875
-139.50440979003906,92.32212829589844,-119.79476928710938
-139.34754943847656,92.31687927246094,-119.83122253417969
-139.13865661621094,92.13426208496094,-119.56597900390625
-138.97506713867188,92.08772277832031,-119.75169372558594
-138.97584533691406,92.0068359375,-119.55160522460938
-138.8791046142578,91.88504028320312,-119.614501953125
-138.74032592773438,91.851318359375,-119.5648193359375
-138.30117797851562,91.83877563476562,-119.68197631835938
-138.05712890625,91.6658935546875,-119.5888671875
-138.01724243164062,91.55215454101562,-119.5843505859375
-137.83815002441406,91.32466125488281,-119.4971923828125
-137.54197692871094,91.19354248046875,-119.6884765625
-137.43548583984375,91.19377136230469,-119.65560913085938
-137.270751953125,91.15744018554688,-119.68283081054688
-137.13186645507812,90.941650390625,-120.08299255371094
-136.83189392089844,90.72816467285156,-120.186279296875
-136.52810668945312,90.64308166503906,-119.96226501464844
-136.31304931640625,90.54545593261719,-120.049072265625
-136.00425720214844,90.27072143554688,-120.00132751464844
-135.97613525390625,90.20927429199219,-119.97518920898438
-135.79913330078125,90.03526306152344,-120.13601684570312
-135.72166442871094,90.01496887207031,-120.14833068847656
-135.70257568359375,89.68113708496094,-120.14671325683594
-135.57388305664062,89.71119689941406,-120.01373291015625
-135.67376708984375,89.63845825195312,-119.90766906738281
-135.68968200683594,89.85078430175781,-119.8907470703125
-135.83399963378906,89.96896362304688,-119.92242431640625
-135.71551513671875,89.97285461425781,-119.90313720703125
-135.795654296875,89.89283752441406,-119.91780090332031
-135.92208862304688,89.9615478515625,-119.67985534667969
-135.90737915039062,89.87876892089844,-119.64527893066406
-135.72805786132812,89.94013977050781,-119.85466003417969
-135.7075958251953,90.16351318359375,-120.1671142578125
-135.48707580566406,90.18307495117188,-120.34172058105469
-135.07733154296875,90.29824829101562,-120.64523315429688
-134.21176147460938,90.06449890136719,-121.05184936523438
-133.3694610595703,90.18606567382812,-121.52525329589844
-132.513916015625,89.83291625976562,-121.907958984375
-131.77020263671875,89.38246154785156,-122.23953247070312
-130.9962158203125,88.83909606933594,-122.5927734375
-130.21546936035156,88.31787109375,-122.64553833007812
-129.45004272460938,87.52252197265625,-122.85340881347656
-128.5123291015625,86.61683654785156,-122.80978393554688
-127.75386047363281,85.67813110351562,-122.73051452636719
-126.97944641113281,84.37870788574219,-122.75541687011719
-126.071044921875,83.25938415527344,-122.97972106933594
-125.30364990234375,81.98388671875,-123.06100463867188
-124.53720092773438,80.73532104492188,-123.34024047851562
-123.88619995117188,79.62014770507812,-123.7666015625
-123.28517150878906,78.42303466796875,-124.02210998535156
-122.57516479492188,77.27751159667969,-124.18421936035156
-121.92041015625,76.01571655273438,-124.32424926757812
-121.46882629394531,74.68199157714844,-124.66732788085938
-121.01152038574219,73.252197265625,-124.73394775390625
-120.5283203125,72.0498046875,-125.15269470214844
-120.21441650390625,71.01727294921875,-125.38963317871094
-119.79948425292969,69.82237243652344,-125.90550231933594
-119.33476257324219,68.69535827636719,-126.26820373535156
-118.9327392578125,67.52316284179688,-126.98959350585938
-118.38389587402344,66.21351623535156,-127.52755737304688
-118.035400390625,65.09819030761719,-128.3089141845703
-118.07154846191406,63.862030029296875,-128.98411560058594
-117.80789184570312,62.63429260253906,-129.84156799316406
-117.71611022949219,61.7222900390625,-130.6020050048828
-117.5928955078125,60.555084228515625,-131.33961486816406
-117.62010192871094,59.50578308105469,-131.961669921875
-117.35231018066406,58.687896728515625,-132.73025512695312
-117.30096435546875,57.88966369628906,-133.51219177246094
-117.36253356933594,57.45140075683594,-134.22793579101562
-117.238037109375,56.52508544921875,-134.95758056640625
-117.26133728027344,55.812469482421875,-135.60826110839844
-117.21003723144531,55.095611572265625,-135.88621520996094
-117.28115844726562,54.62799072265625,-136.22544860839844
-117.39364624023438,54.11669921875,-136.40908813476562
-117.55831909179688,53.85411071777344,-136.65530395507812
-117.67926025390625,53.33058166503906,-136.74154663085938
-118.05987548828125,52.833770751953125,-136.53372192382812
-118.20913696289062,52.495269775390625,-136.5275421142578
-118.3812255859375,52.10453796386719,-136.43463134765625
-118.42060852050781,51.820281982421875,-136.44378662109375
-118.66505432128906,51.30305480957031,-136.35321044921875
-118.66731262207031,51.11724853515625,-136.31512451171875
-118.83158874511719,50.90521240234375,-136.2996368408203
-119.04753112792969,50.853851318359375,-136.4748992919922
-119.31826782226562,50.65464782714844,-136.56105041503906
-119.24166870117188,50.53070068359375,-136.71011352539062
-119.47210693359375,50.105194091796875,-136.47549438476562
-119.51109313964844,49.845001220703125,-136.45950317382812
-119.52091979980469,49.730072021484375,-136.47398376464844
-119.35395812988281,49.4476318359375,-136.51145935058594
-119.54301452636719,49.552032470703125,-136.53118896484375
-119.90263366699219,49.69140625,-136.7930908203125
-119.81668090820312,49.49308776855469,-136.7216033935547
-119.83502197265625,49.34501647949219,-136.728515625
-119.80064392089844,49.313629150390625,-136.85316467285156
-119.647705078125,49.33836364746094,-136.8288116455078
-119.63851928710938,49.387054443359375,-136.97410583496094
-119.65512084960938,49.42388916015625,-136.9144287109375
-119.64727783203125,49.20170593261719,-136.7908935546875
-119.77738952636719,49.39216613769531,-136.85360717773438
-119.48991394042969,49.40361022949219,-136.7867431640625
-119.59349060058594,49.32386779785156,-136.7552947998047
-119.63825988769531,49.28828430175781,-136.94651794433594
-119.70927429199219,49.54595947265625,-136.9177703857422
-119.76124572753906,49.46891784667969,-136.92112731933594
-119.77764892578125,49.524993896484375,-136.7444305419922
-119.53273010253906,49.60447692871094,-136.9733123779297
-119.71133422851562,49.767578125,-136.73936462402344
-119.70918273925781,49.65470886230469,-136.7489471435547
-119.78067016601562,49.78511047363281,-136.84693908691406
-119.60342407226562,49.900482177734375,-136.62448120117188
-119.7177734375,49.92292785644531,-136.62269592285156
-119.67796325683594,50.04933166503906,-136.6224822998047
-119.85055541992188,50.210205078125,-136.6181640625
-119.72660827636719,50.10493469238281,-136.44601440429688
-119.89079284667969,50.03155517578125,-136.69024658203125
-119.92601013183594,50.00823974609375,-136.47222900390625
-119.70481872558594,50.14210510253906,-136.44644165039062
-119.8304443359375,50.143402099609375,-136.30047607421875
-119.89474487304688,50.2371826171875,-136.3441925048828
-119.95994567871094,50.45875549316406,-136.42234802246094
-120.0360107421875,50.35173034667969,-136.4082489013672
-119.92112731933594,50.450836181640625,-136.23733520507812
-119.82289123535156,50.261383056640625,-136.00091552734375
-119.60194396972656,50.29338073730469,-135.67860412597656
-119.69685363769531,50.37071228027344,-135.4904327392578
-119.73974609375,50.61140441894531,-135.39715576171875
-119.92596435546875,50.997772216796875,-135.09390258789062
-120.07328796386719,51.14068603515625,-134.95570373535156
-120.16658020019531,51.11732482910156,-134.82177734375
-119.94660949707031,50.76423645019531,-134.42745971679688
-120.05230712890625,50.52490234375,-134.14486694335938
-120.04965209960938,49.95452880859375,-133.4829864501953
-120.25465393066406,49.10777282714844,-132.91189575195312
-120.16859436035156,46.77935791015625,-132.56503295898438
-120.25852966308594,42.03413391113281,-131.48971557617188
-119.05160522460938,34.47306823730469,-127.01632690429688
-113.8621826171875,25.371475219726562,-117.12911987304688
-105.198974609375,17.98931884765625,-103.86427307128906
-96.87155151367188,11.852996826171875,-92.0843505859375
-90.16914367675781,5.2518768310546875,-85.00721740722656
-85.95533752441406,-2.561248779296875,-83.06852722167969
-83.491943359375,-10.683319091796875,-84.57664489746094
-82.14242553710938,-17.810775756835938,-88.15771484375
-81.68589782714844,-23.2799072265625,-92.84860229492188
-82.18020629882812,-26.830917358398438,-97.44145202636719
-83.13667297363281,-28.017593383789062,-101.20941162109375
-84.00889587402344,-27.483306884765625,-103.91702270507812
-85.27674865722656,-26.108840942382812,-105.06112670898438
-86.33091735839844,-24.52008056640625,-105.48768615722656
-87.33419799804688,-22.724395751953125,-104.97529602050781
-88.05653381347656,-21.514404296875,-104.28057861328125
-88.85633850097656,-20.648651123046875,-103.31770324707031
-89.46359252929688,-20.018997192382812,-102.54620361328125
-89.99859619140625,-19.803085327148438,-101.6878662109375
-90.79910278320312,-19.505722045898438,-100.82415771484375
-91.23857116699219,-19.580474853515625,-100.35009765625
-91.56207275390625,-19.689300537109375,-99.960205078125
-92.00656127929688,-19.796905517578125,-99.59477233886719
-92.52786254882812,-19.737930297851562,-99.38284301757812
-92.91191101074219,-19.843978881835938,-99.20021057128906
-93.12596130371094,-19.825836181640625,-99.02294921875
-93.46490478515625,-19.860015869140625,-98.84843444824219
-93.8551025390625,-19.909408569335938,-98.57440185546875
-94.27522277832031,-19.941757202148438,-98.67739868164062
-94.478759765625,-19.858139038085938,-98.56878662109375
-94.62667846679688,-19.845672607421875,-98.48115539550781
-94.87437438964844,-19.883514404296875,-98.44503784179688
-95.26211547851562,-20.137344360351562,-98.4296875
-95.48820495605469,-20.346694946289062,-98.60009765625
-95.79896545410156,-20.558563232421875,-98.62947082519531
-96.06576538085938,-20.844161987304688,-98.59333801269531
-96.23237609863281,-21.095184326171875,-98.84159851074219
-96.36569213867188,-21.457183837890625,-98.91229248046875
-96.51870727539062,-21.768753051757812,-98.95710754394531
-96.61911010742188,-21.904739379882812,-99.24789428710938
-96.73841857910156,-21.9451904296875,-99.38575744628906
-96.87059020996094,-21.887496948242188,-99.30230712890625
-97.00814819335938,-22.202651977539062,-99.38958740234375
-97.04147338867188,-22.408355712890625,-99.727783203125
-97.4014892578125,-22.562210083007812,-99.75735473632812
-97.35850524902344,-22.446136474609375,-99.6943359375
-97.34185791015625,-22.563888549804688,-99.49592590332031
-97.22006225585938,-22.6845703125,-99.39178466796875
-97.32124328613281,-22.713165283203125,-99.17991638183594
-97.19044494628906,-22.834381103515625,-99.246826171875
-97.26510620117188,-22.75128173828125,-99.16033935546875
-97.24200439453125,-22.799179077148438,-99.13189697265625
-97.19883728027344,-22.4200439453125,-99.14448547363281
-97.25462341308594,-22.283966064453125,-98.95225524902344
-97.26829528808594,-21.778488159179688,-98.90910339355469
-97.45535278320312,-21.384902954101562,-98.73965454101562
-97.47386169433594,-20.958236694335938,-98.57499694824219
-97.57113647460938,-20.601364135742188,-98.29013061523438
-97.84617614746094,-20.310348510742188,-98.01710510253906
-97.8509521484375,-19.954437255859375,-97.68988037109375
-97.85183715820312,-19.613189697265625,-97.41502380371094
-98.13833618164062,-19.331802368164062,-97.44087219238281
-98.25350952148438,-18.904937744140625,-97.28987121582031
-98.38478088378906,-18.447952270507812,-97.149169921875
-98.34419250488281,-18.178512573242188,-96.846435546875
-98.41409301757812,-17.876785278320312,-96.52574157714844
-98.51071166992188,-17.30364990234375,-96.27268981933594
-98.51762390136719,-16.712371826171875,-96.11225891113281
-98.7508544921875,-16.3482666015625,-96.08058166503906
-98.70912170410156,-16.02545166015625,-95.92799377441406
-98.84046936035156,-15.527740478515625,-95.91156005859375
-98.71037292480469,-15.093551635742188,-95.7705078125
-98.77891540527344,-14.55682373046875,-95.63148498535156
-98.83244323730469,-13.90069580078125,-95.6544189453125
-98.90837097167969,-13.443527221679688,-95.50071716308594
-98.74916076660156,-12.728591918945312,-95.68658447265625
-98.61695861816406,-12.078384399414062,-95.68202209472656
-98.55117797851562,-11.537612915039062,-95.62818908691406
-98.54905700683594,-11.01220703125,-95.82637023925781
-98.57122802734375,-10.370895385742188,-95.84912109375
-98.75006103515625,-9.77398681640625,-95.78993225097656
-98.70811462402344,-8.842575073242188,-95.57676696777344
-98.728271484375,-8.305084228515625,-95.4683837890625
-98.94793701171875,-7.4321746826171875,-95.59431457519531
-99.03218078613281,-6.7189788818359375,-95.50285339355469
-99.04763793945312,-6.2705841064453125,-95.62413024902344
-99.17591857910156,-5.55535888671875,-95.54916381835938
-99.27935791015625,-4.8459930419921875,-95.84022521972656
-99.45558166503906,-4.0115509033203125,-95.759521484375
-99.70477294921875,-3.4652862548828125,-96.06826782226562
-99.98152160644531,-2.713592529296875,-96.03289794921875
-100.25529479980469,-1.9182586669921875,-96.04408264160156
-100.74992370605469,-0.893951416015625,-96.01773071289062
-101.08006286621094,-0.15582275390625,-95.803955078125
-101.43864440917969,0.837615966796875,-95.86082458496094
-101.94477844238281,1.783660888671875,-96.28190612792969
-102.40376281738281,2.4775390625,-96.34019470214844
-102.74259948730469,3.403289794921875,-96.58563232421875
-102.96356201171875,4.0640716552734375,-96.76423645019531
-103.337158203125,4.626312255859375,-96.634765625
-103.42648315429688,5.24310302734375,-96.73992919921875
-103.42567443847656,5.633697509765625,-96.96412658691406
-103.51104736328125,6.1614837646484375,-97.55314636230469
-103.43128967285156,6.617279052734375,-97.83155822753906
-103.41400146484375,6.8526763916015625,-98.00736999511719
-103.51222229003906,7.18475341796875,-98.14346313476562
-103.64961242675781,7.446014404296875,-98.04432678222656
-103.54710388183594,7.7088470458984375,-98.20175170898438
-103.58309936523438,7.9916839599609375,-98.53096008300781
-103.49038696289062,8.226593017578125,-98.80368041992188
-103.37399291992188,8.356307983398438,-98.97463989257812
-103.37039184570312,8.348556518554688,-99.20906066894531
-103.39215087890625,8.725067138671875,-99.37104797363281
-103.38360595703125,8.755889892578125,-99.53816223144531
-103.22062683105469,9.058670043945312,-99.82749938964844
-103.28482055664062,9.381240844726562,-99.99861145019531
-103.340576171875,9.56158447265625,-100.04393005371094
-103.43016052246094,9.747512817382812,-100.04891967773438
-103.372314453125,10.026504516601562,-100.13873291015625
-103.58680725097656,10.102157592773438,-100.41935729980469
-103.65115356445312,10.47137451171875,-100.72970581054688
-103.77413940429688,10.592742919921875,-100.74620056152344
-103.76995849609375,10.643997192382812,-100.64469909667969
-103.50863647460938,10.823455810546875,-100.85044860839844
-103.41937255859375,10.844039916992188,-101.04035949707031
-103.32772827148438,11.044921875,-101.10798645019531
-103.35403442382812,11.170501708984375,-101.15065002441406
-103.23187255859375,11.334686279296875,-101.42279052734375
-103.09230041503906,11.444793701171875,-101.43247985839844
-103.09785461425781,11.659469604492188,-101.701904296875
-103.03233337402344,11.841354370117188,-101.89558410644531
-103.11642456054688,11.889251708984375,-102.05284118652344
-103.32049560546875,11.977813720703125,-102.10182189941406
-103.4259033203125,11.991973876953125,-102.32579040527344
-103.22605895996094,12.261642456054688,-102.46260070800781
-103.33647155761719,12.418594360351562,-102.70610046386719
-103.23338317871094,12.445358276367188,-102.74008178710938
-103.32684326171875,12.580474853515625,-102.82266235351562
-103.32049560546875,12.793014526367188,-103.00979614257812
-103.42161560058594,12.75396728515625,-103.11358642578125
-103.27737426757812,12.890914916992188,-102.99354553222656
-103.18891906738281,12.893875122070312,-103.01643371582031
-103.3104248046875,12.91973876953125,-103.00277709960938
-103.43290710449219,12.666412353515625,-102.99928283691406
-103.4075927734375,12.709609985351562,-102.98912048339844
-103.44786071777344,12.924102783203125,-102.87362670898438
-103.47906494140625,12.86541748046875,-102.78300476074219
-103.48503112792969,12.914413452148438,-102.82182312011719
-103.45986938476562,13.123565673828125,-102.94284057617188
-103.61305236816406,13.047622680664062,-102.88858032226562
-103.57652282714844,13.020767211914062,-102.6905517578125
-103.71066284179688,13.119354248046875,-102.55796813964844
-103.77993774414062,13.082611083984375,-102.67230224609375
-103.66400146484375,13.182723999023438,-102.67460632324219
-103.93551635742188,13.184814453125,-102.48027038574219
-103.97438049316406,12.908615112304688,-102.57197570800781
-103.80207824707031,12.92144775390625,-102.49420166015625
-103.93190002441406,12.91656494140625,-102.47947692871094
-103.85821533203125,13.062957763671875,-102.40011596679688
-103.91438293457031,12.969482421875,-102.18879699707031
-103.81990051269531,12.712661743164062,-101.97958374023438
-103.85354614257812,12.624374389648438,-101.892578125
-103.9088134765625,12.529190063476562,-102.00611877441406
-103.91276550292969,12.434951782226562,-102.18501281738281
-103.75872802734375,12.441665649414062,-102.15940856933594
-103.67497253417969,12.4384765625,-102.20358276367188
-103.55718994140625,12.422149658203125,-102.14956665039062
-103.60147094726562,12.431961059570312,-102.04177856445312
-103.41853332519531,12.339141845703125,-101.98507690429688
-103.44088745117188,12.268844604492188,-102.00424194335938
-103.47714233398438,12.148818969726562,-101.94743347167969
-103.28691101074219,12.11102294921875,-102.06341552734375
-102.93818664550781,12.2049560546875,-101.95075988769531
-102.95201110839844,12.160964965820312,-101.93019104003906
-103.13148498535156,12.116500854492188,-101.96382141113281
-103.17884826660156,12.227096557617188,-102.17353820800781
-103.05747985839844,12.246994018554688,-102.38648986816406
-103.34751892089844,12.309036254882812,-102.11253356933594
-103.46234130859375,12.4110107421875,-102.24333190917969
-103.45576477050781,12.62567138671875,-101.98786926269531
-103.76191711425781,12.532608032226562,-102.0755615234375
-103.82423400878906,12.629287719726562,-102.21153259277344
-103.94572448730469,12.59698486328125,-102.12428283691406
-104.19900512695312,12.531784057617188,-102.04631042480469
-104.46664428710938,12.672119140625,-101.80233764648438
-104.60369873046875,12.890960693359375,-101.88101196289062
-104.70037841796875,13.013214111328125,-102.18917846679688
-105.09184265136719,12.952911376953125,-102.23110961914062
-105.022705078125,13.017120361328125,-102.21788024902344
-105.28831481933594,13.078445434570312,-102.24813842773438
-105.30691528320312,13.255508422851562,-102.18080139160156
-105.51741027832031,13.16082763671875,-102.25016784667969
-105.536865234375,13.374008178710938,-102.29278564453125
-105.61587524414062,13.412918090820312,-102.28933715820312
-105.62339782714844,13.381668090820312,-102.18264770507812
-105.75494384765625,13.31463623046875,-102.10406494140625
-105.90298461914062,13.57379150390625,-102.11836242675781
-106.0487060546875,13.65997314453125,-102.10870361328125
-106.43405151367188,13.7374267578125,-102.03652954101562
-106.46339416503906,13.6405029296875,-102.02651977539062
-106.33412170410156,13.724990844726562,-102.2481689453125
-106.37165832519531,13.692642211914062,-102.3037109375
-106.5853271484375,13.804458618164062,-102.22125244140625
-106.69587707519531,13.73162841796875,-102.27156066894531
-106.7420654296875,13.823410034179688,-102.469970703125
-106.56686401367188,13.671951293945312,-102.40032958984375
-106.68852233886719,13.555511474609375,-102.43299865722656
-106.61598205566406,13.770294189453125,-102.59054565429688
-106.46360778808594,13.75830078125,-102.34686279296875
-106.47215270996094,13.957015991210938,-102.27813720703125
-106.59019470214844,13.884445190429688,-102.26446533203125
-106.59646606445312,13.68603515625,-102.46678161621094
-106.40219116210938,13.897125244140625,-102.55352783203125
-106.54318237304688,13.948150634765625,-102.57667541503906
-106.72561645507812,13.923690795898438,-102.44207763671875
-106.71575927734375,13.88037109375,-102.3438720703125
-106.50059509277344,13.959625244140625,-102.51852416992188
-106.46673583984375,13.833633422851562,-102.61468505859375
-106.57804870605469,13.70703125,-102.51904296875
-106.58096313476562,13.745925903320312,-102.60891723632812
-106.56695556640625,13.555038452148438,-102.33111572265625
-106.54139709472656,13.62872314453125,-102.56565856933594
-106.56871032714844,13.628402709960938,-102.45431518554688
-106.69526672363281,13.624099731445312,-102.52960205078125
-106.67930603027344,13.712539672851562,-102.77009582519531
-106.44952392578125,13.717514038085938,-102.65049743652344
-106.49369812011719,13.756561279296875,-102.51963806152344
-106.37693786621094,13.685409545898438,-102.55769348144531
-106.35107421875,13.790390014648438,-102.63201904296875
-106.39337158203125,13.81072998046875,-102.70152282714844
-106.50468444824219,13.609390258789062,-102.76646423339844
-106.48576354980469,13.681686401367188,-102.51173400878906
-106.47569274902344,13.661209106445312,-102.43434143066406
-106.46022033691406,13.64398193359375,-102.31376647949219
-106.33566284179688,13.775039672851562,-102.26132202148438
-106.35963439941406,13.748931884765625,-102.21090698242188
-106.59117126464844,13.792449951171875,-102.23834228515625
-106.51914978027344,13.792190551757812,-102.291259765625
-106.47164916992188,13.74578857421875,-102.29148864746094
-106.34873962402344,13.928482055664062,-102.08584594726562
-106.41004943847656,13.776153564453125,-102.03150939941406
-106.36065673828125,13.808090209960938,-102.20091247558594
-106.3433837890625,13.686782836914062,-102.21232604980469
-106.33070373535156,13.557785034179688,-102.11836242675781
-106.44863891601562,13.563491821289062,-101.92135620117188
-106.47360229492188,13.54815673828125,-102.14202880859375
-106.39009094238281,13.604660034179688,-102.24031066894531
-106.34011840820312,13.623458862304688,-102.22921752929688
-106.37835693359375,13.684432983398438,-102.14697265625
-106.32601928710938,13.792098999023438,-102.03822326660156
-106.259765625,13.785964965820312,-102.11341857910156
-106.28904724121094,13.702789306640625,-102.21929931640625
-106.31901550292969,13.627593994140625,-102.19712829589844
-106.37889099121094,13.593124389648438,-102.18486022949219
-106.27354431152344,13.649017333984375,-102.12730407714844
-106.31526184082031,13.626724243164062,-102.11489868164062
-106.35752868652344,13.665908813476562,-102.10064697265625
-106.35762023925781,13.745132446289062,-102.29338073730469
-106.4595947265625,13.811080932617188,-102.25924682617188
-106.46434020996094,13.629562377929688,-102.23896789550781
-106.44270324707031,13.641799926757812,-102.14454650878906
-106.30668640136719,13.423690795898438,-102.17256164550781
-106.19804382324219,13.693817138671875,-102.462890625
-106.35697937011719,13.676010131835938,-102.45732116699219
-106.54611206054688,13.585220336914062,-102.45414733886719
-106.403076171875,13.5150146484375,-102.41868591308594
-106.25782775878906,13.420913696289062,-102.17335510253906
-106.167236328125,13.404037475585938,-102.16993713378906
-106.169677734375,13.304855346679688,-102.24644470214844
-106.23146057128906,13.49371337890625,-102.46296691894531
-106.4373779296875,13.48333740234375,-102.17752075195312
-106.24624633789062,13.666839599609375,-102.17994689941406
-106.41835021972656,13.750701904296875,-102.4169921875
-106.41712951660156,13.681671142578125,-102.46743774414062
-106.44137573242188,13.62530517578125,-102.20718383789062
-106.33210754394531,13.449447631835938,-102.22953796386719
-106.26716613769531,13.4658203125,-102.33213806152344
-106.39166259765625,13.398269653320312,-102.48104858398438
-106.34976196289062,13.507858276367188,-102.51716613769531
-106.36856079101562,13.565902709960938,-102.58909606933594
-106.36616516113281,13.634307861328125,-102.44468688964844
-106.48895263671875,13.682586669921875,-102.45950317382812
-106.45219421386719,13.549652099609375,-102.1689453125
-106.44381713867188,13.558242797851562,-102.21867370605469
-106.36964416503906,13.548080444335938,-102.22373962402344
-106.41854858398438,13.58453369140625,-102.21774291992188
-106.50442504882812,13.649917602539062,-102.27737426757812
-106.59095764160156,13.57427978515625,-102.08403015136719
-106.54855346679688,13.617874145507812,-102.09739685058594
-106.50178527832031,13.543991088867188,-101.91220092773438
-106.58116149902344,13.68096923828125,-102.13398742675781
-106.60052490234375,13.671310424804688,-102.01390075683594
-106.53938293457031,13.544967651367188,-102.13099670410156
-106.55929565429688,13.54937744140625,-102.12901306152344
-106.52565002441406,13.822357177734375,-102.30198669433594
-106.50233459472656,13.729934692382812,-102.06900024414062
-106.33688354492188,13.73175048828125,-102.19596862792969
-106.48173522949219,13.588607788085938,-102.15455627441406
-106.55470275878906,13.670745849609375,-102.0706787109375
-106.70693969726562,13.705108642578125,-102.1212158203125
-106.74862670898438,13.748397827148438,-102.19403076171875
-106.88441467285156,13.815338134765625,-102.02943420410156
-106.65158081054688,13.701553344726562,-102.06388854980469
-106.62562561035156,13.67877197265625,-102.18731689453125
-106.74241638183594,13.9256591796875,-102.41876220703125
-106.65673828125,13.699371337890625,-102.27935791015625
-106.55534362792969,13.811492919921875,-102.21977233886719
-106.38475036621094,13.929656982421875,-102.05862426757812
-106.39974975585938,13.928451538085938,-102.2078857421875
-106.62245178222656,13.7509765625,-102.25750732421875
-106.63504028320312,13.906982421875,-102.26763916015625
-106.62269592285156,13.987762451171875,-102.23175048828125
-106.6953125,13.964859008789062,-102.06620788574219
-106.56076049804688,13.826858520507812,-102.21272277832031
-106.57206726074219,13.951904296875,-102.20460510253906
-106.58366394042969,13.869216918945312,-102.22966003417969
-106.56304931640625,13.936920166015625,-102.24066162109375
-106.54859924316406,13.798660278320312,-102.40629577636719
-106.58470153808594,13.681930541992188,-102.23625183105469
-106.58193969726562,13.751846313476562,-102.20491027832031
-106.52513122558594,13.680221557617188,-102.28729248046875
-106.61051940917969,13.678192138671875,-102.32107543945312
-106.46417236328125,13.8111572265625,-102.23640441894531
-106.3345947265625,13.817062377929688,-102.20005798339844
-106.435302734375,14.048828125,-102.36494445800781
-106.38925170898438,13.841079711914062,-102.21388244628906
-106.34306335449219,13.767410278320312,-102.2183837890625
-106.35891723632812,13.823333740234375,-102.322509765625
-106.4757080078125,13.884811401367188,-102.27330017089844
-106.51553344726562,13.7479248046875,-102.19943237304688
-106.43492126464844,13.722000122070312,-102.45610046386719
-106.54145812988281,13.733139038085938,-102.16322326660156
-106.59768676757812,13.956802368164062,-102.15248107910156
-106.55447387695312,14.044921875,-102.03030395507812
-106.55818176269531,14.012619018554688,-102.18783569335938
-106.47845458984375,13.8621826171875,-102.08078002929688
-106.66117858886719,13.833145141601562,-102.20880126953125
-106.70652770996094,13.875717163085938,-102.27091979980469
-106.55055236816406,13.871505737304688,-102.29185485839844
-106.69435119628906,13.910552978515625,-102.25048828125
-106.75619506835938,13.833206176757812,-102.30361938476562
-106.69891357421875,13.85986328125,-102.110107421875
-106.70292663574219,13.830825805664062,-102.16200256347656
-106.55177307128906,13.905731201171875,-102.12118530273438
-106.60133361816406,13.877044677734375,-102.24409484863281
-106.54702758789062,13.923110961914062,-102.19912719726562
-106.45034790039062,14.090606689453125,-102.02828979492188
-106.45265197753906,13.955215454101562,-102.11212158203125
-106.37266540527344,14.003448486328125,-102.07171630859375
-106.22845458984375,14.02752685546875,-102.18525695800781
-106.37310791015625,13.965850830078125,-102.23855590820312
-106.40518188476562,14.095703125,-102.20619201660156
-106.34805297851562,14.010284423828125,-102.14704895019531
-106.58489990234375,14.161575317382812,-102.21115112304688
-106.50907897949219,14.171249389648438,-102.23721313476562
-106.54414367675781,14.167434692382812,-102.28547668457031
-106.48025512695312,14.004745483398438,-102.11648559570312
-106.50428771972656,14.050537109375,-102.05355834960938
-106.59690856933594,14.086639404296875,-102.09527587890625
-106.40487670898438,13.885391235351562,-102.25346374511719
-106.351806640625,13.798751831054688,-102.2144775390625
-106.41761779785156,13.716354370117188,-102.19583129882812
-106.38526916503906,13.777008056640625,-102.19584655761719
-106.51521301269531,13.720657348632812,-102.20228576660156
-106.62434387207031,13.704345703125,-102.25885009765625
-106.73524475097656,13.7418212890625,-102.30223083496094
-106.65745544433594,13.745681762695312,-102.23649597167969
-106.73773193359375,13.737213134765625,-102.4715576171875
-106.75114440917969,13.697113037109375,-102.25047302246094
-106.71420288085938,13.752365112304688,-102.30824279785156
-106.48684692382812,13.75225830078125,-102.10079956054688
-106.33242797851562,13.745361328125,-102.11532592773438
-106.38490295410156,13.6881103515625,-102.14134216308594
-106.44273376464844,13.671615600585938,-102.22819519042969
-106.38865661621094,13.633880615234375,-102.11517333984375
-106.20957946777344,13.643325805664062,-102.13600158691406
-106.32890319824219,13.575393676757812,-102.07110595703125
-106.43800354003906,13.67657470703125,-102.06202697753906
-106.34075927734375,13.591018676757812,-102.05867004394531
-106.32051086425781,13.535690307617188,-102.08186340332031
-106.50736999511719,13.430816650390625,-102.25128173828125
-106.53205871582031,13.762466430664062,-102.31326293945312
-106.46894836425781,13.855621337890625,-102.23516845703125
-106.51972961425781,13.868515014648438,-102.21231079101562
-106.68939208984375,13.812774658203125,-102.18913269042969
-106.72781372070312,13.873077392578125,-102.26362609863281
-106.68983459472656,13.84771728515625,-102.22747802734375
-106.48014831542969,13.93505859375,-102.26249694824219
-106.54360961914062,13.69390869140625,-102.22442626953125
-106.51747131347656,13.560348510742188,-102.28068542480469
-106.36111450195312,13.698272705078125,-102.25253295898438
-106.553466796875,13.716796875,-102.11920166015625
-106.60955810546875,13.843719482421875,-102.02700805664062
-106.38764953613281,13.874588012695312,-102.22425842285156
-106.36180114746094,13.823287963867188,-102.17752075195312
-106.39346313476562,13.724746704101562,-102.13760375976562
-106.59515380859375,13.745513916015625,-102.28150939941406
-106.45018005371094,13.92742919921875,-102.29959106445312
-106.57899475097656,13.779525756835938,-102.18104553222656
-106.59799194335938,13.622268676757812,-102.14434814453125
-106.47293090820312,13.594146728515625,-102.18315124511719
-106.35243225097656,13.637054443359375,-102.28684997558594
-106.40879821777344,13.582427978515625,-102.06092834472656
-106.22344970703125,13.657501220703125,-102.077880859375
-106.38847351074219,13.66607666015625,-102.12623596191406
-106.42149353027344,13.725311279296875,-101.91973876953125
-106.42027282714844,13.717422485351562,-101.9962158203125
-106.38853454589844,13.80609130859375,-102.086669921875
-106.20449829101562,13.90936279296875,-102.11077880859375
-106.43412780761719,13.837142944335938,-102.22146606445312
-106.45822143554688,13.842544555664062,-102.31288146972656
-106.57481384277344,13.935287475585938,-102.05657958984375
-106.48707580566406,14.044769287109375,-102.02742004394531
-106.44964599609375,14.071746826171875,-102.09449768066406
-106.42976379394531,13.763092041015625,-102.47319030761719
-106.42680358886719,13.806076049804688,-102.38072204589844
-106.31492614746094,13.779083251953125,-102.20697021484375
-106.39761352539062,13.770980834960938,-102.21417236328125
-106.32701110839844,13.941207885742188,-102.03596496582031
-106.51364135742188,13.932952880859375,-102.00480651855469
-106.50259399414062,13.885116577148438,-101.83541870117188
-106.56292724609375,13.852188110351562,-101.880859375
-106.49671936035156,13.938262939453125,-102.147216796875
-106.54129028320312,13.76751708984375,-102.14930725097656
-106.49452209472656,13.6968994140625,-102.30290222167969
-106.60050964355469,13.879013061523438,-102.31466674804688
-106.33609008789062,13.880081176757812,-102.08152770996094
-106.39714050292969,13.812850952148438,-102.10589599609375
-106.46485900878906,13.68585205078125,-101.982666015625
-106.35191345214844,13.6046142578125,-101.95083618164062
-106.48429870605469,13.651901245117188,-101.89169311523438
-106.369384765625,13.720703125,-101.70582580566406
-106.50465393066406,13.71490478515625,-101.87008666992188
-106.56571960449219,13.765792846679688,-102.04859924316406
-106.510498046875,13.671798706054688,-102.14302062988281
-106.66163635253906,13.559249877929688,-102.26292419433594
-106.45597839355469,13.622314453125,-102.23631286621094
-106.5611572265625,13.564987182617188,-101.9918212890625
-106.53836059570312,13.76092529296875,-101.96746826171875
-106.52024841308594,13.67974853515625,-101.87294006347656
-106.57374572753906,13.624526977539062,-101.94587707519531
-106.5238037109375,13.656204223632812,-102.15725708007812
-106.62750244140625,13.618408203125,-102.02078247070312
-106.47624206542969,13.676559448242188,-102.13682556152344
-106.39515686035156,13.807022094726562,-102.16514587402344
-106.34161376953125,13.714279174804688,-102.06074523925781
-106.57832336425781,13.806671142578125,-101.94741821289062
-106.528076171875,13.635757446289062,-101.78086853027344
-106.48197937011719,13.578750610351562,-102.08193969726562
-106.5703125,13.681488037109375,-102.25732421875
-106.4173583984375,13.606002807617188,-102.197998046875
-106.41761779785156,13.545791625976562,-102.47134399414062
-106.3824462890625,13.287567138671875,-102.30776977539062
-106.56544494628906,13.32623291015625,-102.24446105957031
-106.38066101074219,13.533920288085938,-102.19351196289062
-106.412109375,13.555770874023438,-102.18571472167969
-106.51588439941406,13.299118041992188,-102.27987670898438
-106.31210327148438,13.445938110351562,-102.23306274414062
-106.4010009765625,13.28118896484375,-102.28343200683594
-106.41708374023438,13.451950073242188,-102.25482177734375
-106.33493041992188,13.417755126953125,-102.29327392578125
-106.50852966308594,13.2855224609375,-102.18719482421875
-106.58457946777344,13.54620361328125,-102.17646789550781
-106.58770751953125,13.6876220703125,-102.37054443359375
-106.52571105957031,13.578781127929688,-102.37628173828125
-106.58815002441406,13.652511596679688,-102.467529296875
-106.45236206054688,13.613800048828125,-102.38740539550781
-106.52078247070312,13.525726318359375,-102.3653564453125
-106.56912231445312,13.505966186523438,-102.29176330566406
-106.66758728027344,13.497695922851562,-102.25523376464844
-106.50439453125,13.46026611328125,-102.30972290039062
-106.50703430175781,13.520355224609375,-102.45365905761719
-106.60586547851562,13.470108032226562,-102.32891845703125
-106.67724609375,13.542617797851562,-102.4215087890625
-106.70805358886719,13.425369262695312,-102.34947204589844
-106.64360046386719,13.543243408203125,-102.34352111816406
-106.70440673828125,13.552963256835938,-102.54574584960938
-106.53717041015625,13.579864501953125,-102.5010986328125
-106.52471923828125,13.694503784179688,-102.62838745117188
-106.51290893554688,13.722671508789062,-102.41033935546875
-106.33970642089844,13.708770751953125,-102.39892578125
-106.42457580566406,13.812759399414062,-102.3720703125
-106.57186889648438,13.682327270507812,-102.25727844238281
-106.47174072265625,13.658187866210938,-102.39260864257812
-106.56233215332031,13.636962890625,-102.62081909179688
-106.59201049804688,13.546707153320312,-102.43116760253906
-106.511474609375,13.57562255859375,-102.2686767578125
-106.46873474121094,13.623519897460938,-102.25813293457031
-106.39920043945312,13.672149658203125,-102.08444213867188
-106.60591125488281,13.501693725585938,-101.96328735351562
-106.38829040527344,13.639053344726562,-102.01896667480469
-106.45951843261719,13.64593505859375,-102.18801879882812
-106.57431030273438,13.727981567382812,-102.22627258300781
-106.3756103515625,13.76031494140625,-102.38998413085938
-106.37492370605469,13.741851806640625,-102.42543029785156
-106.29801940917969,13.704544067382812,-102.26091003417969
-106.331787109375,13.816619873046875,-102.25009155273438
-106.41928100585938,13.732086181640625,-102.29180908203125
-106.40391540527344,13.812881469726562,-102.36477661132812
-106.41683959960938,13.815567016601562,-102.44514465332031
-106.35685729980469,13.6591796875,-102.19383239746094
-106.28033447265625,13.5931396484375,-102.03709411621094
-106.38604736328125,13.627883911132812,-101.86117553710938
-106.20793151855469,13.594390869140625,-102.08665466308594
-106.21229553222656,13.6121826171875,-102.10377502441406
-106.28501892089844,13.717788696289062,-102.12789916992188
-106.22819519042969,13.783309936523438,-102.04548645019531
-106.31008911132812,13.5518798828125,-102.2266845703125
-106.48065185546875,13.678009033203125,-102.28828430175781
-106.42852783203125,13.736740112304688,-102.47760009765625
-106.37663269042969,13.777297973632812,-102.47257995605469
-106.2928466796875,13.824432373046875,-102.56465148925781
-106.40208435058594,13.755538940429688,-102.52772521972656
-106.48825073242188,13.589126586914062,-102.42362976074219
-106.57513427734375,13.582962036132812,-102.4561767578125
-106.37757873535156,13.570465087890625,-102.51947021484375
-106.36000061035156,13.647552490234375,-102.65634155273438
-106.56488037109375,13.675094604492188,-102.51156616210938
-106.42752075195312,13.840423583984375,-102.49549865722656
-106.30976867675781,13.8421630859375,-102.42388916015625
-106.35881042480469,13.831695556640625,-102.28056335449219
-106.56195068359375,13.700485229492188,-102.30209350585938
-106.44541931152344,13.706024169921875,-102.26548767089844
-106.40757751464844,13.808135986328125,-102.39891052246094
-106.23104858398438,13.885086059570312,-102.33860778808594
-106.20118713378906,14.053680419921875,-102.20730590820312
-106.03181457519531,14.084609985351562,-102.29022216796875
-106.07728576660156,13.879470825195312,-102.18801879882812
-106.19355773925781,13.835861206054688,-102.22262573242188
-106.31044006347656,13.943634033203125,-102.41624450683594
-106.31852722167969,13.963104248046875,-102.53169250488281
-106.71060180664062,14.079971313476562,-102.47219848632812
-106.515869140625,14.215225219726562,-102.41549682617188
-106.62843322753906,14.044998168945312,-102.42396545410156
-106.74124145507812,13.950180053710938,-102.47938537597656
-106.8890380859375,14.029098510742188,-102.47276306152344
-106.82887268066406,14.048233032226562,-102.43836975097656
-106.74906921386719,14.00390625,-102.63502502441406
-106.88081359863281,14.078781127929688,-102.4337158203125
-106.77131652832031,14.032196044921875,-102.32325744628906
-106.82484436035156,13.96490478515625,-102.36344909667969
-106.90071105957031,14.04107666015625,-102.39617919921875
-106.81819152832031,13.843475341796875,-102.59616088867188
-106.82133483886719,13.879150390625,-102.62208557128906
-106.94990539550781,13.767730712890625,-102.39974975585938
-107.00444030761719,13.75396728515625,-102.50460815429688
-106.79978942871094,13.616683959960938,-102.66084289550781
-106.74803161621094,13.624710083007812,-102.72239685058594
-107.018310546875,13.600830078125,-102.61332702636719
-106.78713989257812,13.73236083984375,-102.56617736816406
-106.61091613769531,13.685104370117188,-102.38995361328125
-106.79714965820312,13.80224609375,-102.47711181640625
-106.78073120117188,13.709579467773438,-102.36627197265625
-106.81678771972656,13.542999267578125,-102.30470275878906
-106.65594482421875,13.770553588867188,-102.44395446777344
-106.6353759765625,13.896652221679688,-102.50460815429688
-106.78179931640625,13.954986572265625,-102.66796875
-106.64044189453125,13.914398193359375,-102.78398132324219
-106.70124816894531,13.941741943359375,-102.68061828613281
-106.67460632324219,13.825408935546875,-102.687255859375
-106.79953002929688,13.974472045898438,-102.55625915527344
-106.94984436035156,13.939224243164062,-102.58476257324219
-106.80482482910156,14.081466674804688,-102.35549926757812
-106.5455322265625,13.867431640625,-102.23768615722656
-106.47561645507812,13.831207275390625,-102.30018615722656
-106.46394348144531,13.87469482421875,-102.20713806152344
-106.62823486328125,13.827667236328125,-102.32240295410156
-106.69570922851562,13.855789184570312,-102.26582336425781
-106.78988647460938,13.8651123046875,-102.34928894042969
-106.84349060058594,13.823348999023438,-102.29029846191406
-106.74772644042969,13.736343383789062,-102.46490478515625
-106.82333374023438,13.723800659179688,-102.55892944335938
-106.79879760742188,13.693679809570312,-102.60591125488281
-106.61503601074219,13.7481689453125,-102.46479797363281
-106.60855102539062,13.69378662109375,-102.44398498535156
-106.63569641113281,13.902420043945312,-102.34483337402344
-106.62977600097656,13.942794799804688,-102.38752746582031
-106.67500305175781,13.802398681640625,-102.30975341796875
-106.72259521484375,13.70001220703125,-102.14044189453125
-106.56524658203125,13.683258056640625,-101.91195678710938
-106.4659423828125,13.82159423828125,-102.23942565917969
-106.36543273925781,13.757583618164062,-102.58692932128906
-106.39732360839844,13.817794799804688,-102.58624267578125
-106.34425354003906,13.725814819335938,-102.50656127929688
-106.34567260742188,13.713104248046875,-102.47714233398438
-106.30461120605469,13.643768310546875,-102.43635559082031
-105.94894409179688,13.454452514648438,-102.27008056640625
-105.77165222167969,13.286834716796875,-102.54713439941406
-105.46284484863281,13.380096435546875,-102.58209228515625
-105.53413391113281,13.4022216796875,-102.64588928222656
-105.32733154296875,13.303192138671875,-102.51943969726562
-105.20309448242188,13.132522583007812,-102.48762512207031
-104.98481750488281,12.896774291992188,-102.70266723632812
-104.86720275878906,12.7821044921875,-102.67298889160156
-104.75025939941406,12.63226318359375,-102.52481079101562
-104.58955383300781,12.559783935546875,-102.34309387207031
-104.26875305175781,12.646148681640625,-102.37385559082031
-104.15672302246094,12.372589111328125,-102.11521911621094
-103.89393615722656,12.316802978515625,-102.10328674316406
-103.70928955078125,12.363906860351562,-102.19926452636719
-103.46342468261719,12.130416870117188,-102.103515625
-103.31916809082031,12.16064453125,-101.96275329589844
-103.13996887207031,12.106491088867188,-102.06695556640625
-102.90394592285156,11.932342529296875,-102.1734619140625
-102.76786804199219,11.824081420898438,-102.099365234375
-102.60968017578125,11.739151000976562,-102.04627990722656
-102.5325927734375,11.608139038085938,-101.95378112792969
-102.25328063964844,11.731353759765625,-101.74076843261719
-102.02964782714844,11.56842041015625,-101.99769592285156
-101.9774169921875,11.36590576171875,-101.90101623535156
-101.79556274414062,11.448654174804688,-102.11102294921875
-101.64328002929688,11.269882202148438,-101.91024780273438
-101.507568359375,11.305007934570312,-102.11244201660156
-101.5068359375,10.994186401367188,-102.2388916015625
-101.54048156738281,10.926910400390625,-102.2236328125
-101.46760559082031,10.708221435546875,-102.18463134765625
-101.50355529785156,10.565963745117188,-102.21891784667969
-101.60978698730469,10.3284912109375,-102.28706359863281
-101.69369506835938,10.269699096679688,-101.9534912109375
-101.91561889648438,10.236404418945312,-101.54808044433594
-101.93357849121094,10.163818359375,-101.64772033691406
-102.01005554199219,10.352264404296875,-101.82911682128906
-102.05380249023438,10.569000244140625,-101.99075317382812
-102.02664184570312,10.933181762695312,-102.02688598632812
-102.08609008789062,11.195831298828125,-102.33297729492188
-102.17462158203125,11.434722900390625,-102.47384643554688
-102.19778442382812,11.778488159179688,-102.37434387207031
-102.16004943847656,12.037384033203125,-102.55152893066406
-102.02848815917969,12.270675659179688,-103.05772399902344
-101.85054016113281,12.07403564453125,-103.05052185058594
-101.76123046875,11.983184814453125,-103.23844909667969
-101.36613464355469,11.68634033203125,-103.55674743652344
-101.00588989257812,11.488433837890625,-103.48136901855469
-100.34469604492188,11.341873168945312,-103.50105285644531
-99.63996887207031,10.95379638671875,-103.45834350585938
-99.2554931640625,10.686279296875,-103.49526977539062
-98.634765625,10.382461547851562,-103.43046569824219
-98.29861450195312,10.034576416015625,-103.5223388671875
-97.96330261230469,9.687393188476562,-103.52615356445312
-97.78265380859375,9.521575927734375,-103.57089233398438
-97.62855529785156,9.26116943359375,-103.75326538085938
-97.30430603027344,9.267288208007812,-103.500244140625
-97.10873413085938,9.18927001953125,-103.61880493164062
-97.30433654785156,8.962890625,-103.64324951171875
-97.07662963867188,8.796676635742188,-103.60336303710938
-97.343505859375,8.544174194335938,-103.32237243652344
-97.10722351074219,8.256011962890625,-103.15611267089844
-97.01170349121094,8.030014038085938,-103.20541381835938
-96.98556518554688,7.5352935791015625,-102.84577941894531
-96.895263671875,7.020477294921875,-102.75447082519531
-96.60923767089844,6.4549560546875,-102.31613159179688
-96.31495666503906,5.86981201171875,-102.14924621582031
-96.10211181640625,5.056793212890625,-101.71116638183594
-95.62889099121094,4.0795440673828125,-101.2691650390625
-95.50883483886719,2.956390380859375,-101.0516357421875
-95.25436401367188,1.77215576171875,-100.53590393066406
-95.20082092285156,0.473297119140625,-100.08085632324219
-95.13633728027344,-0.6852874755859375,-99.5751953125
-95.12210083007812,-2.167572021484375,-99.20985412597656
-95.16510009765625,-3.462005615234375,-98.70484924316406
-95.14743041992188,-5.021331787109375,-98.21536254882812
-94.8690185546875,-6.329833984375,-98.01173400878906
-94.7613525390625,-7.7334136962890625,-98.05294799804688
-94.69241333007812,-9.256546020507812,-97.94694519042969
-94.687255859375,-10.576446533203125,-98.23411560058594
-94.42994689941406,-11.862411499023438,-98.25929260253906
-94.27058410644531,-13.065582275390625,-98.319580078125
-94.22297668457031,-14.245880126953125,-98.5589599609375
-94.12513732910156,-15.51153564453125,-98.6146240234375
-94.06745910644531,-16.605926513671875,-98.78659057617188
-94.05430603027344,-17.2752685546875,-98.89340209960938
-94.00381469726562,-17.900253295898438,-98.8553466796875
-93.91976928710938,-18.615631103515625,-99.04429626464844
-94.20948791503906,-19.083648681640625,-99.20826721191406
-94.36669921875,-19.72216796875,-99.36276245117188
-94.42515563964844,-20.211410522460938,-99.38633728027344
-94.35556030273438,-20.667251586914062,-99.38571166992188
-94.45635986328125,-20.8294677734375,-99.56724548339844
-94.48139953613281,-21.158111572265625,-99.59773254394531
-94.26710510253906,-21.344329833984375,-99.49079895019531
-94.43205261230469,-21.614120483398438,-99.46878051757812
-94.53456115722656,-21.757034301757812,-99.59652709960938
-94.7015380859375,-21.755722045898438,-99.3740234375
-94.79188537597656,-21.805389404296875,-99.16419982910156
-94.72441101074219,-21.77032470703125,-99.24241638183594
-94.8001708984375,-21.487258911132812,-99.29106140136719
-94.86705017089844,-21.403305053710938,-98.88812255859375
-94.97048950195312,-21.157196044921875,-98.76953125
-95.09371948242188,-20.906417846679688,-98.71055603027344
-95.15277099609375,-20.543289184570312,-98.66793823242188
-95.08183288574219,-20.358963012695312,-98.59754943847656
-94.88731384277344,-20.003921508789062,-98.47528076171875
-95.044921875,-19.555709838867188,-98.30110168457031
-95.20689392089844,-19.19091796875,-98.18408203125
-95.09336853027344,-18.683258056640625,-98.08265686035156
-95.17930603027344,-18.455810546875,-97.96656799316406
-95.19659423828125,-18.05126953125,-97.74380493164062
-95.29452514648438,-17.791793823242188,-97.55729675292969
-95.40058898925781,-17.584854125976562,-97.60801696777344
-95.53558349609375,-17.243942260742188,-97.43049621582031
-95.748046875,-17.223434448242188,-97.33737182617188
-95.84797668457031,-17.150405883789062,-97.39845275878906
-95.62901306152344,-17.192153930664062,-97.40458679199219
-95.38482666015625,-16.999496459960938,-97.48690795898438
-95.06568908691406,-16.93511962890625,-97.42741394042969
-94.88093566894531,-16.93157958984375,-97.42672729492188
-94.75344848632812,-17.071609497070312,-97.95401000976562
-94.5909423828125,-17.064437866210938,-98.46302795410156
-94.45294189453125,-17.432037353515625,-98.556884765625
-94.28097534179688,-17.571212768554688,-98.4825439453125
-94.24644470214844,-17.7052001953125,-98.59251403808594
-94.17436218261719,-17.63726806640625,-98.38899230957031
-94.13677978515625,-17.701828002929688,-98.61054992675781
-94.09602355957031,-17.641876220703125,-98.82093811035156
-93.93887329101562,-17.479629516601562,-98.8546142578125
-93.93507385253906,-17.318267822265625,-99.02911376953125
-93.83189392089844,-17.513671875,-99.02474975585938
-93.66448974609375,-17.573654174804688,-98.9859619140625
-93.60903930664062,-17.49896240234375,-98.93142700195312
-93.69615173339844,-17.522796630859375,-98.94400024414062
-93.62934875488281,-17.560562133789062,-98.88362121582031
-93.64401245117188,-17.490951538085938,-98.97947692871094
-93.85111999511719,-17.4903564453125,-99.0308837890625
-93.79222106933594,-17.346847534179688,-99.10696411132812
-93.76786804199219,-17.569717407226562,-99.01284790039062
-93.91378784179688,-17.471939086914062,-99.10292053222656
-94.01551818847656,-17.583541870117188,-98.88717651367188
-93.95771789550781,-17.314666748046875,-98.89822387695312
-94.01214599609375,-17.328811645507812,-98.85636901855469
-93.99687194824219,-17.4510498046875,-99.00706481933594
-93.73529052734375,-17.350601196289062,-98.98454284667969
-93.79684448242188,-17.505325317382812,-99.07234191894531
-93.67543029785156,-17.475601196289062,-99.21833801269531
-93.68197631835938,-17.561569213867188,-99.22450256347656
-93.70706176757812,-17.530059814453125,-99.34661865234375
-93.81771850585938,-17.334716796875,-99.43502807617188
-93.83941650390625,-17.365142822265625,-99.33572387695312
-93.83993530273438,-17.396484375,-99.43388366699219
-93.82916259765625,-17.210357666015625,-99.48443603515625
-93.92425537109375,-17.233261108398438,-99.62335205078125
-94.05615234375,-17.140396118164062,-99.87429809570312
-94.14778137207031,-16.983627319335938,-99.87139892578125
-94.05476379394531,-16.917312622070312,-99.85238647460938
-94.12043762207031,-16.914276123046875,-99.6944580078125
-94.18692016601562,-16.542953491210938,-99.90022277832031
-94.44436645507812,-16.254974365234375,-100.051513671875
-94.69747924804688,-16.094024658203125,-100.01199340820312
-94.98724365234375,-15.858444213867188,-99.96414184570312
-95.28919982910156,-15.546539306640625,-99.94387817382812
-95.58335876464844,-15.026214599609375,-99.580322265625
-95.90036010742188,-14.443023681640625,-99.52593994140625
-96.39419555664062,-14.13427734375,-99.2344970703125
-96.70376586914062,-13.7059326171875,-98.701416015625
-96.88636779785156,-13.155242919921875,-98.42463684082031
-96.97500610351562,-12.799301147460938,-98.01350402832031
-96.99365234375,-12.228713989257812,-97.69558715820312
-97.02394104003906,-11.880538940429688,-97.35861206054688
-96.94917297363281,-11.232452392578125,-97.3270263671875
-96.84439086914062,-10.884292602539062,-96.93264770507812
-96.30177307128906,-10.32952880859375,-96.55390930175781
-96.06228637695312,-9.752471923828125,-96.2557373046875
-95.47700500488281,-9.450042724609375,-95.91305541992188
-95.05705261230469,-9.049072265625,-95.57827758789062
-94.41874694824219,-8.539215087890625,-95.29476928710938
-93.93606567382812,-8.019378662109375,-94.93626403808594
-93.29071044921875,-7.490386962890625,-94.7855224609375
-92.3291015625,-7.164764404296875,-94.51219177246094
-91.70887756347656,-6.731048583984375,-94.40681457519531
-90.77398681640625,-6.3734893798828125,-94.08454895019531
-89.60881042480469,-6.030670166015625,-93.78057861328125
-88.56977844238281,-5.6942901611328125,-93.28825378417969
-87.55299377441406,-5.344268798828125,-92.78811645507812
-86.52619934082031,-4.9188079833984375,-92.18783569335938
-85.44515991210938,-4.3697052001953125,-91.39955139160156
-84.37324523925781,-3.8932952880859375,-90.53770446777344
-83.52641296386719,-2.9735565185546875,-89.58050537109375
-82.92079162597656,-2.171173095703125,-88.12977600097656
-82.29345703125,-0.58843994140625,-86.62098693847656
-82.18304443359375,1.4464263916015625,-84.57791137695312
-82.78701782226562,4.0448760986328125,-82.30911254882812
-83.65489196777344,7.508819580078125,-80.20277404785156
-85.51513671875,12.132858276367188,-78.54887390136719
-88.39459228515625,17.705825805664062,-77.44091796875
-92.20356750488281,24.173355102539062,-77.03892517089844
-97.08053588867188,31.768753051757812,-78.2994384765625
-103.45826721191406,39.786407470703125,-81.90188598632812
-111.14248657226562,47.144622802734375,-88.4453125
-119.21568298339844,50.86598205566406,-98.01596069335938
-124.77932739257812,51.59562683105469,-109.6229248046875
-127.03375244140625,53.369049072265625,-117.95158386230469
-128.0399627685547,55.03096008300781,-120.61643981933594
-128.59622192382812,55.588348388671875,-120.60348510742188
-128.6818389892578,55.88502502441406,-120.46290588378906
-128.66001892089844,55.98065185546875,-120.54167175292969
-128.67410278320312,56.02204895019531,-120.51139831542969
-128.60992431640625,55.975616455078125,-120.42364501953125
-128.7665252685547,55.92222595214844,-120.53013610839844
-128.65907287597656,56.08131408691406,-120.5855712890625
-128.65054321289062,56.032073974609375,-120.55119323730469
-128.55665588378906,56.11628723144531,-120.45486450195312
-128.50315856933594,56.27154541015625,-120.4560546875
-128.33180236816406,56.51734924316406,-120.5843505859375
-128.2645263671875,56.58428955078125,-120.56333923339844
-128.45864868164062,56.85565185546875,-120.53907775878906
-128.66908264160156,56.991912841796875,-120.32119750976562
-128.67298889160156,57.209228515625,-120.45135498046875
-128.7914276123047,57.131011962890625,-120.26985168457031
-128.75369262695312,57.502471923828125,-120.30125427246094
-128.63275146484375,57.505126953125,-120.27464294433594
-128.5425262451172,57.53485107421875,-120.31561279296875
-128.527099609375,57.56690979003906,-120.48643493652344
-128.39625549316406,57.77040100097656,-120.55766296386719
-128.52822875976562,57.89765930175781,-120.51296997070312
-128.43829345703125,57.91307067871094,-120.78422546386719
-128.45689392089844,58.045684814453125,-120.78924560546875
-128.47430419921875,58.014678955078125,-120.75985717773438
-128.26611328125,58.10731506347656,-120.82125854492188
-128.3516082763672,58.06884765625,-120.62409973144531
-128.36041259765625,58.3741455078125,-120.55474853515625
-128.2044219970703,58.54048156738281,-120.56494140625
-128.1761474609375,58.748870849609375,-120.49815368652344
-128.33692932128906,58.802459716796875,-120.61811828613281
-128.29324340820312,58.92791748046875,-120.84339904785156
-128.3935089111328,58.9638671875,-120.79861450195312
-128.38601684570312,58.906463623046875,-120.8817138671875
-128.41433715820312,58.89198303222656,-120.75105285644531
-128.50157165527344,59.034088134765625,-120.75630187988281
-128.6622772216797,59.2109375,-120.77703857421875
-128.73529052734375,59.378997802734375,-120.47218322753906
-128.94190979003906,59.501922607421875,-120.2833251953125
-129.0336456298828,60.040008544921875,-120.02342224121094
-129.1281280517578,60.318267822265625,-120.03887939453125
-129.03309631347656,60.72698974609375,-120.13919067382812
-129.312255859375,61.127685546875,-119.98149108886719
-129.46151733398438,61.75321960449219,-119.71516418457031
-129.8262939453125,62.221954345703125,-119.76466369628906
-129.93714904785156,62.79139709472656,-119.58010864257812
-130.29376220703125,63.3299560546875,-119.54623413085938
-130.37733459472656,63.633880615234375,-119.43730163574219
-130.58734130859375,64.25508117675781,-119.25633239746094
-130.71041870117188,64.84739685058594,-119.34291076660156
-130.8772430419922,65.35650634765625,-119.31260681152344
-130.79981994628906,65.81561279296875,-119.30267333984375
-130.77651977539062,66.43328857421875,-119.47463989257812
-130.54122924804688,67.00982666015625,-119.67131042480469
-130.794677734375,67.65457153320312,-119.71015930175781
-130.7529754638672,68.38558959960938,-119.93325805664062
-130.91473388671875,69.14488220214844,-119.74159240722656
-131.22940063476562,70.09957885742188,-119.9449462890625
-131.43844604492188,70.93331909179688,-120.15751647949219
-131.668701171875,71.81144714355469,-120.38319396972656
-131.8505096435547,72.49253845214844,-120.35511779785156
-131.93295288085938,73.17556762695312,-120.46321105957031
-132.2373809814453,73.76222229003906,-120.49369812011719
-132.2886962890625,74.19078063964844,-120.60472106933594
-132.45057678222656,74.7938232421875,-120.71324157714844
-132.83480834960938,75.1446533203125,-120.84194946289062
-132.8687286376953,75.64151000976562,-120.85179138183594
-132.990478515625,76.27897644042969,-120.99526977539062
-133.1031036376953,76.76364135742188,-121.31675720214844
-133.43057250976562,77.11050415039062,-121.34625244140625
-133.54115295410156,77.66792297363281,-121.75541687011719
-133.66351318359375,78.13484191894531,-121.72566223144531
-133.68702697753906,78.50260925292969,-121.56915283203125
-133.67762756347656,79.09782409667969,-121.55766296386719
-133.76959228515625,79.27967834472656,-121.91313171386719
-133.9202423095703,79.58767700195312,-122.38937377929688
-133.94764709472656,79.79539489746094,-122.7628173828125
-134.1160888671875,80.23088073730469,-122.84483337402344
-134.49755859375,80.55142211914062,-122.93705749511719
-134.801513671875,80.91178894042969,-122.8817138671875
-135.10154724121094,81.27630615234375,-123.16264343261719
-135.1543731689453,81.71786499023438,-123.39595031738281
-135.28709411621094,81.9227294921875,-123.38958740234375
-135.46798706054688,82.23283386230469,-123.38151550292969
-135.79437255859375,82.30801391601562,-123.29376220703125
-135.7879638671875,82.41758728027344,-123.33448791503906
-135.9818878173828,82.57579040527344,-123.36918640136719
-135.880126953125,82.82768249511719,-123.48394775390625
-136.27825927734375,83.11404418945312,-123.63966369628906
-136.17620849609375,83.3087158203125,-123.64225769042969
-136.38589477539062,83.53987121582031,-123.84709167480469
-136.56651306152344,83.81431579589844,-123.98623657226562
-136.8636016845703,84.05552673339844,-124.20338439941406
-136.9383544921875,84.03691101074219,-124.14707946777344
-137.06983947753906,84.26353454589844,-124.07627868652344
-137.1467742919922,84.42953491210938,-124.25836181640625
-137.27906799316406,84.75688171386719,-124.76119995117188
-137.29714965820312,84.816162109375,-124.63397216796875
-137.60818481445312,85.06192016601562,-124.81687927246094
-137.7422332763672,85.16531372070312,-125.03233337402344
-137.68569946289062,85.17012023925781,-125.08299255371094
-137.74815368652344,85.21711730957031,-124.93746948242188
-137.9413604736328,85.39352416992188,-124.87039184570312
-138.22129821777344,85.34506225585938,-124.6712646484375
-138.36065673828125,85.25546264648438,-124.55902099609375
-138.26988220214844,85.17593383789062,-124.51087951660156
-138.2609100341797,85.18315124511719,-124.58056640625
-138.34840393066406,84.97686767578125,-124.2044677734375
-138.482421875,84.73265075683594,-124.06158447265625
-138.36605834960938,84.69677734375,-124.03984069824219
-138.2361297607422,84.43809509277344,-124.12922668457031
-138.2470703125,84.66119384765625,-124.174560546875
-138.51121520996094,84.71328735351562,-124.296875
-138.53004455566406,84.79991149902344,-124.40028381347656
-138.81732177734375,84.91656494140625,-124.62100219726562
-138.7142333984375,84.90318298339844,-124.68592834472656
-138.77479553222656,84.956298828125,-124.58460998535156
-138.8824462890625,85.08856201171875,-124.37214660644531
-138.93751525878906,85.24366760253906,-124.20245361328125
-138.96096801757812,85.31997680664062,-124.1783447265625
-138.54067993164062,85.26324462890625,-124.405029296875
-138.68177795410156,85.20945739746094,-124.41346740722656
-138.52395629882812,85.17376708984375,-124.43797302246094
-138.3346405029297,85.07522583007812,-124.24835205078125
-138.163818359375,84.91484069824219,-124.237548828125
-138.07676696777344,84.76380920410156,-124.18476867675781
-137.9974365234375,84.80314636230469,-124.290771484375
-138.01565551757812,84.85000610351562,-124.11628723144531
-137.81781005859375,84.87947082519531,-124.02023315429688
-137.95323181152344,84.92559814453125,-124.15238952636719
-138.16796875,84.91035461425781,-124.19844055175781
-138.4500732421875,85.15493774414062,-124.23841857910156
-138.5964813232422,85.13517761230469,-124.10111999511719
-138.6416015625,85.32037353515625,-124.1982421875
-138.83396911621094,85.45455932617188,-124.22576904296875
-138.87765502929688,85.55389404296875,-124.34576416015625
-139.1057891845703,85.54412841796875,-124.40574645996094
-138.9852752685547,85.40960693359375,-124.48497009277344
-139.2952880859375,85.21311950683594,-124.49577331542969
-139.13131713867188,85.21138000488281,-124.5421142578125
-139.2101287841797,85.23136901855469,-124.61076354980469
-139.1793975830078,85.31556701660156,-124.56956481933594
-139.33152770996094,85.23876953125,-124.75929260253906
-139.2861785888672,85.22837829589844,-124.57194519042969
-139.3892822265625,85.43641662597656,-124.79826354980469
-139.5058135986328,85.37957763671875,-124.85244750976562
-139.41903686523438,85.32502746582031,-124.91313171386719
-139.6537628173828,85.24818420410156,-124.77777099609375
-139.69082641601562,85.248046875,-124.667236328125
-139.68716430664062,85.42626953125,-124.51152038574219
-139.6015625,85.46394348144531,-124.39363098144531
-139.68402099609375,85.5203857421875,-124.30641174316406
-139.78134155273438,85.46939086914062,-124.24539184570312
-139.6162872314453,85.53285217285156,-124.26983642578125
-139.81590270996094,85.54145812988281,-124.22700500488281
-139.58914184570312,85.46611022949219,-124.28546142578125
-139.6564483642578,85.5845947265625,-124.21432495117188
-139.5254669189453,85.54060363769531,-124.42359924316406
-139.71632385253906,85.69416809082031,-124.39109802246094
-139.5137939453125,85.66659545898438,-124.59075927734375
-139.33468627929688,85.47299194335938,-124.519775390625
-139.28439331054688,85.59278869628906,-124.62019348144531
-139.337158203125,85.48674011230469,-124.51069641113281
-139.4525146484375,85.55084228515625,-124.64799499511719
-139.45384216308594,85.41554260253906,-124.52241516113281
-139.5887451171875,85.29278564453125,-124.4534912109375
-139.73193359375,85.111083984375,-124.34194946289062
-139.67259216308594,85.20208740234375,-124.18621826171875
-139.590576171875,85.32183837890625,-124.25712585449219
-139.50379943847656,85.5994873046875,-124.32197570800781
-139.4520721435547,85.4093017578125,-124.1766357421875
-139.41336059570312,85.22563171386719,-124.23873901367188
-139.31890869140625,85.3055419921875,-124.25494384765625
-139.36569213867188,85.19717407226562,-124.3128662109375
-139.3102569580078,85.24320983886719,-124.30165100097656
-139.48170471191406,85.29856872558594,-124.24118041992188
-139.31983947753906,85.12399291992188,-124.47618103027344
-139.0496826171875,84.97627258300781,-124.26553344726562
-139.04693603515625,85.05564880371094,-124.19841003417969
-139.05433654785156,85.07594299316406,-124.2911376953125
-139.1603240966797,85.17681884765625,-124.29833984375
-138.9800567626953,85.18136596679688,-124.4051513671875
-139.21165466308594,85.26594543457031,-124.50131225585938
-139.20675659179688,85.16424560546875,-124.6138916015625
-139.05104064941406,85.27719116210938,-124.44113159179688
-139.25634765625,85.31661987304688,-124.38681030273438
-138.98013305664062,85.18435668945312,-124.35514831542969
-139.10116577148438,85.1741943359375,-124.41253662109375
-139.0479736328125,85.11643981933594,-124.51364135742188
-139.23606872558594,85.197509765625,-124.7882080078125
-139.1331024169922,85.19390869140625,-124.55464172363281
-139.08367919921875,85.12677001953125,-124.61505126953125
-139.20516967773438,85.12074279785156,-124.60101318359375
-139.242919921875,85.18922424316406,-124.35948181152344
-139.22071838378906,85.22343444824219,-124.21543884277344
-139.36148071289062,85.23904418945312,-124.25772094726562
-139.14207458496094,85.21229553222656,-124.28692626953125
-139.18858337402344,85.26174926757812,-124.19010925292969
-139.1255340576172,85.33128356933594,-124.20877075195312
-139.32266235351562,85.25460815429688,-124.26351928710938
-139.35992431640625,85.17344665527344,-124.44175720214844
-139.50489807128906,84.99252319335938,-124.59608459472656
-139.3678741455078,84.8638916015625,-124.61827087402344
-138.98397827148438,84.86300659179688,-124.55915832519531
-139.24586486816406,84.93960571289062,-124.5865478515625
-139.01953125,84.80361938476562,-124.68730163574219
-138.991455078125,84.83067321777344,-124.54132080078125
-139.20339965820312,84.81535339355469,-124.41572570800781
-139.14239501953125,84.8603515625,-124.20114135742188
-139.17575073242188,84.86891174316406,-124.21836853027344
-139.26026916503906,84.93821716308594,-124.34835815429688
-139.0509490966797,84.86053466796875,-124.41609191894531
-139.1110076904297,84.86245727539062,-124.24270629882812
-139.0783233642578,84.92109680175781,-124.61795043945312
-139.1048583984375,84.93989562988281,-124.3797607421875
-139.01995849609375,84.79988098144531,-124.18528747558594
-139.08583068847656,84.85682678222656,-124.20864868164062
-138.96060180664062,85.04527282714844,-124.32949829101562
-139.0679931640625,84.9063720703125,-124.24839782714844
-138.84024047851562,84.87992858886719,-124.271484375
-138.8472900390625,84.96989440917969,-124.04438781738281
-138.9521942138672,85.06871032714844,-124.34410095214844
-139.0847625732422,84.8095703125,-124.505859375
-138.95074462890625,84.879150390625,-124.51113891601562
-139.0100860595703,84.97711181640625,-124.33663940429688
-139.0908966064453,85.07487487792969,-124.58868408203125
-139.11080932617188,85.09474182128906,-124.57734680175781
-138.82850646972656,85.06298828125,-124.46481323242188
-138.98951721191406,85.17576599121094,-124.10069274902344
-138.84613037109375,85.15585327148438,-124.144775390625
-138.9381866455078,84.99085998535156,-124.04862976074219
-139.01243591308594,85.06501770019531,-124.26199340820312
-139.10311889648438,84.98529052734375,-124.25071716308594
-139.08792114257812,85.12164306640625,-124.49224853515625
-139.0780029296875,85.12684631347656,-124.56863403320312
-139.094970703125,85.17085266113281,-124.25814819335938
-139.24754333496094,85.15068054199219,-124.09672546386719
-139.3570556640625,84.90415954589844,-124.29063415527344
-139.41757202148438,84.84567260742188,-124.37310791015625
-139.30389404296875,84.93905639648438,-124.45736694335938
-139.3240966796875,85.05853271484375,-124.3321533203125
-139.36306762695312,85.06681823730469,-124.38412475585938
-139.15943908691406,84.94236755371094,-124.39199829101562
-139.3299560546875,85.01214599609375,-124.45466613769531
-139.34384155273438,85.00782775878906,-124.59400939941406
-139.069091796875,84.9400634765625,-124.46430969238281
-139.1269073486328,85.0343017578125,-124.38288879394531
-139.25148010253906,84.96530151367188,-124.17259216308594
-139.2510223388672,85.06179809570312,-124.1920166015625
-139.27255249023438,85.18019104003906,-124.2767333984375
-139.2003173828125,85.06634521484375,-124.27119445800781
-139.27108764648438,85.16354370117188,-124.25946044921875
-139.2180938720703,85.02828979492188,-124.41960144042969
-139.15248107910156,84.92335510253906,-124.41058349609375
-139.11288452148438,85.06546020507812,-124.3477783203125
-139.103515625,85.16864013671875,-124.34831237792969
-138.9704132080078,85.1729736328125,-124.57571411132812
-139.27171325683594,85.0740966796875,-124.44363403320312
-139.21463012695312,85.2991943359375,-124.4091796875
-139.3934783935547,85.09742736816406,-124.36358642578125
-139.37680053710938,85.15049743652344,-124.19792175292969
-139.5501251220703,85.17829895019531,-124.30992126464844
-139.32131958007812,85.08241271972656,-124.36662292480469
-139.41490173339844,85.08683776855469,-124.26274108886719
-139.22462463378906,85.12496948242188,-124.22077941894531
-139.14576721191406,85.05729675292969,-124.02041625976562
-139.34010314941406,85.13436889648438,-124.05401611328125
-139.30270385742188,85.052734375,-124.15910339355469
-139.2083740234375,85.09097290039062,-124.25119018554688
-139.26390075683594,85.07112121582031,-124.301513671875
-139.3429412841797,85.18008422851562,-124.25390625
-139.262939453125,84.99365234375,-124.4029541015625
-139.26380920410156,85.03952026367188,-124.33207702636719
-139.16778564453125,85.06004333496094,-124.30134582519531
-139.28350830078125,85.17854309082031,-124.31129455566406
-139.30250549316406,85.20068359375,-124.10166931152344
-139.343017578125,85.16297912597656,-123.95782470703125
-139.4041290283203,85.09510803222656,-124.0906982421875
-139.24423217773438,85.00015258789062,-124.10343933105469
-139.1444549560547,85.03858947753906,-124.31144714355469
-139.13128662109375,85.016357421875,-124.14389038085938
-139.18621826171875,84.87176513671875,-124.03335571289062
-139.03717041015625,85.06050109863281,-124.14028930664062
-139.29319763183594,84.78718566894531,-123.92529296875
-139.11814880371094,84.85211181640625,-123.8853759765625
-139.14439392089844,84.84989929199219,-124.11038208007812
-139.2584686279297,84.83651733398438,-124.11978149414062
-139.20053100585938,84.843505859375,-124.00624084472656
-139.29470825195312,84.9267578125,-124.02444458007812
-139.29689025878906,84.86640930175781,-124.10160827636719
-139.2736358642578,84.95533752441406,-124.11766052246094
-139.25523376464844,85.03045654296875,-124.11549377441406
-139.0990753173828,84.988525390625,-124.11807250976562
-139.25350952148438,84.93881225585938,-124.26441955566406
-139.25697326660156,84.98333740234375,-124.28871154785156
-139.19862365722656,85.17311096191406,-124.02128601074219
-139.22735595703125,85.20103454589844,-124.00096130371094
-139.21067810058594,85.1796875,-123.94203186035156
-139.3155975341797,85.1302490234375,-123.90382385253906
-139.30007934570312,85.14498901367188,-124.06881713867188
-139.3690185546875,85.08384704589844,-124.32244873046875
-139.20155334472656,85.09329223632812,-124.31333923339844
-139.32534790039062,85.16015625,-124.11366271972656
-139.40036010742188,85.148681640625,-124.029296875
-139.1740264892578,85.06240844726562,-124.02191162109375
-139.01910400390625,85.19729614257812,-123.942138671875
-139.06698608398438,85.123291015625,-123.90272521972656
-139.05535888671875,85.18777465820312,-124.02621459960938
-139.08297729492188,85.08761596679688,-124.22280883789062
-139.0000457763672,85.19198608398438,-124.02244567871094
-139.26702880859375,85.25709533691406,-124.02894592285156
-139.31224060058594,85.2591552734375,-124.16342163085938
-139.19659423828125,85.38160705566406,-124.20475769042969
-139.22206115722656,85.21241760253906,-124.05812072753906
-139.0569610595703,85.26336669921875,-124.1024169921875
-139.26565551757812,85.11799621582031,-124.15498352050781
-139.0820770263672,85.22496032714844,-124.01792907714844
-139.0081787109375,85.17536926269531,-124.14451599121094
-139.05636596679688,85.24226379394531,-124.11227416992188
-139.03810119628906,85.11488342285156,-124.15560913085938
-139.22923278808594,85.06986999511719,-123.96804809570312
-139.2642059326172,85.22209167480469,-124.10293579101562
-139.1365966796875,85.31005859375,-124.11453247070312
-139.20928955078125,85.07012939453125,-124.11845397949219
-139.36203002929688,84.99789428710938,-124.07710266113281
-139.44248962402344,85.13151550292969,-124.02548217773438
-139.4146728515625,85.20004272460938,-124.189453125
-139.3561553955078,85.00361633300781,-124.27572631835938
-139.5477752685547,84.79229736328125,-124.15203857421875
-139.3007354736328,84.89570617675781,-124.1446533203125
-139.26954650878906,84.88189697265625,-124.14219665527344
-139.36781311035156,84.80723571777344,-124.02337646484375
-139.40023803710938,84.82893371582031,-124.11970520019531
-139.34011840820312,84.83245849609375,-124.21665954589844
-139.27719116210938,84.93927001953125,-124.37730407714844
-139.30360412597656,84.8265380859375,-124.42767333984375
-139.3756866455078,84.82594299316406,-124.42082214355469
-139.26719665527344,84.88296508789062,-124.35943603515625
-139.26414489746094,84.88796997070312,-124.3427734375
-139.36878967285156,84.8397216796875,-124.27824401855469
-139.40013122558594,84.98860168457031,-124.45692443847656
-139.27133178710938,84.92526245117188,-124.29283142089844
-139.33502197265625,84.9620361328125,-124.20254516601562
-139.33973693847656,84.84518432617188,-124.20579528808594
-139.40940856933594,85.01112365722656,-124.12773132324219
-139.1469268798828,85.12083435058594,-124.13563537597656
-139.12789916992188,85.06871032714844,-124.10868835449219
-139.09368896484375,85.12155151367188,-124.04898071289062
-139.12814331054688,85.14227294921875,-124.13818359375
-139.03501892089844,85.10987854003906,-124.24298095703125
-139.17178344726562,85.07566833496094,-124.1727294921875
-139.2780303955078,85.06233215332031,-124.18267822265625
-139.31715393066406,84.97065734863281,-124.21365356445312
-139.38681030273438,84.92477416992188,-124.26368713378906
-139.3708953857422,85.19929504394531,-124.18875122070312
-139.30149841308594,85.24571228027344,-124.04011535644531
-139.37001037597656,85.1658935546875,-124.07574462890625
-139.31077575683594,85.1827392578125,-124.06355285644531
-139.37493896484375,85.19503784179688,-124.2171630859375
-139.15151977539062,85.33119201660156,-124.18202209472656
-139.3137969970703,85.05870056152344,-124.29774475097656
-139.386474609375,85.05487060546875,-124.04391479492188
-139.41123962402344,85.0714111328125,-124.10908508300781
-139.27139282226562,85.12947082519531,-123.99684143066406
-139.15335083007812,84.92472839355469,-124.05581665039062
-139.24899291992188,85.14994812011719,-124.04296875
-139.18917846679688,85.06326293945312,-124.0252685546875
-139.3040771484375,84.96426391601562,-124.27865600585938
-139.01576232910156,84.99699401855469,-124.28253173828125
-139.09463500976562,84.96969604492188,-124.22854614257812
-139.01174926757812,85.00546264648438,-124.0760498046875
-139.12368774414062,85.12541198730469,-123.88966369628906
-139.19688415527344,85.07749938964844,-124.00154113769531
-139.22097778320312,85.01142883300781,-124.08279418945312
-139.3839111328125,84.96435546875,-124.13734436035156
-139.4105682373047,85.12382507324219,-124.09347534179688
-139.28350830078125,85.05233764648438,-124.16336059570312
-139.1492156982422,85.09649658203125,-124.03163146972656
-139.35324096679688,85.09480285644531,-124.17430114746094
-139.3627166748047,84.97142028808594,-124.29534912109375
-139.30157470703125,84.81303405761719,-124.4212646484375
-139.10264587402344,84.87347412109375,-124.31948852539062
-139.26483154296875,84.80989074707031,-124.19352722167969
-139.05947875976562,84.88134765625,-124.30259704589844
-138.97544860839844,85.02717590332031,-124.30195617675781
-139.2108154296875,84.99162292480469,-124.20083618164062
-139.19093322753906,84.91734313964844,-124.03099060058594
-139.0273895263672,85.03636169433594,-124.05738830566406
-139.05116271972656,84.96650695800781,-124.10823059082031
-138.99349975585938,85.02955627441406,-124.1009521484375
-139.19920349121094,85.08549499511719,-124.15605163574219
-139.2377471923828,85.10629272460938,-124.11331176757812
-139.23097229003906,85.10272216796875,-124.05628967285156
-139.3763885498047,84.92642211914062,-124.09407043457031
-139.30575561523438,84.92549133300781,-124.31124877929688
-139.3526153564453,84.92526245117188,-124.49351501464844
-139.1920623779297,84.83285522460938,-124.45726013183594
-139.0709686279297,84.81303405761719,-124.32058715820312
-139.07655334472656,85.0738525390625,-124.56338500976562
-139.06307983398438,84.92756652832031,-124.37179565429688
-139.01133728027344,85.02439880371094,-124.05574035644531
-139.2349090576172,85.01361083984375,-124.01295471191406
-139.01031494140625,84.98817443847656,-124.08168029785156
-139.17410278320312,84.91661071777344,-124.19277954101562
-139.08937072753906,85.03265380859375,-124.30970764160156
-139.02474975585938,85.02438354492188,-124.27375793457031
-139.27490234375,84.93716430664062,-124.07316589355469
-139.15359497070312,84.95761108398438,-124.123291015625
-139.0144500732422,84.81086730957031,-123.88591003417969
-139.0947723388672,84.82220458984375,-123.97770690917969
-139.13572692871094,84.845703125,-124.13766479492188
-139.1506805419922,84.93641662597656,-124.27230834960938
-139.27365112304688,84.76261901855469,-124.22215270996094
-138.9927978515625,84.87718200683594,-124.09727478027344
-139.06736755371094,84.8914794921875,-124.088623046875
-139.05853271484375,84.86289978027344,-124.10147094726562
-139.08450317382812,84.85652160644531,-124.07359313964844
-139.1303253173828,84.89328002929688,-124.11869812011719
-138.9996337890625,85.0445556640625,-124.0257568359375
-139.05650329589844,85.017578125,-124.0849609375
-139.0135955810547,84.81466674804688,-124.11431884765625
-138.94435119628906,85.01162719726562,-124.2874755859375
-138.91461181640625,85.02133178710938,-124.17860412597656
-138.84530639648438,84.98516845703125,-124.30938720703125
-139.017578125,85.0128173828125,-124.14724731445312
-139.035888671875,84.9661865234375,-124.00901794433594
-139.03323364257812,84.93917846679688,-124.19309997558594
-139.0992431640625,84.97946166992188,-124.13009643554688
-139.10125732421875,84.93074035644531,-124.14675903320312
-138.97744750976562,85.00035095214844,-124.24114990234375
-139.05958557128906,85.0301513671875,-124.34346008300781
-138.8629913330078,84.9100341796875,-124.27314758300781
-138.94493103027344,84.92381286621094,-124.30514526367188
-138.9205780029297,84.90274047851562,-124.28398132324219
-139.088134765625,84.92811584472656,-124.26992797851562
-139.16355895996094,85.06903076171875,-124.24496459960938
-139.28749084472656,84.9281005859375,-124.02560424804688
-139.06277465820312,85.03977966308594,-124.28669738769531
-139.03175354003906,84.96104431152344,-124.05145263671875
-139.125244140625,84.90269470214844,-123.96687316894531
-139.20095825195312,84.79974365234375,-124.11578369140625
-139.1271514892578,85.06864929199219,-124.03033447265625
-138.979248046875,85.03536987304688,-124.03143310546875
-139.07054138183594,85.07151794433594,-124.29893493652344
-139.0077667236328,85.0570068359375,-124.3084716796875
-139.21986389160156,85.15463256835938,-124.33169555664062
-139.258544921875,85.18544006347656,-124.50994873046875
-139.09609985351562,85.07768249511719,-124.50067138671875
-139.2259063720703,85.08132934570312,-124.38900756835938
-139.3483428955078,85.15234375,-124.17884826660156
-139.2754364013672,85.1865234375,-124.02281188964844
-139.13516235351562,85.26045227050781,-124.1385498046875
-139.1277313232422,85.14035034179688,-124.30598449707031
-139.20687866210938,85.1990966796875,-124.12440490722656
-139.24661254882812,85.06809997558594,-123.71284484863281
-139.21121215820312,84.97413635253906,-123.70472717285156
-139.30789184570312,84.90574645996094,-123.94505310058594
-138.98724365234375,84.8558349609375,-124.14778137207031
-138.86581420898438,85.0413818359375,-124.04054260253906
-138.9996337890625,84.95785522460938,-123.91142272949219
-139.05490112304688,85.04786682128906,-124.08352661132812
-139.11920166015625,84.81675720214844,-124.14427185058594
-139.03562927246094,84.6746826171875,-124.05012512207031
-139.01023864746094,84.79109191894531,-124.04812622070312
-139.2692108154297,84.68775939941406,-124.025390625
-139.23086547851562,84.81867980957031,-124.30819702148438
-139.24325561523438,85.05532836914062,-124.29859924316406
-139.0849151611328,85.06962585449219,-124.05853271484375
-138.8319091796875,84.84735107421875,-124.056884765625
-139.05703735351562,84.79402160644531,-124.09327697753906
-139.05227661132812,84.86341857910156,-123.9464111328125
-139.0651092529297,85.02227783203125,-123.91413879394531
-139.06333923339844,85.0302734375,-123.7724609375
-138.84207153320312,85.05511474609375,-123.76318359375
-139.00927734375,84.8798828125,-123.78561401367188
-139.0153350830078,84.83271789550781,-123.71893310546875
-139.09115600585938,84.67616271972656,-123.7130126953125
-139.03353881835938,84.80282592773438,-123.60054016113281
-139.11270141601562,84.84727478027344,-123.59512329101562
-139.01806640625,84.89178466796875,-123.78178405761719
-139.1774444580078,84.77684020996094,-123.79740905761719
-139.01866149902344,84.87435913085938,-124.11709594726562
-139.0926971435547,84.79441833496094,-124.01861572265625
-139.12185668945312,84.78892517089844,-124.06645202636719
-139.0369110107422,84.88096618652344,-124.05705261230469
-138.98204040527344,84.81394958496094,-124.02763366699219
-138.9945068359375,84.83377075195312,-124.13850402832031
-139.01251220703125,84.82325744628906,-124.28550720214844
-139.04507446289062,85.12428283691406,-124.19975280761719
-138.86529541015625,85.08004760742188,-124.09861755371094
-138.84512329101562,85.07777404785156,-124.02725219726562
-138.9054718017578,84.95161437988281,-123.9713134765625
-138.97052001953125,84.82431030273438,-123.90695190429688
-139.1306610107422,84.74461364746094,-123.78787231445312
-139.03363037109375,84.79112243652344,-123.64482116699219
-138.90365600585938,84.79638671875,-123.82662963867188
-139.0037841796875,84.82139587402344,-123.80718994140625
-139.08233642578125,85.01951599121094,-123.64822387695312
-139.04356384277344,84.92167663574219,-123.53298950195312
-138.94325256347656,84.91838073730469,-123.65858459472656
-138.94786071777344,84.88491821289062,-123.54165649414062
-138.94219970703125,84.9447021484375,-123.62876892089844
-138.8717041015625,85.14312744140625,-123.66679382324219
-138.8672637939453,85.07804870605469,-123.64010620117188
-139.04034423828125,85.08224487304688,-123.7564697265625
-138.88055419921875,85.07017517089844,-123.705322265625
-138.86524963378906,85.15748596191406,-123.7679443359375
-139.01611328125,84.93460083007812,-123.73951721191406
-139.1166229248047,85.03486633300781,-123.79257202148438
-138.99728393554688,85.144287109375,-123.72451782226562
-139.21498107910156,85.0546875,-123.8338623046875
-139.03211975097656,85.10881042480469,-123.72801208496094
-138.95602416992188,85.18437194824219,-123.70771789550781
-138.92745971679688,85.13359069824219,-123.78297424316406
-138.88458251953125,85.18901062011719,-124.065185546875
-138.8421630859375,85.17829895019531,-124.09553527832031
-138.9367218017578,85.11222839355469,-124.14274597167969
-138.93939208984375,85.10789489746094,-124.05628967285156
-138.85238647460938,85.17752075195312,-124.04769897460938
-139.03973388671875,84.97676086425781,-124.06854248046875
-139.0841827392578,84.95684814453125,-124.10186767578125
-139.09848022460938,85.17623901367188,-124.02967834472656
-139.0812530517578,85.05467224121094,-124.27830505371094
-138.90086364746094,85.11845397949219,-124.31507873535156
-138.9508056640625,85.15542602539062,-124.27030944824219
-138.9593505859375,85.1339111328125,-124.20480346679688
-138.93959045410156,84.98941040039062,-124.15199279785156
-138.89988708496094,85.03892517089844,-124.26033020019531
-138.9847412109375,85.11546325683594,-124.35670471191406
-139.16305541992188,85.17062377929688,-124.56637573242188
-139.0630645751953,85.28244018554688,-124.18028259277344
-138.8842010498047,85.26846313476562,-124.0521240234375
-138.8679962158203,85.16958618164062,-123.74447631835938
-138.8751678466797,85.14901733398438,-123.73271179199219
-139.22837829589844,85.17990112304688,-123.81764221191406
-139.02391052246094,85.11740112304688,-123.85995483398438
-138.99607849121094,85.11093139648438,-123.91928100585938
-139.0215301513672,85.111572265625,-124.29902648925781
-139.12783813476562,85.01902770996094,-124.24447631835938
-139.17611694335938,84.93626403808594,-124.4388427734375
-139.40663146972656,84.99388122558594,-124.22491455078125
-139.35821533203125,84.97906494140625,-124.12294006347656
-139.28768920898438,84.80647277832031,-123.97337341308594
-139.14340209960938,84.92008972167969,-123.74583435058594
-139.12673950195312,84.8004150390625,-123.73426818847656
-138.87454223632812,84.93621826171875,-123.8446044921875
-139.04737854003906,84.76220703125,-123.79362487792969
-139.05838012695312,84.72685241699219,-123.92140197753906
-139.25692749023438,84.72752380371094,-123.95933532714844
-139.26220703125,84.89764404296875,-124.08279418945312
-139.11863708496094,84.80313110351562,-124.19635009765625
-139.0871124267578,84.83200073242188,-124.16609191894531
-139.07119750976562,84.94081115722656,-124.26930236816406
-139.0584716796875,85.16676330566406,-124.29762268066406
-139.02468872070312,85.18881225585938,-124.38844299316406
-139.10826110839844,85.00372314453125,-124.20394897460938
-139.02542114257812,84.78810119628906,-124.07640075683594
-139.0338592529297,84.93797302246094,-124.15080261230469
-139.10304260253906,85.06755065917969,-123.91510009765625
-138.90223693847656,85.02777099609375,-123.87608337402344
-139.0869598388672,84.81050109863281,-123.90884399414062
-139.01939392089844,84.83070373535156,-123.98194885253906
-139.12738037109375,85.05722045898438,-124.1510009765625
-138.85470581054688,85.16983032226562,-123.96051025390625
-138.95423889160156,84.92489624023438,-123.9462890625
-139.11231994628906,84.89108276367188,-123.96920776367188
-138.83009338378906,84.83616638183594,-124.04469299316406
-138.96310424804688,84.88752746582031,-124.14419555664062
-139.0528564453125,84.8802490234375,-124.04330444335938
-138.92723083496094,85.07058715820312,-123.9822998046875
-138.89247131347656,85.09318542480469,-123.88815307617188
-138.93312072753906,85.11859130859375,-124.1102294921875
-139.109619140625,85.01698303222656,-124.03157043457031
-139.05877685546875,84.8631591796875,-124.14826965332031
-139.1201629638672,84.76698303222656,-124.16059875488281
-139.1201629638672,84.78822326660156,-124.085693359375
-139.25021362304688,84.87493896484375,-124.0184326171875
-139.2800750732422,84.8421630859375,-124.03459167480469
-139.23779296875,84.98788452148438,-124.30908203125
-139.02647399902344,84.9501953125,-124.07705688476562
-139.24598693847656,84.87165832519531,-123.98521423339844
-139.0987548828125,84.88017272949219,-123.90565490722656
-139.2137451171875,85.02656555175781,-124.0736083984375
-139.05760192871094,84.93716430664062,-123.99043273925781
-139.15963745117188,84.96380615234375,-123.705810546875
-139.4000244140625,84.98542785644531,-123.9649658203125
-139.3370361328125,85.01828002929688,-124.10133361816406
-139.07229614257812,84.93574523925781,-124.13926696777344
-139.02276611328125,84.8729248046875,-124.01498413085938
-138.98191833496094,84.88127136230469,-123.91024780273438
-138.9041748046875,84.76344299316406,-123.96974182128906
-139.14328002929688,84.74057006835938,-124.07606506347656
-139.12071228027344,84.9295654296875,-124.31013488769531
-139.22120666503906,84.83546447753906,-124.14704895019531
-139.17149353027344,84.91751098632812,-124.12510681152344
-139.38626098632812,85.012451171875,-124.14688110351562
-139.2815704345703,84.91630554199219,-124.08174133300781
-139.36256408691406,84.90751647949219,-124.04290771484375
-139.39308166503906,84.92459106445312,-123.94384765625
-139.39413452148438,84.920654296875,-123.94955444335938
-139.1680450439453,84.84486389160156,-124.01557922363281
-139.04550170898438,84.84274291992188,-124.10533142089844
-139.01226806640625,85.0084228515625,-124.07562255859375
-138.97787475585938,84.92271423339844,-124.10739135742188
-138.99510192871094,84.82606506347656,-123.88423156738281
-138.9932861328125,84.93585205078125,-124.00834655761719
-138.8516845703125,84.85850524902344,-124.13143920898438
-139.06085205078125,84.78878784179688,-123.89509582519531
-138.98953247070312,84.83560180664062,-123.90902709960938
-139.1609344482422,84.70646667480469,-123.72718811035156
-139.38143920898438,84.74383544921875,-123.60549926757812
-139.394287109375,84.74832153320312,-123.78414916992188
-139.34756469726562,84.81857299804688,-123.54768371582031
-139.29119873046875,84.92695617675781,-123.74966430664062
-139.3494873046875,84.83067321777344,-123.86180114746094
-139.35989379882812,84.89108276367188,-123.77947998046875
-139.4112091064453,84.65626525878906,-123.93937683105469
-139.3520050048828,84.79840087890625,-123.8873291015625
-139.13014221191406,84.86758422851562,-124.04200744628906
-139.3463592529297,84.89106750488281,-123.89111328125
-139.5416717529297,84.89736938476562,-124.09980773925781
-139.3511962890625,84.80973815917969,-124.08399963378906
-139.3460235595703,84.96025085449219,-124.02793884277344
-139.27615356445312,85.01708984375,-123.8934326171875
-139.21009826660156,84.8291015625,-123.71623229980469
-139.13278198242188,84.91300964355469,-123.77995300292969
-139.0619354248047,84.82411193847656,-123.60890197753906
-138.73736572265625,84.88589477539062,-123.79585266113281
-138.55303955078125,84.84172058105469,-123.92642211914062
-138.5255889892578,84.70133972167969,-124.0777587890625
-138.50448608398438,84.48011779785156,-124.28204345703125
-138.36691284179688,84.51544189453125,-124.09654235839844
-138.16709899902344,84.45301818847656,-124.12626647949219
-138.0766143798828,84.28642272949219,-123.97714233398438
-137.81126403808594,84.33419799804688,-123.94248962402344
-137.79489135742188,84.31434631347656,-123.97608947753906
-137.51235961914062,84.17329406738281,-124.14573669433594
-137.4943084716797,84.26310729980469,-124.262451171875
-137.48992919921875,84.27848815917969,-124.18508911132812
-137.49485778808594,84.33261108398438,-124.15243530273438
-137.26048278808594,84.37152099609375,-123.82684326171875
-137.2418212890625,84.20846557617188,-123.8525390625
-137.38955688476562,84.40264892578125,-124.16780090332031
-137.20497131347656,84.26449584960938,-124.14985656738281
-137.26580810546875,84.15606689453125,-124.05769348144531
-137.36758422851562,84.17803955078125,-124.10038757324219
-137.56497192382812,84.20863342285156,-124.01019287109375
-137.77113342285156,84.3314208984375,-124.06871032714844
-137.83367919921875,84.54411315917969,-124.03842163085938
-138.09353637695312,84.51275634765625,-123.87406921386719
-138.24082946777344,84.29127502441406,-123.61495971679688
-138.247802734375,84.21043395996094,-123.18359375
-138.12307739257812,84.040283203125,-123.06385803222656
-138.001953125,84.00486755371094,-123.13377380371094
-138.2105712890625,83.93531799316406,-123.17311096191406
-138.26539611816406,83.88705444335938,-123.26278686523438
-138.2139892578125,83.99884033203125,-123.25318908691406
-137.83084106445312,83.81878662109375,-123.51725769042969
-137.06517028808594,83.61819458007812,-123.48794555664062
-136.31283569335938,83.38058471679688,-123.77207946777344
-135.69847106933594,82.955810546875,-123.95513916015625
-134.93040466308594,82.38026428222656,-123.92922973632812
-133.92788696289062,81.80380249023438,-124.04972839355469
-133.3134002685547,81.37498474121094,-124.03628540039062
-132.55914306640625,80.71905517578125,-124.33903503417969
-131.89459228515625,79.68106079101562,-124.31571960449219
-131.2923126220703,78.87774658203125,-124.11642456054688
-130.5672149658203,78.03330993652344,-124.11761474609375
-129.90536499023438,77.25352478027344,-124.10743713378906
-129.1132354736328,76.19364929199219,-123.93757629394531
-128.47813415527344,75.15596008300781,-124.14710998535156
-127.61581420898438,74.09931945800781,-124.24787902832031
-127.02098083496094,73.04515075683594,-124.3004150390625
-126.51541137695312,71.90591430664062,-124.43208312988281
-125.93234252929688,70.90806579589844,-124.22715759277344
-125.58059692382812,70.17611694335938,-124.29351806640625
-125.00433349609375,69.15415954589844,-124.42973327636719
-124.61054992675781,68.13456726074219,-124.5386962890625
-124.0584716796875,67.05943298339844,-124.628173828125
-123.73252868652344,66.129150390625,-124.75360107421875
-123.2529296875,65.00918579101562,-125.01516723632812
-122.93876647949219,63.997161865234375,-125.48822021484375
-122.61079406738281,62.94281005859375,-125.58671569824219
-122.17303466796875,62.14201354980469,-125.88247680664062
-122.16436767578125,61.05287170410156,-126.1353759765625
-122.13845825195312,60.27873229980469,-126.61558532714844
-121.99424743652344,59.242889404296875,-126.98912048339844
-121.63735961914062,58.52348327636719,-127.16496276855469
-121.48353576660156,57.67616271972656,-127.33464050292969
-121.67750549316406,56.84883117675781,-127.61083984375
-121.45918273925781,56.236083984375,-127.85813903808594
-121.3082275390625,55.65986633300781,-128.4019317626953
-120.999755859375,54.996185302734375,-128.61668395996094
-121.00054931640625,54.49455261230469,-129.3802490234375
-120.61456298828125,53.83750915527344,-130.0012969970703
-120.1717529296875,53.112945556640625,-130.54364013671875
-119.89198303222656,52.62074279785156,-130.9506378173828
-119.83221435546875,52.070831298828125,-131.3389129638672
-119.75277709960938,51.75871276855469,-131.7641143798828
-119.61456298828125,51.37055969238281,-132.27880859375
-119.69212341308594,50.79499816894531,-132.60731506347656
-119.51504516601562,50.416351318359375,-133.04263305664062
-119.58592224121094,50.09257507324219,-133.1142120361328
-119.39933776855469,49.90678405761719,-133.42921447753906
-119.31010437011719,49.53703308105469,-133.68199157714844
-119.55195617675781,49.22288513183594,-133.6085662841797
-119.50772094726562,48.8660888671875,-133.96690368652344
-119.27947998046875,48.6483154296875,-134.1160430908203
-119.29203796386719,48.38542175292969,-134.30516052246094
-119.48248291015625,48.17919921875,-134.5895233154297
-119.56159973144531,48.00779724121094,-134.7432861328125
-119.56683349609375,47.90318298339844,-134.6481475830078
-119.41300964355469,47.84626770019531,-134.65725708007812
-119.48745727539062,47.59928894042969,-134.77963256835938
-119.5089111328125,47.600433349609375,-134.987548828125
-119.5263671875,47.67820739746094,-135.12132263183594
-119.55941772460938,47.53575134277344,-134.95440673828125
-119.54345703125,47.293121337890625,-134.81985473632812
-119.59222412109375,47.33734130859375,-134.8494873046875
-119.58168029785156,47.434967041015625,-134.80450439453125
-119.51107788085938,47.59002685546875,-135.04127502441406
-119.67875671386719,47.701080322265625,-135.30296325683594
-119.96884155273438,47.808197021484375,-135.45919799804688
-120.69674682617188,47.77537536621094,-135.83863830566406
-121.61358642578125,47.42926025390625,-135.93589782714844
-122.33055114746094,47.38133239746094,-135.92959594726562
-123.04226684570312,47.457427978515625,-135.320068359375
-123.81842041015625,47.46269226074219,-134.31739807128906
-124.15959167480469,46.15653991699219,-133.08836364746094
-123.44590759277344,42.086334228515625,-130.81288146972656
-119.39836120605469,34.08573913574219,-125.00199890136719
-109.79678344726562,25.2216796875,-114.96504211425781
-96.5777587890625,18.729705810546875,-102.87283325195312
-85.75814819335938,13.490234375,-93.05427551269531
-80.3255615234375,6.3660430908203125,-87.77906799316406
-79.29734802246094,-1.8903961181640625,-86.4522705078125
-80.55291748046875,-9.37786865234375,-87.806396484375
-82.40580749511719,-15.307220458984375,-90.49810791015625
-84.25762939453125,-18.883926391601562,-93.50032043457031
-85.80072021484375,-20.602523803710938,-96.01248168945312
-86.8150634765625,-21.2493896484375,-97.74444580078125
-87.71063232421875,-21.192977905273438,-98.63455200195312
-88.5245361328125,-20.898910522460938,-99.1290283203125
-89.49540710449219,-20.514022827148438,-99.2259521484375
-90.31097412109375,-20.062835693359375,-98.80084228515625
-91.292236328125,-19.461181640625,-98.3426513671875
-92.15235900878906,-19.319793701171875,-97.64659118652344
-92.91314697265625,-18.8382568359375,-97.135009765625
-93.87940979003906,-18.79327392578125,-96.57106018066406
-94.52284240722656,-18.675918579101562,-96.11549377441406
-95.26170349121094,-18.388595581054688,-95.77906799316406
-95.78292846679688,-18.255859375,-95.30918884277344
-96.63771057128906,-18.307907104492188,-95.01249694824219
-97.49734497070312,-18.306655883789062,-94.589599609375
-98.09503173828125,-18.129898071289062,-94.68438720703125
-98.63511657714844,-18.162063598632812,-94.7132568359375
-99.04129028320312,-18.282241821289062,-94.75894165039062
-99.42584228515625,-18.349151611328125,-95.01528930664062
-99.94406127929688,-18.804931640625,-94.8232421875
-99.99652099609375,-18.909927368164062,-94.92604064941406
-100.13966369628906,-19.280838012695312,-95.45552062988281
-100.15855407714844,-19.944351196289062,-95.982421875
-100.08447265625,-20.26446533203125,-96.28517150878906
-100.02236938476562,-20.333358764648438,-96.65328979492188
-99.7169189453125,-20.485260009765625,-96.76205444335938
-99.49855041503906,-20.730224609375,-96.61991882324219
-99.40757751464844,-20.863433837890625,-96.55918884277344
-99.22006225585938,-20.94830322265625,-96.64936828613281
-99.40765380859375,-21.088699340820312,-96.70306396484375
-99.49708557128906,-20.99993896484375,-96.82298278808594
-99.70890808105469,-21.207565307617188,-96.56362915039062
-100.09782409667969,-21.133529663085938,-96.43438720703125
-100.57194519042969,-20.826614379882812,-96.36488342285156
-100.62031555175781,-20.557907104492188,-96.31915283203125
-100.57328796386719,-20.507293701171875,-96.00521850585938
-100.61167907714844,-20.376358032226562,-95.88764953613281
-100.30406188964844,-20.458892822265625,-96.06294250488281
-99.91728210449219,-20.385391235351562,-96.20318603515625
-99.78805541992188,-20.33526611328125,-96.13096618652344
-99.65603637695312,-20.000213623046875,-96.20431518554688
-99.6141357421875,-19.835662841796875,-95.9879150390625
-99.53256225585938,-19.430801391601562,-95.93130493164062
-99.56417846679688,-19.137985229492188,-95.74285888671875
-99.74542236328125,-18.760116577148438,-95.39469909667969
-99.89094543457031,-18.451324462890625,-95.19960021972656
-100.17913818359375,-17.969863891601562,-94.86949157714844
-100.36332702636719,-17.728897094726562,-94.70204162597656
-100.63125610351562,-17.20928955078125,-94.31704711914062
-100.89375305175781,-16.839324951171875,-94.06048583984375
-101.08621215820312,-16.281341552734375,-94.04811096191406
-101.30546569824219,-15.957748413085938,-93.99176025390625
-101.490478515625,-15.1070556640625,-93.86158752441406
-101.6634521484375,-14.3387451171875,-93.46337890625
-101.8759765625,-13.621292114257812,-93.35420227050781
-101.90902709960938,-13.0240478515625,-93.08053588867188
-101.79818725585938,-12.092269897460938,-93.02719116210938
-102.09693908691406,-11.256912231445312,-92.92640686035156
-102.15702819824219,-10.420608520507812,-92.96736145019531
-102.53700256347656,-9.565170288085938,-93.11053466796875
-102.67813110351562,-8.65789794921875,-92.95596313476562
-102.8736572265625,-7.710113525390625,-92.92330932617188
-102.80854797363281,-6.90557861328125,-92.89373779296875
-102.90338134765625,-5.7949066162109375,-93.25172424316406
-102.8521728515625,-4.857330322265625,-93.53732299804688
-102.89015197753906,-3.8647613525390625,-94.01394653320312
-102.84059143066406,-2.890350341796875,-94.0859375
-103.0799560546875,-1.9591217041015625,-94.38084411621094
-103.25382995605469,-0.9676055908203125,-94.42466735839844
-103.30610656738281,-0.0187225341796875,-94.57090759277344
-103.32962036132812,0.7247467041015625,-94.94927978515625
-103.365234375,1.2827301025390625,-95.14111328125
-103.46043395996094,2.0180511474609375,-95.30319213867188
-103.52157592773438,2.45147705078125,-95.48883056640625
-103.683837890625,2.8194732666015625,-95.58467102050781
-103.73353576660156,3.337799072265625,-95.82733154296875
-103.6126708984375,3.9241790771484375,-96.20402526855469
-103.36138916015625,4.4709014892578125,-96.48849487304688
-103.4339599609375,4.9570159912109375,-96.62104797363281
-103.44239807128906,5.4073028564453125,-97.03450012207031
-103.42762756347656,5.9920196533203125,-97.18795776367188
-103.408203125,6.4814453125,-97.57766723632812
-103.81614685058594,6.8780517578125,-97.70028686523438
-103.76773071289062,7.284698486328125,-98.18843078613281
-103.79420471191406,7.5977630615234375,-98.30671691894531
-103.81361389160156,7.8492431640625,-98.37109375
-103.83248901367188,8.100723266601562,-98.48422241210938
-103.91696166992188,8.431442260742188,-98.6759033203125
-103.75808715820312,8.733810424804688,-98.81411743164062
-103.78668212890625,8.966094970703125,-99.05953979492188
-103.573974609375,9.139999389648438,-99.13581848144531
-103.53486633300781,9.333160400390625,-99.29258728027344
-103.54371643066406,9.61328125,-99.70913696289062
-103.50077819824219,9.784042358398438,-99.80897521972656
-103.31112670898438,9.969635009765625,-100.03529357910156
-103.28164672851562,9.994171142578125,-99.95359802246094
-103.13619995117188,10.136032104492188,-100.12811279296875
-103.00747680664062,10.171859741210938,-100.21360778808594
-102.83970642089844,9.995468139648438,-100.37432861328125
-102.90428161621094,9.998519897460938,-100.33903503417969
-102.74748229980469,9.998641967773438,-100.68511962890625
-102.54710388183594,10.112350463867188,-100.73748779296875
-102.72715759277344,10.104537963867188,-100.82167053222656
-102.59837341308594,10.506195068359375,-100.81597900390625
-102.9071044921875,10.469131469726562,-100.92630004882812
-102.80300903320312,10.917694091796875,-100.99436950683594
-102.88961791992188,11.314956665039062,-101.10516357421875
-103.07138061523438,11.575042724609375,-101.28273010253906
-103.22706604003906,12.061019897460938,-101.72708129882812
-103.53704833984375,12.272232055664062,-101.62603759765625
-103.70060729980469,12.599334716796875,-102.08746337890625
-104.01043701171875,12.787033081054688,-102.00096130371094
-104.37586975097656,13.059234619140625,-102.26348876953125
-104.37973022460938,13.173568725585938,-102.31172180175781
-104.22889709472656,13.262283325195312,-102.4957275390625
-104.040771484375,13.260635375976562,-102.45242309570312
-103.77841186523438,13.181167602539062,-102.269775390625
-103.56874084472656,12.867813110351562,-102.05690002441406
-103.47953796386719,12.758773803710938,-101.82412719726562
-103.49734497070312,12.5557861328125,-101.98524475097656
-103.34671020507812,12.479324340820312,-101.89056396484375
-103.03176879882812,12.204269409179688,-101.87290954589844
-102.92791748046875,12.1224365234375,-101.78001403808594
-103.04620361328125,12.133193969726562,-101.81976318359375
-102.99505615234375,12.0516357421875,-101.60108947753906
-102.96109008789062,11.845855712890625,-101.67698669433594
-102.99818420410156,11.730392456054688,-101.55841064453125
-102.79061889648438,11.782135009765625,-101.5924072265625
-102.6580810546875,11.628524780273438,-101.6793212890625
-102.53707885742188,11.585922241210938,-101.64500427246094
-102.53030395507812,11.859146118164062,-101.76345825195312
-102.82298278808594,11.844635009765625,-101.86576843261719
-102.94451904296875,12.066452026367188,-101.83309936523438
-103.15364074707031,12.146026611328125,-101.78521728515625
-103.35862731933594,12.146377563476562,-101.88993835449219
-103.41079711914062,12.484603881835938,-101.81925964355469
-103.58694458007812,12.484329223632812,-101.7857666015625
-103.65286254882812,12.579315185546875,-102.05250549316406
-104.03509521484375,12.765106201171875,-102.12298583984375
-104.172119140625,12.879974365234375,-102.13682556152344
-104.53945922851562,12.962066650390625,-102.09855651855469
-104.697021484375,13.14862060546875,-101.95773315429688
-104.90403747558594,13.124496459960938,-101.69357299804688
-104.82286071777344,13.263015747070312,-101.72959899902344
-104.88981628417969,13.27154541015625,-101.8232421875
-105.09762573242188,13.237594604492188,-102.00465393066406
-105.19496154785156,13.24957275390625,-102.04197692871094
-105.32969665527344,13.15679931640625,-102.10353088378906
-105.49531555175781,13.332717895507812,-102.19879150390625
-105.53346252441406,13.345245361328125,-102.27958679199219
-105.69474792480469,13.489715576171875,-102.01335144042969
-105.97219848632812,13.435516357421875,-101.84651184082031
-106.09645080566406,13.589431762695312,-101.95480346679688
-106.28306579589844,13.631912231445312,-101.992431640625
-106.45753479003906,13.735855102539062,-101.83369445800781
-106.42301940917969,13.82208251953125,-101.75946044921875
-106.49697875976562,13.778854370117188,-102.04684448242188
-106.53811645507812,13.701004028320312,-101.93667602539062
-106.55400085449219,13.830596923828125,-101.75054931640625
-106.51731872558594,13.897247314453125,-101.84829711914062
-106.49934387207031,13.889938354492188,-101.83265686035156
-106.51731872558594,13.825592041015625,-101.80392456054688
-106.49191284179688,13.877365112304688,-101.989990234375
-106.72023010253906,13.846588134765625,-102.15679931640625
-106.84426879882812,13.940673828125,-102.06472778320312
-107.05413818359375,13.975631713867188,-102.005859375
-107.0570068359375,13.955703735351562,-102.01568603515625
-107.1715087890625,13.996414184570312,-102.15074157714844
-107.19406127929688,13.992218017578125,-101.94113159179688
-107.16680908203125,14.0560302734375,-101.78657531738281
-107.08554077148438,14.0250244140625,-101.81526184082031
-107.05667114257812,14.032119750976562,-101.81004333496094
-106.91384887695312,13.949981689453125,-102.01103210449219
-107.00288391113281,13.82073974609375,-102.17378234863281
-106.83638000488281,13.71600341796875,-102.08424377441406
-107.04515075683594,13.75054931640625,-102.05419921875
-107.04493713378906,13.672866821289062,-102.11763000488281
-107.0145263671875,13.59796142578125,-102.02101135253906
-106.87553405761719,13.678146362304688,-102.04121398925781
-106.63714599609375,13.726776123046875,-101.98255920410156
-106.86842346191406,13.675491333007812,-101.98170471191406
-106.80067443847656,13.7117919921875,-101.80635070800781
-106.8760986328125,13.789794921875,-101.83709716796875
-106.94810485839844,13.816757202148438,-101.89195251464844
-106.82444763183594,13.702423095703125,-102.12718200683594
-106.87565612792969,14.04693603515625,-102.06317138671875
-106.6982421875,13.952377319335938,-102.16374206542969
-106.67649841308594,14.042129516601562,-101.95150756835938
-106.88484191894531,13.9193115234375,-101.94688415527344
-106.79098510742188,13.833114624023438,-102.14967346191406
-106.75578308105469,13.710586547851562,-102.10012817382812
-106.65579223632812,13.752883911132812,-102.029541015625
-106.66557312011719,13.873428344726562,-102.20103454589844
-106.7227783203125,13.814056396484375,-102.12159729003906
-106.63841247558594,13.67376708984375,-101.94514465332031
-106.80360412597656,13.749374389648438,-102.11703491210938
-106.82554626464844,13.75830078125,-102.12440490722656
-106.76750183105469,13.74420166015625,-101.96328735351562
-106.8800048828125,13.780838012695312,-101.92347717285156
-106.672607421875,13.756072998046875,-101.98542785644531
-106.76765441894531,13.6905517578125,-101.97142028808594
-106.85581970214844,13.758880615234375,-101.76582336425781
-106.78007507324219,13.700851440429688,-101.77178955078125
-106.79823303222656,13.792251586914062,-101.97592163085938
-106.86891174316406,13.5831298828125,-101.96037292480469
-106.65084838867188,13.543777465820312,-101.89723205566406
-106.69612121582031,13.628082275390625,-102.13751220703125
-106.83509826660156,13.586517333984375,-102.07835388183594
-106.83059692382812,13.621414184570312,-101.99357604980469
-106.88693237304688,13.466934204101562,-101.76814270019531
-106.61820983886719,13.488937377929688,-102.05099487304688
-106.87101745605469,13.493667602539062,-102.02761840820312
-106.78411865234375,13.355316162109375,-101.951904296875
-106.83384704589844,13.506332397460938,-101.91552734375
-107.0362548828125,13.517013549804688,-101.8743896484375
-107.09986877441406,13.576461791992188,-101.93836975097656
-107.14544677734375,13.57257080078125,-101.81089782714844
-107.11932373046875,13.628936767578125,-101.72064208984375
-106.94808959960938,13.57098388671875,-101.63514709472656
-107.00103759765625,13.818145751953125,-101.76272583007812
-106.93153381347656,13.692306518554688,-101.80366516113281
-106.96609497070312,13.625732421875,-101.83125305175781
-106.91334533691406,13.625564575195312,-101.972412109375
-106.99984741210938,13.6763916015625,-101.95361328125
-106.8004150390625,13.885391235351562,-101.709716796875
-106.92010498046875,13.90655517578125,-101.65110778808594
-106.78598022460938,14.047760009765625,-101.64759826660156
-106.87074279785156,13.945526123046875,-101.97358703613281
-106.75825500488281,13.799346923828125,-102.11245727539062
-106.76849365234375,13.738876342773438,-101.91529846191406
-106.87669372558594,13.92242431640625,-101.84765625
-107.05216979980469,13.916702270507812,-101.74609375
-107.11376953125,13.845230102539062,-101.77407836914062
-107.22427368164062,13.713134765625,-101.80372619628906
-107.05972290039062,13.756195068359375,-101.75364685058594
-107.0771484375,13.68524169921875,-101.76730346679688
-107.11308288574219,13.783950805664062,-101.7481689453125
-107.15765380859375,13.672027587890625,-101.83131408691406
-106.91876220703125,13.729095458984375,-101.81983947753906
-106.96743774414062,13.765029907226562,-101.90444946289062
-106.99197387695312,13.7232666015625,-102.09376525878906
-106.91435241699219,13.882522583007812,-102.13540649414062
-107.15275573730469,13.929031372070312,-101.82258605957031
-107.05389404296875,13.774627685546875,-101.90084838867188
-106.91989135742188,13.769943237304688,-101.98457336425781
-107.11947631835938,13.673599243164062,-101.74626159667969
-107.23890686035156,13.796432495117188,-101.689208984375
-107.122802734375,13.799346923828125,-101.84036254882812
-107.28741455078125,13.699661254882812,-101.71810913085938
-107.14759826660156,13.7799072265625,-101.81703186035156
-107.1591796875,13.6768798828125,-101.73027038574219
-107.1859130859375,13.808837890625,-101.78648376464844
-106.98359680175781,13.820907592773438,-101.73590087890625
-107.0528564453125,13.752761840820312,-101.87237548828125
-106.91133117675781,13.789779663085938,-101.96238708496094
-107.01499938964844,13.7015380859375,-101.89741516113281
-106.90815734863281,13.780105590820312,-101.98289489746094
-107.18612670898438,13.907974243164062,-102.00656127929688
-107.1544189453125,13.87188720703125,-101.98812866210938
-106.99040222167969,13.86492919921875,-102.17402648925781
-106.93150329589844,13.695220947265625,-101.96795654296875
-107.04983520507812,13.780670166015625,-101.92510986328125
-106.89706420898438,13.80072021484375,-101.75767517089844
-107.16778564453125,13.810150146484375,-101.69471740722656
-107.19447326660156,13.985015869140625,-101.6630859375
-107.08706665039062,13.858734130859375,-101.56277465820312
-106.927734375,13.891448974609375,-101.67132568359375
-107.01094055175781,13.677200317382812,-101.64616394042969
-106.960205078125,13.704605102539062,-101.70542907714844
-107.06019592285156,13.573638916015625,-101.78999328613281
-106.77388000488281,13.918121337890625,-101.79393005371094
-106.79974365234375,14.022201538085938,-101.98529052734375
-106.88008117675781,14.076080322265625,-101.80232238769531
-106.80058288574219,14.082550048828125,-101.7344970703125
-107.04547119140625,13.971908569335938,-101.84341430664062
-107.13832092285156,14.057479858398438,-101.72727966308594
-107.03559875488281,13.936904907226562,-101.69267272949219
-106.92642211914062,13.831741333007812,-101.74604797363281
-106.95738220214844,13.858612060546875,-101.92465209960938
-107.04371643066406,13.94085693359375,-101.90631103515625
-106.85142517089844,13.921981811523438,-101.81047058105469
-106.82176208496094,13.934188842773438,-101.64372253417969
-107.06378173828125,13.688720703125,-101.65545654296875
-106.93673706054688,13.784774780273438,-101.84393310546875
-107.01443481445312,13.949447631835938,-101.68783569335938
-107.12789916992188,14.077545166015625,-101.60041809082031
-107.06729125976562,13.97418212890625,-101.65031433105469
-106.91792297363281,13.91522216796875,-101.73500061035156
-106.95596313476562,13.926834106445312,-101.55757141113281
-107.02159118652344,13.9014892578125,-101.67092895507812
-106.93437194824219,13.702835083007812,-101.85482788085938
-106.86775207519531,13.719619750976562,-101.75321960449219
-106.92002868652344,13.784194946289062,-102.006103515625
-106.76948547363281,13.863174438476562,-101.89750671386719
-106.80787658691406,13.93560791015625,-101.77131652832031
-106.83668518066406,13.93377685546875,-101.76443481445312
-106.77125549316406,13.815811157226562,-101.90628051757812
-106.89286804199219,13.710586547851562,-101.98153686523438
-106.87370300292969,13.6724853515625,-101.71466064453125
-106.77127075195312,13.544143676757812,-101.7342529296875
-106.80955505371094,13.581253051757812,-101.74632263183594
-107.02317810058594,13.747055053710938,-101.85154724121094
-106.95597839355469,13.716293334960938,-101.81362915039062
-106.938232421875,13.695159912109375,-101.80831909179688
-106.82650756835938,13.543594360351562,-101.87557983398438
-106.84434509277344,13.673324584960938,-101.9249267578125
-106.91014099121094,13.71917724609375,-101.7099609375
-106.76878356933594,13.886917114257812,-101.79466247558594
-106.90924072265625,13.805831909179688,-101.91255187988281
-106.83161926269531,13.74945068359375,-101.89869689941406
-106.62129211425781,13.785934448242188,-101.94181823730469
-106.81657409667969,13.726150512695312,-101.89727783203125
-106.77290344238281,13.811080932617188,-101.94480895996094
-106.83354187011719,13.584945678710938,-102.00581359863281
-106.883544921875,13.670196533203125,-101.96940612792969
-106.87542724609375,13.618820190429688,-102.10179138183594
-107.05088806152344,13.6715087890625,-101.91738891601562
-106.82685852050781,13.7325439453125,-101.91114807128906
-106.88894653320312,13.710433959960938,-101.83522033691406
-106.77864074707031,13.9141845703125,-101.744384765625
-106.99028015136719,13.934249877929688,-101.88337707519531
-106.93022155761719,13.884185791015625,-101.75112915039062
-106.8865966796875,13.683380126953125,-101.80058288574219
-106.87399291992188,13.594223022460938,-101.92410278320312
-106.90509033203125,13.737289428710938,-101.8680419921875
-106.80235290527344,13.821426391601562,-101.92178344726562
-106.87542724609375,13.715560913085938,-101.89825439453125
-106.650390625,13.72869873046875,-101.94786071777344
-106.624267578125,13.815460205078125,-101.93228149414062
-106.78892517089844,13.742919921875,-102.01138305664062
-106.85530090332031,13.84869384765625,-101.913818359375
-107.0570068359375,13.690811157226562,-101.72879028320312
-107.02653503417969,13.829727172851562,-101.75418090820312
-106.91697692871094,13.7757568359375,-101.73173522949219
-107.02735900878906,13.76348876953125,-101.89089965820312
-106.82102966308594,13.806991577148438,-102.136962890625
-106.77897644042969,13.934463500976562,-102.15583801269531
-106.78729248046875,13.911163330078125,-101.88128662109375
-106.87712097167969,13.967849731445312,-101.90913391113281
-106.90126037597656,14.022140502929688,-101.74618530273438
-106.60653686523438,14.004226684570312,-101.72618103027344
-106.77188110351562,14.02130126953125,-101.69012451171875
-106.48199462890625,14.007797241210938,-101.78370666503906
-106.57139587402344,13.99029541015625,-101.80378723144531
-106.67317199707031,13.829437255859375,-101.82876586914062
-106.76548767089844,13.892974853515625,-101.78349304199219
-106.61863708496094,13.83013916015625,-101.84518432617188
-106.73593139648438,13.695480346679688,-101.8291015625
-106.64527893066406,13.698318481445312,-101.78422546386719
-106.53695678710938,13.866165161132812,-101.61653137207031
-106.48789978027344,13.965499877929688,-101.62550354003906
-106.49446105957031,13.989578247070312,-101.80873107910156
-106.697998046875,14.076385498046875,-101.6409912109375
-106.63497924804688,13.96923828125,-101.5989990234375
-106.63400268554688,13.945602416992188,-101.65617370605469
-106.71096801757812,14.192947387695312,-101.62223815917969
-106.73139953613281,14.170181274414062,-101.81134033203125
-106.72291564941406,14.209976196289062,-101.88282775878906
-106.8743896484375,14.020736694335938,-102.10635375976562
-106.90293884277344,13.819183349609375,-102.16255187988281
-106.79147338867188,13.8226318359375,-101.78073120117188
-106.84944152832031,13.885650634765625,-101.81010437011719
-106.71748352050781,13.820388793945312,-101.70913696289062
-106.65669250488281,13.609573364257812,-101.79188537597656
-106.63771057128906,13.58587646484375,-101.58155822753906
-106.72795104980469,13.692718505859375,-101.635009765625
-106.52125549316406,13.71826171875,-101.55928039550781
-106.55619812011719,13.630416870117188,-101.64913940429688
-106.53355407714844,13.5703125,-101.56918334960938
-106.56719970703125,13.567153930664062,-101.66680908203125
-106.51994323730469,13.466445922851562,-101.80923461914062
-106.51034545898438,13.638442993164062,-101.83755493164062
-106.54685974121094,13.588027954101562,-101.80165100097656
-106.51730346679688,13.633377075195312,-101.81298828125
-106.46746826171875,13.620834350585938,-101.89804077148438
-106.48051452636719,13.675491333007812,-101.73446655273438
-106.48887634277344,13.680572509765625,-101.84703063964844
-106.59553527832031,13.665481567382812,-101.77790832519531
-106.51116943359375,13.637710571289062,-101.60552978515625
-106.55268859863281,13.635589599609375,-101.71757507324219
-106.56927490234375,13.7779541015625,-101.76748657226562
-106.66546630859375,13.674545288085938,-101.71482849121094
-106.49484252929688,13.823699951171875,-101.81301879882812
-106.68621826171875,13.808319091796875,-101.7635498046875
-106.66000366210938,13.736892700195312,-101.57373046875
-106.767578125,13.82122802734375,-101.79946899414062
-106.54110717773438,13.741836547851562,-101.94757080078125
-106.49575805664062,13.805267333984375,-101.81869506835938
-106.56492614746094,13.686080932617188,-101.78347778320312
-106.52935791015625,13.646347045898438,-101.92845153808594
-106.64059448242188,13.615692138671875,-101.83145141601562
-106.60882568359375,13.643630981445312,-101.72943115234375
-106.61814880371094,13.543258666992188,-101.84539794921875
-106.87287902832031,13.77001953125,-101.73080444335938
-106.86288452148438,13.673294067382812,-101.8250732421875
-106.73500061035156,13.787399291992188,-101.8255615234375
-106.66511535644531,13.728179931640625,-101.70431518554688
-106.58247375488281,13.838104248046875,-101.56147766113281
-106.5443115234375,13.706024169921875,-101.64289855957031
-106.6573486328125,13.652908325195312,-101.67262268066406
-106.528076171875,13.55804443359375,-101.59468078613281
-106.5491943359375,13.689804077148438,-101.53219604492188
-106.5718994140625,13.750045776367188,-101.50004577636719
-106.57940673828125,13.804901123046875,-101.39312744140625
-106.60174560546875,13.922393798828125,-101.685546875
-106.7615966796875,13.936111450195312,-101.61422729492188
-106.72335815429688,13.67340087890625,-101.57070922851562
-106.76393127441406,13.7974853515625,-101.599609375
-106.4912109375,13.680816650390625,-101.4012451171875
-106.71734619140625,13.653106689453125,-101.4571533203125
-106.654052734375,13.620223999023438,-101.57646179199219
-106.66787719726562,13.574981689453125,-101.45259094238281
-106.7552490234375,13.6142578125,-101.49104309082031
-106.5196533203125,13.734939575195312,-101.60948181152344
-106.58087158203125,13.599639892578125,-101.40435791015625
-106.6175537109375,13.696243286132812,-101.441162109375
-106.77735900878906,13.80120849609375,-101.32940673828125
-106.59906005859375,13.683685302734375,-101.26510620117188
-106.78627014160156,13.675552368164062,-101.08377075195312
-106.57325744628906,13.61920166015625,-101.24969482421875
-106.5765380859375,13.609268188476562,-101.35556030273438
-106.51200866699219,13.73199462890625,-101.29046630859375
-106.594482421875,13.785903930664062,-101.54681396484375
-106.39703369140625,13.797454833984375,-101.65415954589844
-106.45991516113281,13.727783203125,-101.64712524414062
-106.55018615722656,13.72882080078125,-101.478759765625
-106.36953735351562,13.810836791992188,-101.47862243652344
-106.385009765625,13.734054565429688,-101.41030883789062
-106.6033935546875,13.611984252929688,-101.43072509765625
-106.52546691894531,13.8040771484375,-101.60745239257812
-106.69308471679688,13.746475219726562,-101.50634765625
-106.60850524902344,13.785736083984375,-101.50634765625
-106.51661682128906,13.78692626953125,-101.49134826660156
-106.56797790527344,13.767684936523438,-101.56710815429688
-106.868896484375,13.672622680664062,-101.66107177734375
-106.84991455078125,13.684921264648438,-101.654052734375
-106.78669738769531,13.580108642578125,-101.622802734375
-106.87820434570312,13.590225219726562,-101.44807434082031
-106.8133544921875,13.652114868164062,-101.46017456054688
-106.84129333496094,13.6798095703125,-101.35411071777344
-106.80162048339844,13.539108276367188,-101.32958984375
-106.62278747558594,13.595321655273438,-101.23884582519531
-106.49348449707031,13.637298583984375,-101.5260009765625
-106.72714233398438,13.42938232421875,-101.516357421875
-106.73654174804688,13.578765869140625,-101.63919067382812
-106.75755310058594,13.815261840820312,-101.58644104003906
-106.71417236328125,13.548980712890625,-101.59814453125
-106.68780517578125,13.752120971679688,-101.60183715820312
-106.72041320800781,13.736602783203125,-101.54867553710938
-106.70663452148438,13.8026123046875,-101.67091369628906
-106.92036437988281,13.678009033203125,-101.68130493164062
-106.73527526855469,13.802413940429688,-101.65567016601562
-106.741455078125,13.677947998046875,-101.58120727539062
-106.83674621582031,13.734512329101562,-101.66009521484375
-106.64108276367188,13.717071533203125,-101.80952453613281
-106.70738220214844,13.603439331054688,-101.76374816894531
-106.54515075683594,13.539749145507812,-101.65055847167969
-106.56410217285156,13.663742065429688,-101.57290649414062
-106.586181640625,13.678665161132812,-101.67637634277344
-106.38882446289062,13.710769653320312,-101.28056335449219
-106.41618347167969,13.761566162109375,-101.34059143066406
-106.63990783691406,13.775970458984375,-101.09638977050781
-106.62828063964844,13.557235717773438,-101.22271728515625
-106.44192504882812,13.811721801757812,-101.33331298828125
-106.47581481933594,13.673446655273438,-101.35353088378906
-106.34634399414062,13.735687255859375,-101.24595642089844
-106.3109130859375,13.784683227539062,-101.29351806640625
-106.51724243164062,13.815338134765625,-101.43342590332031
-106.60211181640625,13.809646606445312,-101.43888854980469
-106.55491638183594,13.817459106445312,-101.39265441894531
-106.65869140625,13.6728515625,-101.33615112304688
-106.59352111816406,13.612350463867188,-101.34408569335938
-106.61277770996094,13.81292724609375,-101.47377014160156
-106.5633544921875,13.561553955078125,-101.45286560058594
-106.45362854003906,13.668136596679688,-101.23248291015625
-106.49508666992188,13.4283447265625,-101.08015441894531
-106.48439025878906,13.535934448242188,-101.18632507324219
-106.47532653808594,13.686294555664062,-101.41822814941406
-106.56454467773438,13.5535888671875,-101.22846984863281
-106.51957702636719,13.582489013671875,-101.19308471679688
-106.55488586425781,13.538833618164062,-101.15046691894531
-106.45710754394531,13.59014892578125,-101.2574462890625
-106.69117736816406,13.650192260742188,-101.29808044433594
-106.70779418945312,13.64849853515625,-101.32806396484375
-106.60234069824219,13.734527587890625,-101.51214599609375
-106.60336303710938,13.717514038085938,-101.39363098144531
-106.60169982910156,13.793350219726562,-101.1455078125
-106.4000244140625,13.7501220703125,-100.90960693359375
-106.544921875,13.666946411132812,-100.97145080566406
-106.36856079101562,13.68072509765625,-101.137451171875
-106.60092163085938,13.50567626953125,-101.351806640625
-106.34153747558594,13.564453125,-101.29507446289062
-106.40420532226562,13.6629638671875,-101.35816955566406
-106.50778198242188,13.682083129882812,-101.31660461425781
-106.40153503417969,13.70751953125,-101.31500244140625
-106.43086242675781,13.789215087890625,-101.31039428710938
-106.37486267089844,13.721893310546875,-101.37193298339844
-106.47956848144531,13.744216918945312,-101.23324584960938
-106.59373474121094,13.58270263671875,-101.24234008789062
-106.5745849609375,13.7042236328125,-101.40170288085938
-106.82389831542969,13.767501831054688,-101.69448852539062
-106.80082702636719,13.688278198242188,-101.60443115234375
-106.50582885742188,13.745391845703125,-101.4915771484375
-106.48115539550781,13.631881713867188,-101.66946411132812
-106.55683898925781,13.713653564453125,-101.55941772460938
-106.63119506835938,13.694732666015625,-101.51824951171875
-106.65135192871094,13.749130249023438,-101.51869201660156
-106.65048217773438,13.759780883789062,-101.40969848632812
-106.81367492675781,13.680084228515625,-101.63520812988281
-106.79927062988281,13.816864013671875,-101.41166687011719
-106.915771484375,13.770401000976562,-101.43305969238281
-106.73825073242188,13.789352416992188,-101.61692810058594
-106.63304138183594,13.72320556640625,-101.55404663085938
-106.52549743652344,13.71319580078125,-101.54408264160156
-106.37863159179688,13.654327392578125,-101.55976867675781
-106.45761108398438,13.574142456054688,-101.61198425292969
-106.39920043945312,13.629150390625,-101.56861877441406
-106.63204956054688,13.813751220703125,-101.523193359375
-106.67568969726562,13.755538940429688,-101.290771484375
-106.7647705078125,13.5791015625,-101.35977172851562
-106.69163513183594,13.463485717773438,-101.42254638671875
-106.63880920410156,13.62579345703125,-101.67544555664062
-106.62675476074219,13.783462524414062,-101.67002868652344
-106.57270812988281,13.675384521484375,-101.59835815429688
-106.57524108886719,13.7462158203125,-101.80665588378906
-106.70013427734375,13.706893920898438,-101.71044921875
-106.60765075683594,13.575347900390625,-101.94509887695312
-106.64299011230469,13.592987060546875,-101.89404296875
-106.52589416503906,13.614120483398438,-101.7694091796875
-106.60084533691406,13.672744750976562,-101.58631896972656
-106.503662109375,13.68609619140625,-101.74154663085938
-106.48829650878906,13.554855346679688,-101.89582824707031
-106.58476257324219,13.615631103515625,-101.98361206054688
-106.50807189941406,13.651397705078125,-101.9591064453125
-106.49642944335938,13.725814819335938,-101.76712036132812
-106.35836791992188,13.629730224609375,-101.80119323730469
-106.27279663085938,13.582656860351562,-101.78620910644531
-106.31132507324219,13.552352905273438,-101.95358276367188
-106.35174560546875,13.750686645507812,-101.94648742675781
-106.35685729980469,13.5736083984375,-101.94834899902344
-106.54835510253906,13.564498901367188,-101.92242431640625
-106.49229431152344,13.563400268554688,-101.81240844726562
-106.36808776855469,13.59295654296875,-101.62033081054688
-106.49711608886719,13.666229248046875,-101.83596801757812
-106.49819946289062,13.612503051757812,-101.971435546875
-106.47380065917969,13.534164428710938,-101.98640441894531
-106.36665344238281,13.60968017578125,-101.78849792480469
-106.44500732421875,13.686325073242188,-101.82896423339844
-106.32911682128906,13.741012573242188,-101.89518737792969
-106.46885681152344,13.80877685546875,-101.75473022460938
-106.6202392578125,13.628494262695312,-101.53776550292969
-106.61564636230469,13.642730712890625,-101.5576171875
-106.47734069824219,13.644607543945312,-101.64875793457031
-106.66632080078125,13.614974975585938,-101.48985290527344
-106.61264038085938,13.597549438476562,-101.59590148925781
-106.61512756347656,13.609817504882812,-101.83682250976562
-106.36990356445312,13.525482177734375,-101.86419677734375
-106.54360961914062,13.304275512695312,-101.90525817871094
-106.54237365722656,13.305679321289062,-101.88941955566406
-106.56196594238281,13.408309936523438,-101.73785400390625
-106.56877136230469,13.488525390625,-101.55136108398438
-106.60505676269531,13.670608520507812,-101.45268249511719
-106.572998046875,13.7220458984375,-101.55300903320312
-106.59638977050781,13.693466186523438,-101.78584289550781
-106.70809936523438,13.766281127929688,-101.68214416503906
-106.90211486816406,13.738998413085938,-101.67494201660156
-106.95036315917969,13.640426635742188,-101.58004760742188
-106.90415954589844,13.638458251953125,-101.82244873046875
-106.71885681152344,13.5506591796875,-101.82852172851562
-106.70510864257812,13.413543701171875,-101.646484375
-106.49342346191406,13.591400146484375,-101.75895690917969
-106.53121948242188,13.62359619140625,-101.82217407226562
-106.69706726074219,13.650436401367188,-101.63449096679688
-106.55149841308594,13.573165893554688,-101.65213012695312
-106.70584106445312,13.485748291015625,-101.49465942382812
-106.49041748046875,13.466049194335938,-101.41044616699219
-106.55377197265625,13.591552734375,-101.40347290039062
-106.55679321289062,13.747726440429688,-101.43533325195312
-106.50032043457031,13.619598388671875,-101.27313232421875
-106.45474243164062,13.744842529296875,-101.39811706542969
-106.38475036621094,13.939193725585938,-101.58682250976562
-106.61962890625,13.769210815429688,-101.59178161621094
-106.6070556640625,13.758270263671875,-101.48265075683594
-106.65785217285156,13.676193237304688,-101.28135681152344
-106.82090759277344,13.550506591796875,-101.35566711425781
-106.90492248535156,13.565887451171875,-101.1007080078125
-106.55166625976562,13.558639526367188,-101.27339172363281
-106.53733825683594,13.45196533203125,-101.57107543945312
-106.42979431152344,13.4212646484375,-101.61346435546875
-106.4466552734375,13.649322509765625,-101.52107238769531
-106.38465881347656,13.627792358398438,-101.51295471191406
-106.60643005371094,13.632644653320312,-101.27888488769531
-106.59112548828125,13.588348388671875,-101.20268249511719
-106.54171752929688,13.607147216796875,-101.05386352539062
-106.66146850585938,13.815597534179688,-101.25099182128906
-106.67732238769531,13.782943725585938,-101.52421569824219
-106.63876342773438,13.745285034179688,-101.46913146972656
-106.76370239257812,13.67462158203125,-101.5606689453125
-106.87074279785156,13.58514404296875,-101.22538757324219
-106.592529296875,13.648574829101562,-101.26568603515625
-106.61317443847656,13.697586059570312,-101.26821899414062
-106.56584167480469,13.702987670898438,-101.36907958984375
-106.62574768066406,13.766006469726562,-101.25787353515625
-106.59536743164062,13.699966430664062,-101.48199462890625
-106.51388549804688,13.748580932617188,-101.39787292480469
-106.60578918457031,13.788543701171875,-101.482177734375
-106.51559448242188,13.796676635742188,-101.35006713867188
-106.6220703125,13.741928100585938,-101.27920532226562
-106.59638977050781,13.7626953125,-101.31390380859375
-106.61430358886719,13.694198608398438,-101.13581848144531
-106.61154174804688,13.725662231445312,-101.10441589355469
-106.62797546386719,13.540130615234375,-101.18754577636719
-106.66783142089844,13.627334594726562,-101.13453674316406
-106.60887145996094,13.7979736328125,-101.20072937011719
-106.63023376464844,13.680679321289062,-101.13368225097656
-106.55760192871094,13.8197021484375,-101.18804931640625
-106.53889465332031,13.736175537109375,-101.03285217285156
-106.38111877441406,13.710647583007812,-100.92684936523438
-106.62083435058594,13.536468505859375,-101.13383483886719
-106.73912048339844,13.806838989257812,-101.16876220703125
-106.74806213378906,13.793411254882812,-101.09786987304688
-106.64541625976562,13.729583740234375,-101.08909606933594
-106.72541809082031,13.701751708984375,-101.30705261230469
-106.68038940429688,13.897506713867188,-101.48800659179688
-106.90426635742188,13.732345581054688,-101.68644714355469
-106.72483825683594,13.705581665039062,-101.61915588378906
-106.64898681640625,13.673751831054688,-101.68849182128906
-106.58230590820312,13.811904907226562,-101.8392333984375
-106.56455993652344,13.753250122070312,-101.57144165039062
-106.70712280273438,13.758804321289062,-101.2530517578125
-106.78907775878906,13.730789184570312,-101.27024841308594
-106.96958923339844,13.652450561523438,-101.236083984375
-106.81877136230469,13.613113403320312,-101.40965270996094
-106.8155517578125,13.659942626953125,-101.39907836914062
-106.67893981933594,13.680938720703125,-101.28445434570312
-106.68449401855469,13.670196533203125,-101.25843811035156
-106.6702880859375,13.704254150390625,-101.29997253417969
-106.75895690917969,13.736602783203125,-101.25843811035156
-106.70005798339844,13.750747680664062,-101.47720336914062
-106.644287109375,13.711807250976562,-101.50761413574219
-106.72793579101562,13.60528564453125,-101.39506530761719
-106.74613952636719,13.633377075195312,-101.68698120117188
-106.64921569824219,13.6253662109375,-101.54393005371094
-106.78742980957031,13.540298461914062,-101.68521118164062
-106.84915161132812,13.54547119140625,-101.60661315917969
-106.82246398925781,13.589630126953125,-101.7156982421875
-106.62399291992188,13.6719970703125,-101.77052307128906
-106.6807861328125,13.65875244140625,-101.8023681640625
-106.69723510742188,13.66778564453125,-101.73300170898438
-106.6214599609375,13.59912109375,-102.00180053710938
-106.83073425292969,13.688140869140625,-101.9609375
-106.71356201171875,13.540863037109375,-101.92643737792969
-106.65476989746094,13.473953247070312,-101.78514099121094
-106.76576232910156,13.483291625976562,-101.62739562988281
-106.886474609375,13.671630859375,-101.66593933105469
-106.67669677734375,13.694305419921875,-101.65374755859375
-106.7091064453125,13.565383911132812,-101.56463623046875
-106.65629577636719,13.635528564453125,-101.30500793457031
-106.54829406738281,13.77520751953125,-101.3076171875
-106.50503540039062,13.79034423828125,-101.25823974609375
-106.58816528320312,13.626052856445312,-101.34951782226562
-106.56741333007812,13.609405517578125,-101.25296020507812
-106.64701843261719,13.560821533203125,-101.34921264648438
-106.7728271484375,13.8045654296875,-101.07951354980469
-106.63076782226562,13.692291259765625,-101.19044494628906
-106.73992919921875,13.653411865234375,-101.36448669433594
-106.50166320800781,13.7440185546875,-101.68821716308594
-106.75030517578125,13.6295166015625,-101.78317260742188
-106.55874633789062,13.63372802734375,-101.72102355957031
-106.52862548828125,13.6904296875,-101.82530212402344
-106.71893310546875,13.647674560546875,-101.64686584472656
-106.78126525878906,13.681594848632812,-101.49168395996094
-106.67961120605469,13.668869018554688,-101.4586181640625
-106.86044311523438,13.53955078125,-101.3673095703125
-106.62237548828125,13.7384033203125,-101.39225769042969
-106.50054931640625,13.670394897460938,-101.68650817871094
-106.55149841308594,13.430084228515625,-101.32687377929688
-106.37261962890625,13.504592895507812,-101.52206420898438
-106.29939270019531,13.420745849609375,-101.63887023925781
-106.41908264160156,13.5443115234375,-101.67170715332031
-106.53358459472656,13.370025634765625,-101.66302490234375
-106.36395263671875,13.378463745117188,-101.44947814941406
-106.20417785644531,13.510299682617188,-101.57693481445312
-106.20378112792969,13.505050659179688,-101.73077392578125
-106.13568115234375,13.529159545898438,-101.74726867675781
-106.10514831542969,13.391632080078125,-101.68197631835938
-105.74002075195312,13.375732421875,-101.82073974609375
-105.67071533203125,13.3656005859375,-101.78628540039062
-105.45124816894531,13.228591918945312,-101.70620727539062
-105.3780517578125,13.228591918945312,-101.75234985351562
-105.37606811523438,13.047683715820312,-101.80364990234375
-105.19610595703125,12.900238037109375,-101.8946533203125
-105.08476257324219,12.801834106445312,-101.82965087890625
-104.80885314941406,12.754348754882812,-101.81584167480469
-104.28323364257812,12.508468627929688,-101.72319030761719
-104.03030395507812,12.484832763671875,-101.72677612304688
-103.57785034179688,12.385345458984375,-101.74079895019531
-103.35438537597656,12.426544189453125,-101.69332885742188
-103.30885314941406,12.406051635742188,-101.55366516113281
-103.20835876464844,12.326675415039062,-101.59713745117188
-102.80421447753906,11.995101928710938,-101.4766845703125
-102.74716186523438,11.743850708007812,-101.53317260742188
-102.36447143554688,11.848281860351562,-101.71781921386719
-102.27664184570312,11.701156616210938,-101.79216003417969
-102.17399597167969,11.371994018554688,-101.85438537597656
-102.25599670410156,11.275390625,-101.66639709472656
-101.931396484375,11.2034912109375,-101.82476806640625
-101.97590637207031,11.208175659179688,-101.8343505859375
-101.75387573242188,11.397079467773438,-101.67576599121094
-101.87216186523438,11.321701049804688,-101.646728515625
-101.51583862304688,11.668991088867188,-101.68144226074219
-101.46626281738281,11.818939208984375,-101.63839721679688
-101.53662109375,11.960800170898438,-101.67106628417969
-101.60014343261719,12.071136474609375,-101.61166381835938
-101.78070068359375,11.817779541015625,-101.50556945800781
-101.85746765136719,11.6846923828125,-101.62411499023438
-101.90129089355469,11.498382568359375,-101.63316345214844
-101.89161682128906,11.429855346679688,-101.529052734375
-102.16107177734375,11.190765380859375,-101.37107849121094
-102.10565185546875,11.250762939453125,-101.19766235351562
-102.15895080566406,11.09521484375,-101.22677612304688
-102.07278442382812,11.024978637695312,-100.79025268554688
-101.95596313476562,11.095062255859375,-100.76951599121094
-102.17845153808594,11.18853759765625,-101.01634216308594
-102.32339477539062,11.591690063476562,-101.5313720703125
-102.46430969238281,11.991775512695312,-101.82305908203125
-102.34150695800781,12.41796875,-101.9920654296875
-102.44694519042969,12.602447509765625,-102.19100952148438
-102.33113098144531,12.825592041015625,-102.3175048828125
-102.23542785644531,13.065338134765625,-102.53167724609375
-101.93630981445312,13.147079467773438,-102.81112670898438
-101.72366333007812,13.239334106445312,-103.15333557128906
-101.5758056640625,13.134674072265625,-103.11532592773438
-101.15983581542969,12.94854736328125,-103.33741760253906
-100.92802429199219,12.851165771484375,-103.47184753417969
-100.53184509277344,12.6744384765625,-103.44908142089844
-100.38760375976562,12.30230712890625,-103.56814575195312
-100.2091064453125,11.94305419921875,-103.40974426269531
-99.76568603515625,11.478347778320312,-103.37855529785156
-99.54476928710938,10.95587158203125,-103.01197814941406
-99.26701354980469,10.509918212890625,-102.61514282226562
-98.97236633300781,9.94830322265625,-102.30995178222656
-98.56260681152344,9.169189453125,-102.17654418945312
-98.14215087890625,8.527801513671875,-101.91268920898438
-97.93783569335938,7.9950714111328125,-101.41488647460938
-97.71913146972656,7.302734375,-100.77720642089844
-97.63302612304688,6.5180206298828125,-100.64875793457031
-97.32424926757812,5.69305419921875,-100.24183654785156
-97.29304504394531,5.0587921142578125,-99.7005615234375
-97.1201171875,4.4123687744140625,-99.63359069824219
-96.84315490722656,3.7224273681640625,-99.57768249511719
-96.90809631347656,2.9435882568359375,-99.34371948242188
-96.64723205566406,2.2544403076171875,-99.23381042480469
-96.69480895996094,1.5890655517578125,-98.88851928710938
-96.57000732421875,0.8094482421875,-98.72531127929688
-96.69609069824219,0.0489654541015625,-98.32264709472656
-96.63591003417969,-0.569091796875,-98.13418579101562
-96.70220947265625,-1.108154296875,-97.62887573242188
-96.61701965332031,-1.7571258544921875,-97.42085266113281
-96.44210815429688,-2.293914794921875,-97.31407165527344
-96.53030395507812,-2.9411773681640625,-97.043212890625
-96.63995361328125,-3.3358612060546875,-96.71769714355469
-96.7994384765625,-3.79669189453125,-96.76171875
-96.93815612792969,-4.2091217041015625,-96.60667419433594
-96.96662902832031,-4.7442169189453125,-96.2188720703125
-97.29890441894531,-5.107025146484375,-96.04829406738281
-97.42636108398438,-5.488494873046875,-96.02328491210938
-97.54913330078125,-5.5714263916015625,-95.92190551757812
-97.737548828125,-5.730224609375,-95.687255859375
-98.00363159179688,-5.8328399658203125,-95.53614807128906
-98.32489013671875,-5.7126922607421875,-95.35707092285156
-98.50460815429688,-5.8790283203125,-95.04594421386719
-98.72128295898438,-5.8990631103515625,-94.95101928710938
-98.80746459960938,-6.0166473388671875,-94.73088073730469
-99.13963317871094,-6.2534942626953125,-94.57652282714844
-99.18977355957031,-6.37890625,-94.6790771484375
-99.19967651367188,-6.8482208251953125,-94.65179443359375
-99.30416870117188,-6.9044342041015625,-94.66229248046875
-99.25193786621094,-7.11553955078125,-94.43165588378906
-99.30728149414062,-7.1362152099609375,-94.408203125
-99.46444702148438,-7.358062744140625,-94.49403381347656
-99.2696533203125,-7.5266876220703125,-94.43621826171875
-99.36489868164062,-7.60650634765625,-94.45376586914062
-99.21766662597656,-7.5136871337890625,-94.52397155761719
-99.24383544921875,-7.776214599609375,-94.5950927734375
-99.42770385742188,-7.8774261474609375,-94.68803405761719
-99.34854125976562,-7.953704833984375,-94.66221618652344
-99.46217346191406,-8.146255493164062,-94.76612854003906
-99.48089599609375,-8.24627685546875,-94.60539245605469
-99.37446594238281,-8.2611083984375,-94.48562622070312
-99.22386169433594,-8.4732666015625,-94.55447387695312
-99.12973022460938,-8.456771850585938,-94.666748046875
-99.17428588867188,-8.626724243164062,-94.51454162597656
-98.90640258789062,-8.755081176757812,-94.68043518066406
-99.00691223144531,-8.760574340820312,-94.75726318359375
-99.10548400878906,-8.837905883789062,-94.68997192382812
-98.98683166503906,-8.843887329101562,-94.68659973144531
-98.78591918945312,-8.7568359375,-94.83641052246094
-98.78993225097656,-8.9765625,-94.83732604980469
-98.62312316894531,-8.714981079101562,-94.85511779785156
-98.71659851074219,-8.784469604492188,-94.79609680175781
-98.59295654296875,-8.757781982421875,-94.82546997070312
-98.59188842773438,-8.988418579101562,-94.82415771484375
-98.49070739746094,-8.991226196289062,-94.97352600097656
-98.33497619628906,-9.009017944335938,-94.994384765625
-98.33999633789062,-9.155487060546875,-95.17384338378906
-98.31950378417969,-9.294342041015625,-95.13359069824219
-98.20982360839844,-9.414718627929688,-94.90130615234375
-98.00845336914062,-9.396926879882812,-95.0670166015625
-97.95646667480469,-9.587539672851562,-95.33834838867188
-97.89450073242188,-9.531234741210938,-95.50218200683594
-97.77340698242188,-9.499465942382812,-95.44088745117188
-97.81320190429688,-9.534866333007812,-95.43058776855469
-97.77633666992188,-9.769989013671875,-95.27096557617188
-97.70753479003906,-9.84771728515625,-95.32919311523438
-97.58946228027344,-9.85009765625,-95.466064453125
-97.65631103515625,-9.83544921875,-95.36875915527344
-97.64215087890625,-9.751434326171875,-95.52357482910156
-97.74925231933594,-9.555862426757812,-95.54672241210938
-97.60861206054688,-9.510711669921875,-95.58895874023438
-97.45794677734375,-9.500595092773438,-95.57998657226562
-97.31094360351562,-9.628585815429688,-95.62046813964844
-97.28121948242188,-9.608795166015625,-95.69493103027344
-97.152587890625,-9.507034301757812,-95.67543029785156
-97.09249877929688,-9.582733154296875,-95.90521240234375
-97.15483093261719,-9.613174438476562,-95.91725158691406
-96.95115661621094,-9.575790405273438,-95.91119384765625
-96.78640747070312,-9.48443603515625,-95.94816589355469
-96.92088317871094,-9.606109619140625,-95.91685485839844
-96.866455078125,-9.434829711914062,-96.11004638671875
-96.85749816894531,-9.236557006835938,-96.0892333984375
-96.87290954589844,-9.207107543945312,-96.21839904785156
-96.76887512207031,-9.093643188476562,-96.33686828613281
-96.86128234863281,-9.116455078125,-96.32911682128906
-96.88424682617188,-9.150360107421875,-96.58563232421875
-96.86502075195312,-8.970947265625,-96.48829650878906
-96.64105224609375,-8.94671630859375,-96.43624877929688
-96.65913391113281,-9.012680053710938,-96.31990051269531
-96.54396057128906,-9.004165649414062,-96.45321655273438
-96.58050537109375,-8.844833374023438,-96.60566711425781
-96.58212280273438,-8.891937255859375,-96.47889709472656
-96.7408447265625,-8.975921630859375,-96.65681457519531
-96.82273864746094,-9.143646240234375,-97.03965759277344
-96.85447692871094,-8.9747314453125,-97.04148864746094
-96.81423950195312,-9.040878295898438,-96.95680236816406
-97.01493835449219,-8.974365234375,-97.41438293457031
-97.03575134277344,-8.9779052734375,-97.34754943847656
-97.21684265136719,-9.067794799804688,-97.38076782226562
-97.40495300292969,-8.823455810546875,-97.40525817871094
-97.54045104980469,-8.784149169921875,-97.31121826171875
-97.65983581542969,-8.572235107421875,-97.06620788574219
-98.034423828125,-8.328048706054688,-96.84925842285156
-98.27456665039062,-8.076614379882812,-96.66217041015625
-98.51359558105469,-7.86676025390625,-96.56735229492188
-98.63032531738281,-7.4584503173828125,-96.69361877441406
-98.70904541015625,-7.0199432373046875,-96.37152099609375
-98.58540344238281,-6.456207275390625,-96.24156188964844
-98.37940979003906,-5.91400146484375,-95.67559814453125
-98.29591369628906,-5.382904052734375,-95.58778381347656
-97.94975280761719,-5.0978240966796875,-95.08409118652344
-97.53865051269531,-4.684844970703125,-94.798095703125
-97.08877563476562,-4.128936767578125,-94.54025268554688
-96.64039611816406,-3.6500701904296875,-94.27845764160156
-95.94732666015625,-3.27362060546875,-94.00325012207031
-95.45315551757812,-2.9097747802734375,-93.84288024902344
-94.91648864746094,-2.668914794921875,-93.8924560546875
-94.21470642089844,-2.2900543212890625,-94.14305114746094
-93.55525207519531,-2.01708984375,-94.239013671875
-92.83584594726562,-1.904632568359375,-94.40850830078125
-91.91415405273438,-1.757232666015625,-94.76065063476562
-91.03759765625,-1.738250732421875,-94.87388610839844
-90.11807250976562,-1.6854400634765625,-95.16850280761719
-89.20906066894531,-1.46417236328125,-95.35212707519531
-88.17182922363281,-1.1347808837890625,-95.49285888671875
-87.49382019042969,-0.843292236328125,-95.21600341796875
-86.63349914550781,-0.6329498291015625,-94.86026000976562
-85.85546875,-0.5236663818359375,-94.62135314941406
-85.26904296875,-0.16082763671875,-94.34013366699219
-84.50495910644531,0.565032958984375,-93.82392883300781
-84.06730651855469,1.238983154296875,-92.62767028808594
-83.83055114746094,2.1105194091796875,-91.50732421875
-83.82292175292969,3.5874786376953125,-90.56108093261719
-84.17434692382812,5.6224822998046875,-89.23542785644531
-85.11067199707031,7.81243896484375,-87.98228454589844
-86.2999267578125,10.210784912109375,-87.16156005859375
-87.9058837890625,12.4447021484375,-86.53631591796875
-89.51954650878906,14.660202026367188,-86.30531311035156
-91.46174621582031,16.564804077148438,-86.40847778320312
-93.14469909667969,18.7352294921875,-86.83076477050781
-95.47274780273438,21.04449462890625,-87.83099365234375
-98.69354248046875,23.62371826171875,-89.7503662109375
-103.21038818359375,26.142929077148438,-92.88084411621094
-109.5306396484375,28.217132568359375,-97.62628173828125
-117.39193725585938,34.141845703125,-104.09785461425781
-124.64459228515625,51.4083251953125,-109.83308410644531
-128.52108764648438,66.96031188964844,-112.41160583496094
-128.91712951660156,70.71914672851562,-112.73561096191406
-129.117919921875,71.02699279785156,-113.05133056640625
-129.25497436523438,71.15753173828125,-113.1728515625
-129.42282104492188,71.34599304199219,-113.13973999023438
-129.48880004882812,71.22911071777344,-113.02691650390625
-129.408935546875,71.34770202636719,-112.90573120117188
-129.5364227294922,71.19625854492188,-112.9007568359375
-129.6351318359375,71.29264831542969,-112.82704162597656
-129.59658813476562,71.20535278320312,-113.04605102539062
-129.4911651611328,71.31468200683594,-112.95854187011719
-129.46641540527344,71.06832885742188,-112.87307739257812
-129.36061096191406,71.18595886230469,-112.70610046386719
-129.330810546875,71.10549926757812,-112.92388916015625
-129.28671264648438,71.1712646484375,-112.98629760742188
-129.1233367919922,71.14076232910156,-113.00511169433594
-129.1446533203125,71.16389465332031,-112.85089111328125
-129.27108764648438,71.28793334960938,-112.81645202636719
-129.41908264160156,71.28382873535156,-113.02790832519531
-129.62181091308594,71.5631103515625,-112.69334411621094
-129.43212890625,71.59774780273438,-112.65473937988281
-129.5155029296875,71.52816772460938,-112.65812683105469
-129.70933532714844,71.52256774902344,-112.52015686035156
-129.7469024658203,71.53868103027344,-112.76097106933594
-129.42430114746094,71.55059814453125,-112.87913513183594
-129.4434814453125,71.71492004394531,-112.75202941894531
-129.6302490234375,71.83511352539062,-112.62545776367188
-129.6050262451172,71.89913940429688,-112.59913635253906
-129.78285217285156,71.90771484375,-112.56161499023438
-129.77748107910156,71.91156005859375,-112.6702880859375
-129.79351806640625,71.90614318847656,-112.63240051269531
-129.92848205566406,71.98222351074219,-112.59642028808594
-129.85215759277344,72.04231262207031,-112.29374694824219
-129.88401794433594,72.21539306640625,-112.25799560546875
-129.81130981445312,72.40817260742188,-112.12979125976562
-129.87911987304688,72.80451965332031,-112.16716003417969
-129.85791015625,72.90577697753906,-112.27098083496094
-130.26654052734375,73.11334228515625,-112.66415405273438
-130.02915954589844,73.20230102539062,-112.57008361816406
-129.92332458496094,73.37863159179688,-112.62106323242188
-129.9517059326172,73.33860778808594,-112.74008178710938
-129.7019500732422,73.5943603515625,-113.068603515625
-129.5624542236328,73.75056457519531,-113.27166748046875
-129.5797576904297,73.73974609375,-113.25872802734375
-129.8470916748047,74.12236022949219,-113.17437744140625
-129.95225524902344,74.63359069824219,-113.16215515136719
-130.24716186523438,75.20684814453125,-113.05479431152344
-130.68939208984375,75.59321594238281,-112.92515563964844
-131.0336151123047,76.1597900390625,-112.80455017089844
-131.2578887939453,76.83625793457031,-112.80616760253906
-131.80694580078125,77.54106140136719,-112.49899291992188
-132.27322387695312,78.38941955566406,-112.46697998046875
-132.5095977783203,78.79029846191406,-112.48390197753906
-132.6710662841797,79.50840759277344,-112.73648071289062
-133.1217803955078,80.31700134277344,-112.55677795410156
-133.51840209960938,81.048828125,-112.59066772460938
-133.8564910888672,82.09365844726562,-112.70970153808594
-134.12344360351562,83.02401733398438,-112.83401489257812
-134.4245147705078,83.67726135253906,-113.03947448730469
-134.60435485839844,84.45512390136719,-113.3111572265625
-134.71951293945312,85.20046997070312,-113.26199340820312
-134.81097412109375,85.88870239257812,-113.55706787109375
-134.95339965820312,86.50689697265625,-113.76425170898438
-134.9508819580078,87.00971984863281,-113.83987426757812
-134.91270446777344,87.50753784179688,-113.97340393066406
-135.06349182128906,88.06983947753906,-114.36932373046875
-135.21697998046875,88.39913940429688,-114.57713317871094
-135.21340942382812,89.05886840820312,-114.76875305175781
-135.3636474609375,89.46241760253906,-115.06707763671875
-135.1319122314453,89.87718200683594,-115.29885864257812
-135.10296630859375,90.30096435546875,-115.69338989257812
-135.35150146484375,90.67324829101562,-115.90676879882812
-135.54714965820312,90.96992492675781,-116.10623168945312
-135.60572814941406,91.46260070800781,-115.85865783691406
-135.81857299804688,91.71682739257812,-116.15902709960938
-135.9685516357422,91.908203125,-116.56822204589844
-136.1167755126953,92.11904907226562,-116.69075012207031
-135.90032958984375,92.48509216308594,-117.06761169433594
-136.2446746826172,92.78007507324219,-117.18734741210938
-136.25352478027344,92.87785339355469,-117.29681396484375
-136.2779998779297,93.03863525390625,-117.4598388671875
-136.5283966064453,93.07331848144531,-117.56040954589844
-136.7974853515625,93.25566101074219,-117.74559020996094
-136.9680633544922,93.380615234375,-117.80253601074219
-136.8564453125,93.61698913574219,-117.86846923828125
-136.9615936279297,93.94975280761719,-117.90019226074219
-137.09994506835938,94.25811767578125,-117.94212341308594
-137.45330810546875,94.35258483886719,-117.91787719726562
-137.4265899658203,94.51324462890625,-118.01811218261719
-137.43402099609375,94.79072570800781,-118.04916381835938
-137.54273986816406,94.92512512207031,-118.29081726074219
-137.79653930664062,95.1500244140625,-118.41990661621094
-137.6503143310547,95.38323974609375,-118.82858276367188
-137.76414489746094,95.49665832519531,-118.76048278808594
-138.06756591796875,95.48391723632812,-118.84132385253906
-137.95838928222656,95.43901062011719,-118.60458374023438
-137.64523315429688,95.13603210449219,-118.59474182128906
-137.6063690185547,94.83308410644531,-118.36082458496094
-137.5601806640625,94.73442077636719,-118.48577880859375
-137.57408142089844,94.65093994140625,-118.33985900878906
-137.5301055908203,94.6422119140625,-118.43939208984375
-137.581298828125,94.52537536621094,-118.34184265136719
-137.6012420654297,94.61355590820312,-118.38819885253906
-137.5381622314453,94.57624816894531,-118.24497985839844
-137.46188354492188,94.68016052246094,-118.37550354003906
-137.6241912841797,94.72891235351562,-118.576416015625
-137.9902801513672,94.55224609375,-118.39305114746094
-138.16458129882812,94.62405395507812,-118.32246398925781
-138.31161499023438,94.48344421386719,-118.05717468261719
-138.2093963623047,94.38914489746094,-117.89273071289062
-138.3081512451172,94.30491638183594,-117.83274841308594
-138.39747619628906,94.194091796875,-117.68562316894531
-138.68472290039062,94.10545349121094,-117.66241455078125
-138.86512756347656,94.23274230957031,-117.71011352539062
-139.0266876220703,94.37846374511719,-117.72422790527344
-138.95872497558594,94.59786987304688,-117.73121643066406
-139.22848510742188,94.49923706054688,-117.96903991699219
-139.3444061279297,94.58840942382812,-117.93431091308594
-139.45298767089844,94.56300354003906,-117.90997314453125
-139.81504821777344,94.68965148925781,-117.94119262695312
-139.8118438720703,94.64974975585938,-117.96340942382812
-139.88772583007812,94.75547790527344,-117.99284362792969
-139.90560913085938,94.87287902832031,-117.93646240234375
-139.8217010498047,94.97804260253906,-117.82540893554688
-139.68740844726562,94.9923095703125,-117.63531494140625
-139.95925903320312,94.97328186035156,-117.75894165039062
-139.94187927246094,94.93386840820312,-117.74931335449219
-139.8843994140625,94.90284729003906,-117.817626953125
-139.87686157226562,94.87646484375,-117.81849670410156
-139.93544006347656,94.76817321777344,-117.86595153808594
-139.7954559326172,94.67033386230469,-117.95085144042969
-139.76678466796875,94.71723937988281,-117.76866149902344
-139.77066040039062,94.74252319335938,-117.738525390625
-139.9049072265625,94.8271484375,-117.87667846679688
-139.92910766601562,95.15419006347656,-118.002197265625
-139.92654418945312,95.09829711914062,-118.19111633300781
-139.9419403076172,95.0430908203125,-118.22799682617188
-140.02732849121094,95.03041076660156,-118.45486450195312
-140.19606018066406,95.00228881835938,-118.44833374023438
-140.3740692138672,94.89680480957031,-118.28030395507812
-140.3325958251953,95.06460571289062,-118.0782470703125
-140.23678588867188,94.95509338378906,-118.33152770996094
-139.9318084716797,95.01603698730469,-118.35896301269531
-140.04039001464844,94.7825927734375,-118.24403381347656
-139.89686584472656,94.89114379882812,-118.29531860351562
-139.70855712890625,94.9395751953125,-118.32426452636719
-139.81858825683594,95.10940551757812,-118.35682678222656
-140.0016632080078,95.06460571289062,-118.25729370117188
-140.23960876464844,95.02256774902344,-118.23768615722656
-140.07382202148438,94.91163635253906,-118.29759216308594
-140.076904296875,94.92501831054688,-117.90966796875
-139.8977508544922,95.13829040527344,-118.07815551757812
-139.86361694335938,95.03515625,-118.25752258300781
-139.7419891357422,95.07560729980469,-118.12149047851562
-139.67230224609375,94.92521667480469,-118.11390686035156
-139.83349609375,95.02685546875,-118.20222473144531
-139.92274475097656,94.9857177734375,-118.15264892578125
-140.0187530517578,94.8509521484375,-117.97572326660156
-139.94581604003906,94.93730163574219,-118.12007141113281
-139.94363403320312,94.97886657714844,-118.2620849609375
-140.08779907226562,94.938720703125,-118.35612487792969
-139.9833221435547,95.06080627441406,-118.52737426757812
-140.18283081054688,94.9805908203125,-118.38946533203125
-140.2706756591797,94.83241271972656,-118.29257202148438
-140.33627319335938,94.77137756347656,-118.11082458496094
-140.1448974609375,94.83151245117188,-118.03785705566406
-140.13839721679688,94.79502868652344,-117.90681457519531
-140.2425079345703,94.99127197265625,-117.94429016113281
-140.17526245117188,94.7818603515625,-118.17459106445312
-140.17864990234375,94.81863403320312,-118.046630859375
-139.9895782470703,94.81719970703125,-117.95039367675781
-139.91644287109375,94.96875,-117.86619567871094
-140.0742645263672,95.06588745117188,-117.80630493164062
-140.22412109375,94.97711181640625,-117.75517272949219
-140.11929321289062,94.89170837402344,-118.00596618652344
-140.1436004638672,95.02851867675781,-117.89041137695312
-140.25343322753906,94.81571960449219,-117.69471740722656
-140.2655029296875,94.806884765625,-117.55436706542969
-140.12696838378906,94.92449951171875,-117.5562744140625
-140.1071319580078,94.97654724121094,-117.52528381347656
-140.01451110839844,94.88877868652344,-117.72523498535156
-139.95529174804688,94.94204711914062,-117.68141174316406
-139.8472137451172,94.96034240722656,-117.53572082519531
-140.1868133544922,94.94685363769531,-117.45855712890625
-140.2375946044922,95.03178405761719,-117.47602844238281
-140.2298126220703,95.1419677734375,-117.79412841796875
-140.19921875,94.85848999023438,-117.88255310058594
-140.33395385742188,94.83737182617188,-117.88568115234375
-140.21493530273438,94.98736572265625,-117.81159973144531
-140.1893768310547,95.12298583984375,-117.75428771972656
-140.2642822265625,95.14126586914062,-117.98007202148438
-140.23519897460938,95.08769226074219,-117.99124145507812
-140.14488220214844,95.03379821777344,-117.83659362792969
-140.24046325683594,95.08517456054688,-117.80401611328125
-140.25782775878906,94.97651672363281,-117.84207153320312
-140.2012481689453,94.89082336425781,-117.84951782226562
-140.12591552734375,94.82736206054688,-117.84149169921875
-140.01693725585938,94.83290100097656,-117.87374877929688
-140.0138397216797,95.0286865234375,-117.88984680175781
-140.24929809570312,94.88813781738281,-117.85731506347656
-140.1881866455078,94.9493408203125,-117.76824951171875
-140.27378845214844,94.88836669921875,-117.7252197265625
-140.26409912109375,94.8575439453125,-117.88433837890625
-140.13442993164062,94.83522033691406,-117.76580810546875
-140.19093322753906,94.8343505859375,-117.77296447753906
-140.13426208496094,94.84527587890625,-117.81739807128906
-140.23672485351562,94.89361572265625,-117.86436462402344
-140.2078094482422,94.99679565429688,-117.7965087890625
-140.09352111816406,94.85997009277344,-117.82192993164062
-140.11264038085938,94.83872985839844,-117.81558227539062
-140.08985900878906,94.83631896972656,-118.02711486816406
-139.87245178222656,94.92706298828125,-117.946533203125
-139.87631225585938,94.87675476074219,-118.04522705078125
-139.90484619140625,94.77030944824219,-118.03080749511719
-140.0298309326172,94.66798400878906,-117.94381713867188
-139.90797424316406,94.79525756835938,-118.02384948730469
-139.92984008789062,94.80105590820312,-117.94532775878906
-139.76986694335938,94.84001159667969,-117.81906127929688
-139.85610961914062,94.71051025390625,-117.75917053222656
-139.93824768066406,94.6400146484375,-118.03260803222656
-139.8601531982422,94.74468994140625,-117.94772338867188
-139.9305419921875,94.73904418945312,-118.01861572265625
-140.10491943359375,94.66712951660156,-117.85591125488281
-140.10240173339844,94.53904724121094,-117.82069396972656
-139.95465087890625,94.744384765625,-117.64356994628906
-140.08306884765625,94.75032043457031,-117.71614074707031
-139.965087890625,94.75749206542969,-117.75260925292969
-140.08753967285156,94.69174194335938,-117.97271728515625
-139.92672729492188,94.72177124023438,-117.94146728515625
-139.86080932617188,94.711669921875,-117.99897766113281
-139.8759765625,94.68550109863281,-117.90922546386719
-139.83265686035156,94.89677429199219,-117.96171569824219
-139.86920166015625,94.81576538085938,-117.8516845703125
-139.8856964111328,95.13833618164062,-117.71939086914062
-139.73643493652344,95.29991149902344,-117.63607788085938
-139.76980590820312,95.11849975585938,-117.61604309082031
-139.76734924316406,94.93841552734375,-117.87052917480469
-139.85391235351562,94.75349426269531,-117.80378723144531
-139.91632080078125,94.72050476074219,-117.624267578125
-139.8743438720703,94.65608215332031,-117.85946655273438
-139.9520263671875,94.66795349121094,-117.97703552246094
-139.6757049560547,94.71490478515625,-117.82743835449219
-139.6872100830078,94.69206237792969,-117.76106262207031
-139.77078247070312,94.76408386230469,-117.84609985351562
-139.7830047607422,94.66159057617188,-118.03933715820312
-139.71266174316406,94.63682556152344,-118.30424499511719
-139.8468780517578,94.68783569335938,-118.11701965332031
-139.73660278320312,94.7049560546875,-118.11451721191406
-139.8916778564453,94.63676452636719,-118.11827087402344
-139.6869354248047,94.66595458984375,-117.95538330078125
-139.88406372070312,94.52346801757812,-118.16691589355469
-139.89077758789062,94.62840270996094,-118.32780456542969
-139.83889770507812,94.76611328125,-118.14462280273438
-139.8380584716797,94.7420654296875,-118.18472290039062
-139.91246032714844,94.71028137207031,-118.31962585449219
-140.06924438476562,94.58346557617188,-118.084228515625
-140.1777801513672,94.49211120605469,-118.01359558105469
-140.13661193847656,94.66207885742188,-117.84254455566406
-140.2203369140625,94.78599548339844,-117.76802062988281
-140.12530517578125,94.83041381835938,-117.66786193847656
-140.1515655517578,94.74208068847656,-117.64056396484375
-140.11668395996094,94.74189758300781,-117.82058715820312
-140.18170166015625,94.66804504394531,-117.86236572265625
-140.0402374267578,94.62318420410156,-117.75666809082031
-140.15562438964844,94.37922668457031,-117.82695007324219
-140.13385009765625,94.36599731445312,-117.77005004882812
-140.180908203125,94.49757385253906,-117.78126525878906
-140.22137451171875,94.32754516601562,-117.93173217773438
-140.1217041015625,94.3712158203125,-118.02505493164062
-139.9806671142578,94.53323364257812,-117.91725158691406
-140.1935272216797,94.53509521484375,-118.16548156738281
-140.2028045654297,94.46916198730469,-117.77677917480469
-140.23155212402344,94.25212097167969,-117.612060546875
-140.15101623535156,94.37471008300781,-117.74174499511719
-140.1534423828125,94.41676330566406,-117.88639831542969
-140.18777465820312,94.38578796386719,-117.96954345703125
-140.1179962158203,94.59463500976562,-117.82502746582031
-140.1869659423828,94.58439636230469,-117.82444763183594
-140.26870727539062,94.50462341308594,-117.75938415527344
-140.2915802001953,94.50384521484375,-117.74354553222656
-140.29017639160156,94.4853515625,-117.79547119140625
-140.23617553710938,94.69564819335938,-117.78701782226562
-140.19178771972656,94.57563781738281,-117.71456909179688
-140.04689025878906,94.55165100097656,-117.69708251953125
-139.8872833251953,94.52957153320312,-117.78543090820312
-139.97706604003906,94.64033508300781,-117.92631530761719
-140.0238494873047,94.65562438964844,-118.00851440429688
-140.04393005371094,94.90277099609375,-117.79539489746094
-139.95394897460938,94.73130798339844,-117.83477783203125
-139.9541778564453,94.65974426269531,-117.80278015136719
-140.05926513671875,94.75160217285156,-117.88116455078125
-139.8632354736328,94.84770202636719,-117.96257019042969
-140.2460174560547,94.64035034179688,-117.94801330566406
-140.03662109375,94.65200805664062,-117.9595947265625
-140.0972442626953,94.63899230957031,-117.7435302734375
-140.02688598632812,94.68881225585938,-117.73680114746094
-140.18362426757812,94.88516235351562,-117.78993225097656
-140.12481689453125,94.75956726074219,-117.77153015136719
-140.23362731933594,94.8551025390625,-117.93585205078125
-140.16822814941406,94.76811218261719,-117.94912719726562
-140.2064971923828,94.753662109375,-117.91729736328125
-140.0757293701172,94.58767700195312,-118.03759765625
-140.05181884765625,94.74652099609375,-117.90927124023438
-140.1649932861328,94.65382385253906,-117.78952026367188
-140.1106719970703,94.58134460449219,-117.84086608886719
-139.87376403808594,94.62443542480469,-117.60243225097656
-140.05775451660156,94.51596069335938,-117.57408142089844
-140.13958740234375,94.75605773925781,-117.6922607421875
-140.02772521972656,94.68109130859375,-117.63591003417969
-139.9783477783203,94.54487609863281,-117.80757141113281
-140.15213012695312,94.52131652832031,-117.73344421386719
-140.28921508789062,94.50105285644531,-117.77641296386719
-140.19570922851562,94.53797912597656,-117.78717041015625
-140.12649536132812,94.58332824707031,-117.79681396484375
-140.2368621826172,94.61262512207031,-117.83816528320312
-140.08807373046875,94.62571716308594,-117.76034545898438
-140.0831756591797,94.70417785644531,-117.66563415527344
-140.2164764404297,94.55313110351562,-117.59686279296875
-140.1961669921875,94.59495544433594,-117.78384399414062
-140.24984741210938,94.72610473632812,-117.78573608398438
-140.2989959716797,94.62649536132812,-117.80207824707031
-140.14120483398438,94.75404357910156,-118.03054809570312
-140.126220703125,94.75802612304688,-117.91447448730469
-139.9147186279297,94.74803161621094,-117.96539306640625
-140.0756072998047,94.64739990234375,-117.88108825683594
-139.8991241455078,94.88529968261719,-117.79295349121094
-139.9783935546875,94.83340454101562,-118.04119873046875
-139.89132690429688,94.685791015625,-117.91877746582031
-140.10316467285156,94.72213745117188,-117.83528137207031
-140.22781372070312,94.76693725585938,-117.9974365234375
-140.05838012695312,94.55023193359375,-117.98991394042969
-140.07989501953125,94.70219421386719,-117.852783203125
-140.0094757080078,94.63679504394531,-117.70503234863281
-139.84788513183594,94.68101501464844,-117.87939453125
-139.83534240722656,94.72621154785156,-118.00213623046875
-140.09323120117188,94.63386535644531,-118.0052490234375
-139.98785400390625,94.69596862792969,-117.97943115234375
-140.19100952148438,94.68136596679688,-117.97645568847656
-140.1897735595703,94.70448303222656,-118.00132751464844
-140.22528076171875,94.71502685546875,-117.97514343261719
-140.11956787109375,94.84210205078125,-117.88462829589844
-140.1874237060547,94.67518615722656,-117.75581359863281
-139.97976684570312,94.70164489746094,-117.75740051269531
-140.12005615234375,94.74090576171875,-118.01551818847656
-140.28627014160156,94.70352172851562,-117.84422302246094
-140.11074829101562,94.76986694335938,-118.02839660644531
-140.1325225830078,94.57232666015625,-117.91798400878906
-140.25302124023438,94.29248046875,-117.80107116699219
-140.18045043945312,94.45524597167969,-117.78193664550781
-140.31182861328125,94.46583557128906,-117.86187744140625
-140.24432373046875,94.49134826660156,-117.91297912597656
-140.37649536132812,94.62107849121094,-117.96942138671875
-140.39353942871094,94.52336120605469,-117.95216369628906
-140.3753204345703,94.63116455078125,-117.98381042480469
-140.33950805664062,94.61904907226562,-117.93556213378906
-140.28012084960938,94.47709655761719,-118.14436340332031
-140.36546325683594,94.39411926269531,-117.93794250488281
-140.6602325439453,94.258544921875,-117.80697631835938
-140.6125030517578,94.35671997070312,-117.84390258789062
-140.634521484375,94.24636840820312,-117.76020812988281
-140.56906127929688,94.15859985351562,-117.81137084960938
-140.37802124023438,94.10797119140625,-117.97769165039062
-140.33468627929688,94.22640991210938,-117.98393249511719
-140.49159240722656,94.26213073730469,-117.89907836914062
-140.43275451660156,94.46632385253906,-117.99229431152344
-140.4940643310547,94.38188171386719,-118.18545532226562
-140.39186096191406,94.49412536621094,-118.12867736816406
-140.17929077148438,94.50228881835938,-118.1773681640625
-140.1403045654297,94.36100769042969,-118.18496704101562
-140.180419921875,94.43577575683594,-118.12385559082031
-139.9891357421875,94.48081970214844,-118.33169555664062
-140.18792724609375,94.46897888183594,-118.24143981933594
-140.37017822265625,94.44718933105469,-118.0003662109375
-140.1292266845703,94.5855712890625,-117.94960021972656
-140.35084533691406,94.47555541992188,-118.09771728515625
-140.2676239013672,94.49189758300781,-118.06878662109375
-140.2617645263672,94.5013427734375,-117.97323608398438
-140.26834106445312,94.36613464355469,-118.00982666015625
-140.2939453125,94.36778259277344,-118.0693359375
-140.26473999023438,94.38771057128906,-117.95353698730469
-140.2655487060547,94.41645812988281,-117.97039794921875
-140.11537170410156,94.73298645019531,-117.76190185546875
-140.11329650878906,94.73696899414062,-117.99691772460938
-140.1852264404297,94.71391296386719,-118.03807067871094
-139.9615478515625,94.77290344238281,-118.35215759277344
-140.11402893066406,94.6727294921875,-118.28936767578125
-140.16195678710938,94.70143127441406,-118.2132568359375
-140.17596435546875,94.68927001953125,-118.34068298339844
-140.1408233642578,94.70674133300781,-118.31565856933594
-140.20086669921875,94.75889587402344,-118.35060119628906
-140.15341186523438,94.54339599609375,-118.34083557128906
-140.20501708984375,94.59646606445312,-118.49874877929688
-140.18849182128906,94.60848999023438,-118.46575927734375
-140.08033752441406,94.62437438964844,-118.31312561035156
-140.0256805419922,94.55564880371094,-118.2213134765625
-140.02760314941406,94.49256896972656,-118.11009216308594
-140.3766632080078,94.4808349609375,-118.13372802734375
-140.2234344482422,94.51918029785156,-118.3199462890625
-140.23377990722656,94.59014892578125,-118.26719665527344
-140.17898559570312,94.58247375488281,-118.30496215820312
-140.1769561767578,94.62278747558594,-118.28349304199219
-140.1297607421875,94.51675415039062,-118.42277526855469
-140.15707397460938,94.52174377441406,-118.26295471191406
-140.39022827148438,94.43948364257812,-117.9039306640625
-140.18496704101562,94.46266174316406,-117.87452697753906
-140.25355529785156,94.49531555175781,-117.76286315917969
-140.14627075195312,94.44075012207031,-117.95277404785156
-140.1650848388672,94.43659973144531,-117.92454528808594
-140.33656311035156,94.43685913085938,-118.01097106933594
-140.37559509277344,94.38803100585938,-118.08702087402344
-140.14300537109375,94.28520202636719,-118.24078369140625
-140.15956115722656,94.37174987792969,-118.40345764160156
-140.33670043945312,94.27481079101562,-118.4281005859375
-140.37765502929688,94.297119140625,-118.42671203613281
-140.34262084960938,94.23896789550781,-118.31179809570312
-140.2779083251953,94.10140991210938,-118.1766357421875
-140.3328094482422,94.28398132324219,-118.07041931152344
-140.3893585205078,94.31439208984375,-117.93075561523438
-140.23492431640625,94.21809387207031,-117.97416687011719
-140.24412536621094,94.26359558105469,-118.06864929199219
-140.34849548339844,94.25537109375,-118.10414123535156
-140.36317443847656,94.22944641113281,-118.11366271972656
-140.25936889648438,94.354248046875,-118.212646484375
-140.23829650878906,94.2686767578125,-118.344482421875
-140.26718139648438,94.36572265625,-118.13311767578125
-140.3020782470703,94.31216430664062,-118.08314514160156
-140.30075073242188,94.139404296875,-117.9163818359375
-140.38726806640625,94.13156127929688,-118.04779052734375
-140.39244079589844,93.967529296875,-118.25445556640625
-140.35777282714844,94.09538269042969,-118.40779113769531
-140.23635864257812,94.21783447265625,-118.36897277832031
-140.3225860595703,94.13859558105469,-118.21144104003906
-140.4175262451172,94.16249084472656,-118.17799377441406
-140.452392578125,94.30021667480469,-118.00936889648438
-140.3516082763672,94.41668701171875,-117.93838500976562
-140.2716522216797,94.34504699707031,-118.07389831542969
-140.104736328125,94.31925964355469,-118.23286437988281
-140.23716735839844,94.45289611816406,-118.36477661132812
-140.1359405517578,94.37591552734375,-118.40568542480469
-140.3116455078125,94.3087158203125,-118.31814575195312
-140.19952392578125,94.26632690429688,-118.20651245117188
-140.1772918701172,94.28553771972656,-118.21513366699219
-139.95143127441406,94.34330749511719,-118.27116394042969
-139.9561004638672,94.10002136230469,-118.29098510742188
-140.0548553466797,94.09031677246094,-118.26948547363281
-139.9751434326172,94.09214782714844,-118.22999572753906
-140.15997314453125,94.36660766601562,-118.40986633300781
-140.1868896484375,94.3646240234375,-118.35838317871094
-140.27650451660156,94.25912475585938,-118.38421630859375
-140.3743896484375,94.16729736328125,-118.25694274902344
-140.2065887451172,94.17756652832031,-118.25148010253906
-140.1636962890625,94.19178771972656,-118.06300354003906
-140.0846710205078,94.29127502441406,-118.22561645507812
-140.078125,94.30036926269531,-118.29550170898438
-140.17750549316406,94.26902770996094,-118.21946716308594
-140.22097778320312,94.33351135253906,-118.2855224609375
-140.10377502441406,94.10604858398438,-118.22843933105469
-140.09780883789062,94.00177001953125,-118.24275207519531
-140.0937042236328,94.33686828613281,-118.30574035644531
-140.2640380859375,94.26934814453125,-118.21107482910156
-140.25941467285156,94.26077270507812,-118.31913757324219
-140.2886199951172,94.25886535644531,-118.30148315429688
-140.33641052246094,94.36668395996094,-118.43081665039062
-140.3546142578125,94.10897827148438,-118.40872192382812
-140.362060546875,94.1376953125,-118.298095703125
-140.37637329101562,94.10734558105469,-117.88894653320312
-140.21246337890625,94.29978942871094,-118.09230041503906
-140.29183959960938,94.22184753417969,-118.06831359863281
-140.36134338378906,94.30183410644531,-117.95494079589844
-140.17239379882812,94.28042602539062,-117.96533203125
-140.29103088378906,94.32087707519531,-118.15818786621094
-140.2860565185547,94.22959899902344,-118.28688049316406
-140.2108917236328,94.31632995605469,-118.27217102050781
-140.16796875,94.36183166503906,-118.27188110351562
-140.18185424804688,94.35197448730469,-118.28861999511719
-140.30445861816406,94.32954406738281,-118.04342651367188
-140.3237762451172,94.20469665527344,-118.17872619628906
-140.2972412109375,94.3675537109375,-118.31451416015625
-140.3662109375,94.37701416015625,-118.26524353027344
-140.30726623535156,94.43968200683594,-118.47244262695312
-140.10064697265625,94.36383056640625,-118.23284912109375
-140.20542907714844,94.28466796875,-118.33578491210938
-140.13607788085938,94.48992919921875,-118.49896240234375
-140.19761657714844,94.50651550292969,-118.49615478515625
-140.1055908203125,94.647216796875,-118.44432067871094
-140.23243713378906,94.7674560546875,-118.59121704101562
-140.09559631347656,94.74656677246094,-118.53268432617188
-140.22174072265625,94.66351318359375,-118.51277160644531
-140.09762573242188,94.68917846679688,-118.50799560546875
-140.303466796875,94.59815979003906,-118.53810119628906
-140.33303833007812,94.48550415039062,-118.81039428710938
-140.2418212890625,94.49107360839844,-118.63441467285156
-140.19981384277344,94.36572265625,-118.56004333496094
-140.33392333984375,94.25045776367188,-118.58953857421875
-140.1305694580078,94.23214721679688,-118.41180419921875
-140.20126342773438,94.32392883300781,-118.24952697753906
-140.0048828125,94.35897827148438,-118.24870300292969
-140.11776733398438,94.27256774902344,-118.31256103515625
-140.2211151123047,94.28904724121094,-118.29194641113281
-140.30447387695312,94.30195617675781,-118.12802124023438
-140.25303649902344,94.29377746582031,-118.16557312011719
-140.2937469482422,94.29946899414062,-118.25401306152344
-140.2686767578125,94.29689025878906,-118.08718872070312
-140.15957641601562,94.22581481933594,-118.06443786621094
-140.21470642089844,94.26585388183594,-118.13539123535156
-140.27903747558594,94.30572509765625,-117.96322631835938
-140.18260192871094,94.32411193847656,-118.02528381347656
-140.20510864257812,94.26451110839844,-118.06846618652344
-140.10391235351562,94.385498046875,-118.08518981933594
-140.3480682373047,94.40794372558594,-118.08160400390625
-140.12997436523438,94.35638427734375,-118.16253662109375
-140.27386474609375,94.24479675292969,-118.32536315917969
-140.31784057617188,94.25270080566406,-118.35908508300781
-140.35218811035156,94.34207153320312,-118.47308349609375
-140.09146118164062,94.3194580078125,-118.48704528808594
-140.05801391601562,94.477783203125,-118.42304992675781
-140.1480255126953,94.29281616210938,-118.43247985839844
-140.16404724121094,94.42164611816406,-118.2744140625
-140.20704650878906,94.29801940917969,-118.11354064941406
-140.2354736328125,94.34262084960938,-118.22378540039062
-140.23013305664062,94.25886535644531,-118.40162658691406
-140.19509887695312,94.35252380371094,-118.37040710449219
-140.11036682128906,94.28530883789062,-118.3096923828125
-140.21018981933594,94.22134399414062,-118.28498840332031
-139.98361206054688,94.10989379882812,-118.41111755371094
-139.98597717285156,94.10087585449219,-118.60618591308594
-139.9576873779297,94.37255859375,-118.56248474121094
-139.9654083251953,94.31314086914062,-118.37882995605469
-139.98995971679688,94.14747619628906,-118.58934020996094
-139.86148071289062,94.15673828125,-118.61317443847656
-139.840087890625,94.17680358886719,-118.562255859375
-139.84877014160156,94.11885070800781,-118.59420776367188
-139.925048828125,94.192138671875,-118.62501525878906
-139.68104553222656,94.16984558105469,-118.7452392578125
-139.6818389892578,94.05302429199219,-118.80012512207031
-139.6960906982422,94.2442626953125,-118.74864196777344
-139.8303680419922,94.10662841796875,-118.75621032714844
-140.12672424316406,94.10240173339844,-118.70054626464844
-139.90916442871094,94.17762756347656,-118.87745666503906
-139.8468475341797,94.07431030273438,-118.93955993652344
-140.01583862304688,93.99171447753906,-118.72856140136719
-140.1800994873047,93.99073791503906,-118.63912963867188
-140.26089477539062,94.011474609375,-118.54002380371094
-140.2877960205078,94.08071899414062,-118.86749267578125
-140.3094940185547,93.95755004882812,-118.90052795410156
-140.1057586669922,93.96755981445312,-118.86856079101562
-140.15322875976562,94.0595703125,-118.80793762207031
-140.08319091796875,94.01698303222656,-118.60983276367188
-140.1356201171875,93.97123718261719,-118.56282043457031
-140.21817016601562,93.958984375,-118.54075622558594
-140.3617706298828,93.94500732421875,-118.38580322265625
-140.2957763671875,93.92442321777344,-118.71159362792969
-140.2923583984375,94.07373046875,-118.69522094726562
-140.12107849121094,94.06443786621094,-118.74176025390625
-140.1393280029297,93.94245910644531,-118.67118835449219
-140.1920623779297,93.99629211425781,-118.81077575683594
-140.29318237304688,94.10421752929688,-118.70162963867188
-140.07650756835938,93.98371887207031,-118.94215393066406
-139.87042236328125,94.00704956054688,-118.96163940429688
-139.95498657226562,94.08464050292969,-118.66854858398438
-140.04248046875,94.13641357421875,-118.81071472167969
-140.1119384765625,94.08590698242188,-118.7359619140625
-140.14657592773438,94.09822082519531,-118.77436828613281
-140.18682861328125,93.98115539550781,-118.71591186523438
-140.24081420898438,94.10386657714844,-118.9498291015625
-140.33169555664062,94.05744934082031,-118.70297241210938
-140.29258728027344,94.18287658691406,-118.76377868652344
-140.09332275390625,94.20016479492188,-118.75628662109375
-140.21932983398438,94.14178466796875,-118.67544555664062
-140.1942138671875,93.9847412109375,-118.56349182128906
-140.32611083984375,94.06326293945312,-118.38861083984375
-140.25819396972656,94.04736328125,-118.47087097167969
-140.2875518798828,94.09686279296875,-118.43531799316406
-140.2762908935547,94.35205078125,-118.28831481933594
-140.35614013671875,94.29586791992188,-118.44451904296875
-140.2606658935547,94.2344970703125,-118.43191528320312
-140.2579345703125,94.1314697265625,-118.49551391601562
-140.30722045898438,94.19293212890625,-118.23417663574219
-140.3717041015625,94.19828796386719,-118.32774353027344
-140.28245544433594,94.07498168945312,-118.46951293945312
-140.2445068359375,93.92416381835938,-118.48541259765625
-140.3758544921875,94.08601379394531,-118.44595336914062
-140.2285919189453,94.1041259765625,-118.65245056152344
-140.36871337890625,94.09355163574219,-118.45756530761719
-140.19615173339844,94.10205078125,-118.47322082519531
-140.1249542236328,94.07476806640625,-118.25198364257812
-140.12039184570312,94.17471313476562,-118.31648254394531
-140.26773071289062,94.04080200195312,-118.43858337402344
-140.2447967529297,94.04539489746094,-118.36094665527344
-140.31600952148438,94.11624145507812,-118.40122985839844
-140.22744750976562,94.23269653320312,-118.47991943359375
-140.17105102539062,94.08956909179688,-118.46261596679688
-140.1241455078125,93.84954833984375,-118.21237182617188
-140.16818237304688,93.83573913574219,-118.21804809570312
-140.04293823242188,93.95724487304688,-118.21214294433594
-140.12184143066406,93.98655700683594,-118.31918334960938
-140.2179412841797,93.9747314453125,-118.24148559570312
-140.35824584960938,93.8602294921875,-118.14749145507812
-140.261962890625,93.73365783691406,-118.24755859375
-140.0220947265625,93.94540405273438,-118.31600952148438
-140.0708465576172,94.07966613769531,-118.19805908203125
-140.21669006347656,93.96611022949219,-118.47222900390625
-140.23150634765625,93.84188842773438,-118.24382019042969
-140.08335876464844,93.93394470214844,-118.43365478515625
-140.27447509765625,94.09645080566406,-118.37930297851562
-140.37826538085938,93.97439575195312,-118.25491333007812
-140.23960876464844,94.07229614257812,-118.25123596191406
-140.2154541015625,93.99363708496094,-118.30931091308594
-140.19952392578125,94.11924743652344,-118.4072265625
-140.17041015625,94.00250244140625,-118.24394226074219
-140.15402221679688,94.07963562011719,-118.47883605957031
-140.086181640625,94.00848388671875,-118.56280517578125
-140.15284729003906,94.06785583496094,-118.37002563476562
-140.10769653320312,94.01129150390625,-118.47349548339844
-140.3401641845703,93.85636901855469,-118.46089172363281
-140.3191375732422,93.71226501464844,-118.42454528808594
-140.33621215820312,93.77439880371094,-118.47209167480469
-140.3587188720703,93.83847045898438,-118.31416320800781
-140.36373901367188,93.864990234375,-118.26206970214844
-140.3225860595703,93.96879577636719,-118.48945617675781
-140.3166046142578,93.99705505371094,-118.40721130371094
-140.29359436035156,93.82327270507812,-118.39488220214844
-140.2643280029297,93.86227416992188,-118.25596618652344
-140.35760498046875,93.9813232421875,-118.07229614257812
-140.34896850585938,93.97897338867188,-118.11714172363281
-140.291259765625,94.06341552734375,-118.31790161132812
-140.2718963623047,93.99234008789062,-118.31648254394531
-140.42733764648438,93.87980651855469,-118.30862426757812
-140.46090698242188,94.04969787597656,-118.41694641113281
-140.53053283691406,94.07260131835938,-118.51850891113281
-140.46328735351562,94.09297180175781,-118.52659606933594
-140.25418090820312,93.96701049804688,-118.36662292480469
-140.3697509765625,94.12373352050781,-118.33183288574219
-140.33731079101562,94.03121948242188,-118.23106384277344
-140.43405151367188,94.07423400878906,-118.25140380859375
-140.6564483642578,94.05506896972656,-118.06301879882812
-140.40615844726562,94.11164855957031,-118.06593322753906
-140.25027465820312,94.12602233886719,-118.12904357910156
-140.4772186279297,94.36367797851562,-118.32940673828125
-140.28697204589844,94.36225891113281,-118.27764892578125
-140.29733276367188,94.1785888671875,-118.19830322265625
-140.33444213867188,94.1207275390625,-118.11920166015625
-140.30751037597656,94.26260375976562,-118.12762451171875
-140.3428955078125,94.09663391113281,-118.04557800292969
-140.30148315429688,93.98922729492188,-118.01728820800781
-140.11952209472656,94.00526428222656,-117.91651916503906
-140.28005981445312,94.14950561523438,-117.93284606933594
-140.13504028320312,94.28306579589844,-117.94148254394531
-140.2161407470703,94.27836608886719,-117.89114379882812
-140.22348022460938,94.12503051757812,-118.04539489746094
-140.20260620117188,94.15913391113281,-118.30453491210938
-140.18487548828125,94.23672485351562,-118.26313781738281
-140.36810302734375,94.11378479003906,-118.25764465332031
-140.23941040039062,94.1407470703125,-118.48432922363281
-140.2397918701172,94.10816955566406,-118.60597229003906
-140.32286071777344,94.05911254882812,-118.60337829589844
-140.2498321533203,93.93594360351562,-118.37380981445312
-140.24488830566406,93.94224548339844,-118.43827819824219
-140.25885009765625,93.90666198730469,-118.39361572265625
-140.47850036621094,93.88189697265625,-118.28083801269531
-140.62840270996094,93.89320373535156,-118.11949157714844
-140.40057373046875,94.0008544921875,-118.179931640625
-140.36282348632812,94.04989624023438,-118.11869812011719
-140.23574829101562,93.98063659667969,-118.29173278808594
-140.26913452148438,93.85594177246094,-118.15861511230469
-140.261474609375,93.85179138183594,-118.12034606933594
-140.43431091308594,93.85964965820312,-117.92958068847656
-140.2249755859375,93.99758911132812,-118.01118469238281
-140.15472412109375,94.02627563476562,-118.00416564941406
-140.2869415283203,93.95205688476562,-117.95668029785156
-140.30606079101562,93.87818908691406,-118.15313720703125
-140.29359436035156,93.93452453613281,-118.1685791015625
-140.50723266601562,93.91694641113281,-118.08029174804688
-140.61216735839844,93.9229736328125,-118.17147827148438
-140.47677612304688,93.86940002441406,-118.26966857910156
-140.4961700439453,93.88229370117188,-118.22763061523438
-140.3823699951172,93.71946716308594,-118.38931274414062
-140.64804077148438,93.57327270507812,-118.25701904296875
-140.66744995117188,93.68353271484375,-118.06916809082031
-140.63873291015625,93.65525817871094,-118.12239074707031
-140.6291961669922,93.89022827148438,-118.24539184570312
-140.5797119140625,93.92311096191406,-118.31282043457031
-140.63095092773438,93.72297668457031,-118.09004211425781
-140.40513610839844,93.82453918457031,-118.08956909179688
-140.52410888671875,93.94511413574219,-118.21649169921875
-140.40887451171875,93.92280578613281,-118.05659484863281
-140.33241271972656,93.83106994628906,-118.12327575683594
-140.32630920410156,93.89285278320312,-118.08319091796875
-140.16494750976562,93.84661865234375,-118.09062194824219
-140.19534301757812,93.83010864257812,-118.22695922851562
-140.34783935546875,93.66159057617188,-118.27742004394531
-140.22207641601562,93.59922790527344,-118.22894287109375
-140.1181640625,93.6898193359375,-118.38389587402344
-139.8272247314453,93.54592895507812,-118.35758972167969
-139.53091430664062,93.31976318359375,-118.17387390136719
-139.2931365966797,93.41238403320312,-118.29283142089844
-139.0943603515625,93.28379821777344,-118.24969482421875
-138.87069702148438,93.05470275878906,-118.02824401855469
-138.54342651367188,92.94371032714844,-118.0291748046875
-138.3635711669922,92.86477661132812,-117.98091125488281
-138.1524658203125,92.67788696289062,-117.86863708496094
-137.77484130859375,92.76821899414062,-117.76576232910156
-137.665771484375,92.59613037109375,-117.88871765136719
-137.61846923828125,92.48532104492188,-117.9505615234375
-137.474609375,92.43740844726562,-118.19595336914062
-137.2882080078125,92.38127136230469,-118.17645263671875
-137.20343017578125,91.98536682128906,-117.82408142089844
-137.14407348632812,91.72108459472656,-117.28468322753906
-136.87826538085938,91.05245971679688,-116.85212707519531
-136.87246704101562,90.23870849609375,-116.20419311523438
-136.83204650878906,89.46206665039062,-116.02995300292969
-136.7613525390625,89.15000915527344,-115.78482055664062
-136.74220275878906,88.50753784179688,-115.77079772949219
-136.64105224609375,88.23532104492188,-115.62078857421875
-136.77883911132812,87.93295288085938,-115.2681884765625
-136.67999267578125,87.74050903320312,-115.18460083007812
-136.77639770507812,87.58207702636719,-115.19090270996094
-136.96119689941406,87.38986206054688,-115.1685791015625
-136.89230346679688,87.24116516113281,-114.91297912597656
-136.5864715576172,87.06143188476562,-114.90585327148438
-136.08837890625,87.10223388671875,-115.11210632324219
-135.58810424804688,87.02861022949219,-115.24945068359375
-135.05604553222656,86.71165466308594,-115.63348388671875
-134.4086456298828,86.64675903320312,-115.64949035644531
-133.83909606933594,86.17689514160156,-115.66441345214844
-133.40771484375,85.70223999023438,-116.16677856445312
-133.032470703125,85.29745483398438,-116.25747680664062
-132.45849609375,84.622314453125,-116.43392944335938
-131.7923126220703,83.98139953613281,-116.41946411132812
-131.32127380371094,83.20993041992188,-116.27024841308594
-130.46522521972656,82.44410705566406,-116.68183898925781
-129.64537048339844,81.392333984375,-116.75709533691406
-128.90243530273438,80.57420349121094,-116.96659851074219
-128.3106689453125,79.548828125,-117.21878051757812
-127.64248657226562,78.52378845214844,-117.60050964355469
-127.13346862792969,77.53514099121094,-117.83692932128906
-126.61167907714844,76.52949523925781,-118.13587951660156
-125.92192077636719,75.35063171386719,-118.14346313476562
-125.33613586425781,74.29649353027344,-118.53053283691406
-124.79135131835938,73.26861572265625,-118.95420837402344
-124.40791320800781,72.19651794433594,-119.13064575195312
-123.98060607910156,70.98794555664062,-119.41357421875
-123.68316650390625,69.81889343261719,-119.66116333007812
-123.44467163085938,68.7552490234375,-120.12518310546875
-123.18669128417969,67.47502136230469,-120.56523132324219
-122.96241760253906,66.286865234375,-121.19976806640625
-122.6668701171875,65.18022155761719,-121.36878967285156
-122.75448608398438,63.931121826171875,-121.80873107910156
-122.39122009277344,62.89704895019531,-122.23023986816406
-122.32664489746094,61.85736083984375,-122.56684875488281
-122.65730285644531,60.73973083496094,-122.78385925292969
-122.56005859375,59.621917724609375,-123.16708374023438
-122.70866394042969,58.461334228515625,-123.27095031738281
-122.81861877441406,57.37202453613281,-123.57568359375
-122.95828247070312,56.65156555175781,-123.96871948242188
-123.11752319335938,55.90312194824219,-124.20175170898438
-123.35408020019531,55.223968505859375,-124.75456237792969
-123.37477111816406,54.58477783203125,-125.063232421875
-123.35261535644531,54.0859375,-125.2181396484375
-123.36860656738281,53.396728515625,-125.65182495117188
-123.67958068847656,53.18370056152344,-125.92935180664062
-123.74156188964844,52.82405090332031,-126.0994873046875
-123.93891906738281,52.59211730957031,-126.20864868164062
-124.15928649902344,52.171661376953125,-126.11689758300781
-124.4764404296875,52.091583251953125,-126.23422241210938
-124.777587890625,52.09217834472656,-126.05612182617188
-125.27816772460938,51.7784423828125,-126.03175354003906
-125.62911987304688,51.32411193847656,-126.05471801757812
-126.09544372558594,50.937286376953125,-126.00656127929688
-126.27902221679688,50.629669189453125,-126.182861328125
-126.37393188476562,50.14479064941406,-126.06643676757812
-126.84207153320312,49.3544921875,-126.0894775390625
-127.52020263671875,46.925262451171875,-126.35392761230469
-127.95260620117188,40.09999084472656,-124.80352783203125
-124.27978515625,30.817825317382812,-118.08206176757812
-115.91780090332031,24.369537353515625,-105.55462646484375
-106.88339233398438,19.224716186523438,-91.75433349609375
-99.19294738769531,10.3431396484375,-80.94157409667969
-92.72138977050781,-2.3916473388671875,-76.01078796386719
-86.96372985839844,-15.487335205078125,-78.0184326171875
-82.96235656738281,-24.628433227539062,-84.47944641113281
-81.38479614257812,-28.189010620117188,-91.62472534179688
-82.39718627929688,-28.595611572265625,-96.71818542480469
-84.49896240234375,-27.414291381835938,-99.51568603515625
-87.16781616210938,-26.112625122070312,-100.58119201660156
-89.389892578125,-25.139129638671875,-100.67231750488281
-91.06068420410156,-24.70587158203125,-100.12388610839844
-92.61245727539062,-24.6097412109375,-99.93411254882812
-93.42630004882812,-24.701248168945312,-99.58265686035156
-94.16220092773438,-25.016433715820312,-99.22476196289062
-94.93637084960938,-25.307525634765625,-99.01982116699219
-95.19561767578125,-25.3826904296875,-99.0450439453125
-95.62321472167969,-25.734695434570312,-98.71401977539062
-95.96298217773438,-25.84930419921875,-98.71449279785156
-96.23643493652344,-25.970703125,-98.68785095214844
-96.32916259765625,-25.91278076171875,-98.96273803710938
-96.54635620117188,-26.170440673828125,-98.85287475585938
-96.57501220703125,-26.350921630859375,-98.9263916015625
-96.85713195800781,-26.325057983398438,-98.96192932128906
-96.92327880859375,-26.396163940429688,-98.93447875976562
-97.31906127929688,-26.398040771484375,-98.91598510742188
-97.46990966796875,-26.312469482421875,-98.69328308105469
-97.69447326660156,-26.17706298828125,-98.73150634765625
-97.75155639648438,-25.881027221679688,-99.02076721191406
-97.8082275390625,-25.910369873046875,-99.03892517089844
-97.96757507324219,-25.686920166015625,-99.03385925292969
-97.99040222167969,-25.48779296875,-99.25550842285156
-97.97465515136719,-25.119827270507812,-99.2347412109375
-98.0999755859375,-25.190933227539062,-99.50965881347656
-98.12269592285156,-24.912384033203125,-99.63746643066406
-98.21072387695312,-24.65618896484375,-99.601806640625
-98.38130187988281,-24.689559936523438,-99.632568359375
-98.27656555175781,-24.460433959960938,-99.39985656738281
-98.33573913574219,-24.30340576171875,-99.35235595703125
-98.18194580078125,-23.833206176757812,-99.05851745605469
-98.37095642089844,-23.332229614257812,-98.52415466308594
-98.47235107421875,-22.5810546875,-98.304931640625
-98.33053588867188,-22.035064697265625,-97.93879699707031
-98.46250915527344,-21.242034912109375,-97.53326416015625
-98.81629943847656,-20.401748657226562,-97.11334228515625
-98.93135070800781,-19.5413818359375,-96.58004760742188
-99.29385375976562,-18.77203369140625,-96.2247314453125
-99.67393493652344,-17.9378662109375,-95.86993408203125
-99.95309448242188,-17.0859375,-95.45387268066406
-100.23788452148438,-16.206741333007812,-95.17353820800781
-100.37464904785156,-15.31982421875,-94.7506103515625
-100.69300842285156,-14.49853515625,-94.319091796875
-101.25711059570312,-13.547454833984375,-94.06375122070312
-101.42068481445312,-12.991073608398438,-93.9937744140625
-101.7542724609375,-12.007949829101562,-93.81620788574219
-101.88804626464844,-11.104263305664062,-93.72810363769531
-101.8909912109375,-10.217254638671875,-93.69078063964844
-102.23262023925781,-9.418655395507812,-93.54978942871094
-102.18341064453125,-8.499282836914062,-93.60887145996094
-102.306396484375,-7.6760406494140625,-93.61195373535156
-102.21913146972656,-6.685089111328125,-93.73030090332031
-102.50314331054688,-5.8892822265625,-93.66360473632812
-102.58576965332031,-4.7602081298828125,-93.82743835449219
-102.70458984375,-4.0389556884765625,-93.8179931640625
-102.70291137695312,-3.126190185546875,-93.81105041503906
-102.82998657226562,-2.2886199951171875,-94.19288635253906
-103.12705993652344,-1.4103546142578125,-94.31344604492188
-103.049560546875,-0.483673095703125,-94.440673828125
-103.04499816894531,0.5549468994140625,-94.59107971191406
-103.0791015625,1.2465972900390625,-95.02169799804688
-103.28546142578125,2.01373291015625,-95.51071166992188
-103.14704895019531,2.847991943359375,-95.63134765625
-103.25166320800781,3.5401458740234375,-96.05128479003906
-103.35728454589844,4.310150146484375,-96.44450378417969
-103.41117858886719,4.9332427978515625,-96.97026062011719
-103.59376525878906,5.3232879638671875,-97.44569396972656
-103.53216552734375,6.0413665771484375,-97.72221374511719
-103.36917114257812,6.3824462890625,-97.78221130371094
-103.38914489746094,6.77850341796875,-98.16470336914062
-103.56900024414062,7.28668212890625,-98.5548095703125
-103.64091491699219,7.49334716796875,-98.45428466796875
-103.60679626464844,7.89715576171875,-98.81404113769531
-103.611572265625,8.34967041015625,-99.03866577148438
-103.61602783203125,8.621963500976562,-99.30908203125
-103.5174560546875,8.892425537109375,-99.53120422363281
-103.72962951660156,8.967147827148438,-99.62362670898438
-103.71492004394531,9.381454467773438,-99.77011108398438
-103.55850219726562,9.771652221679688,-100.01774597167969
-103.62307739257812,9.9659423828125,-100.03778076171875
-103.65574645996094,10.14361572265625,-100.25935363769531
-103.48381042480469,10.399795532226562,-100.53826904296875
-103.59481811523438,10.5733642578125,-100.58575439453125
-103.57742309570312,10.731460571289062,-100.63722229003906
-103.68144226074219,10.976333618164062,-100.75135803222656
-103.89408874511719,11.228805541992188,-100.85665893554688
-103.92439270019531,11.307876586914062,-101.02432250976562
-103.82981872558594,11.615402221679688,-101.208984375
-104.06892395019531,11.7159423828125,-101.42556762695312
-104.0350341796875,12.0015869140625,-101.49591064453125
-103.89414978027344,12.258132934570312,-101.66676330566406
-103.85671997070312,12.402053833007812,-101.63282775878906
-103.84356689453125,12.3800048828125,-101.83451843261719
-103.94779968261719,12.62664794921875,-101.96046447753906
-104.24258422851562,12.777694702148438,-101.80809020996094
-104.13145446777344,12.838027954101562,-102.09149169921875
-104.07272338867188,12.769287109375,-102.01850891113281
-104.19685363769531,13.039627075195312,-102.14419555664062
-104.1519775390625,13.15948486328125,-102.42391967773438
-104.01200866699219,13.025955200195312,-102.49397277832031
-103.85365295410156,12.965713500976562,-102.47377014160156
-103.82640075683594,12.781417846679688,-102.44139099121094
-103.85655212402344,13.050979614257812,-102.48786926269531
-103.84107971191406,13.023040771484375,-102.33074951171875
-103.94551086425781,12.928192138671875,-102.38717651367188
-103.88638305664062,12.995864868164062,-102.50813293457031
-103.87809753417969,13.0487060546875,-102.43682861328125
-103.98112487792969,12.794113159179688,-102.35379028320312
-104.1932373046875,12.830581665039062,-102.57084655761719
-104.17031860351562,12.97503662109375,-102.50038146972656
-104.19648742675781,13.145797729492188,-102.46908569335938
-103.94636535644531,13.063613891601562,-102.59983825683594
-104.02914428710938,13.07763671875,-102.86343383789062
-103.95623779296875,13.285202026367188,-102.76838684082031
-104.13101196289062,13.288421630859375,-102.67250061035156
-104.15232849121094,13.068191528320312,-102.68138122558594
-104.11210632324219,12.91729736328125,-102.47038269042969
-103.99293518066406,12.92791748046875,-102.5194091796875
-104.02488708496094,13.172149658203125,-102.65354919433594
-104.14096069335938,13.18133544921875,-102.60983276367188
-103.94369506835938,13.308822631835938,-103.032958984375
-104.07044982910156,13.272979736328125,-102.94142150878906
-103.93634033203125,13.176513671875,-102.85380554199219
-103.79373168945312,13.176803588867188,-102.66206359863281
-103.92744445800781,12.926895141601562,-102.68586730957031
-103.85452270507812,13.011550903320312,-102.678466796875
-103.92662048339844,12.944244384765625,-102.74246215820312
-103.93516540527344,13.054473876953125,-102.51097106933594
-103.89994812011719,12.817642211914062,-102.29783630371094
-104.03707885742188,12.708938598632812,-102.41012573242188
-104.1201171875,12.672103881835938,-102.22265625
-104.36129760742188,12.741165161132812,-101.98487854003906
-104.47084045410156,12.698684692382812,-101.90463256835938
-104.20265197753906,12.666595458984375,-102.08296203613281
-104.19036865234375,12.605667114257812,-101.9595947265625
-104.11138916015625,12.518081665039062,-102.12226867675781
-104.18971252441406,12.573440551757812,-102.20562744140625
-104.13894653320312,12.5286865234375,-102.16397094726562
-104.23707580566406,12.598312377929688,-101.95223999023438
-104.09028625488281,12.7608642578125,-102.15522766113281
-104.27900695800781,12.7764892578125,-102.1263427734375
-104.2989501953125,12.862442016601562,-102.20036315917969
-104.65036010742188,12.89703369140625,-102.20297241210938
-104.59153747558594,12.816009521484375,-102.19126892089844
-104.57846069335938,13.038284301757812,-102.19313049316406
-104.89642333984375,13.001861572265625,-102.22406005859375
-105.03706359863281,13.08148193359375,-102.144287109375
-105.56681823730469,13.154251098632812,-102.23785400390625
-105.61715698242188,13.405548095703125,-102.17353820800781
-105.85250854492188,13.329910278320312,-102.05390930175781
-105.93815612792969,13.296356201171875,-102.01333618164062
-106.07742309570312,13.554595947265625,-102.05636596679688
-106.02322387695312,13.484939575195312,-102.27247619628906
-106.1048583984375,13.486373901367188,-102.287353515625
-106.09815979003906,13.556655883789062,-102.17626953125
-106.29666137695312,13.446121215820312,-102.17581176757812
-106.48503112792969,13.506439208984375,-102.2490234375
-106.61351013183594,13.4752197265625,-102.22999572753906
-106.54132080078125,13.639602661132812,-102.20573425292969
-106.53221130371094,13.58612060546875,-102.23062133789062
-106.62431335449219,13.64044189453125,-102.472900390625
-106.68772888183594,13.602066040039062,-102.55899047851562
-106.48829650878906,13.552291870117188,-102.54789733886719
-106.48918151855469,13.480606079101562,-102.53535461425781
-106.55825805664062,13.54608154296875,-102.63031005859375
-106.55665588378906,13.445907592773438,-102.33082580566406
-106.35142517089844,13.678115844726562,-102.62515258789062
-106.40927124023438,13.5772705078125,-102.56460571289062
-106.19496154785156,13.554901123046875,-102.55526733398438
-106.41802978515625,13.524429321289062,-102.60356140136719
-106.16670227050781,13.562835693359375,-102.24356079101562
-106.23860168457031,13.450897216796875,-102.24468994140625
-106.213134765625,13.436309814453125,-102.30587768554688
-106.31629943847656,13.307815551757812,-102.14877319335938
-106.36459350585938,13.331207275390625,-102.09869384765625
-106.39213562011719,13.42327880859375,-102.15887451171875
-106.3388671875,13.507400512695312,-102.34266662597656
-106.36589050292969,13.5830078125,-102.41310119628906
-106.59695434570312,13.56707763671875,-102.31292724609375
-106.50112915039062,13.486068725585938,-102.0728759765625
-106.34756469726562,13.522567749023438,-102.08863830566406
-106.40545654296875,13.4254150390625,-102.04173278808594
-106.5654296875,13.447463989257812,-101.97431945800781
-106.49468994140625,13.621810913085938,-102.05766296386719
-106.2845458984375,13.684188842773438,-102.24427795410156
-106.03718566894531,13.453567504882812,-102.28485107421875
-106.01762390136719,13.426239013671875,-102.33915710449219
-106.02188110351562,13.435333251953125,-102.28892517089844
-106.08738708496094,13.336624145507812,-102.20294189453125
-106.06381225585938,13.335647583007812,-102.01786804199219
-106.14924621582031,13.422943115234375,-102.00218200683594
-106.28807067871094,13.337890625,-102.03733825683594
-106.12216186523438,13.327545166015625,-102.13998413085938
-106.13630676269531,13.239364624023438,-102.09498596191406
-106.28572082519531,13.286361694335938,-101.91505432128906
-106.25294494628906,13.196884155273438,-101.99900817871094
-106.27325439453125,13.286468505859375,-102.06385803222656
-106.14732360839844,13.382247924804688,-102.0950927734375
-106.04815673828125,13.429519653320312,-102.03901672363281
-106.10792541503906,13.4332275390625,-102.06755065917969
-106.41653442382812,13.431167602539062,-102.42056274414062
-106.29862976074219,13.408859252929688,-102.56936645507812
-106.30532836914062,13.195892333984375,-102.4930419921875
-106.19784545898438,13.4146728515625,-102.5523681640625
-106.22593688964844,13.286483764648438,-102.43000793457031
-106.25180053710938,13.28094482421875,-102.37213134765625
-106.25762939453125,13.425064086914062,-102.24830627441406
-106.30223083496094,13.480789184570312,-102.20741271972656
-106.20223999023438,13.43060302734375,-102.10688781738281
-106.11387634277344,13.415908813476562,-102.20968627929688
-106.23626708984375,13.30706787109375,-102.4610595703125
-106.16963195800781,13.28863525390625,-102.54086303710938
-106.42095947265625,13.18426513671875,-102.17332458496094
-106.19081115722656,13.377761840820312,-102.22830200195312
-106.086181640625,13.5498046875,-102.09774780273438
-106.08912658691406,13.518890380859375,-101.92283630371094
-106.08470153808594,13.430862426757812,-102.01362609863281
-106.12443542480469,13.508956909179688,-102.10200500488281
-106.13267517089844,13.337646484375,-102.11262512207031
-106.06698608398438,13.287155151367188,-102.25538635253906
-106.13677978515625,13.328521728515625,-102.43229675292969
-106.29376220703125,13.4173583984375,-102.0877685546875
-106.46897888183594,13.47344970703125,-101.83055114746094
-106.23533630371094,13.496337890625,-101.98443603515625
-106.20292663574219,13.44195556640625,-102.12832641601562
-106.24945068359375,13.4273681640625,-102.08131408691406
-106.45425415039062,13.560989379882812,-102.2789306640625
-106.34542846679688,13.417098999023438,-102.24810791015625
-106.37701416015625,13.291732788085938,-102.29122924804688
-106.25648498535156,13.295730590820312,-102.2203369140625
-106.0689697265625,13.283966064453125,-102.23338317871094
-106.06929016113281,13.425750732421875,-102.25311279296875
-106.25794982910156,13.318862915039062,-102.0931396484375
-106.142578125,13.326385498046875,-102.07388305664062
-106.1036376953125,13.524124145507812,-102.08518981933594
-106.17153930664062,13.655914306640625,-102.04652404785156
-106.02713012695312,13.615463256835938,-102.28158569335938
-106.28219604492188,13.499710083007812,-102.18769836425781
-106.18156433105469,13.381134033203125,-102.26115417480469
-106.21446228027344,13.411697387695312,-102.21383666992188
-106.16079711914062,13.46533203125,-102.18122863769531
-106.08027648925781,13.611541748046875,-102.23435974121094
-106.25823974609375,13.59857177734375,-102.24977111816406
-106.41154479980469,13.6025390625,-102.404541015625
-106.39204406738281,13.561813354492188,-102.43771362304688
-106.43763732910156,13.59991455078125,-102.39938354492188
-106.40219116210938,13.65289306640625,-102.19981384277344
-106.43527221679688,13.646133422851562,-102.1240234375
-106.42207336425781,13.670989990234375,-102.20079040527344
-106.37431335449219,13.536834716796875,-102.43739318847656
-106.32682800292969,13.361846923828125,-102.49305725097656
-106.39707946777344,13.290328979492188,-102.36128234863281
-106.17913818359375,13.422317504882812,-102.15931701660156
-106.38063049316406,13.323532104492188,-102.04533386230469
-106.24468994140625,13.426483154296875,-102.27180480957031
-106.21910095214844,13.349899291992188,-102.25685119628906
-106.06539916992188,13.290008544921875,-102.45436096191406
-106.26148986816406,13.318389892578125,-102.50944519042969
-106.16549682617188,13.314895629882812,-102.36051940917969
-106.29183959960938,13.37115478515625,-102.25021362304688
-106.177734375,13.311553955078125,-102.19584655761719
-106.08676147460938,13.31402587890625,-102.01788330078125
-106.08078002929688,13.499832153320312,-102.215087890625
-106.01564025878906,13.536239624023438,-102.25120544433594
-105.96775817871094,13.677291870117188,-102.28501892089844
-105.88763427734375,13.667343139648438,-102.22216796875
-106.09147644042969,13.518478393554688,-102.20819091796875
-106.15597534179688,13.41119384765625,-102.20684814453125
-106.06997680664062,13.611068725585938,-102.33401489257812
-106.2322998046875,13.5262451171875,-102.34658813476562
-106.23699951171875,13.316085815429688,-102.32049560546875
-106.21791076660156,13.379425048828125,-102.29751586914062
-106.24441528320312,13.377212524414062,-102.20343017578125
-106.06338500976562,13.312591552734375,-102.2327880859375
-106.1226806640625,13.36981201171875,-102.24116516113281
-106.02386474609375,13.308883666992188,-102.16963195800781
-106.04754638671875,13.393157958984375,-102.17068481445312
-106.26861572265625,13.442153930664062,-102.21720886230469
-106.14456176757812,13.482070922851562,-102.29510498046875
-106.26809692382812,13.324417114257812,-102.31710815429688
-106.19436645507812,13.513916015625,-102.44850158691406
-106.32778930664062,13.427047729492188,-102.58485412597656
-106.43904113769531,13.418991088867188,-102.46049499511719
-106.26347351074219,13.57965087890625,-102.4940185546875
-106.35664367675781,13.675018310546875,-102.45901489257812
-106.25250244140625,13.78375244140625,-102.56787109375
-106.40719604492188,13.633895874023438,-102.49627685546875
-106.36842346191406,13.60791015625,-102.4892578125
-106.31059265136719,13.55206298828125,-102.490478515625
-106.15592956542969,13.682937622070312,-102.56672668457031
-106.05628967285156,13.435150146484375,-102.35049438476562
-106.20001220703125,13.538192749023438,-102.228515625
-106.06782531738281,13.621612548828125,-102.31015014648438
-106.03958129882812,13.533554077148438,-102.23286437988281
-106.13200378417969,13.498199462890625,-102.06259155273438
-106.24653625488281,13.507156372070312,-102.20887756347656
-106.16000366210938,13.485748291015625,-102.00688171386719
-106.09230041503906,13.688751220703125,-102.26780700683594
-106.27218627929688,13.619232177734375,-102.29460144042969
-106.22782897949219,13.506317138671875,-102.12193298339844
-106.16893005371094,13.459640502929688,-102.08537292480469
-106.37504577636719,13.4188232421875,-102.02195739746094
-106.33993530273438,13.509521484375,-102.17247009277344
-106.44963073730469,13.516342163085938,-102.41448974609375
-106.50466918945312,13.55853271484375,-102.33744812011719
-106.4423828125,13.615310668945312,-102.55975341796875
-106.4857177734375,13.42205810546875,-102.4935302734375
-106.44548034667969,13.438461303710938,-102.55784606933594
-106.61192321777344,13.646560668945312,-102.57244873046875
-106.54269409179688,13.687057495117188,-102.31599426269531
-106.57063293457031,13.65106201171875,-102.39494323730469
-106.41567993164062,13.828048706054688,-102.42745971679688
-106.32403564453125,13.69732666015625,-102.55715942382812
-106.37574768066406,13.599517822265625,-102.57289123535156
-106.52911376953125,13.481246948242188,-102.41450500488281
-106.58486938476562,13.581741333007812,-102.33293151855469
-106.48416137695312,13.581924438476562,-102.6185302734375
-106.514892578125,13.621383666992188,-102.68513488769531
-106.45623779296875,13.598785400390625,-102.59564208984375
-106.4359130859375,13.616226196289062,-102.62184143066406
-106.25814819335938,13.815902709960938,-102.57740783691406
-106.39573669433594,13.690460205078125,-102.60313415527344
-106.29872131347656,13.633193969726562,-102.34776306152344
-106.34994506835938,13.663772583007812,-102.44660949707031
-106.29986572265625,13.480392456054688,-102.62261962890625
-106.30075073242188,13.5076904296875,-102.62977600097656
-106.30897521972656,13.672760009765625,-102.58198547363281
-106.26216125488281,13.671585083007812,-102.52906799316406
-106.41030883789062,13.67657470703125,-102.53302001953125
-106.30641174316406,13.643295288085938,-102.51028442382812
-106.20896911621094,13.4947509765625,-102.34928894042969
-106.02888488769531,13.6956787109375,-102.30644226074219
-106.05009460449219,13.616607666015625,-102.38587951660156
-106.12200927734375,13.5726318359375,-102.44111633300781
-106.21588134765625,13.59393310546875,-102.45065307617188
-106.22286987304688,13.652908325195312,-102.57290649414062
-106.23805236816406,13.538009643554688,-102.62252807617188
-106.39128112792969,13.382720947265625,-102.38845825195312
-106.56861877441406,13.378082275390625,-102.42236328125
-106.18513488769531,13.534912109375,-102.52635192871094
-106.01284790039062,13.4246826171875,-102.65948486328125
-106.14576721191406,13.322952270507812,-102.75381469726562
-106.26510620117188,13.374114990234375,-102.43711853027344
-106.38752746582031,13.504013061523438,-102.26617431640625
-106.22198486328125,13.451171875,-102.29420471191406
-106.16400146484375,13.541259765625,-102.28858947753906
-106.07252502441406,13.445816040039062,-102.25813293457031
-106.192626953125,13.606842041015625,-102.30422973632812
-106.26753234863281,13.788665771484375,-102.43643188476562
-106.16752624511719,13.679763793945312,-102.43852233886719
-106.29100036621094,13.591445922851562,-102.31060791015625
-106.28707885742188,13.5648193359375,-102.04721069335938
-106.42324829101562,13.627273559570312,-102.11726379394531
-106.14695739746094,13.810806274414062,-102.22393798828125
-106.00736999511719,13.7005615234375,-102.40321350097656
-105.90643310546875,13.5557861328125,-102.19961547851562
-106.00218200683594,13.664031982421875,-102.33418273925781
-105.9110107421875,13.570846557617188,-102.54949951171875
-105.98310852050781,13.798873901367188,-102.55227661132812
-106.05926513671875,13.732223510742188,-102.27848815917969
-105.9903564453125,13.64166259765625,-102.23348999023438
-106.12142944335938,13.6455078125,-102.2994384765625
-106.08811950683594,13.668869018554688,-102.17207336425781
-106.01693725585938,13.612014770507812,-102.25071716308594
-106.20681762695312,13.6302490234375,-102.03776550292969
-106.04508972167969,13.66461181640625,-102.03993225097656
-106.08367919921875,13.45654296875,-101.96214294433594
-106.15106201171875,13.475616455078125,-101.86692810058594
-106.00482177734375,13.297515869140625,-102.13906860351562
-106.09628295898438,13.407440185546875,-102.05973815917969
-106.11216735839844,13.344436645507812,-102.11705017089844
-106.15763854980469,13.423797607421875,-102.19903564453125
-106.25672912597656,13.215438842773438,-102.27354431152344
-106.03157043457031,13.290374755859375,-102.17294311523438
-106.22431945800781,13.374984741210938,-102.29098510742188
-106.24734497070312,13.427459716796875,-102.197265625
-106.07994079589844,13.375534057617188,-102.57695007324219
-106.02833557128906,13.32379150390625,-102.55293273925781
-106.06495666503906,13.36474609375,-102.45576477050781
-106.28150939941406,13.281478881835938,-102.20655822753906
-106.18861389160156,13.3526611328125,-102.42369079589844
-106.25395202636719,13.42230224609375,-102.48805236816406
-106.01287841796875,13.34857177734375,-102.52548217773438
-106.22979736328125,13.34906005859375,-102.58908081054688
-106.19438171386719,13.334213256835938,-102.32148742675781
-106.15853881835938,13.551040649414062,-102.44807434082031
-106.12724304199219,13.693496704101562,-102.44020080566406
-106.04914855957031,13.621856689453125,-102.29541015625
-106.14669799804688,13.414871215820312,-102.17851257324219
-106.14198303222656,13.362350463867188,-102.29148864746094
-105.90530395507812,13.416427612304688,-102.19709777832031
-106.061279296875,13.337921142578125,-102.44659423828125
-106.19987487792969,13.537567138671875,-102.54890441894531
-106.08633422851562,13.5,-102.58709716796875
-106.1336669921875,13.527206420898438,-102.41447448730469
-106.22845458984375,13.430618286132812,-102.32369995117188
-106.2069091796875,13.54888916015625,-102.44668579101562
-106.2591552734375,13.661575317382812,-102.51890563964844
-106.44265747070312,13.648345947265625,-102.49174499511719
-106.20761108398438,13.743759155273438,-102.58158874511719
-106.14129638671875,13.572341918945312,-102.39625549316406
-105.92825317382812,13.682846069335938,-102.18597412109375
-106.12469482421875,13.331558227539062,-102.30021667480469
-106.3656005859375,13.291854858398438,-102.26737976074219
-106.22673034667969,13.55841064453125,-102.24136352539062
-106.44796752929688,13.448257446289062,-102.21206665039062
-106.38346862792969,13.463333129882812,-102.29556274414062
-106.45512390136719,13.569320678710938,-102.2183837890625
-106.27593994140625,13.589157104492188,-102.2698974609375
-106.08590698242188,13.6805419921875,-102.2010498046875
-106.25289916992188,13.666519165039062,-102.14620971679688
-106.405029296875,13.6329345703125,-101.99452209472656
-106.24716186523438,13.6470947265625,-102.13648986816406
-106.12059020996094,13.583114624023438,-102.25048828125
-106.23463439941406,13.582382202148438,-102.31019592285156
-106.15878295898438,13.616500854492188,-102.17196655273438
-106.15054321289062,13.564773559570312,-102.31297302246094
-106.40577697753906,13.581756591796875,-102.30247497558594
-106.27915954589844,13.570480346679688,-102.29014587402344
-106.326904296875,13.658035278320312,-101.95332336425781
-106.21995544433594,13.581375122070312,-101.87850952148438
-106.14935302734375,13.58648681640625,-101.97633361816406
-106.07685852050781,13.521957397460938,-101.86100769042969
-106.26657104492188,13.553695678710938,-102.02041625976562
-106.43089294433594,13.414215087890625,-102.11134338378906
-106.16629028320312,13.292190551757812,-102.09622192382812
-106.12265014648438,13.291488647460938,-101.94340515136719
-106.10527038574219,13.512451171875,-102.09405517578125
-106.04792785644531,13.516098022460938,-102.1236572265625
-106.11885070800781,13.64471435546875,-102.13041687011719
-106.23460388183594,13.567733764648438,-102.11807250976562
-106.04551696777344,13.782241821289062,-102.06523132324219
-106.066162109375,13.586944580078125,-101.85693359375
-106.23397827148438,13.624481201171875,-101.89433288574219
-106.05140686035156,13.674301147460938,-102.07026672363281
-106.14659118652344,13.3970947265625,-102.15702819824219
-106.30537414550781,13.297225952148438,-102.18925476074219
-106.0760498046875,13.4234619140625,-102.08271789550781
-106.33796691894531,13.41168212890625,-102.07403564453125
-106.20411682128906,13.547439575195312,-102.0257568359375
-106.38661193847656,13.612335205078125,-102.02166748046875
-106.08616638183594,13.619277954101562,-102.14701843261719
-106.07206726074219,13.623992919921875,-102.13847351074219
-106.05795288085938,13.564682006835938,-102.07298278808594
-106.09442138671875,13.6328125,-102.15339660644531
-106.13046264648438,13.564071655273438,-102.07333374023438
-106.24366760253906,13.593215942382812,-102.07432556152344
-106.26420593261719,13.625,-102.19639587402344
-106.21762084960938,13.635940551757812,-102.37762451171875
-106.19532775878906,13.571624755859375,-102.40733337402344
-106.24072265625,13.579605102539062,-102.24552917480469
-106.19129943847656,13.685028076171875,-102.22624206542969
-106.10444641113281,13.416732788085938,-102.00634765625
-105.90069580078125,13.467880249023438,-102.1951904296875
-106.15921020507812,13.425765991210938,-102.27484130859375
-106.23408508300781,13.374969482421875,-102.13572692871094
-106.16754150390625,13.466720581054688,-102.09375
-106.38302612304688,13.436203002929688,-102.02973937988281
-106.36643981933594,13.544204711914062,-102.12092590332031
-106.212890625,13.592178344726562,-102.15379333496094
-106.24618530273438,13.547760009765625,-102.04489135742188
-106.27912902832031,13.650802612304688,-102.02333068847656
-106.19972229003906,13.567001342773438,-102.238525390625
-106.23426818847656,13.597549438476562,-102.30551147460938
-106.1534423828125,13.66021728515625,-102.18252563476562
-106.15333557128906,13.6317138671875,-102.24525451660156
-106.04067993164062,13.4278564453125,-102.54551696777344
-106.13494873046875,13.348648071289062,-102.40342712402344
-106.10905456542969,13.631256103515625,-102.22837829589844
-106.42225646972656,13.6304931640625,-102.22779846191406
-106.29277038574219,13.6666259765625,-102.5159912109375
-106.23670959472656,13.607559204101562,-102.49226379394531
-106.41558837890625,13.621170043945312,-102.68011474609375
-106.32208251953125,13.614700317382812,-102.51904296875
-106.47027587890625,13.425857543945312,-102.51632690429688
-106.31510925292969,13.553512573242188,-102.60313415527344
-106.33711242675781,13.460311889648438,-102.62031555175781
-106.49188232421875,13.388717651367188,-102.56326293945312
-106.36407470703125,13.357666015625,-102.59693908691406
-106.42095947265625,13.279342651367188,-102.33610534667969
-106.3978271484375,13.418792724609375,-102.21174621582031
-106.33354187011719,13.304412841796875,-102.19169616699219
-106.40936279296875,13.525161743164062,-102.25250244140625
-106.17413330078125,13.557571411132812,-102.01002502441406
-106.22128295898438,13.5196533203125,-102.00788879394531
-106.37705993652344,13.439910888671875,-102.05870056152344
-106.40556335449219,13.693756103515625,-102.28485107421875
-106.33998107910156,13.67401123046875,-102.24075317382812
-106.0184326171875,13.794891357421875,-102.20037841796875
-106.11354064941406,13.637054443359375,-102.28749084472656
-106.06257629394531,13.586151123046875,-102.00874328613281
-106.25550842285156,13.732070922851562,-101.98428344726562
-106.07803344726562,13.836929321289062,-102.0440673828125
-106.14775085449219,13.778106689453125,-102.11335754394531
-106.1285400390625,13.682449340820312,-102.20309448242188
-105.90928649902344,13.595108032226562,-102.36676025390625
-106.02830505371094,13.612884521484375,-102.39665222167969
-106.12876892089844,13.6326904296875,-102.56294250488281
-106.29115295410156,13.5372314453125,-102.54713439941406
-106.02879333496094,13.502960205078125,-102.45527648925781
-106.00448608398438,13.675247192382812,-102.35212707519531
-106.13478088378906,13.62451171875,-102.33309936523438
-106.07881164550781,13.6551513671875,-102.29449462890625
-106.17916870117188,13.614837646484375,-102.14793395996094
-106.14961242675781,13.648712158203125,-102.27706909179688
-106.229736328125,13.557571411132812,-102.21897888183594
-106.23104858398438,13.612350463867188,-102.14073181152344
-106.44978332519531,13.67694091796875,-102.13385009765625
-106.33790588378906,13.595001220703125,-102.04219055175781
-106.40736389160156,13.47821044921875,-101.84797668457031
-106.42112731933594,13.420501708984375,-101.86717224121094
-106.57383728027344,13.555618286132812,-101.73171997070312
-106.21353149414062,13.60699462890625,-102.07171630859375
-106.27128601074219,13.68267822265625,-102.09335327148438
-106.25935363769531,13.294235229492188,-102.02711486816406
-105.94914245605469,13.403427124023438,-102.0897216796875
-106.0545654296875,13.423629760742188,-102.2493896484375
-105.93116760253906,13.665481567382812,-102.06028747558594
-105.87872314453125,13.686614990234375,-101.96290588378906
-105.96064758300781,13.6160888671875,-102.06779479980469
-106.05877685546875,13.71136474609375,-102.2752685546875
-105.97525024414062,13.7061767578125,-102.19134521484375
-106.03608703613281,13.669891357421875,-102.02735900878906
-106.16398620605469,13.646148681640625,-102.11166381835938
-105.94247436523438,13.803909301757812,-102.22958374023438
-106.01921081542969,13.73504638671875,-102.0902099609375
-106.05479431152344,13.600875854492188,-101.91876220703125
-106.00277709960938,13.600982666015625,-102.10874938964844
-106.02381896972656,13.80096435546875,-102.03627014160156
-105.97042846679688,13.585372924804688,-102.11943054199219
-105.88032531738281,13.686676025390625,-102.1236572265625
-105.99070739746094,13.439834594726562,-102.02456665039062
-105.88261413574219,13.66552734375,-102.25250244140625
-106.05372619628906,13.53302001953125,-102.25717163085938
-106.28549194335938,13.4605712890625,-102.40060424804688
-106.32907104492188,13.302978515625,-102.40345764160156
-106.06114196777344,13.307418823242188,-102.28500366210938
-106.194091796875,13.375930786132812,-102.13543701171875
-106.26911926269531,13.466400146484375,-102.0977783203125
-106.18394470214844,13.427398681640625,-102.0640869140625
-106.08474731445312,13.306549072265625,-102.21064758300781
-106.00582885742188,13.300445556640625,-102.40866088867188
-106.22935485839844,13.374755859375,-102.34417724609375
-106.18415832519531,13.297653198242188,-102.52622985839844
-106.22012329101562,13.421401977539062,-102.49513244628906
-106.25503540039062,13.36334228515625,-102.18086242675781
-106.14163208007812,13.54705810546875,-102.40402221679688
-105.9188232421875,13.30206298828125,-102.44091796875
-106.07833862304688,13.2752685546875,-102.26298522949219
-106.1612548828125,13.323516845703125,-102.11578369140625
-106.13467407226562,13.343307495117188,-102.09236145019531
-106.21897888183594,13.2613525390625,-102.110107421875
-106.090576171875,13.25201416015625,-102.21989440917969
-106.09976196289062,13.291549682617188,-102.35980224609375
-106.02210998535156,13.42266845703125,-102.40574645996094
-106.22186279296875,13.380706787109375,-102.36557006835938
-106.08099365234375,13.309585571289062,-102.25856018066406
-106.23538208007812,13.40728759765625,-102.2379150390625
-106.14894104003906,13.181488037109375,-102.32156372070312
-105.96945190429688,13.239517211914062,-102.3094482421875
-105.90199279785156,13.401763916015625,-102.52169799804688
-106.14009094238281,13.308181762695312,-102.48854064941406
-106.046630859375,13.456649780273438,-102.48275756835938
-106.06504821777344,13.475204467773438,-102.39183044433594
-106.0146484375,13.306594848632812,-102.48104858398438
-105.98735046386719,13.325607299804688,-102.75645446777344
-105.95785522460938,13.419845581054688,-102.7291259765625
-105.94491577148438,13.33599853515625,-102.70777893066406
-105.90768432617188,13.502410888671875,-102.4559326171875
-106.08349609375,13.514144897460938,-102.32759094238281
-106.10752868652344,13.621566772460938,-102.36958312988281
-106.29838562011719,13.430374145507812,-102.32734680175781
-106.21798706054688,13.461471557617188,-102.33633422851562
-106.23873901367188,13.392837524414062,-102.21121215820312
-106.00912475585938,13.410385131835938,-102.45054626464844
-106.02816772460938,13.282958984375,-102.40174865722656
-105.97270202636719,13.483779907226562,-102.42741394042969
-106.15324401855469,13.4171142578125,-102.27186584472656
-106.05683898925781,13.320144653320312,-102.2628173828125
-106.03622436523438,13.478286743164062,-102.212646484375
-106.04560852050781,13.54949951171875,-102.26737976074219
-106.10400390625,13.58551025390625,-102.18022155761719
-106.21029663085938,13.587448120117188,-102.19142150878906
-106.17019653320312,13.634674072265625,-102.28765869140625
-106.17707824707031,13.415481567382812,-102.16972351074219
-106.08551025390625,13.511306762695312,-102.30888366699219
-106.04100036621094,13.421142578125,-102.19471740722656
-105.88401794433594,13.552871704101562,-102.0433349609375
-105.87361145019531,13.297805786132812,-102.21713256835938
-106.00733947753906,13.289825439453125,-102.19924926757812
-105.87245178222656,13.459884643554688,-102.05142211914062
-106.1961669921875,13.427902221679688,-102.00566101074219
-106.29537963867188,13.515228271484375,-102.06512451171875
-106.11592102050781,13.556640625,-102.22380065917969
-105.89454650878906,13.480880737304688,-102.21156311035156
-105.87554931640625,13.643753051757812,-102.10372924804688
-106.02259826660156,13.612014770507812,-102.22970581054688
-106.08650207519531,13.626876831054688,-102.13539123535156
-106.06558227539062,13.607406616210938,-102.21321105957031
-106.02268981933594,13.685989379882812,-102.25619506835938
-105.97367858886719,13.599349975585938,-102.39997863769531
-105.99322509765625,13.757858276367188,-102.56758117675781
-105.884033203125,13.833267211914062,-102.74203491210938
-106.01507568359375,13.788482666015625,-102.36647033691406
-105.87263488769531,13.779891967773438,-102.28340148925781
-105.91444396972656,13.643341064453125,-102.12013244628906
-105.97010803222656,13.592742919921875,-102.07164001464844
-106.03611755371094,13.827880859375,-102.02696228027344
-106.29579162597656,13.758743286132812,-101.98091125488281
-106.34065246582031,13.735641479492188,-101.78395080566406
-106.21487426757812,13.786270141601562,-102.09754943847656
-106.30165100097656,13.820144653320312,-102.13374328613281
-106.0484619140625,13.82012939453125,-102.05026245117188
-106.13258361816406,13.959609985351562,-102.27784729003906
-106.07241821289062,13.756866455078125,-102.34596252441406
-106.09046936035156,13.769577026367188,-102.1710205078125
-106.05706787109375,13.706588745117188,-102.18605041503906
-106.10133361816406,13.754714965820312,-102.28990173339844
-106.06260681152344,13.79705810546875,-102.38645935058594
-106.40885925292969,13.769851684570312,-102.39936828613281
-106.18038940429688,13.945693969726562,-102.38449096679688
-106.12513732910156,13.842559814453125,-102.61807250976562
-106.20361328125,13.835433959960938,-102.53744506835938
-106.2154541015625,13.811416625976562,-102.58436584472656
-106.19114685058594,13.716644287109375,-102.36795043945312
-106.44183349609375,13.640899658203125,-102.4400634765625
-106.03451538085938,13.606491088867188,-102.46665954589844
-106.18194580078125,13.655715942382812,-102.45909118652344
-106.15876770019531,13.580825805664062,-102.38134765625
-106.3466796875,13.628204345703125,-102.63236999511719
-106.16069030761719,13.584381103515625,-102.59500122070312
-106.15115356445312,13.512664794921875,-102.48478698730469
-106.17861938476562,13.644577026367188,-102.45849609375
-106.27162170410156,13.483612060546875,-102.02857971191406
-106.0487060546875,13.4805908203125,-102.022216796875
-106.08021545410156,13.515716552734375,-102.09097290039062
-105.88746643066406,13.693008422851562,-102.05145263671875
-105.99322509765625,13.632797241210938,-102.30165100097656
-105.53897094726562,13.286346435546875,-102.06643676757812
-104.89485168457031,13.202239990234375,-102.22549438476562
-104.56613159179688,13.02685546875,-102.18960571289062
-104.26356506347656,12.986785888671875,-102.39616394042969
-104.32612609863281,12.7744140625,-102.28829956054688
-104.32426452636719,12.931747436523438,-102.32730102539062
-104.24752807617188,12.961288452148438,-102.42291259765625
-104.10406494140625,12.855239868164062,-102.28927612304688
-104.17919921875,12.640335083007812,-102.15530395507812
-104.18919372558594,12.855728149414062,-101.96699523925781
-104.21281433105469,12.772140502929688,-102.15103149414062
-103.88389587402344,12.561874389648438,-102.24258422851562
-103.67735290527344,12.424636840820312,-102.205078125
-103.41633605957031,12.35675048828125,-102.26155090332031
-103.02909851074219,12.340805053710938,-102.38804626464844
-102.87870788574219,12.00360107421875,-102.50337219238281
-102.45994567871094,11.874862670898438,-102.49723815917969
-102.21275329589844,11.857437133789062,-102.49479675292969
-101.86575317382812,11.504165649414062,-102.39909362792969
-101.42172241210938,11.338027954101562,-102.45864868164062
-101.27267456054688,11.283157348632812,-102.36457824707031
-101.15007019042969,11.100921630859375,-102.28594970703125
-101.07675170898438,10.915939331054688,-102.22438049316406
-100.75999450683594,10.804351806640625,-102.45175170898438
-100.71908569335938,10.880035400390625,-102.35455322265625
-100.73554992675781,10.937042236328125,-102.3424072265625
-100.65031433105469,10.9097900390625,-102.43536376953125
-100.54669189453125,10.75994873046875,-102.41078186035156
-100.59829711914062,10.697799682617188,-102.17304992675781
-100.77803039550781,10.781356811523438,-102.44416809082031
-100.95286560058594,10.703704833984375,-102.25979614257812
-100.99623107910156,10.827102661132812,-102.23614501953125
-101.01042175292969,10.943283081054688,-102.19502258300781
-100.9796142578125,10.836822509765625,-102.18241882324219
-101.08657836914062,10.81390380859375,-102.19894409179688
-101.08857727050781,10.876846313476562,-102.33169555664062
-100.96018981933594,10.823440551757812,-102.4232177734375
-101.05287170410156,10.851699829101562,-102.2855224609375
-101.11572265625,10.817855834960938,-102.28085327148438
-101.15129089355469,11.007659912109375,-102.33399963378906
-101.31381225585938,11.01361083984375,-102.3709716796875
-101.03213500976562,10.800277709960938,-102.48347473144531
-100.68621826171875,10.438705444335938,-102.67108154296875
-100.42984008789062,10.08392333984375,-102.49569702148438
-99.709228515625,9.58563232421875,-102.45767211914062
-98.99085998535156,9.146469116210938,-102.62071228027344
-98.09248352050781,8.741775512695312,-102.91757202148438
-97.49002075195312,8.542861938476562,-103.22666931152344
-96.92529296875,8.375564575195312,-103.25982666015625
-96.42784118652344,8.06396484375,-103.40028381347656
-96.15556335449219,7.7297210693359375,-103.31007385253906
-95.77914428710938,7.1637420654296875,-103.12351989746094
-95.64190673828125,6.62628173828125,-102.80174255371094
-95.55397033691406,6.1890716552734375,-102.57904052734375
-95.4085693359375,5.3709259033203125,-102.06120300292969
-95.09257507324219,4.590911865234375,-102.13040161132812
-94.87226867675781,3.5533905029296875,-101.67576599121094
-94.58119201660156,2.5165863037109375,-101.5848388671875
-94.24586486816406,1.6046600341796875,-101.41627502441406
-94.15019226074219,0.61322021484375,-101.33543395996094
-93.81809997558594,0.0201568603515625,-101.08534240722656
-93.71916198730469,-0.6831207275390625,-100.93684387207031
-93.382568359375,-1.5107879638671875,-100.87088012695312
-93.32479858398438,-2.338897705078125,-100.59213256835938
-93.14234924316406,-3.014862060546875,-100.44952392578125
-93.35202026367188,-3.41522216796875,-100.07322692871094
-93.43669128417969,-3.852081298828125,-99.83157348632812
-93.7537841796875,-4.4658966064453125,-99.52507019042969
-94.01411437988281,-4.9574737548828125,-99.2572021484375
-94.33116149902344,-5.179840087890625,-98.88961791992188
-94.57792663574219,-5.62152099609375,-98.5517578125
-94.84393310546875,-5.9777374267578125,-98.06242370605469
-95.05255126953125,-6.39404296875,-97.74673461914062
-95.29368591308594,-6.76434326171875,-97.63912963867188
-95.41194152832031,-7.10552978515625,-97.35289001464844
-95.42649841308594,-7.5506134033203125,-97.29164123535156
-95.57106018066406,-7.9953765869140625,-97.04167175292969
-95.71940612792969,-8.419998168945312,-97.02195739746094
-95.75932312011719,-8.832122802734375,-96.97378540039062
-95.93389892578125,-9.226730346679688,-97.0262451171875
-96.11628723144531,-9.748275756835938,-96.89071655273438
-96.05209350585938,-9.80133056640625,-96.77255249023438
-96.40092468261719,-10.097747802734375,-96.60113525390625
-96.46275329589844,-10.42413330078125,-96.52908325195312
-96.64378356933594,-10.67822265625,-96.39102172851562
-96.86323547363281,-10.742813110351562,-96.16030883789062
-97.01666259765625,-10.902084350585938,-96.19541931152344
-97.06448364257812,-11.008834838867188,-96.16712951660156
-97.14915466308594,-11.162185668945312,-96.19880676269531
-97.08914184570312,-11.32708740234375,-96.22561645507812
-96.93418884277344,-11.493499755859375,-96.17988586425781
-96.904052734375,-11.401763916015625,-96.25677490234375
-97.03857421875,-11.672714233398438,-96.32234191894531
-96.907958984375,-11.97943115234375,-96.33131408691406
-96.7685546875,-12.168746948242188,-96.20133972167969
-96.72923278808594,-12.289566040039062,-96.2325439453125
-96.66450500488281,-12.351226806640625,-96.28941345214844
-96.50015258789062,-12.484664916992188,-96.39547729492188
-96.29759216308594,-12.49749755859375,-96.52511596679688
-96.1009521484375,-12.57275390625,-96.78433227539062
-96.08384704589844,-12.56793212890625,-96.94967651367188
-95.91366577148438,-12.807220458984375,-96.760986328125
-95.65107727050781,-12.952484130859375,-96.67359924316406
-95.67259216308594,-12.941543579101562,-96.93385314941406
-95.67976379394531,-12.993423461914062,-97.09187316894531
-95.55497741699219,-12.860183715820312,-97.06990051269531
-95.62187194824219,-12.886337280273438,-97.048828125
-95.586669921875,-12.718841552734375,-97.00079345703125
-95.57438659667969,-12.621627807617188,-97.25422668457031
-95.359619140625,-12.27984619140625,-97.2362060546875
-95.54170227050781,-12.137649536132812,-97.26493835449219
-95.49900817871094,-11.893203735351562,-97.34210205078125
-95.39178466796875,-12.133819580078125,-97.29600524902344
-95.13182067871094,-12.220169067382812,-97.3140869140625
-94.94544982910156,-12.17974853515625,-97.58221435546875
-94.76318359375,-12.213821411132812,-97.7298583984375
-94.73614501953125,-12.161834716796875,-97.66502380371094
-94.58779907226562,-12.060989379882812,-97.7152099609375
-94.23876953125,-11.904815673828125,-97.71434020996094
-94.07044982910156,-11.984756469726562,-97.8443603515625
-94.16401672363281,-11.919403076171875,-97.89703369140625
-94.30659484863281,-11.954315185546875,-98.2098388671875
-94.21543884277344,-11.728118896484375,-97.93603515625
-94.25204467773438,-11.657699584960938,-97.97708129882812
-94.08938598632812,-11.41168212890625,-98.17355346679688
-93.73292541503906,-11.3533935546875,-98.19796752929688
-93.79345703125,-11.472091674804688,-98.3211669921875
-93.83824157714844,-11.538848876953125,-98.32106018066406
-94.01637268066406,-11.574661254882812,-98.31521606445312
-93.91574096679688,-11.559127807617188,-98.44003295898438
-93.92939758300781,-11.6083984375,-98.2921142578125
-93.91850280761719,-11.71112060546875,-98.18815612792969
-93.8839111328125,-11.553207397460938,-98.38052368164062
-94.064697265625,-11.45281982421875,-98.48188781738281
-94.16114807128906,-11.41058349609375,-98.64524841308594
-94.29258728027344,-11.296005249023438,-98.71868896484375
-94.20121765136719,-11.2952880859375,-98.59878540039062
-94.02973937988281,-11.223175048828125,-98.71224975585938
-94.29582214355469,-11.065628051757812,-98.72956848144531
-94.39471435546875,-11.150192260742188,-98.72329711914062
-94.50187683105469,-11.051300048828125,-98.78298950195312
-94.71577453613281,-11.051406860351562,-98.83224487304688
-94.73622131347656,-10.98681640625,-99.05024719238281
-94.96095275878906,-10.997726440429688,-99.01626586914062
-94.95579528808594,-10.828369140625,-99.21641540527344
-95.1422119140625,-10.685134887695312,-99.15696716308594
-95.22819519042969,-10.637496948242188,-98.77349853515625
-95.49545288085938,-10.397445678710938,-98.80258178710938
-95.81187438964844,-10.291152954101562,-98.86021423339844
-96.11955261230469,-10.164306640625,-98.76545715332031
-96.56440734863281,-10.0323486328125,-98.55227661132812
-96.85807800292969,-9.90948486328125,-98.20013427734375
-97.14968872070312,-9.725921630859375,-98.08457946777344
-97.68400573730469,-9.2354736328125,-97.80850219726562
-97.93452453613281,-8.89727783203125,-97.46076965332031
-98.27717590332031,-8.466033935546875,-96.98976135253906
-98.60113525390625,-8.001022338867188,-96.72698974609375
-98.97540283203125,-7.2927398681640625,-96.38729858398438
-99.04472351074219,-6.6788482666015625,-96.01910400390625
-98.81027221679688,-5.8309326171875,-95.61112976074219
-98.68305969238281,-5.0933685302734375,-95.1168212890625
-98.185546875,-4.3001251220703125,-94.62240600585938
-97.68162536621094,-3.5374755859375,-94.34495544433594
-97.02052307128906,-2.6961212158203125,-94.10066223144531
-95.98011779785156,-2.0152740478515625,-93.78736877441406
-95.34036254882812,-1.5052032470703125,-93.52986145019531
-94.47157287597656,-0.9263153076171875,-93.35923767089844
-93.38526916503906,-0.5374603271484375,-93.03529357910156
-92.45057678222656,0.0665130615234375,-93.08413696289062
-91.66436767578125,0.6103973388671875,-92.89820861816406
-90.67990112304688,1.1774444580078125,-92.76211547851562
-90.03575134277344,1.7285614013671875,-92.63674926757812
-89.25920104980469,2.370849609375,-92.54182434082031
-88.87127685546875,3.0628662109375,-91.8072509765625
-88.23225402832031,3.7873077392578125,-91.26052856445312
-87.93400573730469,4.74298095703125,-90.80278015136719
-87.7161865234375,5.83428955078125,-90.3634033203125
-87.81658935546875,7.2594757080078125,-89.62374877929688
-88.32743835449219,9.259536743164062,-89.11602783203125
-89.27336120605469,11.692245483398438,-89.01515197753906
-90.67366027832031,14.996444702148438,-89.10627746582031
-92.81791687011719,18.923782348632812,-89.95657348632812
-95.69757080078125,23.076339721679688,-92.01109313964844
-99.46922302246094,27.101898193359375,-95.36233520507812
-103.67784118652344,30.855911254882812,-100.255859375
-108.81256103515625,34.92591857910156,-106.27517700195312
-116.55451965332031,43.46241760253906,-111.54252624511719
-126.17143249511719,53.37335205078125,-113.8236083984375
-131.6751251220703,56.687652587890625,-114.06300354003906
-132.52249145507812,56.65571594238281,-114.15168762207031
-132.6040496826172,56.819732666015625,-114.1038818359375
-132.54200744628906,57.038238525390625,-114.09455871582031
-132.67422485351562,57.222320556640625,-114.08004760742188
-132.7750701904297,57.46504211425781,-113.9512939453125
-132.81060791015625,57.55601501464844,-113.97969055175781
-132.79446411132812,57.561737060546875,-114.030029296875
-132.5724639892578,57.8734130859375,-113.94638061523438
-132.512451171875,58.00384521484375,-113.97203063964844
-132.478759765625,58.0355224609375,-114.01432800292969
-132.6659698486328,58.27220153808594,-113.87583923339844
-132.62939453125,58.36553955078125,-113.7276611328125
-132.61459350585938,58.51824951171875,-113.69483947753906
-132.62078857421875,58.756866455078125,-113.87506103515625
-132.85787963867188,58.66807556152344,-113.9798583984375
-132.90643310546875,58.62449645996094,-114.11714172363281
-132.8648223876953,58.964202880859375,-114.41055297851562
-132.93780517578125,59.06907653808594,-114.38005065917969
-132.91493225097656,59.01811218261719,-114.20616149902344
-132.75914001464844,59.197174072265625,-114.19822692871094
-132.7744903564453,59.19891357421875,-114.04241943359375
-132.81646728515625,59.353759765625,-113.97715759277344
-132.7433319091797,59.46600341796875,-114.14883422851562
-132.62342834472656,59.45428466796875,-114.02670288085938
-132.639404296875,59.55558776855469,-113.78474426269531
-132.68373107910156,59.70048522949219,-113.55636596679688
-132.6468505859375,60.0203857421875,-113.79763793945312
-132.74203491210938,60.10040283203125,-113.75010681152344
-132.7251434326172,60.323822021484375,-113.56195068359375
-132.77357482910156,60.492279052734375,-113.64057922363281
-133.06922912597656,60.81587219238281,-113.62969970703125
-133.112060546875,60.81817626953125,-113.56149291992188
-133.51010131835938,60.86170959472656,-113.46588134765625
-133.60833740234375,60.87718200683594,-113.51850891113281
-133.62515258789062,61.12910461425781,-113.33389282226562
-133.56602478027344,61.108612060546875,-113.35400390625
-133.42665100097656,61.040374755859375,-113.43841552734375
-133.11636352539062,61.01239013671875,-113.70002746582031
-132.7184600830078,61.0675048828125,-113.73472595214844
-132.58384704589844,61.07524108886719,-114.08695983886719
-132.5960693359375,61.02886962890625,-114.17214965820312
-132.708251953125,61.16925048828125,-114.0787353515625
-133.19956970214844,61.45872497558594,-113.8792724609375
-133.3959503173828,61.81501770019531,-113.68679809570312
-133.93316650390625,62.33995056152344,-113.47486877441406
-134.37779235839844,62.87748718261719,-113.49900817871094
-134.75717163085938,63.53302001953125,-113.42977905273438
-135.08387756347656,64.27592468261719,-113.27944946289062
-135.5778350830078,64.93952941894531,-113.08370971679688
-135.8692169189453,65.65463256835938,-113.01901245117188
-136.08657836914062,66.20295715332031,-112.82499694824219
-136.4182586669922,67.13291931152344,-112.69502258300781
-136.8198699951172,67.9949951171875,-112.478271484375
-137.1972198486328,68.67024230957031,-112.52767944335938
-137.54627990722656,69.502197265625,-112.62472534179688
-137.7390594482422,70.29736328125,-112.54389953613281
-138.04730224609375,71.23556518554688,-112.73236083984375
-138.5654754638672,71.89675903320312,-113.17984008789062
-138.67417907714844,72.71034240722656,-113.32106018066406
-138.6651611328125,73.47740173339844,-113.71644592285156
-138.8214569091797,74.14933776855469,-113.67646789550781
-138.63697814941406,74.70602416992188,-114.10379028320312
-138.7149200439453,75.03097534179688,-114.23483276367188
-138.87240600585938,75.57374572753906,-114.56207275390625
-138.8880615234375,76.04676818847656,-114.68901062011719
-138.748291015625,76.36785888671875,-114.83840942382812
-138.76930236816406,76.77828979492188,-115.1666259765625
-138.86724853515625,77.22648620605469,-115.3812255859375
-138.95140075683594,77.635986328125,-115.67741394042969
-139.24127197265625,78.1134033203125,-115.82551574707031
-139.38002014160156,78.53312683105469,-116.13182067871094
-139.39564514160156,78.82379150390625,-116.42689514160156
-139.5339813232422,79.0540771484375,-116.45079040527344
-139.62742614746094,79.44100952148438,-116.75804138183594
-139.6905975341797,79.79296875,-116.75204467773438
-140.12637329101562,80.05326843261719,-116.61993408203125
-140.0376434326172,80.47056579589844,-116.78115844726562
-140.17916870117188,80.49803161621094,-116.7406005859375
-140.54190063476562,80.62754821777344,-116.77354431152344
-140.5936279296875,81.05363464355469,-117.04193115234375
-140.91436767578125,81.33892822265625,-117.22152709960938
-141.1230926513672,81.49183654785156,-117.2781982421875
-141.110107421875,81.80799865722656,-117.38455200195312
-141.2356719970703,81.95930480957031,-117.29605102539062
-141.46798706054688,82.32920837402344,-117.36715698242188
-141.4707794189453,82.53173828125,-117.69779968261719
-141.34512329101562,82.97885131835938,-118.09092712402344
-141.48565673828125,83.14305114746094,-118.02554321289062
-141.667236328125,83.25332641601562,-118.06063842773438
-141.97154235839844,83.15321350097656,-118.01307678222656
-142.0821075439453,83.13433837890625,-118.10163879394531
-142.11630249023438,83.11537170410156,-118.10157775878906
-142.35313415527344,82.98443603515625,-118.02767944335938
-142.2064971923828,82.82023620605469,-117.98043823242188
-142.41432189941406,82.89309692382812,-118.00105285644531
-142.61578369140625,83.16773986816406,-118.1339111328125
-142.6378936767578,83.32676696777344,-118.19888305664062
-142.91305541992188,83.37347412109375,-118.26039123535156
-143.20115661621094,83.26640319824219,-118.0020751953125
-142.96624755859375,83.40029907226562,-117.9171142578125
-143.0289764404297,83.29438781738281,-118.08589172363281
-143.2374267578125,83.18490600585938,-117.89851379394531
-143.22622680664062,83.16853332519531,-117.84819030761719
-143.30470275878906,83.34196472167969,-117.82478332519531
-143.634521484375,83.50782775878906,-117.79542541503906
-143.6674041748047,83.50593566894531,-117.59004211425781
-143.98423767089844,83.53402709960938,-117.93348693847656
-144.1722412109375,83.6097412109375,-118.13998413085938
-144.14419555664062,83.64170837402344,-117.94261169433594
-144.4283447265625,83.61817932128906,-117.66612243652344
-144.443115234375,83.73820495605469,-117.38197326660156
-144.5437469482422,83.65165710449219,-117.61338806152344
-144.56710815429688,83.71269226074219,-117.59381103515625
-144.6022491455078,83.77561950683594,-117.64547729492188
-144.64642333984375,83.86956787109375,-117.65544128417969
-144.8627471923828,83.87019348144531,-117.5269775390625
-145.08041381835938,83.80548095703125,-117.56544494628906
-145.22915649414062,83.85891723632812,-117.77304077148438
-145.208984375,83.85218811035156,-117.84754943847656
-145.21881103515625,83.91018676757812,-117.86761474609375
-145.455810546875,83.9400634765625,-118.01356506347656
-145.41397094726562,83.94233703613281,-117.98899841308594
-145.60220336914062,83.91970825195312,-117.98536682128906
-145.6515350341797,83.96632385253906,-117.90982055664062
-145.77316284179688,84.01632690429688,-117.73820495605469
-145.8679962158203,83.9783935546875,-117.79722595214844
-145.93943786621094,84.01272583007812,-117.83786010742188
-146.17738342285156,84.26081848144531,-117.82051086425781
-146.3090057373047,84.3062744140625,-117.71510314941406
-146.40875244140625,84.30010986328125,-117.59217834472656
-146.3305206298828,84.27558898925781,-117.98367309570312
-146.30487060546875,84.3427734375,-117.94477844238281
-146.21334838867188,84.41755676269531,-118.121337890625
-146.06016540527344,84.20152282714844,-118.11570739746094
-146.14622497558594,84.15196228027344,-118.11418151855469
-145.90965270996094,84.04486083984375,-117.94989013671875
-145.8798370361328,83.88043212890625,-117.72712707519531
-145.75575256347656,84.1585693359375,-117.81544494628906
-145.54710388183594,84.11614990234375,-117.77301025390625
-145.35166931152344,84.14308166503906,-117.73037719726562
-145.333740234375,84.07106018066406,-117.90121459960938
-145.3348846435547,84.02067565917969,-117.97242736816406
-145.59310913085938,83.90779113769531,-117.9866943359375
-145.38916015625,83.93180847167969,-117.87583923339844
-145.47366333007812,83.91935729980469,-117.88906860351562
-145.6029510498047,83.97799682617188,-117.74557495117188
-145.4040069580078,83.91995239257812,-117.93229675292969
-145.18907165527344,83.90998840332031,-118.01432800292969
-145.21939086914062,84.02432250976562,-117.72511291503906
-145.39854431152344,83.99676513671875,-117.64573669433594
-145.45835876464844,83.97567749023438,-117.75813293457031
-145.41195678710938,83.9798583984375,-117.71797180175781
-145.59463500976562,83.93360900878906,-117.75704956054688
-145.6022186279297,83.92279052734375,-117.93856811523438
-145.46102905273438,84.022216796875,-117.92784118652344
-145.60763549804688,84.12098693847656,-118.00291442871094
-145.5342254638672,84.05436706542969,-117.85238647460938
-145.40728759765625,84.05711364746094,-117.726806640625
-145.3442840576172,84.22135925292969,-117.78399658203125
-145.44496154785156,84.12388610839844,-117.81594848632812
-145.55300903320312,84.15483093261719,-117.78721618652344
-145.55667114257812,84.1544189453125,-117.8084716796875
-145.49435424804688,84.38710021972656,-118.0084228515625
-145.38470458984375,84.31495666503906,-118.01004028320312
-145.29791259765625,84.17364501953125,-118.00250244140625
-145.3483428955078,84.16403198242188,-117.99722290039062
-145.36416625976562,84.27882385253906,-117.99462890625
-145.49085998535156,84.27769470214844,-117.73434448242188
-145.70606994628906,84.20022583007812,-117.79096984863281
-145.54689025878906,84.07818603515625,-117.90373229980469
-145.4905242919922,83.95631408691406,-117.98597717285156
-145.6013641357422,83.88822937011719,-117.89689636230469
-145.57174682617188,83.760986328125,-118.00895690917969
-145.4363555908203,83.845947265625,-117.99609375
-145.27401733398438,83.84361267089844,-117.96072387695312
-145.4265899658203,83.7850341796875,-117.78115844726562
-145.3547821044922,83.91705322265625,-117.68440246582031
-145.55364990234375,84.00218200683594,-117.58042907714844
-145.41978454589844,83.97416687011719,-117.66075134277344
-145.40663146972656,83.884033203125,-117.65167236328125
-145.38999938964844,83.95108032226562,-117.56791687011719
-145.3090362548828,83.87321472167969,-117.57315063476562
-145.20884704589844,83.88984680175781,-117.43486022949219
-145.60638427734375,83.76872253417969,-117.40631103515625
-145.36181640625,83.83222961425781,-117.57080078125
-145.43226623535156,83.82977294921875,-117.65696716308594
-145.5325927734375,83.6158447265625,-117.54646301269531
-145.5037078857422,83.70143127441406,-117.48902893066406
-145.4227294921875,83.75332641601562,-117.50416564941406
-145.45762634277344,83.79217529296875,-117.6004638671875
-145.3867645263672,83.85749816894531,-117.64418029785156
-145.45458984375,83.81768798828125,-117.70878601074219
-145.344482421875,83.75132751464844,-117.75843811035156
-145.31436157226562,83.81463623046875,-117.99510192871094
-145.5601806640625,83.83958435058594,-117.72256469726562
-145.54449462890625,83.85513305664062,-117.77963256835938
-145.31471252441406,84.01228332519531,-117.75517272949219
-145.23204040527344,83.95509338378906,-117.60581970214844
-145.24229431152344,83.94877624511719,-117.61198425292969
-145.2014923095703,83.9871826171875,-117.68946838378906
-145.17727661132812,83.95219421386719,-117.67356872558594
-145.22035217285156,83.76141357421875,-117.59664916992188
-145.26193237304688,83.8804931640625,-117.45547485351562
-145.3041534423828,83.9232177734375,-117.46540832519531
-145.32388305664062,83.99861145019531,-117.55647277832031
-145.5745849609375,83.92849731445312,-117.71272277832031
-145.5990447998047,83.8944091796875,-117.81657409667969
-145.44793701171875,83.9034423828125,-117.59197998046875
-145.3460693359375,83.95872497558594,-117.71234130859375
-145.5830841064453,83.83055114746094,-117.78562927246094
-145.6104278564453,83.80899047851562,-117.62026977539062
-145.51963806152344,83.85769653320312,-117.5821533203125
-145.46397399902344,83.78533935546875,-117.6876220703125
-145.5869598388672,83.85313415527344,-117.62762451171875
-145.58309936523438,83.77528381347656,-117.74322509765625
-145.51217651367188,83.83415222167969,-117.61627197265625
-145.3219757080078,83.87251281738281,-117.63075256347656
-145.58181762695312,83.69354248046875,-117.63945007324219
-145.4946746826172,83.86741638183594,-117.78416442871094
-145.4010467529297,83.8824462890625,-117.93453979492188
-145.58135986328125,83.92729187011719,-117.98834228515625
-145.35787963867188,83.94969177246094,-117.95793151855469
-145.4310760498047,83.84405517578125,-117.96524047851562
-145.23101806640625,83.83807373046875,-117.70719909667969
-145.4261016845703,83.73823547363281,-117.6717529296875
-145.21067810058594,83.88995361328125,-117.68295288085938
-145.36575317382812,83.94935607910156,-117.7099609375
-145.38539123535156,84.01434326171875,-117.53788757324219
-145.18341064453125,83.98150634765625,-117.53515625
-145.2848663330078,83.75765991210938,-117.46292114257812
-145.39646911621094,83.86482238769531,-117.46928405761719
-145.3326416015625,83.891845703125,-117.67391967773438
-145.35202026367188,83.88804626464844,-117.63894653320312
-145.35043334960938,83.77632141113281,-117.80712890625
-145.5498046875,83.86558532714844,-117.61300659179688
-145.3717498779297,83.8201904296875,-117.7041015625
-145.32984924316406,83.8865966796875,-117.75376892089844
-145.4249267578125,83.8887939453125,-117.71047973632812
-145.3765106201172,84.0238037109375,-117.72526550292969
-145.4072265625,83.7861328125,-117.70860290527344
-145.41087341308594,83.83488464355469,-117.74209594726562
-145.4572296142578,83.8900146484375,-117.75767517089844
-145.40199279785156,83.80003356933594,-117.78897094726562
-145.37184143066406,83.849853515625,-117.75869750976562
-145.55764770507812,83.78854370117188,-117.79066467285156
-145.5406494140625,83.99092102050781,-117.68843078613281
-145.6038360595703,83.93002319335938,-117.55821228027344
-145.7501983642578,83.924560546875,-117.4241943359375
-145.57740783691406,83.97822570800781,-117.4342041015625
-145.60845947265625,83.95124816894531,-117.85801696777344
-145.36668395996094,84.107666015625,-117.94483947753906
-145.37322998046875,84.22749328613281,-117.79205322265625
-145.55267333984375,84.25814819335938,-117.66038513183594
-145.42080688476562,84.14730834960938,-117.70732116699219
-145.45591735839844,84.15206909179688,-117.41424560546875
-145.3794403076172,84.17030334472656,-117.53178405761719
-145.46461486816406,84.25277709960938,-117.535400390625
-145.38185119628906,84.28982543945312,-117.48188781738281
-145.44216918945312,84.1956787109375,-117.25741577148438
-145.4600830078125,84.15826416015625,-117.36045837402344
-145.54306030273438,84.1119384765625,-117.42803955078125
-145.61106872558594,84.29011535644531,-117.51498413085938
-145.49609375,84.2210693359375,-117.2794189453125
-145.50271606445312,84.27302551269531,-117.38705444335938
-145.51736450195312,84.23944091796875,-117.25404357910156
-145.41714477539062,84.28692626953125,-117.26315307617188
-145.36541748046875,84.19728088378906,-117.10627746582031
-145.41944885253906,84.17039489746094,-117.10411071777344
-145.39599609375,84.12733459472656,-117.38424682617188
-145.39144897460938,83.94647216796875,-117.63029479980469
-145.34780883789062,83.94221496582031,-117.99421691894531
-145.37774658203125,84.07933044433594,-117.83352661132812
-145.349609375,84.158935546875,-117.65702819824219
-145.304931640625,83.97286987304688,-117.59271240234375
-145.29837036132812,83.97148132324219,-117.59538269042969
-145.412353515625,83.90628051757812,-117.39863586425781
-145.1901397705078,83.88191223144531,-117.43806457519531
-145.35789489746094,84.0267333984375,-117.66554260253906
-145.31446838378906,83.90715026855469,-117.98332214355469
-145.25108337402344,83.9471435546875,-117.95420837402344
-145.3425750732422,83.89912414550781,-117.83126831054688
-145.5904998779297,83.80815124511719,-117.57377624511719
-145.3667755126953,83.84721374511719,-117.57206726074219
-145.35714721679688,83.70649719238281,-117.58622741699219
-145.31939697265625,83.86312866210938,-117.58964538574219
-145.46560668945312,83.88572692871094,-117.56057739257812
-145.1930694580078,84.02861022949219,-117.64120483398438
-145.32461547851562,84.15104675292969,-117.57293701171875
-145.3223114013672,84.258056640625,-117.79978942871094
-145.3458709716797,84.15782165527344,-117.77316284179688
-145.2999725341797,84.02024841308594,-117.6907958984375
-145.4268341064453,84.16294860839844,-117.65411376953125
-145.40602111816406,84.15303039550781,-117.85491943359375
-145.35067749023438,84.16609191894531,-117.68721008300781
-145.18299865722656,84.17068481445312,-117.68023681640625
-145.2434844970703,84.21257019042969,-117.67880249023438
-145.12872314453125,84.21804809570312,-117.64936828613281
-144.94232177734375,84.18714904785156,-117.56524658203125
-145.1380157470703,84.08489990234375,-117.64198303222656
-145.0430908203125,84.01893615722656,-117.82379150390625
-145.2144012451172,84.0205078125,-117.88546752929688
-145.25360107421875,83.93917846679688,-117.80882263183594
-145.21458435058594,84.08158874511719,-118.00881958007812
-145.24234008789062,84.15847778320312,-117.9935302734375
-145.3425750732422,84.2784423828125,-118.12669372558594
-145.40756225585938,84.2567138671875,-117.96894836425781
-145.24679565429688,84.15802001953125,-117.90061950683594
-145.1876220703125,83.97265625,-118.00303649902344
-145.29478454589844,83.91157531738281,-117.79173278808594
-145.1844482421875,84.1214599609375,-117.76560974121094
-145.2455291748047,84.09347534179688,-117.69606018066406
-145.21536254882812,84.13774108886719,-117.67411804199219
-145.32582092285156,83.94996643066406,-117.64253234863281
-145.34451293945312,83.99639892578125,-117.8367919921875
-145.36944580078125,84.11204528808594,-117.97091674804688
-145.4405059814453,84.21905517578125,-117.96377563476562
-145.3729248046875,84.13153076171875,-117.91741943359375
-145.31756591796875,83.97335815429688,-117.91452026367188
-145.33607482910156,84.01478576660156,-117.57180786132812
-145.4203338623047,84.27630615234375,-117.59814453125
-145.34983825683594,84.19535827636719,-117.73744201660156
-145.3920135498047,84.014892578125,-117.80213928222656
-145.3068084716797,83.89773559570312,-117.79916381835938
-145.27879333496094,83.90715026855469,-117.61674499511719
-145.42335510253906,84.11051940917969,-117.646728515625
-145.17771911621094,83.91015625,-117.55601501464844
-145.3037567138672,84.02349853515625,-117.62550354003906
-145.28077697753906,83.9775390625,-117.6881103515625
-145.1612091064453,83.96330261230469,-117.59591674804688
-145.04107666015625,83.89923095703125,-117.68960571289062
-145.21221923828125,84.03807067871094,-117.66896057128906
-145.27232360839844,83.90519714355469,-117.69158935546875
-145.46629333496094,84.04110717773438,-117.43644714355469
-145.30374145507812,84.17439270019531,-117.63101196289062
-145.19851684570312,84.29026794433594,-117.66859436035156
-145.3115234375,84.171142578125,-117.73446655273438
-145.27223205566406,84.28550720214844,-117.74977111816406
-145.2630157470703,84.11557006835938,-117.82440185546875
-145.4672088623047,84.27493286132812,-117.78509521484375
-145.29995727539062,84.20137023925781,-117.86170959472656
-145.32664489746094,84.1656494140625,-117.68264770507812
-145.26797485351562,84.15780639648438,-117.43305969238281
-145.228271484375,84.08149719238281,-117.27371215820312
-145.24708557128906,83.93470764160156,-117.49546813964844
-145.20870971679688,84.05670166015625,-117.64302062988281
-145.32235717773438,84.17355346679688,-117.65989685058594
-145.1229248046875,84.29116821289062,-117.62615966796875
-145.121826171875,84.0750732421875,-117.57562255859375
-145.28599548339844,84.09774780273438,-117.63731384277344
-145.2815399169922,84.093994140625,-117.66250610351562
-145.24380493164062,84.08183288574219,-117.60511779785156
-145.24562072753906,83.96417236328125,-117.62525939941406
-145.13397216796875,84.01263427734375,-117.73344421386719
-144.9833984375,83.952880859375,-117.77946472167969
-145.10205078125,83.86170959472656,-117.55331420898438
-145.0250244140625,83.78793334960938,-117.60462951660156
-144.93753051757812,83.92005920410156,-117.62419128417969
-144.8804473876953,84.00088500976562,-117.73115539550781
-144.8800811767578,84.13607788085938,-117.92057800292969
-145.31399536132812,84.02838134765625,-117.82763671875
-145.29336547851562,84.03736877441406,-117.70002746582031
-145.27783203125,84.21566772460938,-117.58071899414062
-145.04275512695312,84.24922180175781,-117.65928649902344
-144.921875,84.19046020507812,-117.65797424316406
-144.96543884277344,84.21537780761719,-117.67842102050781
-144.7315216064453,84.28504943847656,-117.91943359375
-144.87884521484375,84.2657470703125,-117.77919006347656
-144.91110229492188,84.22724914550781,-117.62014770507812
-144.9541015625,84.40628051757812,-117.71907043457031
-145.13323974609375,84.2255859375,-117.94328308105469
-145.06195068359375,84.09600830078125,-117.78584289550781
-145.17564392089844,84.0709228515625,-117.62901306152344
-145.3710479736328,84.02572631835938,-117.48301696777344
-145.21189880371094,84.14146423339844,-117.60002136230469
-145.26124572753906,84.06739807128906,-117.78573608398438
-145.16078186035156,84.003173828125,-117.99763488769531
-145.11973571777344,83.91152954101562,-117.95010375976562
-144.98001098632812,83.93498229980469,-117.86653137207031
-145.00717163085938,83.79768371582031,-117.79191589355469
-145.10488891601562,83.89088439941406,-117.81306457519531
-145.20462036132812,84.18206787109375,-117.75978088378906
-145.4505615234375,84.33049011230469,-117.87016296386719
-145.240966796875,84.21385192871094,-117.8826904296875
-145.14219665527344,84.22444152832031,-117.76457214355469
-145.1420135498047,84.29928588867188,-117.93350219726562
-145.02732849121094,84.02586364746094,-117.99467468261719
-144.9541778564453,84.05061340332031,-117.94065856933594
-145.00784301757812,83.99472045898438,-117.6812744140625
-144.91888427734375,83.93501281738281,-117.65748596191406
-144.9148406982422,84.00341796875,-117.623291015625
-144.88702392578125,83.89016723632812,-117.6041259765625
-145.09544372558594,84.05650329589844,-117.61106872558594
-145.1779327392578,84.05607604980469,-117.49809265136719
-145.29994201660156,83.9169921875,-117.6168212890625
-145.3172149658203,83.97817993164062,-117.59150695800781
-145.06166076660156,83.88984680175781,-117.722412109375
-145.19686889648438,83.91725158691406,-117.60569763183594
-145.32212829589844,84.26142883300781,-117.63461303710938
-145.11631774902344,84.12767028808594,-117.63754272460938
-145.09788513183594,83.88720703125,-117.60202026367188
-144.98281860351562,83.95327758789062,-117.75828552246094
-145.1388702392578,84.07986450195312,-117.65219116210938
-145.06175231933594,84.02667236328125,-117.50389099121094
-145.0865936279297,84.20156860351562,-117.65824890136719
-145.03797912597656,84.29757690429688,-117.56631469726562
-145.1173095703125,83.98052978515625,-117.65040588378906
-144.9261932373047,83.80961608886719,-117.70774841308594
-145.29283142089844,83.80894470214844,-117.783447265625
-145.17340087890625,83.86909484863281,-117.730224609375
-145.3014678955078,83.97531127929688,-117.68898010253906
-145.28363037109375,84.00917053222656,-117.66581726074219
-145.2516632080078,83.94569396972656,-117.63658142089844
-145.26388549804688,83.93515014648438,-117.61935424804688
-145.0646514892578,83.92936706542969,-117.44264221191406
-145.22853088378906,83.91450500488281,-117.59921264648438
-145.22120666503906,83.8939208984375,-117.671142578125
-145.0437774658203,83.95045471191406,-117.61471557617188
-145.0534210205078,83.98947143554688,-117.69276428222656
-144.96400451660156,83.9073486328125,-117.85333251953125
-144.88848876953125,84.14285278320312,-117.71211242675781
-145.07510375976562,84.10163879394531,-117.66850280761719
-145.31552124023438,83.92672729492188,-117.80659484863281
-145.15904235839844,84.00532531738281,-117.80543518066406
-145.14720153808594,83.92697143554688,-117.81646728515625
-145.2327880859375,83.95646667480469,-117.67048645019531
-145.33375549316406,83.75590515136719,-117.42544555664062
-145.22735595703125,83.82177734375,-117.53129577636719
-145.18617248535156,83.97178649902344,-117.68858337402344
-145.194091796875,83.98500061035156,-117.60514831542969
-145.17576599121094,84.04481506347656,-117.56489562988281
-145.03070068359375,84.03404235839844,-117.66014099121094
-145.033935546875,83.95143127441406,-117.60746765136719
-145.299560546875,83.99128723144531,-117.74140930175781
-145.2604522705078,83.90866088867188,-117.87562561035156
-145.1811981201172,83.93003845214844,-117.81729125976562
-145.28717041015625,83.96971130371094,-117.61460876464844
-145.2983856201172,83.96083068847656,-117.79121398925781
-145.2532196044922,83.8895263671875,-117.77349853515625
-145.31060791015625,84.11178588867188,-117.88528442382812
-145.24952697753906,84.14140319824219,-117.97978210449219
-145.25070190429688,83.97702026367188,-117.80914306640625
-145.36387634277344,83.99163818359375,-117.68498229980469
-145.4210968017578,83.91864013671875,-117.64015197753906
-145.2882843017578,83.9105224609375,-117.62335205078125
-145.4024200439453,84.02896118164062,-117.68402099609375
-145.5889434814453,84.1475830078125,-117.5155029296875
-145.44483947753906,83.98085021972656,-117.43524169921875
-145.37380981445312,83.93807983398438,-117.49165344238281
-145.37008666992188,84.08021545410156,-117.53009033203125
-145.19544982910156,84.1162109375,-117.75021362304688
-145.2522430419922,84.06942749023438,-117.63613891601562
-145.32464599609375,84.28402709960938,-117.41496276855469
-145.40992736816406,84.23423767089844,-117.44755554199219
-145.2397918701172,83.93557739257812,-117.52923583984375
-145.4091796875,83.92070007324219,-117.510986328125
-145.435791015625,83.91445922851562,-117.44664001464844
-145.33242797851562,83.96133422851562,-117.4444580078125
-145.46127319335938,83.9266357421875,-117.66184997558594
-145.4416961669922,84.09938049316406,-117.81027221679688
-145.400634765625,84.12171936035156,-117.73786926269531
-145.3743438720703,84.12228393554688,-117.66943359375
-145.4036102294922,84.12933349609375,-117.72306823730469
-145.287109375,84.05921936035156,-117.86041259765625
-145.37435913085938,84.01936340332031,-117.85321044921875
-145.56466674804688,83.98544311523438,-117.73883056640625
-145.45953369140625,83.93830871582031,-117.8526611328125
-145.4449462890625,84.05880737304688,-117.82429504394531
-145.5464324951172,84.23307800292969,-117.65644836425781
-145.57188415527344,84.26005554199219,-117.59260559082031
-145.39369201660156,84.20883178710938,-117.8551025390625
-145.19790649414062,84.03224182128906,-117.7276611328125
-145.35284423828125,83.89958190917969,-117.89082336425781
-145.2322235107422,84.01765441894531,-118.00137329101562
-145.19012451171875,83.97640991210938,-118.00750732421875
-145.37521362304688,84.00984191894531,-118.01441955566406
-145.34091186523438,83.94732666015625,-117.72280883789062
-145.39495849609375,83.88887023925781,-117.671630859375
-145.4466094970703,83.88749694824219,-117.61207580566406
-145.44866943359375,84.09719848632812,-117.64451599121094
-145.3418731689453,84.1002197265625,-117.73330688476562
-145.4497833251953,84.14035034179688,-117.96232604980469
-145.45103454589844,84.27348327636719,-117.99333190917969
-145.60574340820312,84.24911499023438,-117.94886779785156
-145.57110595703125,83.97607421875,-117.84336853027344
-145.3161163330078,83.9140625,-117.92997741699219
-145.45899963378906,84.07864379882812,-117.97088623046875
-145.6009979248047,84.06243896484375,-118.16981506347656
-145.7086639404297,84.03019714355469,-118.12290954589844
-145.73463439941406,83.98556518554688,-118.15275573730469
-145.66561889648438,83.9310302734375,-118.12518310546875
-145.8395233154297,83.96684265136719,-118.10122680664062
-145.69215393066406,83.91950988769531,-118.12614440917969
-145.69140625,83.93858337402344,-118.098876953125
-145.61293029785156,83.88372802734375,-118.03851318359375
-145.7074432373047,83.96592712402344,-118.14028930664062
-145.696533203125,84.10752868652344,-118.1239013671875
-145.73915100097656,84.06242370605469,-118.16932678222656
-145.80816650390625,84.06016540527344,-117.907958984375
-145.66014099121094,83.92755126953125,-117.79605102539062
-145.68824768066406,83.89215087890625,-117.61734008789062
-145.74554443359375,84.01065063476562,-117.40663146972656
-145.6541290283203,83.89306640625,-117.56077575683594
-145.5643310546875,83.96781921386719,-117.90452575683594
-145.59259033203125,83.82069396972656,-117.97496032714844
-145.3596954345703,83.83677673339844,-118.07176208496094
-145.36459350585938,83.72154235839844,-117.8961181640625
-145.5182647705078,83.7569580078125,-117.91754150390625
-145.57369995117188,83.73275756835938,-117.77984619140625
-145.43617248535156,83.57597351074219,-117.74348449707031
-145.36434936523438,83.76327514648438,-117.95683288574219
-145.34474182128906,84.00123596191406,-117.87557983398438
-145.31781005859375,83.99299621582031,-117.78691101074219
-145.3668670654297,84.0074462890625,-117.60781860351562
-145.40223693847656,84.04780578613281,-117.65469360351562
-145.24607849121094,84.01130676269531,-117.81282043457031
-145.30453491210938,84.08901977539062,-117.57487487792969
-145.3046112060547,84.11395263671875,-117.47702026367188
-145.32720947265625,84.10516357421875,-117.41618347167969
-145.18853759765625,84.279296875,-117.41522216796875
-145.4075469970703,84.40986633300781,-117.50932312011719
-145.5326385498047,84.17691040039062,-117.48902893066406
-145.36326599121094,84.10258483886719,-117.42352294921875
-145.32498168945312,84.02215576171875,-117.6982421875
-145.58265686035156,83.99842834472656,-117.69197082519531
-145.36090087890625,83.89590454101562,-117.47946166992188
-145.47000122070312,84.06260681152344,-117.49365234375
-145.2980194091797,84.14456176757812,-117.67250061035156
-145.19143676757812,84.07467651367188,-117.79789733886719
-145.10035705566406,84.06686401367188,-117.94326782226562
-145.31472778320312,84.18156433105469,-117.8658447265625
-145.26834106445312,84.26469421386719,-117.7083740234375
-145.28582763671875,84.25015258789062,-117.67813110351562
-145.30384826660156,84.14862060546875,-117.503662109375
-145.4484100341797,84.19424438476562,-117.47352600097656
-145.38406372070312,84.21331787109375,-117.51905822753906
-145.48109436035156,84.35690307617188,-117.32855224609375
-145.45606994628906,84.15785217285156,-117.32830810546875
-145.38858032226562,84.19146728515625,-117.41178894042969
-145.5393829345703,84.10809326171875,-117.45480346679688
-145.35011291503906,84.16456604003906,-117.33088684082031
-145.4766387939453,84.21096801757812,-117.54983520507812
-145.52975463867188,84.15997314453125,-117.46061706542969
-145.46127319335938,84.234130859375,-117.65704345703125
-145.55419921875,84.08407592773438,-117.78509521484375
-145.69386291503906,84.06517028808594,-117.85537719726562
-145.5687713623047,84.04051208496094,-117.80880737304688
-145.4851531982422,84.26138305664062,-117.5765380859375
-145.51202392578125,84.19575500488281,-117.57122802734375
-145.21107482910156,84.06446838378906,-117.61953735351562
-145.41864013671875,84.15153503417969,-117.68742370605469
-145.4194793701172,84.32228088378906,-117.62277221679688
-145.4268798828125,84.36903381347656,-117.46463012695312
-145.33267211914062,84.34506225585938,-117.49446105957031
-145.4110107421875,84.15058898925781,-117.42109680175781
-145.36465454101562,84.15711975097656,-117.47120666503906
-145.33721923828125,84.25213623046875,-117.41293334960938
-145.21737670898438,84.16604614257812,-117.43997192382812
-145.33956909179688,84.02972412109375,-117.3359375
-145.35354614257812,84.09466552734375,-117.35635375976562
-145.26364135742188,84.13421630859375,-117.53802490234375
-145.29359436035156,84.14601135253906,-117.53034973144531
-145.3689422607422,84.26309204101562,-117.56227111816406
-145.3905792236328,84.062255859375,-117.83770751953125
-145.40985107421875,84.1422119140625,-117.68296813964844
-145.43698120117188,84.13232421875,-117.76911926269531
-145.40670776367188,84.03123474121094,-118.01580810546875
-145.42001342773438,83.97303771972656,-117.96676635742188
-145.5080108642578,84.01310729980469,-117.90402221679688
-145.4830322265625,84.02871704101562,-117.85700988769531
-145.22088623046875,84.12336730957031,-117.89134216308594
-145.22103881835938,84.0264892578125,-117.90985107421875
-145.36114501953125,83.94326782226562,-117.978759765625
-145.6807403564453,83.92132568359375,-117.75794982910156
-145.6667938232422,83.88374328613281,-117.47413635253906
-145.38417053222656,83.91839599609375,-117.61940002441406
-145.59307861328125,83.99960327148438,-117.69844055175781
-145.57571411132812,84.00631713867188,-117.51052856445312
-145.53419494628906,84.15185546875,-117.44920349121094
-145.5431671142578,84.03153991699219,-117.48417663574219
-145.48020935058594,84.11079406738281,-117.69540405273438
-145.47706604003906,84.13690185546875,-117.611083984375
-145.5437469482422,84.13516235351562,-117.70611572265625
-145.72906494140625,84.01496887207031,-117.46073913574219
-145.4910430908203,84.04298400878906,-117.13948059082031
-145.5175018310547,84.04081726074219,-117.10319519042969
-145.40345764160156,84.11616516113281,-117.26588439941406
-145.53431701660156,84.05245971679688,-117.18553161621094
-145.765625,83.93182373046875,-117.18072509765625
-145.76304626464844,83.95147705078125,-117.24510192871094
-145.71705627441406,84.01322937011719,-117.36766052246094
-145.64462280273438,84.15277099609375,-117.33332824707031
-145.71229553222656,84.27934265136719,-117.31291198730469
-145.63430786132812,84.16796875,-117.49513244628906
-145.6913299560547,84.26690673828125,-117.41752624511719
-145.59629821777344,84.08619689941406,-117.4781494140625
-145.4768524169922,83.96336364746094,-117.44284057617188
-145.7500762939453,83.95942687988281,-117.44227600097656
-145.6936492919922,83.88906860351562,-117.67086791992188
-145.70468139648438,84.12742614746094,-117.56056213378906
-145.6680908203125,84.25880432128906,-117.70855712890625
-145.7183074951172,84.1478271484375,-117.6661376953125
-145.702880859375,84.0350341796875,-117.61073303222656
-145.7572784423828,84.27861022949219,-117.70838928222656
-145.85072326660156,84.27122497558594,-117.81007385253906
-145.76510620117188,84.26473999023438,-117.64472961425781
-145.908447265625,84.27500915527344,-117.83258056640625
-145.9234161376953,84.37109375,-117.76242065429688
-145.78268432617188,84.27510070800781,-117.86177062988281
-145.80604553222656,84.41177368164062,-118.03475952148438
-145.8649444580078,84.29965209960938,-117.72891235351562
-145.761474609375,84.28048706054688,-117.73800659179688
-145.769775390625,84.17080688476562,-118.02076721191406
-145.9158935546875,84.16098022460938,-118.03085327148438
-145.98458862304688,84.25300598144531,-117.8505859375
-146.1724395751953,84.23304748535156,-117.6944580078125
-146.1164093017578,84.00880432128906,-117.86692810058594
-146.1856231689453,84.0379638671875,-117.99504089355469
-145.80067443847656,84.18035888671875,-117.83912658691406
-145.85696411132812,84.23463439941406,-117.66923522949219
-145.7122039794922,84.10806274414062,-117.72254943847656
-145.67974853515625,84.10986328125,-117.98994445800781
-145.70907592773438,84.08287048339844,-118.04771423339844
-145.60337829589844,84.29338073730469,-118.32579040527344
-145.32415771484375,84.2176513671875,-118.33699035644531
-145.31185913085938,84.42356872558594,-118.28382873535156
-145.39895629882812,84.16439819335938,-118.32455444335938
-145.35952758789062,84.29676818847656,-118.08551025390625
-145.45367431640625,84.40303039550781,-117.90066528320312
-145.3309783935547,84.3031005859375,-117.86943054199219
-145.22264099121094,84.35726928710938,-117.76251220703125
-145.00921630859375,84.40452575683594,-117.66079711914062
-145.10159301757812,84.16160583496094,-117.56251525878906
-145.05015563964844,84.20050048828125,-117.85781860351562
-145.00607299804688,84.22010803222656,-118.01321411132812
-144.8610076904297,84.03912353515625,-118.17092895507812
-144.67225646972656,84.03079223632812,-118.05378723144531
-144.449462890625,83.92485046386719,-118.06459045410156
-144.42124938964844,83.87046813964844,-118.06776428222656
-144.34405517578125,83.90422058105469,-117.8873291015625
-144.38052368164062,83.78347778320312,-117.97366333007812
-144.1681365966797,83.71632385253906,-117.9176025390625
-144.12197875976562,83.52964782714844,-117.69273376464844
-143.93394470214844,83.60563659667969,-117.79315185546875
-143.7618408203125,83.644775390625,-117.55116271972656
-143.5802001953125,83.61564636230469,-117.78642272949219
-143.35073852539062,83.57684326171875,-117.84197998046875
-143.36712646484375,83.45970153808594,-117.88320922851562
-143.07638549804688,83.40748596191406,-117.86592102050781
-142.63124084472656,83.14991760253906,-117.69100952148438
-142.37847900390625,83.06259155273438,-117.54917907714844
-142.48175048828125,82.97352600097656,-117.48484802246094
-142.31747436523438,82.96914672851562,-117.50068664550781
-142.32835388183594,82.71653747558594,-117.53530883789062
-142.3095245361328,82.76765441894531,-117.51034545898438
-142.45338439941406,82.80567932128906,-117.586181640625
-142.46075439453125,82.69554138183594,-117.38754272460938
-142.32147216796875,82.61631774902344,-117.43118286132812
-142.35855102539062,82.39189147949219,-117.26023864746094
-142.27232360839844,82.3060302734375,-116.98545837402344
-142.27377319335938,82.310546875,-116.9901123046875
-142.1013946533203,82.42674255371094,-117.41748046875
-141.78135681152344,82.44929504394531,-117.44444274902344
-141.68504333496094,82.31903076171875,-117.38919067382812
-141.18336486816406,82.2022705078125,-117.58006286621094
-140.4380645751953,82.12939453125,-117.95628356933594
-139.82977294921875,82.01583862304688,-118.48643493652344
-139.11607360839844,82.05693054199219,-118.90223693847656
-138.2821044921875,81.9014892578125,-119.31336975097656
-137.564697265625,81.63800048828125,-119.619873046875
-136.80609130859375,81.25596618652344,-119.77725219726562
-135.99630737304688,80.66667175292969,-119.7828369140625
-135.58177185058594,80.16737365722656,-119.64224243164062
-135.07691955566406,79.46261596679688,-119.78871154785156
-134.54978942871094,78.796142578125,-119.58090209960938
-134.10610961914062,77.88677978515625,-119.20396423339844
-133.4862823486328,77.08529663085938,-119.31114196777344
-132.99154663085938,76.24739074707031,-119.33055114746094
-132.49365234375,75.41627502441406,-119.0384521484375
-131.94871520996094,74.49174499511719,-119.01605224609375
-131.3889617919922,73.49006652832031,-119.08448791503906
-130.92376708984375,72.83216857910156,-119.12504577636719
-130.2145233154297,71.9056396484375,-119.26953125
-129.62132263183594,70.77969360351562,-119.24557495117188
-129.11143493652344,69.51754760742188,-119.11351013183594
-128.53456115722656,68.50546264648438,-119.61640930175781
-128.1044158935547,67.14877319335938,-119.81025695800781
-127.48379516601562,65.97708129882812,-120.25808715820312
-126.63482666015625,64.82475280761719,-120.47686767578125
-126.20359802246094,63.636444091796875,-120.73831176757812
-125.73605346679688,62.61033630371094,-121.03276062011719
-125.45841979980469,61.48515319824219,-121.40785217285156
-125.17225646972656,60.393310546875,-121.79646301269531
-124.99334716796875,59.07295227050781,-122.02914428710938
-124.7159423828125,57.77009582519531,-122.23898315429688
-124.63520812988281,56.62806701660156,-122.59999084472656
-124.87033081054688,55.46533203125,-122.61907958984375
-124.7750244140625,54.271575927734375,-123.0084228515625
-124.70118713378906,53.201873779296875,-123.33781433105469
-124.67669677734375,52.36732482910156,-123.54039001464844
-124.81413269042969,51.598876953125,-123.84019470214844
-124.68585205078125,51.04115295410156,-124.07464599609375
-124.6761474609375,50.402740478515625,-124.40699768066406
-124.6314697265625,50.05224609375,-124.60699462890625
-124.58963012695312,49.50639343261719,-124.98829650878906
-124.57170104980469,48.95880126953125,-125.27145385742188
-124.4166259765625,48.5086669921875,-125.59048461914062
-124.50819396972656,47.73529052734375,-125.9210205078125
-124.57070922851562,47.30238342285156,-126.32272338867188
-124.47763061523438,46.766265869140625,-126.486572265625
-124.66006469726562,46.44706726074219,-126.59500122070312
-124.67962646484375,46.03550720214844,-126.83366394042969
-124.58894348144531,45.70037841796875,-127.17999267578125
-124.79768371582031,45.203643798828125,-127.28147888183594
-124.66827392578125,44.8121337890625,-127.87225341796875
-124.88990783691406,44.503265380859375,-128.09483337402344
-125.04551696777344,44.15666198730469,-128.1963348388672
-125.12081909179688,44.150848388671875,-128.0824432373047
-125.26905822753906,43.92535400390625,-128.13914489746094
-125.24601745605469,43.707550048828125,-127.76202392578125
-125.44903564453125,43.642578125,-127.73561096191406
-125.6358642578125,43.608062744140625,-127.96029663085938
-125.76931762695312,43.59471130371094,-127.91055297851562
-125.68031311035156,43.559356689453125,-127.80036926269531
-125.83811950683594,43.60107421875,-127.96961975097656
-126.06178283691406,43.806640625,-127.94947814941406
-126.1549072265625,43.58378601074219,-127.82093811035156
-125.98435974121094,43.76179504394531,-127.82490539550781
-126.09165954589844,43.90446472167969,-127.55587768554688
-126.212890625,44.00830078125,-127.76564025878906
-126.11717224121094,44.20936584472656,-128.0222625732422
-126.34829711914062,44.24542236328125,-127.95736694335938
-126.36128234863281,44.422454833984375,-128.1188507080078
-126.34159851074219,44.63310241699219,-128.6482696533203
-126.37159729003906,45.40211486816406,-129.15835571289062
-126.40351867675781,46.22273254394531,-129.36314392089844
-127.26852416992188,46.9976806640625,-129.42201232910156
-128.20559692382812,47.610931396484375,-129.50213623046875
-126.86135864257812,44.481658935546875,-127.38455200195312
-118.32466125488281,39.24755859375,-119.8990478515625
-105.70480346679688,34.8985595703125,-109.15179443359375
-94.92924499511719,29.679672241210938,-98.83283996582031
-88.5162353515625,21.302627563476562,-90.15696716308594
-85.45065307617188,10.3197021484375,-84.15042114257812
-84.30084228515625,-2.2682952880859375,-81.94174194335938
-83.39425659179688,-13.739044189453125,-83.72235107421875
-82.51695251464844,-21.935073852539062,-88.70501708984375
-82.21498107910156,-26.232986450195312,-94.17837524414062
-82.43704223632812,-27.32940673828125,-98.55375671386719
-83.21212768554688,-26.699478149414062,-101.31553649902344
-84.18392944335938,-25.342498779296875,-102.502685546875
-85.20692443847656,-24.025634765625,-102.51885986328125
-86.14393615722656,-22.748260498046875,-102.18421936035156
-87.1846923828125,-21.910751342773438,-101.707275390625
-87.87046813964844,-21.046356201171875,-100.84588623046875
-88.63552856445312,-20.382293701171875,-100.3505859375
-89.50765991210938,-19.806320190429688,-99.39729309082031
-90.24967956542969,-19.285110473632812,-98.75653076171875
-91.03828430175781,-19.07330322265625,-98.30256652832031
-91.93748474121094,-19.0687255859375,-97.58601379394531
-92.79545593261719,-18.988677978515625,-97.17098999023438
-93.70201110839844,-18.950927734375,-96.91824340820312
-94.91728210449219,-19.074005126953125,-96.68316650390625
-95.73275756835938,-19.14794921875,-96.6231689453125
-96.61297607421875,-19.533660888671875,-96.85331726074219
-97.20747375488281,-19.788467407226562,-97.38723754882812
-97.88829040527344,-20.110275268554688,-98.20932006835938
-98.12071228027344,-20.312301635742188,-99.06051635742188
-98.20927429199219,-20.745010375976562,-99.73771667480469
-98.00839233398438,-21.261138916015625,-100.52583312988281
-97.72531127929688,-21.78582763671875,-101.49940490722656
-97.40434265136719,-22.062271118164062,-101.84710693359375
-97.10682678222656,-22.3421630859375,-102.21310424804688
-96.77450561523438,-22.792083740234375,-102.50131225585938
-96.337890625,-22.933929443359375,-102.65347290039062
-96.00869750976562,-22.867919921875,-102.4066162109375
-95.88015747070312,-23.036972045898438,-102.18829345703125
-95.96444702148438,-23.060226440429688,-102.25027465820312
-95.58564758300781,-23.144912719726562,-102.0162353515625
-95.4697265625,-23.032302856445312,-101.98614501953125
-95.1417236328125,-22.699966430664062,-101.82991027832031
-95.34431457519531,-22.744873046875,-101.49198913574219
-95.33143615722656,-22.470474243164062,-101.235595703125
-95.48582458496094,-22.210861206054688,-100.73782348632812
-95.712646484375,-21.824172973632812,-100.42207336425781
-95.67474365234375,-21.397720336914062,-100.21818542480469
-95.95960998535156,-21.083206176757812,-99.69709777832031
-96.14161682128906,-20.49078369140625,-99.30203247070312
-96.249755859375,-20.01275634765625,-98.64009094238281
-96.37762451171875,-19.546966552734375,-98.44094848632812
-96.576416015625,-19.02838134765625,-97.86561584472656
-96.73127746582031,-18.558334350585938,-97.71870422363281
-96.9891357421875,-18.050750732421875,-97.52194213867188
-96.96757507324219,-17.627670288085938,-97.37657165527344
-97.22357177734375,-16.856948852539062,-97.20181274414062
-97.31680297851562,-16.167587280273438,-97.1439208984375
-97.19578552246094,-15.709136962890625,-96.6458740234375
-97.47309875488281,-15.20721435546875,-96.38604736328125
-97.67611694335938,-14.576614379882812,-96.4207763671875
-97.76359558105469,-13.948822021484375,-96.25772094726562
-98.00619506835938,-13.363067626953125,-95.97917175292969
-98.19581604003906,-12.67486572265625,-95.65171813964844
-98.30348205566406,-11.929962158203125,-95.70217895507812
-98.53445434570312,-11.510910034179688,-95.56895446777344
-98.87451171875,-10.862075805664062,-95.37026977539062
-99.22093200683594,-10.185165405273438,-95.04736328125
-99.14144897460938,-9.455978393554688,-95.22769165039062
-99.5108642578125,-8.709640502929688,-95.24372863769531
-99.72720336914062,-7.679656982421875,-95.01327514648438
-100.02783203125,-6.8268585205078125,-95.0521240234375
-100.2685546875,-6.1381683349609375,-95.01138305664062
-100.59469604492188,-5.3082733154296875,-94.80879211425781
-100.66734313964844,-4.584014892578125,-94.84432983398438
-100.82318115234375,-3.7994537353515625,-94.84587097167969
-101.0733642578125,-2.8814849853515625,-94.93290710449219
-101.17408752441406,-1.9708404541015625,-95.15936279296875
-101.11103820800781,-1.305999755859375,-95.37330627441406
-101.27328491210938,-0.674285888671875,-95.65310668945312
-101.40911865234375,0.12567138671875,-95.84208679199219
-101.55598449707031,0.8831329345703125,-95.82174682617188
-101.67231750488281,1.6267547607421875,-96.04045104980469
-101.84176635742188,2.2017059326171875,-96.26156616210938
-101.82231140136719,2.8780059814453125,-96.47294616699219
-101.95327758789062,3.5202484130859375,-96.57501220703125
-102.08589172363281,3.94622802734375,-96.97325134277344
-101.90550231933594,4.635345458984375,-97.28706359863281
-102.05606079101562,5.106536865234375,-97.46586608886719
-102.0472412109375,5.3979339599609375,-97.73696899414062
-102.11729431152344,5.837066650390625,-97.92999267578125
-102.20841979980469,6.3966064453125,-98.08476257324219
-102.356201171875,6.9864044189453125,-98.32821655273438
-102.55056762695312,7.155853271484375,-98.61454772949219
-102.52130126953125,7.6491851806640625,-98.65658569335938
-102.58901977539062,8.014450073242188,-99.03163146972656
-102.90245056152344,8.433822631835938,-99.17713928222656
-102.84866333007812,8.724884033203125,-99.12202453613281
-102.85296630859375,8.954055786132812,-99.39747619628906
-103.03933715820312,9.204360961914062,-99.45246887207031
-103.06655883789062,9.61175537109375,-99.80917358398438
-103.0743408203125,10.040756225585938,-99.99176025390625
-103.12588500976562,10.242828369140625,-100.04632568359375
-103.21553039550781,10.502716064453125,-100.13206481933594
-102.98234558105469,10.509201049804688,-100.24919128417969
-102.92182922363281,10.731338500976562,-100.47941589355469
-102.93833923339844,10.908004760742188,-100.59230041503906
-103.09661865234375,11.171951293945312,-100.54525756835938
-103.12118530273438,11.242477416992188,-100.565185546875
-103.11991882324219,11.327392578125,-100.63223266601562
-103.17262268066406,11.510986328125,-100.84974670410156
-103.29981994628906,11.609710693359375,-101.186279296875
-103.03910827636719,11.745880126953125,-101.41000366210938
-103.06591796875,11.978958129882812,-101.28703308105469
-102.94288635253906,11.9202880859375,-101.31268310546875
-103.1474609375,11.95587158203125,-101.47268676757812
-103.07957458496094,12.081512451171875,-101.68789672851562
-103.03506469726562,12.1280517578125,-101.66935729980469
-103.12750244140625,12.370681762695312,-101.71455383300781
-103.50831604003906,12.43701171875,-101.88388061523438
-103.49635314941406,12.455368041992188,-102.0609130859375
-103.71372985839844,12.385910034179688,-101.80404663085938
-103.66627502441406,12.608795166015625,-101.64872741699219
-103.80218505859375,12.60394287109375,-101.76524353027344
-103.83154296875,12.536468505859375,-101.6591796875
-103.83674621582031,12.562286376953125,-101.69108581542969
-104.08633422851562,12.510955810546875,-101.72499084472656
-103.8597412109375,12.462982177734375,-101.85328674316406
-103.99235534667969,12.511688232421875,-101.747802734375
-103.94703674316406,12.325454711914062,-101.5633544921875
-103.81761169433594,12.246444702148438,-101.44636535644531
-103.94734191894531,11.972518920898438,-101.20390319824219
-104.04974365234375,12.014801025390625,-101.21914672851562
-104.15071105957031,12.011764526367188,-101.39762878417969
-104.17364501953125,12.181747436523438,-101.50212097167969
-104.28788757324219,12.202972412109375,-101.53746032714844
-104.16145324707031,12.221572875976562,-101.39320373535156
-104.49241638183594,12.229080200195312,-101.03555297851562
-104.69807434082031,12.001876831054688,-100.84913635253906
-104.42832946777344,11.797332763671875,-100.92105102539062
-104.19119262695312,11.729263305664062,-100.77362060546875
-104.24946594238281,11.4224853515625,-100.73947143554688
-103.99072265625,11.554290771484375,-100.62834167480469
-103.75697326660156,11.298858642578125,-100.58091735839844
-103.65756225585938,11.178131103515625,-100.55201721191406
-103.45677185058594,11.126617431640625,-100.70465087890625
-103.48141479492188,11.012832641601562,-100.72467041015625
-103.508056640625,11.153900146484375,-100.66612243652344
-103.40046691894531,11.354415893554688,-100.80459594726562
-103.49600219726562,12.181884765625,-101.5035400390625
-103.55229187011719,12.920761108398438,-102.09986877441406
-103.70831298828125,13.30584716796875,-101.99172973632812
-103.69635009765625,13.359619140625,-102.04920959472656
-103.91171264648438,13.452713012695312,-102.06219482421875
-103.8145751953125,13.41351318359375,-102.14894104003906
-104.11885070800781,13.451034545898438,-102.20484924316406
-104.11195373535156,13.551315307617188,-102.15985107421875
-104.15687561035156,13.455123901367188,-102.20289611816406
-104.2589111328125,13.464035034179688,-101.99995422363281
-104.50604248046875,13.327804565429688,-102.12869262695312
-104.65542602539062,13.480514526367188,-102.09193420410156
-104.59910583496094,13.690139770507812,-102.18258666992188
-104.79817199707031,13.46820068359375,-102.08499145507812
-104.75653076171875,13.684234619140625,-102.10612487792969
-105.02110290527344,13.608261108398438,-101.92005920410156
-105.27764892578125,13.7451171875,-102.09657287597656
-105.35316467285156,13.913330078125,-102.11080932617188
-105.50358581542969,14.031982421875,-102.23446655273438
-105.60047912597656,14.21832275390625,-102.23356628417969
-105.83290100097656,14.197021484375,-102.25033569335938
-105.94654846191406,14.225692749023438,-102.31809997558594
-106.14991760253906,14.070877075195312,-102.320068359375
-106.23106384277344,14.032562255859375,-102.03721618652344
-106.08547973632812,14.0704345703125,-101.88761901855469
-106.03837585449219,13.943572998046875,-101.98649597167969
-105.91712951660156,13.960113525390625,-102.16090393066406
-106.11875915527344,14.092071533203125,-102.20339965820312
-106.01187133789062,14.04107666015625,-102.24638366699219
-106.09329223632812,14.069549560546875,-102.05174255371094
-106.16183471679688,14.0362548828125,-101.94503784179688
-106.04344177246094,13.967361450195312,-102.04124450683594
-106.15023803710938,14.061843872070312,-102.13459777832031
-106.086181640625,13.893508911132812,-102.05557250976562
-106.07667541503906,13.914291381835938,-102.14701843261719
-106.03433227539062,13.833221435546875,-102.0682373046875
-105.88023376464844,14.016250610351562,-102.24290466308594
-106.16635131835938,14.047653198242188,-102.26628112792969
-106.02000427246094,13.952560424804688,-102.32489013671875
-105.88252258300781,14.229949951171875,-102.32569885253906
-105.97476196289062,14.12890625,-102.18841552734375
-105.89028930664062,14.086212158203125,-102.22654724121094
-105.90045166015625,14.085250854492188,-102.30107116699219
-106.11994934082031,14.017807006835938,-102.28617858886719
-106.12350463867188,13.979736328125,-102.28195190429688
-106.0234375,13.969879150390625,-102.45237731933594
-105.88386535644531,13.984054565429688,-102.21490478515625
-106.00010681152344,14.046890258789062,-102.29981994628906
-105.95671081542969,14.099624633789062,-102.21099853515625
-105.93841552734375,13.992965698242188,-102.30497741699219
-106.27706909179688,14.027175903320312,-102.30374145507812
-106.05235290527344,13.962265014648438,-102.24005126953125
-106.14994812011719,13.847427368164062,-102.19798278808594
-106.12660217285156,13.8931884765625,-102.45918273925781
-106.0335693359375,13.726333618164062,-102.38973999023438
-105.89674377441406,13.7003173828125,-102.38829040527344
-105.92332458496094,13.745407104492188,-102.01272583007812
-105.95924377441406,14.050643920898438,-102.02638244628906
-106.10772705078125,14.06500244140625,-102.15496826171875
-106.11009216308594,13.82452392578125,-102.36537170410156
-105.9185791015625,13.812240600585938,-102.28195190429688
-105.88204956054688,13.7218017578125,-102.03839111328125
-106.06201171875,13.88629150390625,-101.91148376464844
-106.14659118652344,13.874496459960938,-101.82575988769531
-106.28486633300781,13.82342529296875,-101.91812133789062
-106.08154296875,13.821609497070312,-102.30657958984375
-106.28593444824219,13.864883422851562,-102.08433532714844
-106.08657836914062,13.897003173828125,-102.17622375488281
-106.11357116699219,13.784072875976562,-102.09197998046875
-106.05552673339844,13.618026733398438,-102.02131652832031
-106.06144714355469,13.60223388671875,-102.14292907714844
-106.14588928222656,13.740158081054688,-102.02119445800781
-106.1729736328125,14.031936645507812,-102.048583984375
-106.13011169433594,14.055816650390625,-102.169921875
-105.9781494140625,14.0889892578125,-102.081787109375
-105.92869567871094,13.8194580078125,-101.94938659667969
-106.01617431640625,13.951431274414062,-101.99853515625
-106.0260009765625,14.016860961914062,-102.070556640625
-106.15701293945312,14.058563232421875,-102.04580688476562
-106.16567993164062,13.9969482421875,-102.04046630859375
-106.1246337890625,13.889984130859375,-102.09170532226562
-105.95025634765625,13.858230590820312,-102.10763549804688
-105.81060791015625,13.872177124023438,-102.20335388183594
-105.94969177246094,14.081146240234375,-102.27903747558594
-105.859619140625,14.204925537109375,-102.31721496582031
-105.93684387207031,14.107833862304688,-102.33375549316406
-105.91993713378906,14.225250244140625,-102.16600036621094
-105.95166015625,14.137741088867188,-102.0081787109375
-105.95379638671875,14.096954345703125,-101.94166564941406
-106.10775756835938,14.064987182617188,-102.14471435546875
-106.05448913574219,14.212295532226562,-102.07431030273438
-106.2193603515625,14.179885864257812,-101.91925048828125
-106.10488891601562,14.321731567382812,-101.76214599609375
-106.1568603515625,14.162673950195312,-102.03276062011719
-106.06037902832031,14.179473876953125,-102.20974731445312
-106.1063232421875,14.186111450195312,-102.11018371582031
-105.88887023925781,14.154083251953125,-102.27778625488281
-106.05615234375,14.155014038085938,-102.21743774414062
-106.15972900390625,14.149200439453125,-102.33087158203125
-106.10105895996094,14.163970947265625,-102.39230346679688
-106.09373474121094,14.326385498046875,-102.61271667480469
-106.07989501953125,14.21844482421875,-102.62376403808594
-106.03692626953125,14.159393310546875,-102.611328125
-106.10618591308594,14.175491333007812,-102.61888122558594
-106.26496887207031,14.182205200195312,-102.41139221191406
-106.16860961914062,14.086044311523438,-102.353271484375
-106.3145751953125,14.018798828125,-102.21150207519531
-106.235107421875,14.030319213867188,-102.30908203125
-106.19161987304688,14.225173950195312,-102.1026611328125
-106.25251770019531,14.1729736328125,-102.28456115722656
-105.94342041015625,14.269744873046875,-102.37112426757812
-106.14018249511719,14.310272216796875,-102.4073486328125
-106.09358215332031,14.097930908203125,-102.4002685546875
-106.16395568847656,14.09588623046875,-102.40374755859375
-106.0440673828125,14.222793579101562,-102.21961975097656
-106.04989624023438,14.084762573242188,-102.47027587890625
-106.27960205078125,13.97845458984375,-102.30253601074219
-106.05891418457031,14.01202392578125,-102.10690307617188
-106.0872802734375,14.087081909179688,-102.16363525390625
-106.13973999023438,14.098464965820312,-102.12686157226562
-106.07087707519531,14.086471557617188,-102.03236389160156
-106.08706665039062,14.214508056640625,-101.97799682617188
-105.94371032714844,14.312286376953125,-102.02037048339844
-106.00364685058594,14.100051879882812,-102.07369995117188
-106.06219482421875,13.995498657226562,-102.10551452636719
-106.12286376953125,14.093338012695312,-102.22201538085938
-105.89341735839844,14.200973510742188,-102.189453125
-105.92985534667969,14.093673706054688,-102.29051208496094
-105.89398193359375,14.118072509765625,-102.27923583984375
-105.95738220214844,14.204666137695312,-102.27375793457031
-105.89985656738281,14.232376098632812,-102.25740051269531
-106.02867126464844,14.213272094726562,-102.32017517089844
-105.99673461914062,13.956298828125,-102.30339050292969
-105.90501403808594,14.138748168945312,-102.24879455566406
-105.92706298828125,14.22857666015625,-102.19485473632812
-106.07537841796875,14.128067016601562,-102.27261352539062
-106.03822326660156,14.15850830078125,-102.34590148925781
-106.04322814941406,14.230255126953125,-102.42424011230469
-106.15821838378906,14.062667846679688,-102.21772766113281
-106.28839111328125,13.977859497070312,-101.8978271484375
-106.21040344238281,13.968765258789062,-101.81172180175781
-106.29507446289062,13.963516235351562,-101.73240661621094
-106.1435546875,14.091873168945312,-101.9329833984375
-106.13153076171875,13.960311889648438,-101.96647644042969
-106.08090209960938,13.959197998046875,-101.9781494140625
-106.16960144042969,13.969970703125,-101.71842956542969
-106.01998901367188,13.98095703125,-101.75833129882812
-105.93429565429688,14.0828857421875,-101.90254211425781
-106.10328674316406,14.121566772460938,-102.13829040527344
-105.89361572265625,14.131072998046875,-102.27587890625
-105.98348999023438,14.084381103515625,-102.12686157226562
-106.00331115722656,13.828018188476562,-102.03274536132812
-105.9317626953125,13.827835083007812,-101.875244140625
-106.01242065429688,14.001678466796875,-101.96176147460938
-105.91555786132812,14.080062866210938,-102.09597778320312
-106.02386474609375,14.125640869140625,-101.98881530761719
-106.17771911621094,14.25640869140625,-101.82476806640625
-106.12532043457031,14.303497314453125,-101.95138549804688
-106.13264465332031,14.24566650390625,-101.93766784667969
-106.15806579589844,14.153793334960938,-101.80342102050781
-106.01651000976562,14.219024658203125,-101.75981140136719
-105.91963195800781,14.192062377929688,-101.71769714355469
-106.03965759277344,14.048202514648438,-101.7325439453125
-105.83670043945312,14.180892944335938,-101.87168884277344
-105.8380126953125,14.08819580078125,-102.1240234375
-105.91000366210938,14.0069580078125,-102.30801391601562
-105.61412048339844,13.97039794921875,-102.383056640625
-105.51544189453125,13.9930419921875,-102.44580078125
-105.26335144042969,13.893722534179688,-102.23054504394531
-104.995849609375,13.599151611328125,-102.2431640625
-104.8382568359375,13.625030517578125,-102.2921142578125
-104.50509643554688,13.541229248046875,-102.21592712402344
-104.23994445800781,13.299118041992188,-101.98081970214844
-103.82188415527344,13.05609130859375,-102.23330688476562
-103.7686767578125,12.970245361328125,-102.13243103027344
-103.61259460449219,12.800460815429688,-102.11573791503906
-103.31387329101562,12.797073364257812,-102.31436157226562
-102.95628356933594,12.673141479492188,-102.18991088867188
-102.70903015136719,12.387908935546875,-102.02897644042969
-102.61441040039062,12.262619018554688,-101.79196166992188
-102.25119018554688,12.199691772460938,-101.97053527832031
-102.03335571289062,11.99420166015625,-101.86215209960938
-101.82052612304688,11.907394409179688,-101.91934204101562
-101.65751647949219,11.918228149414062,-101.94505310058594
-101.57144165039062,11.77545166015625,-102.05220031738281
-101.15798950195312,11.665237426757812,-101.92538452148438
-100.99732971191406,11.59954833984375,-102.16595458984375
-100.98985290527344,11.521209716796875,-102.1197509765625
-100.90475463867188,11.441909790039062,-102.29232788085938
-100.74745178222656,11.375946044921875,-102.22895812988281
-100.8128662109375,11.341796875,-102.25645446777344
-100.56233215332031,11.241256713867188,-102.22584533691406
-100.55892944335938,11.1727294921875,-102.27070617675781
-100.58514404296875,10.906967163085938,-102.05728149414062
-100.576416015625,10.827194213867188,-101.88029479980469
-100.64924621582031,10.839523315429688,-102.07920837402344
-100.55032348632812,10.809814453125,-101.93878173828125
-100.47543334960938,10.8067626953125,-101.8411865234375
-100.64834594726562,10.781112670898438,-101.87388610839844
-100.49394226074219,10.886383056640625,-101.73788452148438
-100.57232666015625,11.019012451171875,-101.77906799316406
-100.56086730957031,10.942825317382812,-101.98429870605469
-100.6419677734375,11.340408325195312,-102.02740478515625
-100.63421630859375,11.394729614257812,-102.31797790527344
-100.72697448730469,11.36651611328125,-102.06492614746094
-100.8807373046875,11.374221801757812,-102.04421997070312
-101.19589233398438,11.51898193359375,-102.15187072753906
-101.49937438964844,11.6402587890625,-102.06727600097656
-101.63020324707031,11.873443603515625,-101.94697570800781
-101.66893005371094,11.880859375,-102.03741455078125
-101.84130859375,12.248275756835938,-102.0692138671875
-101.87812805175781,12.395553588867188,-102.23924255371094
-102.02902221679688,12.648605346679688,-102.3677978515625
-102.17317199707031,12.733688354492188,-102.14419555664062
-101.87008666992188,13.014434814453125,-102.31643676757812
-101.45170593261719,12.8590087890625,-102.49615478515625
-101.0853271484375,12.597366333007812,-102.68608093261719
-100.56906127929688,12.196273803710938,-102.95472717285156
-99.84599304199219,11.4896240234375,-103.10539245605469
-98.89179992675781,10.763916015625,-102.96223449707031
-97.87791442871094,9.71649169921875,-102.93594360351562
-96.75074768066406,8.689743041992188,-102.95321655273438
-95.71539306640625,7.6829376220703125,-103.19383239746094
-94.49186706542969,6.3468475341796875,-103.25157165527344
-93.03668212890625,5.1960601806640625,-103.67620849609375
-91.73001098632812,3.8764801025390625,-104.13677978515625
-90.68876647949219,2.4367218017578125,-104.45655822753906
-89.40190124511719,1.252227783203125,-104.87052917480469
-88.3114013671875,-0.0058135986328125,-105.61582946777344
-87.5133056640625,-1.110443115234375,-106.51240539550781
-86.19041442871094,-2.15716552734375,-107.68045043945312
-84.91619873046875,-3.2729644775390625,-109.11434936523438
-83.77503967285156,-4.25933837890625,-110.76603698730469
-82.65754699707031,-5.071075439453125,-112.92706298828125
-81.40666198730469,-5.67291259765625,-115.90518188476562
-80.37178039550781,-6.6321258544921875,-118.99908447265625
-79.39859008789062,-7.3196868896484375,-122.03959655761719
-78.82937622070312,-7.9264373779296875,-124.86607360839844
-78.51573181152344,-8.338836669921875,-127.53201293945312
-78.50544738769531,-8.6827392578125,-129.90521240234375
-78.51213073730469,-9.021316528320312,-132.33050537109375
-78.80235290527344,-9.076416015625,-134.57376098632812
-79.30775451660156,-9.078659057617188,-137.10134887695312
-79.7783203125,-8.894058227539062,-139.6230010986328
-80.44718933105469,-8.61517333984375,-142.14231872558594
-81.30569458007812,-8.4664306640625,-144.33267211914062
-82.31121826171875,-8.129791259765625,-146.5860595703125
-83.0335693359375,-7.84356689453125,-148.5655975341797
-84.19436645507812,-7.8092498779296875,-150.30789184570312
-85.30752563476562,-7.72491455078125,-151.95547485351562
-86.74725341796875,-7.90032958984375,-153.7030792236328
-87.81405639648438,-8.082473754882812,-155.14512634277344
-89.04704284667969,-8.323822021484375,-156.31472778320312
-89.75935363769531,-8.588897705078125,-157.0695037841797
-90.65635681152344,-8.963027954101562,-158.04098510742188
-91.33721923828125,-9.464523315429688,-158.60784912109375
-91.85935974121094,-9.73773193359375,-159.26148986816406
-92.62158203125,-10.313018798828125,-159.9463653564453
-93.53964233398438,-10.772171020507812,-160.7370147705078
-94.54566955566406,-11.013641357421875,-161.39797973632812
-95.41737365722656,-11.356277465820312,-162.22727966308594
-96.95379638671875,-11.872222900390625,-162.9055633544922
-98.0670166015625,-12.069732666015625,-163.70184326171875
-99.4886474609375,-12.364303588867188,-164.5596923828125
-101.04963684082031,-12.6357421875,-165.25070190429688
-102.64981079101562,-12.813323974609375,-166.1377716064453
-104.42222595214844,-12.991897583007812,-166.64892578125
-106.49514770507812,-13.019561767578125,-167.35140991210938
-108.63961791992188,-13.197372436523438,-167.99729919433594
-110.8204345703125,-13.190765380859375,-168.59011840820312
-112.71823120117188,-13.211502075195312,-168.62771606445312
-114.73384094238281,-12.943435668945312,-168.82028198242188
-116.54664611816406,-12.641159057617188,-168.95870971679688
-118.05288696289062,-12.356399536132812,-168.7852783203125
-119.23562622070312,-12.165145874023438,-168.85206604003906
-120.41200256347656,-11.915267944335938,-168.87713623046875
-121.48683166503906,-11.821517944335938,-168.7446746826172
-122.4600830078125,-11.58209228515625,-168.54656982421875
-123.23536682128906,-11.411224365234375,-168.3931121826172
-124.21109008789062,-11.03662109375,-168.2102508544922
-124.997802734375,-10.6041259765625,-168.0034637451172
-125.59556579589844,-10.14166259765625,-168.04098510742188
-126.01780700683594,-9.951919555664062,-167.80039978027344
-125.98884582519531,-9.515518188476562,-167.90695190429688
-125.99075317382812,-9.2724609375,-168.0740203857422
-126.02401733398438,-9.211395263671875,-168.2212371826172
-125.92231750488281,-9.34185791015625,-168.1044464111328
-125.82864379882812,-9.53045654296875,-168.2310028076172
-125.89993286132812,-9.776809692382812,-168.2618865966797
-125.90428161621094,-9.762176513671875,-168.1963348388672
-126.15550231933594,-10.084304809570312,-168.0821533203125
-126.16140747070312,-10.279037475585938,-168.05738830566406
-126.35038757324219,-10.5115966796875,-167.80548095703125
-126.59231567382812,-10.79931640625,-167.84054565429688
-126.80418395996094,-11.195846557617188,-167.7154083251953
-127.20008850097656,-11.573471069335938,-167.68161010742188
-127.279296875,-11.820388793945312,-167.7930908203125
-127.60494995117188,-12.038955688476562,-167.68740844726562
-127.75505065917969,-12.20599365234375,-167.42373657226562
-128.08404541015625,-12.577011108398438,-167.48818969726562
-128.607666015625,-12.887527465820312,-167.52484130859375
-128.94296264648438,-13.132949829101562,-167.09425354003906
-129.0327606201172,-13.610061645507812,-167.18365478515625
-129.33349609375,-13.787811279296875,-167.05125427246094
-128.96546936035156,-13.918258666992188,-166.95957946777344
-129.01760864257812,-14.05670166015625,-166.94302368164062
-128.97425842285156,-14.327224731445312,-166.8397674560547
-128.84988403320312,-14.262039184570312,-166.82632446289062
-128.7938995361328,-14.34405517578125,-166.85382080078125
-128.68072509765625,-14.545120239257812,-166.90335083007812
-128.49598693847656,-14.394134521484375,-167.01939392089844
-128.45587158203125,-14.341705322265625,-167.27163696289062
-128.5203094482422,-14.615036010742188,-167.3805694580078
-128.33242797851562,-14.647201538085938,-167.19815063476562
-128.48316955566406,-14.830459594726562,-167.00344848632812
-129.02040100097656,-15.111831665039062,-166.91253662109375
-129.10760498046875,-15.282470703125,-166.904541015625
-129.26742553710938,-15.475250244140625,-166.9210968017578
-129.4672393798828,-15.89300537109375,-166.65487670898438
-129.546630859375,-16.06768798828125,-166.54222106933594
-129.91534423828125,-16.48614501953125,-166.44570922851562
-130.21856689453125,-16.652145385742188,-166.1724395751953
-130.6229248046875,-16.993316650390625,-166.01168823242188
-130.65757751464844,-17.014755249023438,-166.28591918945312
-131.12203979492188,-17.420806884765625,-166.02833557128906
-131.60830688476562,-17.772705078125,-165.69190979003906
-131.6951904296875,-18.050765991210938,-165.53517150878906
-132.03707885742188,-18.371124267578125,-165.3440399169922
-131.97625732421875,-18.499404907226562,-165.17343139648438
-132.35281372070312,-18.78350830078125,-164.9080810546875
-132.64356994628906,-18.936538696289062,-164.6798858642578
-132.82699584960938,-19.22418212890625,-164.73863220214844
-133.1370849609375,-19.461761474609375,-164.4296875
-133.32545471191406,-19.742767333984375,-164.2480010986328
-133.85845947265625,-20.175552368164062,-164.2538299560547
-134.29551696777344,-20.60125732421875,-164.10557556152344
-134.5922393798828,-21.077484130859375,-163.7908935546875
-134.84873962402344,-21.357086181640625,-163.6236114501953
-135.09584045410156,-21.68402099609375,-163.24514770507812
-135.54502868652344,-21.90399169921875,-163.13011169433594
-136.01344299316406,-22.323501586914062,-162.6155242919922
-136.21707153320312,-22.687652587890625,-162.15762329101562
-136.62168884277344,-23.059768676757812,-161.59226989746094
-137.07366943359375,-23.474044799804688,-161.46365356445312
-137.11953735351562,-23.817794799804688,-161.2003936767578
-137.49777221679688,-24.183349609375,-160.95628356933594
-137.84043884277344,-24.335098266601562,-160.83616638183594
-137.9344024658203,-24.47576904296875,-160.43873596191406
-138.2711639404297,-24.967727661132812,-160.21673583984375
-138.5853729248047,-25.122329711914062,-159.71043395996094
-139.04754638671875,-25.1873779296875,-159.56494140625
-139.0531005859375,-25.561996459960938,-159.324462890625
-139.1334686279297,-25.82830810546875,-159.00216674804688
-139.41416931152344,-26.379379272460938,-158.6133575439453
-139.5959930419922,-26.522476196289062,-158.315673828125
-139.8728790283203,-26.936355590820312,-157.86572265625
-139.97821044921875,-27.481231689453125,-157.57029724121094
-140.02525329589844,-27.96173095703125,-156.99594116210938
-139.95736694335938,-28.274124145507812,-156.7828826904297
-140.1666259765625,-28.575759887695312,-156.20790100097656
-140.3860321044922,-28.861312866210938,-155.86622619628906
-140.55502319335938,-29.31329345703125,-155.5227813720703
-140.76499938964844,-29.527862548828125,-155.1968994140625
-140.98666381835938,-29.655838012695312,-154.94888305664062
-141.18507385253906,-29.985809326171875,-154.7738800048828
-141.23348999023438,-30.0499267578125,-154.77598571777344
-141.5691375732422,-30.35015869140625,-154.53329467773438
-141.53456115722656,-30.3970947265625,-154.48818969726562
-141.51785278320312,-30.3837890625,-154.20127868652344
-141.40940856933594,-30.35528564453125,-154.0120849609375
-141.40965270996094,-30.437957763671875,-153.8372039794922
-141.1725311279297,-30.827774047851562,-153.81272888183594
-141.23345947265625,-30.833786010742188,-153.84046936035156
-141.21905517578125,-31.012725830078125,-153.5772705078125
-140.92274475097656,-31.19403076171875,-153.6162872314453
-140.87045288085938,-31.221923828125,-153.50738525390625
-140.7891082763672,-31.582992553710938,-153.37890625
-140.70660400390625,-31.850967407226562,-153.46795654296875
-140.6830596923828,-31.9559326171875,-153.60707092285156
-140.5608673095703,-32.14149475097656,-153.60646057128906
-140.5828399658203,-32.29475402832031,-153.35879516601562
-140.5313720703125,-32.33160400390625,-153.35464477539062
-140.32835388183594,-32.6533203125,-153.10459899902344
-140.28903198242188,-32.97325134277344,-152.83924865722656
-140.3074188232422,-33.31315612792969,-152.63771057128906
-140.36582946777344,-33.42115783691406,-152.07070922851562
-140.54762268066406,-33.598785400390625,-151.66793823242188
-140.79820251464844,-33.87715148925781,-151.39234924316406
-140.86000061035156,-34.001373291015625,-151.15269470214844
-140.8172607421875,-34.26921081542969,-150.9482421875
-140.7983856201172,-34.423004150390625,-150.7587127685547
-140.62147521972656,-34.7152099609375,-150.73793029785156
-140.4333953857422,-34.830535888671875,-150.87319946289062
-140.42811584472656,-34.81858825683594,-150.92430114746094
-140.35006713867188,-35.0872802734375,-150.8951416015625
-140.37770080566406,-35.14851379394531,-150.5958251953125
-140.2959747314453,-35.23912048339844,-150.45956420898438
-140.42196655273438,-35.14891052246094,-150.5494384765625
-140.43858337402344,-35.14836120605469,-150.3985137939453
-140.33700561523438,-35.325836181640625,-149.92449951171875
-140.32420349121094,-35.34080505371094,-149.70108032226562
-140.5765380859375,-35.32890319824219,-149.49241638183594
-140.55648803710938,-35.45661926269531,-149.7104034423828
-140.5064239501953,-35.588226318359375,-149.70013427734375
-140.7388153076172,-35.60514831542969,-149.461181640625
-140.66184997558594,-35.53959655761719,-149.30116271972656
-140.5842742919922,-35.678070068359375,-149.20335388183594
-140.7024688720703,-35.73509216308594,-148.99855041503906
-140.82257080078125,-35.77552795410156,-148.82015991210938
-140.8267822265625,-35.78448486328125,-148.67140197753906
-140.87716674804688,-36.068603515625,-148.46946716308594
-140.92752075195312,-36.1195068359375,-148.406005859375
-140.9620361328125,-36.07579040527344,-148.07089233398438
-141.04197692871094,-36.14219665527344,-147.88702392578125
-141.05093383789062,-36.33424377441406,-147.70150756835938
-141.0213165283203,-36.40147399902344,-147.56565856933594
-141.0277099609375,-36.48881530761719,-147.09475708007812
-141.17861938476562,-36.66557312011719,-146.54067993164062
-141.28282165527344,-36.55592346191406,-146.52500915527344
-141.34005737304688,-36.509979248046875,-146.27542114257812
-141.4237823486328,-36.672119140625,-146.17433166503906
-141.59231567382812,-36.704742431640625,-145.8213348388672
-141.7740020751953,-36.832611083984375,-145.71360778808594
-141.70370483398438,-36.89436340332031,-145.27520751953125
-141.8715362548828,-37.00511169433594,-145.08859252929688
-141.9738311767578,-37.17193603515625,-144.67068481445312
-141.81314086914062,-36.96049499511719,-144.54310607910156
-141.82424926757812,-37.01469421386719,-144.73117065429688
-141.89735412597656,-36.94245910644531,-144.59539794921875
-141.69091796875,-37.114990234375,-144.40594482421875
-141.5342254638672,-37.228668212890625,-144.183349609375
-141.47897338867188,-37.43971252441406,-144.3817901611328
-141.58432006835938,-37.60383605957031,-144.32675170898438
-141.33493041992188,-37.442169189453125,-144.27197265625
-141.36354064941406,-37.56538391113281,-144.07130432128906
-141.6020050048828,-37.77452087402344,-143.7209930419922
-141.53834533691406,-38.023223876953125,-143.56964111328125
-141.53614807128906,-38.222564697265625,-143.4091796875
-141.88006591796875,-38.149322509765625,-143.12435913085938
-141.6790008544922,-38.20246887207031,-142.89022827148438
-141.57020568847656,-38.26094055175781,-142.6841583251953
-141.56361389160156,-38.36680603027344,-142.49484252929688
