X,Y,Z
7.325775146484375,-26.039169311523438,-41.03428649902344
7.387641906738281,-26.00579071044922,-41.02464294433594
7.387111663818359,-26.016517639160156,-41.01747131347656
7.494266510009766,-25.979454040527344,-41.14851379394531
7.482341766357422,-26.042640686035156,-41.20079040527344
7.279644012451172,-26.051944732666016,-41.33247375488281
7.331520080566406,-26.147979736328125,-41.16142272949219
7.409618377685547,-26.119956970214844,-41.15516662597656
7.456569671630859,-26.334823608398438,-41.15074157714844
7.370182037353516,-26.37293243408203,-41.11674499511719
7.1433563232421875,-26.32946014404297,-41.30564880371094
6.970184326171875,-26.33177947998047,-41.15388488769531
6.770965576171875,-26.50100326538086,-41.15721130371094
6.483558654785156,-26.533447265625,-41.05018615722656
6.0868988037109375,-26.616134643554688,-41.08018493652344
5.835960388183594,-26.749832153320312,-41.11494445800781
5.702320098876953,-26.94062042236328,-41.13661193847656
5.7014312744140625,-27.016403198242188,-41.14064025878906
5.838470458984375,-27.043746948242188,-41.18214416503906
5.948032379150391,-27.046627044677734,-41.06105041503906
5.989650726318359,-26.975807189941406,-40.93196105957031
5.94305419921875,-26.81549072265625,-40.98747253417969
5.895820617675781,-26.578659057617188,-41.07807922363281
5.722522735595703,-26.319393157958984,-41.21708679199219
5.727542877197266,-26.07272720336914,-41.42381286621094
5.79876708984375,-25.77948760986328,-41.61082458496094
5.976097106933594,-25.258602142333984,-41.87672424316406
6.3591766357421875,-24.40117645263672,-42.24266052246094
6.811698913574219,-23.407325744628906,-42.51863098144531
7.289791107177734,-22.19799041748047,-42.88655090332031
7.699687957763672,-20.921436309814453,-43.30220031738281
7.883056640625,-19.46109390258789,-43.79386901855469
8.022247314453125,-18.064228057861328,-44.39344787597656
8.111595153808594,-16.630062103271484,-44.88050842285156
8.339733123779297,-15.12685775756836,-45.26319885253906
8.364437103271484,-13.708404541015625,-45.58018493652344
8.197044372558594,-12.285438537597656,-45.95048522949219
7.705646514892578,-10.75302505493164,-46.36949157714844
6.574485778808594,-9.250240325927734,-46.87184143066406
4.921012878417969,-7.621959686279297,-47.44319152832031
2.611347198486328,-5.8582000732421875,-47.91587829589844
0.108734130859375,-4.020381927490234,-48.41627502441406
-2.7641372680664062,-1.90338134765625,-48.61985778808594
-5.527679443359375,0.6802825927734375,-48.50630187988281
-8.29754638671875,3.6263351440429688,-48.08244323730469
-11.305000305175781,6.9477691650390625,-46.94404602050781
-14.661312103271484,10.240074157714844,-45.32438659667969
-18.321456909179688,13.507194519042969,-43.06404113769531
-22.064453125,16.40338897705078,-40.11946105957031
-25.497936248779297,18.81341552734375,-36.90040588378906
-28.634593963623047,20.757247924804688,-33.25825500488281
-31.366891860961914,21.908905029296875,-29.581039428710938
-33.82249069213867,22.508811950683594,-25.916366577148438
-35.882015228271484,22.45123291015625,-22.693008422851562
-37.37245559692383,21.729171752929688,-20.113418579101562
-38.79179382324219,20.54572296142578,-17.868331909179688
-39.867271423339844,18.823104858398438,-16.175247192382812
-40.67014694213867,16.93730926513672,-15.069046020507812
-41.260498046875,14.640472412109375,-14.401870727539062
-41.61957931518555,12.199363708496094,-13.898086547851562
-41.85126495361328,9.504692077636719,-13.623062133789062
-41.97575759887695,6.4937591552734375,-13.754684448242188
-41.94812774658203,3.1243820190429688,-13.966140747070312
-41.74065399169922,-0.47046661376953125,-14.276687622070312
-41.25520324707031,-4.1654052734375,-14.781539916992188
-40.32308578491211,-8.175331115722656,-15.326248168945312
-38.934627532958984,-12.417346954345703,-16.053878784179688
-37.01921081542969,-16.69904327392578,-16.743331909179688
-34.605445861816406,-20.711769104003906,-17.595230102539062
-31.675556182861328,-24.61859893798828,-18.432479858398438
-28.524948120117188,-27.966999053955078,-19.211013793945312
-25.007617950439453,-30.966777801513672,-19.899398803710938
-21.404476165771484,-33.32548522949219,-20.605300903320312
-18.222291946411133,-35.10720443725586,-21.053695678710938
-15.15479850769043,-36.61473846435547,-21.373214721679688
-12.275434494018555,-37.842124938964844,-21.357223510742188
-9.556928634643555,-39.0643310546875,-20.848983764648438
-6.971193313598633,-40.56653594970703,-19.486312866210938
-4.581333160400391,-41.87825012207031,-17.061904907226562
-2.21514892578125,-43.21604919433594,-13.673202514648438
-0.09173583984375,-44.39455032348633,-9.382400512695312
1.813323974609375,-45.15303421020508,-4.35491943359375
3.4345016479492188,-45.2037467956543,1.0312347412109375
4.702846527099609,-44.51618194580078,6.70184326171875
5.851539611816406,-43.015403747558594,12.673065185546875
6.821331024169922,-40.40068817138672,19.093170166015625
7.705474853515625,-36.567630767822266,25.36138916015625
8.619853973388672,-31.605361938476562,30.69537353515625
9.756767272949219,-25.672672271728516,35.186065673828125
10.978469848632812,-19.277198791503906,38.37445068359375
12.057056427001953,-12.524822235107422,40.25621032714844
12.998493194580078,-5.840274810791016,40.9666748046875
13.573936462402344,0.5893096923828125,40.78401184082031
13.77935791015625,6.907432556152344,39.74070739746094
13.408432006835938,12.8951416015625,38.33268737792969
12.37295150756836,18.387359619140625,36.29356384277344
10.677688598632812,23.252853393554688,33.89866638183594
8.400917053222656,27.44000244140625,31.347930908203125
5.620948791503906,30.96837615966797,28.689682006835938
2.3270111083984375,33.939918518066406,25.96246337890625
-1.1541748046875,36.26445007324219,23.100143432617188
-4.782955169677734,38.21080780029297,20.209243774414062
-8.500398635864258,39.75908660888672,16.936492919921875
-12.297645568847656,40.89936828613281,13.196044921875
-16.018640518188477,41.21263885498047,9.26141357421875
-19.821502685546875,41.16554260253906,5.0782012939453125
-23.477214813232422,40.45800018310547,1.1051025390625
-26.855880737304688,39.31012725830078,-2.6709747314453125
-30.137958526611328,37.764671325683594,-5.746307373046875
-33.30767822265625,35.865821838378906,-8.08770751953125
-36.40388870239258,33.421180725097656,-9.659454345703125
-39.691673278808594,30.646377563476562,-10.572540283203125
-42.93525695800781,27.355552673339844,-10.85595703125
-46.0988655090332,23.530868530273438,-10.234481811523438
-49.028472900390625,19.279937744140625,-9.280105590820312
-51.40703582763672,14.476593017578125,-8.084930419921875
-53.45082092285156,9.263671875,-6.7148590087890625
-54.780879974365234,3.7360000610351562,-5.0771636962890625
-55.498924255371094,-1.9692802429199219,-3.475555419921875
-55.372520446777344,-7.765369415283203,-1.792877197265625
-54.507606506347656,-13.708961486816406,-0.22308349609375
-52.69879913330078,-19.69788360595703,1.133941650390625
-50.01515197753906,-25.446426391601562,2.705841064453125
-46.43787384033203,-30.913928985595703,4.06494140625
-42.149837493896484,-36.01325607299805,5.1699066162109375
-36.97702407836914,-40.51716613769531,6.007232666015625
-31.31990623474121,-44.33085250854492,6.66278076171875
-25.18584632873535,-47.122894287109375,7.40582275390625
-18.802101135253906,-49.092933654785156,8.194992065429688
-12.077037811279297,-50.10561752319336,8.954864501953125
-5.234012603759766,-50.293067932128906,9.684036254882812
1.6560325622558594,-49.36833572387695,10.699447631835938
8.305545806884766,-47.4435920715332,11.89788818359375
14.771804809570312,-44.6337890625,12.7462158203125
21.008197784423828,-40.980228424072266,13.065948486328125
26.813003540039062,-36.406829833984375,12.6591796875
32.08805847167969,-31.03485107421875,11.795761108398438
36.38977813720703,-24.684593200683594,10.235794067382812
39.75556945800781,-17.88711166381836,8.251129150390625
41.943824768066406,-10.433738708496094,5.636016845703125
42.589874267578125,-2.6875686645507812,2.5792694091796875
41.822914123535156,5.130088806152344,-0.5939483642578125
39.62915802001953,12.518028259277344,-4.03717041015625
35.923316955566406,19.33154296875,-7.61212158203125
31.041709899902344,25.26678466796875,-10.84136962890625
25.20513916015625,29.941795349121094,-13.998275756835938
18.545028686523438,33.527748107910156,-17.037826538085938
11.515426635742188,35.849388122558594,-19.434249877929688
4.487785339355469,37.06468963623047,-21.419113159179688
-2.2226524353027344,37.16107177734375,-22.539993286132812
-8.259252548217773,36.69562530517578,-22.914505004882812
-13.37380599975586,35.56248474121094,-22.786727905273438
-18.090608596801758,34.00788116455078,-22.297286987304688
-22.177490234375,32.11042785644531,-21.519271850585938
-25.679155349731445,29.944801330566406,-20.344284057617188
-28.97597885131836,27.494705200195312,-18.838058471679688
-31.531360626220703,24.964195251464844,-17.230972290039062
-33.571533203125,22.182296752929688,-15.979843139648438
-35.170345306396484,19.41529083251953,-15.311996459960938
-36.32676696777344,16.324844360351562,-15.247634887695312
-37.101463317871094,12.889297485351562,-15.210861206054688
-37.939422607421875,9.197837829589844,-15.434158325195312
-38.36576843261719,5.3048858642578125,-15.930007934570312
-38.45111083984375,1.151031494140625,-16.501266479492188
-38.22178649902344,-3.1371726989746094,-17.092300415039062
-37.59954071044922,-7.439231872558594,-17.630538940429688
-36.39103698730469,-11.875091552734375,-18.350570678710938
-34.778438568115234,-16.424331665039062,-18.885848999023438
-32.5501823425293,-20.919906616210938,-19.099716186523438
-29.99509048461914,-25.247573852539062,-19.052169799804688
-26.7979679107666,-29.246997833251953,-18.800064086914062
-23.15789222717285,-32.74652099609375,-18.421676635742188
-19.4102840423584,-35.775367736816406,-17.738632202148438
-15.482585906982422,-38.36093521118164,-16.966262817382812
-11.519821166992188,-40.37348175048828,-15.739944458007812
-7.767797470092773,-42.020538330078125,-14.305252075195312
-4.232944488525391,-43.225521087646484,-12.487686157226562
-0.8395423889160156,-44.08582305908203,-10.37933349609375
2.2425155639648438,-44.64716339111328,-7.847900390625
5.208713531494141,-44.864505767822266,-4.732940673828125
7.751415252685547,-44.71710205078125,-1.21063232421875
10.02685546875,-44.06175231933594,3.1300048828125
12.111438751220703,-42.88660430908203,7.89068603515625
13.863048553466797,-40.68626403808594,13.122726440429688
15.533123016357422,-37.330589294433594,18.674407958984375
17.34280014038086,-32.76123809814453,23.9884033203125
18.889480590820312,-27.073867797851562,28.657318115234375
20.343994140625,-20.662708282470703,32.236480712890625
21.380237579345703,-13.551887512207031,34.62922668457031
21.850082397460938,-6.323692321777344,35.80662536621094
21.821895599365234,0.719024658203125,36.09910583496094
21.439128875732422,7.684669494628906,35.23329162597656
20.423694610595703,14.130615234375,33.169891357421875
18.97284698486328,20.03746795654297,30.578079223632812
16.813766479492188,25.31334686279297,27.914352416992188
14.264381408691406,29.735061645507812,25.199295043945312
11.126300811767578,33.2919921875,22.512771606445312
7.862667083740234,36.04911804199219,20.018524169921875
4.3368682861328125,38.295379638671875,17.216339111328125
0.6951522827148438,40.013465881347656,14.338226318359375
-2.946155548095703,41.34808349609375,11.092864990234375
-6.901453018188477,42.11619567871094,7.5260467529296875
-10.928998947143555,42.30320739746094,3.7711639404296875
-15.136373519897461,41.88135528564453,0.201629638671875
-19.49443817138672,40.78137969970703,-2.856414794921875
-23.84146499633789,39.17578125,-5.4033203125
-28.067283630371094,37.204345703125,-7.5897674560546875
-31.784435272216797,34.886924743652344,-9.529983520507812
-35.31676483154297,32.16876983642578,-11.514801025390625
-38.328250885009766,29.20899200439453,-13.539535522460938
-40.666770935058594,25.894607543945312,-15.969314575195312
-42.75963592529297,22.170387268066406,-18.394515991210938
-44.45806884765625,18.01177978515625,-20.695114135742188
-45.7612190246582,13.224105834960938,-22.570693969726562
-47.09911346435547,7.76123046875,-23.925491333007812
-48.01543045043945,2.2134246826171875,-24.582351684570312
-48.50997543334961,-3.4140548706054688,-24.558883666992188
-48.58882522583008,-8.967025756835938,-23.774032592773438
-48.19948196411133,-14.609970092773438,-22.525131225585938
-47.515296936035156,-20.35626983642578,-20.524948120117188
-45.75055694580078,-26.10226821899414,-17.870315551757812
-43.12142562866211,-31.7288818359375,-14.697128295898438
-39.53209686279297,-36.966583251953125,-11.217117309570312
-34.756935119628906,-41.822181701660156,-7.623504638671875
-29.064502716064453,-45.7213020324707,-3.9017486572265625
-22.69268226623535,-48.61175537109375,-0.4282073974609375
-15.799631118774414,-50.356719970703125,2.762237548828125
-8.658798217773438,-51.01620864868164,5.8529510498046875
-1.5185508728027344,-50.2828483581543,9.051712036132812
5.596260070800781,-48.43147659301758,11.962005615234375
12.459465026855469,-45.27867126464844,14.397476196289062
18.79131317138672,-41.33257293701172,15.949234008789062
24.584041595458984,-36.62006759643555,16.567138671875
29.79204559326172,-31.35982894897461,16.288726806640625
34.14671325683594,-25.67947769165039,15.24481201171875
37.51774597167969,-19.54299545288086,13.6748046875
39.82170867919922,-13.099494934082031,11.782745361328125
41.245880126953125,-6.580524444580078,9.305038452148438
41.60736083984375,-0.2763214111328125,6.2882080078125
40.93572235107422,6.007133483886719,2.674560546875
39.21937561035156,12.053672790527344,-1.39178466796875
36.39793395996094,17.72943878173828,-5.2419891357421875
32.53223419189453,22.901123046875,-8.888198852539062
27.93254852294922,27.351455688476562,-12.038772583007812
22.620647430419922,31.223594665527344,-14.541427612304688
16.882484436035156,34.14097595214844,-16.647506713867188
11.055206298828125,36.148887634277344,-18.276443481445312
5.365913391113281,37.19342041015625,-19.940017700195312
-0.2274017333984375,37.286468505859375,-21.323135375976562
-5.502391815185547,36.620994567871094,-22.086196899414062
-10.156591415405273,35.444297790527344,-22.622665405273438
-14.333755493164062,34.127159118652344,-22.788803100585938
-17.771812438964844,32.688865661621094,-22.483383178710938
-20.94625473022461,31.154953002929688,-21.924179077148438
-23.82293701171875,29.498268127441406,-20.986984252929688
-26.301849365234375,27.52198028564453,-19.970932006835938
-28.473651885986328,25.47906494140625,-19.093856811523438
-30.254745483398438,23.27093505859375,-18.421829223632812
-31.955730438232422,20.731536865234375,-18.014511108398438
-33.041481018066406,18.062828063964844,-18.055435180664062
-33.996917724609375,15.2061767578125,-18.336349487304688
-34.66463851928711,12.030418395996094,-18.759078979492188
-35.19449234008789,8.691429138183594,-19.457260131835938
-35.486602783203125,5.019874572753906,-20.121047973632812
-35.54780960083008,1.1521682739257812,-20.669387817382812
-35.439388275146484,-2.9403610229492188,-21.013534545898438
-34.93894958496094,-7.140010833740234,-21.431320190429688
-34.00891876220703,-11.474861145019531,-21.617355346679688
-32.490116119384766,-15.910385131835938,-21.674057006835938
-30.618162155151367,-20.33594512939453,-21.588333129882812
-28.200729370117188,-24.4852294921875,-21.458541870117188
-25.2426700592041,-28.14617919921875,-21.245559692382812
-22.154354095458984,-31.28687286376953,-21.097305297851562
-19.096633911132812,-33.7491340637207,-21.148880004882812
-15.849279403686523,-35.747039794921875,-21.201950073242188
-12.74169921875,-37.39031219482422,-21.073684692382812
-9.590208053588867,-38.75882339477539,-20.338973999023438
-6.741233825683594,-40.05543518066406,-19.173568725585938
-3.9053611755371094,-41.37044143676758,-17.458755493164062
-1.415130615234375,-42.58879470825195,-14.880935668945312
1.1007308959960938,-43.54478454589844,-11.678482055664062
3.5887413024902344,-44.298095703125,-7.77740478515625
5.930397033691406,-44.59481430053711,-3.324066162109375
8.176258087158203,-44.212181091308594,1.758697509765625
10.1605224609375,-43.08863830566406,7.235931396484375
10.1605224609375,-43.08863830566406,7.235931396484375
12.26504898071289,-40.91007995605469,13.064712524414062
14.495075225830078,-37.583290100097656,18.74365234375
16.75442123413086,-33.09657287597656,24.026504516601562
18.886207580566406,-27.72171401977539,28.36700439453125
20.81134796142578,-21.535400390625,31.662567138671875
22.542041778564453,-14.774055480957031,33.66560363769531
23.89682388305664,-7.5830841064453125,34.49371337890625
24.806102752685547,-0.40897369384765625,33.9642333984375
25.084453582763672,6.65277099609375,32.40299987792969
24.952415466308594,13.219383239746094,29.765167236328125
24.38137435913086,19.204124450683594,26.401519775390625
23.288284301757812,24.293731689453125,22.750167846679688
21.715923309326172,28.33526611328125,19.143051147460938
20.062850952148438,31.603591918945312,15.727859497070312
18.288021087646484,34.13959503173828,12.419525146484375
16.319805145263672,36.338356018066406,9.156005859375
13.912548065185547,38.24626922607422,6.0329437255859375
10.953903198242188,39.844505310058594,2.98455810546875
7.581974029541016,41.13624572753906,0.278411865234375
3.6998634338378906,42.138816833496094,-1.9277801513671875
-0.41905975341796875,42.73485565185547,-3.6568145751953125
-4.651939392089844,43.10478210449219,-4.834808349609375
-8.915863037109375,43.173858642578125,-5.406341552734375
-13.17434310913086,42.9010009765625,-5.5764312744140625
-17.463293075561523,42.45960998535156,-5.4873809814453125
-21.710166931152344,41.51631164550781,-4.9688720703125
-26.005714416503906,40.195953369140625,-3.8884735107421875
-30.204282760620117,38.43964385986328,-2.6109619140625
-34.18659210205078,36.095420837402344,-0.908050537109375
-38.07651138305664,33.19562530517578,0.366943359375
-41.862937927246094,29.73773956298828,1.546630859375
-45.34297180175781,25.706390380859375,2.312103271484375
-48.41205596923828,21.23180389404297,2.4471588134765625
-50.8565788269043,16.52478790283203,2.15191650390625
-52.723541259765625,11.567840576171875,1.5701751708984375
-54.0863151550293,6.599266052246094,0.780303955078125
-54.8883056640625,1.516571044921875,0.2611083984375
-55.076202392578125,-3.57733154296875,-0.1188201904296875
-54.750511169433594,-8.802204132080078,0.0474090576171875
-53.828880310058594,-14.258003234863281,0.985198974609375
-52.15654373168945,-19.72309112548828,2.167724609375
-49.732086181640625,-25.269947052001953,3.7035980224609375
-46.17124557495117,-30.69977569580078,5.108306884765625
-41.74341583251953,-35.71988296508789,6.4842376708984375
-36.741703033447266,-40.34292221069336,7.3788299560546875
-30.841594696044922,-44.19932556152344,8.07366943359375
-24.393651962280273,-47.06969451904297,8.772781372070312
-17.554658889770508,-49.006656646728516,9.535293579101562
-10.400861740112305,-49.83189392089844,10.689804077148438
-3.2498512268066406,-49.55171203613281,12.090911865234375
3.6670608520507812,-47.91831970214844,13.833663940429688
10.218059539794922,-45.45703887939453,15.698532104492188
16.534164428710938,-41.85436248779297,17.328964233398438
22.446067810058594,-37.30944061279297,18.371322631835938
27.908203125,-32.028236389160156,18.559646606445312
32.68939971923828,-25.962310791015625,17.965042114257812
36.430274963378906,-19.65619659423828,16.764602661132812
39.19035339355469,-13.129520416259766,15.231964111328125
40.68171691894531,-6.511936187744141,13.237564086914062
41.32963562011719,0.02036285400390625,11.040023803710938
40.981285095214844,6.585990905761719,8.479217529296875
39.71668243408203,12.759521484375,5.068115234375
37.299110412597656,18.55754852294922,1.16290283203125
33.993675231933594,23.775062561035156,-2.674041748046875
29.78094482421875,28.358802795410156,-6.4366455078125
24.692970275878906,32.23127746582031,-9.687973022460938
19.255577087402344,35.191429138183594,-12.414321899414062
13.384231567382812,37.46537780761719,-14.509048461914062
7.561084747314453,38.873573303222656,-16.351516723632812
1.7264747619628906,39.360870361328125,-17.896682739257812
-3.6199302673339844,39.25482177734375,-19.215560913085938
-8.671340942382812,38.37217712402344,-20.138351440429688
-13.295551300048828,37.05480194091797,-20.764266967773438
-17.494985580444336,35.34491729736328,-20.725051879882812
-21.160669326782227,33.49913787841797,-20.447708129882812
-24.167613983154297,31.546531677246094,-19.749069213867188
-26.887914657592773,29.83637237548828,-18.774978637695312
-29.027042388916016,28.10967254638672,-17.920791625976562
-30.472108840942383,26.31134796142578,-17.343917846679688
-31.68240737915039,24.335556030273438,-17.082199096679688
-32.603736877441406,22.024185180664062,-17.318710327148438
-33.46923828125,19.307655334472656,-17.844894409179688
-34.35123825073242,16.377609252929688,-18.375198364257812
-35.13941955566406,13.104713439941406,-19.203140258789062
-35.7208251953125,9.561378479003906,-19.830886840820312
-36.00574493408203,5.844940185546875,-20.530410766601562
-36.095699310302734,2.0826034545898438,-21.245590209960938
-35.80903625488281,-1.8486328125,-21.891342163085938
-35.14257049560547,-6.1363677978515625,-22.610458374023438
-34.113121032714844,-10.395633697509766,-23.103378295898438
-32.503692626953125,-14.779560089111328,-23.494155883789062
-30.641916275024414,-19.20119857788086,-23.441909790039062
-28.428123474121094,-23.36270523071289,-23.042007446289062
-25.571304321289062,-27.28094482421875,-22.517623901367188
-22.4731502532959,-30.819068908691406,-21.778091430664062
-19.226783752441406,-33.814857482910156,-20.901351928710938
-16.030193328857422,-36.36247253417969,-19.876480102539062
-12.835685729980469,-38.47233581542969,-18.618545532226562
-9.689735412597656,-40.23937225341797,-17.076675415039062
-6.840372085571289,-41.672996520996094,-15.185531616210938
-4.061229705810547,-42.78138732910156,-13.117385864257812
-1.4208488464355469,-43.79646682739258,-10.867660522460938
0.977020263671875,-44.475547790527344,-8.171051025390625
3.1651649475097656,-44.779815673828125,-5.124237060546875
5.070865631103516,-44.940345764160156,-1.7087554931640625
6.7554168701171875,-44.7244987487793,2.1247711181640625
8.237621307373047,-43.91120529174805,6.396881103515625
9.940113067626953,-42.65460205078125,10.841629028320312
11.65301513671875,-40.7200813293457,15.252853393554688
13.677539825439453,-37.91288757324219,19.637283325195312
15.692073822021484,-34.540008544921875,23.453460693359375
17.879718780517578,-30.351051330566406,26.793182373046875
20.114788055419922,-25.784557342529297,29.420867919921875
22.10843276977539,-21.036102294921875,31.301437377929688
23.761688232421875,-16.313343048095703,32.60514831542969
24.918716430664062,-11.401481628417969,33.42433166503906
25.726425170898438,-6.563072204589844,33.8118896484375
26.165740966796875,-1.4988555908203125,33.883209228515625
26.12413787841797,3.6579666137695312,33.6341552734375
25.62994384765625,8.835731506347656,32.80560302734375
24.85497283935547,13.866195678710938,31.398330688476562
23.501964569091797,18.853317260742188,29.483352661132812
22.00570297241211,23.640975952148438,26.89154052734375
20.212875366210938,27.980506896972656,23.623062133789062
18.258869171142578,31.828575134277344,20.388778686523438
16.07794952392578,35.14927673339844,16.878646850585938
13.294998168945312,37.832374572753906,13.648651123046875
10.004886627197266,40.000144958496094,10.926589965820312
6.401329040527344,41.611358642578125,8.568038940429688
2.8123626708984375,42.814048767089844,6.8913421630859375
-0.8489494323730469,43.768890380859375,5.57171630859375
-4.654582977294922,44.30927276611328,4.7968902587890625
-8.490901947021484,44.50627136230469,4.3936920166015625
-12.407344818115234,44.442115783691406,4.346038818359375
-16.384567260742188,43.858680725097656,4.621551513671875
-20.4946231842041,42.88505554199219,4.7814483642578125
-24.792362213134766,41.381752014160156,5.051025390625
-29.310325622558594,39.422325134277344,5.313568115234375
-33.63624954223633,36.853538513183594,5.510162353515625
-37.9521369934082,33.68926239013672,5.5554046630859375
-42.15082931518555,29.887893676757812,5.191253662109375
-45.84722900390625,25.440704345703125,4.2109832763671875
-49.15729522705078,20.62273406982422,2.6730804443359375
-51.7368049621582,15.51593017578125,0.4203033447265625
-53.479225158691406,10.138038635253906,-2.2297515869140625
-54.436397552490234,4.53692626953125,-4.8170318603515625
-54.72956085205078,-1.0632705688476562,-7.0557861328125
-54.543460845947266,-6.710533142089844,-8.440628051757812
-53.74327087402344,-12.520683288574219,-8.54205322265625
-52.41010284423828,-18.095901489257812,-7.846435546875
-50.52827835083008,-23.487548828125,-6.3000946044921875
-48.069786071777344,-28.580032348632812,-4.454010009765625
-45.04884338378906,-33.04602813720703,-2.7246856689453125
-41.40726852416992,-37.27094650268555,-0.8879547119140625
-36.99873733520508,-41.0710563659668,0.75238037109375
-31.722261428833008,-44.539344787597656,2.2266998291015625
-25.624597549438477,-47.38275909423828,3.509918212890625
-18.728946685791016,-49.450897216796875,4.474517822265625
-11.218338012695312,-50.69096374511719,5.4595184326171875
-3.4806137084960938,-50.738929748535156,6.2252349853515625
4.151252746582031,-49.55561828613281,7.071807861328125
11.102527618408203,-47.42157745361328,7.978515625
17.30837631225586,-44.38277816772461,9.051605224609375
22.93492889404297,-40.55665969848633,10.180511474609375
27.872474670410156,-36.0771369934082,10.851394653320312
32.314659118652344,-30.760478973388672,10.941268920898438
36.30077362060547,-24.55118179321289,9.916427612304688
44.8476676940918,-13.68585205078125,11.443069458007812
46.8320198059082,-6.4824066162109375,9.231521606445312
47.54365921020508,0.8958358764648438,7.145111083984375
46.92155075073242,8.354938507080078,5.4874114990234375
45.12179946899414,15.399944305419922,3.9339599609375
42.39021682739258,21.875385284423828,1.97320556640625
39.923240661621094,26.66921615600586,-1.1681976318359375
35.57468032836914,31.559131622314453,-3.9043731689453125
30.775867462158203,35.4875373840332,-6.662628173828125
25.763641357421875,38.35105514526367,-8.913177490234375
20.79450225830078,40.32627487182617,-10.811370849609375
16.199447631835938,41.57132339477539,-12.526611328125
11.97488784790039,41.98249435424805,-13.998870849609375
7.807548522949219,41.9605827331543,-15.5870361328125
3.8991851806640625,41.5621452331543,-17.07781982421875
0.00116729736328125,40.73258590698242,-18.188507080078125
-3.9059505462646484,39.86420822143555,-18.50518798828125
-7.646961212158203,38.826656341552734,-18.29241943359375
-11.287992477416992,37.61043167114258,-17.614044189453125
-14.56253433227539,36.24380111694336,-16.89715576171875
-17.377073287963867,34.54387283325195,-16.111846923828125
-19.676467895507812,32.6181526184082,-15.717437744140625
-21.460004806518555,30.426937103271484,-15.88397216796875
-22.87409210205078,27.865467071533203,-16.41015625
-24.087711334228516,25.237873077392578,-17.10516357421875
-25.340171813964844,22.230892181396484,-17.93450927734375
-26.328811645507812,18.803546905517578,-18.67401123046875
-27.264198303222656,15.020191192626953,-19.479095458984375
-28.163522720336914,10.81064224243164,-20.171661376953125
-28.507736206054688,6.212299346923828,-20.572113037109375
-28.437454223632812,1.4662933349609375,-21.052490234375
-27.978605270385742,-3.3544082641601562,-21.276519775390625
-27.061309814453125,-8.334564208984375,-21.10565185546875
-25.538108825683594,-13.223194122314453,-20.616485595703125
-23.597137451171875,-17.935016632080078,-19.900634765625
-21.26080322265625,-22.32712173461914,-18.9769287109375
-18.480472564697266,-26.290542602539062,-17.915618896484375
-15.384012222290039,-29.742738723754883,-16.668365478515625
-12.124593734741211,-32.688026428222656,-15.349517822265625
-8.796331405639648,-35.295406341552734,-13.6826171875
-5.51898193359375,-37.42293930053711,-11.47222900390625
-2.382091522216797,-39.19306182861328,-8.765884399414062
0.7060127258300781,-40.47956085205078,-5.5595550537109375
3.3473243713378906,-41.30909729003906,-2.026336669921875
5.806262969970703,-41.644386291503906,1.7067413330078125
7.778099060058594,-41.5078125,5.9858856201171875
9.34853744506836,-40.84291076660156,10.817123413085938
10.682415008544922,-39.515342712402344,15.845108032226562
11.757965087890625,-37.273216247558594,21.10614013671875
12.771781921386719,-34.03558349609375,26.184616088867188
13.548160552978516,-30.076683044433594,31.267974853515625
14.203559875488281,-25.278697967529297,35.9124755859375
14.771202087402344,-19.858562469482422,39.70994567871094
14.916221618652344,-13.823192596435547,42.35276794433594
15.076305389404297,-7.412487030029297,44.13812255859375
14.885284423828125,-0.9620590209960938,44.9932861328125
14.449108123779297,5.351535797119141,45.17926025390625
13.759902954101562,11.505596160888672,44.65470886230469
12.732540130615234,17.00876235961914,43.211456298828125
11.63010025024414,21.87466812133789,41.328094482421875
10.590320587158203,26.210987091064453,38.93971252441406
9.54293441772461,30.042057037353516,36.259490966796875
8.5618896484375,33.31528091430664,33.202606201171875
7.479900360107422,36.33037185668945,29.932220458984375
6.635784149169922,39.00668716430664,26.09075927734375
5.492015838623047,41.39986801147461,21.999908447265625
4.248363494873047,43.385128021240234,17.838623046875
2.4237403869628906,44.6710090637207,13.664764404296875
0.3468017578125,45.69401931762695,9.767333984375
-2.1003189086914062,46.14774703979492,6.164886474609375
-4.779256820678711,46.178104400634766,2.4609527587890625
-7.645393371582031,45.85454177856445,-0.8470611572265625
-10.689176559448242,45.190677642822266,-3.9627685546875
-13.72807502746582,44.12247848510742,-6.7940216064453125
-16.847312927246094,42.602962493896484,-9.56829833984375
-20.214460372924805,40.634456634521484,-11.9420166015625
-23.571876525878906,38.07509231567383,-14.256561279296875
-26.810564041137695,35.09589767456055,-16.478759765625
-29.802019119262695,31.58017349243164,-18.63214111328125
-32.452152252197266,27.602413177490234,-20.673858642578125
-34.67639923095703,23.24544906616211,-22.4261474609375
-36.467647552490234,18.751476287841797,-24.15069580078125
-37.900203704833984,13.838665008544922,-25.212158203125
-39.01993179321289,8.975444793701172,-26.00152587890625
-39.93378829956055,3.9072914123535156,-26.10986328125
-40.63029098510742,-1.0381050109863281,-25.452850341796875
-41.12651824951172,-6.083759307861328,-23.71466064453125
-41.356746673583984,-10.970184326171875,-21.4022216796875
-41.07636642456055,-15.965400695800781,-18.227691650390625
-40.348670959472656,-20.954017639160156,-14.532745361328125
-38.657630920410156,-25.739673614501953,-10.524688720703125
-36.24687957763672,-30.365074157714844,-6.388458251953125
-32.8545036315918,-34.688655853271484,-2.25482177734375
-28.497251510620117,-38.44300079345703,1.53778076171875
-23.63790512084961,-41.49415969848633,5.0501251220703125
-18.475502014160156,-43.70708465576172,8.519638061523438
-13.146543502807617,-44.93818664550781,11.850051879882812
-7.822843551635742,-45.282958984375,14.7913818359375
-2.310819625854492,-44.95243835449219,17.460662841796875
3.321147918701172,-43.890228271484375,19.963760375976562
8.864448547363281,-42.291038513183594,22.012344360351562
14.344810485839844,-40.23389434814453,23.548675537109375
19.639633178710938,-37.55198669433594,24.403305053710938
24.75128173828125,-34.50623321533203,24.607254028320312
29.666202545166016,-30.97303009033203,24.118301391601562
34.122833251953125,-26.980907440185547,23.021621704101562
38.31212615966797,-22.486263275146484,21.29052734375
41.85585021972656,-17.389724731445312,19.1181640625
44.89068603515625,-11.756637573242188,16.491912841796875
47.01824188232422,-5.512474060058594,13.15478515625
48.042022705078125,1.1252250671386719,9.545303344726562
47.73382568359375,7.976482391357422,6.005645751953125
46.203575134277344,14.502826690673828,2.5586090087890625
43.703636169433594,20.532726287841797,-0.5126190185546875
40.5025634765625,25.84213638305664,-3.32733154296875
36.534584045410156,30.43185806274414,-5.92132568359375
32.21026611328125,34.21236801147461,-8.483489990234375
27.62999725341797,36.99845504760742,-10.928009033203125
23.02334976196289,39.14853286743164,-12.957305908203125
18.464115142822266,40.60817337036133,-14.868408203125
13.81216812133789,41.50129318237305,-16.353973388671875
9.406074523925781,41.9018440246582,-17.33221435546875
4.897190093994141,42.09755325317383,-17.785675048828125
0.5415916442871094,41.9730110168457,-17.6405029296875
-3.562114715576172,41.769893646240234,-16.9071044921875
-7.226554870605469,41.35018539428711,-15.875457763671875
-10.501331329345703,40.66592788696289,-14.64288330078125
-13.46851921081543,39.77387619018555,-13.522308349609375
-15.98232650756836,38.4754753112793,-12.623565673828125
-18.01310157775879,36.9186897277832,-11.913116455078125
-19.900814056396484,35.39303207397461,-11.852020263671875
-21.42147445678711,33.57460403442383,-12.126434326171875
-22.474285125732422,31.86922836303711,-12.845001220703125
-23.107421875,29.94790267944336,-13.738922119140625
-23.5537052154541,28.263805389404297,-14.961090087890625
-23.650833129882812,26.666095733642578,-16.183502197265625
-23.346784591674805,25.293163299560547,-17.824951171875
-22.884967803955078,23.818798065185547,-19.314208984375
-22.386568069458008,22.27737045288086,-20.93951416015625
-21.62409019470215,20.628650665283203,-22.727508544921875
-20.724319458007812,18.784526824951172,-24.65167236328125
-19.694934844970703,16.775096893310547,-26.552276611328125
-18.436302185058594,14.839908599853516,-28.18048095703125
-16.965492248535156,12.824352264404297,-29.865264892578125
-15.382268905639648,10.832477569580078,-31.51385498046875
-13.874345779418945,8.84634780883789,-32.954376220703125
-12.122257232666016,7.067119598388672,-34.29559326171875
-10.020353317260742,5.297908782958984,-35.553314208984375
-7.58598518371582,3.6011924743652344,-36.678497314453125
-5.089426040649414,2.026592254638672,-37.532501220703125
-2.216827392578125,0.6787071228027344,-38.2127685546875
0.7712669372558594,-0.6308403015136719,-38.79803466796875
3.9553489685058594,-1.8882026672363281,-38.99749755859375
7.255077362060547,-2.8764266967773438,-39.000152587890625
10.734745025634766,-3.8445091247558594,-38.71490478515625
14.323871612548828,-4.775123596191406,-38.105438232421875
17.91797637939453,-5.574653625488281,-37.16717529296875
21.414695739746094,-6.323783874511719,-35.84832763671875
24.836563110351562,-7.083961486816406,-34.108612060546875
27.839000701904297,-8.010921478271484,-32.0107421875
30.802799224853516,-9.149791717529297,-29.754241943359375
33.23223114013672,-10.40191650390625,-27.399017333984375
35.40440368652344,-11.796436309814453,-24.6539306640625
37.18653106689453,-13.475303649902344,-21.620758056640625
38.79862976074219,-15.174102783203125,-18.47955322265625
40.00617218017578,-17.05392837524414,-15.23675537109375
40.56078338623047,-19.04385757446289,-11.848785400390625
40.622718811035156,-21.26126480102539,-8.80548095703125
40.16716003417969,-23.566829681396484,-5.8444366455078125
40.16716003417969,-23.566829681396484,-5.8444366455078125
39.31969451904297,-25.85852813720703,-3.09906005859375
37.93537139892578,-28.15761947631836,-0.6504974365234375
36.23053741455078,-30.598363876342773,1.7557220458984375
34.278350830078125,-32.864532470703125,3.5822906494140625
31.95361328125,-34.97068786621094,5.1998138427734375
29.25008773803711,-37.189117431640625,6.0811309814453125
26.61656951904297,-39.00894546508789,6.4424896240234375
24.05218505859375,-40.77528381347656,6.4005279541015625
21.764625549316406,-42.180023193359375,5.91619873046875
19.79137420654297,-43.41481018066406,5.2797088623046875
18.06406021118164,-44.32476806640625,4.2392578125
16.77108383178711,-45.01111602783203,3.0661468505859375
15.530227661132812,-45.593929290771484,1.7462921142578125
14.426780700683594,-45.95131301879883,0.3735809326171875
13.616626739501953,-46.2745246887207,-1.04949951171875
12.80837631225586,-46.44855880737305,-2.6231536865234375
12.19644546508789,-46.631561279296875,-4.1632080078125
11.804061889648438,-46.54846954345703,-5.6575775146484375
11.722492218017578,-46.51504135131836,-7.1025238037109375
11.90948486328125,-46.281410217285156,-8.375564575195312
12.283287048339844,-45.982975006103516,-9.6923828125
12.830387115478516,-45.55157470703125,-10.713653564453125
13.316753387451172,-45.14033889770508,-11.48779296875
13.637199401855469,-44.97691345214844,-12.178466796875
13.880973815917969,-44.74378204345703,-12.76226806640625
13.993179321289062,-44.59663391113281,-13.28936767578125
14.106395721435547,-44.453514099121094,-13.80633544921875
14.147197723388672,-44.35136032104492,-14.0546875
14.182670593261719,-44.24017333984375,-14.365264892578125
14.124629974365234,-44.233985900878906,-14.53765869140625
14.192939758300781,-44.26936340332031,-14.719329833984375
14.177852630615234,-44.29522705078125,-14.952484130859375
14.224788665771484,-44.3116455078125,-15.0440673828125
14.237545013427734,-44.319488525390625,-15.167022705078125
14.114990234375,-44.36767578125,-15.391510009765625
13.933311462402344,-44.38828659057617,-15.50994873046875
13.762531280517578,-44.411529541015625,-15.41473388671875
13.663841247558594,-44.426334381103516,-15.432403564453125
13.645111083984375,-44.42218780517578,-15.49005126953125
13.563922882080078,-44.599830627441406,-15.55517578125
13.350387573242188,-44.628570556640625,-15.586395263671875
13.195442199707031,-44.75212097167969,-15.68060302734375
13.146690368652344,-44.743011474609375,-15.9034423828125
13.002338409423828,-44.70774459838867,-15.900390625
12.839397430419922,-44.62510681152344,-15.9290771484375
12.678764343261719,-44.57080078125,-16.07733154296875
12.527118682861328,-44.64386749267578,-16.214569091796875
12.414993286132812,-44.862457275390625,-16.2379150390625
12.161945343017578,-44.86610412597656,-16.2462158203125
11.949085235595703,-44.92432403564453,-16.418182373046875
11.820968627929688,-44.980384826660156,-16.78619384765625
11.729454040527344,-45.07895278930664,-16.840423583984375
11.693496704101562,-45.14152526855469,-16.91278076171875
11.283912658691406,-45.11944580078125,-17.11041259765625
11.036720275878906,-45.14828872680664,-17.373321533203125
10.483684539794922,-45.101436614990234,-17.6683349609375
10.09421157836914,-45.18901824951172,-17.94219970703125
9.571449279785156,-45.35846710205078,-18.213043212890625
8.732391357421875,-45.61870193481445,-18.444366455078125
7.842689514160156,-45.777320861816406,-18.45892333984375
6.586761474609375,-46.162391662597656,-18.320587158203125
5.203155517578125,-46.55876159667969,-17.980316162109375
3.5176124572753906,-47.1029052734375,-17.297271728515625
1.5978851318359375,-47.665802001953125,-16.345672607421875
-0.6503887176513672,-48.36745071411133,-14.838531494140625
-2.883380889892578,-48.94004821777344,-12.852752685546875
-5.316764831542969,-49.400062561035156,-10.689910888671875
-7.884086608886719,-49.81995391845703,-7.91741943359375
-10.413496017456055,-50.09089660644531,-4.7311553955078125
-12.896770477294922,-49.98097610473633,-1.17669677734375
-15.249414443969727,-49.56358337402344,2.6934661865234375
-17.572837829589844,-48.75050735473633,6.964141845703125
-19.591510772705078,-47.53736114501953,11.435760498046875
-21.023670196533203,-46.071022033691406,15.908432006835938
-21.978515625,-44.200477600097656,20.626052856445312
-22.52214813232422,-42.15299606323242,25.317459106445312
-22.378755569458008,-39.826560974121094,29.846038818359375
-21.82940101623535,-37.152076721191406,34.02708435058594
-20.879554748535156,-34.14851379394531,37.96498107910156
-19.58184051513672,-31.04591941833496,41.61669921875
-18.171777725219727,-28.054664611816406,44.649932861328125
-16.68566131591797,-25.45461654663086,47.191162109375
-15.333377838134766,-23.047286987304688,49.17002868652344
-14.170455932617188,-21.102737426757812,50.6729736328125
-13.395578384399414,-19.625991821289062,51.48333740234375
-12.97714614868164,-18.46395492553711,51.939117431640625
-12.796422958374023,-17.817787170410156,52.24052429199219
-12.606616973876953,-17.28487777709961,52.50531005859375
-12.734468460083008,-17.023509979248047,52.51957702636719
-12.735706329345703,-16.87342071533203,52.658447265625
-12.613832473754883,-16.954360961914062,52.718658447265625
-12.373641967773438,-17.13309097290039,52.747894287109375
-11.888071060180664,-17.173980712890625,52.87080383300781
-11.237476348876953,-17.339447021484375,53.13099670410156
-10.499809265136719,-17.34830093383789,53.31388854980469
-9.834589004516602,-17.270709991455078,53.51060485839844
-8.927425384521484,-17.112255096435547,53.682403564453125
-8.166709899902344,-17.02812957763672,53.78291320800781
-7.673351287841797,-17.076461791992188,53.996185302734375
-7.29473876953125,-17.169361114501953,53.98735046386719
-7.13481330871582,-17.291030883789062,54.130889892578125
-6.905744552612305,-17.44277572631836,54.25636291503906
-6.768405914306641,-17.617557525634766,54.34016418457031
-6.796123504638672,-17.661449432373047,54.18843078613281
-6.706228256225586,-17.49429702758789,54.052642822265625
-6.597496032714844,-17.521717071533203,54.07234191894531
-6.559955596923828,-17.38129425048828,54.07489013671875
-6.666465759277344,-17.255626678466797,54.14433288574219
-6.875604629516602,-16.910926818847656,54.24568176269531
-6.977666854858398,-16.453075408935547,54.42010498046875
-7.288871765136719,-15.82174301147461,54.38873291015625
-7.317592620849609,-15.308414459228516,54.62638854980469
-6.879848480224609,-14.705642700195312,55.09214782714844
-5.970970153808594,-13.85201644897461,55.551116943359375
-4.655670166015625,-13.030570983886719,56.07496643066406
-3.0099048614501953,-12.25927734375,56.45060729980469
-1.6623725891113281,-11.761466979980469,56.65087890625
-0.6731243133544922,-11.537139892578125,56.65631103515625
-0.41330909729003906,-11.520671844482422,56.694183349609375
-0.6592674255371094,-11.70623779296875,56.644805908203125
-0.7094669342041016,-11.84600830078125,56.52442932128906
-0.7344856262207031,-11.847606658935547,56.580413818359375
-0.9513568878173828,-11.62026596069336,56.72273254394531
-1.11810302734375,-11.532661437988281,56.7197265625
-1.4535350799560547,-11.219184875488281,56.79750061035156
-1.6687393188476562,-10.822940826416016,56.89295959472656
-1.7303276062011719,-10.497119903564453,56.960968017578125
-1.5122566223144531,-10.334983825683594,57.018646240234375
-1.3096904754638672,-10.273208618164062,56.882415771484375
-1.031829833984375,-10.162239074707031,56.86614990234375
-0.6359233856201172,-10.134510040283203,56.78916931152344
0.13261032104492188,-10.093074798583984,56.89213562011719
1.0742874145507812,-10.154842376708984,56.9373779296875
1.5073890686035156,-10.20770263671875,56.98783874511719
1.4396133422851562,-10.240116119384766,57.004119873046875
1.3030014038085938,-10.252952575683594,57.10894775390625
1.1321678161621094,-10.297401428222656,57.10357666015625
0.9924087524414062,-10.366004943847656,57.08921813964844
0.7105255126953125,-10.362541198730469,57.08274841308594
0.5936737060546875,-10.372875213623047,57.04158020019531
0.39514923095703125,-10.235099792480469,56.84986877441406
0.2667884826660156,-10.208057403564453,56.68377685546875
0.2566070556640625,-10.106616973876953,56.81001281738281
0.1664886474609375,-10.175060272216797,56.97389221191406
0.014739990234375,-10.265350341796875,57.01715087890625
-0.1889801025390625,-10.213993072509766,56.989959716796875
-0.32265281677246094,-10.219646453857422,56.90602111816406
-0.39910888671875,-10.270740509033203,56.88053894042969
-0.32964515686035156,-10.194305419921875,56.70613098144531
-0.3220252990722656,-10.275043487548828,56.78923034667969
-0.2734947204589844,-10.30960464477539,56.993682861328125
-0.3942890167236328,-10.295455932617188,56.99320983886719
-0.6352081298828125,-10.306560516357422,57.18412780761719
-0.9070758819580078,-10.195484161376953,57.24693298339844
-1.0684947967529297,-10.081062316894531,57.12672424316406
-1.2568244934082031,-10.037940979003906,57.22845458984375
-1.3620567321777344,-10.059913635253906,57.436614990234375
-1.5941715240478516,-10.12481689453125,57.316162109375
-1.7269306182861328,-10.0845947265625,57.18165588378906
-1.939382553100586,-10.02630615234375,57.1181640625
-2.1025562286376953,-9.9886474609375,57.14979553222656
-2.114217758178711,-9.885177612304688,57.17231750488281
-2.0419998168945312,-9.821723937988281,57.095550537109375
-2.1453857421875,-9.786003112792969,57.16471862792969
-2.1835975646972656,-9.872215270996094,57.1497802734375
-2.1725425720214844,-9.827327728271484,57.02610778808594
-2.037181854248047,-9.782424926757812,57.01512145996094
-2.059764862060547,-9.922687530517578,57.033355712890625
-1.9690933227539062,-10.061168670654297,56.87202453613281
-1.9494991302490234,-10.053260803222656,56.96687316894531
-2.0210113525390625,-10.003185272216797,57.134002685546875
-2.017557144165039,-9.92974853515625,57.11949157714844
-1.9613704681396484,-9.84646224975586,57.26322937011719
-2.088815689086914,-9.729820251464844,57.26576232910156
-2.135721206665039,-9.850841522216797,57.139984130859375
-2.2232437133789062,-9.866401672363281,56.95951843261719
-2.419240951538086,-9.88747787475586,56.95191955566406
-2.4875659942626953,-9.772026062011719,57.110748291015625
-2.5512752532958984,-9.59798812866211,57.122344970703125
-2.5812854766845703,-9.5975341796875,56.97856140136719
-2.573812484741211,-9.603233337402344,57.02008056640625
-2.6958980560302734,-9.496997833251953,57.09814453125
-2.8202438354492188,-9.521198272705078,57.14665222167969
-2.843801498413086,-9.586444854736328,57.07771301269531
-2.8831119537353516,-9.552223205566406,57.120849609375
-2.8449153900146484,-9.618217468261719,57.09080505371094
-2.827047348022461,-9.732471466064453,57.05372619628906
-2.881563186645508,-9.639575958251953,57.07398986816406
-2.8765792846679688,-9.57168960571289,57.06239318847656
-2.9108009338378906,-9.547981262207031,57.23066711425781
-2.9494781494140625,-9.609981536865234,57.28179931640625
-2.874490737915039,-9.63583755493164,57.24220275878906
-2.880481719970703,-9.621047973632812,57.21418762207031
-2.836688995361328,-9.736335754394531,57.14677429199219
-2.883302688598633,-9.68747329711914,57.16273498535156
-2.9276580810546875,-9.705821990966797,57.27983093261719
-2.923635482788086,-9.83877182006836,57.143646240234375
-2.860586166381836,-9.695297241210938,57.083831787109375
-2.9079742431640625,-9.709358215332031,57.17120361328125
-3.0360794067382812,-9.72705078125,57.23921203613281
-3.066753387451172,-9.596138000488281,57.339385986328125
-3.0489578247070312,-9.478492736816406,57.46452331542969
-3.093931198120117,-9.488662719726562,57.639739990234375
-3.0538101196289062,-9.462249755859375,57.565460205078125
-3.036376953125,-9.53305435180664,57.56689453125
-2.965658187866211,-9.461978912353516,57.414215087890625
-2.8456058502197266,-9.530128479003906,57.31571960449219
-2.7811126708984375,-9.603492736816406,57.14263916015625
-2.720905303955078,-9.6212158203125,57.084320068359375
-2.844717025756836,-9.615104675292969,57.144561767578125
-2.9201908111572266,-9.635841369628906,57.063720703125
-2.942873001098633,-9.625991821289062,57.040069580078125
-2.8584861755371094,-9.535762786865234,57.10472106933594
-2.9396438598632812,-9.522823333740234,57.37348937988281
-2.858766555786133,-9.601261138916016,57.419952392578125
-2.8454856872558594,-9.694221496582031,57.43769836425781
-2.7334747314453125,-9.695682525634766,57.31867980957031
-2.879405975341797,-9.661754608154297,57.160125732421875
-2.8023033142089844,-9.587913513183594,57.16175842285156
-2.7396202087402344,-9.622840881347656,57.09661865234375
-2.777833938598633,-9.586151123046875,57.20249938964844
-2.745351791381836,-9.606273651123047,57.3138427734375
-2.7538013458251953,-9.559013366699219,57.42045593261719
-2.7409019470214844,-9.529186248779297,57.426055908203125
-2.7263259887695312,-9.557975769042969,57.41007995605469
-2.7133255004882812,-9.4505615234375,57.44075012207031
-2.8347549438476562,-9.409095764160156,57.42433166503906
-2.908994674682617,-9.344547271728516,57.50956726074219
-2.8679141998291016,-9.357723236083984,57.58050537109375
-2.950895309448242,-9.285507202148438,57.65950012207031
-2.9260787963867188,-9.344478607177734,57.57225036621094
-2.9237747192382812,-9.359439849853516,57.60687255859375
-2.8764209747314453,-9.313056945800781,57.57279968261719
-2.7519397735595703,-9.415904998779297,57.53178405761719
-2.839468002319336,-9.420974731445312,57.54246520996094
-2.847841262817383,-9.393020629882812,57.6007080078125
-2.7658557891845703,-9.438159942626953,57.59832763671875
-2.7645397186279297,-9.469501495361328,57.47528076171875
-3.0167064666748047,-9.409770965576172,57.37861633300781
-3.2006359100341797,-9.300224304199219,57.44111633300781
-3.050100326538086,-9.355205535888672,57.46958923339844
-2.9629039764404297,-9.38812255859375,57.397796630859375
-3.024761199951172,-9.437278747558594,57.35664367675781
-3.0447235107421875,-9.325115203857422,57.3594970703125
-2.9727706909179688,-9.451179504394531,57.242431640625
-2.907438278198242,-9.460750579833984,57.41120910644531
-2.8586063385009766,-9.407955169677734,57.30705261230469
-2.8510398864746094,-9.494808197021484,57.24488830566406
-2.932229995727539,-9.540367126464844,57.334808349609375
-2.9560470581054688,-9.432132720947266,57.407470703125
-2.9598026275634766,-9.49588394165039,57.39813232421875
-2.8976573944091797,-9.577831268310547,57.54742431640625
-2.908252716064453,-9.62930679321289,57.556610107421875
-2.752462387084961,-9.573013305664062,57.511322021484375
-2.780965805053711,-9.62630844116211,57.401611328125
-2.631013870239258,-9.626781463623047,57.39595031738281
-2.742830276489258,-9.587913513183594,57.43275451660156
-2.854177474975586,-9.537467956542969,57.3162841796875
-2.8259944915771484,-9.61160659790039,57.55470275878906
-2.73553466796875,-9.51932144165039,57.58282470703125
-2.8890838623046875,-9.49765396118164,57.51148986816406
-2.932720184326172,-9.585670471191406,57.46305847167969
-2.8805274963378906,-9.581607818603516,57.59666442871094
-2.869569778442383,-9.543773651123047,57.727783203125
-2.8762760162353516,-9.398040771484375,57.57066345214844
-2.952838897705078,-9.416130065917969,57.58366394042969
-2.809591293334961,-9.38568115234375,57.62548828125
-2.683229446411133,-9.476493835449219,57.71253967285156
-2.6470584869384766,-9.496532440185547,57.7613525390625
-2.6388378143310547,-9.50619888305664,57.65974426269531
-2.7737655639648438,-9.476802825927734,57.62922668457031
-2.9179325103759766,-9.493465423583984,57.6365966796875
-2.909395217895508,-9.483318328857422,57.65794372558594
-2.655853271484375,-9.48318099975586,57.63749694824219
-2.6249771118164062,-9.47977066040039,57.58042907714844
-2.6399765014648438,-9.401042938232422,57.56617736816406
-2.5754852294921875,-9.457221984863281,57.53456115722656
-2.69781494140625,-9.441883087158203,57.57183837890625
-2.7238121032714844,-9.405937194824219,57.548187255859375
-2.739561080932617,-9.441715240478516,57.53742980957031
-2.7391414642333984,-9.530364990234375,57.59971618652344
-2.7694015502929688,-9.570789337158203,57.51860046386719
-2.728139877319336,-9.60983657836914,57.43792724609375
-2.715860366821289,-9.551250457763672,57.52449035644531
-2.848390579223633,-9.568744659423828,57.53831481933594
-2.849191665649414,-9.549938201904297,57.60365295410156
-2.8517227172851562,-9.455738067626953,57.461578369140625
-2.7412643432617188,-9.494926452636719,57.309112548828125
-2.796171188354492,-9.418087005615234,57.23774719238281
-2.6517257690429688,-9.389785766601562,57.27384948730469
-2.6360511779785156,-9.28445053100586,57.50379943847656
-2.7670345306396484,-9.342552185058594,57.66874694824219
-2.764524459838867,-9.302650451660156,57.795867919921875
-2.9052600860595703,-9.413806915283203,57.837310791015625
-2.8176193237304688,-9.384346008300781,57.82708740234375
-2.7951431274414062,-9.43558120727539,57.921722412109375
-2.8282299041748047,-9.400943756103516,57.93980407714844
-2.708292007446289,-9.456180572509766,57.69673156738281
-2.5865230560302734,-9.531982421875,57.603759765625
-2.570423126220703,-9.604042053222656,57.46342468261719
-2.622364044189453,-9.531917572021484,57.54606628417969
-2.5862903594970703,-9.616958618164062,57.639434814453125
-2.569723129272461,-9.52518081665039,57.700897216796875
-2.5868072509765625,-9.518085479736328,57.588531494140625
-2.5563907623291016,-9.423748016357422,57.53216552734375
-2.690000534057617,-9.46380615234375,57.437286376953125
-2.6054630279541016,-9.479843139648438,57.43571472167969
-2.5696239471435547,-9.419261932373047,57.22578430175781
-2.6122360229492188,-9.389389038085938,57.08778381347656
-2.6832332611083984,-9.48049545288086,57.35914611816406
-2.8788814544677734,-9.46114730834961,57.44987487792969
-2.861886978149414,-9.478652954101562,57.334075927734375
-2.7264938354492188,-9.511436462402344,57.30973815917969
-2.649568557739258,-9.594657897949219,57.180267333984375
-2.6452178955078125,-9.604774475097656,57.089935302734375
-2.5926742553710938,-9.517772674560547,57.15081787109375
-2.743457794189453,-9.478382110595703,57.14093017578125
-2.8183670043945312,-9.478740692138672,57.234375
-2.8334083557128906,-9.30624008178711,57.41058349609375
-2.8850326538085938,-9.357757568359375,57.30366516113281
-2.933870315551758,-9.39767074584961,57.1412353515625
-2.8069534301757812,-9.328369140625,57.135040283203125
-2.812641143798828,-9.349647521972656,57.029510498046875
-2.6749935150146484,-9.407478332519531,56.952301025390625
-2.6089305877685547,-9.491046905517578,57.096343994140625
-2.6210975646972656,-9.53177261352539,57.109588623046875
-2.556215286254883,-9.6033935546875,57.3714599609375
-2.588541030883789,-9.571357727050781,57.42420959472656
-2.6177616119384766,-9.483688354492188,57.3790283203125
-2.6092777252197266,-9.486331939697266,57.499053955078125
-2.657787322998047,-9.505805969238281,57.49247741699219
-2.6157588958740234,-9.500072479248047,57.27330017089844
-2.5673370361328125,-9.480144500732422,57.30027770996094
-2.646373748779297,-9.432960510253906,57.41273498535156
-2.599912643432617,-9.402557373046875,57.45048522949219
-2.649761199951172,-9.293323516845703,57.49986267089844
-2.5887603759765625,-9.270957946777344,57.421478271484375
-2.584989547729492,-9.300888061523438,57.44781494140625
-2.609426498413086,-9.268840789794922,57.557952880859375
-2.6533641815185547,-9.344123840332031,57.58087158203125
-2.783489227294922,-9.456195831298828,57.53730773925781
-2.783489227294922,-9.456195831298828,57.53730773925781
-2.8090076446533203,-9.50008773803711,57.573150634765625
-2.8952484130859375,-9.379524230957031,57.56927490234375
-2.9076976776123047,-9.36004638671875,57.58766174316406
-2.880218505859375,-9.289794921875,57.549407958984375
-2.8227405548095703,-9.35174560546875,57.573211669921875
-2.738046646118164,-9.456085205078125,57.53648376464844
-2.7992630004882812,-9.437236785888672,57.72895812988281
-2.7079505920410156,-9.440975189208984,57.81077575683594
-2.5354251861572266,-9.447509765625,57.73210144042969
-2.5868606567382812,-9.425594329833984,57.64094543457031
-2.5475635528564453,-9.412445068359375,57.32757568359375
-2.5207691192626953,-9.513801574707031,57.13819885253906
-2.5593833923339844,-9.576370239257812,57.27833557128906
-2.5646533966064453,-9.433177947998047,57.14825439453125
-2.552082061767578,-9.400371551513672,57.16484069824219
-2.6437129974365234,-9.452163696289062,57.130523681640625
-2.825716018676758,-9.499248504638672,57.10035705566406
-2.7244205474853516,-9.409915924072266,57.12211608886719
-2.703634262084961,-9.331985473632812,57.0767822265625
-2.844463348388672,-9.293094635009766,57.06025695800781
-2.838653564453125,-9.448101043701172,57.07611083984375
-2.9011974334716797,-9.437278747558594,57.13092041015625
-2.8379459381103516,-9.48794937133789,57.142181396484375
-2.8357715606689453,-9.46307373046875,57.12260437011719
-2.893827438354492,-9.342247009277344,57.233428955078125
-2.8837814331054688,-9.382217407226562,57.12837219238281
-2.898408889770508,-9.461273193359375,57.0814208984375
-2.791818618774414,-9.446712493896484,57.05607604980469
-2.85382080078125,-9.48855972290039,57.175537109375
-2.9057540893554688,-9.599990844726562,57.145416259765625
-2.906026840209961,-9.6043701171875,57.22808837890625
-2.8079586029052734,-9.605487823486328,57.26239013671875
-2.700437545776367,-9.528453826904297,57.257415771484375
-2.683938980102539,-9.459766387939453,57.21229553222656
-2.725210189819336,-9.501289367675781,57.4039306640625
-2.683238983154297,-9.498523712158203,57.2705078125
-2.585145950317383,-9.453384399414062,57.30723571777344
-2.605846405029297,-9.393600463867188,57.175537109375
-2.614969253540039,-9.454753875732422,57.127685546875
-2.6853866577148438,-9.497474670410156,57.207366943359375
-2.609193801879883,-9.488967895507812,57.31205749511719
-2.6534080505371094,-9.596504211425781,57.35780334472656
-2.64215087890625,-9.546276092529297,57.35218811035156
-2.629974365234375,-9.602302551269531,57.429840087890625
-2.586305618286133,-9.60986328125,57.377166748046875
-2.553682327270508,-9.620552062988281,57.433868408203125
-2.6072521209716797,-9.62320327758789,57.49220275878906
-2.635040283203125,-9.454486846923828,57.53334045410156
-2.566438674926758,-9.465042114257812,57.48286437988281
-2.741109848022461,-9.505455017089844,57.3270263671875
-2.7768383026123047,-9.50717544555664,57.16697692871094
-2.702922821044922,-9.57351303100586,57.07984924316406
-2.820911407470703,-9.559940338134766,57.19190979003906
-2.817453384399414,-9.623188018798828,57.181182861328125
-2.8623485565185547,-9.551982879638672,57.18968200683594
-2.8209190368652344,-9.518638610839844,57.39849853515625
-2.654928207397461,-9.507404327392578,57.37359619140625
-2.618328094482422,-9.571514129638672,57.26249694824219
-2.5895614624023438,-9.721221923828125,57.39070129394531
-2.746610641479492,-9.73687744140625,57.44850158691406
-2.7310409545898438,-9.712440490722656,57.46519470214844
-2.8786792755126953,-9.72958755493164,57.14949035644531
-2.7315902709960938,-9.646484375,57.099578857421875
-2.7327919006347656,-9.571910858154297,57.10084533691406
-2.825908660888672,-9.619945526123047,57.23382568359375
-2.847257614135742,-9.575401306152344,57.44859313964844
-2.9556922912597656,-9.627250671386719,57.42333984375
-2.9172821044921875,-9.59476089477539,57.41162109375
-2.764322280883789,-9.627059936523438,57.29228210449219
-2.6942081451416016,-9.625686645507812,57.40470886230469
-2.645030975341797,-9.494239807128906,57.293487548828125
-2.7089309692382812,-9.443172454833984,57.4212646484375
-2.8651504516601562,-9.475086212158203,57.38990783691406
-2.913005828857422,-9.505836486816406,57.38728332519531
-2.949953079223633,-9.516990661621094,57.33589172363281
-2.838592529296875,-9.439998626708984,57.250732421875
-2.8219738006591797,-9.492870330810547,57.243804931640625
-2.8118934631347656,-9.41891860961914,57.33685302734375
-2.8039379119873047,-9.524322509765625,57.556549072265625
-2.765279769897461,-9.606826782226562,57.557708740234375
-2.7847557067871094,-9.533409118652344,57.48028564453125
-2.712839126586914,-9.44742202758789,57.39482116699219
-2.8787174224853516,-9.426101684570312,57.44120788574219
-2.916015625,-9.456581115722656,57.41423034667969
-2.8410720825195312,-9.363346099853516,57.431427001953125
-2.664888381958008,-9.324756622314453,57.44526672363281
-2.5759811401367188,-9.29227066040039,57.47221374511719
-2.758922576904297,-9.507598876953125,57.30879211425781
-2.8720321655273438,-9.520633697509766,57.1893310546875
-2.8367843627929688,-9.55141830444336,57.161224365234375
-2.7177886962890625,-9.555538177490234,57.030975341796875
-2.6818809509277344,-9.658851623535156,56.94384765625
-2.680143356323242,-9.632640838623047,57.04266357421875
-2.834535598754883,-9.558406829833984,57.351806640625
-2.839374542236328,-9.533252716064453,57.17811584472656
-2.8416366577148438,-9.63309097290039,57.24595642089844
-2.933778762817383,-9.58292007446289,57.22633361816406
-2.9137840270996094,-9.669048309326172,57.30470275878906
-2.925657272338867,-9.813549041748047,57.12548828125
-2.8112106323242188,-9.741477966308594,57.145538330078125
-2.7335548400878906,-9.758831024169922,57.126312255859375
-2.774415969848633,-9.635124206542969,56.9716796875
-2.7188472747802734,-9.635231018066406,57.04840087890625
-2.7981204986572266,-9.573707580566406,57.348236083984375
-2.7789077758789062,-9.562984466552734,57.465118408203125
-2.637622833251953,-9.573524475097656,57.57928466796875
-2.6388378143310547,-9.522804260253906,57.55497741699219
-2.695596694946289,-9.65524673461914,57.496612548828125
-2.69293212890625,-9.66079330444336,57.406768798828125
-2.773387908935547,-9.723018646240234,57.37437438964844
-2.7917137145996094,-9.601551055908203,57.32411193847656
-2.740262985229492,-9.614551544189453,57.208648681640625
-2.681793212890625,-9.638751983642578,57.174835205078125
-2.634096145629883,-9.45351791381836,56.99473571777344
-2.6452999114990234,-9.407939910888672,57.038665771484375
-2.6768264770507812,-9.56988525390625,57.20613098144531
-2.6836605072021484,-9.666667938232422,57.394744873046875
-2.745555877685547,-9.658157348632812,57.42481994628906
-2.8537845611572266,-9.793781280517578,57.34022521972656
-2.925140380859375,-9.816726684570312,57.449493408203125
-2.760488510131836,-9.851463317871094,57.423583984375
-2.781808853149414,-9.830795288085938,57.39874267578125
-2.7580642700195312,-9.859573364257812,57.27043151855469
-2.809030532836914,-9.745296478271484,57.520263671875
-2.8259811401367188,-9.67254638671875,57.56639099121094
-2.7652111053466797,-9.695941925048828,57.42401123046875
-2.6836109161376953,-9.614845275878906,57.354644775390625
-2.6974124908447266,-9.678089141845703,57.17555236816406
-2.7021713256835938,-9.80960464477539,57.22801208496094
-2.6889076232910156,-9.854381561279297,57.345703125
-2.8853988647460938,-9.889778137207031,57.43653869628906
-2.837259292602539,-9.834999084472656,57.35621643066406
-2.7981796264648438,-9.841873168945312,57.139190673828125
-2.745433807373047,-9.833568572998047,57.17085266113281
-2.7754058837890625,-9.701740264892578,57.076416015625
-2.874113082885742,-9.585002899169922,57.135772705078125
-2.87225341796875,-9.683231353759766,57.29676818847656
-2.8660812377929688,-9.698699951171875,57.36683654785156
-2.8358230590820312,-9.722248077392578,57.460479736328125
-2.923664093017578,-9.672679901123047,57.379913330078125
-2.8815860748291016,-9.676769256591797,57.34199523925781
-2.8663997650146484,-9.737129211425781,57.182464599609375
-2.8558883666992188,-9.738151550292969,57.28228759765625
-2.956501007080078,-9.689735412597656,57.31965637207031
-3.0066089630126953,-9.603267669677734,57.288299560546875
-3.035419464111328,-9.583580017089844,57.23588562011719
-2.990001678466797,-9.548263549804688,57.24299621582031
-2.9692039489746094,-9.619720458984375,57.34819030761719
-2.9079837799072266,-9.577346801757812,57.53300476074219
-2.9552268981933594,-9.47903060913086,57.42408752441406
-2.9586963653564453,-9.435810089111328,57.158782958984375
-2.871328353881836,-9.430625915527344,57.09037780761719
-2.7264957427978516,-9.439071655273438,57.03639221191406
-2.8286685943603516,-9.574028015136719,56.996063232421875
-2.905231475830078,-9.514240264892578,56.955810546875
-2.8934879302978516,-9.525386810302734,57.0625
-2.9338645935058594,-9.606082916259766,57.043914794921875
-2.8209896087646484,-9.588302612304688,57.21452331542969
-2.8482818603515625,-9.536933898925781,57.25262451171875
-2.894418716430664,-9.49448013305664,57.15815734863281
-2.936443328857422,-9.45809555053711,57.16065979003906
-2.8948726654052734,-9.588417053222656,56.97706604003906
-2.857105255126953,-9.629959106445312,57.06437683105469
-2.7753143310546875,-9.574081420898438,57.03363037109375
-2.7316551208496094,-9.678375244140625,57.135009765625
-2.7748031616210938,-9.561687469482422,57.021148681640625
-2.702167510986328,-9.624217987060547,56.9888916015625
-2.8643932342529297,-9.611103057861328,56.91656494140625
-2.9168624877929688,-9.592926025390625,56.8770751953125
-2.8631019592285156,-9.610198974609375,56.89945983886719
-2.9325294494628906,-9.572376251220703,56.956695556640625
-2.931669235229492,-9.546405792236328,57.0582275390625
-2.8134117126464844,-9.532268524169922,57.2423095703125
-2.666719436645508,-9.53048324584961,57.167144775390625
-2.6322288513183594,-9.522640228271484,57.0628662109375
-2.610809326171875,-9.440567016601562,57.20817565917969
-2.7492847442626953,-9.459400177001953,57.253448486328125
-2.7906055450439453,-9.396720886230469,57.19587707519531
-2.783132553100586,-9.329048156738281,57.07200622558594
-2.729198455810547,-9.268440246582031,57.06239318847656
-2.650392532348633,-9.311325073242188,57.231658935546875
-2.6714649200439453,-9.35198974609375,57.30244445800781
-2.579862594604492,-9.413875579833984,57.11238098144531
-2.621492385864258,-9.467731475830078,57.15773010253906
-2.5742740631103516,-9.327678680419922,57.11653137207031
-2.567068099975586,-9.361000061035156,57.193878173828125
-2.570943832397461,-9.372577667236328,57.198974609375
-2.6955509185791016,-9.455429077148438,57.159912109375
-2.741680145263672,-9.351882934570312,57.12359619140625
-2.752473831176758,-9.358390808105469,57.136444091796875
-2.6098060607910156,-9.321121215820312,57.244476318359375
-2.4534263610839844,-9.325336456298828,57.156707763671875
-2.5711517333984375,-9.363399505615234,57.09405517578125
-2.6408004760742188,-9.421619415283203,57.032745361328125
-2.5536575317382812,-9.480598449707031,57.11688232421875
-2.438995361328125,-9.405677795410156,57.191925048828125
-2.593626022338867,-9.48037338256836,57.37263488769531
-2.644174575805664,-9.51076889038086,57.24922180175781
-2.5896148681640625,-9.528533935546875,57.23362731933594
-2.584674835205078,-9.604804992675781,57.09049987792969
-2.541788101196289,-9.531959533691406,57.0797119140625
-2.587207794189453,-9.581077575683594,57.26481628417969
-2.5931930541992188,-9.503406524658203,57.24702453613281
-2.744783401489258,-9.460289001464844,57.20887756347656
-2.724964141845703,-9.473220825195312,57.34898376464844
-2.6705074310302734,-9.309165954589844,57.150177001953125
-2.721956253051758,-9.427360534667969,57.06394958496094
-2.758485794067383,-9.446613311767578,56.981292724609375
-2.792449951171875,-9.39278793334961,57.01741027832031
-2.7659072875976562,-9.397693634033203,57.15580749511719
-2.6648693084716797,-9.44632339477539,57.2452392578125
-2.705221176147461,-9.455196380615234,57.39369201660156
-2.6097946166992188,-9.48227310180664,57.443359375
-2.606781005859375,-9.323326110839844,57.27247619628906
-2.607431411743164,-9.384452819824219,57.15327453613281
-2.720060348510742,-9.394287109375,57.109039306640625
-2.840251922607422,-9.517292022705078,57.187103271484375
-2.816244125366211,-9.574886322021484,57.3629150390625
-2.7059402465820312,-9.578155517578125,57.37263488769531
-2.6627883911132812,-9.575790405273438,57.36903381347656
-2.6031875610351562,-9.585628509521484,57.40608215332031
-2.7495059967041016,-9.587303161621094,57.496551513671875
-2.6518497467041016,-9.521312713623047,57.56370544433594
-2.5943965911865234,-9.461978912353516,57.550628662109375
-2.6479854583740234,-9.587764739990234,57.6571044921875
-2.5907649993896484,-9.612865447998047,57.62957763671875
-2.6452598571777344,-9.611865997314453,57.63746643066406
-2.5977935791015625,-9.603240966796875,57.45188903808594
-2.5467891693115234,-9.583232879638672,57.29093933105469
-2.4481639862060547,-9.573162078857422,57.24835205078125
-2.6091384887695312,-9.528182983398438,57.311309814453125
-2.726093292236328,-9.550201416015625,57.26594543457031
-2.7951717376708984,-9.521614074707031,57.43031311035156
-2.879487991333008,-9.577064514160156,57.37998962402344
-2.774097442626953,-9.558525085449219,57.25738525390625
-2.7838916778564453,-9.590595245361328,57.35923767089844
-2.756288528442383,-9.602733612060547,57.41304016113281
-2.786245346069336,-9.550277709960938,57.42022705078125
-2.6809844970703125,-9.612503051757812,57.42059326171875
-2.6423587799072266,-9.73489761352539,57.47148132324219
-2.564788818359375,-9.611339569091797,57.47044372558594
-2.584989547729492,-9.633132934570312,57.31550598144531
-2.7220897674560547,-9.579635620117188,57.15830993652344
-2.784383773803711,-9.564693450927734,57.23500061035156
-2.7580337524414062,-9.597469329833984,57.371978759765625
-2.6180248260498047,-9.612594604492188,57.45265197753906
-2.568462371826172,-9.571781158447266,57.59111022949219
-2.6560821533203125,-9.523574829101562,57.58119201660156
-2.680309295654297,-9.554481506347656,57.57664489746094
-2.7446231842041016,-9.528377532958984,57.66007995605469
-2.8502769470214844,-9.768882751464844,57.60801696777344
-2.792572021484375,-9.818538665771484,57.64512634277344
-2.770374298095703,-9.80093765258789,57.51136779785156
-2.7628231048583984,-9.715400695800781,57.56715393066406
-2.694469451904297,-9.717613220214844,57.518646240234375
-2.6243419647216797,-9.852378845214844,57.47845458984375
-2.595531463623047,-9.813800811767578,57.55940246582031
-2.69097900390625,-9.810123443603516,57.557037353515625
-2.6893253326416016,-9.794731140136719,57.459716796875
-2.7729949951171875,-9.855213165283203,57.28453063964844
-2.841432571411133,-9.835716247558594,57.248443603515625
-3.0100784301757812,-9.709766387939453,57.27540588378906
-3.0732498168945312,-9.7335205078125,57.14149475097656
-2.905885696411133,-9.840106964111328,57.08613586425781
-2.7417469024658203,-9.865104675292969,57.15411376953125
-2.7926082611083984,-9.822429656982422,57.19114685058594
-2.637361526489258,-9.836223602294922,57.09986877441406
-2.5901641845703125,-9.775611877441406,56.97508239746094
-2.6488876342773438,-9.712547302246094,57.07743835449219
-2.8086109161376953,-9.7618408203125,57.37629699707031
-2.9038238525390625,-9.647727966308594,57.44256591796875
-2.8588333129882812,-9.622825622558594,57.391204833984375
-2.8986988067626953,-9.621173858642578,57.37748718261719
-2.8728103637695312,-9.57735824584961,57.37779235839844
-2.841175079345703,-9.6309814453125,57.40631103515625
-2.792011260986328,-9.61956787109375,57.43768310546875
-2.8468456268310547,-9.553268432617188,57.428924560546875
-2.8959522247314453,-9.59683609008789,57.541015625
-2.919523239135742,-9.561969757080078,57.54876708984375
-3.0033435821533203,-9.528644561767578,57.715728759765625
-3.1877403259277344,-9.460311889648438,57.751922607421875
-3.207582473754883,-9.542903900146484,57.70829772949219
-3.116678237915039,-9.712696075439453,57.58262634277344
-3.0344581604003906,-9.592891693115234,57.59660339355469
-3.118284225463867,-9.52889633178711,57.53904724121094
-3.264598846435547,-9.408466339111328,57.6480712890625
-3.466564178466797,-9.293357849121094,57.568389892578125
-3.483732223510742,-9.371788024902344,57.61962890625
-3.759542465209961,-9.388507843017578,57.66874694824219
-3.8922176361083984,-9.304344177246094,57.53819274902344
-4.183927536010742,-9.293773651123047,57.565765380859375
-4.3194122314453125,-9.272319793701172,57.607086181640625
-4.524965286254883,-9.35068130493164,57.57966613769531
-4.721347808837891,-9.26059341430664,57.401214599609375
-4.739492416381836,-9.250308990478516,57.4188232421875
-4.932455062866211,-9.074146270751953,57.45930480957031
-5.092462539672852,-9.056900024414062,57.53955078125
-4.976129531860352,-9.117889404296875,57.57850646972656
-4.993167877197266,-8.939632415771484,57.56512451171875
-5.100484848022461,-8.790634155273438,57.80943298339844
-5.128103256225586,-8.696269989013672,57.75227355957031
-5.22764778137207,-8.637229919433594,57.6326904296875
-5.231679916381836,-8.538764953613281,57.51094055175781
-5.366384506225586,-8.393077850341797,57.54441833496094
-5.356746673583984,-8.347911834716797,57.49211120605469
-5.37455940246582,-8.196426391601562,57.44737243652344
-5.509878158569336,-8.033103942871094,57.44554138183594
-5.648992538452148,-7.969581604003906,57.33647155761719
-5.811216354370117,-8.181198120117188,57.35008239746094
-6.000102996826172,-8.28173828125,57.325714111328125
-5.9818267822265625,-8.255500793457031,57.32514953613281
-5.996471405029297,-8.392024993896484,57.25848388671875
-6.117570877075195,-8.616474151611328,57.18275451660156
-6.190526962280273,-8.843494415283203,57.17529296875
-6.394721984863281,-8.963932037353516,57.12841796875
-6.491918563842773,-9.160137176513672,57.07945251464844
-6.5381927490234375,-9.341228485107422,56.91310119628906
-6.646278381347656,-9.20858383178711,56.80250549316406
-6.60563850402832,-9.111141204833984,56.82220458984375
-6.556640625,-9.02716064453125,56.959259033203125
-6.424497604370117,-8.915515899658203,57.02421569824219
-6.296295166015625,-8.707019805908203,56.90864562988281
-6.167852401733398,-8.609527587890625,57.04118347167969
-6.014299392700195,-8.434577941894531,57.17988586425781
-5.7744140625,-8.265060424804688,57.22340393066406
-5.497949600219727,-8.271228790283203,57.136138916015625
-4.959112167358398,-8.259090423583984,57.01484680175781
-4.153535842895508,-8.211109161376953,57.02024841308594
-2.9831809997558594,-8.278724670410156,57.16645812988281
-1.572896957397461,-8.283634185791016,57.444732666015625
-0.002208709716796875,-8.466793060302734,57.58537292480469
1.6069755554199219,-8.486263275146484,57.55000305175781
2.9548263549804688,-8.701553344726562,57.47869873046875
4.039974212646484,-9.255203247070312,57.35185241699219
4.690620422363281,-10.234729766845703,57.15315246582031
4.957363128662109,-11.352275848388672,56.755096435546875
4.9796600341796875,-12.54892349243164,56.41807556152344
4.8733978271484375,-13.77365493774414,56.04374694824219
4.889667510986328,-15.075920104980469,55.6776123046875
4.922691345214844,-16.245838165283203,55.2578125
4.969226837158203,-17.374561309814453,54.67437744140625
5.0385894775390625,-18.547691345214844,54.1387939453125
5.202739715576172,-19.89828109741211,53.57029724121094
5.302574157714844,-21.23984146118164,53.09434509277344
5.302574157714844,-21.23984146118164,53.09434509277344
5.467472076416016,-23.877971649169922,51.75775146484375
5.467472076416016,-23.877971649169922,51.75775146484375
5.5709381103515625,-25.300865173339844,50.74971008300781
5.439788818359375,-26.618423461914062,49.950653076171875
5.3328399658203125,-27.671741485595703,49.224273681640625
5.083610534667969,-28.86471939086914,48.42608642578125
4.8436431884765625,-30.04619026184082,47.64888000488281
4.533535003662109,-31.298866271972656,46.85321044921875
4.2443695068359375,-32.61420822143555,45.95564270019531
3.977947235107422,-33.68389129638672,44.98966979980469
3.848896026611328,-34.81087875366211,44.14933776855469
3.7232322692871094,-35.92986297607422,43.07878112792969
3.558582305908203,-36.985328674316406,42.03114318847656
3.368438720703125,-37.93367385864258,41.04010009765625
3.1358795166015625,-38.7220458984375,40.08367919921875
2.7535324096679688,-39.497554779052734,39.07243347167969
2.4322967529296875,-40.335723876953125,38.03204345703125
2.1790504455566406,-41.000083923339844,37.3125
1.9142303466796875,-41.590415954589844,36.61271667480469
1.6009559631347656,-42.035362243652344,35.94166564941406
1.2431755065917969,-42.61339569091797,35.52052307128906
0.9448699951171875,-42.9569091796875,35.15312194824219
0.7373847961425781,-43.23523712158203,34.70611572265625
0.44235992431640625,-43.373878479003906,34.37774658203125
0.25927734375,-43.67675018310547,33.93971252441406
-0.0251007080078125,-44.041419982910156,33.478668212890625
-0.32549285888671875,-44.19422912597656,33.1522216796875
-0.5516185760498047,-44.39371109008789,32.79679870605469
-0.7840156555175781,-44.469512939453125,32.58265686035156
-0.9846878051757812,-44.559364318847656,32.48313903808594
-1.1486778259277344,-44.55537796020508,32.47370910644531
-1.302907943725586,-44.56130599975586,32.443817138671875
-1.4161510467529297,-44.67498016357422,32.58489990234375
-1.738016128540039,-44.69062042236328,32.64982604980469
-1.7987079620361328,-44.69751739501953,32.62458801269531
-1.7961692810058594,-44.64926528930664,32.686737060546875
-1.916940689086914,-44.670867919921875,32.631072998046875
-2.0778846740722656,-44.69715881347656,32.52983093261719
-2.227327346801758,-44.727516174316406,32.3514404296875
-2.207366943359375,-44.718910217285156,32.22990417480469
-2.316740036010742,-44.678062438964844,32.15364074707031
-2.419553756713867,-44.65785217285156,32.15968322753906
-2.3590526580810547,-44.750816345214844,32.24531555175781
-2.4707088470458984,-44.707664489746094,32.291595458984375
-2.580503463745117,-44.642189025878906,32.450225830078125
-2.654651641845703,-44.616477966308594,32.61695861816406
-2.8065185546875,-44.55190658569336,32.58453369140625
-2.848102569580078,-44.43461990356445,32.76338195800781
-2.8914642333984375,-44.35710525512695,32.92332458496094
-2.9022216796875,-44.1088981628418,33.01402282714844
-2.899301528930664,-43.959136962890625,33.05189514160156
-2.8199291229248047,-43.915069580078125,33.29454040527344
-2.8226547241210938,-43.81807327270508,33.58760070800781
-2.722249984741211,-43.558589935302734,33.6373291015625
-2.6241607666015625,-43.53774642944336,33.67315673828125
-2.592630386352539,-43.49120330810547,33.58918762207031
-2.5274276733398438,-43.34891128540039,33.638885498046875
-2.490924835205078,-43.323673248291016,33.836090087890625
-2.4524593353271484,-43.33100891113281,33.91987609863281
-2.639669418334961,-43.335147857666016,33.99737548828125
-2.8066635131835938,-43.25456619262695,34.14764404296875
-2.884462356567383,-43.23955535888672,34.40716552734375
-3.016582489013672,-43.168949127197266,34.44337463378906
-3.0631580352783203,-43.119544982910156,34.52717590332031
-2.9843482971191406,-43.00556945800781,34.572509765625
-2.9068374633789062,-42.92303466796875,34.74894714355469
-2.7937145233154297,-43.03313446044922,34.78167724609375
-2.603160858154297,-43.03992462158203,34.91346740722656
-2.559112548828125,-43.073062896728516,34.9307861328125
-2.395771026611328,-43.19688415527344,35.1138916015625
-2.2497940063476562,-43.30992126464844,34.97552490234375
-2.2467384338378906,-43.19676971435547,34.81939697265625
-2.2564125061035156,-43.317474365234375,34.671234130859375
-2.1497440338134766,-43.31328582763672,34.77607727050781
-2.123424530029297,-43.295753479003906,34.902069091796875
-2.028451919555664,-43.17529296875,34.94343566894531
-1.9458160400390625,-43.06958770751953,35.03706359863281
-1.9185638427734375,-43.00634765625,35.13975524902344
-1.7810382843017578,-42.956016540527344,35.2955322265625
-1.645193099975586,-42.829715728759766,35.40440368652344
-1.6765670776367188,-42.79204559326172,35.33210754394531
-1.5613384246826172,-42.672325134277344,35.417083740234375
-1.5269699096679688,-42.72589874267578,35.49580383300781
-1.4877700805664062,-42.70745849609375,35.614288330078125
-1.412210464477539,-42.68174362182617,35.784942626953125
-1.357879638671875,-42.732749938964844,36.02311706542969
-1.235177993774414,-42.63903045654297,35.99119567871094
-1.2451324462890625,-42.43435287475586,36.14250183105469
-1.2227935791015625,-42.401206970214844,36.34246826171875
-1.2013931274414062,-42.49087905883789,36.41004943847656
-1.2541942596435547,-42.561866760253906,36.39830017089844
-1.1759223937988281,-42.58070373535156,36.35023498535156
-0.88421630859375,-42.50946807861328,36.41035461425781
-0.7497692108154297,-42.660858154296875,36.54551696777344
-0.44061279296875,-42.91564178466797,36.768798828125
-0.10079193115234375,-43.13949203491211,36.950836181640625
0.3704071044921875,-43.336509704589844,37.277099609375
0.6512031555175781,-43.85149002075195,37.63536071777344
1.0842666625976562,-44.261016845703125,37.76817321777344
1.3808212280273438,-44.71527862548828,37.9324951171875
1.6919174194335938,-45.2992057800293,38.23646545410156
2.082916259765625,-45.79979705810547,38.594207763671875
2.5326614379882812,-46.448158264160156,38.96284484863281
2.9830780029296875,-47.10175323486328,39.41825866699219
3.295978546142578,-47.63591384887695,39.85560607910156
3.482929229736328,-48.22589874267578,40.367645263671875
3.751453399658203,-48.96704864501953,40.89176940917969
3.9033737182617188,-49.64918518066406,41.712799072265625
3.831512451171875,-50.121273040771484,42.6416015625
3.7895469665527344,-50.42057418823242,43.68206787109375
3.7882652282714844,-50.55189895629883,45.197052001953125
3.6634597778320312,-50.46131896972656,46.734375
3.336658477783203,-50.2921028137207,48.44139099121094
3.002960205078125,-49.885337829589844,50.334808349609375
2.4997711181640625,-49.28165817260742,52.28028869628906
2.054950714111328,-48.54682159423828,54.234954833984375
1.3133659362792969,-47.8399543762207,56.06788635253906
0.6666107177734375,-46.85544204711914,57.904571533203125
0.016002655029296875,-45.5849609375,59.96794128417969
-0.8406105041503906,-44.136260986328125,61.99736022949219
-1.817169189453125,-42.41655731201172,63.966278076171875
-2.727916717529297,-40.4987678527832,65.77626037597656
-3.675203323364258,-38.239952087402344,67.31819152832031
-4.7295074462890625,-35.888458251953125,68.55380249023438
-5.637495040893555,-33.69009017944336,69.51348876953125
-6.428583145141602,-31.43108558654785,70.43357849121094
-7.159124374389648,-29.066089630126953,71.10604858398438
-7.851308822631836,-26.513198852539062,71.179931640625
-8.520515441894531,-23.593914031982422,70.91993713378906
-9.404186248779297,-20.378746032714844,70.32772827148438
-10.174755096435547,-16.81341552734375,69.084228515625
-11.03541374206543,-13.05999755859375,66.99525451660156
-11.958215713500977,-9.33877182006836,63.63252258300781
-13.025262832641602,-6.020740509033203,58.915496826171875
-14.86536979675293,-1.740875244140625,52.13482666015625
-18.571443557739258,4.358730316162109,46.32835388183594
-22.094375610351562,8.78652572631836,43.787353515625
-23.79688262939453,10.328380584716797,43.46446228027344
-24.478193283081055,10.953311920166016,43.5928955078125
-24.72652816772461,11.335582733154297,43.71673583984375
-24.832258224487305,11.41427230834961,43.80363464355469
-24.789976119995117,11.57736587524414,43.771240234375
-24.916902542114258,11.57358169555664,43.70703125
-25.010129928588867,11.586444854736328,43.70350646972656
-25.04314613342285,11.860126495361328,43.666748046875
-25.10991859436035,11.921100616455078,43.61381530761719
-25.049650192260742,12.03262710571289,43.56910705566406
-25.253402709960938,11.919971466064453,43.51898193359375
-25.421743392944336,12.020221710205078,43.64678955078125
-25.6628360748291,12.00924301147461,43.76405334472656
-25.92308235168457,12.096508026123047,44.01704406738281
-26.070768356323242,12.258007049560547,44.224945068359375
-26.216045379638672,12.426593780517578,44.32073974609375
-26.515260696411133,12.483745574951172,44.34028625488281
-26.720430374145508,12.663288116455078,44.48582458496094
-26.935741424560547,12.690975189208984,44.577728271484375
-27.194316864013672,12.656208038330078,44.75514221191406
-27.32646369934082,12.780414581298828,44.72169494628906
-27.46037483215332,12.75655746459961,44.63069152832031
-27.645263671875,12.75118637084961,44.5867919921875
-27.97304344177246,12.824817657470703,44.5858154296875
-28.079944610595703,12.951602935791016,44.60298156738281
-28.200448989868164,13.069446563720703,44.87884521484375
-28.365737915039062,12.93368911743164,44.85838317871094
-28.467763900756836,12.788928985595703,44.92262268066406
-28.581443786621094,12.672245025634766,44.9041748046875
-28.68307113647461,12.805553436279297,44.95899963378906
-28.88106346130371,13.00454330444336,44.951995849609375
-28.940818786621094,13.01870346069336,44.7625732421875
-29.088621139526367,13.049747467041016,44.65376281738281
-29.067527770996094,12.911029815673828,44.51560974121094
-29.22930335998535,12.847698211669922,44.42384338378906
-29.198659896850586,12.78860092163086,44.44364929199219
-29.264801025390625,12.767444610595703,44.275115966796875
-29.342254638671875,12.655529022216797,44.19926452636719
-29.560983657836914,12.668529510498047,44.17279052734375
-29.76825523376465,12.651851654052734,44.172149658203125
-29.821035385131836,12.515193939208984,44.3046875
-29.82625389099121,12.56875991821289,44.24609375
-29.944005966186523,12.662097930908203,44.17292785644531
-29.93012237548828,12.686824798583984,43.98699951171875
-30.07379913330078,12.717479705810547,43.88140869140625
-30.15947914123535,12.622180938720703,43.808868408203125
-30.364381790161133,12.580585479736328,43.87504577636719
-30.43191146850586,12.436336517333984,43.92024230957031
-30.531845092773438,12.448406219482422,43.94012451171875
-30.455219268798828,12.372486114501953,43.99658203125
-30.442493438720703,12.366146087646484,43.869537353515625
-30.51913833618164,12.330120086669922,43.72648620605469
-30.505659103393555,12.146488189697266,43.626678466796875
-30.654407501220703,12.15346908569336,43.702178955078125
-30.697397232055664,12.17392349243164,43.65269470214844
-30.81299591064453,12.088695526123047,43.546478271484375
-30.932809829711914,11.89864730834961,43.48326110839844
-30.963592529296875,11.891216278076172,43.41004943847656
-30.90572166442871,11.961933135986328,43.25611877441406
-30.886566162109375,11.898746490478516,43.104248046875
-30.912900924682617,11.861385345458984,43.08546447753906
-30.99911117553711,11.69112777709961,42.946197509765625
-30.93657112121582,11.491558074951172,42.630157470703125
-30.872051239013672,11.266971588134766,42.44801330566406
-30.787023544311523,11.214282989501953,42.3536376953125
-30.950698852539062,11.050067901611328,42.16947937011719
-31.042814254760742,10.815631866455078,41.939453125
-31.072097778320312,10.696186065673828,41.721221923828125
-31.224828720092773,10.603282928466797,41.57344055175781
-31.39005470275879,10.49356460571289,41.13897705078125
-31.407268524169922,10.296375274658203,40.841705322265625
-31.374845504760742,10.305484771728516,40.73701477050781
-31.41051483154297,10.107799530029297,40.45246887207031
-31.330402374267578,9.92733383178711,40.301788330078125
-31.2335262298584,9.761539459228516,40.269683837890625
-31.05495262145996,9.621753692626953,40.139251708984375
-30.76426124572754,9.49460220336914,40.03668212890625
-30.385540008544922,9.433948516845703,39.995086669921875
-30.114362716674805,9.419246673583984,40.04499816894531
-29.98250389099121,9.472843170166016,40.19244384765625
-29.963533401489258,9.480388641357422,40.26490783691406
-30.11802101135254,9.635570526123047,40.250274658203125
-30.432804107666016,9.791461944580078,40.20832824707031
-30.847209930419922,9.890460968017578,40.108001708984375
-31.456920623779297,9.86806869506836,39.98115539550781
-31.9197998046875,9.99715805053711,39.76707458496094
-32.232177734375,9.933246612548828,39.443389892578125
-32.33303451538086,9.862934112548828,39.07978820800781
-32.42811965942383,9.717395782470703,38.64349365234375
-32.49283218383789,9.52133560180664,38.311676025390625
-32.57877731323242,9.386768341064453,37.99476623535156
-32.59257125854492,9.278484344482422,37.666107177734375
-32.55679702758789,9.249164581298828,37.50895690917969
-32.64109420776367,9.330089569091797,37.31007385253906
-32.71858215332031,9.29134750366211,37.364288330078125
-32.78862380981445,9.26327896118164,37.566741943359375
-32.73207092285156,9.196765899658203,37.70259094238281
-32.69084548950195,9.17831039428711,37.68621826171875
-32.48811721801758,9.069477081298828,37.59794616699219
-32.312744140625,9.08926010131836,37.560211181640625
-32.287742614746094,9.05380630493164,37.5716552734375
-32.19430160522461,8.929126739501953,37.76393127441406
-31.92754554748535,8.875194549560547,37.881072998046875
-31.909969329833984,8.68057632446289,37.88575744628906
-31.805435180664062,8.644107818603516,37.92048645019531
-31.512205123901367,8.73110580444336,38.0008544921875
-31.46891975402832,8.650989532470703,38.0760498046875
-31.364795684814453,8.618083953857422,38.13555908203125
-31.214757919311523,8.583087921142578,38.09049987792969
-31.243555068969727,8.599140167236328,38.02789306640625
-31.315458297729492,8.50735092163086,37.987701416015625
-31.278852462768555,8.681026458740234,37.74627685546875
-31.32341766357422,8.70993423461914,37.61781311035156
-31.24936294555664,8.66598892211914,37.69807434082031
-31.27790069580078,8.62014389038086,37.74151611328125
-31.313203811645508,8.659099578857422,37.607177734375
-31.326961517333984,8.67275619506836,37.611297607421875
-31.290422439575195,8.655147552490234,37.73577880859375
-31.235727310180664,8.815776824951172,37.88136291503906
-31.249250411987305,8.71603775024414,37.940032958984375
-31.305583953857422,8.699649810791016,37.908203125
-31.274131774902344,8.689929962158203,37.871734619140625
-31.262495040893555,8.682971954345703,37.80055236816406
-31.280012130737305,8.781993865966797,37.764251708984375
-31.21932601928711,8.762989044189453,37.896148681640625
-31.138458251953125,8.80453109741211,37.96690368652344
-31.044694900512695,8.841785430908203,37.89729309082031
-30.986888885498047,8.863384246826172,38.025604248046875
-30.99715805053711,8.78128433227539,37.9285888671875
-31.022655487060547,8.808490753173828,37.937469482421875
-30.871826171875,8.760456085205078,38.05006408691406
-30.83460807800293,8.881595611572266,38.01240539550781
-30.88410758972168,8.878215789794922,37.90583801269531
-30.857009887695312,8.856060028076172,38.02552795410156
-30.900678634643555,8.79732894897461,38.097015380859375
-30.863943099975586,8.77938461303711,38.12205505371094
-31.001333236694336,8.78963851928711,38.126983642578125
-30.961240768432617,8.863285064697266,38.10894775390625
-31.007247924804688,9.049800872802734,38.10664367675781
-31.12940216064453,9.170757293701172,37.95635986328125
-31.097003936767578,9.19913101196289,38.05262756347656
-31.054718017578125,9.159564971923828,38.19976806640625
-30.97005844116211,9.120494842529297,38.33587646484375
-30.88391876220703,9.018672943115234,38.40452575683594
-30.91973304748535,9.009166717529297,38.46600341796875
-30.917537689208984,9.188831329345703,38.51463317871094
-30.906749725341797,9.244129180908203,38.79547119140625
-30.878551483154297,9.376773834228516,38.86070251464844
-30.73597526550293,9.49221420288086,38.89384460449219
-30.749168395996094,9.62307357788086,38.76936340332031
-30.773160934448242,9.722423553466797,38.77281188964844
-30.78992462158203,9.75118637084961,39.02861022949219
-30.722299575805664,9.778095245361328,39.372161865234375
-30.661714553833008,9.816532135009766,39.670501708984375
-30.650617599487305,9.832454681396484,39.76068115234375
-30.64454460144043,9.98849868774414,39.82826232910156
-30.595876693725586,9.975101470947266,40.049407958984375
-30.490856170654297,10.024471282958984,40.23594665527344
-30.459819793701172,10.200565338134766,40.327728271484375
-30.54056167602539,10.378673553466797,40.625457763671875
-30.331741333007812,10.552005767822266,40.747344970703125
-30.176849365234375,10.694965362548828,40.953338623046875
-30.153276443481445,10.81856918334961,41.18638610839844
-29.983678817749023,10.82425308227539,41.52363586425781
-29.902891159057617,10.990795135498047,41.674774169921875
-29.78169822692871,11.37021255493164,41.99049377441406
-29.545074462890625,11.638294219970703,42.384490966796875
-29.522647857666016,11.902629852294922,42.87532043457031
-29.509605407714844,12.182964324951172,43.52806091308594
-29.473026275634766,12.579479217529297,44.34440612792969
-29.483312606811523,13.05825424194336,45.05133056640625
-29.481163024902344,13.71597671508789,45.76533508300781
-29.511869430541992,14.501903533935547,46.442474365234375
-29.401100158691406,15.309497833251953,47.23338317871094
-29.467514038085938,16.182933807373047,48.05192565917969
-29.34005355834961,17.130474090576172,49.08555603027344
-29.24907684326172,18.281314849853516,50.16569519042969
-29.234973907470703,19.44930648803711,51.45271301269531
-28.982206344604492,20.850208282470703,52.55461120605469
-28.897537231445312,22.284183502197266,53.58354187011719
-28.92780113220215,23.655261993408203,54.68907165527344
-28.814035415649414,25.10946273803711,55.62474060058594
-29.00511932373047,26.528278350830078,56.6090087890625
-29.146480560302734,28.039142608642578,57.56562805175781
-29.231807708740234,29.40774154663086,58.45146179199219
-29.114152908325195,30.591785430908203,59.06944274902344
-28.781700134277344,31.73952865600586,59.47138977050781
-28.5609130859375,32.70163345336914,60.03861999511719
-28.57193374633789,33.58051681518555,60.55047607421875
-28.450702667236328,34.42155838012695,61.02156066894531
-28.327245712280273,35.18800735473633,61.47322082519531
-28.285503387451172,36.04124069213867,61.90174865722656
-28.09929656982422,36.73922348022461,62.39530944824219
-27.831024169921875,37.580135345458984,62.55158996582031
-27.66958236694336,38.27870559692383,62.83891296386719
-27.64987564086914,39.07297134399414,63.01116943359375
-27.501192092895508,40.00370407104492,63.298553466796875
-27.50677490234375,40.88115310668945,63.38719177246094
-27.569076538085938,41.71464920043945,63.64549255371094
-27.636795043945312,42.490238189697266,63.79521179199219
-27.82090950012207,43.214542388916016,64.08599853515625
-27.851314544677734,43.83119583129883,64.30242919921875
-27.908761978149414,44.34812545776367,64.3436279296875
-27.875051498413086,44.934993743896484,64.52951049804688
-27.818836212158203,45.31425094604492,64.73001098632812
-27.818836212158203,45.31425094604492,64.73001098632812
-27.795915603637695,45.70345687866211,64.76225280761719
-27.755596160888672,45.963802337646484,64.866943359375
-27.6671085357666,46.13190841674805,65.03123474121094
-27.615278244018555,46.22066879272461,65.08990478515625
-27.48404312133789,46.326541900634766,65.05184936523438
-27.4070987701416,46.33431625366211,65.13417053222656
-27.389423370361328,46.38398361206055,65.18080139160156
-27.422142028808594,46.37113571166992,65.20088195800781
-27.309696197509766,46.3387336730957,65.2850341796875
-27.093671798706055,46.39010238647461,65.3079833984375
-27.00490951538086,46.688961029052734,65.33351135253906
-26.99121856689453,46.955074310302734,65.2841796875
-26.957847595214844,47.071590423583984,65.32429504394531
-27.02939224243164,47.373966217041016,65.42112731933594
-27.283845901489258,47.68031692504883,65.46878051757812
-27.604419708251953,47.80624771118164,65.43063354492188
-27.82065773010254,47.880374908447266,65.32417297363281
-27.823165893554688,48.03188705444336,65.42362976074219
-27.963911056518555,48.22893142700195,65.4234619140625
-28.08160400390625,48.15522384643555,65.29682922363281
-28.148895263671875,48.047672271728516,65.15901184082031
-28.21858787536621,47.648014068603516,65.11488342285156
-28.258028030395508,47.40236282348633,65.08880615234375
-28.407472610473633,47.22268295288086,65.23469543457031
-28.669448852539062,47.03605270385742,65.43656921386719
-28.761760711669922,47.034664154052734,65.32901000976562
-29.061389923095703,47.17219161987305,65.3310546875
-29.353145599365234,47.31572341918945,65.25674438476562
-29.620704650878906,47.22883987426758,65.15875244140625
-29.827028274536133,47.29057693481445,65.03819274902344
-29.878948211669922,47.1536750793457,64.96023559570312
-29.834583282470703,47.01487350463867,65.12411499023438
-29.934009552001953,47.02644729614258,65.04156494140625
-30.118383407592773,46.90738296508789,65.01252746582031
-30.233810424804688,46.74502182006836,65.03817749023438
-30.291080474853516,46.4720573425293,64.97709655761719
-30.300886154174805,46.11581039428711,65.0418701171875
-30.30176544189453,45.68100357055664,64.92913818359375
-30.24791717529297,45.302181243896484,64.83071899414062
-30.206972122192383,44.86879348754883,64.78971862792969
-30.218067169189453,44.62726974487305,64.79910278320312
-30.20836639404297,44.6117057800293,64.76426696777344
-30.026582717895508,44.69619369506836,64.78945922851562
-30.028005599975586,44.92219924926758,64.78729248046875
-29.829313278198242,45.04098129272461,64.74148559570312
-29.744775772094727,44.952091217041016,64.59725952148438
-29.498149871826172,44.88978958129883,64.4710693359375
-29.346786499023438,44.84132766723633,64.37699890136719
-29.33489227294922,44.813236236572266,64.45332336425781
-29.292068481445312,44.788944244384766,64.51263427734375
-29.302268981933594,44.935489654541016,64.79039001464844
-29.220836639404297,45.00278091430664,64.767333984375
-29.29474639892578,44.95631790161133,64.61727905273438
-29.354740142822266,44.990901947021484,64.613037109375
-29.392578125,45.0266227722168,64.60472106933594
-29.288467407226562,44.99752426147461,64.53012084960938
-29.391616821289062,44.94646072387695,64.44679260253906
-29.290714263916016,45.03377151489258,64.41635131835938
-29.14630889892578,45.23176193237305,64.38023376464844
-29.115110397338867,45.198368072509766,64.39537048339844
-28.950319290161133,45.16483688354492,64.42080688476562
-28.943958282470703,45.15773391723633,64.43707275390625
-28.965978622436523,45.18642807006836,64.49717712402344
-28.988893508911133,45.2573356628418,64.52484130859375
-28.85061264038086,45.40463638305664,64.400634765625
-28.823986053466797,45.43794631958008,64.41752624511719
-28.810043334960938,45.30897903442383,64.46372985839844
-28.704633712768555,45.37373733520508,64.35255432128906
-28.767614364624023,45.36507797241211,64.25703430175781
-28.855937957763672,45.35407638549805,64.33517456054688
-28.919477462768555,45.42905807495117,64.44903564453125
-28.86174964904785,45.425655364990234,64.48013305664062
-28.718902587890625,45.37125778198242,64.408447265625
-28.69856071472168,45.3812370300293,64.57862854003906
-28.609983444213867,45.329898834228516,64.66651916503906
-28.701236724853516,45.21004867553711,64.724853515625
-28.915246963500977,45.100040435791016,64.74203491210938
-28.840852737426758,45.03921890258789,64.67768859863281
-28.751510620117188,44.9875373840332,64.53901672363281
-28.755401611328125,44.95784378051758,64.36170959472656
-28.87039566040039,45.0342903137207,64.31050109863281
-28.953283309936523,45.09366989135742,64.29727172851562
-28.85366439819336,45.1549186706543,64.30813598632812
-28.781639099121094,45.0713996887207,64.41624450683594
-28.843717575073242,45.08463668823242,64.42530822753906
-28.90900230407715,45.047733306884766,64.53794860839844
-28.981245040893555,44.95821762084961,64.68121337890625
-29.046606063842773,45.106693267822266,64.65322875976562
-29.018356323242188,45.13051986694336,64.62232971191406
-28.94724464416504,45.17245101928711,64.55680847167969
-28.892728805541992,45.2646598815918,64.59126281738281
-29.035123825073242,45.187198638916016,64.75389099121094
-29.036670684814453,45.16225051879883,64.799560546875
-29.03574562072754,45.14567184448242,64.59736633300781
-29.023244857788086,45.211483001708984,64.73751831054688
-29.11020278930664,45.11404800415039,64.79386901855469
-28.96293830871582,45.071468353271484,64.81144714355469
-28.927400588989258,45.15047836303711,64.76739501953125
-28.92889976501465,45.12697982788086,64.78401184082031
-29.06312370300293,45.12428665161133,64.8062744140625
-29.09181785583496,45.22358322143555,64.91633605957031
-28.95807647705078,45.3266487121582,64.80752563476562
-28.993019104003906,45.368717193603516,64.92121887207031
-28.92548179626465,45.295467376708984,65.07499694824219
-28.976428985595703,45.14608383178711,65.08511352539062
-28.974029541015625,45.13239669799805,65.02203369140625
-28.973979949951172,45.10939407348633,65.07553100585938
-28.87327766418457,45.13956832885742,65.06906127929688
-28.83389663696289,45.169918060302734,65.11587524414062
-28.837337493896484,45.087947845458984,65.17964172363281
-28.852344512939453,45.10623550415039,65.26626586914062
-28.837915420532227,45.09907913208008,65.08389282226562
-28.77802848815918,45.07040023803711,64.85359191894531
-28.631542205810547,45.223018646240234,64.82737731933594
-28.81507110595703,45.1073112487793,64.71865844726562
-28.92234230041504,45.06491470336914,64.71315002441406
-28.81403350830078,45.175655364990234,64.55998229980469
-28.8438663482666,45.2421760559082,64.38185119628906
-28.92403221130371,45.22446823120117,64.41818237304688
-28.966562271118164,45.14457321166992,64.43281555175781
-28.96466064453125,45.246822357177734,64.42880249023438
-28.994543075561523,45.244083404541016,64.5755615234375
-28.98863983154297,45.29679489135742,64.58967590332031
-28.889293670654297,45.4174690246582,64.58644104003906
-28.71092414855957,45.1623649597168,64.55503845214844
-28.62442970275879,45.08790969848633,64.72067260742188
-28.68697738647461,45.14071273803711,64.74757385253906
-28.70220184326172,45.10860824584961,64.79585266113281
-28.668285369873047,45.1301383972168,64.70024108886719
-28.649681091308594,45.0998649597168,64.6712646484375
-28.748220443725586,45.08527755737305,64.6348876953125
-28.75189971923828,45.12958908081055,64.70042419433594
-28.846879959106445,45.12442398071289,64.715087890625
-28.87929344177246,45.00632858276367,64.76863098144531
-28.686473846435547,44.94743728637695,64.75161743164062
-28.685346603393555,45.001949310302734,64.63381958007812
-28.61031723022461,45.03020095825195,64.51325988769531
-28.6184139251709,44.97956466674805,64.37638854980469
-28.642343521118164,45.031429290771484,64.35688781738281
-28.668628692626953,44.93427658081055,64.27397155761719
-28.764942169189453,44.908992767333984,64.33164978027344
-28.634597778320312,44.94917678833008,64.40773010253906
-28.629592895507812,44.97359848022461,64.49903869628906
-28.63233757019043,44.98593521118164,64.43666076660156
-28.60849380493164,44.88321304321289,64.35301208496094
-28.810791015625,44.83253860473633,64.26400756835938
-28.785778045654297,44.90377426147461,64.42216491699219
-28.906309127807617,45.01884841918945,64.4405517578125
-28.885040283203125,45.02854537963867,64.43144226074219
-28.952800750732422,45.07465744018555,64.48117065429688
-28.84760093688965,45.06028366088867,64.43434143066406
-28.819046020507812,45.06154251098633,64.40313720703125
-28.680004119873047,45.049991607666016,64.56996154785156
-28.701725006103516,44.973026275634766,64.552490234375
-28.782974243164062,45.0312385559082,64.58399963378906
-28.94187355041504,45.040523529052734,64.59722900390625
-28.94721031188965,45.022945404052734,64.46711730957031
-28.899072647094727,44.96091079711914,64.47451782226562
-28.882423400878906,44.9671516418457,64.45858764648438
-28.954021453857422,44.93101119995117,64.50613403320312
-28.941869735717773,45.018741607666016,64.56283569335938
-28.85086441040039,45.009639739990234,64.46121215820312
-28.78650665283203,44.98234939575195,64.38375854492188
-28.815902709960938,44.98752975463867,64.44512939453125
-28.738109588623047,45.04429244995117,64.41853332519531
-28.787883758544922,44.96268081665039,64.56878662109375
-28.78963851928711,44.98324203491211,64.60911560058594
-28.80838966369629,45.022220611572266,64.63677978515625
-28.69137954711914,45.11122512817383,64.77195739746094
-28.863723754882812,45.002376556396484,64.77082824707031
-28.869701385498047,44.95637893676758,64.66531372070312
-28.896005630493164,44.9675178527832,64.56748962402344
-28.900371551513672,44.965633392333984,64.71697998046875
-28.944557189941406,44.9481315612793,64.72984313964844
-28.970722198486328,44.99264907836914,64.67872619628906
-28.851425170898438,44.90292739868164,64.58711242675781
-28.715274810791016,44.9916877746582,64.63301086425781
-28.613933563232422,44.960330963134766,64.47470092773438
-28.837915420532227,44.879146575927734,64.46923828125
-28.940011978149414,44.86099624633789,64.46223449707031
-28.923418045043945,44.91132736206055,64.55389404296875
-28.932252883911133,44.96113967895508,64.5333251953125
-29.011823654174805,45.01700210571289,64.70524597167969
-28.924819946289062,44.97563552856445,64.59368896484375
-28.881183624267578,44.99794387817383,64.60252380371094
-28.79385757446289,44.97590255737305,64.59812927246094
-28.871461868286133,44.96787643432617,64.46917724609375
-28.876771926879883,44.98317337036133,64.29595947265625
-28.794513702392578,45.02994155883789,64.23779296875
-28.857009887695312,44.8891716003418,64.39990234375
-28.82329559326172,44.84528732299805,64.58631896972656
-28.922882080078125,44.86384201049805,64.69293212890625
-28.982357025146484,44.832210540771484,64.78060913085938
-28.91513442993164,44.80136489868164,64.61862182617188
-29.014636993408203,44.79709243774414,64.6234130859375
-28.92534637451172,44.789371490478516,64.49693298339844
-28.898319244384766,44.820682525634766,64.42349243164062
-28.799226760864258,44.83942794799805,64.47538757324219
-28.741594314575195,44.9625129699707,64.41009521484375
-28.751848220825195,45.03639602661133,64.571533203125
-28.749177932739258,45.0077018737793,64.71800231933594
-28.74113655090332,45.0244026184082,64.71138000488281
-28.827486038208008,45.08249282836914,64.64945983886719
-28.776151657104492,45.068790435791016,64.77421569824219
-28.78746795654297,44.973445892333984,64.81307983398438
-28.646127700805664,44.9147834777832,64.84796142578125
-28.747360229492188,44.7431755065918,64.81901550292969
-28.784502029418945,44.79996109008789,64.77699279785156
-28.89655876159668,44.98189163208008,64.80874633789062
-28.966482162475586,45.09279251098633,64.81733703613281
-28.808561325073242,45.13710403442383,64.66415405273438
-28.75706672668457,45.04279708862305,64.52601623535156
-28.735729217529297,45.03474044799805,64.37443542480469
-28.66059112548828,45.02376937866211,64.55465698242188
-28.69165802001953,44.92182540893555,64.68438720703125
-28.642864227294922,44.88389205932617,64.66738891601562
-28.640077590942383,44.90144729614258,64.58409118652344
-28.63370704650879,44.98246383666992,64.58036804199219
-28.789499282836914,44.98862075805664,64.5748291015625
-28.76634407043457,44.96245193481445,64.58531188964844
-28.722673416137695,45.02859878540039,64.52618408203125
-28.736703872680664,45.013553619384766,64.48394775390625
-28.78139305114746,44.99705123901367,64.36268615722656
-28.838451385498047,44.97317886352539,64.31916809082031
-28.871109008789062,45.038394927978516,64.26170349121094
-28.87664794921875,45.144779205322266,64.28080749511719
-28.883039474487305,45.16969680786133,64.21247863769531
-28.864009857177734,45.136356353759766,64.19021606445312
-28.944358825683594,45.078067779541016,64.09840393066406
-28.909099578857422,45.109676361083984,64.12643432617188
-28.952836990356445,44.978397369384766,64.13467407226562
-28.906219482421875,45.0459098815918,64.27433776855469
-28.76873779296875,45.05801773071289,64.23583984375
-28.623483657836914,45.10032272338867,64.25196838378906
-28.64031410217285,45.112483978271484,64.28738403320312
-28.612367630004883,45.1760139465332,64.39735412597656
-28.735733032226562,45.12324905395508,64.54393005371094
-28.656564712524414,45.0943489074707,64.72773742675781
-28.656356811523438,45.090389251708984,64.70399475097656
-28.685354232788086,45.143001556396484,64.63688659667969
-28.5980281829834,45.10200881958008,64.47213745117188
-28.610998153686523,45.04838180541992,64.42393493652344
-28.493980407714844,45.04854202270508,64.56423950195312
-28.64685821533203,45.038700103759766,64.5159912109375
-28.64476203918457,44.93954849243164,64.41465759277344
-28.62104606628418,44.87385177612305,64.54278564453125
-28.676406860351562,44.98025894165039,64.63037109375
-28.769372940063477,45.08102035522461,64.57997131347656
-28.720260620117188,45.13199996948242,64.71511840820312
-28.706817626953125,45.17606735229492,64.72694396972656
-28.637725830078125,45.19401168823242,64.60731506347656
-28.66480255126953,45.26955032348633,64.4893798828125
-28.6435604095459,45.15398025512695,64.47846984863281
-28.71878433227539,45.088191986083984,64.48777770996094
-28.787994384765625,45.067867279052734,64.597900390625
-28.776222229003906,44.884456634521484,64.61846923828125
-28.728683471679688,44.908809661865234,64.61660766601562
-28.810951232910156,44.97134017944336,64.64137268066406
-28.758258819580078,44.968875885009766,64.66348266601562
-28.807077407836914,44.86259078979492,64.60490417480469
-28.766326904296875,44.86061477661133,64.60585021972656
-28.745319366455078,44.82839584350586,64.49040222167969
-28.821308135986328,44.900691986083984,64.4093017578125
-28.910648345947266,44.739322662353516,64.44174194335938
-28.87301254272461,44.74197769165039,64.42784118652344
-28.72228240966797,44.84917068481445,64.46730041503906
-28.70586395263672,44.90410232543945,64.71244812011719
-28.692012786865234,45.01276779174805,64.73049926757812
-28.63597869873047,44.9650764465332,64.67225646972656
-28.779327392578125,44.992130279541016,64.47544860839844
-28.820594787597656,44.97572708129883,64.52137756347656
-28.721542358398438,45.04005813598633,64.47355651855469
-28.796049118041992,44.966678619384766,64.29281616210938
-28.878013610839844,44.979000091552734,64.30259704589844
-28.932571411132812,45.00568771362305,64.35667419433594
-28.803844451904297,44.94611740112305,64.50596618652344
-28.71176528930664,44.96064376831055,64.569580078125
-28.689346313476562,44.9481086730957,64.61317443847656
-28.738582611083984,44.997196197509766,64.67768859863281
-28.9066104888916,44.9603385925293,64.78469848632812
-28.889972686767578,45.024295806884766,64.606689453125
-28.901470184326172,45.025821685791016,64.52009582519531
-28.850608825683594,45.021121978759766,64.447265625
-28.791040420532227,44.91824722290039,64.46855163574219
-28.788419723510742,44.87214279174805,64.52249145507812
-28.923992156982422,44.92099380493164,64.52960205078125
-28.954750061035156,44.91897201538086,64.62538146972656
-28.83861541748047,44.930171966552734,64.59832763671875
-28.658227920532227,44.9667854309082,64.49925231933594
-28.689010620117188,44.9803581237793,64.34748840332031
-28.864707946777344,44.86396408081055,64.310791015625
-28.90073013305664,44.84341812133789,64.31082153320312
-28.906463623046875,44.88218307495117,64.31768798828125
-28.963821411132812,44.96906661987305,64.2447509765625
-28.911767959594727,45.08487319946289,64.2825927734375
-28.914724349975586,45.0604133605957,64.29875183105469
-28.796560287475586,45.032291412353516,64.30897521972656
-28.64930534362793,45.051692962646484,64.3348388671875
-28.785335540771484,44.90682601928711,64.34855651855469
-28.820220947265625,44.90920639038086,64.26382446289062
-28.931394577026367,45.01649856567383,64.30303955078125
-28.782791137695312,44.9071159362793,64.32633972167969
-28.769283294677734,44.824283599853516,64.37991333007812
-28.769203186035156,44.76304244995117,64.41900634765625
-28.749216079711914,44.83174514770508,64.40153503417969
-28.792179107666016,44.806400299072266,64.47006225585938
-28.82682991027832,44.75297927856445,64.44805908203125
-28.700109481811523,44.8272819519043,64.53138732910156
-28.6783447265625,44.904476165771484,64.62059020996094
-28.716609954833984,44.94522476196289,64.67379760742188
-28.83838653564453,45.0257453918457,64.74458312988281
-28.802461624145508,45.03764724731445,64.60308837890625
-28.74082374572754,44.93350601196289,64.57131958007812
-28.863332748413086,44.99448776245117,64.59793090820312
-28.921527862548828,44.96367263793945,64.72879028320312
-28.809215545654297,45.0310173034668,64.759033203125
-28.748388290405273,44.95937728881836,64.69110107421875
-28.811134338378906,45.10310745239258,64.52610778808594
-28.96649169921875,45.11008071899414,64.31878662109375
-29.016971588134766,45.14946365356445,64.30757141113281
-28.954862594604492,45.18588638305664,64.32691955566406
-28.79526710510254,45.22087478637695,64.292724609375
-28.853578567504883,45.18659591674805,64.35494995117188
-28.94896697998047,45.14583206176758,64.24665832519531
-28.891427993774414,45.04179000854492,64.23464965820312
-28.92130470275879,45.0363883972168,64.25349426269531
-28.98619842529297,45.03408432006836,64.18142700195312
-28.912494659423828,44.95724868774414,64.25445556640625
-28.92449378967285,44.9006462097168,64.29991149902344
-28.90290069580078,44.86013412475586,64.35859680175781
-28.92762565612793,44.88661575317383,64.45143127441406
-28.96442985534668,44.90964126586914,64.36375427246094
-28.91916847229004,44.85383224487305,64.29669189453125
-28.87909507751465,44.9903450012207,64.14878845214844
-28.903024673461914,45.011043548583984,64.21054077148438
-28.935619354248047,45.02371597290039,64.29344177246094
-28.81197166442871,45.08528518676758,64.25508117675781
-28.710880279541016,45.14462661743164,64.31451416015625
-28.700077056884766,45.009456634521484,64.16903686523438
-28.658992767333984,45.0334587097168,64.10554504394531
-28.643325805664062,44.88496017456055,64.20774841308594
-28.596708297729492,44.8252067565918,64.24368286132812
-28.596708297729492,44.8252067565918,64.24368286132812
-28.643795013427734,44.97884750366211,64.32247924804688
-28.63691520690918,44.9934196472168,64.3095703125
-28.66480255126953,45.12026596069336,64.26200866699219
-28.865962982177734,45.16889572143555,64.41371154785156
-28.920398712158203,45.25632095336914,64.28364562988281
-28.832473754882812,45.1374397277832,64.28451538085938
-28.7445068359375,45.175899505615234,64.38973999023438
-28.890491485595703,45.15499496459961,64.53953552246094
-28.910568237304688,45.12662124633789,64.56019592285156
-28.8605899810791,45.0081901550293,64.59576416015625
-28.777027130126953,45.017391204833984,64.44862365722656
-28.73423957824707,45.03999710083008,64.48417663574219
-28.71379852294922,45.062076568603516,64.28851318359375
-28.716854095458984,45.045589447021484,64.32192993164062
-28.73466682434082,44.973628997802734,64.29267883300781
-28.89069366455078,44.83914566040039,64.2362060546875
-29.026554107666016,44.79886245727539,64.12130737304688
-28.968101501464844,44.975162506103516,64.20785522460938
-28.800640106201172,45.0076789855957,64.31112670898438
-28.8170108795166,44.9980583190918,64.26972961425781
-28.852127075195312,44.98106002807617,64.29541015625
-28.878482818603516,45.03108596801758,64.40863037109375
-28.761707305908203,44.99898910522461,64.45851135253906
-28.732641220092773,45.06998825073242,64.36451721191406
-28.731813430786133,45.15211868286133,64.32403564453125
-28.823654174804688,45.06888961791992,64.37948608398438
-28.885421752929688,44.9703483581543,64.48402404785156
-28.765548706054688,44.93643569946289,64.51596069335938
-28.742652893066406,45.0478401184082,64.57199096679688
-28.63882064819336,45.06033706665039,64.57035827636719
-28.611352920532227,45.126163482666016,64.45668029785156
-28.585153579711914,45.00728225708008,64.40673828125
-28.563451766967773,44.94577407836914,64.27336120605469
-28.61653709411621,44.909786224365234,64.38887023925781
-28.677274703979492,45.01022720336914,64.49163818359375
-28.62281036376953,45.00881576538086,64.684326171875
-28.58277130126953,45.03055953979492,64.63314819335938
-28.605934143066406,44.9676628112793,64.56341552734375
-28.659914016723633,45.0340461730957,64.5595703125
-28.57454490661621,45.041263580322266,64.42799377441406
-28.54297637939453,45.05961990356445,64.47415161132812
-28.536808013916016,44.8953742980957,64.45545959472656
-28.627731323242188,44.9204216003418,64.49679565429688
-28.608108520507812,44.95046615600586,64.33003234863281
-28.68124008178711,45.03129196166992,64.28889465332031
-28.74587059020996,44.998165130615234,64.15118408203125
-28.680431365966797,45.044063568115234,64.10009765625
-28.610685348510742,44.87202835083008,64.25349426269531
-28.582801818847656,44.987056732177734,64.25773620605469
-28.630287170410156,45.041996002197266,64.26438903808594
-28.596229553222656,45.05623245239258,64.43916320800781
-28.618181228637695,45.00034713745117,64.35649108886719
-28.583919525146484,44.98749923706055,64.20689392089844
-28.631433486938477,44.98952865600586,64.2757568359375
-28.643024444580078,45.00222396850586,64.33442687988281
-28.64997100830078,45.02346420288086,64.28143310546875
-28.603097915649414,45.00105667114258,64.29161071777344
-28.610017776489258,44.78445816040039,64.45610046386719
-28.59126853942871,44.7338981628418,64.44473266601562
-28.6396484375,44.87397384643555,64.36351013183594
-28.595478057861328,45.0040168762207,64.45278930664062
-28.600326538085938,45.04423904418945,64.42495727539062
-28.656681060791016,44.98347854614258,64.43934631347656
-28.630573272705078,45.06391525268555,64.54869079589844
-28.610698699951172,45.064884185791016,64.42169189453125
-28.675994873046875,45.1012077331543,64.26577758789062
-28.609325408935547,45.10764694213867,64.30543518066406
-28.60195541381836,45.071109771728516,64.27658081054688
-28.645748138427734,44.985774993896484,64.25523376464844
-28.582138061523438,45.02878189086914,64.24502563476562
-28.59588623046875,45.0416374206543,64.28805541992188
-28.62874984741211,45.0171012878418,64.26547241210938
-28.63983726501465,45.04671859741211,64.32173156738281
-28.653526306152344,45.03681564331055,64.14183044433594
-28.62602996826172,45.00278091430664,64.10098266601562
-28.58586883544922,44.910640716552734,64.0911865234375
-28.625221252441406,44.90394973754883,64.19905090332031
-28.658079147338867,44.98740005493164,64.25244140625
-28.714160919189453,44.991825103759766,64.30027770996094
-28.60750389099121,44.9574089050293,64.12394714355469
-28.631290435791016,44.95327377319336,64.13653564453125
-28.62167739868164,44.94472885131836,64.09632873535156
-28.582611083984375,44.98268508911133,64.20719909667969
-28.7564754486084,44.9378547668457,64.39186096191406
-28.717975616455078,44.93598556518555,64.54519653320312
-28.69007682800293,44.93256759643555,64.48818969726562
-28.590803146362305,44.89065170288086,64.3740234375
-28.613645553588867,44.87385940551758,64.30941772460938
-28.655712127685547,44.82083511352539,64.259765625
-28.58393669128418,44.84724807739258,64.27439880371094
-28.673202514648438,44.876834869384766,64.30052185058594
-28.724197387695312,44.846256256103516,64.12591552734375
-28.719945907592773,44.8657341003418,64.13217163085938
-28.755151748657227,44.966312408447266,64.16926574707031
-28.732215881347656,44.940433502197266,64.18266296386719
-28.75048828125,44.73850631713867,64.28581237792969
-28.654903411865234,44.7816276550293,64.3050537109375
-28.590911865234375,44.72831344604492,64.25607299804688
-28.569238662719727,44.69533920288086,64.31852722167969
-28.692588806152344,44.73801040649414,64.33778381347656
-28.786029815673828,44.85154342651367,64.34211730957031
-28.64242172241211,44.71078109741211,64.26951599121094
-28.662254333496094,44.72922134399414,64.29328918457031
-28.749242782592773,44.82204818725586,64.30708312988281
-28.62754249572754,44.89543533325195,64.28799438476562
-28.646337509155273,44.7284049987793,64.191650390625
-28.607837677001953,44.86101150512695,63.99211120605469
-28.615798950195312,44.82001876831055,64.22166442871094
-28.643301010131836,44.85762405395508,64.37321472167969
-28.587215423583984,44.98330307006836,64.50540161132812
-28.616456985473633,44.90290451049805,64.59284973144531
-28.652057647705078,44.893733978271484,64.52946472167969
-28.595211029052734,44.97578811645508,64.39077758789062
-28.657299041748047,45.01169967651367,64.3328857421875
-28.583667755126953,44.91376876831055,64.33018493652344
-28.639625549316406,44.91701889038086,64.52825927734375
-28.620195388793945,44.83937454223633,64.61529541015625
-28.584394454956055,44.88045883178711,64.57301330566406
-28.607553482055664,44.894718170166016,64.5789794921875
-28.662220001220703,44.998653411865234,64.44221496582031
-28.604684829711914,45.00667953491211,64.29531860351562
-28.669326782226562,44.94545364379883,64.24969482421875
-28.61394500732422,44.9246940612793,64.25199890136719
-28.608945846557617,44.89155197143555,64.41062927246094
-28.632476806640625,44.92302322387695,64.56695556640625
-28.747678756713867,45.0186653137207,64.42353820800781
-28.72681427001953,44.96541213989258,64.48220825195312
-28.713092803955078,44.95756912231445,64.55471801757812
-28.604263305664062,44.89967727661133,64.63377380371094
-28.7074031829834,44.8588752746582,64.71524047851562
-28.713321685791016,44.85023880004883,64.71376037597656
-28.86416244506836,44.83297348022461,64.71780395507812
-29.043663024902344,44.77535629272461,64.59968566894531
-29.01685333251953,44.9776496887207,64.64997863769531
-29.08763313293457,44.97092056274414,64.60301208496094
-29.150022506713867,44.85634231567383,64.76124572753906
-29.213123321533203,44.8230094909668,64.88890075683594
-29.42610740661621,44.89150619506836,65.06228637695312
-29.54082489013672,44.935672760009766,65.11601257324219
-29.626537322998047,44.8932991027832,65.10353088378906
-29.759950637817383,44.89303207397461,65.04826354980469
-29.872432708740234,44.918277740478516,65.01844787597656
-30.09532356262207,45.00233840942383,64.92561340332031
-30.06192398071289,45.03740310668945,64.89651489257812
-30.257835388183594,45.09164810180664,65.00794982910156
-30.27711296081543,45.10673141479492,64.95877075195312
-30.42070960998535,45.08926773071289,64.89657592773438
-30.409530639648438,45.004337310791016,64.79981994628906
-30.417253494262695,45.02743148803711,64.7806396484375
-30.379323959350586,45.03761672973633,64.78536987304688
-30.523962020874023,44.67374801635742,64.81431579589844
-30.47568130493164,44.117122650146484,64.718994140625
-30.36127471923828,43.367610931396484,64.45829772949219
-30.437795639038086,42.827510833740234,64.29042053222656
-30.52328109741211,42.498416900634766,64.35760498046875
-30.437707901000977,42.41377639770508,64.37471008300781
-30.330129623413086,42.33353805541992,64.25636291503906
-30.224180221557617,42.1878547668457,64.06632995605469
-30.27241325378418,42.0151481628418,63.96759033203125
-30.24456214904785,41.82455825805664,63.96150207519531
-30.075700759887695,41.614810943603516,63.87098693847656
-29.849777221679688,41.55447006225586,63.85072326660156
-29.620153427124023,41.50644302368164,63.82106018066406
-29.411767959594727,41.517459869384766,63.88600158691406
-29.1192626953125,41.57742691040039,64.05992126464844
-28.579025268554688,41.7273063659668,64.12629699707031
-27.621381759643555,41.86867904663086,64.22442626953125
-26.40352439880371,41.82954788208008,64.43658447265625
-25.04094696044922,41.75017166137695,64.65788269042969
-23.66275978088379,41.34189987182617,64.69415283203125
-22.458450317382812,40.6438102722168,64.51371765136719
-21.299713134765625,39.66226577758789,63.96266174316406
-19.98777961730957,38.38203048706055,63.34342956542969
-18.71405029296875,36.925899505615234,62.670989990234375
-17.649648666381836,35.2842903137207,61.834869384765625
-16.50429916381836,33.57443618774414,61.002593994140625
-15.468379974365234,31.662906646728516,60.01600646972656
-14.638391494750977,29.76217269897461,58.725555419921875
-14.024354934692383,27.835803985595703,57.52471923828125
-13.62962532043457,25.966075897216797,56.191986083984375
-13.411626815795898,24.055355072021484,54.880523681640625
-13.23104476928711,22.294536590576172,53.55290222167969
-13.13947868347168,20.506473541259766,52.19816589355469
-13.113178253173828,19.003215789794922,50.807830810546875
-13.10384750366211,17.54013442993164,49.38911437988281
-13.269134521484375,16.181217193603516,47.99537658691406
-13.478574752807617,14.786434173583984,46.62901306152344
-13.801433563232422,13.497318267822266,45.15684509277344
-14.292825698852539,12.208309173583984,43.93597412109375
-15.066352844238281,10.880390167236328,42.430755615234375
-15.831705093383789,9.743778228759766,41.016998291015625
-16.741233825683594,8.796833038330078,39.63838195800781
-17.696426391601562,7.944919586181641,38.19842529296875
-18.61371421813965,7.069377899169922,36.777801513671875
-19.37906837463379,6.381504058837891,35.36582946777344
-20.231889724731445,5.773609161376953,33.94017028808594
-21.068506240844727,5.226222991943359,32.59361267089844
-21.87854766845703,4.582843780517578,31.181655883789062
-22.591962814331055,4.002895355224609,30.006317138671875
-23.314640045166016,3.3897743225097656,28.7747802734375
-24.038471221923828,2.932811737060547,27.7762451171875
-24.748798370361328,2.7696495056152344,26.76385498046875
-25.636838912963867,2.464141845703125,25.904953002929688
-26.2976131439209,2.386516571044922,25.233230590820312
-26.784194946289062,2.3409767150878906,24.462799072265625
-27.470947265625,2.232105255126953,23.78961181640625
-28.013259887695312,2.2125930786132812,23.2706298828125
-28.492412567138672,2.2000198364257812,22.6298828125
-28.94591522216797,2.308452606201172,22.073501586914062
-29.341751098632812,2.4138565063476562,21.569320678710938
-29.783832550048828,2.419208526611328,21.242340087890625
-30.06266212463379,2.385223388671875,20.75433349609375
-30.368799209594727,2.4845123291015625,20.413604736328125
-30.494911193847656,2.508373260498047,20.0316162109375
-30.69693374633789,2.5214080810546875,19.905426025390625
-30.986745834350586,2.5202064514160156,19.846435546875
-31.147844314575195,2.602222442626953,19.678573608398438
-31.357391357421875,2.5974044799804688,19.582000732421875
-31.624958038330078,2.7335853576660156,19.555923461914062
-31.91829490661621,2.817066192626953,19.366592407226562
-32.332820892333984,3.168292999267578,19.072311401367188
-32.85938262939453,3.653057098388672,18.449447631835938
-33.35797119140625,3.451610565185547,17.01275634765625
-33.41236114501953,1.2298240661621094,14.96734619140625
-31.35086441040039,-4.7409515380859375,12.919189453125
-25.555644989013672,-14.751487731933594,12.287277221679688
-18.67676544189453,-24.89785385131836,14.515792846679688
-15.233589172363281,-31.967437744140625,19.479705810546875
-14.468563079833984,-37.63038635253906,24.32049560546875
-13.569061279296875,-43.06758117675781,27.008270263671875
-12.044605255126953,-47.707557678222656,26.896286010742188
-10.292133331298828,-50.389034271240234,25.2015380859375
-9.041742324829102,-51.32887268066406,23.462448120117188
-8.334068298339844,-51.09397506713867,22.380142211914062
-8.024578094482422,-50.453857421875,21.765655517578125
-7.857810974121094,-49.844886779785156,21.706314086914062
-7.849788665771484,-49.39912033081055,21.830474853515625
-7.73443603515625,-48.96894836425781,22.083908081054688
-7.692512512207031,-48.62376403808594,22.433609008789062
-7.853719711303711,-48.378334045410156,22.907501220703125
-7.754112243652344,-48.1137809753418,23.376556396484375
-7.814313888549805,-47.86375427246094,23.571929931640625
-7.7715301513671875,-47.56459426879883,23.675125122070312
-7.77082633972168,-47.476383209228516,23.873550415039062
-7.895406723022461,-47.401248931884766,24.083770751953125
-7.864723205566406,-47.25312042236328,24.067230224609375
-7.777362823486328,-47.278411865234375,24.117355346679688
-7.823780059814453,-47.190059661865234,23.877243041992188
-7.777149200439453,-47.261138916015625,23.853713989257812
-7.706657409667969,-47.19265365600586,24.006317138671875
-7.70472526550293,-47.20436096191406,23.892440795898438
-7.545326232910156,-47.322509765625,23.622604370117188
-7.48980712890625,-47.47918701171875,23.385055541992188
-7.481418609619141,-47.52287673950195,23.399124145507812
-7.628231048583984,-47.572227478027344,23.208786010742188
-7.640432357788086,-47.583892822265625,23.223342895507812
-7.756372451782227,-47.50300598144531,23.047271728515625
-7.893136978149414,-47.60867691040039,22.990341186523438
-7.987678527832031,-47.65009307861328,23.06243896484375
-8.121269226074219,-47.53186798095703,22.909469604492188
-8.306295394897461,-47.3537483215332,22.848953247070312
-8.404256820678711,-47.45761489868164,22.760787963867188
-8.51394271850586,-47.4345817565918,22.729415893554688
-8.612401962280273,-47.32896423339844,22.849411010742188
-8.712274551391602,-47.27442932128906,23.07464599609375
-8.931488037109375,-47.21635818481445,23.07098388671875
-9.200124740600586,-47.269378662109375,22.876953125
-9.210506439208984,-47.295013427734375,22.949295043945312
-9.094062805175781,-47.349266052246094,22.915206909179688
-8.972524642944336,-47.30950927734375,22.775421142578125
-8.73701286315918,-47.351165771484375,22.711715698242188
-8.589555740356445,-47.4670524597168,22.739883422851562
-8.533647537231445,-47.55316162109375,22.745040893554688
-8.50009536743164,-47.53265380859375,22.845794677734375
-8.448465347290039,-47.380672454833984,22.89544677734375
-8.602334976196289,-47.38276290893555,22.72418212890625
-8.656858444213867,-47.242027282714844,22.594039916992188
-8.809547424316406,-47.118839263916016,22.398483276367188
-9.177295684814453,-47.117919921875,22.360946655273438
-9.564762115478516,-47.17193603515625,22.214859008789062
-9.864725112915039,-47.1765022277832,22.2347412109375
-9.926836013793945,-47.292232513427734,22.216964721679688
-10.11313247680664,-47.48529815673828,22.10345458984375
-10.295967102050781,-47.4464225769043,22.045913696289062
-10.352336883544922,-47.44331741333008,22.194625854492188
-10.402395248413086,-47.37913131713867,22.478424072265625
-10.368295669555664,-47.37556838989258,22.506057739257812
-10.440427780151367,-47.22541809082031,22.605133056640625
-10.323469161987305,-47.12510299682617,22.623565673828125
-10.11790657043457,-47.12656021118164,22.712249755859375
-9.853765487670898,-47.15080261230469,22.854385375976562
-9.868284225463867,-47.310462951660156,22.842117309570312
-9.775123596191406,-47.37302017211914,23.063491821289062
-9.655811309814453,-47.36981964111328,23.156661987304688
-9.485689163208008,-47.321449279785156,23.289764404296875
-9.288070678710938,-47.258033752441406,23.22052001953125
-9.13924789428711,-47.37428665161133,22.942825317382812
-9.097709655761719,-47.36113357543945,22.876373291015625
-9.133874893188477,-47.409217834472656,22.850494384765625
-8.999006271362305,-47.32614517211914,22.835189819335938
-8.84195327758789,-47.44091796875,22.891189575195312
-8.68288803100586,-47.4678955078125,22.878097534179688
-8.660900115966797,-47.51536178588867,22.995712280273438
-8.546628952026367,-47.4216194152832,23.08160400390625
-8.392753601074219,-47.346134185791016,23.236297607421875
-8.276771545410156,-47.36094665527344,23.308273315429688
-8.210577011108398,-47.48493194580078,23.4937744140625
-8.070526123046875,-47.52957534790039,23.375625610351562
-8.032381057739258,-47.42450714111328,23.465011596679688
-8.094148635864258,-47.33843231201172,23.634628295898438
-7.991542816162109,-47.418670654296875,23.756866455078125
-7.963813781738281,-47.466495513916016,23.823867797851562
-7.755548477172852,-47.50931930541992,24.027236938476562
-7.717428207397461,-47.343936920166016,24.203048706054688
-7.623388290405273,-47.40016555786133,24.62109375
-7.314149856567383,-47.242027282714844,25.104339599609375
-7.019237518310547,-47.25359344482422,25.34271240234375
-6.90937614440918,-46.98495864868164,25.498779296875
-6.751199722290039,-46.764488220214844,25.6715087890625
-6.521263122558594,-46.545467376708984,26.163299560546875
-6.354074478149414,-46.310791015625,26.611648559570312
-6.147127151489258,-46.33308410644531,27.2398681640625
-5.826015472412109,-46.10504150390625,27.842620849609375
-5.538507461547852,-45.870391845703125,28.404876708984375
-5.378564834594727,-45.62272262573242,28.930572509765625
-5.171716690063477,-45.2480583190918,29.515182495117188
-4.963907241821289,-44.880401611328125,30.378387451171875
-4.577829360961914,-44.359230041503906,31.305526733398438
-4.333341598510742,-43.853370666503906,32.25872802734375
-3.9169139862060547,-43.23719024658203,33.15576171875
-3.519350051879883,-42.61424255371094,34.367279052734375
-3.081207275390625,-41.92314147949219,35.651214599609375
-2.797670364379883,-41.159767150878906,36.8563232421875
-2.4269237518310547,-40.34516906738281,38.03556823730469
-2.042207717895508,-39.4098014831543,39.0703125
-1.665151596069336,-38.242919921875,40.33045959472656
-1.288888931274414,-37.03671646118164,41.50898742675781
-0.8859119415283203,-35.84362030029297,42.76670837402344
-0.6155166625976562,-34.57634735107422,43.9940185546875
-0.4908561706542969,-33.24459457397461,45.243927001953125
-0.3663349151611328,-31.581527709960938,46.7340087890625
-0.38945960998535156,-29.99211883544922,48.15766906738281
-0.5765151977539062,-28.088420867919922,49.46092224121094
-0.8995094299316406,-26.24115753173828,50.579193115234375
-1.1507987976074219,-24.28683090209961,51.78169250488281
-1.1507987976074219,-24.28683090209961,51.78169250488281
-1.4574699401855469,-22.445167541503906,52.79872131347656
-1.7287845611572266,-20.552886962890625,53.64111328125
-2.008047103881836,-18.813087463378906,54.2357177734375
-2.403087615966797,-17.443912506103516,54.69541931152344
-2.5254650115966797,-16.236637115478516,55.06202697753906
-2.6301116943359375,-15.041694641113281,55.367034912109375
-2.6082305908203125,-14.297798156738281,55.75807189941406
-2.4911842346191406,-13.79437255859375,55.92692565917969
-2.4553604125976562,-13.387535095214844,56.0994873046875
-2.4111061096191406,-13.044158935546875,56.211883544921875
-2.2167282104492188,-12.785396575927734,56.35211181640625
-1.9391231536865234,-12.496795654296875,56.68293762207031
-1.7587165832519531,-12.104728698730469,56.84132385253906
-1.6366901397705078,-11.567497253417969,56.975128173828125
-1.4174251556396484,-10.842498779296875,56.99591064453125
-1.4273700714111328,-10.216785430908203,57.06947326660156
-1.5131855010986328,-9.641326904296875,57.29466247558594
-1.6630325317382812,-9.216075897216797,57.54255676269531
-1.7797794342041016,-8.732471466064453,57.68931579589844
-1.9898681640625,-8.228809356689453,57.70416259765625
-2.1415176391601562,-7.921566009521484,57.76570129394531
-2.273252487182617,-7.646369934082031,57.85899353027344
-2.39447021484375,-7.3521270751953125,58.07987976074219
-2.3475799560546875,-7.0426177978515625,58.22660827636719
-2.4368667602539062,-6.743282318115234,58.23481750488281
-2.400636672973633,-6.487056732177734,58.19635009765625
-2.5630054473876953,-6.203987121582031,58.33526611328125
-2.606586456298828,-6.004875183105469,58.440673828125
-2.5382118225097656,-5.993747711181641,58.56207275390625
-2.5574493408203125,-5.993965148925781,58.56120300292969
-2.604175567626953,-6.058052062988281,58.37493896484375
-2.482748031616211,-6.186214447021484,58.171783447265625
-2.317808151245117,-6.275623321533203,57.9522705078125
-2.239046096801758,-6.291790008544922,58.00538635253906
-2.2347278594970703,-6.147518157958984,58.198638916015625
-2.3737030029296875,-5.892242431640625,58.236114501953125
-2.7283477783203125,-5.7285614013671875,58.09764099121094
-2.9842453002929688,-5.669170379638672,57.96479797363281
-3.2712478637695312,-5.644657135009766,58.068145751953125
-3.5529232025146484,-5.814945220947266,58.03614807128906
-3.805368423461914,-6.015571594238281,58.132568359375
-3.8394241333007812,-6.201786041259766,58.21125793457031
-3.9195690155029297,-6.127185821533203,58.2562255859375
-3.938547134399414,-6.194667816162109,57.97422790527344
-4.046417236328125,-6.345401763916016,57.911468505859375
-4.259056091308594,-6.405384063720703,58.114044189453125
-4.407142639160156,-6.476676940917969,58.24397277832031
-4.396575927734375,-6.588062286376953,58.17344665527344
-4.495948791503906,-6.686283111572266,57.865325927734375
-4.439949035644531,-6.910758972167969,57.85264587402344
-4.352949142456055,-6.997898101806641,57.83778381347656
-4.349529266357422,-7.235298156738281,57.68132019042969
-4.301517486572266,-7.513664245605469,57.760589599609375
-4.306760787963867,-7.7248077392578125,57.823089599609375
-4.298046112060547,-8.025775909423828,57.571075439453125
-4.269247055053711,-8.44076919555664,57.57658386230469
-4.1263580322265625,-8.847599029541016,57.58465576171875
-4.000251770019531,-8.985008239746094,57.60310363769531
-3.8549270629882812,-8.940860748291016,57.513580322265625
-3.754566192626953,-9.028743743896484,57.57380676269531
-3.6018218994140625,-9.100749969482422,57.58372497558594
-3.536222457885742,-9.38900375366211,57.49139404296875
-3.462186813354492,-9.461589813232422,57.4046630859375
-3.4307003021240234,-9.318367004394531,57.42588806152344
-3.4960880279541016,-9.361557006835938,57.44013977050781
-3.344114303588867,-9.372062683105469,57.45550537109375
-3.326272964477539,-9.459213256835938,57.45445251464844
-3.3792572021484375,-9.438095092773438,57.562164306640625
-3.216909408569336,-9.439952850341797,57.595428466796875
-3.220315933227539,-9.45556640625,57.5140380859375
-3.1225719451904297,-9.47951889038086,57.42308044433594
-3.065216064453125,-9.53924560546875,57.32679748535156
-2.8972129821777344,-9.5550537109375,57.21356201171875
-2.8615474700927734,-9.568199157714844,57.18910217285156
-2.9220123291015625,-9.582889556884766,57.08802795410156
-2.8797950744628906,-9.456241607666016,57.01121520996094
-2.8344860076904297,-9.368827819824219,56.92478942871094
-2.874063491821289,-9.436885833740234,56.90692138671875
-2.9335765838623047,-9.488414764404297,56.93937683105469
-2.8200016021728516,-9.3404541015625,57.006011962890625
-2.818340301513672,-9.367496490478516,57.073028564453125
-2.793895721435547,-9.41510009765625,56.97523498535156
-2.728048324584961,-9.396926879882812,56.93467712402344
-2.5970687866210938,-9.376800537109375,56.89768981933594
-2.4841861724853516,-9.27798080444336,56.95243835449219
-2.4519615173339844,-9.249626159667969,56.934417724609375
-2.428325653076172,-9.24468994140625,56.898651123046875
-2.450284957885742,-9.209827423095703,56.956787109375
-2.6025161743164062,-9.26080322265625,56.933349609375
-2.714994430541992,-9.321369171142578,56.77587890625
-2.645488739013672,-9.336051940917969,57.03114318847656
-2.5285205841064453,-9.503467559814453,57.110443115234375
-2.4332504272460938,-9.549293518066406,57.15934753417969
-2.59332275390625,-9.440238952636719,57.27699279785156
-2.590860366821289,-9.460289001464844,57.238128662109375
-2.4499778747558594,-9.325942993164062,57.32865905761719
-2.5630645751953125,-9.405109405517578,57.38409423828125
-2.445505142211914,-9.414051055908203,57.41972351074219
-2.4417591094970703,-9.325347900390625,57.209136962890625
-2.6670150756835938,-9.306400299072266,57.08282470703125
-2.7274246215820312,-9.427665710449219,56.940277099609375
-2.7190628051757812,-9.305217742919922,56.94425964355469
-2.784984588623047,-9.235328674316406,57.0595703125
-2.782896041870117,-9.160877227783203,57.15553283691406
-2.7799549102783203,-9.313079833984375,57.34068298339844
-2.709878921508789,-9.251461029052734,57.32603454589844
-2.6545886993408203,-9.144248962402344,57.301544189453125
-2.6364498138427734,-9.153873443603516,57.26017761230469
-2.6795692443847656,-9.316795349121094,57.25605773925781
-2.7399158477783203,-9.293880462646484,57.24617004394531
-2.6935596466064453,-9.356510162353516,57.387451171875
-2.6337108612060547,-9.371845245361328,57.397735595703125
-2.623882293701172,-9.356422424316406,57.37956237792969
-2.5927581787109375,-9.177997589111328,57.160491943359375
-2.574850082397461,-9.276863098144531,57.02104187011719
-2.6137561798095703,-9.26947021484375,57.048675537109375
-2.5947341918945312,-9.307243347167969,57.06941223144531
-2.600465774536133,-9.299991607666016,57.13368225097656
-2.6168880462646484,-9.416061401367188,57.34211730957031
-2.6317672729492188,-9.287483215332031,57.47987365722656
-2.670442581176758,-9.266040802001953,57.439453125
-2.6191749572753906,-9.35305404663086,57.29692077636719
-2.6593704223632812,-9.29830551147461,57.31121826171875
-2.6199417114257812,-9.17215347290039,57.276031494140625
-2.602508544921875,-9.219528198242188,57.17741394042969
-2.701892852783203,-9.282745361328125,57.163299560546875
-2.689146041870117,-9.302791595458984,57.08369445800781
-2.674875259399414,-9.234615325927734,57.04486083984375
-2.6641101837158203,-9.251811981201172,57.01725769042969
-2.5573997497558594,-9.323970794677734,56.94097900390625
-2.5393753051757812,-9.288948059082031,57.0726318359375
-2.5446033477783203,-9.328811645507812,57.03950500488281
-2.565652847290039,-9.32958984375,57.211883544921875
-2.650228500366211,-9.31766128540039,57.38691711425781
-2.6553611755371094,-9.45272445678711,57.38075256347656
-2.722677230834961,-9.493206024169922,57.381927490234375
-2.7302207946777344,-9.418556213378906,57.35389709472656
-2.7390823364257812,-9.361202239990234,57.40098571777344
-2.7244338989257812,-9.334583282470703,57.2987060546875
-2.768381118774414,-9.346710205078125,57.22224426269531
-2.6772098541259766,-9.242313385009766,57.21556091308594
-2.604290008544922,-9.223396301269531,57.28802490234375
-2.5791473388671875,-9.150211334228516,57.26588439941406
-2.635293960571289,-9.164817810058594,57.30162048339844
-2.7579345703125,-9.085041046142578,57.1741943359375
-2.7310867309570312,-9.055187225341797,57.099761962890625
-2.730825424194336,-9.09457778930664,57.1004638671875
-2.712858200073242,-9.137107849121094,56.998809814453125
-2.707735061645508,-9.211288452148438,56.831207275390625
-2.707761764526367,-9.250251770019531,56.67137145996094
-2.7768020629882812,-9.13900375366211,56.78465270996094
-2.7730579376220703,-9.026508331298828,56.72492980957031
-2.6245059967041016,-9.0263671875,56.848297119140625
-2.598600387573242,-9.159095764160156,56.87638854980469
-2.7286605834960938,-9.263309478759766,56.973297119140625
-2.7825088500976562,-9.308906555175781,56.98638916015625
-2.6424789428710938,-9.405006408691406,56.90638732910156
-2.6552181243896484,-9.397590637207031,56.9547119140625
-2.659891128540039,-9.295108795166016,56.89140319824219
-2.6414413452148438,-9.259620666503906,57.03929138183594
-2.6122303009033203,-9.44198989868164,57.052581787109375
-2.5805225372314453,-9.447074890136719,57.100250244140625
-2.582447052001953,-9.481117248535156,57.02998352050781
-2.605405807495117,-9.43157958984375,57.13139343261719
-2.638978958129883,-9.331558227539062,56.99609375
-2.6022281646728516,-9.24100112915039,57.05851745605469
-2.5761375427246094,-9.283245086669922,57.23872375488281
-2.5214672088623047,-9.342109680175781,57.29927062988281
-2.5114097595214844,-9.460479736328125,57.30003356933594
-2.571870803833008,-9.482105255126953,57.22837829589844
-2.632841110229492,-9.40451431274414,57.18670654296875
-2.6594390869140625,-9.466190338134766,57.10990905761719
-2.4794178009033203,-9.385456085205078,57.17750549316406
-2.44952392578125,-9.248394012451172,57.10601806640625
-2.5870590209960938,-9.213054656982422,57.12886047363281
-2.5966548919677734,-9.163917541503906,56.98614501953125
-2.513803482055664,-9.126853942871094,56.95570373535156
-2.463960647583008,-9.245189666748047,57.0672607421875
-2.5210437774658203,-9.23935317993164,57.27897644042969
-2.713104248046875,-9.184280395507812,57.39558410644531
-2.717519760131836,-9.217357635498047,57.38191223144531
-2.7751903533935547,-9.145557403564453,57.40875244140625
-2.6832733154296875,-9.280021667480469,57.44175720214844
-2.688222885131836,-9.25082778930664,57.39582824707031
-2.5920658111572266,-9.340862274169922,57.39060974121094
-2.599029541015625,-9.375011444091797,57.379852294921875
-2.5324249267578125,-9.291313171386719,57.2611083984375
-2.532146453857422,-9.31363296508789,57.14764404296875
-2.6167964935302734,-9.27078628540039,57.18519592285156
-2.6079769134521484,-9.237548828125,57.33345031738281
-2.5890274047851562,-9.26192855834961,57.437103271484375
-2.6081199645996094,-9.23196792602539,57.393035888671875
-2.7363147735595703,-9.144641876220703,57.396820068359375
-2.7070865631103516,-9.197803497314453,57.48838806152344
-2.649677276611328,-9.151531219482422,57.40814208984375
-2.7719287872314453,-9.307918548583984,57.37724304199219
-2.7995071411132812,-9.271430969238281,57.378143310546875
-2.656017303466797,-9.167671203613281,57.25154113769531
-2.7358436584472656,-9.166915893554688,57.283233642578125
-2.737232208251953,-9.21164321899414,57.29743957519531
-2.8654537200927734,-9.185977935791016,57.11656188964844
-2.898366928100586,-9.195255279541016,57.115386962890625
-2.939718246459961,-9.324043273925781,57.22547912597656
-2.95672607421875,-9.390628814697266,57.25086975097656
-2.850322723388672,-9.517799377441406,57.351318359375
-2.640657424926758,-9.450675964355469,57.337371826171875
-2.6324195861816406,-9.393692016601562,57.21739196777344
-2.6298999786376953,-9.2298583984375,57.27018737792969
-2.576862335205078,-9.239696502685547,57.285400390625
-2.5965576171875,-9.159839630126953,57.4212646484375
-2.5777664184570312,-9.117462158203125,57.40202331542969
-2.5154685974121094,-9.236568450927734,57.291748046875
-2.5566844940185547,-9.369388580322266,57.21754455566406
-2.6193809509277344,-9.417671203613281,57.41325378417969
-2.6818389892578125,-9.481559753417969,57.31321716308594
-2.6877822875976562,-9.414291381835938,57.39457702636719
-2.8918895721435547,-9.427730560302734,57.43244934082031
-2.86859130859375,-9.391231536865234,57.287200927734375
-2.8775253295898438,-9.208087921142578,57.17767333984375
-2.811899185180664,-9.205162048339844,57.06402587890625
-2.7355194091796875,-9.199386596679688,56.92964172363281
-2.782442092895508,-9.323089599609375,57.162628173828125
-2.6923999786376953,-9.258872985839844,57.190338134765625
-2.640531539916992,-9.23520278930664,57.10943603515625
-2.6235198974609375,-9.199539184570312,57.059112548828125
-2.6424427032470703,-9.190635681152344,57.0999755859375
-2.7454395294189453,-9.225151062011719,57.27403259277344
-2.7503890991210938,-9.138420104980469,57.26829528808594
-2.800821304321289,-9.207069396972656,57.093719482421875
-2.6408023834228516,-9.229171752929688,57.07196044921875
-2.4699764251708984,-9.205703735351562,57.270538330078125
-2.623533248901367,-9.257755279541016,57.41972351074219
-2.565641403198242,-9.148746490478516,57.43827819824219
-2.6289939880371094,-9.115890502929688,57.390289306640625
-2.603567123413086,-9.113296508789062,57.35206604003906
-2.7624950408935547,-9.196186065673828,57.387481689453125
-2.67498779296875,-9.154670715332031,57.332794189453125
-2.6297683715820312,-9.106582641601562,57.157989501953125
-2.6224327087402344,-8.985233306884766,57.14105224609375
-2.699289321899414,-8.902729034423828,57.26298522949219
-2.7158584594726562,-8.939712524414062,57.311370849609375
-2.738466262817383,-8.966854095458984,57.34684753417969
-2.8797130584716797,-9.019519805908203,57.29290771484375
-2.821613311767578,-8.914539337158203,57.417633056640625
-2.8409481048583984,-9.041927337646484,57.25511169433594
-2.8171958923339844,-9.063995361328125,57.35821533203125
-2.9171619415283203,-9.01119613647461,57.42961120605469
-2.9064464569091797,-9.032268524169922,57.52241516113281
-2.8826675415039062,-9.079704284667969,57.57960510253906
-2.8738250732421875,-9.119327545166016,57.52604675292969
-2.887289047241211,-9.01987075805664,57.55354309082031
-2.762859344482422,-8.904609680175781,57.52095031738281
-2.793956756591797,-8.860713958740234,57.4229736328125
-2.6532363891601562,-8.994461059570312,57.45130920410156
-2.7078609466552734,-9.05703353881836,57.4163818359375
-2.705198287963867,-9.126060485839844,57.414764404296875
-2.626893997192383,-9.147956848144531,57.29414367675781
-2.679676055908203,-9.153850555419922,57.284881591796875
-2.730449676513672,-9.134208679199219,57.264404296875
-2.658618927001953,-9.241291046142578,57.35908508300781
-2.6643409729003906,-9.312442779541016,57.53663635253906
-2.6722030639648438,-9.18576431274414,57.5224609375
-2.587451934814453,-9.291419982910156,57.44786071777344
-2.7338600158691406,-9.313827514648438,57.458526611328125
-2.7663707733154297,-9.294673919677734,57.260101318359375
-2.7273635864257812,-9.207145690917969,57.37940979003906
-2.7067432403564453,-9.233036041259766,57.493682861328125
-2.6573848724365234,-9.285411834716797,57.44184875488281
-2.5902099609375,-9.212444305419922,57.431060791015625
-2.650798797607422,-9.078323364257812,57.42137145996094
-2.6237564086914062,-9.026496887207031,57.32533264160156
-2.6638717651367188,-9.089218139648438,57.22413635253906
-2.599140167236328,-9.199703216552734,57.37886047363281
-2.7076473236083984,-9.32656478881836,57.44703674316406
-2.7026500701904297,-9.361053466796875,57.4403076171875
-2.742708206176758,-9.367473602294922,57.3978271484375
-2.6484413146972656,-9.329338073730469,57.425750732421875
-2.5668907165527344,-9.39303970336914,57.3209228515625
-2.700826644897461,-9.362693786621094,57.372650146484375
-2.704801559448242,-9.252670288085938,57.326141357421875
-2.7345657348632812,-9.216114044189453,57.246551513671875
-2.8227996826171875,-9.235687255859375,57.22178649902344
-2.848480224609375,-9.335594177246094,57.13908386230469
-2.935934066772461,-9.334171295166016,57.16038513183594
-2.962766647338867,-9.244705200195312,57.10401916503906
-2.91326904296875,-9.284942626953125,57.25373840332031
-2.988332748413086,-9.287422180175781,57.16142272949219
-2.915557861328125,-9.297409057617188,57.03684997558594
-2.847064971923828,-9.192638397216797,56.9293212890625
-2.9331836700439453,-9.15060806274414,57.05491638183594
-2.8880062103271484,-9.115982055664062,57.08509826660156
-2.8540592193603516,-9.038097381591797,57.09974670410156
-2.7589035034179688,-8.992355346679688,57.09356689453125
-2.7309703826904297,-9.035430908203125,57.02119445800781
-2.7292747497558594,-9.081008911132812,56.90922546386719
-2.742950439453125,-9.144969940185547,56.92308044433594
-2.7714576721191406,-9.299983978271484,56.96943664550781
-2.794504165649414,-9.219779968261719,56.811065673828125
-2.857248306274414,-9.300163269042969,56.79734802246094
-2.8878002166748047,-9.3297119140625,56.77337646484375
-2.8878936767578125,-9.302291870117188,56.877227783203125
-2.8193798065185547,-9.298450469970703,56.93719482421875
-2.8021717071533203,-9.170917510986328,56.90888977050781
-2.7560768127441406,-9.224601745605469,56.90864562988281
-2.8429813385009766,-9.21407699584961,57.03204345703125
-2.840709686279297,-9.142723083496094,57.07438659667969
-3.0260391235351562,-9.214187622070312,56.82035827636719
-2.955751419067383,-9.17861557006836,56.73500061035156
-2.9448509216308594,-9.224895477294922,56.94158935546875
-2.8671703338623047,-9.294872283935547,57.03373718261719
-2.9339828491210938,-9.33115005493164,56.91278076171875
-2.910938262939453,-9.229927062988281,56.91658020019531
-2.948993682861328,-9.065071105957031,56.97355651855469
-2.7625503540039062,-9.087020874023438,57.031097412109375
-2.911531448364258,-9.172855377197266,57.1217041015625
-2.8861446380615234,-9.18094253540039,57.06089782714844
-2.890960693359375,-9.265060424804688,57.08171081542969
-2.953754425048828,-9.228656768798828,57.17350769042969
-2.9184436798095703,-9.05099868774414,57.07783508300781
-2.8863658905029297,-9.028804779052734,57.11265563964844
-2.8544979095458984,-9.158809661865234,57.080963134765625
-2.930715560913086,-9.31821060180664,57.13111877441406
-2.9595565795898438,-9.296924591064453,57.14964294433594
-2.9339141845703125,-9.417427062988281,57.208404541015625
-2.8824939727783203,-9.30466079711914,57.189788818359375
-2.8931732177734375,-9.316886901855469,57.220458984375
-2.917095184326172,-9.441215515136719,57.31962585449219
-2.891286849975586,-9.503368377685547,57.43049621582031
-2.8617610931396484,-9.482677459716797,57.38420104980469
-2.909891128540039,-9.445392608642578,57.32249450683594
-3.0381641387939453,-9.435787200927734,57.29783630371094
-2.997844696044922,-9.475440979003906,57.19464111328125
-2.9196395874023438,-9.406208038330078,57.088043212890625
-2.9032649993896484,-9.20914077758789,57.0440673828125
-2.9025020599365234,-9.320308685302734,57.16133117675781
-2.8964881896972656,-9.21268081665039,57.29554748535156
-2.9451541900634766,-9.272926330566406,57.254791259765625
-2.896249771118164,-9.306709289550781,57.25102233886719
-2.8713932037353516,-9.45602798461914,57.40061950683594
-2.746065139770508,-9.412788391113281,57.389617919921875
-2.9119815826416016,-9.431407928466797,57.44476318359375
-2.88043212890625,-9.457393646240234,57.44667053222656
-2.8506698608398438,-9.329910278320312,57.287139892578125
-2.93023681640625,-9.181541442871094,57.35107421875
-2.789142608642578,-9.227462768554688,57.284637451171875
-2.7745723724365234,-9.204967498779297,57.19966125488281
-2.863321304321289,-9.207832336425781,57.15052795410156
-2.801229476928711,-9.190406799316406,57.23786926269531
-2.8128013610839844,-9.272720336914062,57.31858825683594
-2.779592514038086,-9.292949676513672,57.299163818359375
-2.7280921936035156,-9.443595886230469,57.222259521484375
-2.7229747772216797,-9.43267822265625,57.20068359375
-2.7537097930908203,-9.414451599121094,57.24113464355469
-2.899660110473633,-9.428192138671875,57.38555908203125
-2.803689956665039,-9.486289978027344,57.33473205566406
-2.6394901275634766,-9.439983367919922,57.14048767089844
-2.6556873321533203,-9.515449523925781,56.98106384277344
-2.559751510620117,-9.603801727294922,56.9342041015625
-2.559751510620117,-9.603801727294922,56.9342041015625
-2.6640052795410156,-9.498611450195312,57.046051025390625
-2.737712860107422,-9.442657470703125,57.214935302734375
-2.7022228240966797,-9.455703735351562,57.398223876953125
-2.8615589141845703,-9.423603057861328,57.449676513671875
-2.8232593536376953,-9.429203033447266,57.592529296875
-2.7232284545898438,-9.487396240234375,57.57170104980469
-2.6659202575683594,-9.401676177978516,57.47587585449219
-2.678852081298828,-9.362224578857422,57.42448425292969
-2.6765518188476562,-9.31619644165039,57.430450439453125
-2.696125030517578,-9.271953582763672,57.42274475097656
-2.7351303100585938,-9.313297271728516,57.163787841796875
-2.8873653411865234,-9.177078247070312,57.22735595703125
-2.9430274963378906,-9.230308532714844,57.37872314453125
-2.8703956604003906,-9.18704605102539,57.25505065917969
-2.8904190063476562,-9.253120422363281,57.34002685546875
-2.944398880004883,-9.434696197509766,57.41468811035156
-2.7772903442382812,-9.39438247680664,57.39100646972656
-2.7314319610595703,-9.323722839355469,57.42857360839844
-2.9079360961914062,-9.27325439453125,57.424530029296875
-2.7904911041259766,-9.293888092041016,57.41972351074219
-2.832429885864258,-9.285568237304688,57.382354736328125
-2.9056358337402344,-9.35552978515625,57.40272521972656
-2.8666305541992188,-9.265670776367188,57.34049987792969
-2.950246810913086,-9.249015808105469,57.13624572753906
-3.0033226013183594,-9.174762725830078,57.1151123046875
-2.9316558837890625,-9.22701644897461,57.24334716796875
-2.919218063354492,-9.305091857910156,57.17918395996094
-2.8949146270751953,-9.329727172851562,57.035858154296875
-2.7664051055908203,-9.20208740234375,56.93635559082031
-2.7500133514404297,-9.165214538574219,56.95458984375
-2.8618335723876953,-9.208003997802734,57.118133544921875
-2.874631881713867,-9.203315734863281,57.12361145019531
-2.841999053955078,-9.129631042480469,56.955657958984375
-2.7839717864990234,-9.211780548095703,57.0965576171875
-2.7045154571533203,-9.234691619873047,57.20849609375
-2.7578659057617188,-9.161384582519531,57.16548156738281
-2.6847610473632812,-9.272964477539062,57.137420654296875
-2.739025115966797,-9.342906951904297,56.98762512207031
-2.7050628662109375,-9.191059112548828,56.936676025390625
-2.698802947998047,-9.145988464355469,57.026214599609375
-2.6558780670166016,-9.100391387939453,57.08161926269531
-2.7442855834960938,-9.009525299072266,57.10417175292969
-2.7440338134765625,-9.052894592285156,57.09220886230469
-2.6221084594726562,-9.123977661132812,57.22419738769531
-2.7531986236572266,-9.158550262451172,57.12628173828125
-2.7865238189697266,-9.162113189697266,57.105560302734375
-2.6321372985839844,-9.132225036621094,56.9398193359375
-2.5773143768310547,-9.078372955322266,56.97755432128906
-2.6895809173583984,-9.098743438720703,57.06608581542969
-2.7152576446533203,-9.027408599853516,57.03031921386719
-2.866983413696289,-8.9771728515625,56.91703796386719
-2.9413528442382812,-9.06949234008789,56.91395568847656
-2.8086910247802734,-9.005775451660156,57.05657958984375
-2.7946434020996094,-9.205032348632812,57.038299560546875
-2.665800094604492,-9.371131896972656,57.04829406738281
-2.6716251373291016,-9.415054321289062,57.13323974609375
-2.752195358276367,-9.242847442626953,57.07281494140625
-2.7644824981689453,-9.22214126586914,56.92529296875
-2.7869949340820312,-9.238143920898438,57.04731750488281
-2.6711654663085938,-9.245887756347656,57.11787414550781
-2.7594642639160156,-9.408687591552734,57.09339904785156
-2.6711559295654297,-9.442214965820312,57.19830322265625
-2.6114959716796875,-9.490257263183594,57.240997314453125
-2.5970706939697266,-9.423721313476562,57.106903076171875
-2.5715484619140625,-9.333938598632812,57.05570983886719
-2.5813236236572266,-9.321758270263672,57.0780029296875
-2.5174083709716797,-9.448551177978516,57.01951599121094
-2.6103763580322266,-9.469467163085938,57.152496337890625
-2.5886306762695312,-9.397686004638672,57.30662536621094
-2.641071319580078,-9.247737884521484,57.45066833496094
-2.5903797149658203,-9.183853149414062,57.371490478515625
-2.5494823455810547,-9.248870849609375,57.26020812988281
-2.5392608642578125,-9.435035705566406,57.2149658203125
-2.6656951904296875,-9.471504211425781,57.2374267578125
-2.7067012786865234,-9.483573913574219,57.1026611328125
-2.8678436279296875,-9.50069808959961,57.12995910644531
-2.8664188385009766,-9.456405639648438,57.05552673339844
-2.926128387451172,-9.44546890258789,57.036712646484375
-2.8947086334228516,-9.488761901855469,57.031707763671875
-2.892414093017578,-9.547748565673828,57.21173095703125
-2.9938926696777344,-9.538249969482422,57.21815490722656
-3.134641647338867,-9.448043823242188,57.357147216796875
-3.2818069458007812,-9.494583129882812,57.40571594238281
-3.3725738525390625,-9.480865478515625,57.30647277832031
-3.6116294860839844,-9.376815795898438,57.28692626953125
-3.7710113525390625,-9.284130096435547,57.32835388183594
-3.899028778076172,-9.201904296875,57.2479248046875
-3.9171581268310547,-9.206317901611328,57.33708190917969
-3.9871578216552734,-9.096427917480469,57.40785217285156
-4.216318130493164,-9.122886657714844,57.47587585449219
-4.316143035888672,-9.130504608154297,57.509185791015625
-4.506175994873047,-9.024909973144531,57.481842041015625
-4.607265472412109,-8.845348358154297,57.47203063964844
-4.743036270141602,-8.74859619140625,57.46809387207031
-4.9263153076171875,-8.697643280029297,57.52754211425781
-5.083784103393555,-8.792335510253906,57.60809326171875
-5.197732925415039,-8.685344696044922,57.5133056640625
-5.3143463134765625,-8.625411987304688,57.47087097167969
-5.480297088623047,-8.380165100097656,57.475189208984375
-5.567949295043945,-8.34527587890625,57.53584289550781
-5.585353851318359,-8.28134536743164,57.55900573730469
-5.555103302001953,-8.314769744873047,57.45550537109375
-5.62181282043457,-8.310497283935547,57.42417907714844
-5.725126266479492,-8.232311248779297,57.443572998046875
-5.788707733154297,-8.283164978027344,57.46971130371094
-5.933679580688477,-8.19601058959961,57.45372009277344
-5.880527496337891,-8.147918701171875,57.461334228515625
-5.918615341186523,-8.20291519165039,57.39723205566406
-5.838361740112305,-8.319652557373047,57.400665283203125
-6.007959365844727,-8.413360595703125,57.342041015625
-6.024909973144531,-8.54214096069336,57.346588134765625
-5.991823196411133,-8.455429077148438,57.412200927734375
-5.899314880371094,-8.427169799804688,57.49528503417969
-5.677328109741211,-8.288898468017578,57.4290771484375
-5.324010848999023,-8.415969848632812,57.39141845703125
-4.989971160888672,-8.406604766845703,57.36921691894531
-4.4390716552734375,-8.366958618164062,57.33843994140625
-3.8263397216796875,-8.43252182006836,57.48321533203125
-3.25982666015625,-8.329841613769531,57.52201843261719
-2.9527111053466797,-8.499267578125,57.585174560546875
-2.3945178985595703,-8.692428588867188,57.76051330566406
-1.8396949768066406,-9.248306274414062,57.63832092285156
-1.146707534790039,-9.996784210205078,57.51560974121094
-0.3721294403076172,-10.780487060546875,57.15794372558594
0.3953361511230469,-11.89487075805664,56.87675476074219
1.1495628356933594,-13.206832885742188,56.48799133300781
1.730224609375,-14.530136108398438,55.98384094238281
2.2829513549804688,-16.129093170166016,55.43733215332031
2.5253753662109375,-17.769798278808594,54.75431823730469
2.9614295959472656,-19.336219787597656,53.881744384765625
3.3236351013183594,-21.007728576660156,53.195556640625
3.4784774780273438,-22.73511505126953,52.43536376953125
3.555095672607422,-24.375938415527344,51.451873779296875
3.6971092224121094,-26.22130584716797,50.221527099609375
3.687664031982422,-28.15920639038086,49.03230285644531
3.501728057861328,-30.22492218017578,47.66729736328125
3.1869239807128906,-32.145164489746094,46.13368225097656
2.688762664794922,-34.08391571044922,44.65885925292969
2.4573745727539062,-35.79608917236328,43.281341552734375
2.4678421020507812,-37.15286636352539,41.98930358886719
2.5682907104492188,-38.277565002441406,40.99711608886719
2.641765594482422,-38.98832321166992,39.87492370605469
2.598621368408203,-39.774879455566406,39.02601623535156
2.2592124938964844,-40.392578125,38.28245544433594
2.0038070678710938,-41.01779556274414,37.51429748535156
1.7972450256347656,-41.66135787963867,36.835479736328125
1.3334159851074219,-42.07279968261719,36.2008056640625
0.9036521911621094,-42.470550537109375,35.634674072265625
0.3458404541015625,-42.9453010559082,35.13029479980469
-0.12540817260742188,-43.172584533691406,34.89588928222656
-0.8187122344970703,-43.36302185058594,34.65562438964844
-1.4161491394042969,-43.56184768676758,34.33198547363281
-1.9031085968017578,-43.73618698120117,34.05635070800781
-2.254728317260742,-43.919559478759766,33.63037109375
-2.8408031463623047,-44.19043731689453,33.26092529296875
-3.224681854248047,-44.226993560791016,32.94367980957031
-3.560182571411133,-44.48370361328125,32.548614501953125
-3.706056594848633,-44.58135223388672,32.377593994140625
-3.880859375,-44.61840057373047,32.030364990234375
-4.00798225402832,-44.908477783203125,31.740921020507812
-4.0928802490234375,-45.099891662597656,31.485458374023438
-4.063346862792969,-45.25704574584961,31.275772094726562
-4.152475357055664,-45.41034698486328,31.033279418945312
-4.331289291381836,-45.459991455078125,30.831756591796875
-4.480173110961914,-45.46440505981445,30.716583251953125
-4.68109130859375,-45.53495407104492,30.744613647460938
-4.9415740966796875,-45.51893615722656,30.749420166015625
-5.0300750732421875,-45.48102569580078,30.721054077148438
-5.189247131347656,-45.52015686035156,30.779220581054688
-5.283931732177734,-45.500160217285156,30.586593627929688
-5.288721084594727,-45.52113723754883,30.700180053710938
-5.151832580566406,-45.53845977783203,30.727737426757812
-5.196752548217773,-45.53175354003906,30.866943359375
-5.296625137329102,-45.45575714111328,30.8946533203125
-5.180171966552734,-45.53086853027344,30.807876586914062
-5.079250335693359,-45.43080520629883,30.777999877929688
-4.914295196533203,-45.408447265625,30.900253295898438
-4.621990203857422,-45.38829803466797,30.929580688476562
-4.611715316772461,-45.233768463134766,30.943008422851562
-4.422859191894531,-45.08258056640625,30.97930908203125
-4.412696838378906,-45.12605285644531,31.229660034179688
-4.28338623046875,-45.0672607421875,31.70233154296875
-4.224893569946289,-45.06330108642578,31.899032592773438
-3.9335994720458984,-44.891151428222656,32.115692138671875
-3.910655975341797,-44.80986022949219,32.09742736816406
-3.774585723876953,-44.72142028808594,32.240203857421875
-3.6364364624023438,-44.65216064453125,32.3604736328125
-3.3701515197753906,-44.803871154785156,32.50099182128906
-3.267162322998047,-44.821441650390625,32.56443786621094
-3.133481979370117,-44.847808837890625,32.621795654296875
-2.795431137084961,-44.784324645996094,32.70100402832031
-2.6692867279052734,-44.72620391845703,32.91142272949219
-2.491270065307617,-44.69286346435547,32.90928649902344
-2.4603729248046875,-44.7116584777832,33.04252624511719
-2.3553333282470703,-44.536720275878906,33.063323974609375
-2.3491039276123047,-44.34247589111328,33.228424072265625
-2.2305526733398438,-44.31330871582031,33.12007141113281
-1.9454917907714844,-44.29863739013672,33.076019287109375
-1.8140487670898438,-44.16920471191406,33.19036865234375
-1.6212940216064453,-44.06922912597656,33.34672546386719
-1.5447006225585938,-44.079044342041016,33.42350769042969
-1.4331722259521484,-44.1051025390625,33.54219055175781
-1.300436019897461,-44.05412673950195,33.60658264160156
-1.219625473022461,-43.920166015625,33.5496826171875
-1.0377330780029297,-43.96162796020508,33.56730651855469
-0.8778743743896484,-44.0794677734375,33.484405517578125
-0.8989772796630859,-44.07665252685547,33.59722900390625
-0.9201889038085938,-44.21587371826172,33.82704162597656
-0.8223152160644531,-44.30229187011719,34.174957275390625
-0.6988697052001953,-44.20720672607422,34.46580505371094
-0.6533222198486328,-44.05975341796875,34.76356506347656
-0.6398773193359375,-44.004234313964844,35.090545654296875
-0.5399913787841797,-44.10603332519531,35.40476989746094
-0.37706565856933594,-44.297000885009766,35.591156005859375
-0.126129150390625,-44.57914733886719,35.71214294433594
0.17330169677734375,-44.79191589355469,36.05094909667969
0.46659088134765625,-44.937767028808594,36.48762512207031
0.7950210571289062,-45.376304626464844,36.954254150390625
1.2570610046386719,-45.952720642089844,37.474273681640625
1.5497932434082031,-46.436744689941406,37.807708740234375
1.8720779418945312,-47.08552169799805,37.92431640625
2.1928329467773438,-47.70117950439453,38.13407897949219
2.643718719482422,-48.413543701171875,38.57685852050781
2.882884979248047,-49.1910400390625,38.95387268066406
3.074085235595703,-50.01207733154297,39.14817810058594
3.253185272216797,-50.83291244506836,39.60980224609375
3.5074806213378906,-51.75905227661133,40.16188049316406
3.696178436279297,-52.64702606201172,40.773284912109375
3.9574813842773438,-53.316993713378906,41.47734069824219
4.197959899902344,-53.98285675048828,42.50958251953125
4.2410125732421875,-54.68321228027344,43.72059631347656
4.265689849853516,-55.328731536865234,45.194183349609375
4.418506622314453,-55.9661750793457,46.81916809082031
4.426204681396484,-56.24470901489258,48.75933837890625
4.521827697753906,-56.23400115966797,51.08888244628906
4.334980010986328,-55.87108612060547,53.58830261230469
4.032840728759766,-55.004451751708984,56.732452392578125
3.384685516357422,-53.627567291259766,60.045928955078125
2.3684921264648438,-51.21295928955078,63.61210632324219
0.9929885864257812,-48.10183334350586,67.26866149902344
-0.6720829010009766,-44.27452850341797,70.61946105957031
-2.8119430541992188,-39.57933807373047,73.49044799804688
-5.411237716674805,-34.356666564941406,75.68315124511719
-7.9888916015625,-28.34572982788086,77.0240478515625
-10.889745712280273,-21.54532241821289,77.24293518066406
-13.396921157836914,-14.38262939453125,75.67939758300781
-15.33574104309082,-7.6678466796875,72.44268798828125
-16.432071685791016,-2.2211952209472656,67.58688354492188
-17.276195526123047,1.3512916564941406,61.20268249511719
-19.06203842163086,2.192157745361328,53.246490478515625
-21.91022491455078,1.7834014892578125,46.23982238769531
-23.815425872802734,2.0159759521484375,42.94700622558594
-24.377607345581055,2.3708648681640625,41.99299621582031
-24.85062599182129,2.624614715576172,41.81846618652344
-25.089269638061523,2.7462425231933594,42.08918762207031
-25.16495132446289,2.951190948486328,42.33256530761719
-25.153831481933594,2.996288299560547,42.38536071777344
-25.133548736572266,3.063457489013672,42.51246643066406
-25.2518367767334,3.1026344299316406,42.71504211425781
-25.339406967163086,3.061969757080078,42.66075134277344
-25.278202056884766,3.055339813232422,42.67124938964844
-25.262310028076172,3.0318946838378906,42.562469482421875
-25.43651580810547,3.0269203186035156,42.517242431640625
-25.5212345123291,2.977497100830078,42.4473876953125
-25.69580078125,3.0680809020996094,42.59895324707031
-25.950923919677734,3.1282310485839844,42.591339111328125
-26.093276977539062,3.1917076110839844,42.62611389160156
-26.368234634399414,3.1354331970214844,42.62931823730469
-26.59010124206543,3.169116973876953,42.58766174316406
-26.700807571411133,3.1655845642089844,42.57731628417969
-26.88352394104004,3.2811927795410156,42.58110046386719
-26.986175537109375,3.1986732482910156,42.35243225097656
-26.985328674316406,3.172435760498047,42.285491943359375
-27.102436065673828,3.241191864013672,42.32112121582031
-27.258800506591797,3.279865264892578,42.41386413574219
-27.463472366333008,3.3637733459472656,42.55180358886719
-27.749235153198242,3.4755287170410156,42.454742431640625
-27.889785766601562,3.4856529235839844,42.445709228515625
-27.89706039428711,3.655353546142578,42.50340270996094
-28.01447105407715,3.6647682189941406,42.59996032714844
-28.19156265258789,3.662273406982422,42.491119384765625
-28.41049575805664,3.748401641845703,42.42657470703125
-28.56985092163086,3.7317848205566406,42.561492919921875
-28.705272674560547,3.715404510498047,42.47052001953125
-28.837648391723633,3.679363250732422,42.256134033203125
-28.9018497467041,3.615184783935547,42.08067321777344
-28.9511775970459,3.582286834716797,42.00523376464844
-29.089866638183594,3.567546844482422,41.96266174316406
-29.252132415771484,3.5730247497558594,41.81089782714844
-29.46241569519043,3.431072235107422,41.64801025390625
-29.58679962158203,3.2206764221191406,41.610443115234375
-29.74224281311035,3.199268341064453,41.58624267578125
-29.916656494140625,3.1192588806152344,41.45442199707031
-29.91633415222168,3.034099578857422,41.2857666015625
-29.784814834594727,3.0689964294433594,41.11616516113281
-29.861858367919922,2.9605369567871094,41.00633239746094
-29.952295303344727,2.9747352600097656,40.96856689453125
-30.00326156616211,2.8428993225097656,40.84919738769531
-30.16864776611328,2.799571990966797,40.76844787597656
-30.15380096435547,2.7994956970214844,40.695159912109375
-30.225278854370117,2.843189239501953,40.818572998046875
-30.372007369995117,2.70257568359375,40.67759704589844
-30.38926124572754,2.645263671875,40.59254455566406
-30.34600067138672,2.7312583923339844,40.52130126953125
-30.456098556518555,2.868549346923828,40.463165283203125
-30.44194793701172,2.782604217529297,40.33213806152344
-30.721702575683594,2.831554412841797,40.20448303222656
-30.894044876098633,2.8157691955566406,40.1953125
-30.946979522705078,2.7877769470214844,40.054046630859375
-30.864425659179688,2.7194747924804688,39.77973937988281
-30.849628448486328,2.7989768981933594,39.81640625
-30.883329391479492,2.7092361450195312,39.87855529785156
-30.882780075073242,2.6731605529785156,39.93836975097656
-30.92000961303711,2.6172866821289062,39.72431945800781
-31.003480911254883,2.344860076904297,39.52738952636719
-31.0419864654541,2.310375213623047,39.21929931640625
-31.0772762298584,2.2082672119140625,39.08558654785156
-30.991445541381836,2.059917449951172,38.88301086425781
-31.085956573486328,1.9115142822265625,38.763092041015625
-31.187576293945312,1.6481513977050781,38.350006103515625
-31.238636016845703,1.4901466369628906,37.88264465332031
-31.204492568969727,1.3854331970214844,37.59666442871094
-31.32418441772461,1.2931709289550781,37.404510498046875
-31.508268356323242,1.1502876281738281,37.012451171875
-31.47965431213379,1.0052528381347656,36.871551513671875
-31.476837158203125,0.8642463684082031,36.783660888671875
-31.420995712280273,0.6744461059570312,36.72377014160156
-31.275367736816406,0.6509017944335938,36.75819396972656
-31.093103408813477,0.7584724426269531,36.931304931640625
-30.778350830078125,0.7731170654296875,37.00096130371094
-30.538793563842773,0.8452377319335938,36.98670959472656
-30.361257553100586,0.8339653015136719,36.97660827636719
-30.129817962646484,0.8879776000976562,37.07218933105469
-30.0018367767334,0.9028053283691406,37.063507080078125
-29.81255531311035,1.0699005126953125,37.27095031738281
-29.835783004760742,1.0319976806640625,37.37921142578125
-29.912954330444336,1.0372238159179688,37.432037353515625
-29.98554801940918,0.9360771179199219,37.39990234375
-30.139556884765625,0.85418701171875,37.28547668457031
-30.349443435668945,0.8230972290039062,37.13819885253906
-30.612960815429688,0.9147186279296875,36.888885498046875
-30.810697555541992,0.9438743591308594,36.82447814941406
-31.074193954467773,1.030548095703125,36.90336608886719
-31.417842864990234,1.2559280395507812,37.299468994140625
-31.69403648376465,1.4453239440917969,37.576995849609375
-32.028099060058594,1.7004432678222656,37.969818115234375
-32.201904296875,1.8068695068359375,38.15321350097656
-32.25654602050781,1.9174461364746094,38.25103759765625
-32.332733154296875,2.1729660034179688,38.455810546875
-32.25750732421875,2.330158233642578,38.647216796875
-32.24872589111328,2.4156570434570312,38.611602783203125
-32.13877868652344,2.4682083129882812,38.66566467285156
-32.13877868652344,2.4682083129882812,38.66566467285156
-32.003807067871094,2.3650970458984375,38.68377685546875
-31.792190551757812,2.2385330200195312,38.65892028808594
-31.747451782226562,2.2954635620117188,38.67974853515625
-31.783065795898438,2.117351531982422,38.679107666015625
-31.68219566345215,2.206928253173828,38.68426513671875
-31.598329544067383,2.275562286376953,38.70379638671875
-31.733976364135742,2.266845703125,38.820343017578125
-31.77774429321289,2.2048301696777344,38.792816162109375
-31.635971069335938,2.1958351135253906,38.71270751953125
-31.595457077026367,2.215839385986328,38.59503173828125
-31.55681037902832,2.282073974609375,38.35157775878906
-31.612529754638672,2.2082252502441406,38.30378723144531
-31.527830123901367,2.055561065673828,38.24455261230469
-31.467208862304688,2.0367164611816406,38.3082275390625
-31.459714889526367,1.863800048828125,38.302001953125
-31.53795623779297,1.8931083679199219,38.31817626953125
-31.556949615478516,2.1022796630859375,38.4168701171875
-31.64204216003418,2.166278839111328,38.606719970703125
-31.557100296020508,2.1868057250976562,38.728057861328125
-31.50434684753418,2.2114791870117188,38.844146728515625
-31.428356170654297,2.1040573120117188,38.774749755859375
-31.419391632080078,2.0404319763183594,38.7169189453125
-31.3157901763916,2.0021514892578125,38.53004455566406
-31.299348831176758,2.0196456909179688,38.58360290527344
-31.258155822753906,1.8516960144042969,38.65040588378906
-31.20915412902832,1.8526458740234375,38.671630859375
-31.025693893432617,1.8160972595214844,38.62770080566406
-31.089920043945312,1.9571113586425781,38.49351501464844
-30.99135398864746,2.0228652954101562,38.52520751953125
-31.034059524536133,2.0238304138183594,38.61112976074219
-31.08042335510254,1.9499282836914062,38.772003173828125
-30.96299934387207,2.1225242614746094,38.66651916503906
-31.0589542388916,2.2254180908203125,38.72050476074219
-30.92338752746582,2.400615692138672,38.82637023925781
-30.953115463256836,2.3926925659179688,38.8809814453125
-30.90163803100586,2.485851287841797,39.0865478515625
-30.90277099609375,2.5667266845703125,39.23353576660156
-30.84293556213379,2.7203445434570312,39.377655029296875
-30.71951675415039,2.845478057861328,39.55613708496094
-30.672155380249023,3.0784873962402344,39.852935791015625
-30.56568145751953,3.303577423095703,40.29252624511719
-30.62965965270996,3.492145538330078,40.72877502441406
-30.612796783447266,3.8947105407714844,41.09550476074219
-30.435075759887695,4.159366607666016,41.68467712402344
-30.24944305419922,4.484111785888672,42.1839599609375
-30.06743049621582,5.028919219970703,42.5908203125
-29.876983642578125,5.451625823974609,43.26570129394531
-29.465084075927734,5.963550567626953,43.96507263183594
-29.08674430847168,6.423290252685547,44.683837890625
-28.568862915039062,6.958980560302734,45.44541931152344
-28.130352020263672,7.640171051025391,46.28263854980469
-27.719526290893555,8.45742416381836,47.22900390625
-27.518274307250977,9.351146697998047,48.42475891113281
-27.163284301757812,10.35476303100586,49.495635986328125
-26.81050682067871,11.518672943115234,50.51043701171875
-26.676197052001953,12.695110321044922,51.35127258300781
-26.69756317138672,13.885379791259766,52.39537048339844
-26.66031837463379,15.043071746826172,53.4697265625
-26.622819900512695,16.411922454833984,54.584075927734375
-26.502944946289062,17.79941177368164,55.68168640136719
-26.449047088623047,19.220775604248047,56.80162048339844
-26.50539207458496,20.652507781982422,57.64080810546875
-26.496891021728516,22.172786712646484,58.4957275390625
-26.54889678955078,23.580821990966797,59.22322082519531
-26.712528228759766,25.062801361083984,59.96685791015625
-26.934246063232422,26.596866607666016,60.66943359375
-27.084327697753906,28.02164077758789,61.166534423828125
-27.130828857421875,29.157344818115234,61.664398193359375
-27.325183868408203,30.18130874633789,62.2001953125
-27.372201919555664,31.149456024169922,62.48536682128906
-27.409074783325195,31.931880950927734,62.691925048828125
-27.314884185791016,32.45792007446289,62.79534912109375
-27.286548614501953,32.99678421020508,63.06254577636719
-27.25933837890625,33.59078598022461,63.155120849609375
-27.15003204345703,34.07155990600586,63.240020751953125
-27.129150390625,34.3184928894043,63.25154113769531
-27.088592529296875,34.66567611694336,63.410919189453125
-27.339611053466797,35.02255630493164,63.56500244140625
-27.356746673583984,35.3213005065918,63.67335510253906
-27.46831512451172,35.6854362487793,63.84904479980469
-27.478652954101562,35.9146614074707,63.97355651855469
-27.52846908569336,36.22103500366211,64.06459045410156
-27.51606559753418,36.442630767822266,64.12074279785156
-27.449234008789062,36.49996566772461,64.082763671875
-27.30959129333496,36.70162582397461,64.07012939453125
-27.362632751464844,36.705257415771484,64.10137939453125
-27.554973602294922,36.760379791259766,64.070556640625
-27.73657989501953,36.85367202758789,64.13604736328125
-27.95934295654297,36.97514724731445,64.26847839355469
-28.196853637695312,37.140079498291016,64.29104614257812
-28.398685455322266,37.5372428894043,64.33601379394531
-28.440670013427734,37.88002395629883,64.3482666015625
-28.48784637451172,38.24625015258789,64.4404296875
-28.52765655517578,38.61277389526367,64.333251953125
-28.508466720581055,38.973690032958984,64.314697265625
-28.588956832885742,39.367122650146484,64.3975830078125
-28.79117202758789,39.758243560791016,64.46563720703125
-28.767105102539062,40.2033805847168,64.60289001464844
-28.867570877075195,40.459964752197266,64.76493835449219
-28.872957229614258,40.88667678833008,64.70124816894531
-28.998756408691406,41.17365646362305,64.76483154296875
-28.99321174621582,41.39548873901367,64.77473449707031
-29.09589195251465,41.41898727416992,64.81625366210938
-29.10634994506836,41.16859817504883,64.84599304199219
-29.012840270996094,40.862308502197266,64.90292358398438
-28.845989227294922,40.61299514770508,64.90342712402344
-28.857786178588867,40.53238296508789,64.970458984375
-28.907438278198242,40.42267990112305,64.8397216796875
-28.976062774658203,40.26247787475586,64.54734802246094
-29.09489631652832,40.19295120239258,64.49114990234375
-29.11812973022461,40.150089263916016,64.60990905761719
-29.009654998779297,40.129520416259766,64.76557922363281
-28.9483585357666,39.94138717651367,64.81744384765625
-28.928665161132812,39.83797073364258,64.74822998046875
-29.14133644104004,39.74418258666992,64.77342224121094
-29.19622039794922,39.593685150146484,64.66900634765625
-29.204133987426758,39.4901237487793,64.49528503417969
-29.24053192138672,39.132450103759766,64.4576416015625
-29.234418869018555,38.84152603149414,64.46165466308594
-29.35012435913086,38.46567153930664,64.40226745605469
-29.481014251708984,38.01994705200195,64.36692810058594
-29.48095703125,37.712589263916016,64.17875671386719
-29.36264419555664,37.386173248291016,64.15589904785156
-29.380680084228516,37.06502914428711,64.12432861328125
-29.295209884643555,36.87997817993164,64.2298583984375
-29.250003814697266,36.765811920166016,64.22798156738281
-29.17736053466797,36.81338882446289,64.14382934570312
-29.134023666381836,36.925479888916016,64.10615539550781
-29.094324111938477,37.27175521850586,64.19046020507812
-28.99216079711914,37.51838302612305,64.32046508789062
-28.8533992767334,37.502437591552734,64.35874938964844
-28.690719604492188,37.50162887573242,64.34834289550781
-28.489543914794922,37.53792190551758,64.37452697753906
-28.48118019104004,37.47714614868164,64.49371337890625
-28.465852737426758,37.45328903198242,64.54151916503906
-28.47596549987793,37.373165130615234,64.31149291992188
-28.402332305908203,37.49979019165039,64.3956298828125
-28.272565841674805,37.57100296020508,64.42713928222656
-28.209457397460938,37.68098831176758,64.41928100585938
-28.096525192260742,37.85805130004883,64.42179870605469
-28.085987091064453,37.92435073852539,64.44245910644531
-28.029891967773438,37.90042495727539,64.30581665039062
-28.044612884521484,37.82210922241211,64.41392517089844
-27.982934951782227,37.81352615356445,64.33953857421875
-28.006675720214844,37.825557708740234,64.19039916992188
-27.996633529663086,37.84502029418945,64.07496643066406
-28.253257751464844,37.79507064819336,64.08203125
-28.270265579223633,37.740718841552734,64.1224365234375
-28.305397033691406,37.735347747802734,64.15509033203125
-28.267868041992188,37.8444938659668,64.35781860351562
-28.29037094116211,37.83859634399414,64.42835998535156
-28.274824142456055,37.76066207885742,64.41720581054688
-28.20110321044922,37.82576370239258,64.13346862792969
-28.09422492980957,37.87015151977539,64.001220703125
-28.092361450195312,37.94407272338867,64.02590942382812
-27.977619171142578,37.94977951049805,64.10966491699219
-27.955276489257812,37.942806243896484,64.24951171875
-27.978620529174805,37.921756744384766,64.38638305664062
-27.985363006591797,38.028141021728516,64.4747314453125
-27.968690872192383,38.03816604614258,64.44325256347656
-27.89417266845703,38.1012077331543,64.34652709960938
-27.896114349365234,38.02701187133789,64.18746948242188
-27.90715789794922,38.04129409790039,64.21502685546875
-27.99552345275879,38.031192779541016,64.275390625
-28.028499603271484,37.98404312133789,64.15214538574219
-27.875377655029297,37.958309173583984,63.956817626953125
-27.92056655883789,37.962894439697266,64.01405334472656
-27.97637176513672,37.90090560913086,64.20365905761719
-27.898998260498047,37.87221908569336,64.08221435546875
-28.037803649902344,38.05423355102539,64.23898315429688
-28.07833480834961,38.09531784057617,64.15145874023438
-28.03363037109375,37.94240951538086,64.14064025878906
-28.02686882019043,37.93789291381836,63.947723388671875
-28.157855987548828,38.0633430480957,63.96308898925781
-28.267433166503906,37.99515914916992,63.91168212890625
-28.307025909423828,37.92593765258789,63.98786926269531
-28.326601028442383,37.917720794677734,64.20759582519531
-28.30057144165039,37.96095657348633,64.38247680664062
-28.106334686279297,37.9846076965332,64.24522399902344
-28.084064483642578,37.95590591430664,64.31013488769531
-27.9423770904541,37.9413948059082,64.32752990722656
-27.900732040405273,37.94741439819336,64.34603881835938
-28.04114532470703,37.96165084838867,64.33985900878906
-28.090791702270508,37.86687088012695,64.38383483886719
-28.02371597290039,37.86819839477539,64.24569702148438
-27.96445655822754,37.948917388916016,64.14566040039062
-27.94347381591797,37.929019927978516,64.11277770996094
-27.950721740722656,37.851993560791016,64.34907531738281
-27.92770004272461,37.74196243286133,64.4169921875
-27.93873405456543,37.75491714477539,64.36653137207031
-27.966434478759766,37.7397575378418,64.2315673828125
-27.98681640625,37.78230667114258,64.07284545898438
-28.04195785522461,37.78323745727539,64.05528259277344
-28.19756317138672,37.902217864990234,64.31538391113281
-28.07569694519043,37.8720588684082,64.35585021972656
-28.095680236816406,37.88261032104492,64.3072509765625
-28.033370971679688,37.78184127807617,64.0997314453125
-28.152437210083008,37.75175857543945,64.06051635742188
-28.29022216796875,37.80026626586914,64.17536926269531
-28.301067352294922,37.82987594604492,64.18576049804688
-28.297374725341797,37.89106369018555,64.20988464355469
-28.219017028808594,37.96189498901367,64.0836181640625
-28.05597686767578,37.86030960083008,64.05659484863281
-28.000709533691406,37.8592414855957,64.05235290527344
-28.0437068939209,37.80369186401367,64.0928955078125
-28.06694793701172,37.707759857177734,64.10990905761719
-28.03744125366211,37.73409652709961,64.10720825195312
-28.000368118286133,37.83888626098633,64.30146789550781
-28.073083877563477,38.042301177978516,64.35658264160156
-28.015249252319336,37.97333908081055,64.36482238769531
-28.0705623626709,37.9755973815918,64.31768798828125
-28.09162139892578,37.931331634521484,64.11639404296875
-28.06542205810547,38.0274543762207,64.22398376464844
-28.023372650146484,38.051998138427734,64.18179321289062
-27.953388214111328,38.0532112121582,64.35807800292969
-27.86731719970703,37.99734878540039,64.33694458007812
-27.83519172668457,37.925418853759766,64.38587951660156
-27.8209171295166,37.93806838989258,64.31025695800781
-27.95764923095703,37.98039627075195,64.24339294433594
-27.871807098388672,37.93455123901367,64.28598022460938
-27.744152069091797,37.96718215942383,64.29388427734375
-27.693029403686523,37.9401741027832,64.09492492675781
-27.843475341796875,38.06196975708008,64.10861206054688
-27.972976684570312,38.07475662231445,64.15969848632812
-27.969947814941406,38.2025032043457,64.19281005859375
-28.030061721801758,38.10495376586914,64.21611022949219
-28.08653450012207,38.11211013793945,64.19430541992188
-28.048845291137695,38.106197357177734,64.33573913574219
-28.016450881958008,38.050472259521484,64.33216857910156
-27.931921005249023,38.00947952270508,64.1810302734375
-27.94269561767578,38.1226921081543,64.13746643066406
-27.95171356201172,38.22346115112305,64.16644287109375
-27.966079711914062,38.1744270324707,64.18365478515625
-27.965538024902344,38.097049713134766,64.16966247558594
-27.9782772064209,38.02506637573242,64.16903686523438
-27.9636287689209,38.07625198364258,64.22200012207031
-27.891420364379883,37.91482162475586,64.18370056152344
-27.879558563232422,37.85273361206055,64.39115905761719
-27.957855224609375,37.9050178527832,64.23606872558594
-28.000925064086914,37.924434661865234,64.18507385253906
-27.983753204345703,37.966922760009766,64.25048828125
-28.067514419555664,37.958492279052734,64.14932250976562
-27.975610733032227,38.0678825378418,64.23661804199219
-27.871896743774414,38.07693099975586,64.2677001953125
-27.894153594970703,37.99923324584961,64.22196960449219
-27.921653747558594,37.86936569213867,64.40013122558594
-27.907014846801758,37.76631546020508,64.33412170410156
-27.929122924804688,37.7726936340332,64.13914489746094
-27.851821899414062,37.80775833129883,64.06733703613281
-27.845703125,37.89633560180664,64.10548400878906
-27.86457061767578,37.94791793823242,64.19705200195312
-27.923582077026367,37.99715042114258,64.35057067871094
-27.940814971923828,38.17606735229492,64.35861206054688
-28.057050704956055,38.17746353149414,64.26858520507812
-28.044330596923828,38.13431930541992,64.32981872558594
-27.960933685302734,38.0909538269043,64.3482666015625
-27.909757614135742,38.15774917602539,64.45736694335938
-27.912832260131836,38.293209075927734,64.49774169921875
-27.878067016601562,38.222049713134766,64.56166076660156
-27.981971740722656,38.15244674682617,64.45608520507812
-28.006357192993164,38.22616195678711,64.43585205078125
-28.048372268676758,38.22739791870117,64.52658081054688
-28.0264892578125,38.193485260009766,64.56321716308594
-28.025096893310547,38.1978645324707,64.538330078125
-28.085121154785156,38.18447494506836,64.52330017089844
-28.07361602783203,38.161014556884766,64.52204895019531
-27.968975067138672,38.10506820678711,64.40615844726562
-27.86725616455078,38.20174789428711,64.385986328125
-27.91332244873047,38.10050582885742,64.43507385253906
-27.897985458374023,37.957706451416016,64.39796447753906
-27.927799224853516,38.02058029174805,64.39675903320312
-27.916000366210938,38.00532913208008,64.37570190429688
-27.90357208251953,37.97335433959961,64.5028076171875
-27.89415168762207,37.98564529418945,64.47026062011719
-27.934959411621094,37.97635269165039,64.3726806640625
-27.872400283813477,37.91877365112305,64.41639709472656
-27.916465759277344,37.930362701416016,64.43585205078125
-27.917163848876953,37.88791275024414,64.452880859375
-27.986494064331055,37.93104934692383,64.46171569824219
-27.98436164855957,37.882083892822266,64.39482116699219
-28.05980682373047,37.925724029541016,64.38069152832031
-28.051544189453125,37.93490982055664,64.53309631347656
-28.037151336669922,37.88113021850586,64.43055725097656
-28.078006744384766,37.84516525268555,64.37319946289062
-28.012174606323242,37.75424575805664,64.38597106933594
-27.960723876953125,37.91696548461914,64.26405334472656
-27.94292449951172,37.8309211730957,64.15267944335938
-27.809104919433594,37.80002212524414,64.23423767089844
-27.902414321899414,37.76936721801758,64.33853149414062
-27.879009246826172,37.79216384887695,64.35821533203125
-28.037212371826172,37.789798736572266,64.36480712890625
-27.945798873901367,37.877742767333984,64.42329406738281
-27.878803253173828,37.95023727416992,64.52603149414062
-27.897592544555664,37.97506332397461,64.50540161132812
-27.79765510559082,37.98372268676758,64.49102783203125
-27.78126335144043,37.94804000854492,64.46546936035156
-27.86603355407715,37.88674545288086,64.42979431152344
-27.9032039642334,37.96041488647461,64.54205322265625
-27.860382080078125,37.97781753540039,64.46868896484375
-27.891956329345703,37.96848678588867,64.46846008300781
-27.85321807861328,37.803958892822266,64.41972351074219
-27.923789978027344,37.794612884521484,64.40777587890625
-27.815078735351562,37.75687789916992,64.36517333984375
-27.759105682373047,37.81071853637695,64.2882080078125
-27.873523712158203,37.766910552978516,64.29513549804688
-27.864717483520508,37.82686996459961,64.22747802734375
-27.842212677001953,37.86160659790039,64.32472229003906
-27.849878311157227,37.870975494384766,64.342041015625
-27.83767318725586,38.05282974243164,64.42405700683594
-27.91510772705078,37.91054153442383,64.34524536132812
-27.8504638671875,37.95888137817383,64.13519287109375
-27.839073181152344,37.89737319946289,64.05278015136719
-27.922231674194336,37.7901725769043,64.16336059570312
-27.88495445251465,37.762569427490234,64.37948608398438
-27.889911651611328,37.76974868774414,64.44145202636719
-27.859634399414062,37.87639236450195,64.41621398925781
-27.929819107055664,38.026798248291016,64.2462158203125
-27.967117309570312,38.080814361572266,64.30638122558594
-28.013744354248047,38.067447662353516,64.51206970214844
-28.04218864440918,38.09934616088867,64.33024597167969
-27.983325958251953,38.09440231323242,64.17501831054688
-28.071704864501953,38.049137115478516,64.14799499511719
-28.065900802612305,38.09939956665039,64.11283874511719
-28.03060531616211,38.114261627197266,64.09187316894531
-27.87905502319336,38.107425689697266,64.04499816894531
-27.914169311523438,38.041072845458984,64.20773315429688
-27.894241333007812,38.1264762878418,64.18020629882812
-27.880229949951172,38.0405158996582,64.24375915527344
-27.970787048339844,38.091922760009766,64.30337524414062
-28.040180206298828,38.04147720336914,64.37850952148438
-28.085996627807617,38.041812896728516,64.34434509277344
-27.96206283569336,37.93068313598633,64.41964721679688
-27.95370864868164,37.91947555541992,64.32316589355469
-27.895267486572266,37.9345817565918,64.26046752929688
-27.85173797607422,37.92390823364258,64.16392517089844
-27.9775447845459,37.9863166809082,64.05770874023438
-27.972885131835938,37.985904693603516,64.0794677734375
-28.028146743774414,38.018131256103516,64.0845947265625
-28.014446258544922,38.04584884643555,64.02775573730469
-27.93272590637207,38.023502349853516,64.09292602539062
-27.844375610351562,38.010562896728516,64.01071166992188
-27.916820526123047,38.09720993041992,63.94181823730469
-27.835830688476562,37.95547866821289,64.02070617675781
-27.8527889251709,37.98661422729492,64.07112121582031
-27.9912052154541,38.08711624145508,64.11000061035156
-27.964393615722656,38.15022659301758,64.04592895507812
-27.92278289794922,38.30575942993164,64.09956359863281
-27.92278289794922,38.30575942993164,64.09956359863281
-27.945215225219727,38.19894027709961,64.23298645019531
-27.951980590820312,38.078365325927734,64.34028625488281
-27.956724166870117,38.0435676574707,64.39756774902344
-28.040435791015625,37.961978912353516,64.4228515625
-28.186769485473633,37.9356803894043,64.56462097167969
-28.09765625,37.91257858276367,64.56510925292969
-28.107627868652344,37.9536018371582,64.55001831054688
-28.067228317260742,37.91824722290039,64.5244140625
-28.080585479736328,37.96890640258789,64.40235900878906
-28.051006317138672,37.89139938354492,64.34803771972656
-27.996728897094727,37.76762008666992,64.40850830078125
-28.103607177734375,37.71005630493164,64.44660949707031
-28.085174560546875,37.7831916809082,64.30978393554688
-27.998682022094727,37.767574310302734,64.23748779296875
-27.993267059326172,37.8073616027832,64.33734130859375
-27.97088623046875,37.8790397644043,64.42898559570312
-27.94015121459961,37.97633743286133,64.37423706054688
-27.86639976501465,37.95962142944336,64.35476684570312
-27.853084564208984,37.98613357543945,64.26821899414062
-27.81057357788086,37.94362258911133,64.23391723632812
-27.738372802734375,38.07124710083008,64.20040893554688
-27.895973205566406,38.1159782409668,64.05508422851562
-27.921483993530273,38.16048049926758,64.11369323730469
-27.915164947509766,38.13588333129883,64.09193420410156
-27.847118377685547,38.08962631225586,64.10098266601562
-27.83957290649414,38.0302619934082,64.02993774414062
-27.85239028930664,37.96945571899414,63.95231628417969
-27.93596649169922,37.92519760131836,63.93983459472656
-28.008590698242188,38.043148040771484,63.96928405761719
-28.054868698120117,38.134525299072266,64.06936645507812
-27.99226188659668,38.17062759399414,63.91746520996094
-28.143836975097656,38.16628646850586,64.00804138183594
-28.027080535888672,38.026485443115234,63.89811706542969
-28.02869415283203,37.94792556762695,63.95100402832031
-28.050121307373047,37.91740036010742,63.896026611328125
-28.242698669433594,38.04899215698242,63.92140197753906
-28.28350257873535,38.07393264770508,63.87007141113281
-28.24625587463379,38.0107536315918,64.04698181152344
-28.172679901123047,37.83076858520508,64.03176879882812
-28.164119720458984,37.84560012817383,64.13970947265625
-28.215051651000977,37.83248519897461,64.11412048339844
-28.12821388244629,37.6835823059082,64.0069580078125
-28.196250915527344,37.74734878540039,64.00929260253906
-28.227657318115234,37.773189544677734,64.19778442382812
-28.22597312927246,37.752620697021484,64.20431518554688
-28.177410125732422,37.7787971496582,64.08460998535156
-28.135456085205078,37.82236862182617,64.090087890625
-28.070083618164062,37.8066520690918,64.06390380859375
-27.922199249267578,37.779842376708984,64.22489929199219
-27.931304931640625,37.84653091430664,64.19769287109375
-27.922916412353516,37.86494064331055,64.13848876953125
-27.91922950744629,38.05356979370117,64.2559814453125
-28.027372360229492,37.9720573425293,64.490234375
-28.07704734802246,37.968135833740234,64.56829833984375
-28.0893611907959,37.7982292175293,64.43173217773438
-28.104360580444336,37.824893951416016,64.446044921875
-28.14619255065918,37.82057571411133,64.45559692382812
-28.104816436767578,37.83345413208008,64.45542907714844
-28.044815063476562,37.8063850402832,64.32427978515625
-28.124584197998047,37.77107620239258,64.30860900878906
-28.077545166015625,37.89339828491211,64.37371826171875
-28.03693199157715,37.91242599487305,64.36370849609375
-28.042259216308594,37.93709945678711,64.19979858398438
-28.13703155517578,37.8931770324707,64.1329345703125
-28.08893585205078,38.0197868347168,64.31382751464844
-28.02266502380371,38.028804779052734,64.36538696289062
-28.018497467041016,38.05510330200195,64.27580261230469
-28.017396926879883,38.00392532348633,64.09773254394531
-28.006736755371094,37.95169448852539,64.09199523925781
-28.05229949951172,37.90291976928711,64.09466552734375
-27.884925842285156,37.93082046508789,64.08792114257812
-27.907379150390625,37.96213150024414,64.06820678710938
-27.992244720458984,37.88907241821289,63.997314453125
-28.087244033813477,37.84152603149414,63.992523193359375
-28.071239471435547,37.884761810302734,64.04458618164062
-28.056270599365234,38.039798736572266,64.00558471679688
-27.961505889892578,38.02470016479492,63.981658935546875
-27.917200088500977,37.961116790771484,63.93254089355469
-28.014602661132812,37.8966178894043,64.01824951171875
-28.08698081970215,37.88715744018555,64.06488037109375
-28.182432174682617,37.927120208740234,64.02986145019531
-28.113548278808594,37.95235824584961,64.22157287597656
-28.14292335510254,37.88003158569336,64.15777587890625
-28.23387336730957,37.938541412353516,64.04844665527344
-28.283021926879883,37.91818618774414,64.27023315429688
-28.369415283203125,37.93204116821289,64.34518432617188
-28.317733764648438,38.0506477355957,64.35202026367188
-28.21874237060547,37.98378372192383,64.28480529785156
-28.076595306396484,37.98997116088867,64.08747863769531
-28.009754180908203,37.82179641723633,64.26329040527344
-28.003173828125,37.76456832885742,64.3948974609375
-28.086402893066406,37.90846633911133,64.17822265625
-28.030250549316406,37.90102767944336,64.15312194824219
-28.059232711791992,37.992557525634766,64.109130859375
-28.041851043701172,37.95988082885742,64.31430053710938
-28.01024627685547,37.97701644897461,64.22055053710938
-28.065425872802734,37.950557708740234,64.2745361328125
-28.080215454101562,38.058841705322266,64.23294067382812
-28.008546829223633,38.0139045715332,64.25372314453125
-27.95200538635254,38.01387405395508,64.21089172363281
-27.869184494018555,37.97355270385742,64.16909790039062
-27.974607467651367,38.03255081176758,64.02191162109375
-27.988662719726562,38.056888580322266,64.09477233886719
-28.166948318481445,38.10557174682617,63.97288513183594
-28.122600555419922,38.10477828979492,64.0362548828125
-28.07628059387207,38.216983795166016,64.05357360839844
-28.14336395263672,38.15304183959961,64.01644897460938
-28.234207153320312,38.06110763549805,64.06298828125
-28.085220336914062,37.96126937866211,64.04864501953125
-28.03927993774414,37.8995475769043,63.98222351074219
-28.05834197998047,37.86758804321289,63.978515625
-28.033628463745117,37.87199020385742,63.972625732421875
-28.054855346679688,37.89980697631836,63.818145751953125
-27.982553482055664,37.959110260009766,63.78276062011719
-27.99200439453125,38.113399505615234,63.86119079589844
-28.004060745239258,38.17710494995117,63.888641357421875
-27.98321533203125,38.18222427368164,63.93678283691406
-28.02754020690918,38.057437896728516,63.93824768066406
-27.916990280151367,38.109188079833984,63.9610595703125
-28.018001556396484,38.069156646728516,64.07548522949219
-28.076793670654297,38.208370208740234,64.02336120605469
-27.994964599609375,38.20161056518555,63.94966125488281
-27.982515335083008,38.151493072509766,64.05075073242188
-27.993206024169922,38.11250686645508,64.17617797851562
-27.99954605102539,38.125553131103516,64.06338500976562
-28.160701751708984,38.18745040893555,64.02131652832031
-28.169889450073242,38.13570022583008,64.05143737792969
-28.094989776611328,38.06349563598633,64.04243469238281
-28.107501983642578,37.94027328491211,64.0794677734375
-28.144935607910156,37.85977554321289,63.95317077636719
-28.291494369506836,37.77927780151367,63.93873596191406
-28.347396850585938,37.830867767333984,64.05473327636719
-28.148120880126953,38.0328254699707,64.18659973144531
-28.11673927307129,38.12766647338867,64.2462158203125
-28.11600685119629,38.140689849853516,64.2181396484375
-28.089588165283203,38.13987350463867,64.26594543457031
-28.025667190551758,38.1809196472168,64.09712219238281
-28.144514083862305,38.04743576049805,64.0845947265625
-28.24427032470703,38.07771682739258,64.29695129394531
-28.213279724121094,38.01144027709961,64.36224365234375
-28.201894760131836,38.08047103881836,64.48664855957031
-28.095062255859375,37.98427200317383,64.59771728515625
-28.036754608154297,38.0445671081543,64.52583312988281
-28.07752227783203,38.00156021118164,64.57489013671875
-28.07238006591797,38.059932708740234,64.5450439453125
-28.037437438964844,38.18559646606445,64.43394470214844
-28.00897979736328,38.18019485473633,64.34933471679688
-28.099002838134766,38.14748764038086,64.41757202148438
-28.044469833374023,38.10933303833008,64.42131042480469
-28.076738357543945,37.9560432434082,64.44953918457031
-28.052705764770508,37.94453048706055,64.4520263671875
-27.999876022338867,37.88069534301758,64.31138610839844
-28.141725540161133,37.864620208740234,64.26449584960938
-28.079824447631836,37.87287521362305,64.27651977539062
-28.087543487548828,37.88375473022461,64.21707153320312
-28.00067710876465,37.953548431396484,64.18537902832031
-28.007261276245117,37.9638786315918,64.05967712402344
-27.954172134399414,37.93678665161133,64.03146362304688
-28.0268611907959,37.90738296508789,64.0872802734375
-28.079641342163086,38.04806137084961,64.09880065917969
-27.973648071289062,38.05887985229492,64.12141418457031
-27.90947914123535,38.015193939208984,64.06362915039062
-27.772197723388672,38.021053314208984,63.999267578125
-27.73443603515625,37.99617385864258,63.798736572265625
-27.700448989868164,38.02335739135742,63.767303466796875
-27.792774200439453,38.02949142456055,63.9215087890625
-27.835294723510742,37.92336654663086,63.89073181152344
-27.895601272583008,37.91721725463867,63.84703063964844
-27.82425880432129,37.90951156616211,63.656158447265625
-27.85103416442871,38.0470085144043,63.70086669921875
-27.837543487548828,38.082149505615234,63.69715881347656
-27.88623046875,38.04893112182617,63.76287841796875
-27.913679122924805,38.15323257446289,63.74391174316406
-27.94689178466797,38.186824798583984,63.752655029296875
-27.952251434326172,38.20796585083008,63.707611083984375
-27.87643814086914,38.24506759643555,63.89875793457031
-27.87779426574707,38.17220687866211,63.887237548828125
-27.85930633544922,38.21271896362305,63.85734558105469
-27.896955490112305,38.24333572387695,63.88438415527344
-27.865360260009766,38.212032318115234,63.973663330078125
-27.83066177368164,38.10063552856445,64.04656982421875
-27.892492294311523,38.11612319946289,64.0338134765625
-27.883522033691406,38.05398178100586,63.98747253417969
-27.877986907958984,38.05025863647461,63.80726623535156
-27.90491485595703,38.087528228759766,63.73503112792969
-27.86322593688965,37.994815826416016,63.72471618652344
-27.911651611328125,37.96396255493164,63.86479187011719
-27.912059783935547,37.938358306884766,63.86872863769531
-27.92730712890625,37.933780670166016,64.02247619628906
-27.91891860961914,37.923152923583984,64.09829711914062
-27.855270385742188,37.912715911865234,64.00115966796875
-27.824743270874023,37.95150375366211,63.93359375
-27.921646118164062,38.07827377319336,63.92323303222656
-27.97343635559082,38.02250289916992,63.973388671875
-28.163368225097656,38.01393508911133,63.78401184082031
-28.260160446166992,38.03728103637695,63.873779296875
-28.290481567382812,38.088321685791016,64.08290100097656
-28.28078269958496,38.1419563293457,64.314208984375
-28.298194885253906,38.16756820678711,64.35319519042969
-28.400270462036133,38.1473274230957,64.34115600585938
-28.434616088867188,38.03915786743164,64.36552429199219
-28.58887481689453,38.107662200927734,64.40072631835938
-28.745038986206055,38.12663650512695,64.46287536621094
-28.779998779296875,38.09024429321289,64.494384765625
-28.66586685180664,37.96747970581055,64.63214111328125
-28.605613708496094,37.97817611694336,64.521240234375
-28.71185874938965,37.93307113647461,64.40696716308594
-28.735612869262695,37.89004898071289,64.28135681152344
-28.737199783325195,37.86542892456055,64.24948120117188
-28.791183471679688,37.89262008666992,64.06924438476562
-28.732078552246094,37.905765533447266,63.927215576171875
-28.742393493652344,37.91456985473633,64.07969665527344
-28.707582473754883,37.81393051147461,64.06890869140625
-28.756698608398438,37.74802780151367,63.96795654296875
-28.729393005371094,37.51142501831055,63.82157897949219
-28.73482894897461,37.06827926635742,63.78700256347656
-28.70355224609375,36.59463119506836,63.86383056640625
-28.65833282470703,36.08768081665039,63.844512939453125
-28.69799041748047,35.63008499145508,63.72746276855469
-28.664915084838867,35.095088958740234,63.645843505859375
-28.621028900146484,34.47835922241211,63.46894836425781
-28.647048950195312,33.930355072021484,63.37957763671875
-28.677356719970703,33.48971939086914,63.34797668457031
-28.614286422729492,33.26896286010742,63.16761779785156
-28.68048858642578,33.21974563598633,63.17018127441406
-28.419126510620117,33.37821578979492,63.313446044921875
-28.29893684387207,33.3658332824707,63.45445251464844
-28.027231216430664,33.55453109741211,63.442962646484375
-27.548879623413086,33.73215866088867,63.60113525390625
-27.01410675048828,33.76185989379883,63.57167053222656
-26.268281936645508,33.80893325805664,63.739166259765625
-25.325407028198242,33.78742599487305,63.90028381347656
-24.162139892578125,33.84628677368164,63.99031066894531
-22.939794540405273,33.73282241821289,63.82664489746094
-21.827434539794922,33.50516128540039,63.73248291015625
-20.82416534423828,33.1728401184082,63.50300598144531
-19.759244918823242,32.534305572509766,63.10015869140625
-18.732887268066406,31.783794403076172,62.64697265625
-17.738265991210938,31.004558563232422,62.488311767578125
-16.96622657775879,29.989940643310547,62.14422607421875
-16.125431060791016,28.89432144165039,61.60699462890625
-15.339384078979492,27.647281646728516,61.01197814941406
-14.64322280883789,26.175601959228516,60.19482421875
-14.060638427734375,24.53908920288086,59.38081359863281
-13.392934799194336,22.839237213134766,58.36407470703125
-12.815971374511719,21.031917572021484,57.10394287109375
-12.449258804321289,19.27945327758789,55.907135009765625
-12.233154296875,17.394779205322266,54.49775695800781
-12.251935958862305,15.380924224853516,52.90296936035156
-12.313629150390625,13.390506744384766,51.253753662109375
-12.595638275146484,11.369197845458984,49.5743408203125
-12.919862747192383,9.316600799560547,47.76264953613281
-13.253351211547852,7.288990020751953,45.7064208984375
-13.586843490600586,5.649471282958984,43.67938232421875
-13.940227508544922,4.003101348876953,41.6949462890625
-14.528060913085938,2.6987457275390625,39.76263427734375
-15.272624969482422,1.4865226745605469,37.93955993652344
-15.914854049682617,0.30718994140625,36.077606201171875
-16.635337829589844,-0.6954689025878906,34.3778076171875
-17.20178985595703,-1.5816307067871094,32.54644775390625
-17.793010711669922,-2.3404617309570312,30.756744384765625
-18.359962463378906,-3.1614303588867188,29.180206298828125
-18.986988067626953,-3.6968040466308594,27.462066650390625
-19.81539535522461,-4.057224273681641,25.993576049804688
-20.568378448486328,-4.492389678955078,24.808364868164062
-21.383621215820312,-4.813220977783203,23.47735595703125
-22.184173583984375,-5.146148681640625,22.108734130859375
-22.902725219726562,-5.345401763916016,20.956924438476562
-23.786609649658203,-5.497394561767578,19.955947875976562
-24.769325256347656,-5.656780242919922,18.910232543945312
-25.674184799194336,-5.768695831298828,17.66497802734375
-26.715572357177734,-5.861602783203125,16.660598754882812
-27.538013458251953,-5.79840087890625,15.7174072265625
-28.35953140258789,-5.7109222412109375,14.756484985351562
-28.893653869628906,-5.655864715576172,13.962966918945312
-29.30746841430664,-5.681270599365234,13.16217041015625
-29.794389724731445,-5.61090087890625,12.323974609375
-30.415950775146484,-5.503227233886719,11.509307861328125
-30.930822372436523,-5.3732147216796875,10.644271850585938
-31.405046463012695,-5.285179138183594,9.939834594726562
-32.043678283691406,-5.255180358886719,9.584808349609375
-32.49987030029297,-5.124961853027344,9.249435424804688
-33.06270980834961,-4.870452880859375,8.900192260742188
-33.663455963134766,-4.587818145751953,8.871795654296875
-34.216636657714844,-4.452144622802734,8.685791015625
-34.76381301879883,-4.309806823730469,8.664474487304688
-35.302310943603516,-4.062862396240234,8.743698120117188
-35.78973388671875,-3.8807449340820312,8.621673583984375
-36.191776275634766,-3.7157020568847656,8.548202514648438
-36.68598937988281,-3.5897865295410156,8.432144165039062
-37.050960540771484,-3.5465049743652344,8.192596435546875
-37.271514892578125,-3.3031272888183594,8.084442138671875
-37.47502899169922,-3.2010574340820312,7.8747406005859375
-37.6118049621582,-3.2615089416503906,7.579071044921875
-37.76496887207031,-3.1991004943847656,7.489990234375
-37.7092170715332,-3.125732421875,7.365234375
-37.69246292114258,-3.1036300659179688,7.18182373046875
-37.68940734863281,-3.102569580078125,7.0738677978515625
-37.59174728393555,-3.1261940002441406,6.9883575439453125
-37.366844177246094,-3.1307144165039062,6.9617462158203125
-37.32882308959961,-3.118377685546875,6.9965667724609375
-37.31400680541992,-3.210010528564453,6.9685516357421875
-37.306427001953125,-3.1913986206054688,7.1343841552734375
-37.17518997192383,-3.2001304626464844,7.1581878662109375
-37.1142692565918,-3.2139663696289062,7.1431732177734375
-36.96503448486328,-3.22406005859375,7.1242218017578125
-36.930179595947266,-3.1870460510253906,7.017242431640625
-36.973236083984375,-3.0807037353515625,6.72802734375
-36.98553466796875,-3.045318603515625,6.4072418212890625
-36.8144416809082,-3.0202369689941406,6.337646484375
-36.83502197265625,-3.200775146484375,6.2080078125
-36.72420883178711,-3.061676025390625,6.1815643310546875
-36.58777618408203,-2.9957351684570312,6.34478759765625
-36.386627197265625,-3.0759963989257812,6.45367431640625
-36.32613754272461,-3.0966262817382812,6.4687347412109375
-36.46803283691406,-2.8133201599121094,6.427642822265625
-36.748348236083984,-1.7955513000488281,5.861236572265625
-36.99032211303711,0.4118461608886719,4.854705810546875
-37.279232025146484,2.7265586853027344,3.1868438720703125
-37.09013366699219,2.8095436096191406,0.9044952392578125
-35.42267608642578,-1.0503578186035156,-1.6876678466796875
-30.27137565612793,-10.380146026611328,-3.5449981689453125
-22.27564811706543,-22.50733184814453,-2.6477813720703125
-17.096792221069336,-31.35834312438965,1.1967926025390625
-16.2968692779541,-36.711544036865234,6.6131591796875
-17.014856338500977,-40.874725341796875,10.954605102539062
-17.08740234375,-44.65888977050781,13.220321655273438
-16.244060516357422,-47.44814682006836,14.026107788085938
-15.211055755615234,-49.08053970336914,13.772415161132812
-14.138971328735352,-49.794349670410156,13.3699951171875
-13.294595718383789,-50.09166717529297,13.036712646484375
-12.782459259033203,-49.99791717529297,13.0020751953125
-12.556533813476562,-49.79037857055664,12.98614501953125
-12.311050415039062,-49.705387115478516,13.057159423828125
-12.183971405029297,-49.52040481567383,13.20623779296875
-12.121288299560547,-49.51125717163086,13.376495361328125
-12.033411026000977,-49.428585052490234,13.648391723632812
-11.962356567382812,-49.29742431640625,13.887100219726562
-12.036186218261719,-49.161773681640625,14.322662353515625
-12.014997482299805,-49.05042266845703,14.646530151367188
-11.990705490112305,-48.976844787597656,14.9951171875
-11.962604522705078,-48.79086685180664,15.449935913085938
-11.880224227905273,-48.67206573486328,15.707962036132812
-11.778924942016602,-48.611000061035156,15.974655151367188
-11.688833236694336,-48.529136657714844,16.105621337890625
-11.694587707519531,-48.39822006225586,16.144729614257812
-11.694587707519531,-48.39822006225586,16.144729614257812
-11.770824432373047,-48.444313049316406,16.227783203125
-11.836099624633789,-48.37377166748047,16.266311645507812
-11.744503021240234,-48.26505661010742,16.585205078125
-11.540796279907227,-48.22575378417969,16.755172729492188
-11.476980209350586,-48.15073013305664,17.067398071289062
-11.477527618408203,-48.11970520019531,17.258453369140625
-11.669181823730469,-48.1178092956543,17.403274536132812
-11.568973541259766,-47.998756408691406,17.493865966796875
-11.480676651000977,-48.12042236328125,17.737640380859375
-11.404109954833984,-48.16353225708008,17.991287231445312
-11.339025497436523,-48.02275085449219,18.09637451171875
-11.324136734008789,-48.06940841674805,18.123733520507812
-11.32242202758789,-48.13688659667969,18.170028686523438
-11.20488166809082,-48.11149978637695,17.97003173828125
-11.168622970581055,-48.25699996948242,17.923690795898438
-10.974554061889648,-48.385353088378906,17.93536376953125
-10.870046615600586,-48.366607666015625,17.909515380859375
-10.712671279907227,-48.26093292236328,17.954940795898438
-10.535131454467773,-48.32075119018555,17.939346313476562
-10.351482391357422,-48.318450927734375,18.01580810546875
-10.121501922607422,-48.27007293701172,18.0068359375
-9.951679229736328,-48.39390182495117,17.981521606445312
-9.867979049682617,-48.49580764770508,17.846923828125
-9.80777359008789,-48.666481018066406,17.587509155273438
-9.732892990112305,-48.73948287963867,17.298095703125
-9.64991569519043,-48.755096435546875,17.098739624023438
-9.554582595825195,-48.740570068359375,16.940719604492188
-9.491569519042969,-48.89759063720703,16.56591796875
-9.444160461425781,-48.954383850097656,16.270919799804688
-9.446758270263672,-49.217750549316406,16.215835571289062
-9.272382736206055,-49.43561935424805,15.852142333984375
-9.4752197265625,-49.330875396728516,15.474945068359375
-9.575706481933594,-49.349586486816406,15.193206787109375
-9.699689865112305,-49.35218048095703,14.957382202148438
-9.761884689331055,-49.276390075683594,14.95947265625
-9.736141204833984,-49.15444564819336,15.128341674804688
-9.590530395507812,-49.075836181640625,15.502960205078125
-9.314678192138672,-48.94539260864258,15.792770385742188
-9.049318313598633,-49.043724060058594,15.994186401367188
-8.941385269165039,-49.096073150634766,16.11016845703125
-8.764762878417969,-49.13700866699219,15.92236328125
-8.744054794311523,-49.296199798583984,15.478591918945312
-8.823785781860352,-49.303924560546875,15.010955810546875
-8.918426513671875,-49.37174987792969,14.635116577148438
-9.024894714355469,-49.29867935180664,14.521194458007812
-9.363399505615234,-49.3198356628418,14.418212890625
-9.547931671142578,-49.30913162231445,14.351226806640625
-9.846683502197266,-49.29572677612305,14.21600341796875
-10.164800643920898,-49.312618255615234,14.239349365234375
-10.407955169677734,-49.31629180908203,14.110733032226562
-10.69586181640625,-49.270442962646484,14.007843017578125
-10.877912521362305,-49.284332275390625,13.927276611328125
-10.935380935668945,-49.42213821411133,13.878952026367188
-10.9056396484375,-49.319244384765625,13.854873657226562
-10.947332382202148,-49.30022048950195,13.865020751953125
-10.878005981445312,-49.35586929321289,14.094161987304688
-10.77547836303711,-49.291072845458984,14.358779907226562
-10.579839706420898,-49.27494430541992,14.640777587890625
-10.477622985839844,-49.355587005615234,14.665802001953125
-10.322364807128906,-49.47808074951172,14.779769897460938
-10.241750717163086,-49.602848052978516,14.866622924804688
-10.182794570922852,-49.54230880737305,14.887710571289062
-10.12619400024414,-49.59341049194336,14.717300415039062
-10.099496841430664,-49.627628326416016,14.859359741210938
-10.138956069946289,-49.62590408325195,14.848068237304688
-10.160568237304688,-49.590633392333984,14.874862670898438
-9.998428344726562,-49.632381439208984,15.010650634765625
-9.834476470947266,-49.66080093383789,15.040924072265625
-9.937614440917969,-49.75340270996094,15.083343505859375
-9.933694839477539,-49.676631927490234,15.009414672851562
-9.908117294311523,-49.56706237792969,14.92779541015625
-9.955221176147461,-49.519439697265625,14.814895629882812
-9.869434356689453,-49.4178466796875,14.753707885742188
-9.808404922485352,-49.486228942871094,14.781234741210938
-9.843902587890625,-49.56324005126953,15.094650268554688
-9.770771026611328,-49.533424377441406,15.051605224609375
-9.726673126220703,-49.52631378173828,15.192306518554688
-9.662981033325195,-49.430809020996094,15.245864868164062
-9.609977722167969,-49.55068588256836,15.177658081054688
-9.542123794555664,-49.6414794921875,15.147048950195312
-9.518587112426758,-49.725242614746094,15.029052734375
-9.646549224853516,-49.689422607421875,15.145172119140625
-9.610235214233398,-49.572593688964844,15.330902099609375
-9.507059097290039,-49.53642654418945,15.373321533203125
-9.37978744506836,-49.585723876953125,15.59234619140625
-9.392797470092773,-49.56831359863281,15.650482177734375
-9.391979217529297,-49.631507873535156,15.543716430664062
-9.387632369995117,-49.543983459472656,15.560394287109375
-9.417341232299805,-49.48504638671875,15.575912475585938
-9.504337310791016,-49.45924377441406,15.871307373046875
-9.53266716003418,-49.43861389160156,16.066024780273438
-9.45182991027832,-49.45867919921875,16.08404541015625
-9.349048614501953,-49.43016815185547,16.26171875
-9.231704711914062,-49.44564437866211,16.349197387695312
-9.215948104858398,-49.344120025634766,16.532363891601562
-9.015247344970703,-49.286231994628906,16.449066162109375
-8.936655044555664,-49.27184295654297,16.526016235351562
-8.780914306640625,-49.274906158447266,16.671966552734375
-8.813570022583008,-49.35734558105469,16.941558837890625
-8.699502944946289,-49.308475494384766,17.286148071289062
-8.570943832397461,-49.15925598144531,17.695632934570312
-8.50653076171875,-48.95282745361328,18.150115966796875
-8.334686279296875,-48.97161102294922,18.7218017578125
-8.168245315551758,-48.785404205322266,19.23028564453125
-8.055770874023438,-48.57197570800781,19.853805541992188
-7.75501823425293,-48.53021240234375,20.406707763671875
-7.607255935668945,-48.48419189453125,21.108001708984375
-7.5511627197265625,-48.282554626464844,21.644821166992188
-7.359046936035156,-48.039222717285156,22.409927368164062
-7.018718719482422,-47.72602844238281,23.272872924804688
-6.692808151245117,-47.47053146362305,24.288558959960938
-6.139581680297852,-47.139434814453125,25.09552001953125
-5.529201507568359,-46.97041320800781,25.86785888671875
-4.675558090209961,-46.76850128173828,26.735519409179688
-3.87481689453125,-46.35725021362305,27.729141235351562
-3.0323925018310547,-45.851966857910156,28.731658935546875
-2.1310558319091797,-45.40060806274414,29.807876586914062
-1.210418701171875,-44.722999572753906,31.031524658203125
-0.32819366455078125,-43.96790313720703,32.52723693847656
0.5870132446289062,-42.97819137573242,33.92930603027344
1.4956283569335938,-41.976566314697266,35.57884216308594
2.2289657592773438,-40.60463333129883,37.34300231933594
2.9052886962890625,-39.130035400390625,39.08892822265625
3.3788414001464844,-37.32304763793945,40.963592529296875
3.821331024169922,-35.374900817871094,42.97605895996094
3.978626251220703,-33.322418212890625,44.91239929199219
3.9399871826171875,-31.12102508544922,46.69340515136719
3.6707725524902344,-28.850387573242188,48.22203063964844
3.3804168701171875,-26.69164276123047,49.50700378417969
3.2501182556152344,-24.581829071044922,50.862701416015625
2.9452438354492188,-22.721050262451172,52.054901123046875
2.798259735107422,-21.007965087890625,52.936767578125
2.6118125915527344,-19.57787322998047,53.62298583984375
2.5242843627929688,-18.27178192138672,54.123199462890625
2.5109214782714844,-17.143959045410156,54.62605285644531
2.368236541748047,-16.202713012695312,55.147003173828125
2.2388343811035156,-15.142345428466797,55.48747253417969
2.149860382080078,-14.291427612304688,55.759307861328125
1.834869384765625,-13.664436340332031,56.02940368652344
1.6775627136230469,-13.184860229492188,56.34269714355469
1.5116386413574219,-12.738834381103516,56.323577880859375
1.3377532958984375,-12.41042709350586,56.440277099609375
1.0913505554199219,-12.239913940429688,56.488372802734375
1.1542778015136719,-11.977191925048828,56.68157958984375
1.0858535766601562,-11.955307006835938,56.733917236328125
1.0048789978027344,-11.856704711914062,56.70970153808594
0.936248779296875,-11.670413970947266,56.60163879394531
0.7294273376464844,-11.432392120361328,56.61604309082031
0.6240959167480469,-11.326683044433594,56.6656494140625
0.4947509765625,-11.168006896972656,56.90705871582031
0.3035087585449219,-11.09994125366211,57.11054992675781
0.215850830078125,-10.984970092773438,57.306884765625
0.15726089477539062,-10.918701171875,57.45832824707031
0.1826324462890625,-10.790386199951172,57.37614440917969
0.06853485107421875,-10.665096282958984,57.308868408203125
-0.057109832763671875,-10.579463958740234,57.374267578125
-0.21331405639648438,-10.473342895507812,57.36402893066406
-0.36255455017089844,-10.281059265136719,57.47386169433594
-0.3906211853027344,-9.978050231933594,57.456146240234375
-0.5557994842529297,-9.450511932373047,57.513336181640625
-0.5711650848388672,-8.966545104980469,57.643951416015625
-0.7022514343261719,-8.73880386352539,57.733489990234375
-0.9420394897460938,-8.657154083251953,57.71910095214844
-1.145730972290039,-8.726940155029297,57.77143859863281
-1.149190902709961,-8.868843078613281,57.62440490722656
-1.243276596069336,-9.021400451660156,57.574493408203125
-1.5668067932128906,-9.153034210205078,57.6268310546875
-1.9897613525390625,-9.268482208251953,57.48194885253906
-2.310871124267578,-9.371475219726562,57.437408447265625
-2.650175094604492,-9.43460464477539,57.45500183105469
-2.897035598754883,-9.404300689697266,57.46002197265625
-3.2362213134765625,-9.457843780517578,57.40289306640625
-3.583049774169922,-9.417488098144531,57.286773681640625
-3.861906051635742,-9.492073059082031,57.35121154785156
-4.032878875732422,-9.616470336914062,57.5059814453125
-4.191900253295898,-9.837032318115234,57.40113830566406
-4.149972915649414,-10.016334533691406,57.29743957519531
-4.243804931640625,-10.099163055419922,57.195281982421875
-4.210844039916992,-10.051616668701172,57.10505676269531
-4.102029800415039,-9.77438735961914,57.19847106933594
-4.125770568847656,-9.503593444824219,57.20263671875
-3.954498291015625,-9.408927917480469,57.42741394042969
-3.855844497680664,-9.318214416503906,57.56988525390625
-3.835550308227539,-9.296653747558594,57.525665283203125
-3.610078811645508,-9.211101531982422,57.5084228515625
-3.5749549865722656,-9.232501983642578,57.59332275390625
-3.5387706756591797,-9.194721221923828,57.614288330078125
-3.504436492919922,-9.20351791381836,57.56883239746094
-3.435302734375,-9.231990814208984,57.60264587402344
-3.336648941040039,-9.160343170166016,57.49391174316406
-3.1602115631103516,-9.302642822265625,57.47515869140625
-3.046224594116211,-9.268913269042969,57.593963623046875
-3.0183582305908203,-9.156673431396484,57.61488342285156
-3.0771121978759766,-9.220863342285156,57.57171630859375
-3.117828369140625,-9.211692810058594,57.527801513671875
-3.077913284301758,-9.090499877929688,57.47900390625
-3.0407161712646484,-9.019538879394531,57.267333984375
-3.1401844024658203,-9.167121887207031,57.103973388671875
-3.0685577392578125,-9.118171691894531,57.10469055175781
-3.0428333282470703,-9.169452667236328,57.05870056152344
-3.073141098022461,-9.150184631347656,57.06239318847656
-3.0366058349609375,-9.163902282714844,57.043304443359375
-2.9875011444091797,-9.222419738769531,56.923858642578125
-3.0310630798339844,-9.16891860961914,57.012420654296875
-3.033823013305664,-9.052074432373047,56.89787292480469
-3.069528579711914,-8.942821502685547,56.9482421875
-2.9955501556396484,-8.845653533935547,57.203857421875
-3.019773483276367,-8.829841613769531,57.3564453125
-3.0962905883789062,-8.964290618896484,57.42912292480469
-3.156503677368164,-9.155902862548828,57.39906311035156
-3.2349891662597656,-9.056533813476562,57.37150573730469
-3.210866928100586,-9.064823150634766,57.328155517578125
-3.1256465911865234,-9.089832305908203,57.235626220703125
-3.0573348999023438,-8.97762680053711,57.22621154785156
-2.944551467895508,-8.942604064941406,57.2640380859375
-2.9954891204833984,-8.77569580078125,57.460235595703125
-3.0411300659179688,-8.727046966552734,57.472137451171875
-3.0108165740966797,-8.732749938964844,57.50550842285156
-2.9833812713623047,-8.796703338623047,57.463531494140625
-3.0856704711914062,-8.762889862060547,57.30723571777344
-3.0596694946289062,-8.726459503173828,57.123931884765625
-3.2061939239501953,-8.905097961425781,57.27803039550781
-3.2943992614746094,-8.99753189086914,57.27464294433594
-3.260425567626953,-9.039165496826172,57.14958190917969
-3.1830673217773438,-9.035614013671875,57.109375
-3.051431655883789,-9.155353546142578,57.139007568359375
-3.0818748474121094,-9.222465515136719,57.12690734863281
-2.937410354614258,-9.08005142211914,57.17329406738281
-2.8908023834228516,-9.000015258789062,57.08479309082031
-2.94677734375,-9.079399108886719,56.98530578613281
-3.001832962036133,-9.051528930664062,57.025115966796875
-3.188577651977539,-9.052425384521484,57.02467346191406
-3.3106822967529297,-8.96902084350586,57.01893615722656
-3.3533058166503906,-8.890331268310547,57.09339904785156
-3.4185314178466797,-9.00667953491211,57.13238525390625
-3.4511775970458984,-9.027740478515625,57.07789611816406
-3.4106578826904297,-9.014545440673828,57.09100341796875
-3.2373523712158203,-8.986141204833984,57.03172302246094
-3.205099105834961,-9.068778991699219,57.22186279296875
-3.220317840576172,-9.103260040283203,57.10047912597656
-3.292448043823242,-9.048965454101562,57.05401611328125
-3.290740966796875,-9.127006530761719,57.11906433105469
-3.225065231323242,-9.160736083984375,57.057220458984375
-3.072225570678711,-8.991825103759766,57.09266662597656
-3.0617809295654297,-8.945640563964844,56.94847106933594
-3.0951366424560547,-8.968757629394531,57.09327697753906
-3.059307098388672,-8.959388732910156,57.21214294433594
-3.1462059020996094,-8.909149169921875,57.197479248046875
-3.1244468688964844,-8.84372329711914,57.0662841796875
-3.0541343688964844,-8.745433807373047,57.10435485839844
-2.998929977416992,-8.857425689697266,57.03294372558594
-3.007211685180664,-8.943519592285156,57.07818603515625
-3.0284862518310547,-9.047721862792969,56.91911315917969
-3.1424121856689453,-9.054801940917969,56.97459411621094
-3.106884002685547,-9.033653259277344,57.05625915527344
-3.0114212036132812,-9.00460433959961,57.04005432128906
-2.9989871978759766,-8.992000579833984,57.05238342285156
-2.9871749877929688,-9.135540008544922,57.06324768066406
-3.119182586669922,-9.191871643066406,56.96531677246094
-3.0281944274902344,-9.204837799072266,56.89469909667969
-2.9842987060546875,-9.184783935546875,56.94281005859375
-2.9981460571289062,-9.225284576416016,56.89979553222656
-2.986204147338867,-9.165660858154297,57.04862976074219
-3.0039939880371094,-9.19790267944336,57.05487060546875
-3.051279067993164,-9.129913330078125,57.11231994628906
-3.011566162109375,-9.193000793457031,57.02854919433594
-3.0574512481689453,-9.153186798095703,56.962554931640625
-3.00189208984375,-9.129173278808594,56.89979553222656
-3.0747509002685547,-9.05965805053711,56.92414855957031
-3.1505470275878906,-8.956661224365234,56.994384765625
-3.236064910888672,-8.892601013183594,57.040313720703125
-3.3274402618408203,-9.017192840576172,57.09214782714844
-3.2648086547851562,-8.984580993652344,57.097412109375
-3.186716079711914,-9.020938873291016,56.975799560546875
-3.211690902709961,-9.03375244140625,57.023834228515625
-3.2985076904296875,-9.021800994873047,57.03846740722656
-3.317605972290039,-9.05752182006836,57.02496337890625
-3.256540298461914,-9.006267547607422,57.060028076171875
-3.122861862182617,-8.940589904785156,57.15763854980469
-3.1285552978515625,-8.88100814819336,57.374664306640625
-3.1946678161621094,-8.911369323730469,57.34800720214844
-3.2231674194335938,-8.862266540527344,57.52862548828125
-3.2019901275634766,-8.912345886230469,57.58763122558594
-3.1010379791259766,-8.886035919189453,57.416900634765625
-3.1247901916503906,-8.935245513916016,57.365936279296875
-3.2096099853515625,-8.885139465332031,57.38298034667969
-3.171541213989258,-8.849224090576172,57.345977783203125
-3.2577590942382812,-8.774127960205078,57.36540222167969
-3.363534927368164,-8.90860366821289,57.399932861328125
-3.2471466064453125,-8.87125015258789,57.49250793457031
-3.2328529357910156,-8.795841217041016,57.64958190917969
-3.2289905548095703,-8.890625,57.85398864746094
-3.198047637939453,-8.990215301513672,57.69384765625
-3.196674346923828,-8.99777603149414,57.60041809082031
-3.2285633087158203,-8.948619842529297,57.640716552734375
-3.1062545776367188,-8.940502166748047,57.824920654296875
-3.0350818634033203,-8.881671905517578,57.712738037109375
-3.196828842163086,-8.875953674316406,57.64393615722656
-3.1306800842285156,-8.80428695678711,57.443450927734375
-3.1476898193359375,-8.869331359863281,57.48289489746094
-3.099010467529297,-8.951568603515625,57.490966796875
-3.068552017211914,-9.017024993896484,57.37818908691406
-3.017354965209961,-9.068389892578125,57.438079833984375
-3.0387725830078125,-8.994392395019531,57.42536926269531
-3.036518096923828,-8.887619018554688,57.35786437988281
-3.138093948364258,-9.05251693725586,57.391754150390625
-3.1409034729003906,-9.006641387939453,57.54603576660156
-3.1405563354492188,-8.986808776855469,57.54328918457031
-3.0727901458740234,-9.037979125976562,57.5704345703125
-3.1049060821533203,-9.06081771850586,57.72113037109375
-3.167348861694336,-9.083080291748047,57.7314453125
-3.225292205810547,-9.031059265136719,57.56471252441406
-3.234262466430664,-8.957386016845703,57.40260314941406
-3.258298873901367,-8.931011199951172,57.423370361328125
-3.2069454193115234,-9.046016693115234,57.22517395019531
-3.218780517578125,-9.026317596435547,56.96202087402344
-3.2272682189941406,-9.036659240722656,56.8868408203125
-3.1997509002685547,-9.005569458007812,56.91691589355469
-3.2347755432128906,-8.986305236816406,56.986419677734375
-3.074563980102539,-9.110157012939453,57.20957946777344
-3.0089473724365234,-9.104522705078125,57.2596435546875
-3.162832260131836,-9.113716125488281,57.25514221191406
-3.2162132263183594,-8.99972915649414,57.17985534667969
-3.2465572357177734,-9.049373626708984,57.142333984375
-3.151491165161133,-9.009384155273438,57.198699951171875
-3.176668167114258,-9.026359558105469,57.102294921875
-3.250181198120117,-9.010505676269531,57.11521911621094
-3.2679920196533203,-8.992034912109375,57.11125183105469
-3.2659988403320312,-9.039848327636719,57.066436767578125
-3.2206859588623047,-8.976261138916016,57.22401428222656
-3.117046356201172,-8.795143127441406,57.34861755371094
-3.223377227783203,-8.905052185058594,57.31266784667969
-3.1647281646728516,-8.901817321777344,57.273468017578125
-3.345582962036133,-9.032859802246094,57.30158996582031
-3.1445693969726562,-8.989368438720703,57.27522277832031
-3.0291976928710938,-9.007347106933594,57.3751220703125
-3.0624141693115234,-9.015213012695312,57.53692626953125
-3.176149368286133,-9.025508880615234,57.40684509277344
-3.2497920989990234,-9.063861846923828,57.38224792480469
-3.336008071899414,-9.103466033935547,57.39276123046875
-3.2913284301757812,-9.151840209960938,57.35731506347656
-3.2733707427978516,-9.12161636352539,57.35874938964844
-3.1176528930664062,-9.07867431640625,57.46527099609375
-3.1115951538085938,-9.066757202148438,57.4356689453125
-3.1162776947021484,-9.077404022216797,57.388946533203125
-3.064067840576172,-9.003376007080078,57.51197814941406
-3.2062244415283203,-9.049606323242188,57.52638244628906
-3.1032466888427734,-9.064369201660156,57.61785888671875
-3.109874725341797,-9.003204345703125,57.5911865234375
-3.038677215576172,-8.901981353759766,57.57252502441406
-3.0612049102783203,-8.90096664428711,57.526397705078125
-3.1366825103759766,-8.944210052490234,57.4752197265625
-3.1640796661376953,-8.906906127929688,57.54035949707031
-3.1232471466064453,-8.919342041015625,57.600616455078125
-3.085460662841797,-8.956798553466797,57.41523742675781
-3.0344905853271484,-8.92093276977539,57.4466552734375
-3.1725025177001953,-8.966548919677734,57.39826965332031
-3.145904541015625,-8.981464385986328,57.36181640625
-3.221742630004883,-8.9390869140625,57.369659423828125
-3.0886363983154297,-8.885272979736328,57.35626220703125
-3.023540496826172,-8.82559585571289,57.23860168457031
-3.109163284301758,-8.820049285888672,57.493438720703125
-3.0801525115966797,-8.939170837402344,57.51263427734375
-3.0801525115966797,-8.939170837402344,57.51263427734375
-3.0740909576416016,-9.050086975097656,57.59791564941406
-3.018909454345703,-9.012687683105469,57.31486511230469
-3.1487255096435547,-8.99692153930664,57.09800720214844
-3.230558395385742,-9.042560577392578,57.10276794433594
-3.1161556243896484,-9.00198745727539,57.363433837890625
-3.059896469116211,-9.158599853515625,57.43011474609375
-3.059701919555664,-9.188739776611328,57.40074157714844
-3.0422019958496094,-9.136943817138672,57.382537841796875
-3.050638198852539,-9.146469116210938,57.40965270996094
-3.0218734741210938,-9.261394500732422,57.24354553222656
-3.1692066192626953,-9.233673095703125,57.25181579589844
-3.1401405334472656,-9.21224594116211,57.20588684082031
-3.1614837646484375,-9.141887664794922,57.28523254394531
-3.146240234375,-9.032363891601562,57.29132080078125
-3.2662887573242188,-9.147716522216797,57.23298645019531
-3.3399391174316406,-9.034095764160156,57.36058044433594
-3.2965831756591797,-9.040946960449219,57.44926452636719
-3.3479175567626953,-9.103534698486328,57.54486083984375
-3.3773841857910156,-9.109809875488281,57.508636474609375
-3.3763065338134766,-9.207538604736328,57.26805114746094
-3.3313961029052734,-9.14495849609375,57.11578369140625
-3.2292022705078125,-9.064117431640625,57.07391357421875
-3.1786441802978516,-9.022594451904297,57.20353698730469
-3.0793190002441406,-9.070205688476562,57.12199401855469
-3.1599807739257812,-9.131786346435547,57.06352233886719
-3.321340560913086,-9.03790283203125,56.986541748046875
-3.384523391723633,-8.903236389160156,56.90409851074219
-3.3466053009033203,-8.89681625366211,57.18232727050781
-3.3633975982666016,-8.957984924316406,57.37837219238281
-3.3072986602783203,-9.043651580810547,57.43864440917969
-3.318044662475586,-9.00015640258789,57.39576721191406
-3.310819625854492,-9.141498565673828,57.41950988769531
-3.3799800872802734,-9.1419677734375,57.25567626953125
-3.242013931274414,-9.105575561523438,57.32489013671875
-3.2461929321289062,-9.059707641601562,57.38969421386719
-3.1329288482666016,-9.080253601074219,57.437469482421875
-3.0993175506591797,-9.032733917236328,57.15997314453125
-3.0819358825683594,-9.026237487792969,57.149505615234375
-3.1249866485595703,-9.125679016113281,57.079315185546875
-3.180685043334961,-9.034931182861328,57.15367126464844
-3.1707305908203125,-9.139209747314453,57.157379150390625
-3.1543502807617188,-9.12618637084961,56.9517822265625
-3.297698974609375,-9.182365417480469,57.05473327636719
-3.2506351470947266,-9.153152465820312,57.0911865234375
-3.213573455810547,-9.23929214477539,57.121673583984375
-3.246591567993164,-9.297386169433594,57.130126953125
-3.2662391662597656,-9.42251205444336,57.07820129394531
-3.3662109375,-9.483463287353516,57.05686950683594
-3.2960376739501953,-9.323127746582031,57.06890869140625
-3.168041229248047,-9.243022918701172,56.98304748535156
-3.1158390045166016,-9.316207885742188,56.934417724609375
-3.1118526458740234,-9.429454803466797,56.97190856933594
-3.1119518280029297,-9.477664947509766,57.04731750488281
-3.073087692260742,-9.478527069091797,57.06382751464844
-2.946928024291992,-9.485595703125,57.00764465332031
-3.0155410766601562,-9.364234924316406,56.99383544921875
-3.0009021759033203,-9.28219985961914,56.913238525390625
-2.9839534759521484,-9.256961822509766,56.9510498046875
-2.9903297424316406,-9.325416564941406,57.07554626464844
-3.0216503143310547,-9.328929901123047,57.04588317871094
-3.0732460021972656,-9.46334457397461,57.1044921875
-2.964099884033203,-9.45751953125,57.059295654296875
-2.9490489959716797,-9.491756439208984,57.11140441894531
-3.0417442321777344,-9.331493377685547,57.107086181640625
-3.0479965209960938,-9.23392105102539,57.08891296386719
-3.0327682495117188,-9.22256851196289,57.14170837402344
-3.0146923065185547,-9.057594299316406,57.0577392578125
-3.094026565551758,-9.02847671508789,57.146881103515625
-3.044231414794922,-8.989604949951172,57.13592529296875
-3.130311965942383,-9.026966094970703,56.93125915527344
-3.187864303588867,-9.07242202758789,56.920623779296875
-3.2819786071777344,-9.047969818115234,57.02433776855469
-3.370176315307617,-9.098407745361328,57.13299560546875
-3.359344482421875,-9.114246368408203,57.37123107910156
-3.319866180419922,-9.133087158203125,57.42442321777344
-3.440877914428711,-9.161636352539062,57.4219970703125
-3.4343738555908203,-9.128826141357422,57.29750061035156
-3.350116729736328,-9.191390991210938,57.22782897949219
-3.3895263671875,-9.053482055664062,57.128448486328125
-3.206186294555664,-9.071571350097656,57.16087341308594
-3.2204952239990234,-9.065937042236328,57.20176696777344
-3.1632633209228516,-9.191242218017578,57.33363342285156
-3.235492706298828,-9.298797607421875,57.506195068359375
-3.2364349365234375,-9.353729248046875,57.510986328125
-3.3045787811279297,-9.4609375,57.52738952636719
-3.385549545288086,-9.440353393554688,57.429840087890625
-3.4072418212890625,-9.292892456054688,57.36077880859375
-3.2428970336914062,-9.164752960205078,57.354583740234375
-3.126008987426758,-9.0740966796875,57.33839416503906
-3.1134815216064453,-9.087318420410156,57.484619140625
-3.121213912963867,-9.02193832397461,57.55535888671875
-3.232105255126953,-9.059417724609375,57.57044982910156
-3.2207889556884766,-9.10318374633789,57.48899841308594
-3.2149696350097656,-9.136466979980469,57.36358642578125
-3.1746482849121094,-9.229347229003906,57.389190673828125
-3.1716651916503906,-9.282745361328125,57.43489074707031
-3.161876678466797,-9.192428588867188,57.56858825683594
-3.2188339233398438,-9.18820571899414,57.40211486816406
-3.063760757446289,-9.161418914794922,57.3333740234375
-3.141023635864258,-9.132888793945312,57.24641418457031
-3.3199291229248047,-9.246383666992188,57.38397216796875
-3.3851490020751953,-9.251495361328125,57.39442443847656
-3.3194503784179688,-9.292770385742188,57.325592041015625
-3.2016334533691406,-9.242122650146484,57.11308288574219
-3.2301273345947266,-9.229389190673828,57.145172119140625
-3.1944847106933594,-9.216171264648438,57.19677734375
-3.181852340698242,-9.210487365722656,57.2998046875
-3.200471878051758,-9.077133178710938,57.22642517089844
-3.0963382720947266,-9.0155029296875,57.360931396484375
-3.0663509368896484,-9.15890884399414,57.42408752441406
-3.0724315643310547,-9.208412170410156,57.401824951171875
-3.1107749938964844,-9.141471862792969,57.38606262207031
-3.0071029663085938,-9.145442962646484,57.34962463378906
-3.025157928466797,-9.121204376220703,57.39634704589844
-3.0655555725097656,-9.216053009033203,57.526123046875
-3.043365478515625,-9.23720932006836,57.553314208984375
-3.036733627319336,-9.095745086669922,57.55804443359375
-3.043394088745117,-9.126720428466797,57.54847717285156
-3.0799808502197266,-9.132076263427734,57.607208251953125
-3.0206737518310547,-9.168224334716797,57.432403564453125
-3.035045623779297,-9.085563659667969,57.30517578125
-3.0134944915771484,-9.102272033691406,57.35972595214844
-3.1885452270507812,-9.055408477783203,57.3216552734375
-3.207855224609375,-9.069862365722656,57.21134948730469
-3.2484683990478516,-8.959762573242188,57.32286071777344
-3.0626220703125,-8.971260070800781,57.3553466796875
-3.0293006896972656,-8.89944076538086,57.356903076171875
-3.032817840576172,-8.981807708740234,57.42344665527344
-3.046297073364258,-9.174217224121094,57.22669982910156
-3.063875198364258,-9.116512298583984,57.25657653808594
-3.1367874145507812,-9.058609008789062,57.24174499511719
-3.1227378845214844,-9.11172866821289,57.20228576660156
-3.038419723510742,-9.05600357055664,57.383148193359375
-3.2099056243896484,-9.027416229248047,57.57630920410156
-3.1598358154296875,-9.165191650390625,57.60060119628906
-3.321626663208008,-9.203880310058594,57.46388244628906
-3.21923828125,-9.203746795654297,57.57130432128906
-3.1006088256835938,-9.327693939208984,57.5770263671875
-3.0997676849365234,-9.181327819824219,57.60136413574219
-3.0483226776123047,-9.12387466430664,57.57283020019531
-3.0637874603271484,-9.117969512939453,57.53721618652344
-3.007658004760742,-9.057037353515625,57.451263427734375
-3.0558700561523438,-9.133243560791016,57.29090881347656
-3.018505096435547,-9.068775177001953,57.10810852050781
-3.0900344848632812,-9.004928588867188,57.16758728027344
-3.0679073333740234,-9.037025451660156,57.33563232421875
-2.9228782653808594,-9.09521484375,57.34806823730469
-2.8600215911865234,-9.156303405761719,57.421722412109375
-2.7794418334960938,-9.296375274658203,57.367584228515625
-2.8357467651367188,-9.377872467041016,57.36506652832031
-2.9394702911376953,-9.303852081298828,57.53016662597656
-2.867635726928711,-9.166824340820312,57.434112548828125
-2.867441177368164,-9.154613494873047,57.499908447265625
-3.012317657470703,-9.155853271484375,57.54573059082031
-3.1001510620117188,-9.140159606933594,57.58522033691406
-3.0271129608154297,-9.29208755493164,57.464111328125
-3.0264530181884766,-9.432498931884766,57.30049133300781
-3.081544876098633,-9.39157485961914,57.3414306640625
-3.08355712890625,-9.378681182861328,57.36851501464844
-3.038249969482422,-9.384956359863281,57.41749572753906
-3.1206092834472656,-9.315692901611328,57.41624450683594
-3.2842636108398438,-9.322746276855469,57.38591003417969
-3.3805103302001953,-9.350086212158203,57.41949462890625
-3.4561614990234375,-9.340644836425781,57.43550109863281
-3.4460811614990234,-9.17422866821289,57.4791259765625
-3.4844741821289062,-9.101909637451172,57.53645324707031
-3.561290740966797,-9.20229721069336,57.57609558105469
-3.8247337341308594,-9.220039367675781,57.653656005859375
-3.983417510986328,-9.091949462890625,57.855621337890625
-4.26713752746582,-8.986831665039062,57.69715881347656
-4.588367462158203,-8.814109802246094,57.75248718261719
-4.650382995605469,-8.833450317382812,57.860809326171875
-4.727449417114258,-8.828498840332031,57.72206115722656
-4.90156364440918,-8.737468719482422,57.48252868652344
-4.920368194580078,-8.691726684570312,57.477874755859375
-5.013910293579102,-8.675945281982422,57.45741271972656
-5.22833251953125,-8.615257263183594,57.514923095703125
-5.380495071411133,-8.613224029541016,57.506988525390625
-5.532449722290039,-8.51723861694336,57.51374816894531
-5.669008255004883,-8.395050048828125,57.63288879394531
-5.802133560180664,-8.291297912597656,57.67973327636719
-5.8668975830078125,-8.23098373413086,57.67506408691406
-5.817136764526367,-8.262447357177734,57.53398132324219
-5.831411361694336,-8.15628433227539,57.40885925292969
-5.811239242553711,-8.179130554199219,57.34468078613281
-5.951467514038086,-8.082290649414062,57.28334045410156
-5.887327194213867,-7.978385925292969,57.43681335449219
-5.742063522338867,-7.935386657714844,57.34098815917969
-5.830467224121094,-7.894306182861328,57.487335205078125
-5.9608917236328125,-7.888423919677734,57.48103332519531
-5.960636138916016,-7.790874481201172,57.39842224121094
-5.966838836669922,-7.784820556640625,57.1864013671875
-6.0250396728515625,-7.870796203613281,57.25706481933594
-5.971010208129883,-7.979930877685547,57.43194580078125
-5.95588493347168,-8.049339294433594,57.43873596191406
-5.79524040222168,-8.198089599609375,57.37251281738281
-5.490756988525391,-8.288314819335938,57.35362243652344
-5.179588317871094,-8.185249328613281,57.368560791015625
-4.664375305175781,-8.018539428710938,57.487396240234375
-3.8763389587402344,-8.04355239868164,57.52131652832031
-3.167287826538086,-7.930866241455078,57.63505554199219
-2.460489273071289,-7.774623870849609,57.52308654785156
-1.8764381408691406,-7.816905975341797,57.54460144042969
-1.5053291320800781,-8.098522186279297,57.554779052734375
-1.1071701049804688,-8.711799621582031,57.42909240722656
-0.6074581146240234,-9.724712371826172,57.22737121582031
0.023014068603515625,-10.816425323486328,56.94871520996094
0.6113662719726562,-12.146625518798828,56.646270751953125
1.2737045288085938,-13.579414367675781,56.22845458984375
2.1803550720214844,-15.047962188720703,55.74418640136719
3.1634368896484375,-16.575973510742188,55.07823181152344
4.223091125488281,-18.151721954345703,54.29881286621094
5.020210266113281,-19.897842407226562,53.5880126953125
5.896938323974609,-21.614700317382812,52.71427917480469
6.561729431152344,-23.503005981445312,51.68406677246094
7.07232666015625,-25.544559478759766,50.42640686035156
7.234771728515625,-27.71129608154297,49.02458190917969
7.284435272216797,-29.64310646057129,47.6131591796875
7.083141326904297,-31.390993118286133,46.530029296875
6.865955352783203,-33.04530334472656,45.27098083496094
6.766448974609375,-34.2530403137207,44.23042297363281
6.922794342041016,-35.36753845214844,43.08770751953125
6.974178314208984,-36.30758285522461,42.288543701171875
6.9435577392578125,-37.19293212890625,41.4708251953125
6.711738586425781,-38.008304595947266,40.674957275390625
6.395709991455078,-38.77056884765625,39.91444396972656
6.004451751708984,-39.293121337890625,39.128204345703125
5.6639251708984375,-39.86448669433594,38.36363220214844
5.295963287353516,-40.434295654296875,37.645263671875
4.836437225341797,-41.041019439697266,37.09828186035156
4.204517364501953,-41.57732391357422,36.55255126953125
3.7752037048339844,-42.13838195800781,36.1556396484375
3.3597373962402344,-42.59764099121094,35.666412353515625
2.9575119018554688,-42.93697738647461,35.3565673828125
2.361530303955078,-43.260826110839844,34.83863830566406
1.7331962585449219,-43.66553497314453,34.30059814453125
1.24481201171875,-44.08635711669922,33.81871032714844
0.7981033325195312,-44.46836853027344,33.26495361328125
0.43488311767578125,-44.655067443847656,32.80792236328125
0.041286468505859375,-44.78980255126953,32.41114807128906
-0.32273101806640625,-45.02036666870117,31.962295532226562
-0.550384521484375,-45.461673736572266,31.320648193359375
-0.6310157775878906,-45.74681091308594,30.73809814453125
-0.8079013824462891,-45.95597457885742,30.192489624023438
-0.8720855712890625,-46.20115280151367,29.983627319335938
-0.920623779296875,-46.35316467285156,29.691299438476562
-1.0898818969726562,-46.357994079589844,29.310836791992188
-1.185811996459961,-46.47947692871094,29.16748046875
-1.3626842498779297,-46.55523681640625,28.956863403320312
-1.3763694763183594,-46.64939880371094,28.845733642578125
-1.4342536926269531,-46.610225677490234,28.65130615234375
-1.5508174896240234,-46.64861297607422,28.693466186523438
-1.6740608215332031,-46.52695083618164,29.0040283203125
-1.6173553466796875,-46.547996520996094,28.953872680664062
-1.7232341766357422,-46.549217224121094,28.8963623046875
-1.9130268096923828,-46.57680892944336,28.769500732421875
-2.090066909790039,-46.513511657714844,28.7701416015625
-2.056203842163086,-46.507057189941406,28.899642944335938
-2.2145862579345703,-46.489532470703125,29.069442749023438
-2.254138946533203,-46.58405685424805,28.98980712890625
-2.353466033935547,-46.57103729248047,28.952529907226562
-2.432636260986328,-46.55891799926758,28.869094848632812
-2.415576934814453,-46.53030776977539,28.997756958007812
-2.5228729248046875,-46.41733932495117,29.009384155273438
-2.519723892211914,-46.276344299316406,29.107528686523438
-2.5444698333740234,-46.312286376953125,29.308013916015625
-2.4567394256591797,-46.14341735839844,29.620697021484375
-2.4256038665771484,-46.109458923339844,29.769073486328125
-2.4292945861816406,-46.18196105957031,29.90380859375
-2.4714107513427734,-46.161529541015625,29.944564819335938
-2.3187732696533203,-46.0579948425293,30.029693603515625
-2.2688045501708984,-46.02812194824219,29.9833984375
-2.1680068969726562,-46.048187255859375,29.969161987304688
-2.2205238342285156,-45.9743766784668,30.027938842773438
-2.2081260681152344,-46.036285400390625,30.171524047851562
-2.0998687744140625,-45.998924255371094,30.168594360351562
-1.9452934265136719,-45.97502517700195,30.435211181640625
-1.8569145202636719,-45.949195861816406,30.578750610351562
-1.7246761322021484,-45.910888671875,30.844970703125
-1.7258777618408203,-45.89219284057617,30.991622924804688
-1.7012557983398438,-45.74762725830078,31.213485717773438
-1.7883758544921875,-45.60316467285156,31.310943603515625
-1.5817642211914062,-45.473899841308594,31.454635620117188
-1.6520519256591797,-45.44526672363281,31.50927734375
-1.5041141510009766,-45.363739013671875,31.420547485351562
-1.5132160186767578,-45.36114501953125,31.44805908203125
-1.4885616302490234,-45.19072723388672,31.608474731445312
-1.3759651184082031,-45.07086944580078,31.657028198242188
-1.2320842742919922,-45.00896072387695,31.845870971679688
-1.120748519897461,-45.00494384765625,31.9932861328125
-0.9456024169921875,-44.95956802368164,32.273284912109375
-0.9630413055419922,-44.8223876953125,32.48567199707031
-0.843048095703125,-44.738739013671875,32.607391357421875
-0.7967262268066406,-44.68034362792969,32.66069030761719
-0.8313980102539062,-44.58966827392578,32.67030334472656
-0.9216632843017578,-44.59461975097656,32.675994873046875
-0.761627197265625,-44.46449279785156,32.77729797363281
-0.6572761535644531,-44.55537033081055,33.02995300292969
-0.5529441833496094,-44.439544677734375,33.17901611328125
-0.6906147003173828,-44.31775665283203,33.322967529296875
-0.6655006408691406,-44.27046585083008,33.54429626464844
-0.6611480712890625,-44.37557601928711,33.65010070800781
-0.618133544921875,-44.590667724609375,33.990753173828125
-0.5755233764648438,-44.72074508666992,34.31709289550781
-0.5724563598632812,-44.821800231933594,34.69874572753906
-0.4274921417236328,-44.9373779296875,35.08946228027344
-0.32427406311035156,-45.082008361816406,35.470672607421875
-0.13554763793945312,-45.34077835083008,35.95268249511719
0.0919189453125,-45.76786804199219,36.473876953125
0.19682693481445312,-46.216224670410156,37.05128479003906
0.4629631042480469,-46.658668518066406,37.63990783691406
0.7769813537597656,-47.173912048339844,38.132171630859375
1.0522842407226562,-47.826717376708984,38.749542236328125
1.1761589050292969,-48.38148498535156,39.393585205078125
1.4234352111816406,-48.925540924072266,40.06172180175781
1.5056571960449219,-49.45508575439453,40.91300964355469
1.7769699096679688,-49.98198699951172,41.867401123046875
1.8779220581054688,-50.52191162109375,42.94972229003906
2.0249710083007812,-50.97468566894531,44.03770446777344
2.1149635314941406,-51.34522247314453,45.39799499511719
2.1757583618164062,-51.653377532958984,46.936370849609375
2.175792694091797,-51.69892501831055,48.678802490234375
1.9908065795898438,-51.513465881347656,50.67747497558594
1.8245658874511719,-51.09754180908203,52.820648193359375
1.5587387084960938,-50.315406799316406,54.99275207519531
1.0417366027832031,-49.14292907714844,57.21437072753906
0.3078346252441406,-47.35134506225586,59.85420227050781
-0.5101203918457031,-44.9467658996582,62.46186828613281
-1.6507244110107422,-42.02531814575195,65.02349853515625
-2.9035167694091797,-38.59211730957031,67.18218994140625
-4.371734619140625,-34.79463195800781,69.26307678222656
-6.142772674560547,-30.60446548461914,70.84872436523438
-8.133333206176758,-25.919048309326172,72.08343505859375
-10.227472305297852,-20.426258087158203,72.64178466796875
-12.565675735473633,-14.449623107910156,72.02723693847656
-14.964731216430664,-8.129589080810547,69.96316528320312
-17.39934539794922,-1.8375625610351562,66.34695434570312
-19.706375122070312,3.6435890197753906,60.4952392578125
-20.493324279785156,6.274448394775391,52.04339599609375
-19.51913833618164,5.488544464111328,44.80323791503906
-18.6343994140625,4.395938873291016,41.8795166015625
-18.429523468017578,4.341846466064453,41.36677551269531
-18.49040412902832,4.676876068115234,41.76307678222656
-18.690322875976562,4.972919464111328,42.071502685546875
-18.975486755371094,5.098842620849609,42.193328857421875
-18.963600158691406,5.124179840087891,42.342559814453125
-19.003890991210938,5.178928375244141,42.48020935058594
-19.011930465698242,5.232891082763672,42.425048828125
-18.99980926513672,5.289447784423828,42.31278991699219
-19.064411163330078,5.302791595458984,42.315643310546875
-19.10317611694336,5.279766082763672,42.34791564941406
-19.144676208496094,5.285037994384766,42.30784606933594
-19.263713836669922,5.333492279052734,42.38929748535156
-19.36563491821289,5.362667083740234,42.517181396484375
-19.581523895263672,5.550281524658203,42.57708740234375
-19.79691505432129,5.528484344482422,42.60627746582031
-20.004547119140625,5.568874359130859,42.56398010253906
-20.259647369384766,5.509654998779297,42.45623779296875
-20.450876235961914,5.517604827880859,42.56385803222656
-20.57644271850586,5.521221160888672,42.44920349121094
-20.61954689025879,5.485363006591797,42.42620849609375
-20.698020935058594,5.450443267822266,42.36962890625
-20.698020935058594,5.450443267822266,42.36962890625
-20.894716262817383,5.467983245849609,42.307403564453125
-20.975257873535156,5.579242706298828,42.26768493652344
-21.134052276611328,5.443210601806641,42.157379150390625
-21.2773494720459,5.376506805419922,42.09288024902344
-21.341232299804688,5.375598907470703,41.941864013671875
-21.426021575927734,5.646213531494141,41.86073303222656
-21.63811683654785,5.593212127685547,41.68672180175781
-21.676898956298828,5.549381256103516,41.66258239746094
-21.863937377929688,5.474514007568359,41.61488342285156
-22.116615295410156,5.468540191650391,41.69659423828125
-22.275224685668945,5.306377410888672,41.8765869140625
-22.482141494750977,5.251667022705078,41.653411865234375
-22.61612319946289,5.306537628173828,41.77476501464844
-22.729488372802734,5.293087005615234,41.62345886230469
-22.88496208190918,5.228290557861328,41.45118713378906
-23.08999252319336,5.265979766845703,41.08943176269531
-23.270889282226562,5.148647308349609,40.982635498046875
-23.318946838378906,5.114337921142578,41.000946044921875
-23.516700744628906,4.960697174072266,41.1356201171875
-23.663814544677734,4.766368865966797,41.05755615234375
-23.795730590820312,4.740139007568359,40.98280334472656
-23.81575584411621,4.873912811279297,40.87620544433594
-23.876876831054688,4.845180511474609,40.746551513671875
-23.99048614501953,4.793972015380859,40.46946716308594
-24.209068298339844,4.770687103271484,40.279296875
-24.291309356689453,4.708675384521484,40.16064453125
-24.38013458251953,4.773502349853516,39.923828125
-24.37680435180664,4.727092742919922,39.9677734375
-24.446025848388672,4.720424652099609,40.0364990234375
-24.450008392333984,4.683361053466797,39.977508544921875
-24.56719970703125,4.710979461669922,39.94309997558594
-24.766193389892578,4.586208343505859,39.82478332519531
-24.738590240478516,4.581089019775391,39.665435791015625
-24.719205856323242,4.467250823974609,39.39466857910156
-24.845489501953125,4.492496490478516,39.19300842285156
-25.071533203125,4.517368316650391,38.928466796875
-25.172489166259766,4.395671844482422,38.7850341796875
-25.142276763916016,4.376613616943359,38.67652893066406
-25.196378707885742,4.258625030517578,38.32960510253906
-25.163026809692383,4.142398834228516,37.97911071777344
-25.19739532470703,4.033962249755859,37.777557373046875
-25.13106918334961,4.015010833740234,37.637969970703125
-25.17107391357422,3.821582794189453,37.43635559082031
-25.122127532958984,3.6673316955566406,37.33488464355469
-25.07436752319336,3.333545684814453,36.99278259277344
-24.966033935546875,3.152576446533203,36.651275634765625
-24.921415328979492,2.926219940185547,36.37779235839844
-24.691761016845703,2.8894081115722656,36.27348327636719
-24.68666648864746,2.833576202392578,35.96830749511719
-24.614381790161133,2.8000144958496094,35.74725341796875
-24.6818790435791,2.7908592224121094,35.766693115234375
-24.595117568969727,2.792461395263672,35.845611572265625
-24.563634872436523,2.7925453186035156,35.87640380859375
-24.487245559692383,2.6401634216308594,35.65162658691406
-24.52899169921875,2.5797653198242188,35.46379089355469
-24.500757217407227,2.591602325439453,35.28492736816406
-24.6074161529541,2.6091270446777344,34.97135925292969
-24.670421600341797,2.4800338745117188,34.70500183105469
-24.610206604003906,2.17584228515625,34.6556396484375
-24.560976028442383,1.9761199951171875,34.473663330078125
-24.534934997558594,1.9202919006347656,34.22615051269531
-24.65901756286621,1.8107681274414062,34.10247802734375
-24.814210891723633,1.7284736633300781,33.9747314453125
-24.94029426574707,1.7572746276855469,34.04405212402344
-25.223655700683594,1.8691520690917969,34.19468688964844
-25.46221351623535,1.8940200805664062,34.51304626464844
-25.67511749267578,2.033367156982422,34.78369140625
-25.87399673461914,2.146533966064453,35.19801330566406
-26.007862091064453,2.2539215087890625,35.404205322265625
-26.201557159423828,2.6088294982910156,35.65655517578125
-26.23802947998047,2.7736778259277344,35.86186218261719
-26.30591583251953,2.9568519592285156,36.00689697265625
-26.225759506225586,2.949108123779297,36.166046142578125
-26.20749855041504,3.010509490966797,36.400604248046875
-26.020288467407227,3.067150115966797,36.33470153808594
-25.85881805419922,3.165081024169922,36.25584411621094
-25.804031372070312,3.1297874450683594,36.39610290527344
-25.626434326171875,3.0217933654785156,36.567352294921875
-25.5490665435791,3.0210227966308594,36.54402160644531
-25.50885009765625,2.994037628173828,36.52320861816406
-25.567867279052734,3.043567657470703,36.31414794921875
-25.464664459228516,2.954822540283203,36.30961608886719
-25.322769165039062,2.859203338623047,36.30035400390625
-25.165813446044922,2.9668922424316406,36.43702697753906
-25.08373260498047,2.9582557678222656,36.608123779296875
-25.07265281677246,3.0409507751464844,36.57977294921875
-25.06444549560547,3.0402183532714844,36.44685363769531
-25.145540237426758,3.137928009033203,36.43382263183594
-25.091487884521484,3.1387596130371094,36.571197509765625
-25.1302490234375,3.1402015686035156,36.56660461425781
-25.17312240600586,3.1695594787597656,36.762542724609375
-25.191917419433594,3.102771759033203,36.89421081542969
-25.383546829223633,3.1157264709472656,36.945709228515625
-25.295316696166992,3.167438507080078,36.7802734375
-25.141963958740234,3.1625404357910156,36.76176452636719
-25.177635192871094,3.120616912841797,36.79173278808594
-25.099498748779297,3.2081642150878906,36.79029846191406
-25.138837814331055,3.2039222717285156,36.82933044433594
-25.133398056030273,3.129688262939453,36.62596130371094
-25.150678634643555,3.194652557373047,36.695404052734375
-25.137630462646484,3.1159019470214844,36.91184997558594
-25.118896484375,3.1646080017089844,36.954437255859375
-25.088401794433594,3.153186798095703,36.94847106933594
-25.063621520996094,3.126087188720703,36.82231140136719
-25.145578384399414,3.1262855529785156,36.756195068359375
-25.092426300048828,3.190906524658203,36.830810546875
-25.150972366333008,3.219066619873047,36.87608337402344
-25.020977020263672,3.447399139404297,36.88185119628906
-24.839191436767578,3.4685096740722656,36.95573425292969
-24.86665916442871,3.5955772399902344,37.00990295410156
-24.901525497436523,3.5354652404785156,37.13092041015625
-24.751846313476562,3.661449432373047,37.34403991699219
-24.66205596923828,3.634784698486328,37.42741394042969
-24.632343292236328,3.7223167419433594,37.38954162597656
-24.356761932373047,3.7928199768066406,37.57411193847656
-24.203062057495117,3.8974571228027344,37.75886535644531
-24.05876922607422,3.9771995544433594,38.07440185546875
-23.893665313720703,4.083446502685547,38.46018981933594
-23.828880310058594,4.137416839599609,38.85832214355469
-23.779333114624023,4.411121368408203,39.20368957519531
-23.514511108398438,4.557315826416016,39.58689880371094
-23.26502227783203,4.636997222900391,40.04881286621094
-22.992591857910156,4.881397247314453,40.45741271972656
-22.491710662841797,5.162509918212891,40.99211120605469
-22.173376083374023,5.503490447998047,41.591278076171875
-21.91333770751953,5.862438201904297,42.136077880859375
-21.799724578857422,6.323978424072266,42.65718078613281
-21.576631546020508,6.616695404052734,43.374114990234375
-21.15331268310547,7.096286773681641,44.04621887207031
-20.811206817626953,7.653583526611328,44.68922424316406
-20.35300064086914,8.096111297607422,45.3465576171875
-19.814682006835938,8.70145034790039,45.98609924316406
-19.333019256591797,9.15842056274414,46.66349792480469
-18.795621871948242,9.67184066772461,47.39283752441406
-18.388561248779297,10.30527114868164,48.1075439453125
-17.972156524658203,11.145206451416016,48.74717712402344
-17.38934326171875,12.05984878540039,49.37870788574219
-16.842567443847656,12.794109344482422,50.25502014160156
-16.597515106201172,13.886119842529297,51.22735595703125
-16.21350860595703,15.091121673583984,52.1773681640625
-15.927608489990234,16.398746490478516,53.34028625488281
-15.706066131591797,17.761241912841797,54.47233581542969
-15.59187126159668,19.450634002685547,55.66822814941406
-15.532625198364258,21.16727066040039,56.747344970703125
-15.617731094360352,22.713550567626953,57.73039245605469
-15.654232025146484,24.140033721923828,58.44148254394531
-15.817401885986328,25.431873321533203,59.05488586425781
-16.003215789794922,26.516132354736328,59.67616271972656
-16.15776252746582,27.559619903564453,60.11421203613281
-16.35665512084961,28.218997955322266,60.61187744140625
-16.55898094177246,28.83035659790039,60.78759765625
-16.682659149169922,29.435306549072266,61.01202392578125
-16.754396438598633,29.992740631103516,61.20634460449219
-16.913665771484375,30.480091094970703,61.35594177246094
-17.075544357299805,31.25107192993164,61.53974914550781
-17.06024742126465,31.848407745361328,61.63140869140625
-17.10228729248047,32.28303146362305,61.922882080078125
-17.245208740234375,32.92745590209961,62.082763671875
-17.392940521240234,33.4051628112793,62.242034912109375
-17.758644104003906,33.8707160949707,62.61408996582031
-18.142723083496094,34.405269622802734,62.7476806640625
-18.47225570678711,35.008480072021484,62.97941589355469
-18.852741241455078,35.55351638793945,63.13603210449219
-19.294021606445312,36.125118255615234,63.22296142578125
-19.648818969726562,36.82815933227539,63.338958740234375
-19.955379486083984,37.24935531616211,63.45928955078125
-20.203813552856445,37.683780670166016,63.63279724121094
-20.392358779907227,38.09744644165039,63.9395751953125
-20.45892333984375,38.53181838989258,64.06744384765625
-20.515113830566406,38.81413650512695,64.22810363769531
-20.61471176147461,39.135555267333984,64.34054565429688
-20.81130599975586,39.48440933227539,64.55049133300781
-20.892791748046875,39.774417877197266,64.54347229003906
-20.920085906982422,39.9802360534668,64.59991455078125
-20.959075927734375,40.07455825805664,64.66561889648438
-20.921857833862305,40.32583999633789,64.56082153320312
-20.884422302246094,40.339237213134766,64.58384704589844
-20.866737365722656,40.524967193603516,64.3819580078125
-20.927005767822266,40.67210006713867,64.44187927246094
-21.002941131591797,40.94456100463867,64.50662231445312
-21.06866455078125,41.16591262817383,64.64639282226562
-21.146183013916016,41.4173698425293,64.67567443847656
-21.270465850830078,41.51408767700195,64.70542907714844
-21.302757263183594,41.66395950317383,64.66204833984375
-21.3759822845459,41.77688980102539,64.6097412109375
-21.211414337158203,41.70975875854492,64.58218383789062
-20.902406692504883,41.57829666137695,64.54801940917969
-20.691720962524414,41.27579879760742,64.48052978515625
-20.56096649169922,40.91207504272461,64.52809143066406
-20.573837280273438,40.63516616821289,64.63282775878906
-20.877613067626953,40.463619232177734,64.71641540527344
-21.28150749206543,40.39041519165039,64.56478881835938
-21.53144645690918,40.33957290649414,64.39553833007812
-21.692584991455078,40.377017974853516,64.24601745605469
-21.89205551147461,40.39993667602539,64.22520446777344
-22.074251174926758,40.34303665161133,64.11654663085938
-22.281452178955078,40.37697982788086,64.07127380371094
-22.317630767822266,40.47609329223633,64.14370727539062
-22.453330993652344,40.55733871459961,64.28138732910156
-22.64413070678711,40.5339241027832,64.34346008300781
-22.64576530456543,40.63998794555664,64.36131286621094
-22.63821792602539,40.410160064697266,64.32450866699219
-22.602230072021484,40.293148040771484,64.31243896484375
-22.522890090942383,40.16520309448242,64.36219787597656
-22.630634307861328,39.98587417602539,64.406982421875
-22.876007080078125,39.92562484741211,64.2803955078125
-22.993064880371094,39.74199295043945,64.28248596191406
-22.944271087646484,39.6793327331543,64.17851257324219
-22.793933868408203,39.821903228759766,64.12661743164062
-22.779842376708984,39.87587356567383,64.10256958007812
-22.9161376953125,39.7161979675293,64.09968566894531
-23.031513214111328,39.72934341430664,64.11294555664062
-22.99066925048828,39.70478439331055,64.02926635742188
-22.825706481933594,39.70121383666992,64.13142395019531
-22.741107940673828,39.65249252319336,64.04283142089844
-22.66556167602539,39.46456527709961,64.08029174804688
-22.568378448486328,39.56473159790039,64.34713745117188
-22.517229080200195,39.68037033081055,64.36155700683594
-22.466691970825195,39.752864837646484,64.35107421875
-22.448871612548828,39.68600082397461,64.28221130371094
-22.463653564453125,39.654659271240234,64.32464599609375
-22.346803665161133,39.60874557495117,64.28475952148438
-22.365081787109375,39.60226058959961,64.20994567871094
-22.355152130126953,39.56095504760742,64.271240234375
-22.298969268798828,39.59604263305664,64.24075317382812
-22.13581085205078,39.73489761352539,64.24449157714844
-22.19448471069336,39.8277473449707,64.26927185058594
-22.205692291259766,39.8513298034668,64.17704772949219
-22.245920181274414,39.87575912475586,64.0989990234375
-22.119773864746094,39.83205032348633,64.0528564453125
-21.950870513916016,39.92209243774414,64.05274963378906
-21.866622924804688,39.84390640258789,64.07756042480469
-21.847078323364258,39.847591400146484,64.08377075195312
-21.889217376708984,39.794612884521484,64.10319519042969
-21.9359130859375,39.60988998413086,64.16775512695312
-21.910625457763672,39.60576248168945,64.27252197265625
-21.818252563476562,39.60686111450195,64.25070190429688
-21.771461486816406,39.80147933959961,64.33256530761719
-21.928237915039062,39.8121223449707,64.26829528808594
-21.918855667114258,39.89030075073242,64.21086120605469
-21.961257934570312,39.9182014465332,64.29545593261719
-21.834003448486328,39.91267013549805,64.29409790039062
-21.930492401123047,39.84099197387695,64.09722900390625
-21.87424087524414,39.81252670288086,63.964569091796875
-22.12900161743164,39.9282112121582,63.88627624511719
-22.095993041992188,39.920169830322266,64.04942321777344
-21.913461685180664,39.94351577758789,64.02920532226562
-22.006256103515625,40.055912017822266,64.315185546875
-22.031795501708984,40.03114700317383,64.38592529296875
-22.07012939453125,40.02485275268555,64.39886474609375
-21.949676513671875,39.98836898803711,64.26148986816406
-21.954681396484375,40.06374740600586,64.37960815429688
-21.978832244873047,40.03105545043945,64.38699340820312
-22.035659790039062,39.88516616821289,64.37834167480469
-22.0445613861084,39.81686019897461,64.29002380371094
-22.205223083496094,39.81938552856445,64.35025024414062
-22.12725067138672,39.927364349365234,64.20832824707031
-22.176612854003906,40.02006149291992,64.26104736328125
-22.090091705322266,40.019649505615234,64.22000122070312
-22.002046585083008,40.05177688598633,64.36700439453125
-21.900259017944336,39.99064254760742,64.42695617675781
-21.962743759155273,40.019107818603516,64.43783569335938
-21.974971771240234,40.00613784790039,64.426025390625
-21.88873291015625,39.94741439819336,64.37538146972656
-21.95309829711914,39.95683670043945,64.45913696289062
-21.970008850097656,39.928897857666016,64.55088806152344
-21.991710662841797,40.038814544677734,64.53181457519531
-21.997535705566406,39.98179244995117,64.5145263671875
-21.903352737426758,40.01326370239258,64.51380920410156
-21.888620376586914,40.03237533569336,64.53359985351562
-21.786434173583984,39.95120620727539,64.52825927734375
-21.806320190429688,40.029727935791016,64.40003967285156
-21.93824577331543,40.03693771362305,64.42622375488281
-21.957725524902344,39.78750991821289,64.31271362304688
-21.982221603393555,39.7045783996582,64.37850952148438
-21.905315399169922,39.761051177978516,64.27357482910156
-21.859508514404297,39.80830001831055,64.38302612304688
-21.898738861083984,39.96548843383789,64.39750671386719
-21.900798797607422,39.9390983581543,64.40415954589844
-21.9549503326416,39.88838577270508,64.35258483886719
-21.90567398071289,39.872493743896484,64.31314086914062
-21.868955612182617,39.87704849243164,64.2791748046875
-22.062152862548828,39.91281509399414,64.32722473144531
-22.091060638427734,39.846858978271484,64.24198913574219
-22.075973510742188,39.88643264770508,64.24339294433594
-22.033428192138672,39.86996841430664,64.18844604492188
-21.974990844726562,40.00906753540039,64.11662292480469
-22.032852172851562,39.91616439819336,64.03668212890625
-22.027563095092773,39.876399993896484,64.08775329589844
-22.036876678466797,39.979061126708984,64.06379699707031
-22.113601684570312,39.934513092041016,64.25880432128906
-22.049999237060547,39.99881362915039,64.36952209472656
-22.107807159423828,40.012386322021484,64.374267578125
-22.130199432373047,40.12163162231445,64.37223815917969
-22.116485595703125,40.26597213745117,64.35595703125
-21.98716926574707,40.046138763427734,64.4002685546875
-21.95953369140625,39.88045883178711,64.27490234375
-21.884241104125977,39.862789154052734,64.08123779296875
-21.894784927368164,39.83060836791992,64.11723327636719
-21.931766510009766,39.99564743041992,64.03427124023438
-21.929149627685547,39.9441032409668,64.16633605957031
-22.06703758239746,40.0196418762207,64.31263732910156
-22.08676528930664,40.04648971557617,64.44685363769531
-22.062435150146484,39.93088150024414,64.37046813964844
-22.080333709716797,39.88393783569336,64.37593078613281
-22.153053283691406,39.89308547973633,64.43475341796875
-22.15066146850586,39.814273834228516,64.24723815917969
-22.151826858520508,39.88590621948242,64.23516845703125
-22.194435119628906,39.86661911010742,64.23252868652344
-22.251426696777344,39.8490104675293,64.06765747070312
-22.188190460205078,40.00166702270508,64.18742370605469
-22.200679779052734,39.96414566040039,64.37753295898438
-22.21613311767578,40.00949478149414,64.36451721191406
-22.184303283691406,40.13199234008789,64.22061157226562
-22.1932430267334,40.013492584228516,64.35574340820312
-22.30316925048828,40.019718170166016,64.33505249023438
-22.35036849975586,39.99314498901367,64.4024658203125
-22.297914505004883,40.071048736572266,64.23928833007812
-22.23326301574707,40.11054611206055,64.30278015136719
-22.202266693115234,40.06637191772461,64.36454772949219
-22.1297607421875,40.11110305786133,64.41659545898438
-21.998523712158203,39.996646881103516,64.44157409667969
-21.935213088989258,39.998104095458984,64.44873046875
-21.919857025146484,40.031551361083984,64.35847473144531
-22.056533813476562,40.05281448364258,64.40696716308594
-22.223663330078125,40.201351165771484,64.3944091796875
-22.257354736328125,40.25484085083008,64.48135375976562
-22.037349700927734,40.23894119262695,64.47117614746094
-22.008636474609375,40.23099136352539,64.54319763183594
-22.004634857177734,40.117069244384766,64.53462219238281
-22.067169189453125,40.20442581176758,64.55606079101562
-22.093852996826172,40.20486068725586,64.44427490234375
-22.051267623901367,40.22282028198242,64.44529724121094
-22.02716064453125,40.2790412902832,64.41685485839844
-21.95733642578125,40.16984176635742,64.41307067871094
-21.941970825195312,40.09440994262695,64.38728332519531
-22.080303192138672,40.145565032958984,64.47196960449219
-22.11079978942871,40.253963470458984,64.51327514648438
-22.193172454833984,40.25226974487305,64.41246032714844
-22.233428955078125,40.27216720581055,64.3448486328125
-22.19407081604004,40.21249008178711,64.36814880371094
-22.12669563293457,40.2238655090332,64.37449645996094
-22.090862274169922,40.2597541809082,64.31201171875
-22.229175567626953,40.20014572143555,64.31919860839844
-22.1578426361084,40.091182708740234,64.33570861816406
-21.9844970703125,40.14216995239258,64.26295471191406
-21.890079498291016,40.15797805786133,64.11672973632812
-21.90750503540039,40.032283782958984,63.9349365234375
-21.968299865722656,39.970760345458984,64.03526306152344
-22.115283966064453,39.961307525634766,64.16487121582031
-22.190486907958984,39.9664421081543,64.19158935546875
-22.159799575805664,40.06717300415039,64.31973266601562
-22.230730056762695,40.115230560302734,64.40731811523438
-22.118167877197266,40.06411361694336,64.4312744140625
-22.118167877197266,40.06411361694336,64.4312744140625
-22.017711639404297,40.033756256103516,64.36709594726562
-21.991214752197266,39.94919204711914,64.41586303710938
-21.991436004638672,39.9760856628418,64.32331848144531
-21.931875228881836,40.03360366821289,64.14602661132812
-21.978519439697266,39.992130279541016,64.05868530273438
-22.07129669189453,40.042537689208984,64.21826171875
-22.096338272094727,40.04240798950195,64.38688659667969
-21.994972229003906,40.13375473022461,64.33485412597656
-22.092002868652344,40.14675521850586,64.50396728515625
-22.05537986755371,40.06196212768555,64.46682739257812
-22.173046112060547,40.14358139038086,64.4305419921875
-22.155685424804688,40.13899612426758,64.39532470703125
-22.119253158569336,40.05592727661133,64.34483337402344
-22.087074279785156,40.148311614990234,64.3238525390625
-22.09304428100586,40.083736419677734,64.38755798339844
-22.06856918334961,40.18509292602539,64.41604614257812
-22.04953956604004,40.22993850708008,64.38473510742188
-22.08773422241211,40.27913284301758,64.30824279785156
-22.220579147338867,40.24384689331055,64.21450805664062
-22.212703704833984,40.257381439208984,64.28306579589844
-22.209972381591797,40.23282241821289,64.50831604003906
-22.255849838256836,40.27791213989258,64.53047180175781
-22.25121307373047,40.215641021728516,64.49710083007812
-22.274017333984375,40.113101959228516,64.53126525878906
-22.245935440063477,40.159061431884766,64.52145385742188
-22.26236343383789,40.090396881103516,64.49893188476562
-22.223133087158203,40.11030197143555,64.56369018554688
-22.18643569946289,40.162723541259766,64.5413818359375
-22.198402404785156,39.896724700927734,64.44163513183594
-22.07797622680664,39.860164642333984,64.56185913085938
-22.089298248291016,39.92025375366211,64.56022644042969
-22.12921142578125,39.96517562866211,64.53279113769531
-22.023353576660156,39.93979263305664,64.49745178222656
-21.9130802154541,39.92586135864258,64.55215454101562
-21.918264389038086,39.98355484008789,64.47923278808594
-21.913692474365234,39.97616958618164,64.43292236328125
-21.92810821533203,40.05864334106445,64.4124755859375
-21.86880111694336,40.19784164428711,64.43778991699219
-21.929414749145508,40.12864303588867,64.3907470703125
-21.920631408691406,40.05440139770508,64.53450012207031
-21.891660690307617,39.97292709350586,64.62347412109375
-21.907114028930664,39.97166061401367,64.72695922851562
-21.878524780273438,40.10564041137695,64.7545166015625
-21.939233779907227,40.06586837768555,64.75930786132812
-21.976280212402344,40.06333541870117,64.879638671875
-21.899246215820312,40.05678939819336,64.87159729003906
-21.902023315429688,40.04851150512695,64.75865173339844
-21.983341217041016,40.03165054321289,64.56475830078125
-22.08266830444336,39.974727630615234,64.63224792480469
-22.027725219726562,39.99531173706055,64.67227172851562
-21.924453735351562,39.97612380981445,64.72434997558594
-21.923072814941406,40.05686569213867,64.81416320800781
-21.96465301513672,40.08845901489258,64.87979125976562
-21.829208374023438,40.12726974487305,64.78561401367188
-21.831321716308594,40.19614028930664,64.75425720214844
-21.91197967529297,40.23086929321289,64.54789733886719
-21.912208557128906,40.16144943237305,64.42333984375
-22.050853729248047,40.17457962036133,64.41200256347656
-22.051450729370117,40.0998420715332,64.3594970703125
-22.095481872558594,40.16263961791992,64.33599853515625
-22.039199829101562,40.1746940612793,64.31875610351562
-22.131282806396484,40.091548919677734,64.341064453125
-22.193992614746094,40.16599655151367,64.32914733886719
-22.258899688720703,40.10707473754883,64.4417724609375
-22.182849884033203,40.071048736572266,64.50616455078125
-22.09235954284668,39.98545455932617,64.68479919433594
-22.23688316345215,39.98936080932617,64.72134399414062
-22.25411033630371,40.00765609741211,64.753662109375
-22.27410888671875,40.0095329284668,64.7618408203125
-22.287193298339844,39.964664459228516,64.66947937011719
-22.357885360717773,39.96931838989258,64.73297119140625
-22.31290054321289,40.00564193725586,64.55123901367188
-22.18814468383789,39.99201583862305,64.51689147949219
-22.14020538330078,39.843929290771484,64.55584716796875
-22.072635650634766,39.90317916870117,64.45683288574219
-22.004337310791016,40.00661087036133,64.38172912597656
-21.91158676147461,39.89224624633789,64.39418029785156
-21.945085525512695,39.90353775024414,64.418701171875
-22.259098052978516,39.84513473510742,64.41421508789062
-22.340282440185547,39.80790328979492,64.36007690429688
-22.321176528930664,39.788639068603516,64.41642761230469
-22.240341186523438,39.72172164916992,64.35917663574219
-22.258739471435547,39.67551803588867,64.26841735839844
-22.090904235839844,39.76663589477539,64.21733093261719
-22.08319854736328,39.7236213684082,64.34292602539062
-22.068832397460938,39.83217239379883,64.32962036132812
-22.22426986694336,39.88264083862305,64.35307312011719
-22.101364135742188,39.89780044555664,64.3282470703125
-22.116172790527344,39.9111213684082,64.375
-22.168109893798828,39.7485237121582,64.34927368164062
-22.1119384765625,39.75822067260742,64.50418090820312
-22.13601303100586,39.77725601196289,64.4996337890625
-22.094867706298828,39.83625411987305,64.43841552734375
-21.980186462402344,39.954280853271484,64.439697265625
-21.968833923339844,40.04550552368164,64.44090270996094
-21.961116790771484,40.1330451965332,64.25419616699219
-21.99802017211914,40.02177047729492,64.2359619140625
-22.03189468383789,40.00910568237305,64.31411743164062
-21.917814254760742,40.0340690612793,64.35386657714844
-21.97291374206543,39.92705154418945,64.44715881347656
-22.045021057128906,39.8776741027832,64.45574951171875
-22.097286224365234,39.901302337646484,64.19134521484375
-22.047222137451172,39.874820709228516,64.1083984375
-22.006240844726562,39.88212966918945,64.18394470214844
-22.050861358642578,39.9802360534668,64.1737060546875
-22.068134307861328,39.8925895690918,64.07965087890625
-22.201475143432617,39.819637298583984,64.20597839355469
-22.294288635253906,39.82789993286133,64.42333984375
-22.319242477416992,39.84323501586914,64.38291931152344
-22.25544548034668,39.86207962036133,64.38888549804688
-22.2138729095459,39.83901596069336,64.43251037597656
-22.202226638793945,39.85273361206055,64.4063720703125
-22.21811294555664,39.86739730834961,64.40167236328125
-22.36212921142578,39.95973587036133,64.32601928710938
-22.313072204589844,39.941226959228516,64.08456420898438
-22.241374969482422,40.02714920043945,64.21098327636719
-22.34161376953125,39.9146842956543,64.33413696289062
-22.398971557617188,39.87954330444336,64.22787475585938
-22.387012481689453,39.84086990356445,64.09906005859375
-22.390880584716797,39.831058502197266,64.13037109375
-22.30721664428711,39.99160385131836,64.23175048828125
-22.196809768676758,40.00564956665039,64.14808654785156
-22.19849395751953,39.98031997680664,64.22746276855469
-22.16077995300293,40.06955337524414,64.1317138671875
-22.20877456665039,40.19340133666992,64.17172241210938
-22.258150100708008,40.24613571166992,64.31439208984375
-22.196544647216797,40.11704635620117,64.32623291015625
-22.06403350830078,40.105594635009766,64.37644958496094
-22.016494750976562,40.07156753540039,64.39906311035156
-21.89785385131836,40.058528900146484,64.4102783203125
-21.89948844909668,40.11361312866211,64.40316772460938
-22.023338317871094,40.06928634643555,64.34504699707031
-22.121997833251953,40.15181350708008,64.3260498046875
-22.16584014892578,40.021854400634766,64.41348266601562
-22.045928955078125,40.02934646606445,64.40756225585938
-22.040443420410156,40.005558013916016,64.41690063476562
-22.15191650390625,39.959041595458984,64.25274658203125
-22.226150512695312,39.95743942260742,64.20411682128906
-22.217248916625977,39.98311233520508,64.16639709472656
-22.192401885986328,40.13166427612305,64.25242614746094
-22.258926391601562,40.11945724487305,64.19111633300781
-22.215442657470703,40.095943450927734,64.0699462890625
-22.121185302734375,40.01262283325195,64.14552307128906
-22.036067962646484,40.0415153503418,64.36495971679688
-22.095033645629883,40.01924514770508,64.26255798339844
-22.104808807373047,40.00334548950195,64.17056274414062
-22.121986389160156,39.956356048583984,64.17683410644531
-22.228679656982422,40.126773834228516,64.24815368652344
-22.09271812438965,40.165096282958984,64.13636779785156
-22.086551666259766,40.03543472290039,64.16549682617188
-22.106355667114258,40.00954818725586,64.08412170410156
-22.135417938232422,40.0427131652832,64.09284973144531
-22.155414581298828,39.90591049194336,64.07728576660156
-22.256040573120117,39.87228775024414,64.19793701171875
-22.264846801757812,39.964839935302734,64.38017272949219
-22.233097076416016,40.021121978759766,64.25212097167969
-22.200931549072266,40.00394821166992,64.368896484375
-22.170434951782227,40.01813888549805,64.2237548828125
-22.117185592651367,39.9498176574707,64.39096069335938
-22.105884552001953,39.85520553588867,64.37872314453125
-22.100757598876953,39.8841667175293,64.47279357910156
-22.111480712890625,39.9236946105957,64.5955810546875
-22.126747131347656,40.02152633666992,64.65461730957031
-22.056427001953125,40.049068450927734,64.62284851074219
-22.179203033447266,39.98508071899414,64.46534729003906
-22.206844329833984,40.03705978393555,64.3675537109375
-21.981502532958984,40.11061477661133,64.38998413085938
-22.082603454589844,40.16191482543945,64.42050170898438
-22.145971298217773,40.27762985229492,64.43313598632812
-22.21489715576172,40.12702560424805,64.52021789550781
-22.234928131103516,40.10799789428711,64.55862426757812
-22.253116607666016,40.06413650512695,64.5208740234375
-22.235675811767578,40.15608596801758,64.372314453125
-22.203323364257812,40.17563247680664,64.3406982421875
-22.176279067993164,40.170833587646484,64.40615844726562
-22.153079986572266,40.0099983215332,64.39785766601562
-22.069740295410156,39.99959182739258,64.28182983398438
-22.03191566467285,40.09469985961914,64.23066711425781
-22.132678985595703,40.24457931518555,64.34046936035156
-22.210796356201172,40.26857376098633,64.36463928222656
-22.2706241607666,40.27558517456055,64.39546203613281
-22.301799774169922,40.21732711791992,64.34550476074219
-22.20794105529785,40.2740592956543,64.37619018554688
-22.071117401123047,40.3948860168457,64.39535522460938
-22.199695587158203,40.29660415649414,64.54216003417969
-22.183563232421875,40.30109786987305,64.39772033691406
-22.267261505126953,40.309810638427734,64.3841552734375
-22.332366943359375,40.15126419067383,64.40875244140625
-22.225570678710938,40.13381576538086,64.48477172851562
-22.273900985717773,40.069583892822266,64.52452087402344
-22.224245071411133,40.04050064086914,64.3770751953125
-22.24614715576172,40.008235931396484,64.29893493652344
-22.2293701171875,39.965335845947266,64.21214294433594
-22.213611602783203,39.95328903198242,64.35960388183594
-22.261306762695312,39.99168014526367,64.52719116210938
-22.21265983581543,39.96406173706055,64.53985595703125
-22.180736541748047,40.03293991088867,64.53094482421875
-22.266555786132812,40.033870697021484,64.40948486328125
-22.209754943847656,40.077632904052734,64.11854553222656
-22.063175201416016,40.039859771728516,64.15473937988281
-21.92607307434082,39.97372817993164,64.25804138183594
-22.0598201751709,40.042232513427734,64.1273193359375
-22.072898864746094,40.15349197387695,64.19732666015625
-22.125545501708984,40.129451751708984,64.2025146484375
-22.052963256835938,40.10456466674805,64.20001220703125
-22.219327926635742,40.0034294128418,64.37640380859375
-22.23320770263672,39.98903274536133,64.38551330566406
-22.245128631591797,39.90530014038086,64.31910705566406
-22.25724220275879,39.87314987182617,64.24317932128906
-22.206459045410156,39.9118766784668,64.11909484863281
-22.18560028076172,40.0159797668457,64.05198669433594
-22.22637176513672,40.00740432739258,64.04548645019531
-22.253454208374023,39.94948196411133,64.09806823730469
-22.18303680419922,39.986820220947266,64.06858825683594
-22.030071258544922,39.94111251831055,64.28224182128906
-21.965499877929688,40.0274543762207,64.36405944824219
-22.080223083496094,39.95560836791992,64.24249267578125
-22.041873931884766,39.84079360961914,64.08187866210938
-21.9093017578125,39.85459518432617,64.11006164550781
-21.909984588623047,39.90254592895508,64.26411437988281
-21.99334716796875,39.85196304321289,64.35092163085938
-22.013164520263672,39.89107894897461,64.34049987792969
-22.080644607543945,39.91434097290039,64.16796875
-22.069339752197266,39.85807418823242,64.0289306640625
-22.060609817504883,39.9542121887207,63.90167236328125
-22.10674476623535,40.01545333862305,63.8953857421875
-22.02224349975586,40.0239372253418,63.94129943847656
-22.052085876464844,40.02889633178711,63.96189880371094
-21.970542907714844,40.05820846557617,63.88427734375
-21.8980712890625,40.08818435668945,63.88566589355469
-21.89102554321289,40.07168197631836,64.06346130371094
-21.881574630737305,40.066890716552734,64.0887451171875
-21.885150909423828,39.9763069152832,64.06564331054688
-21.996170043945312,39.95164108276367,64.19352722167969
-22.16012191772461,40.023006439208984,64.27876281738281
-22.05510711669922,39.9478645324707,64.19880676269531
-22.06807518005371,39.96614456176758,64.13705444335938
-22.011226654052734,39.987979888916016,64.24151611328125
-21.91413688659668,39.952701568603516,64.18429565429688
-21.930912017822266,39.94620895385742,64.11676025390625
-21.901594161987305,40.002506256103516,64.05618286132812
-21.90164566040039,40.0301628112793,64.21514892578125
-21.8870849609375,40.007694244384766,64.35552978515625
-21.755870819091797,40.08524703979492,64.3018798828125
-21.686573028564453,40.102169036865234,64.18064880371094
-21.741527557373047,40.0197639465332,64.03562927246094
-21.742889404296875,39.927181243896484,63.92414855957031
-21.765403747558594,39.87850570678711,63.90892028808594
-21.89059829711914,39.85454177856445,63.79481506347656
-21.99441146850586,39.92631912231445,63.71791076660156
-22.130783081054688,40.00407028198242,63.76287841796875
-22.10726547241211,39.99960708618164,63.77323913574219
-22.081512451171875,39.963993072509766,63.825164794921875
-22.075897216796875,39.89896011352539,64.03695678710938
-21.926616668701172,39.88082504272461,64.04798889160156
-22.04595947265625,39.90639877319336,63.98481750488281
-22.177993774414062,39.9587287902832,63.84783935546875
-22.22018814086914,39.93657302856445,63.81452941894531
-22.15435791015625,40.0018424987793,63.9156494140625
-22.042747497558594,40.01272201538086,63.91473388671875
-22.088233947753906,40.08707046508789,63.8531494140625
-21.945289611816406,40.076358795166016,63.879150390625
-21.971805572509766,40.10097885131836,63.89601135253906
-21.85067367553711,40.010318756103516,64.02976989746094
-21.758342742919922,40.0404167175293,64.10899353027344
-21.908565521240234,40.05210494995117,64.15162658691406
-21.947532653808594,40.01333236694336,64.19514465332031
-21.868663787841797,39.98618698120117,63.98931884765625
-21.923503875732422,39.984683990478516,63.77644348144531
-21.964675903320312,39.95582962036133,63.8328857421875
-21.94607925415039,40.07319259643555,63.89756774902344
-22.03647804260254,40.075008392333984,63.90510559082031
-22.011859893798828,40.106990814208984,63.9833984375
-22.001405715942383,40.13883590698242,64.08219909667969
-22.172016143798828,39.97994613647461,63.94044494628906
-22.15790557861328,39.94913101196289,63.92913818359375
-22.170316696166992,39.954837799072266,63.884063720703125
-22.243778228759766,39.875362396240234,63.863372802734375
-22.124042510986328,39.902278900146484,63.87626647949219
-22.12391471862793,39.87150955200195,63.92631530761719
-22.046003341674805,39.888118743896484,63.903564453125
-22.045978546142578,39.84805679321289,63.82829284667969
-22.001705169677734,39.81087875366211,63.888763427734375
-21.910106658935547,39.753787994384766,63.93986511230469
-21.957075119018555,39.75168991088867,63.973541259765625
-21.906475067138672,39.68691635131836,63.913177490234375
-21.859600067138672,39.72946548461914,63.950164794921875
-21.9425048828125,39.83195877075195,64.08311462402344
-21.896717071533203,39.86129379272461,64.02989196777344
-21.883337020874023,39.95479202270508,63.9622802734375
-22.033924102783203,39.9706916809082,64.00637817382812
-22.047670364379883,39.85914993286133,63.9697265625
-21.965770721435547,39.82864761352539,63.900970458984375
-22.03277015686035,39.98151779174805,63.80754089355469
-22.091148376464844,40.02145004272461,63.77427673339844
-21.92833709716797,40.1702766418457,63.7247314453125
-21.90705108642578,40.22810745239258,63.68995666503906
-21.902400970458984,40.30094528198242,63.6898193359375
-21.987924575805664,40.26143264770508,63.68415832519531
-22.028104782104492,40.21694564819336,63.86773681640625
-21.91691017150879,40.25566482543945,64.00633239746094
-22.025196075439453,40.272525787353516,64.00933837890625
-22.134193420410156,40.355594635009766,63.77613830566406
-22.033615112304688,40.407840728759766,63.6966552734375
-22.08432388305664,40.374691009521484,63.81024169921875
-22.140501022338867,40.331783294677734,63.88359069824219
-22.21440887451172,40.31186294555664,63.84368896484375
-22.161258697509766,40.30887985229492,64.03923034667969
-22.10525131225586,40.3100471496582,64.21463012695312
-22.07159423828125,40.12156295776367,64.36473083496094
-22.066349029541016,39.91106033325195,64.41656494140625
-22.084745407104492,39.839229583740234,64.36085510253906
-21.924179077148438,39.87126541137695,64.21743774414062
-21.898117065429688,39.90647506713867,64.25648498535156
-21.895580291748047,39.93168258666992,64.25425720214844
-21.997270584106445,39.97529220581055,64.29888916015625
-21.954429626464844,39.855533599853516,64.40786743164062
-21.961252212524414,39.88413619995117,64.23326110839844
-22.031156539916992,39.8637809753418,64.071533203125
-22.08648681640625,39.99583053588867,64.061279296875
-22.145471572875977,39.87728500366211,64.11143493652344
-22.20431900024414,39.944034576416016,64.142822265625
-22.24673080444336,39.98398208618164,64.17575073242188
-22.310455322265625,39.965694427490234,64.28932189941406
-22.35851287841797,39.98031997680664,64.39788818359375
-22.33306884765625,40.01310348510742,64.35269165039062
-22.403940200805664,39.96810531616211,64.40426635742188
-22.362163543701172,39.94377517700195,64.23030090332031
-22.38005256652832,39.96626663208008,64.37590026855469
-22.414005279541016,39.94780349731445,64.39845275878906
-22.491859436035156,40.01326370239258,64.42678833007812
-22.616771697998047,39.9483528137207,64.40766906738281
-22.726715087890625,40.0490608215332,64.40821838378906
-22.772218704223633,40.14982986450195,64.31565856933594
-22.79369354248047,40.089656829833984,64.28501892089844
-22.825862884521484,40.09675216674805,64.21876525878906
-22.794334411621094,40.12443161010742,64.23895263671875
-22.82147216796875,40.201725006103516,64.35641479492188
-22.77206039428711,40.26949691772461,64.33587646484375
-22.78429412841797,40.27907943725586,64.33302307128906
-22.94647216796875,40.073978424072266,64.34565734863281
-23.013185501098633,39.99513626098633,64.36830139160156
-23.098159790039062,40.023555755615234,64.39253234863281
-23.112749099731445,40.0357780456543,64.33718872070312
-23.074405670166016,39.922237396240234,64.34440612792969
-23.079505920410156,39.87114334106445,64.38121032714844
-23.227210998535156,39.84282302856445,64.42353820800781
-23.26614761352539,39.78975296020508,64.35317993164062
-23.26614761352539,39.78975296020508,64.35317993164062
-23.308025360107422,39.78432083129883,64.36408996582031
-23.357723236083984,39.63361740112305,64.34210205078125
-23.321992874145508,39.34115982055664,64.34519958496094
-23.453468322753906,38.81648635864258,64.02162170410156
-23.482995986938477,37.98740005493164,63.68785095214844
-23.540761947631836,36.93417739868164,63.33935546875
-23.673328399658203,35.7682991027832,63.020782470703125
-23.9012451171875,34.6536750793457,62.900665283203125
-23.99934196472168,33.892452239990234,62.48689270019531
-24.01970672607422,33.36735153198242,62.28730773925781
-24.027271270751953,32.92396926879883,62.112213134765625
-24.15106201171875,32.634952545166016,62.243255615234375
-24.23111343383789,32.397884368896484,62.2818603515625
-24.184036254882812,32.22836685180664,62.31373596191406
-24.025115966796875,32.26166915893555,62.166015625
-23.906856536865234,32.25028610229492,62.12940979003906
-23.921524047851562,32.25851821899414,62.26202392578125
-23.785308837890625,32.21036148071289,62.42234802246094
-23.365211486816406,32.365970611572266,62.434173583984375
-22.756275177001953,32.40055465698242,62.40728759765625
-22.164663314819336,32.36490249633789,62.50767517089844
-21.405391693115234,32.589534759521484,62.72467041015625
-20.564804077148438,32.76777267456055,62.71675109863281
-19.449249267578125,32.94330978393555,62.861907958984375
-18.20197296142578,33.07161331176758,62.8587646484375
-17.02358055114746,33.37686538696289,62.76713562011719
-15.929176330566406,33.8375129699707,62.932952880859375
-14.994571685791016,34.41135025024414,62.95356750488281
-14.096298217773438,35.01816177368164,63.16392517089844
-13.409578323364258,35.43034744262695,63.315826416015625
-12.98114013671875,35.651065826416016,63.20277404785156
-12.750240325927734,35.3868522644043,62.95109558105469
-12.609649658203125,34.622676849365234,62.6651611328125
-12.363946914672852,33.277469635009766,62.252532958984375
-12.038833618164062,31.474613189697266,61.568756103515625
-11.562149047851562,29.452091217041016,60.7327880859375
-10.972440719604492,27.213008880615234,59.53857421875
-10.313699722290039,24.774456024169922,58.25970458984375
-9.789468765258789,22.29263687133789,56.84477233886719
-9.288139343261719,19.95278549194336,55.43605041503906
-9.016166687011719,17.77200698852539,53.796478271484375
-9.032770156860352,15.788936614990234,52.063201904296875
-9.273073196411133,13.82436752319336,50.22431945800781
-9.58016586303711,11.938480377197266,48.384429931640625
-9.999784469604492,10.282085418701172,46.60322570800781
-10.551748275756836,8.765743255615234,44.9664306640625
-11.206304550170898,7.301197052001953,43.31510925292969
-11.906599044799805,5.975261688232422,41.569091796875
-12.82778549194336,4.769916534423828,39.951141357421875
-13.859704971313477,3.6453590393066406,38.05455017089844
-14.901285171508789,2.6983489990234375,36.06932067871094
-15.995819091796875,1.8660354614257812,34.42523193359375
-17.148170471191406,1.1353874206542969,32.73316955566406
-18.30754852294922,0.4943351745605469,31.06890869140625
-19.441360473632812,-0.07718276977539062,29.475006103515625
-20.49571990966797,-0.5035934448242188,27.846176147460938
-21.594928741455078,-0.8814468383789062,26.244277954101562
-22.479084014892578,-1.1035957336425781,24.664932250976562
-23.50916290283203,-1.3587989807128906,23.276840209960938
-24.408367156982422,-1.490325927734375,22.137298583984375
-25.354650497436523,-1.5203056335449219,20.874969482421875
-26.23468780517578,-1.7927513122558594,19.6585693359375
-26.951190948486328,-1.9553413391113281,18.529586791992188
-27.56876564025879,-1.9234352111816406,17.775299072265625
-28.096115112304688,-1.8272781372070312,17.24652099609375
-28.840166091918945,-1.7066764831542969,16.9920654296875
-29.292768478393555,-1.6545257568359375,16.890411376953125
-29.88400650024414,-1.5134620666503906,16.992706298828125
-30.31854248046875,-1.3334236145019531,17.20263671875
-30.474973678588867,-1.1505165100097656,17.32562255859375
-30.673215866088867,-0.9757614135742188,17.350601196289062
-30.7827205657959,-0.9961395263671875,17.540054321289062
-30.759437561035156,-0.8656082153320312,17.8082275390625
-30.756010055541992,-0.7885704040527344,17.984939575195312
-30.909103393554688,-0.7629432678222656,18.00341796875
-30.924543380737305,-0.7196617126464844,18.0577392578125
-30.980581283569336,-0.6582870483398438,18.017807006835938
-30.982688903808594,-0.6488418579101562,18.009674072265625
-31.06793212890625,-0.7062911987304688,17.867355346679688
-31.159303665161133,-0.7307167053222656,17.907257080078125
-31.14764976501465,-0.7258682250976562,17.917709350585938
-31.061622619628906,-0.6403160095214844,18.011123657226562
-30.924636840820312,-0.6421012878417969,18.088088989257812
-30.93219566345215,-0.5923957824707031,18.288055419921875
-30.897483825683594,-0.4999809265136719,18.354995727539062
-30.908061981201172,-0.3879127502441406,18.407119750976562
-31.042871475219727,0.1118011474609375,18.443817138671875
-31.92226219177246,1.7281074523925781,17.711883544921875
-34.132598876953125,3.8474998474121094,16.038314819335938
-36.489891052246094,3.194873809814453,13.574462890625
-36.12006759643555,-3.8981895446777344,11.16558837890625
-30.86404800415039,-17.82001495361328,10.128204345703125
-23.469383239746094,-31.016857147216797,12.009231567382812
-19.421438217163086,-38.31111145019531,16.526962280273438
-18.541423797607422,-42.223175048828125,20.888412475585938
-17.992597579956055,-45.3841552734375,23.136032104492188
-16.697782516479492,-47.675697326660156,23.528564453125
-15.093193054199219,-48.9559326171875,23.063812255859375
-13.782936096191406,-49.316871643066406,22.2205810546875
-13.092947006225586,-49.21427917480469,21.463027954101562
-12.699012756347656,-48.85301971435547,20.96649169921875
-12.476282119750977,-48.43282699584961,20.8736572265625
-12.417213439941406,-48.051666259765625,20.8094482421875
-12.447046279907227,-47.738182067871094,20.919052124023438
-12.374956130981445,-47.55471420288086,21.09942626953125
-12.439964294433594,-47.452972412109375,21.2835693359375
-12.48792839050293,-47.09629440307617,21.646835327148438
-12.480304718017578,-46.85025405883789,21.993240356445312
-12.509092330932617,-46.63764190673828,22.175140380859375
-12.459060668945312,-46.60639953613281,22.43011474609375
-12.437191009521484,-46.53520965576172,22.519149780273438
-12.430683135986328,-46.46774673461914,22.62310791015625
-12.474699020385742,-46.402259826660156,22.537857055664062
-12.5185546875,-46.3963737487793,22.459625244140625
-12.454975128173828,-46.416629791259766,22.417572021484375
-12.417022705078125,-46.397361755371094,22.581512451171875
-12.35940170288086,-46.345924377441406,22.460372924804688
-12.25474739074707,-46.311058044433594,22.34222412109375
-12.214384078979492,-46.237022399902344,22.534820556640625
-12.239038467407227,-46.12279510498047,22.694198608398438
-12.065898895263672,-45.96574401855469,22.985015869140625
-11.907068252563477,-45.90568542480469,23.06903076171875
-11.77206802368164,-45.96357727050781,23.10540771484375
-11.718036651611328,-45.89797592163086,23.124191284179688
-11.689964294433594,-45.867557525634766,23.151718139648438
-11.668394088745117,-45.95758056640625,23.180908203125
-11.533151626586914,-46.145751953125,23.371505737304688
-11.513130187988281,-46.182212829589844,23.551788330078125
-11.398086547851562,-46.1798095703125,23.581787109375
-11.219768524169922,-46.17359924316406,23.498428344726562
-11.01565933227539,-46.15038299560547,23.284088134765625
-10.77396011352539,-46.31120681762695,23.315780639648438
-10.583446502685547,-46.397911071777344,23.3450927734375
-10.412641525268555,-46.481143951416016,23.345260620117188
-10.352806091308594,-46.5330924987793,23.271652221679688
-10.249889373779297,-46.50840759277344,23.268417358398438
-10.151599884033203,-46.68313217163086,23.209014892578125
-10.041448593139648,-46.6965217590332,22.919998168945312
-9.912084579467773,-46.8326416015625,22.791778564453125
-9.759414672851562,-47.016361236572266,22.462554931640625
-9.614849090576172,-47.109527587890625,22.3134765625
-9.335145950317383,-47.23176956176758,22.1514892578125
-9.177839279174805,-47.393009185791016,21.911026000976562
-8.928230285644531,-47.52141571044922,21.481674194335938
-8.482978820800781,-47.82251739501953,20.985137939453125
-8.161884307861328,-47.82984924316406,20.904739379882812
-7.818449020385742,-47.81269073486328,20.815139770507812
-7.62761116027832,-47.739585876464844,20.790496826171875
-7.534557342529297,-47.82612609863281,20.850204467773438
-7.610147476196289,-48.09050369262695,20.799942016601562
-7.754827499389648,-48.11105728149414,20.842422485351562
-7.942300796508789,-48.17243957519531,20.623260498046875
-7.941961288452148,-48.011497497558594,20.456314086914062
-8.076545715332031,-48.127323150634766,20.11651611328125
-8.2587890625,-48.219932556152344,19.796142578125
-8.519403457641602,-48.21831512451172,19.490753173828125
-8.71461296081543,-48.15400695800781,19.108993530273438
-9.052175521850586,-48.11585998535156,18.753677368164062
-9.285789489746094,-48.125099182128906,18.702224731445312
-9.557422637939453,-48.084259033203125,18.66595458984375
-9.707378387451172,-48.090091705322266,18.490234375
-9.84953498840332,-48.05020523071289,18.40765380859375
-10.064441680908203,-47.99256896972656,18.5439453125
-10.215139389038086,-47.883487701416016,18.821517944335938
-10.35212516784668,-47.871337890625,19.18402099609375
-10.452449798583984,-47.87657928466797,19.508712768554688
-10.380653381347656,-47.8338508605957,19.8922119140625
-10.307680130004883,-47.809226989746094,20.248046875
-10.424768447875977,-47.745201110839844,20.349365234375
-10.359272003173828,-47.73253631591797,20.430374145507812
-10.315118789672852,-47.74610137939453,20.454727172851562
-10.118694305419922,-47.727596282958984,20.470748901367188
-9.908548355102539,-47.78529357910156,20.489166259765625
-9.804037094116211,-47.83558654785156,20.488494873046875
-9.748115539550781,-47.8072509765625,20.586395263671875
-9.613412857055664,-47.85478210449219,20.684616088867188
-9.50210189819336,-47.897369384765625,20.690536499023438
-9.421680450439453,-47.858367919921875,20.579177856445312
-9.451440811157227,-47.94351577758789,20.374282836914062
-9.330577850341797,-47.95934295654297,20.44781494140625
-9.226448059082031,-48.09956741333008,20.469741821289062
-9.102300643920898,-48.157554626464844,20.66375732421875
-8.994037628173828,-48.051021575927734,20.659683227539062
-9.026483535766602,-47.964439392089844,20.587371826171875
-8.885208129882812,-47.88903045654297,20.462509155273438
-8.85135269165039,-47.84748077392578,20.433349609375
-8.81985092163086,-47.84830856323242,20.495925903320312
-8.812490463256836,-47.851173400878906,20.553939819335938
-8.984189987182617,-47.96529769897461,20.519821166992188
-8.936744689941406,-47.96051025390625,20.592071533203125
-8.932662963867188,-47.98982238769531,20.59771728515625
-8.826444625854492,-47.93406677246094,20.65240478515625
-8.732824325561523,-47.889652252197266,20.662933349609375
-8.77269172668457,-47.96974182128906,20.737472534179688
-8.627370834350586,-47.94365692138672,20.76617431640625
-8.533395767211914,-47.84682846069336,20.840011596679688
-8.41116714477539,-47.803279876708984,20.834701538085938
-8.417610168457031,-47.89791488647461,20.807769775390625
-8.367559432983398,-47.88270568847656,20.855300903320312
-8.206560134887695,-47.84423828125,20.788253784179688
-8.007490158081055,-47.76224136352539,21.090362548828125
-7.97932243347168,-47.69416809082031,21.268417358398438
-7.765562057495117,-47.75851058959961,21.323471069335938
-7.688480377197266,-47.88054656982422,21.586578369140625
-7.594671249389648,-47.794090270996094,21.921005249023438
-7.602870941162109,-47.609619140625,22.159332275390625
-7.451179504394531,-47.542694091796875,22.438140869140625
-7.297624588012695,-47.38861846923828,23.009140014648438
-7.062049865722656,-47.205902099609375,23.628463745117188
-6.88878059387207,-47.11184310913086,24.15625
-6.718833923339844,-46.990352630615234,24.585952758789062
-6.453193664550781,-47.00442886352539,25.099517822265625
-6.1280059814453125,-46.70598602294922,25.613845825195312
-5.874553680419922,-46.375885009765625,26.324859619140625
-5.438041687011719,-46.15492630004883,27.0941162109375
-5.117973327636719,-45.809043884277344,27.7547607421875
-4.805776596069336,-45.50879669189453,28.581619262695312
-4.304231643676758,-45.05522155761719,29.46685791015625
-3.7801380157470703,-44.54065704345703,30.3153076171875
-3.2456836700439453,-44.02207946777344,31.416458129882812
-2.5577945709228516,-43.49724197387695,32.580322265625
-1.806631088256836,-42.833580017089844,33.763641357421875
-1.1789417266845703,-42.06827926635742,35.10906982421875
-0.5746250152587891,-41.00810241699219,36.6890869140625
-0.108673095703125,-39.940521240234375,38.16850280761719
0.15416717529296875,-38.69197463989258,39.70245361328125
0.2974052429199219,-37.13507080078125,41.19244384765625
0.3464927673339844,-35.63385009765625,42.78363037109375
0.2753181457519531,-33.91189956665039,44.12486267089844
-0.20111846923828125,-32.106163024902344,45.643157958984375
-0.6362838745117188,-30.32684326171875,46.991546630859375
-1.197103500366211,-28.47734832763672,48.322784423828125
-1.6698322296142578,-26.7952880859375,49.52021789550781
-2.173368453979492,-25.147563934326172,50.51104736328125
-2.640972137451172,-23.76388168334961,51.2398681640625
-2.815319061279297,-22.261192321777344,52.09098815917969
-2.9719276428222656,-20.788360595703125,52.891204833984375
-3.009918212890625,-19.35959243774414,53.58110046386719
-3.0375194549560547,-17.979930877685547,54.100250244140625
-3.2184925079345703,-16.462154388427734,54.38336181640625
-3.3789730072021484,-15.121173858642578,54.79844665527344
-3.540935516357422,-13.955039978027344,55.299041748046875
-3.716897964477539,-12.819316864013672,55.64985656738281
-3.677227020263672,-11.789016723632812,55.92189025878906
-3.6411571502685547,-10.948726654052734,56.354095458984375
-3.511690139770508,-10.268043518066406,56.53044128417969
-3.265779495239258,-9.557975769042969,56.78248596191406
-3.081390380859375,-8.98373794555664,56.96046447753906
-2.9987621307373047,-8.407768249511719,57.248199462890625
-2.8640975952148438,-7.936031341552734,57.39239501953125
-2.8018550872802734,-7.590141296386719,57.58879089355469
-2.6965599060058594,-7.1510009765625,57.5318603515625
-2.585988998413086,-6.7822723388671875,57.585662841796875
-2.5443897247314453,-6.413578033447266,57.860687255859375
-2.5598068237304688,-6.122241973876953,58.18333435058594
-2.3226242065429688,-5.839210510253906,58.26747131347656
-2.2631874084472656,-5.405353546142578,58.189056396484375
-2.1600341796875,-5.1410675048828125,58.19578552246094
-2.1173248291015625,-4.852264404296875,58.35655212402344
-2.1676197052001953,-4.7381744384765625,58.36329650878906
-2.0847930908203125,-4.685310363769531,58.3314208984375
-2.033132553100586,-4.524166107177734,58.33583068847656
-2.075237274169922,-4.466796875,58.30274963378906
-2.1271190643310547,-4.4723663330078125,58.32127380371094
-2.1815319061279297,-4.49658203125,58.389068603515625
-2.1792240142822266,-4.656276702880859,58.40484619140625
-2.3005104064941406,-4.900321960449219,58.40625
-2.2437057495117188,-5.105571746826172,58.28607177734375
-2.398591995239258,-5.2786407470703125,58.09349060058594
-2.5639724731445312,-5.448310852050781,57.94853210449219
-2.5570297241210938,-5.548408508300781,58.007415771484375
-2.568666458129883,-5.603214263916016,58.14384460449219
-2.659229278564453,-5.6956939697265625,58.24238586425781
-2.960470199584961,-5.753257751464844,58.19189453125
-3.0968017578125,-5.987392425537109,58.180755615234375
-3.294309616088867,-5.999065399169922,58.218170166015625
-3.6110763549804688,-6.03424072265625,58.2322998046875
-3.909486770629883,-6.047122955322266,58.208953857421875
-4.058034896850586,-6.156131744384766,58.156768798828125
-4.214090347290039,-6.238887786865234,58.13203430175781
-4.422693252563477,-6.441951751708984,58.104095458984375
-4.496309280395508,-6.584259033203125,58.0445556640625
-4.591272354125977,-6.717338562011719,57.97712707519531
-4.616268157958984,-7.014522552490234,57.96107482910156
-4.552265167236328,-7.30364990234375,57.916229248046875
-4.675519943237305,-7.713222503662109,57.93296813964844
-4.711723327636719,-8.2093505859375,57.88035583496094
-4.549533843994141,-8.73733901977539,57.78038024902344
-4.543249130249023,-9.05710220336914,57.81951904296875
-4.432605743408203,-9.17447280883789,57.90594482421875
-4.418548583984375,-9.18258285522461,57.629241943359375
-4.171175003051758,-9.203678131103516,57.51048278808594
-3.9953556060791016,-9.187969207763672,57.51564025878906
-3.9916324615478516,-9.289295196533203,57.503265380859375
-3.924060821533203,-9.366504669189453,57.57279968261719
-3.9248485565185547,-9.388160705566406,57.41679382324219
-3.840944290161133,-9.434562683105469,57.37413024902344
-3.711854934692383,-9.33304214477539,57.48197937011719
-3.698333740234375,-9.18576431274414,57.67350769042969
-3.712858200073242,-9.147174835205078,57.65071105957031
-3.6643218994140625,-9.192073822021484,57.58430480957031
-3.562742233276367,-9.169536590576172,57.541290283203125
-3.545642852783203,-9.159664154052734,57.52424621582031
-3.527088165283203,-9.210285186767578,57.55035400390625
-3.3993301391601562,-9.13943099975586,57.5693359375
-3.3125476837158203,-9.243160247802734,57.44334411621094
-3.383026123046875,-9.22153091430664,57.414947509765625
-3.3457202911376953,-9.14670181274414,57.373779296875
-3.248615264892578,-9.023765563964844,57.453125
-3.2661819458007812,-8.99129867553711,57.517303466796875
-3.2237071990966797,-8.949440002441406,57.3836669921875
-3.1035499572753906,-8.881420135498047,57.363616943359375
-3.103628158569336,-8.878227233886719,57.39601135253906
-3.0430679321289062,-8.854057312011719,57.43833923339844
-3.104503631591797,-8.91537094116211,57.48921203613281
-3.0700721740722656,-8.76837158203125,57.52516174316406
-3.0330371856689453,-8.748268127441406,57.526336669921875
-3.0100631713867188,-8.744194030761719,57.525360107421875
-2.931468963623047,-8.819938659667969,57.533355712890625
-2.9671077728271484,-8.90456771850586,57.6865234375
-3.019319534301758,-8.870777130126953,57.66468811035156
-3.0492000579833984,-8.776409149169922,57.857421875
-2.9509029388427734,-8.673049926757812,57.85887145996094
-2.955455780029297,-8.609989166259766,57.789459228515625
-2.8903274536132812,-8.574958801269531,57.62083435058594
-2.7569332122802734,-8.576114654541016,57.439483642578125
-2.865406036376953,-8.580951690673828,57.37416076660156
-2.883037567138672,-8.671390533447266,57.37913513183594
-2.8870201110839844,-8.642581939697266,57.39009094238281
-2.9339675903320312,-8.747322082519531,57.19134521484375
-3.0555496215820312,-8.786640167236328,57.184967041015625
-3.0252037048339844,-8.747100830078125,57.27976989746094
-3.002288818359375,-8.749637603759766,57.40800476074219
-2.9479217529296875,-8.779438018798828,57.36906433105469
-2.88458251953125,-8.777725219726562,57.418365478515625
-2.9063644409179688,-8.77841567993164,57.43476867675781
-3.016529083251953,-8.793174743652344,57.451812744140625
-3.144237518310547,-8.759647369384766,57.372406005859375
-3.09197998046875,-8.844890594482422,57.422149658203125
-3.0680904388427734,-8.781169891357422,57.35052490234375
-3.1066036224365234,-8.806968688964844,57.33802795410156
-3.146709442138672,-8.778430938720703,57.377410888671875
-3.1259994506835938,-8.673133850097656,57.47151184082031
-3.080141067504883,-8.644824981689453,57.53956604003906
-3.0615997314453125,-8.726238250732422,57.37226867675781
-3.0285511016845703,-8.875770568847656,57.293243408203125
-3.0285511016845703,-8.875770568847656,57.293243408203125
-2.9086761474609375,-8.910720825195312,57.27854919433594
-2.9767093658447266,-8.95821762084961,57.20674133300781
-3.0065078735351562,-8.81927490234375,57.184844970703125
-3.048053741455078,-8.777599334716797,57.119354248046875
-3.139619827270508,-8.774887084960938,57.103424072265625
-3.0462265014648438,-8.794147491455078,57.03276062011719
-3.090076446533203,-8.803489685058594,57.022003173828125
-3.0515995025634766,-8.689895629882812,57.251068115234375
-3.022310256958008,-8.801742553710938,57.42329406738281
-3.0790233612060547,-8.750865936279297,57.53028869628906
-3.0191783905029297,-8.73666000366211,57.3831787109375
-2.9320640563964844,-8.764251708984375,57.40299987792969
-2.9974803924560547,-8.754070281982422,57.42515563964844
-3.0114822387695312,-8.749382019042969,57.399017333984375
-3.045419692993164,-8.804550170898438,57.40980529785156
-2.9914283752441406,-8.849266052246094,57.41920471191406
-2.965320587158203,-8.848148345947266,57.4423828125
-2.9765777587890625,-8.869041442871094,57.40147399902344
-2.9935359954833984,-8.940330505371094,57.286285400390625
-3.040454864501953,-8.92324447631836,57.123870849609375
-3.0858898162841797,-8.703804016113281,57.15077209472656
-3.112030029296875,-8.772724151611328,57.256103515625
-3.035928726196289,-8.734115600585938,57.092132568359375
-2.993070602416992,-8.732711791992188,57.119384765625
-3.0136547088623047,-8.839897155761719,57.06932067871094
-3.0404930114746094,-8.798992156982422,57.09452819824219
-3.064472198486328,-8.816974639892578,57.056549072265625
-3.0878028869628906,-8.884925842285156,57.12005615234375
-3.0497970581054688,-8.890960693359375,56.98368835449219
-2.960111618041992,-8.927684783935547,56.91459655761719
-2.9927902221679688,-8.917343139648438,56.95341491699219
-3.0743865966796875,-8.85952377319336,57.080810546875
-3.0955371856689453,-8.898239135742188,57.04327392578125
-3.0822887420654297,-8.763362884521484,57.20924377441406
-3.082578659057617,-8.701091766357422,57.24249267578125
-3.1040897369384766,-8.689186096191406,57.348358154296875
-3.0467147827148438,-8.745052337646484,57.35212707519531
-3.0717010498046875,-8.802356719970703,57.414154052734375
-2.910226821899414,-8.738323211669922,57.37471008300781
-2.948301315307617,-8.811531066894531,57.363067626953125
-2.904752731323242,-8.75838851928711,57.43292236328125
-2.823587417602539,-8.753067016601562,57.49156188964844
-2.737142562866211,-8.740493774414062,57.528778076171875
-2.712026596069336,-8.631904602050781,57.39836120605469
-2.8856143951416016,-8.679637908935547,57.25984191894531
-2.954099655151367,-8.645137786865234,57.27125549316406
-2.9629383087158203,-8.617862701416016,57.23115539550781
-2.981149673461914,-8.617504119873047,57.23260498046875
-3.0349960327148438,-8.604572296142578,57.38044738769531
-3.091541290283203,-8.659709930419922,57.39683532714844
-3.082986831665039,-8.64422607421875,57.53871154785156
-2.981729507446289,-8.665122985839844,57.580047607421875
-3.024454116821289,-8.662010192871094,57.47044372558594
-3.0355758666992188,-8.798240661621094,57.415802001953125
-3.0316238403320312,-8.783458709716797,57.36537170410156
-3.0684661865234375,-8.72744369506836,57.36468505859375
-3.0601654052734375,-8.732131958007812,57.30516052246094
-2.9307937622070312,-8.69699478149414,57.30316162109375
-3.012357711791992,-8.655231475830078,57.11383056640625
-3.0480384826660156,-8.665885925292969,57.31205749511719
-3.003885269165039,-8.709884643554688,57.39158630371094
-2.7930965423583984,-8.743038177490234,57.347747802734375
-2.8828163146972656,-8.737617492675781,57.42588806152344
-3.0417232513427734,-8.63515853881836,57.47599792480469
-3.076688766479492,-8.659648895263672,57.507659912109375
-3.0205554962158203,-8.755474090576172,57.328277587890625
-2.913593292236328,-8.729347229003906,57.177215576171875
-2.92864990234375,-8.880859375,57.06953430175781
-3.0146846771240234,-8.765632629394531,57.13578796386719
-3.068174362182617,-8.797286987304688,57.23023986816406
-3.109170913696289,-8.705268859863281,57.2523193359375
-3.0035362243652344,-8.650032043457031,57.20135498046875
-2.993152618408203,-8.669940948486328,57.2467041015625
-2.991048812866211,-8.740108489990234,57.214111328125
-2.984457015991211,-8.737308502197266,57.12959289550781
-3.128866195678711,-8.818241119384766,56.931915283203125
-3.195859909057617,-8.890113830566406,56.96368408203125
-3.1919803619384766,-8.901573181152344,56.92274475097656
-3.3060836791992188,-8.787300109863281,56.876861572265625
-3.330120086669922,-8.866687774658203,57.02998352050781
-3.1894874572753906,-8.962738037109375,57.15232849121094
-3.1617965698242188,-9.017288208007812,57.233306884765625
-3.0823287963867188,-8.970317840576172,57.34503173828125
-3.1898727416992188,-8.940521240234375,57.18890380859375
-3.204957962036133,-9.01363754272461,56.92854309082031
-3.0381221771240234,-9.04840087890625,56.92890930175781
-3.1018829345703125,-9.096729278564453,57.08726501464844
-3.1431827545166016,-9.105506896972656,57.126007080078125
-3.223184585571289,-9.11260986328125,57.043243408203125
-3.301755905151367,-8.96817398071289,57.17555236816406
-3.3505897521972656,-8.782569885253906,57.21070861816406
-3.3508434295654297,-8.895492553710938,57.20466613769531
-3.3429031372070312,-8.950382232666016,57.131500244140625
-3.296194076538086,-8.923442840576172,57.0867919921875
-3.1809558868408203,-8.822193145751953,57.176605224609375
-3.3530826568603516,-8.901607513427734,57.334228515625
-3.360536575317383,-8.776012420654297,57.241119384765625
-3.4581069946289062,-8.857856750488281,57.12159729003906
-3.419912338256836,-8.794750213623047,57.20613098144531
-3.373443603515625,-8.880523681640625,57.34370422363281
-3.4766159057617188,-9.016944885253906,57.29339599609375
-3.3362464904785156,-8.977176666259766,57.10955810546875
-3.239194869995117,-8.998058319091797,57.104827880859375
-3.082164764404297,-8.961376190185547,57.06477355957031
-3.0278663635253906,-8.92715835571289,57.14259338378906
-3.102294921875,-8.87200927734375,57.18513488769531
-3.094036102294922,-8.775089263916016,57.298095703125
-3.0188770294189453,-8.768245697021484,57.40876770019531
-3.1043758392333984,-8.725460052490234,57.37457275390625
-2.956083297729492,-8.737091064453125,57.18446350097656
-3.043844223022461,-8.758369445800781,57.25428771972656
-3.078340530395508,-8.79730224609375,57.27546691894531
-3.1008968353271484,-8.798004150390625,57.11802673339844
-3.0266685485839844,-8.78519058227539,57.07948303222656
-3.201528549194336,-8.6710205078125,57.039276123046875
-3.170124053955078,-8.622196197509766,57.12579345703125
-3.2056045532226562,-8.664527893066406,57.33741760253906
-3.184612274169922,-8.64801025390625,57.34819030761719
-3.1652774810791016,-8.627677917480469,57.472137451171875
-3.165964126586914,-8.685779571533203,57.4761962890625
-3.320697784423828,-8.801403045654297,57.57661437988281
-3.1924591064453125,-8.761554718017578,57.55389404296875
-3.0949745178222656,-8.741928100585938,57.521270751953125
-2.944019317626953,-8.820972442626953,57.570098876953125
-3.0132179260253906,-8.750892639160156,57.50181579589844
-3.066883087158203,-8.795265197753906,57.5670166015625
-3.1978988647460938,-8.665996551513672,57.42240905761719
-3.226116180419922,-8.681076049804688,57.412017822265625
-3.2568302154541016,-8.675971984863281,57.30889892578125
-3.183450698852539,-8.78582763671875,57.190093994140625
-3.239208221435547,-8.761924743652344,57.1361083984375
-3.329862594604492,-8.769630432128906,57.05072021484375
-3.3234500885009766,-8.789329528808594,57.16900634765625
-3.2657032012939453,-8.818428039550781,57.358245849609375
-3.3060302734375,-8.754730224609375,57.30271911621094
-3.387981414794922,-8.818199157714844,57.368011474609375
-3.4207592010498047,-8.721359252929688,57.34977722167969
-3.378925323486328,-8.714363098144531,57.38246154785156
-3.297636032104492,-8.517414093017578,57.432586669921875
-3.2647647857666016,-8.622676849365234,57.31871032714844
-3.2621116638183594,-8.701648712158203,57.25038146972656
-3.1874866485595703,-8.618423461914062,57.22117614746094
-3.185100555419922,-8.655464172363281,57.18128967285156
-3.193906784057617,-8.635299682617188,57.36116027832031
-3.1747894287109375,-8.68301773071289,57.60081481933594
-3.2843589782714844,-8.655685424804688,57.582977294921875
-3.3326377868652344,-8.7120361328125,57.59584045410156
-3.330343246459961,-8.86081314086914,57.61077880859375
-3.2101383209228516,-8.839645385742188,57.46510314941406
-3.194133758544922,-8.793025970458984,57.41009521484375
-3.235513687133789,-8.78072738647461,57.26739501953125
-3.3265628814697266,-8.75509262084961,57.33537292480469
-3.302448272705078,-8.794395446777344,57.3533935546875
-3.359455108642578,-8.777908325195312,57.22621154785156
-3.3107833862304688,-8.806159973144531,57.15083312988281
-3.450977325439453,-8.765670776367188,57.065277099609375
-3.4033966064453125,-8.756885528564453,57.0631103515625
-3.378263473510742,-8.72562026977539,57.12147521972656
-3.217073440551758,-8.694671630859375,57.05183410644531
-3.2461681365966797,-8.735893249511719,57.090179443359375
-3.3364830017089844,-8.653236389160156,57.17071533203125
-3.3621654510498047,-8.663494110107422,57.103515625
-3.1785659790039062,-8.624309539794922,57.164642333984375
-3.1151771545410156,-8.65384292602539,57.22023010253906
-3.025484085083008,-8.677597045898438,57.07078552246094
-3.1026649475097656,-8.547676086425781,57.11405944824219
-3.0873641967773438,-8.413528442382812,57.203338623046875
-3.050893783569336,-8.49295425415039,57.12437438964844
-3.0261707305908203,-8.486679077148438,57.0596923828125
-3.186552047729492,-8.451061248779297,57.23765563964844
-3.316547393798828,-8.4058837890625,57.47300720214844
-3.238445281982422,-8.378543853759766,57.525421142578125
-3.2579498291015625,-8.518901824951172,57.65296936035156
-3.186138153076172,-8.524791717529297,57.77400207519531
-3.0991458892822266,-8.556453704833984,57.747283935546875
-3.1286182403564453,-8.619770050048828,57.59922790527344
-3.0974578857421875,-8.655345916748047,57.46208190917969
-3.1640396118164062,-8.667194366455078,57.452301025390625
-3.175119400024414,-8.644184112548828,57.42320251464844
-3.0544967651367188,-8.618106842041016,57.49372863769531
-3.1011524200439453,-8.654075622558594,57.51234436035156
-3.167928695678711,-8.653461456298828,57.4146728515625
-3.1540775299072266,-8.696578979492188,57.43670654296875
-3.2125091552734375,-8.635734558105469,57.42314147949219
-3.1987171173095703,-8.616050720214844,57.55653381347656
-3.202465057373047,-8.501636505126953,57.5943603515625
-3.162761688232422,-8.560386657714844,57.54344177246094
-3.204425811767578,-8.492168426513672,57.51985168457031
-3.177379608154297,-8.46914291381836,57.61683654785156
-3.3057708740234375,-8.538768768310547,57.78703308105469
-3.306539535522461,-8.493755340576172,57.876953125
-3.3909645080566406,-8.472179412841797,57.73750305175781
-3.366352081298828,-8.585121154785156,57.63232421875
-3.409910202026367,-8.674846649169922,57.518096923828125
-3.4428939819335938,-8.776874542236328,57.43028259277344
-3.4366607666015625,-8.75390625,57.54180908203125
-3.389127731323242,-8.782215118408203,57.561920166015625
-3.461223602294922,-8.74032974243164,57.61500549316406
-3.471710205078125,-8.781112670898438,57.7572021484375
-3.515806198120117,-8.858455657958984,57.70262145996094
-3.5596084594726562,-8.856376647949219,57.6116943359375
-3.5246124267578125,-8.865959167480469,57.55018615722656
-3.4429550170898438,-8.95180892944336,57.40660095214844
-3.4198455810546875,-8.979377746582031,57.38909912109375
-3.270923614501953,-8.924762725830078,57.45851135253906
-3.1926803588867188,-8.808113098144531,57.59568786621094
-3.3698787689208984,-8.821895599365234,57.7247314453125
-3.361387252807617,-8.811466217041016,57.68452453613281
-3.3769702911376953,-8.890693664550781,57.5557861328125
-3.370807647705078,-8.811702728271484,57.521942138671875
-3.2403640747070312,-8.829784393310547,57.550018310546875
-3.2511062622070312,-8.802818298339844,57.52265930175781
-3.306516647338867,-8.80739974975586,57.667755126953125
-3.389932632446289,-8.751396179199219,57.808502197265625
-3.429819107055664,-8.759963989257812,57.87153625488281
-3.409219741821289,-8.747718811035156,57.745025634765625
-3.4015560150146484,-8.815811157226562,57.72544860839844
-3.422231674194336,-8.836162567138672,57.863006591796875
-3.4409751892089844,-8.81478500366211,58.00276184082031
-3.158935546875,-8.734580993652344,57.8858642578125
-3.1217288970947266,-8.623069763183594,57.76573181152344
-3.0395736694335938,-8.739059448242188,57.55908203125
-3.0344314575195312,-8.747848510742188,57.639617919921875
-3.018320083618164,-8.642589569091797,57.81568908691406
-3.2076892852783203,-8.65750503540039,57.701202392578125
-3.0757293701171875,-8.65451431274414,57.744293212890625
-3.045551300048828,-8.705612182617188,57.62457275390625
-3.0653228759765625,-8.726367950439453,57.83674621582031
-3.1486282348632812,-8.80788803100586,57.83186340332031
-3.1773147583007812,-8.781444549560547,57.81243896484375
-3.066659927368164,-8.8040771484375,57.7296142578125
-3.1103553771972656,-8.782302856445312,57.57594299316406
-3.0716934204101562,-8.636676788330078,57.583740234375
-3.033639907836914,-8.635879516601562,57.71534729003906
-3.1169281005859375,-8.601726531982422,57.69862365722656
-3.068695068359375,-8.581657409667969,57.61676025390625
-3.0812435150146484,-8.65774917602539,57.52894592285156
-3.0740299224853516,-8.653152465820312,57.57952880859375
-3.138782501220703,-8.65951919555664,57.56086730957031
-3.2018356323242188,-8.604351043701172,57.50250244140625
-3.0789546966552734,-8.769832611083984,57.579742431640625
-3.0494728088378906,-8.789180755615234,57.43299865722656
-3.206087112426758,-8.8326416015625,57.42466735839844
-3.216449737548828,-8.780990600585938,57.54563903808594
-3.1945323944091797,-8.716381072998047,57.707550048828125
-3.0869503021240234,-8.669754028320312,57.73406982421875
-3.1821060180664062,-8.61798095703125,57.7210693359375
-3.3502235412597656,-8.617897033691406,57.6324462890625
-3.276782989501953,-8.671501159667969,57.60780334472656
-3.285266876220703,-8.692642211914062,57.41957092285156
-3.2657089233398438,-8.638961791992188,57.38941955566406
-3.1821250915527344,-8.599918365478516,57.39897155761719
-3.156055450439453,-8.644302368164062,57.36073303222656
-3.164102554321289,-8.649272918701172,57.359832763671875
-3.0875587463378906,-8.689491271972656,57.34260559082031
-3.1840362548828125,-8.524417877197266,57.379241943359375
-3.278705596923828,-8.60464096069336,57.39508056640625
-3.3696060180664062,-8.603553771972656,57.42478942871094
-3.2127532958984375,-8.681686401367188,57.44108581542969
-3.167665481567383,-8.654834747314453,57.40019226074219
-3.1658248901367188,-8.756942749023438,57.290740966796875
-3.23419189453125,-8.86611557006836,57.25868225097656
-3.250581741333008,-8.850303649902344,57.396697998046875
-3.192720413208008,-8.907543182373047,57.297821044921875
-3.1869945526123047,-8.801010131835938,57.410888671875
-3.2175216674804688,-8.882282257080078,57.55657958984375
-3.0641841888427734,-8.825366973876953,57.592620849609375
-3.1027088165283203,-8.805377960205078,57.51470947265625
-3.0359725952148438,-8.756778717041016,57.51325988769531
-3.0911083221435547,-8.651023864746094,57.537567138671875
-3.0656490325927734,-8.661739349365234,57.505523681640625
-3.0877761840820312,-8.600723266601562,57.56733703613281
-3.2236690521240234,-8.58243179321289,57.69911193847656
-3.1474876403808594,-8.583152770996094,57.68836975097656
-2.9708309173583984,-8.688217163085938,57.66664123535156
-2.944721221923828,-8.799083709716797,57.72666931152344
-3.0502052307128906,-8.834293365478516,57.554962158203125
-3.037229537963867,-8.83062744140625,57.41386413574219
-3.0775489807128906,-8.81134033203125,57.481353759765625
-3.220060348510742,-8.91363525390625,57.539398193359375
-3.256406784057617,-8.965717315673828,57.642913818359375
-3.247255325317383,-8.887351989746094,57.79595947265625
-3.273447036743164,-8.810935974121094,57.685516357421875
-3.261688232421875,-8.761634826660156,57.5784912109375
-3.176189422607422,-8.82052230834961,57.48712158203125
-3.174833297729492,-8.77785873413086,57.398468017578125
-3.155660629272461,-8.84377670288086,57.52473449707031
-3.1233062744140625,-8.79726791381836,57.51945495605469
-3.0507755279541016,-8.833198547363281,57.49085998535156
-3.276702880859375,-8.968574523925781,57.669219970703125
-3.3549327850341797,-9.025630950927734,57.776519775390625
-3.366739273071289,-8.98580551147461,57.85498046875
-3.4852523803710938,-8.741413116455078,57.883697509765625
-3.479238510131836,-8.730506896972656,57.75254821777344
-3.405241012573242,-8.730098724365234,57.82698059082031
-3.341379165649414,-8.80721664428711,57.780029296875
-3.4764842987060547,-8.800804138183594,57.610595703125
-3.555631637573242,-8.870990753173828,57.57881164550781
-3.605318069458008,-8.854965209960938,57.578857421875
-3.588031768798828,-8.844261169433594,57.58271789550781
-3.496427536010742,-8.7694091796875,57.542633056640625
-3.5029945373535156,-8.761409759521484,57.39314270019531
-3.4133987426757812,-8.760147094726562,57.2684326171875
-3.319204330444336,-8.828277587890625,57.250518798828125
-3.3585357666015625,-8.803970336914062,57.30865478515625
-3.340606689453125,-8.770626068115234,57.50360107421875
-3.2838592529296875,-8.79840087890625,57.437103271484375
-3.255067825317383,-8.911964416503906,57.50457763671875
-3.332357406616211,-8.950408935546875,57.65318298339844
-3.496950149536133,-8.928394317626953,57.62335205078125
-3.540618896484375,-8.880058288574219,57.599945068359375
-3.5311050415039062,-8.822254180908203,57.60633850097656
-3.507505416870117,-8.804603576660156,57.563873291015625
-3.5046634674072266,-8.804710388183594,57.409820556640625
-3.549570083618164,-8.822948455810547,57.413909912109375
-3.499399185180664,-8.891048431396484,57.418182373046875
-3.616788864135742,-8.904533386230469,57.3487548828125
-3.8223228454589844,-8.909717559814453,57.4752197265625
-3.873647689819336,-8.815479278564453,57.64881896972656
-4.0582275390625,-8.750125885009766,57.56358337402344
-4.186561584472656,-8.727222442626953,57.49403381347656
-4.200916290283203,-8.732723236083984,57.60186767578125
-4.312753677368164,-8.777267456054688,57.74052429199219
-4.515178680419922,-8.572029113769531,57.83050537109375
-4.629510879516602,-8.660392761230469,57.99830627441406
-4.639802932739258,-8.537433624267578,58.140106201171875
-4.806526184082031,-8.427619934082031,58.03977966308594
-4.987295150756836,-8.340312957763672,58.02519226074219
-5.133014678955078,-8.339118957519531,58.2353515625
-5.299234390258789,-8.152965545654297,58.30717468261719
-5.451642990112305,-8.0999755859375,58.242950439453125
-5.610456466674805,-8.063770294189453,58.26643371582031
-5.753168106079102,-8.01425552368164,58.28190612792969
-5.890501022338867,-7.963901519775391,58.17585754394531
-6.040592193603516,-7.840877532958984,58.206390380859375
-6.06593132019043,-7.705654144287109,58.272918701171875
-6.000419616699219,-7.631126403808594,58.18702697753906
-6.1159210205078125,-7.652431488037109,57.963897705078125
-6.125652313232422,-7.559532165527344,57.901885986328125
-6.216241836547852,-7.481685638427734,57.881805419921875
-6.1023101806640625,-7.40057373046875,57.764129638671875
-6.0844573974609375,-7.392551422119141,57.986724853515625
-6.169771194458008,-7.6009368896484375,58.05023193359375
-6.149930953979492,-7.6291351318359375,58.20643615722656
-6.202095031738281,-7.585845947265625,58.203948974609375
-6.228107452392578,-7.591709136962891,58.0963134765625
-6.16162109375,-7.559276580810547,57.93836975097656
-6.13421630859375,-7.4629364013671875,57.960693359375
-6.11064338684082,-7.499595642089844,57.90769958496094
-5.844341278076172,-7.507366180419922,57.90397644042969
-5.51243782043457,-7.432106018066406,57.96681213378906
-5.045259475708008,-7.068569183349609,57.97589111328125
-4.3943328857421875,-6.761486053466797,57.97979736328125
-3.8877716064453125,-6.781665802001953,57.804779052734375
-3.8877716064453125,-6.781665802001953,57.804779052734375
-3.367269515991211,-6.887748718261719,57.91963195800781
-2.748748779296875,-7.141498565673828,57.93695068359375
-2.0556983947753906,-7.954345703125,57.77461242675781
-1.4532032012939453,-8.890460968017578,57.555816650390625
-0.706695556640625,-10.042110443115234,57.46522521972656
0.08644485473632812,-11.491771697998047,57.16838073730469
0.9021339416503906,-13.002212524414062,56.738037109375
1.6378746032714844,-14.751995086669922,56.057098388671875
2.6006622314453125,-16.503253936767578,55.37232971191406
3.5328598022460938,-18.667152404785156,54.57920837402344
4.435089111328125,-20.844585418701172,53.63279724121094
5.499599456787109,-23.159915924072266,52.469268798828125
6.388671875,-25.577415466308594,50.89479064941406
7.204570770263672,-27.873329162597656,49.235931396484375
7.654315948486328,-30.137161254882812,47.52984619140625
7.942928314208984,-32.253631591796875,45.57427978515625
8.111164093017578,-34.460750579833984,43.69606018066406
8.099365234375,-36.468414306640625,41.90467834472656
8.146636962890625,-38.24308395385742,40.11860656738281
8.150955200195312,-39.588279724121094,38.26466369628906
8.113277435302734,-40.97188949584961,36.75813293457031
7.934417724609375,-42.10469055175781,35.31871032714844
7.744071960449219,-42.90662384033203,34.038970947265625
7.417575836181641,-43.729522705078125,32.876708984375
7.062458038330078,-44.320159912109375,31.813461303710938
6.639804840087891,-44.8070068359375,30.954483032226562
6.230075836181641,-45.27005386352539,30.193588256835938
5.633018493652344,-45.69260025024414,29.520599365234375
5.132312774658203,-46.051856994628906,29.025741577148438
4.737636566162109,-46.199951171875,28.515167236328125
4.2474822998046875,-46.47922897338867,27.93603515625
3.630756378173828,-46.752952575683594,27.694610595703125
3.1295623779296875,-46.887271881103516,27.357681274414062
2.5943222045898438,-47.152801513671875,27.146270751953125
1.8573722839355469,-47.35416030883789,27.076446533203125
1.3160018920898438,-47.61315155029297,26.986923217773438
0.8033218383789062,-47.771881103515625,26.72747802734375
0.2667694091796875,-47.727508544921875,26.676101684570312
-0.34961891174316406,-47.67871856689453,26.404556274414062
-0.9121513366699219,-47.68355178833008,26.151779174804688
-1.3762855529785156,-47.75365447998047,25.856124877929688
-1.8233966827392578,-47.89551544189453,25.698165893554688
-2.077362060546875,-48.06525802612305,25.4521484375
-2.2988853454589844,-48.10756301879883,25.274642944335938
-2.5965499877929688,-48.17953109741211,25.137786865234375
-2.828460693359375,-48.2660026550293,24.9156494140625
-2.992532730102539,-48.290687561035156,24.908416748046875
-3.1590213775634766,-48.241455078125,24.836105346679688
-3.2307701110839844,-48.18711853027344,24.896148681640625
-3.236421585083008,-48.204620361328125,24.789093017578125
-3.3076095581054688,-48.262630462646484,24.798568725585938
-3.372713088989258,-48.21063232421875,24.791030883789062
-3.5616188049316406,-48.19190216064453,24.89111328125
-3.741779327392578,-48.024600982666016,25.045578002929688
-3.926950454711914,-47.933311462402344,25.3262939453125
-4.2377166748046875,-48.04685592651367,25.549758911132812
-4.20625114440918,-48.12409210205078,25.67431640625
-4.216770172119141,-47.989768981933594,25.788284301757812
-4.211118698120117,-47.98763656616211,25.801910400390625
-4.196062088012695,-47.97228240966797,25.762664794921875
-4.167564392089844,-47.83675765991211,25.774124145507812
-4.022327423095703,-47.71038818359375,25.764633178710938
-4.062587738037109,-47.68995666503906,25.968994140625
-3.919586181640625,-47.51668930053711,26.319488525390625
-3.940725326538086,-47.56139373779297,26.455245971679688
-3.790719985961914,-47.569129943847656,26.514175415039062
-3.896364212036133,-47.620750427246094,26.654922485351562
-4.020307540893555,-47.619895935058594,26.802825927734375
-3.9863109588623047,-47.47660827636719,26.96923828125
-3.9547386169433594,-47.48897933959961,27.130783081054688
-3.8049468994140625,-47.45169448852539,27.130645751953125
-3.862272262573242,-47.34653091430664,27.177459716796875
-3.9569435119628906,-47.2153434753418,27.265594482421875
-4.059686660766602,-47.16799545288086,27.335220336914062
-4.140867233276367,-47.134151458740234,27.43389892578125
-4.183414459228516,-47.04133605957031,27.696365356445312
-4.2350616455078125,-46.98492431640625,27.92181396484375
-4.38800048828125,-46.918033599853516,28.179962158203125
-4.347146987915039,-46.755332946777344,28.432373046875
-4.364677429199219,-46.68724822998047,28.369979858398438
-4.410383224487305,-46.69036865234375,28.24603271484375
-4.460756301879883,-46.7208251953125,28.345458984375
-4.41343879699707,-46.679840087890625,28.375274658203125
-4.483381271362305,-46.671165466308594,28.493804931640625
-4.551809310913086,-46.62016296386719,28.595748901367188
-4.504457473754883,-46.60146713256836,28.565093994140625
-4.464628219604492,-46.610923767089844,28.624847412109375
-4.435380935668945,-46.67671203613281,28.660842895507812
-4.464542388916016,-46.67533874511719,28.5577392578125
-4.378570556640625,-46.69637680053711,28.701004028320312
-4.329093933105469,-46.677040100097656,28.86590576171875
-4.324028015136719,-46.716522216796875,28.79205322265625
-4.2865753173828125,-46.708457946777344,28.730331420898438
-4.176536560058594,-46.63634490966797,28.864501953125
-4.031124114990234,-46.52266311645508,28.894073486328125
-3.870349884033203,-46.45232009887695,28.866058349609375
-3.8726558685302734,-46.43421173095703,29.009185791015625
-3.8130550384521484,-46.325889587402344,28.985748291015625
-3.6610069274902344,-46.27054214477539,29.000091552734375
-3.487091064453125,-46.22756576538086,29.000381469726562
-3.3235321044921875,-46.365440368652344,29.012405395507812
-3.1945438385009766,-46.28366470336914,29.19122314453125
-3.1823272705078125,-46.28535461425781,29.237991333007812
-2.9746456146240234,-46.185028076171875,29.201217651367188
-2.7486419677734375,-46.26268768310547,29.398834228515625
-2.7064781188964844,-46.303062438964844,29.508804321289062
-2.611736297607422,-46.241920471191406,29.53521728515625
-2.4464111328125,-46.23291015625,29.556869506835938
-2.3418312072753906,-46.347259521484375,29.52734375
-2.0701351165771484,-46.438289642333984,29.538864135742188
-1.8811912536621094,-46.493736267089844,29.662673950195312
-1.730112075805664,-46.51742172241211,29.597366333007812
-1.7132453918457031,-46.46541213989258,29.54266357421875
-1.6843090057373047,-46.28428268432617,29.534652709960938
-1.7320079803466797,-46.3082389831543,29.779556274414062
-1.8278999328613281,-46.25820541381836,29.948028564453125
-1.8093128204345703,-46.27849197387695,30.134124755859375
-1.7963809967041016,-46.24683380126953,30.292083740234375
-1.8236370086669922,-46.2257194519043,30.382659912109375
-1.8136444091796875,-46.34444808959961,30.700286865234375
-1.886831283569336,-46.49001693725586,30.994247436523438
-1.8533096313476562,-46.63255310058594,31.342117309570312
-1.8365097045898438,-46.877479553222656,31.889022827148438
-1.8656997680664062,-47.01354217529297,32.56315612792969
-1.7551746368408203,-47.49142074584961,33.30889892578125
-1.83447265625,-47.963871002197266,34.033355712890625
-1.6215839385986328,-48.33659744262695,34.82659912109375
-1.5549449920654297,-48.741920471191406,35.75428771972656
-1.494161605834961,-49.280250549316406,36.69773864746094
-1.3266677856445312,-49.86848831176758,37.83500671386719
-1.2184581756591797,-50.54098892211914,39.12855529785156
-1.3392505645751953,-51.16046142578125,40.78221130371094
-1.4047718048095703,-51.64399719238281,42.59126281738281
-1.7921409606933594,-51.746402740478516,44.60408020019531
-2.356473922729492,-51.49732208251953,46.89093017578125
-3.162921905517578,-50.960655212402344,49.386627197265625
-4.047306060791016,-50.34761047363281,51.99974060058594
-5.088094711303711,-49.20697021484375,54.500885009765625
-6.343599319458008,-47.66993713378906,57.23332214355469
-7.580997467041016,-45.65129089355469,59.88316345214844
-9.032587051391602,-43.21968078613281,62.38710021972656
-10.323728561401367,-40.26781463623047,64.42875671386719
-11.727848052978516,-36.825767517089844,66.3074951171875
-13.346233367919922,-32.87629318237305,67.74960327148438
-14.751750946044922,-28.60112762451172,68.92860412597656
-16.249794006347656,-23.871334075927734,69.48451232910156
-17.683990478515625,-18.737361907958984,69.57461547851562
-19.213544845581055,-12.931270599365234,68.9254150390625
-20.493179321289062,-6.953460693359375,67.31584167480469
-21.627826690673828,-0.9623298645019531,64.8812255859375
-22.64068031311035,4.745616912841797,61.29719543457031
-23.307994842529297,9.122615814208984,56.587493896484375
-23.625614166259766,10.83517074584961,51.316864013671875
-23.30820083618164,8.37234115600586,46.13740539550781
-23.03079605102539,3.234935760498047,42.24412536621094
-23.067018508911133,-0.2858085632324219,40.38624572753906
-23.125062942504883,-1.2402877807617188,40.02789306640625
-23.336040496826172,-1.2770156860351562,40.03123474121094
-23.425352096557617,-1.3217887878417969,40.062225341796875
-23.379993438720703,-1.2429695129394531,40.11474609375
-23.316333770751953,-1.2114982604980469,40.04974365234375
-23.416458129882812,-1.3842926025390625,39.9482421875
-23.40265464782715,-1.2712173461914062,39.88493347167969
-23.627798080444336,-1.3881149291992188,39.814910888671875
-23.611873626708984,-1.4071731567382812,39.71221923828125
-23.737327575683594,-1.4575920104980469,39.82781982421875
-23.84902000427246,-1.1850357055664062,39.80213928222656
-23.998210906982422,-1.0355262756347656,39.74430847167969
-24.139854431152344,-0.9596824645996094,39.79083251953125
-24.272668838500977,-0.83599853515625,39.908294677734375
-24.26721954345703,-0.6910476684570312,40.06977844238281
-24.42194366455078,-0.6660041809082031,40.03861999511719
-24.57018280029297,-0.5792236328125,40.046600341796875
-24.69916534423828,-0.5627098083496094,40.0281982421875
-24.794200897216797,-0.5705108642578125,40.00746154785156
-24.894636154174805,-0.6653518676757812,39.8104248046875
-24.93168067932129,-0.8126182556152344,39.82025146484375
-24.986793518066406,-0.7393760681152344,39.7843017578125
-25.081336975097656,-0.73651123046875,39.60786437988281
-25.21152114868164,-0.7034912109375,39.48887634277344
-25.350954055786133,-0.7816314697265625,39.413909912109375
-25.341285705566406,-0.8987083435058594,39.31950378417969
-25.511432647705078,-0.9189643859863281,39.417205810546875
-25.654565811157227,-0.764678955078125,39.492401123046875
-25.835180282592773,-0.7863807678222656,39.41410827636719
-25.89699935913086,-0.6934852600097656,39.35498046875
-26.0417537689209,-0.6368522644042969,39.30335998535156
-26.328845977783203,-0.650787353515625,39.311920166015625
-26.366291046142578,-0.6261863708496094,39.23439025878906
-26.624523162841797,-0.5808143615722656,39.20967102050781
-26.792320251464844,-0.5462875366210938,39.24774169921875
-26.813629150390625,-0.5055351257324219,39.326324462890625
-27.109872817993164,-0.5979232788085938,39.43743896484375
-27.149158477783203,-0.6437034606933594,39.26689147949219
-27.242046356201172,-0.665191650390625,39.244476318359375
-27.421348571777344,-0.6220321655273438,39.24235534667969
-27.58872413635254,-0.6388931274414062,39.21690368652344
-27.665559768676758,-0.6647605895996094,39.100372314453125
-27.742860794067383,-0.6147499084472656,39.03997802734375
-27.876422882080078,-0.6426963806152344,38.92533874511719
-28.00682830810547,-0.58502197265625,38.96961975097656
-28.172752380371094,-0.6654853820800781,38.870452880859375
-28.33531379699707,-0.8000564575195312,38.781280517578125
-28.569978713989258,-0.7496871948242188,38.69749450683594
-28.732728958129883,-0.7935867309570312,38.44676208496094
-28.9208927154541,-0.7710189819335938,38.135223388671875
-28.88286018371582,-0.7619667053222656,38.07225036621094
-28.835521697998047,-0.8620223999023438,37.851654052734375
-28.973388671875,-0.8676643371582031,37.68000793457031
-29.080873489379883,-0.9385299682617188,37.61271667480469
-29.249279022216797,-0.9430351257324219,37.511566162109375
-29.346952438354492,-0.92486572265625,37.39640808105469
-29.368223190307617,-0.9159164428710938,37.281402587890625
-29.358623504638672,-1.0752334594726562,37.13262939453125
-29.29161834716797,-1.2356529235839844,36.9141845703125
-29.361164093017578,-1.3677520751953125,36.83995056152344
-29.34243392944336,-1.5522346496582031,36.62493896484375
-29.278911590576172,-1.5314521789550781,36.34613037109375
-29.284738540649414,-1.6234626770019531,36.228546142578125
-29.224523544311523,-1.6952133178710938,36.04856872558594
-29.219755172729492,-1.654266357421875,35.873748779296875
-29.280214309692383,-1.7712211608886719,35.8515625
-29.249839782714844,-1.8797874450683594,35.7628173828125
-29.196155548095703,-2.054546356201172,35.67070007324219
-29.27651023864746,-2.0888595581054688,35.55116271972656
-29.270835876464844,-2.1364059448242188,35.290557861328125
-29.20348358154297,-2.2288742065429688,35.06068420410156
-29.21075439453125,-2.3039512634277344,34.79447937011719
-29.202058792114258,-2.363384246826172,34.623779296875
-29.152067184448242,-2.4312095642089844,34.52374267578125
-29.20034408569336,-2.607990264892578,34.29267883300781
-29.26248550415039,-2.5794677734375,34.28955078125
-29.331836700439453,-2.4794273376464844,34.42070007324219
-29.36298370361328,-2.3005294799804688,34.256500244140625
-29.464719772338867,-2.256885528564453,34.222381591796875
-29.626380920410156,-2.2151107788085938,34.28300476074219
-29.746370315551758,-2.216320037841797,34.08747863769531
-29.870346069335938,-2.281604766845703,33.92112731933594
-29.842668533325195,-2.3671646118164062,33.792083740234375
-29.828109741210938,-2.329326629638672,33.79461669921875
-29.669233322143555,-2.370716094970703,33.642364501953125
-29.365556716918945,-2.493804931640625,33.48847961425781
-29.047500610351562,-2.7728843688964844,33.23619079589844
-28.667892456054688,-2.999919891357422,33.049041748046875
-28.306447982788086,-3.0882797241210938,32.87297058105469
-28.029870986938477,-3.1191139221191406,32.854156494140625
-27.753726959228516,-3.1003074645996094,32.9586181640625
-27.53835678100586,-3.1466522216796875,33.1282958984375
-27.452880859375,-3.144603729248047,33.22578430175781
-27.232656478881836,-3.09344482421875,33.04759216308594
-27.201841354370117,-3.133739471435547,32.89329528808594
-27.18462371826172,-3.238330841064453,32.89067077636719
-27.217687606811523,-3.318889617919922,32.71177673339844
-27.356910705566406,-3.506877899169922,32.40855407714844
-27.544361114501953,-3.526905059814453,32.22550964355469
-27.68163299560547,-3.4842453002929688,32.00392150878906
-27.882911682128906,-3.494068145751953,31.981857299804688
-27.940898895263672,-3.4366378784179688,32.01747131347656
-28.086198806762695,-3.3313941955566406,32.29441833496094
-28.244495391845703,-3.2386627197265625,32.56944274902344
-28.378982543945312,-3.135498046875,32.842620849609375
-28.417434692382812,-3.1950035095214844,33.19413757324219
-28.381450653076172,-3.094451904296875,33.294921875
-28.369680404663086,-3.1073150634765625,33.103515625
-28.13230323791504,-3.1335487365722656,32.952972412109375
-28.00640869140625,-3.1416473388671875,32.85978698730469
-27.998554229736328,-3.1516036987304688,32.85194396972656
-27.855371475219727,-3.113483428955078,32.82304382324219
-27.859333038330078,-3.1527252197265625,32.8216552734375
-27.806119918823242,-3.223430633544922,32.93574523925781
-27.729158401489258,-3.3669815063476562,33.163665771484375
-27.625165939331055,-3.352001190185547,33.233612060546875
-27.659700393676758,-3.2933006286621094,33.36705017089844
-27.532543182373047,-3.2790184020996094,33.447052001953125
-27.378559112548828,-3.243732452392578,33.37968444824219
-27.34034538269043,-3.3063888549804688,33.29986572265625
-27.36431312561035,-3.3233070373535156,33.36247253417969
-27.347185134887695,-3.258739471435547,33.34452819824219
-27.313840866088867,-3.323650360107422,33.469696044921875
-27.39348030090332,-3.2946624755859375,33.50801086425781
-27.27389907836914,-3.3328399658203125,33.49940490722656
-27.22959327697754,-3.242809295654297,33.39509582519531
-27.22821617126465,-3.2570037841796875,33.518768310546875
-27.2049560546875,-3.1879425048828125,33.59584045410156
-27.311500549316406,-3.148975372314453,33.77433776855469
-27.31970977783203,-3.167552947998047,34.067474365234375
-27.24088478088379,-3.0902061462402344,34.254425048828125
-27.193355560302734,-2.8962135314941406,34.24256896972656
-27.000587463378906,-2.7679061889648438,34.26332092285156
-27.101276397705078,-2.7602386474609375,34.44024658203125
-27.06686019897461,-2.787445068359375,34.602081298828125
-27.035202026367188,-2.6322975158691406,34.69810485839844
-26.92056655883789,-2.5645751953125,34.94206237792969
-26.734615325927734,-2.4202346801757812,35.18345642089844
-26.685577392578125,-2.328746795654297,35.36500549316406
-26.753328323364258,-2.3143768310546875,35.56382751464844
-26.622066497802734,-2.2435035705566406,35.89625549316406
-26.438861846923828,-2.0972747802734375,36.22369384765625
-26.394424438476562,-1.9807052612304688,36.36393737792969
-26.20752716064453,-1.93798828125,36.808441162109375
-26.030086517333984,-1.7232513427734375,37.06571960449219
-25.844512939453125,-1.5305213928222656,37.41606140136719
-25.565471649169922,-1.2259864807128906,37.89814758300781
-25.240816116333008,-0.9125442504882812,38.3782958984375
-25.003965377807617,-0.5696907043457031,38.87724304199219
-24.71882438659668,-0.22058486938476562,39.568756103515625
-24.419448852539062,0.15865707397460938,40.37333679199219
-24.052568435668945,0.6198158264160156,41.012481689453125
-23.781320571899414,1.2115554809570312,41.77543640136719
-23.30986785888672,1.7116622924804688,42.559173583984375
-22.914785385131836,2.2869491577148438,43.564453125
-22.501670837402344,3.085765838623047,44.57196044921875
-22.184322357177734,4.059917449951172,45.74375915527344
-21.972854614257812,5.089382171630859,46.91656494140625
-21.765575408935547,6.178974151611328,48.22074890136719
-21.77047348022461,7.262119293212891,49.49395751953125
-21.75348663330078,8.569316864013672,50.83772277832031
-21.88577651977539,10.01021957397461,51.93162536621094
-22.118770599365234,11.493160247802734,53.25038146972656
-22.387836456298828,13.217021942138672,54.62651062011719
-22.831541061401367,14.943241119384766,55.82264709472656
-23.342012405395508,16.752582550048828,56.80101013183594
-23.858123779296875,18.35818862915039,57.77752685546875
-24.455495834350586,19.950138092041016,58.5499267578125
-25.08113670349121,21.47079849243164,59.143585205078125
-25.643321990966797,22.843944549560547,59.73260498046875
-26.277517318725586,24.14896011352539,60.19963073730469
-26.870681762695312,25.34988021850586,60.570831298828125
-27.16860580444336,26.366703033447266,60.98451232910156
-27.25631332397461,27.123577117919922,61.38768005371094
-27.29947280883789,27.818042755126953,61.5543212890625
-27.249698638916016,28.450054168701172,61.78846740722656
-27.1107177734375,29.13967514038086,61.93330383300781
-26.93975830078125,29.56760025024414,62.181732177734375
-26.86783790588379,29.987857818603516,62.54652404785156
-26.602184295654297,30.399005889892578,62.75450134277344
-26.3898868560791,30.94900131225586,62.72935485839844
-26.388805389404297,31.303234100341797,62.86518859863281
-26.203929901123047,31.626041412353516,62.890533447265625
-26.004634857177734,32.082828521728516,63.10102844238281
-25.803874969482422,32.40615463256836,63.2530517578125
-25.376577377319336,32.70064926147461,63.47740173339844
-25.176881790161133,32.91989517211914,63.60072326660156
-24.994491577148438,33.12429428100586,63.67054748535156
-24.967042922973633,33.34675216674805,63.53717041015625
-24.978803634643555,33.45792007446289,63.60926818847656
-24.979007720947266,33.65658187866211,63.78562927246094
-24.979007720947266,33.65658187866211,63.78562927246094
-24.74905776977539,33.90041732788086,63.84100341796875
-24.74905776977539,33.90041732788086,63.84100341796875
-24.721094131469727,34.05512619018555,63.88838195800781
-24.655771255493164,34.15604782104492,63.99223327636719
-24.721134185791016,34.25819778442383,64.13629150390625
-24.62799072265625,34.53642654418945,64.239013671875
-24.553712844848633,34.76356887817383,64.09841918945312
-24.667678833007812,35.022403717041016,64.07565307617188
-24.739654541015625,35.28617477416992,64.180908203125
-24.774002075195312,35.68887710571289,64.26480102539062
-24.88040542602539,36.04037857055664,64.39390563964844
-25.18829345703125,36.591304779052734,64.56610107421875
-25.47200584411621,37.16950607299805,64.70404052734375
-25.75321388244629,37.80842971801758,64.74998474121094
-26.03616714477539,38.438114166259766,64.72476196289062
-26.444843292236328,38.91819381713867,64.77882385253906
-26.822452545166016,39.40449142456055,64.92919921875
-26.86456871032715,39.40358352661133,64.87548828125
-26.73308753967285,39.2232780456543,64.81109619140625
-26.391328811645508,39.021114349365234,64.88142395019531
-26.274520874023438,38.45412826538086,64.75767517089844
-26.22672462463379,37.91621017456055,64.66119384765625
-26.190515518188477,37.321102142333984,64.4151611328125
-25.946815490722656,36.88412094116211,64.31991577148438
-25.699491500854492,36.26009750366211,64.18405151367188
-25.775428771972656,35.70766830444336,64.23988342285156
-25.906780242919922,35.46964645385742,64.0428466796875
-26.127685546875,35.301517486572266,64.02885437011719
-26.22256088256836,35.1672248840332,64.15892028808594
-26.236454010009766,35.274227142333984,64.16627502441406
-26.27092933654785,35.387264251708984,64.13658142089844
-26.151060104370117,35.481258392333984,64.15542602539062
-26.060834884643555,35.6469841003418,64.2449951171875
-25.99735450744629,35.65504837036133,64.30592346191406
-25.87561798095703,35.79063034057617,64.31370544433594
-25.776676177978516,35.662288665771484,64.401611328125
-25.69096565246582,35.54623031616211,64.49012756347656
-25.68567657470703,35.604923248291016,64.59550476074219
-25.68069839477539,35.7817268371582,64.65158081054688
-25.681060791015625,35.79990768432617,64.71003723144531
-25.799341201782227,35.79934310913086,64.65237426757812
-25.664932250976562,35.8328971862793,64.87326049804688
-25.62103271484375,35.923892974853516,64.82484436035156
-25.64681053161621,35.92910385131836,64.65435791015625
-25.673751831054688,35.959415435791016,64.5369873046875
-25.52423095703125,35.918941497802734,64.49760437011719
-25.37073516845703,35.92495346069336,64.54057312011719
-25.416854858398438,35.91508865356445,64.50178527832031
-25.373981475830078,36.0646858215332,64.40155029296875
-25.324207305908203,35.9441032409668,64.36088562011719
-25.32811737060547,35.97958755493164,64.32510375976562
-25.28689956665039,35.959964752197266,64.361328125
-25.130083084106445,35.98971939086914,64.23320007324219
-25.23866844177246,36.05270767211914,64.28059387207031
-25.219554901123047,36.17366409301758,64.29093933105469
-25.254756927490234,36.1969108581543,64.29922485351562
-25.070514678955078,36.24702835083008,64.32267761230469
-25.097129821777344,36.24880599975586,64.4732666015625
-25.098003387451172,36.19121170043945,64.52323913574219
-25.090742111206055,36.19501876831055,64.6551513671875
-25.024587631225586,36.25648880004883,64.56672668457031
-25.02597427368164,36.1758918762207,64.62254333496094
-25.036861419677734,36.075313568115234,64.73165893554688
-24.984416961669922,36.1886100769043,64.81977844238281
-24.791038513183594,36.188846588134766,64.70454406738281
-24.801790237426758,36.11391067504883,64.70280456542969
-24.795833587646484,36.046268463134766,64.55116271972656
-24.80080795288086,36.02297592163086,64.54833984375
-24.80548858642578,36.11296463012695,64.52845764160156
-24.744108200073242,36.22700119018555,64.51947021484375
-24.854955673217773,36.26936721801758,64.40727233886719
-25.12364387512207,36.23068618774414,64.48368835449219
-25.080747604370117,36.13129806518555,64.44140625
-24.954565048217773,36.124080657958984,64.47425842285156
-24.943267822265625,36.08943557739258,64.51327514648438
-24.909934997558594,36.13356399536133,64.36306762695312
-24.760417938232422,36.04710006713867,64.30465698242188
-24.792116165161133,36.11577224731445,64.28511047363281
-24.75210189819336,36.093990325927734,64.35002136230469
-24.85614013671875,36.09810256958008,64.34814453125
-24.935123443603516,36.13326644897461,64.49440002441406
-24.958518981933594,36.230464935302734,64.48333740234375
-24.967132568359375,36.19687271118164,64.49433898925781
-24.863435745239258,36.22040939331055,64.51170349121094
-24.800575256347656,36.17844009399414,64.29985046386719
-24.858779907226562,36.237056732177734,64.10871887207031
-24.950632095336914,36.30289840698242,64.02186584472656
-24.956449508666992,36.199337005615234,64.06736755371094
-24.909027099609375,36.19119644165039,64.02162170410156
-24.8780517578125,36.21406936645508,64.12193298339844
-24.919462203979492,36.21743392944336,64.14686584472656
-24.95269775390625,36.24806594848633,64.20365905761719
-24.891094207763672,36.22793960571289,64.02323913574219
-24.889759063720703,36.239559173583984,63.89617919921875
-24.931549072265625,36.22004318237305,63.98847961425781
-24.979169845581055,36.17593002319336,63.88703918457031
-25.06903648376465,36.330196380615234,63.86271667480469
-25.06559944152832,36.38870620727539,63.81758117675781
-25.103439331054688,36.417179107666016,63.83644104003906
-25.093019485473633,36.382266998291016,63.95903015136719
-24.916851043701172,36.2155647277832,63.86717224121094
-24.95207405090332,36.2133903503418,63.887054443359375
-24.955974578857422,36.26559829711914,64.00750732421875
-24.839366912841797,36.222171783447266,64.00360107421875
-24.842288970947266,36.2519416809082,63.98551940917969
-24.900146484375,36.22286605834961,64.05442810058594
-24.959840774536133,36.22707748413086,64.06085205078125
-25.085880279541016,36.323970794677734,64.01123046875
-25.078874588012695,36.33980178833008,64.02505493164062
-25.033172607421875,36.34870529174805,64.02497863769531
-25.101261138916016,36.31034469604492,64.14888000488281
-25.064598083496094,36.3862419128418,64.18794250488281
-25.066585540771484,36.299251556396484,64.28485107421875
-24.93004608154297,36.29349899291992,64.29112243652344
-24.970849990844727,36.179996490478516,64.25285339355469
-24.974199295043945,36.11214828491211,64.18675231933594
-25.04819107055664,36.10873031616211,64.32228088378906
-25.077449798583984,36.0520133972168,64.47686767578125
-25.21527099609375,36.11691665649414,64.45085144042969
-25.178184509277344,36.02339553833008,64.63163757324219
-25.249509811401367,35.95083236694336,64.50163269042969
-25.246437072753906,35.91953659057617,64.5501708984375
-25.15317153930664,35.954586029052734,64.54005432128906
-25.114564895629883,36.01694869995117,64.48147583007812
-25.23024559020996,36.060359954833984,64.27400207519531
-25.25480842590332,36.110713958740234,64.2442626953125
-25.19510269165039,36.2295036315918,64.17636108398438
-25.24483871459961,36.234798431396484,64.12794494628906
-25.23965072631836,36.26996994018555,64.29084777832031
-25.22207260131836,36.248966217041016,64.35481262207031
-25.08495330810547,36.2720832824707,64.42144775390625
-24.934072494506836,36.3026008605957,64.43524169921875
-25.019622802734375,36.36619186401367,64.47727966308594
-25.103288650512695,36.20601272583008,64.53302001953125
-25.06201934814453,36.2658805847168,64.49073791503906
-25.070709228515625,36.1979866027832,64.5062255859375
-25.045421600341797,36.10495376586914,64.53758239746094
-25.179336547851562,36.0955696105957,64.38055419921875
-25.23577880859375,36.07026290893555,64.32991027832031
-25.249221801757812,35.95346450805664,64.29025268554688
-25.209274291992188,35.972957611083984,64.35665893554688
-25.06939125061035,35.90312576293945,64.431396484375
-25.074235916137695,35.91347885131836,64.46989440917969
-25.127609252929688,36.12739181518555,64.50968933105469
-25.24707794189453,36.240909576416016,64.52801513671875
-25.221643447875977,36.272525787353516,64.48573303222656
-25.217744827270508,36.21065139770508,64.35795593261719
-25.254776000976562,36.06911849975586,64.44902038574219
-25.26722526550293,36.09762191772461,64.43205261230469
-25.235280990600586,36.03549575805664,64.60186767578125
-25.114147186279297,36.001468658447266,64.65687561035156
-25.023944854736328,36.01576614379883,64.58271789550781
-25.0302791595459,36.0713005065918,64.5386962890625
-25.203998565673828,36.1542854309082,64.43084716796875
-25.19486427307129,36.129390716552734,64.36114501953125
-25.180225372314453,35.96272659301758,64.46026611328125
-25.08346939086914,35.903743743896484,64.48052978515625
-25.178747177124023,35.98234176635742,64.32598876953125
-25.243370056152344,36.049373626708984,64.31401062011719
-25.206518173217773,36.20473861694336,64.34617614746094
-25.295616149902344,36.08395004272461,64.30726623535156
-25.1937255859375,36.09482955932617,64.31748962402344
-25.255996704101562,36.22832107543945,64.2882080078125
-25.201705932617188,36.18967056274414,64.32669067382812
-25.11213493347168,36.12812423706055,64.47169494628906
-25.096105575561523,35.955562591552734,64.49494934082031
-25.032575607299805,35.9875373840332,64.43528747558594
-24.92513656616211,35.99788284301758,64.43930053710938
-24.768293380737305,35.97652816772461,64.48503112792969
-24.824451446533203,35.99972152709961,64.51957702636719
-25.001937866210938,35.93928146362305,64.61402893066406
-24.99083137512207,36.09610366821289,64.61735534667969
-24.90041732788086,36.076778411865234,64.91069030761719
-24.89301300048828,36.06624221801758,64.77043151855469
-25.010469436645508,36.12202835083008,64.69219970703125
-25.182716369628906,36.209964752197266,64.50796508789062
-25.196088790893555,36.24411392211914,64.489013671875
-25.17287826538086,36.25461196899414,64.47027587890625
-25.187633514404297,36.2233772277832,64.52043151855469
-25.256227493286133,36.126407623291016,64.40434265136719
-25.171031951904297,36.21425247192383,64.20553588867188
-25.17578887939453,36.23714065551758,64.25445556640625
-25.212139129638672,36.19765090942383,64.330810546875
-25.17650604248047,36.174991607666016,64.39974975585938
-25.17110252380371,36.161983489990234,64.59487915039062
-25.20343780517578,36.14796829223633,64.66389465332031
-25.297576904296875,36.1634635925293,64.69087219238281
-25.226234436035156,36.076908111572266,64.5513916015625
-25.17703628540039,36.12575149536133,64.49032592773438
-25.228464126586914,36.21493911743164,64.53070068359375
-25.215091705322266,36.21890640258789,64.57302856445312
-25.193775177001953,36.18605422973633,64.87461853027344
-25.10521697998047,36.187252044677734,64.87083435058594
-25.018718719482422,36.27023696899414,64.70414733886719
-25.113433837890625,36.36299514770508,64.58917236328125
-25.199085235595703,36.37874984741211,64.59141540527344
-25.189525604248047,36.39933395385742,64.57658386230469
-25.150869369506836,36.49435806274414,64.60845947265625
-25.179306030273438,36.53262710571289,64.66690063476562
-25.090139389038086,36.49576187133789,64.62510681152344
-25.046051025390625,36.47682571411133,64.58773803710938
-25.026351928710938,36.3519172668457,64.48780822753906
-24.980281829833984,36.314632415771484,64.32704162597656
-24.966928482055664,36.44437789916992,64.45245361328125
-24.92353630065918,36.39289474487305,64.46018981933594
-24.925048828125,36.35531997680664,64.45787048339844
-25.07895851135254,36.39573287963867,64.48298645019531
-24.990209579467773,36.329891204833984,64.46974182128906
-25.081937789916992,36.39613723754883,64.49714660644531
-24.991539001464844,36.2667350769043,64.547607421875
-25.03321647644043,36.28390884399414,64.45350646972656
-25.03367042541504,36.232540130615234,64.43247985839844
-25.180194854736328,36.23466873168945,64.38179016113281
-25.1838321685791,36.352664947509766,64.42385864257812
-25.17561149597168,36.37253952026367,64.48516845703125
-25.141233444213867,36.4042854309082,64.51812744140625
-25.242889404296875,36.234188079833984,64.26493835449219
-25.2684383392334,36.20771408081055,64.29255676269531
-25.3774356842041,36.207401275634766,64.45393371582031
-25.265621185302734,36.1603889465332,64.43063354492188
-25.25527000427246,36.28934860229492,64.44607543945312
-25.07880401611328,36.31888961791992,64.42385864257812
-25.128711700439453,36.29666519165039,64.47970581054688
-25.04391860961914,36.178775787353516,64.60142517089844
-25.06015396118164,36.07444381713867,64.63705444335938
-25.072589874267578,36.001590728759766,64.79725646972656
-24.951698303222656,35.920536041259766,64.72653198242188
-24.974262237548828,36.081363677978516,64.7362060546875
-24.804914474487305,36.12553787231445,64.74136352539062
-24.847787857055664,36.050411224365234,64.70986938476562
-24.9094295501709,36.0903205871582,64.59414672851562
-24.983354568481445,36.07326126098633,64.51339721679688
-25.128498077392578,36.035640716552734,64.54525756835938
-25.159730911254883,36.06660842895508,64.58137512207031
-25.050443649291992,35.992679595947266,64.59547424316406
-25.00224494934082,35.92351150512695,64.50355529785156
-24.985929489135742,35.92215347290039,64.64901733398438
-24.920833587646484,35.9352912902832,64.90565490722656
-24.958797454833984,36.0621223449707,64.98860168457031
-24.931777954101562,35.99929428100586,65.0235595703125
-24.961200714111328,35.98514938354492,64.86518859863281
-25.080581665039062,35.913631439208984,64.68241882324219
-25.1669864654541,35.899539947509766,64.64054870605469
-25.136823654174805,35.9531135559082,64.49296569824219
-25.10494613647461,36.01693344116211,64.47943115234375
-24.98272705078125,36.03445053100586,64.41119384765625
-24.941513061523438,36.13911056518555,64.46286010742188
-24.941890716552734,36.08596420288086,64.52140808105469
-24.883312225341797,36.234073638916016,64.54804992675781
-24.896780014038086,36.23768997192383,64.42425537109375
-24.965442657470703,36.090457916259766,64.38752746582031
-24.975139617919922,36.040775299072266,64.44688415527344
-24.907054901123047,36.095821380615234,64.52029418945312
-24.805347442626953,36.1993293762207,64.506591796875
-24.865257263183594,36.26510238647461,64.50837707519531
-24.8863582611084,36.23781967163086,64.618896484375
-24.88655662536621,36.203121185302734,64.6392822265625
-24.874713897705078,36.06440353393555,64.68571472167969
-24.834272384643555,36.18349838256836,64.66188049316406
-24.835033416748047,36.25198745727539,64.8056640625
-24.749744415283203,36.127323150634766,64.86367797851562
-24.885377883911133,36.03953170776367,64.83828735351562
-24.834503173828125,36.01710891723633,64.86940002441406
-24.856809616088867,36.08891677856445,64.84356689453125
-24.919692993164062,36.03255081176758,64.69638061523438
-24.907920837402344,36.08222579956055,64.54473876953125
-24.8952579498291,36.05018997192383,64.51123046875
-24.930110931396484,36.0484504699707,64.49913024902344
-24.939626693725586,36.21909713745117,64.54307556152344
-24.915939331054688,36.171634674072266,64.52069091796875
-24.881362915039062,36.34572982788086,64.548828125
-24.896060943603516,36.31661605834961,64.45584106445312
-24.92578887939453,36.33341598510742,64.34600830078125
-24.837848663330078,36.38530349731445,64.36056518554688
-24.88601303100586,36.32979965209961,64.42501831054688
-25.06267547607422,36.31879806518555,64.47398376464844
-25.096908569335938,36.33295822143555,64.35874938964844
-24.933610916137695,36.344966888427734,64.46807861328125
-24.905506134033203,36.3354377746582,64.44114685058594
-24.97529411315918,36.356868743896484,64.46180725097656
-24.912151336669922,36.35451889038086,64.51695251464844
-24.88638687133789,36.31379318237305,64.45646667480469
-24.845420837402344,36.29487228393555,64.39923095703125
-24.755342483520508,36.21834945678711,64.32371520996094
-24.815908432006836,36.1292610168457,64.30532836914062
-24.789024353027344,36.07686233520508,64.28291320800781
-24.882770538330078,36.0772590637207,64.43243408203125
-24.894977569580078,36.06858444213867,64.39762878417969
-25.00130271911621,36.04976272583008,64.44189453125
-24.93889617919922,35.99953079223633,64.59828186035156
-24.989524841308594,35.98355484008789,64.6912841796875
-24.896347045898438,36.08951950073242,64.78636169433594
-24.967010498046875,36.169742584228516,64.685302734375
-25.06436538696289,36.2271842956543,64.70768737792969
-25.064105987548828,36.21098709106445,64.70924377441406
-24.968036651611328,36.25863265991211,64.70143127441406
-24.9520263671875,36.18142318725586,64.80793762207031
-24.886207580566406,36.00815200805664,64.71578979492188
-24.925472259521484,36.115177154541016,64.67848205566406
-24.83330535888672,36.12069320678711,64.61880493164062
-24.882755279541016,36.09543228149414,64.4801025390625
-24.911685943603516,36.07808303833008,64.33714294433594
-24.93869400024414,36.088077545166016,64.3204345703125
-24.950408935546875,36.20750045776367,64.36882019042969
-24.874309539794922,36.168697357177734,64.31550598144531
-24.862876892089844,36.14323043823242,64.32978820800781
-24.822673797607422,36.02714157104492,64.30322265625
-24.793012619018555,36.0164680480957,64.40629577636719
-24.76858901977539,35.97188949584961,64.56976318359375
-24.87735939025879,35.93912887573242,64.61326599121094
-24.970951080322266,35.86508560180664,64.52595520019531
-24.89970588684082,35.887935638427734,64.5250244140625
-24.885498046875,35.95882034301758,64.37187194824219
-25.005775451660156,35.83867263793945,64.32870483398438
-24.90781593322754,35.8439826965332,64.31361389160156
-24.879215240478516,35.95523452758789,64.28260803222656
-24.917226791381836,35.9316291809082,64.21757507324219
-24.940303802490234,36.0825080871582,64.27482604980469
-24.975635528564453,36.16127395629883,64.46397399902344
-24.912368774414062,36.192081451416016,64.54812622070312
-24.846223831176758,36.250003814697266,64.65983581542969
-24.782730102539062,36.27657699584961,64.70449829101562
-24.93471908569336,36.26191329956055,64.66456604003906
-25.064311981201172,36.27476119995117,64.53770446777344
-24.92056655883789,36.21273422241211,64.60867309570312
-24.894195556640625,36.26852798461914,64.60980224609375
-24.967830657958984,36.0989875793457,64.64009094238281
-24.82891082763672,36.12350845336914,64.58174133300781
-24.84497833251953,36.105167388916016,64.44859313964844
-24.89459228515625,36.10507583618164,64.46234130859375
-24.87510108947754,36.04890823364258,64.57675170898438
-25.036701202392578,35.92654800415039,64.54541015625
-25.100933074951172,35.92380142211914,64.53791809082031
-25.179624557495117,35.92356491088867,64.38084411621094
-25.166629791259766,35.89284896850586,64.44578552246094
-25.164995193481445,35.8791389465332,64.631103515625
-25.142850875854492,35.935970306396484,64.55038452148438
-25.098833084106445,35.96230697631836,64.49920654296875
-25.212757110595703,35.9003791809082,64.64596557617188
-25.184104919433594,35.98521041870117,64.67977905273438
-25.150516510009766,36.00717544555664,64.70181274414062
-25.08441162109375,36.01676559448242,64.53872680664062
-25.081579208374023,36.01558303833008,64.51420593261719
-25.17781639099121,35.99445724487305,64.52670288085938
-25.09245491027832,35.94243240356445,64.51823425292969
-24.99108123779297,35.8022346496582,64.554443359375
-24.971094131469727,35.7806282043457,64.632080078125
-24.942602157592773,35.942203521728516,64.50445556640625
-24.977863311767578,35.82542037963867,64.46125793457031
-24.905820846557617,35.95229721069336,64.40646362304688
-24.936294555664062,35.964962005615234,64.4058837890625
-24.87699317932129,35.81119155883789,64.45579528808594
-24.870136260986328,35.81940841674805,64.59358215332031
-24.889022827148438,35.837703704833984,64.63041687011719
-24.936141967773438,35.80653762817383,64.65921020507812
-25.030548095703125,35.8635139465332,64.63475036621094
-24.952341079711914,35.87002182006836,64.65972900390625
-25.089073181152344,35.83991622924805,64.70095825195312
-25.10418128967285,35.87521743774414,64.71726989746094
-24.991451263427734,35.89169692993164,64.7841796875
-24.903629302978516,35.9264030456543,64.89373779296875
-24.919404983520508,35.96872329711914,65.00154113769531
-24.971576690673828,35.97750473022461,64.85658264160156
-24.971576690673828,35.97750473022461,64.85658264160156
-25.091720581054688,35.97671890258789,64.94486999511719
-25.091955184936523,35.907657623291016,65.01593017578125
-25.13800048828125,35.938236236572266,64.99160766601562
-25.096111297607422,35.918331146240234,64.89506530761719
-25.052946090698242,35.95161056518555,64.72732543945312
-25.178476333618164,35.99611282348633,64.67681884765625
-25.274492263793945,36.06208419799805,64.63316345214844
-25.293195724487305,36.03861618041992,64.75723266601562
-25.383575439453125,36.04558181762695,64.66365051269531
-25.229644775390625,36.1223030090332,64.55131530761719
-25.27498435974121,36.23500442504883,64.54524230957031
-25.198551177978516,36.08122634887695,64.49971008300781
-25.249052047729492,36.02544021606445,64.580322265625
-25.34598159790039,35.93891525268555,64.77847290039062
-25.258460998535156,35.836238861083984,64.77793884277344
-25.25017547607422,35.89799118041992,64.77922058105469
-25.243396759033203,35.974491119384766,64.74267578125
-25.373506546020508,35.953250885009766,64.63542175292969
-25.38218879699707,35.913700103759766,64.61741638183594
-25.416828155517578,36.0069465637207,64.62042236328125
-25.356061935424805,36.049259185791016,64.66094970703125
-25.493654251098633,36.06252670288086,64.71405029296875
-25.383068084716797,36.0573844909668,64.65951538085938
-25.25153923034668,36.19460678100586,64.69956970214844
-25.258487701416016,36.12376022338867,64.60000610351562
-25.098844528198242,36.12163162231445,64.65347290039062
-24.951234817504883,36.04372024536133,64.61463928222656
-25.050617218017578,36.08987045288086,64.63140869140625
-25.119422912597656,35.9837532043457,64.66026306152344
-25.225536346435547,36.06403732299805,64.76699829101562
-25.212684631347656,36.09629440307617,64.84835815429688
-25.23082733154297,36.139705657958984,64.87130737304688
-25.255781173706055,36.0471076965332,64.85623168945312
-25.2791805267334,36.11337661743164,64.80416870117188
-25.202104568481445,36.0571174621582,64.91555786132812
-25.26877212524414,36.09038162231445,64.99119567871094
-25.209545135498047,35.975826263427734,64.97468566894531
-25.26628303527832,36.112300872802734,64.99008178710938
-25.324195861816406,36.13883590698242,65.10218811035156
-25.503929138183594,36.10911178588867,65.07997131347656
-25.38898277282715,36.09160232543945,65.25007629394531
-25.409801483154297,36.05715560913086,65.28785705566406
-25.40454864501953,36.108333587646484,65.28944396972656
-25.430484771728516,36.08577346801758,65.13435363769531
-25.32887077331543,36.050594329833984,65.00764465332031
-25.220809936523438,36.2077522277832,64.77557373046875
-25.14044189453125,36.24894332885742,64.84779357910156
-25.202417373657227,36.112972259521484,64.95010375976562
-25.17426300048828,35.94509506225586,64.82200622558594
-25.202022552490234,35.94217300415039,64.81996154785156
-25.230926513671875,35.958126068115234,64.69807434082031
-25.237285614013672,36.022464752197266,64.697265625
-25.123023986816406,36.1561164855957,64.61296081542969
-25.027301788330078,36.16648483276367,64.61767578125
-24.982810974121094,36.19687271118164,64.80824279785156
-24.998397827148438,36.1790885925293,64.73487854003906
-25.019428253173828,36.07834243774414,64.65806579589844
-25.10732650756836,36.23031234741211,64.67948913574219
-25.07921600341797,36.2503547668457,64.38824462890625
-24.97382164001465,36.20908737182617,64.43406677246094
-24.997684478759766,36.296207427978516,64.53202819824219
-25.13288116455078,36.37996292114258,64.65029907226562
-25.237707138061523,36.27547073364258,64.48635864257812
-25.210233688354492,36.184513092041016,64.45419311523438
-25.21894073486328,35.996456146240234,64.49189758300781
-25.234603881835938,36.0630989074707,64.61123657226562
-25.215660095214844,36.1888542175293,64.77284240722656
-25.10087776184082,36.15761184692383,64.68556213378906
-25.23810577392578,36.214664459228516,64.64613342285156
-25.100793838500977,36.11123275756836,64.66789245605469
-25.039291381835938,35.9455680847168,64.82225036621094
-25.06447982788086,36.08572769165039,64.74658203125
-25.102027893066406,36.18430709838867,64.52471923828125
-25.12601089477539,36.26083755493164,64.47677612304688
-25.108089447021484,36.23454666137695,64.46533203125
-25.042078018188477,36.19173812866211,64.62991333007812
-25.021446228027344,36.317874908447266,64.61466979980469
-25.189115524291992,36.34818649291992,64.79771423339844
-25.069395065307617,36.37569808959961,64.77590942382812
-25.11058807373047,36.311214447021484,64.81402587890625
-25.10694122314453,36.26798629760742,64.82217407226562
-25.056346893310547,36.24379348754883,64.79322814941406
-24.964998245239258,36.23196792602539,64.70219421386719
-25.081771850585938,36.26950454711914,64.58531188964844
-24.939693450927734,36.19160079956055,64.62654113769531
-25.02710723876953,36.174503326416016,64.75154113769531
-24.97652244567871,36.206600189208984,64.75149536132812
-24.974645614624023,36.25456619262695,64.77569580078125
-24.89049530029297,36.22696304321289,64.65104675292969
-25.106468200683594,36.207698822021484,64.49951171875
-25.189735412597656,36.227787017822266,64.47413635253906
-25.19491958618164,36.19514083862305,64.47152709960938
-25.206363677978516,36.15574264526367,64.58514404296875
-25.230195999145508,36.2616081237793,64.47206115722656
-25.0689697265625,36.33803939819336,64.21531677246094
-25.07780647277832,36.202274322509766,64.31390380859375
-25.094228744506836,36.3057975769043,64.42703247070312
-25.217668533325195,36.3558235168457,64.46733093261719
-25.294891357421875,36.31178665161133,64.5439453125
-25.311248779296875,36.32157516479492,64.58894348144531
-25.347877502441406,36.3801155090332,64.74848937988281
-25.52028465270996,36.3187370300293,64.86860656738281
-25.663864135742188,36.33536148071289,65.05979919433594
-25.730358123779297,36.301692962646484,65.10543823242188
-25.840835571289062,36.2968864440918,64.96961975097656
-26.08283805847168,36.326969146728516,64.92778015136719
-26.19839096069336,36.38322830200195,65.0902099609375
-26.209096908569336,36.481327056884766,65.18876647949219
-26.240110397338867,36.39193344116211,65.28852844238281
-26.110576629638672,36.43349075317383,65.17451477050781
-26.19613265991211,36.32730484008789,65.00975036621094
-26.2724552154541,36.33377456665039,64.82972717285156
-26.21644401550293,36.317386627197266,64.8836669921875
-26.129798889160156,36.2896842956543,65.00517272949219
-26.259349822998047,36.1795768737793,65.08708190917969
-26.24335479736328,36.2008171081543,65.096435546875
-26.39598274230957,36.2805061340332,65.15074157714844
-26.483009338378906,36.33503341674805,65.170166015625
-26.54107093811035,36.18806076049805,64.997802734375
-26.60675048828125,36.19084548950195,64.88034057617188
-26.69505500793457,35.99485397338867,64.68771362304688
-26.600383758544922,35.819881439208984,64.63275146484375
-26.578975677490234,35.40019607543945,64.62100219726562
-26.523847579956055,34.61056137084961,64.55024719238281
-26.574678421020508,33.833553314208984,64.47862243652344
-26.62472152709961,33.1181755065918,64.38609313964844
-26.638080596923828,32.66056442260742,64.04840087890625
-26.623750686645508,32.42927932739258,64.10408020019531
-26.647977828979492,32.28721237182617,64.17230224609375
-26.561168670654297,32.242130279541016,64.22306823730469
-26.562149047851562,32.22663497924805,64.13812255859375
-26.39166831970215,32.210994720458984,64.11669921875
-26.267772674560547,32.01536178588867,64.1805419921875
-26.05394744873047,31.85531997680664,64.17123413085938
-25.633834838867188,31.78390121459961,64.32347106933594
-24.933731079101562,31.625072479248047,64.32414245605469
-24.214460372924805,31.441097259521484,64.50149536132812
-23.48151397705078,31.359622955322266,64.3607177734375
-22.55453872680664,31.440364837646484,64.40925598144531
-21.49843978881836,31.545093536376953,64.389892578125
-20.260761260986328,31.559345245361328,64.56005859375
-19.10553550720215,31.777843475341797,64.58686828613281
-17.97222900390625,31.950389862060547,64.44282531738281
-17.114543914794922,31.959354400634766,64.4815673828125
-16.465978622436523,31.749126434326172,64.23126220703125
-15.88592529296875,31.152347564697266,63.9566650390625
-15.374887466430664,30.225177764892578,63.68321228027344
-14.770599365234375,29.10171127319336,63.30216979980469
-14.244792938232422,27.910404205322266,62.88914489746094
-13.435991287231445,26.580318450927734,62.41117858886719
-12.395231246948242,25.128063201904297,61.56288146972656
-11.309041976928711,23.240886688232422,60.53834533691406
-10.292556762695312,21.220165252685547,59.44676208496094
-9.453285217285156,18.916629791259766,58.03315734863281
-8.676557540893555,16.602336883544922,56.2440185546875
-8.311162948608398,14.241870880126953,54.353363037109375
-8.229686737060547,11.93642807006836,52.3626708984375
-8.251516342163086,9.771076202392578,50.23863220214844
-8.524101257324219,7.453388214111328,48.17231750488281
-9.109088897705078,5.353496551513672,46.22943115234375
-9.655950546264648,3.5598487854003906,43.9871826171875
-10.32516860961914,1.8750038146972656,41.99934387207031
-11.040660858154297,0.39147186279296875,39.9918212890625
-11.852743148803711,-0.8751945495605469,37.94664001464844
-12.563680648803711,-2.0304718017578125,35.9000244140625
-13.349742889404297,-2.9832229614257812,34.037384033203125
-14.233880996704102,-3.9525833129882812,32.38426208496094
-15.088077545166016,-4.718402862548828,30.907638549804688
-15.863792419433594,-5.247936248779297,29.4708251953125
-16.604389190673828,-5.613288879394531,28.35052490234375
-17.543167114257812,-5.9162139892578125,27.062591552734375
-18.61060333251953,-6.343666076660156,25.910491943359375
-19.731184005737305,-6.4909515380859375,24.766067504882812
-20.855876922607422,-6.631160736083984,23.716690063476562
-21.83334732055664,-6.7025146484375,22.5806884765625
-22.829532623291016,-6.838848114013672,21.564590454101562
-23.78995704650879,-6.895420074462891,20.586502075195312
-24.70214080810547,-6.8515472412109375,19.788009643554688
-25.702526092529297,-6.763130187988281,18.94622802734375
-26.45943832397461,-6.678409576416016,18.229629516601562
-27.240266799926758,-6.512626647949219,17.573684692382812
-27.99589729309082,-6.487846374511719,16.851760864257812
-28.697450637817383,-6.39703369140625,16.15057373046875
-29.15409278869629,-6.309741973876953,15.5775146484375
-29.628183364868164,-6.218299865722656,15.136505126953125
-30.105897903442383,-6.0858306884765625,14.60394287109375
-30.532487869262695,-5.906352996826172,14.218612670898438
-30.941797256469727,-5.863765716552734,14.046127319335938
-31.201641082763672,-5.8197021484375,14.00067138671875
-31.50469970703125,-5.631011962890625,13.932769775390625
-31.678499221801758,-5.636646270751953,14.133010864257812
-31.796472549438477,-5.546794891357422,14.344268798828125
-31.98406219482422,-5.505146026611328,14.636459350585938
-32.13298797607422,-5.370967864990234,14.80615234375
-32.11050033569336,-5.333805084228516,14.84295654296875
-32.13188171386719,-5.388408660888672,14.839385986328125
-32.15022659301758,-5.22418212890625,14.953384399414062
-32.25748825073242,-5.3242950439453125,14.921493530273438
-32.28413009643555,-5.217243194580078,14.918746948242188
-32.35414123535156,-5.187408447265625,14.877853393554688
-32.290748596191406,-5.0218048095703125,15.063735961914062
-32.290977478027344,-4.742694854736328,15.215728759765625
-32.556758880615234,-3.9444313049316406,15.148941040039062
-33.64252471923828,-1.5661849975585938,14.397018432617188
-35.05752182006836,1.7175025939941406,12.574066162109375
-35.92332077026367,2.564239501953125,10.008026123046875
-33.731746673583984,-3.0181045532226562,7.2895660400390625
-26.70278549194336,-15.517765045166016,5.992034912109375
-18.950584411621094,-28.08950424194336,8.03326416015625
-16.168010711669922,-35.44172668457031,12.717788696289062
-16.763824462890625,-39.76042175292969,17.303497314453125
-17.307937622070312,-43.4053840637207,19.740814208984375
-16.950902938842773,-46.16233825683594,20.554977416992188
-16.238765716552734,-47.75102233886719,20.429702758789062
-15.415250778198242,-48.117977142333984,20.315048217773438
-14.866456985473633,-47.92426681518555,20.45733642578125
-14.653478622436523,-47.31486511230469,20.67059326171875
-14.68702507019043,-46.80487060546875,20.816741943359375
-14.876861572265625,-46.43799591064453,20.994125366210938
-14.843093872070312,-46.227882385253906,21.169021606445312
-14.715982437133789,-46.25617218017578,21.18841552734375
-14.47219467163086,-46.18687438964844,21.263656616210938
-14.300155639648438,-46.14409637451172,21.5838623046875
-14.234315872192383,-46.102481842041016,21.761825561523438
-14.259164810180664,-45.929595947265625,21.900497436523438
-14.107736587524414,-45.78749465942383,22.074951171875
-14.002887725830078,-45.80248260498047,22.126190185546875
-13.908554077148438,-45.899925231933594,21.978729248046875
-13.751630783081055,-45.87166213989258,21.967758178710938
-13.701772689819336,-45.90485763549805,21.79986572265625
-13.57763671875,-45.876121520996094,21.873092651367188
-13.25997543334961,-45.91492462158203,22.022933959960938
-13.147384643554688,-45.895118713378906,22.10125732421875
-12.887567520141602,-45.923988342285156,21.869461059570312
-12.92251968383789,-45.99195861816406,22.066131591796875
-12.940544128417969,-46.06097412109375,22.095077514648438
-12.875276565551758,-46.0807991027832,22.196212768554688
-12.943931579589844,-46.1248893737793,22.512710571289062
-12.833517074584961,-46.07367706298828,22.633041381835938
-12.743276596069336,-45.924400329589844,22.89373779296875
-12.53005599975586,-45.90128707885742,22.988723754882812
-12.376956939697266,-45.864463806152344,23.022216796875
-12.216537475585938,-46.07677459716797,23.032257080078125
-12.080333709716797,-46.20167541503906,22.857940673828125
-11.876703262329102,-46.28496551513672,22.963546752929688
-11.627304077148438,-46.421512603759766,22.998611450195312
-11.359561920166016,-46.52500915527344,22.840774536132812
-11.119619369506836,-46.70732116699219,22.823974609375
-10.87533187866211,-46.65711975097656,22.709625244140625
-10.634849548339844,-46.76080322265625,22.646697998046875
-10.422872543334961,-46.74549102783203,22.586868286132812
-10.30941390991211,-46.73607635498047,22.395431518554688
-10.271892547607422,-46.685272216796875,22.233963012695312
-10.215116500854492,-46.88766860961914,22.12384033203125
-10.270772933959961,-47.16888427734375,21.860671997070312
-10.120712280273438,-47.15620422363281,21.552932739257812
-9.982673645019531,-47.17453384399414,21.476699829101562
-9.962882995605469,-47.33857727050781,21.487167358398438
-9.714488983154297,-47.4789924621582,21.382766723632812
-9.344564437866211,-47.570838928222656,21.065872192382812
-8.957735061645508,-47.685760498046875,20.769866943359375
-8.698625564575195,-47.81805419921875,20.572799682617188
-8.555095672607422,-47.755977630615234,20.573654174804688
-8.489913940429688,-47.76692199707031,20.477706909179688
-8.53836441040039,-47.85163116455078,20.503189086914062
-8.509199142456055,-47.747589111328125,20.531646728515625
-8.722614288330078,-47.8298225402832,20.4383544921875
-8.893932342529297,-47.9869384765625,20.364212036132812
-9.162769317626953,-48.06825256347656,20.212326049804688
-9.479368209838867,-48.02143859863281,20.11273193359375
-9.744808197021484,-48.09233093261719,19.819168090820312
-9.905521392822266,-48.1466178894043,19.641372680664062
-10.047508239746094,-48.15906524658203,19.688339233398438
-10.131059646606445,-48.10649108886719,19.834136962890625
-10.257394790649414,-47.953189849853516,19.93170166015625
-10.23930549621582,-47.908782958984375,20.18206787109375
-10.009702682495117,-47.90930938720703,20.660964965820312
-9.788267135620117,-48.00849151611328,20.878829956054688
-9.536649703979492,-47.96879577636719,21.219146728515625
-9.249916076660156,-47.918663024902344,21.222457885742188
-9.105377197265625,-47.858829498291016,21.52471923828125
-9.016067504882812,-47.82632064819336,21.703628540039062
-8.923297882080078,-47.93798828125,21.902755737304688
-8.78432846069336,-48.01869201660156,21.966033935546875
-8.812675476074219,-48.111392974853516,22.102386474609375
-8.78680419921875,-48.14398956298828,22.23541259765625
-8.693193435668945,-48.13220977783203,22.11798095703125
-8.58498764038086,-47.904029846191406,21.939651489257812
-8.627754211425781,-47.881134033203125,21.873977661132812
-8.62101936340332,-47.85601806640625,21.812301635742188
-8.566879272460938,-47.9821662902832,21.815841674804688
-8.557279586791992,-48.04418182373047,21.665664672851562
-8.610239028930664,-48.16118621826172,21.559127807617188
-8.601133346557617,-48.16136932373047,21.529693603515625
-8.575149536132812,-48.131935119628906,21.604812622070312
-8.470666885375977,-48.131378173828125,21.501815795898438
-8.419534683227539,-48.28598403930664,21.32342529296875
-8.17557144165039,-48.152252197265625,21.35540771484375
-8.142236709594727,-48.12720489501953,21.300384521484375
-8.298715591430664,-48.09395217895508,21.308212280273438
-8.39055061340332,-48.174129486083984,21.316574096679688
-8.257194519042969,-48.28253936767578,21.283218383789062
-8.172060012817383,-48.27498245239258,21.17230224609375
-8.062915802001953,-48.14529037475586,21.145584106445312
-7.961116790771484,-48.01671600341797,21.430511474609375
-7.777299880981445,-48.08707809448242,21.534149169921875
-7.593915939331055,-48.14506912231445,21.748077392578125
-7.547889709472656,-48.05327606201172,22.028182983398438
-7.370603561401367,-47.97239685058594,22.16241455078125
-7.318355560302734,-47.89221954345703,22.47930908203125
-7.31829833984375,-47.824134826660156,22.811737060546875
-7.230539321899414,-47.622230529785156,23.234954833984375
-7.035589218139648,-47.48524475097656,23.496612548828125
-6.817106246948242,-47.50951385498047,23.898849487304688
-6.826183319091797,-47.43425750732422,24.276779174804688
-6.810079574584961,-47.152992248535156,24.771682739257812
-6.692232131958008,-46.849395751953125,25.429580688476562
-6.684419631958008,-46.50200653076172,26.170257568359375
-6.735881805419922,-46.1923713684082,27.08538818359375
-6.684967041015625,-45.6593017578125,27.949234008789062
-6.515371322631836,-45.22422790527344,28.926025390625
-6.288778305053711,-44.84556579589844,29.856475830078125
-5.864824295043945,-44.35816955566406,30.90814208984375
-5.742624282836914,-43.755043029785156,31.949783325195312
-5.637109756469727,-43.13728332519531,33.16075134277344
-5.354034423828125,-42.3162727355957,34.4674072265625
-5.04676628112793,-41.60735321044922,35.82740783691406
-4.702733993530273,-40.53917694091797,37.16020202636719
-4.28936767578125,-39.546417236328125,38.54649353027344
-3.847166061401367,-38.42000961303711,39.85955810546875
-3.7166385650634766,-37.16124725341797,41.37071228027344
-3.445964813232422,-35.570716857910156,42.92657470703125
-3.361112594604492,-33.800479888916016,44.50666809082031
-3.318754196166992,-32.04962921142578,46.19776916503906
-3.316883087158203,-29.930679321289062,47.86085510253906
-3.5111351013183594,-27.90982437133789,49.305877685546875
-3.7661514282226562,-25.909088134765625,50.48179626464844
-4.121587753295898,-24.073074340820312,51.61572265625
-4.410131454467773,-22.315677642822266,52.44667053222656
-4.71142578125,-20.647418975830078,53.17112731933594
-4.885738372802734,-19.281414031982422,53.708984375
-4.927379608154297,-18.299057006835938,54.18244934082031
-4.903863906860352,-17.398468017578125,54.58599853515625
-4.652280807495117,-16.691375732421875,54.87882995605469
-4.491788864135742,-16.058502197265625,55.11357116699219
-4.29206657409668,-15.680057525634766,55.46629333496094
-3.9680538177490234,-15.105438232421875,55.67561340332031
-3.718374252319336,-14.637157440185547,55.837860107421875
-3.483518600463867,-13.919536590576172,56.03411865234375
-3.2802696228027344,-13.269081115722656,56.12152099609375
-3.2466678619384766,-12.608116149902344,56.31477355957031
-3.220348358154297,-12.100105285644531,56.61051940917969
-3.246511459350586,-11.42519760131836,56.68293762207031
-3.284250259399414,-10.96683120727539,56.838134765625
-3.159261703491211,-10.541053771972656,57.031707763671875
-2.9178237915039062,-10.209228515625,57.37591552734375
-2.845548629760742,-9.995429992675781,57.39698791503906
-2.7118453979492188,-9.580814361572266,57.402069091796875
-2.502443313598633,-9.338306427001953,57.37431335449219
-2.236818313598633,-9.066551208496094,57.397003173828125
-2.042287826538086,-8.890693664550781,57.410980224609375
-2.1202945709228516,-8.7437744140625,57.531890869140625
-2.170267105102539,-8.48434829711914,57.6478271484375
-2.170267105102539,-8.48434829711914,57.6478271484375
-2.1814117431640625,-8.090370178222656,57.83518981933594
-2.2594547271728516,-7.887622833251953,57.98606872558594
-2.300487518310547,-7.9794921875,58.013275146484375
-2.347379684448242,-8.095806121826172,57.9136962890625
-2.1233139038085938,-8.220680236816406,57.71357727050781
-2.0207481384277344,-8.373435974121094,57.61537170410156
-2.082376480102539,-8.340499877929688,57.681793212890625
-2.186687469482422,-8.438079833984375,57.84547424316406
-2.1855716705322266,-8.420169830322266,57.888519287109375
-2.381948471069336,-8.296764373779297,57.728302001953125
-2.583829879760742,-8.12405776977539,57.60176086425781
-2.7591800689697266,-8.000411987304688,57.591339111328125
-2.849191665649414,-8.020370483398438,57.55485534667969
-2.862682342529297,-7.974407196044922,57.572021484375
-3.0068912506103516,-8.039363861083984,57.657562255859375
-3.2271862030029297,-8.178123474121094,57.67445373535156
-3.5954113006591797,-8.198020935058594,57.6114501953125
-4.11659049987793,-8.357215881347656,57.53022766113281
-4.480623245239258,-8.463096618652344,57.53729248046875
-4.783916473388672,-8.700984954833984,57.75468444824219
-4.845283508300781,-8.986148834228516,57.80621337890625
-4.947174072265625,-9.303901672363281,57.61785888671875
-5.054037094116211,-9.708423614501953,57.42936706542969
-5.156484603881836,-10.18618392944336,57.20271301269531
-5.07611083984375,-10.588432312011719,57.29911804199219
-5.066194534301758,-10.715633392333984,57.26075744628906
-5.185510635375977,-10.832637786865234,57.31593322753906
-5.165216445922852,-10.747989654541016,57.35319519042969
-5.108003616333008,-10.526470184326172,57.550323486328125
-4.84644889831543,-10.013717651367188,57.6754150390625
-4.737371444702148,-9.441600799560547,57.771209716796875
-4.616466522216797,-9.03744125366211,57.80201721191406
-4.54932975769043,-8.853324890136719,57.95379638671875
-4.504308700561523,-8.802661895751953,57.84344482421875
-4.401798248291016,-8.851261138916016,57.84120178222656
-4.265819549560547,-8.835628509521484,57.73040771484375
-4.239410400390625,-8.73415756225586,57.63310241699219
-4.119558334350586,-8.775917053222656,57.461212158203125
-3.978973388671875,-8.789680480957031,57.32307434082031
-3.957124710083008,-8.74624252319336,57.28355407714844
-3.944957733154297,-8.72568130493164,57.40147399902344
-3.8227615356445312,-8.693939208984375,57.258056640625
-3.8318443298339844,-8.81081771850586,57.146240234375
-3.854644775390625,-8.799861907958984,57.16911315917969
-3.8525657653808594,-8.893756866455078,57.32228088378906
-3.6618824005126953,-8.989227294921875,57.327972412109375
-3.611825942993164,-9.070358276367188,57.32383728027344
-3.6703453063964844,-9.058002471923828,57.36662292480469
-3.7474746704101562,-8.92666244506836,57.226806640625
-3.774656295776367,-8.909149169921875,57.15602111816406
-3.6766586303710938,-8.918376922607422,57.14054870605469
-3.6357784271240234,-8.970844268798828,57.11964416503906
-3.5884475708007812,-8.933391571044922,57.059478759765625
-3.4739608764648438,-8.820274353027344,57.257171630859375
-3.536226272583008,-8.790592193603516,57.39875793457031
-3.403470993041992,-8.808113098144531,57.37361145019531
-3.3534069061279297,-8.775604248046875,57.3609619140625
-3.4394760131835938,-8.779426574707031,57.376861572265625
-3.4462337493896484,-8.75162124633789,57.499481201171875
-3.382976531982422,-8.805950164794922,57.68426513671875
-3.36224365234375,-8.671077728271484,57.740966796875
-3.386667251586914,-8.704399108886719,57.64262390136719
-3.4311046600341797,-8.712440490722656,57.434417724609375
-3.481172561645508,-8.819087982177734,57.397735595703125
-3.6075515747070312,-8.8446044921875,57.36967468261719
-3.556344985961914,-8.833232879638672,57.53953552246094
-3.6393051147460938,-8.83633804321289,57.41078186035156
-3.6469249725341797,-8.652992248535156,57.41571044921875
-3.662944793701172,-8.630218505859375,57.36126708984375
-3.6128921508789062,-8.677597045898438,57.41191101074219
-3.7343006134033203,-8.756446838378906,57.28010559082031
-3.767271041870117,-8.77420425415039,57.26298522949219
-3.7312870025634766,-8.806144714355469,57.368133544921875
-3.5868663787841797,-8.697071075439453,57.406463623046875
-3.6107139587402344,-8.619754791259766,57.35557556152344
-3.715198516845703,-8.546104431152344,57.55534362792969
-3.6905975341796875,-8.506343841552734,57.757720947265625
-3.6544055938720703,-8.592510223388672,57.75337219238281
-3.6972217559814453,-8.630088806152344,57.63011169433594
-3.7927074432373047,-8.785430908203125,57.41595458984375
-3.748973846435547,-8.789451599121094,57.23448181152344
-3.728984832763672,-8.692798614501953,57.12245178222656
-3.910449981689453,-8.659309387207031,57.14271545410156
-3.918924331665039,-8.637748718261719,57.309967041015625
-3.8304710388183594,-8.766456604003906,57.35340881347656
-3.8058853149414062,-8.681987762451172,57.46868896484375
-3.789915084838867,-8.627456665039062,57.65061950683594
-3.7942333221435547,-8.790382385253906,57.53312683105469
-3.794567108154297,-8.768680572509766,57.56901550292969
-3.864187240600586,-8.731128692626953,57.519378662109375
-3.7671451568603516,-8.719100952148438,57.50752258300781
-3.7753639221191406,-8.745685577392578,57.540802001953125
-3.7221832275390625,-8.764656066894531,57.55351257324219
-3.660066604614258,-8.750003814697266,57.59197998046875
-3.537931442260742,-8.672904968261719,57.6898193359375
-3.5239009857177734,-8.678512573242188,57.582183837890625
-3.595947265625,-8.700641632080078,57.59309387207031
-3.617696762084961,-8.646980285644531,57.55567932128906
-3.536996841430664,-8.505691528320312,57.492095947265625
-3.6950149536132812,-8.50680923461914,57.54585266113281
-3.789285659790039,-8.500629425048828,57.5401611328125
-3.7024917602539062,-8.561935424804688,57.54969787597656
-3.7115955352783203,-8.594684600830078,57.3740234375
-3.775665283203125,-8.668106079101562,57.407867431640625
-3.838787078857422,-8.648483276367188,57.18367004394531
-3.7990169525146484,-8.668800354003906,57.05064392089844
-3.746469497680664,-8.6693115234375,57.18870544433594
-3.739744186401367,-8.664970397949219,57.37608337402344
-3.7743759155273438,-8.62143325805664,57.3792724609375
-3.880086898803711,-8.691425323486328,57.528289794921875
-3.9710521697998047,-8.718223571777344,57.38038635253906
-3.974813461303711,-8.738414764404297,57.11763000488281
-3.807985305786133,-8.638931274414062,57.12367248535156
-3.757099151611328,-8.694343566894531,57.06121826171875
-3.762887954711914,-8.434921264648438,57.16065979003906
-3.746479034423828,-8.427131652832031,57.340118408203125
-3.832620620727539,-8.505264282226562,57.310943603515625
-3.8622570037841797,-8.606010437011719,57.40220642089844
-4.013187408447266,-8.654705047607422,57.42173767089844
-4.036931991577148,-8.778301239013672,57.42030334472656
-4.027273178100586,-8.643230438232422,57.22889709472656
-3.9705333709716797,-8.651683807373047,57.27244567871094
-3.921419143676758,-8.736900329589844,57.392547607421875
-3.890748977661133,-8.729137420654297,57.357666015625
-3.9080772399902344,-8.825553894042969,57.49674987792969
-3.9133033752441406,-8.761768341064453,57.54095458984375
-3.9434661865234375,-8.745952606201172,57.576263427734375
-3.924041748046875,-8.701560974121094,57.61177062988281
-3.9144840240478516,-8.711864471435547,57.531829833984375
-3.9269161224365234,-8.800376892089844,57.53767395019531
-3.9239044189453125,-8.809280395507812,57.559783935546875
-3.928974151611328,-8.687122344970703,57.617523193359375
-3.8926048278808594,-8.780651092529297,57.67784118652344
-3.8142147064208984,-8.777328491210938,57.56492614746094
-3.7743396759033203,-8.742172241210938,57.553192138671875
-3.7370986938476562,-8.834796905517578,57.477935791015625
-3.7428627014160156,-8.89535903930664,57.422882080078125
-3.8266029357910156,-8.8663330078125,57.513671875
-3.760683059692383,-8.832527160644531,57.57171630859375
-3.843080520629883,-8.786304473876953,57.536529541015625
-3.936786651611328,-8.823505401611328,57.380218505859375
-3.7910938262939453,-8.738384246826172,57.2369384765625
-3.812602996826172,-8.795719146728516,57.36421203613281
-3.8649635314941406,-8.831981658935547,57.41650390625
-3.936443328857422,-8.665203094482422,57.40000915527344
-3.793964385986328,-8.6165771484375,57.290283203125
-3.860095977783203,-8.612857818603516,57.28411865234375
-3.908926010131836,-8.6241455078125,57.38914489746094
-3.9445133209228516,-8.639442443847656,57.469635009765625
-3.930604934692383,-8.765899658203125,57.56126403808594
-4.070737838745117,-8.759910583496094,57.57920837402344
-4.226570129394531,-8.905952453613281,57.516937255859375
-4.279972076416016,-8.818382263183594,57.440948486328125
-4.218156814575195,-8.806175231933594,57.276031494140625
-4.097736358642578,-8.713069915771484,57.2706298828125
-3.952098846435547,-8.60955810546875,57.129119873046875
-3.9365196228027344,-8.545757293701172,57.06390380859375
-3.910787582397461,-8.535118103027344,57.097412109375
-4.079505920410156,-8.60849380493164,57.11602783203125
-3.936321258544922,-8.591987609863281,57.03739929199219
-3.9553661346435547,-8.665821075439453,57.1539306640625
-3.9756107330322266,-8.70743179321289,57.3472900390625
-3.9041976928710938,-8.692737579345703,57.432159423828125
-3.88458251953125,-8.718509674072266,57.49742126464844
-3.9671459197998047,-8.76815414428711,57.39677429199219
-3.803445816040039,-8.826187133789062,57.278656005859375
-3.741060256958008,-8.916793823242188,57.229156494140625
-3.8111228942871094,-8.77756118774414,57.342437744140625
-3.837526321411133,-8.677406311035156,57.36708068847656
-3.803953170776367,-8.71136474609375,57.37400817871094
-3.7931976318359375,-8.618743896484375,57.4166259765625
-3.812305450439453,-8.602916717529297,57.359619140625
-3.834674835205078,-8.667926788330078,57.50144958496094
-3.812856674194336,-8.605846405029297,57.52174377441406
-3.8309459686279297,-8.509235382080078,57.40480041503906
-3.9179649353027344,-8.6475830078125,57.24571228027344
-4.0845184326171875,-8.760913848876953,57.28948974609375
-3.9739341735839844,-8.816944122314453,57.389556884765625
-3.9271774291992188,-8.785953521728516,57.367218017578125
-3.805419921875,-8.79195785522461,57.34027099609375
-3.7540435791015625,-8.790687561035156,57.37068176269531
-3.7510032653808594,-8.749271392822266,57.3642578125
-3.851755142211914,-8.839656829833984,57.39874267578125
-3.951122283935547,-8.938529968261719,57.40437316894531
-3.936382293701172,-9.04885482788086,57.37628173828125
-3.9112186431884766,-8.91269302368164,57.345367431640625
-3.9670753479003906,-8.779060363769531,57.367034912109375
-3.941305160522461,-8.886283874511719,57.54498291015625
-4.038665771484375,-8.871109008789062,57.51312255859375
-3.815439224243164,-8.775955200195312,57.3970947265625
-3.693758010864258,-8.76815414428711,57.24256896972656
-3.636028289794922,-8.820381164550781,57.07536315917969
-3.6912708282470703,-8.802619934082031,57.06007385253906
-3.8771514892578125,-8.927299499511719,57.277374267578125
-3.878641128540039,-9.008251190185547,57.46119689941406
-3.9703235626220703,-9.090869903564453,57.499725341796875
-3.818737030029297,-8.926921844482422,57.42189025878906
-3.827291488647461,-8.869270324707031,57.28794860839844
-3.8147621154785156,-8.897953033447266,57.10099792480469
-3.8760032653808594,-8.870803833007812,57.218963623046875
-3.9325790405273438,-8.930320739746094,57.49803161621094
-3.943582534790039,-8.932861328125,57.49110412597656
-3.8406429290771484,-8.870914459228516,57.47758483886719
-3.7896995544433594,-8.761241912841797,57.47877502441406
-3.825927734375,-8.843650817871094,57.506683349609375
-3.7724456787109375,-9.026565551757812,57.37516784667969
-3.8079280853271484,-9.09975814819336,57.385223388671875
-3.841146469116211,-8.964405059814453,57.409576416015625
-3.8826942443847656,-8.987098693847656,57.366790771484375
-3.892925262451172,-8.940006256103516,57.388275146484375
-3.8734493255615234,-9.052288055419922,57.397430419921875
-3.8575897216796875,-9.034217834472656,57.41859436035156
-3.8631839752197266,-8.86831283569336,57.441131591796875
-3.8096065521240234,-8.857948303222656,57.39064025878906
-3.8219966888427734,-8.885311126708984,57.310150146484375
-3.926748275756836,-8.955486297607422,57.180023193359375
-3.9390411376953125,-8.955307006835938,57.03045654296875
-3.970550537109375,-8.926338195800781,56.92530822753906
-3.7811641693115234,-8.911544799804688,56.85508728027344
-3.9250717163085938,-8.86568832397461,56.770355224609375
-4.074424743652344,-8.912918090820312,56.94508361816406
-4.099727630615234,-8.83053970336914,57.07673645019531
-3.9291515350341797,-8.930049896240234,57.082916259765625
-3.855541229248047,-8.9527587890625,57.229034423828125
-3.8625030517578125,-8.847259521484375,57.23619079589844
-3.9251232147216797,-8.659736633300781,57.07524108886719
-3.9195079803466797,-8.693965911865234,56.99559020996094
-4.024351119995117,-8.675163269042969,56.892425537109375
-4.061756134033203,-8.745677947998047,56.852020263671875
-3.9353408813476562,-8.917316436767578,56.91273498535156
-3.897592544555664,-8.93936538696289,57.00660705566406
-4.045066833496094,-8.895721435546875,57.02410888671875
-3.9429359436035156,-8.85201644897461,56.90095520019531
-3.912996292114258,-8.666034698486328,56.77684020996094
-3.809123992919922,-8.673152923583984,56.73976135253906
-3.818662643432617,-8.654895782470703,56.77192687988281
-3.77587890625,-8.758861541748047,56.62599182128906
-3.6625213623046875,-8.785186767578125,56.73443603515625
-3.629179000854492,-8.79195785522461,56.73069763183594
-3.6947364807128906,-8.793861389160156,56.90589904785156
-3.855226516723633,-8.92999267578125,56.816864013671875
-3.853963851928711,-8.910762786865234,56.918701171875
-3.9230422973632812,-8.859867095947266,57.01924133300781
-3.8730030059814453,-8.821815490722656,57.05262756347656
-3.818765640258789,-8.787220001220703,57.052520751953125
-3.741260528564453,-8.85634994506836,57.03691101074219
-3.655933380126953,-8.919189453125,57.09983825683594
-3.578836441040039,-8.79946517944336,57.093658447265625
-3.563497543334961,-8.831562042236328,57.07392883300781
-3.5600814819335938,-8.750312805175781,56.994903564453125
-3.5299530029296875,-8.773319244384766,56.96510314941406
-3.637371063232422,-8.831119537353516,56.87762451171875
-3.652170181274414,-8.708423614501953,56.73777770996094
-3.7554664611816406,-8.679450988769531,56.63459777832031
-3.7397289276123047,-8.624038696289062,56.644195556640625
-3.718647003173828,-8.607120513916016,56.59373474121094
-3.7075157165527344,-8.551654815673828,56.55372619628906
-3.775606155395508,-8.603878021240234,56.41729736328125
-3.6730003356933594,-8.644535064697266,56.58186340332031
-3.6448116302490234,-8.664478302001953,56.55860900878906
-3.7539520263671875,-8.721569061279297,56.67561340332031
-3.7689666748046875,-8.722885131835938,56.81394958496094
-3.794963836669922,-8.772293090820312,56.775238037109375
-3.7976036071777344,-8.729297637939453,56.899566650390625
-3.7565574645996094,-8.699485778808594,56.95423889160156
-3.7744998931884766,-8.67312240600586,56.90422058105469
-3.754009246826172,-8.700462341308594,56.76133728027344
-3.792715072631836,-8.717170715332031,56.888397216796875
-3.8311843872070312,-8.808467864990234,57.02503967285156
-3.681417465209961,-8.771728515625,57.21058654785156
-3.6994075775146484,-8.92584228515625,57.20240783691406
-3.5556888580322266,-8.864421844482422,57.09437561035156
-3.5269012451171875,-8.948623657226562,57.00244140625
-3.459390640258789,-8.873828887939453,56.9793701171875
-3.4575328826904297,-8.804969787597656,56.90728759765625
-3.4659996032714844,-8.75301742553711,56.824127197265625
-3.500621795654297,-8.74957275390625,56.93016052246094
-3.6175403594970703,-8.702144622802734,56.901519775390625
-3.6053504943847656,-8.704158782958984,56.918426513671875
-3.701915740966797,-8.69852066040039,56.887664794921875
-3.663816452026367,-8.64687728881836,56.80299377441406
-3.756063461303711,-8.673789978027344,56.639617919921875
-3.7283058166503906,-8.702693939208984,56.63438415527344
-3.7405014038085938,-8.63128662109375,56.78739929199219
-3.7963809967041016,-8.61996841430664,56.86085510253906
-3.7841434478759766,-8.763381958007812,56.85191345214844
-3.8058643341064453,-8.762588500976562,56.761871337890625
-3.7887516021728516,-8.815521240234375,56.76481628417969
-3.6397571563720703,-8.80344009399414,56.743438720703125
-3.656778335571289,-8.810195922851562,56.707183837890625
-3.7499561309814453,-8.784568786621094,56.86653137207031
-3.7701663970947266,-8.834976196289062,57.0262451171875
-3.8009815216064453,-8.747039794921875,57.10772705078125
-3.8078842163085938,-8.745384216308594,57.12432861328125
-3.813222885131836,-8.798824310302734,57.12904357910156
-3.941617965698242,-8.6693115234375,57.097930908203125
-3.978727340698242,-8.702095031738281,57.14697265625
-4.065221786499023,-8.757686614990234,57.24382019042969
-3.984161376953125,-8.782634735107422,57.232391357421875
-3.7997512817382812,-8.76633071899414,57.101776123046875
-3.7022933959960938,-8.760578155517578,57.073638916015625
-3.7059402465820312,-8.694732666015625,57.10707092285156
-3.6677780151367188,-8.804603576660156,57.326934814453125
-3.7679100036621094,-8.839366912841797,57.31353759765625
-3.7706260681152344,-8.78335189819336,57.4891357421875
-3.8226051330566406,-8.734474182128906,57.49244689941406
-3.8963451385498047,-8.702377319335938,57.56951904296875
-3.866954803466797,-8.611427307128906,57.52284240722656
-3.872213363647461,-8.527534484863281,57.36952209472656
-3.958669662475586,-8.525020599365234,57.32786560058594
-3.7965240478515625,-8.60629653930664,57.24412536621094
-3.795503616333008,-8.688308715820312,57.29585266113281
-3.573606491088867,-8.625335693359375,57.23687744140625
-3.5171890258789062,-8.659549713134766,57.08332824707031
-3.5822696685791016,-8.630622863769531,57.16619873046875
-3.6593246459960938,-8.596549987792969,57.21772766113281
-3.6982955932617188,-8.642459869384766,57.279205322265625
-3.697650909423828,-8.694377899169922,57.30126953125
-3.7184371948242188,-8.613311767578125,57.4090576171875
-3.7002296447753906,-8.651260375976562,57.52630615234375
-3.5279998779296875,-8.702163696289062,57.545623779296875
-3.497865676879883,-8.702232360839844,57.527130126953125
-3.482532501220703,-8.759101867675781,57.50175476074219
-3.5512733459472656,-8.724811553955078,57.580108642578125
-3.557912826538086,-8.723983764648438,57.54725646972656
-3.4962387084960938,-8.732860565185547,57.439849853515625
-3.6224708557128906,-8.91485595703125,57.453399658203125
-3.5843658447265625,-8.899139404296875,57.32476806640625
-3.639005661010742,-8.913429260253906,57.30522155761719
-3.6750564575195312,-8.802379608154297,57.38688659667969
-3.7797183990478516,-8.773239135742188,57.279022216796875
-3.7381820678710938,-8.740352630615234,57.22637939453125
-3.8118648529052734,-8.810768127441406,57.295654296875
-3.7779617309570312,-8.688056945800781,57.33094787597656
-3.7695789337158203,-8.759727478027344,57.35136413574219
-3.7560367584228516,-8.782222747802734,57.19309997558594
-3.6739139556884766,-8.74755859375,57.155364990234375
-3.6782894134521484,-8.720226287841797,57.079803466796875
-3.647693634033203,-8.71213150024414,57.03614807128906
-3.6986083984375,-8.57772445678711,57.06217956542969
-3.5216007232666016,-8.525814056396484,56.91728210449219
-3.4999847412109375,-8.570205688476562,57.025299072265625
-3.478616714477539,-8.559215545654297,57.02388000488281
-3.4427013397216797,-8.589828491210938,57.102264404296875
-3.4756851196289062,-8.58053207397461,57.14527893066406
-3.4756298065185547,-8.605087280273438,57.3446044921875
-3.6329898834228516,-8.663688659667969,57.29994201660156
-3.657756805419922,-8.790943145751953,57.15312194824219
-3.6695327758789062,-8.830764770507812,57.12196350097656
-3.803821563720703,-8.851463317871094,57.17195129394531
-3.7937488555908203,-8.78921890258789,57.06025695800781
-3.8237056732177734,-8.92059326171875,57.05931091308594
-3.720846176147461,-8.949565887451172,57.00425720214844
-3.6158580780029297,-8.908515930175781,57.020843505859375
-3.6329479217529297,-8.779727935791016,57.1649169921875
-3.5692825317382812,-8.776268005371094,57.352447509765625
-3.661937713623047,-8.822975158691406,57.3970947265625
-3.682588577270508,-8.746559143066406,57.38542175292969
-3.6502151489257812,-8.724342346191406,57.24195861816406
-3.6070632934570312,-8.821884155273438,57.11225891113281
-3.5487728118896484,-8.889751434326172,57.0762939453125
-3.644136428833008,-8.955821990966797,57.11183166503906
-3.7837562561035156,-8.792121887207031,56.97016906738281
-3.8022727966308594,-8.745277404785156,57.018310546875
-3.8210792541503906,-8.639934539794922,57.052093505859375
-3.7287216186523438,-8.764205932617188,57.08830261230469
-3.675516128540039,-8.834823608398438,57.06095886230469
-3.623401641845703,-8.786750793457031,56.94755554199219
-3.6209259033203125,-8.826427459716797,56.99665832519531
-3.6209259033203125,-8.826427459716797,56.99665832519531
-3.4988365173339844,-8.712818145751953,57.09199523925781
-3.5689468383789062,-8.691490173339844,57.13812255859375
-3.645599365234375,-8.530616760253906,57.02909851074219
-3.6816062927246094,-8.572704315185547,57.21565246582031
-3.6135635375976562,-8.7657470703125,57.36158752441406
-3.5533409118652344,-8.729061126708984,57.3936767578125
-3.5717315673828125,-8.913711547851562,57.258026123046875
-3.7289390563964844,-8.864810943603516,57.22247314453125
-3.727354049682617,-8.666271209716797,57.26280212402344
-3.7289772033691406,-8.621479034423828,57.233856201171875
-3.8140697479248047,-8.77029800415039,57.27415466308594
-3.8502731323242188,-8.805797576904297,57.272674560546875
-3.798999786376953,-8.771244049072266,57.048828125
-3.7466487884521484,-8.811569213867188,57.05853271484375
-3.6341724395751953,-8.798419952392578,57.12933349609375
-3.6777210235595703,-8.828571319580078,57.284881591796875
-3.708780288696289,-8.84823226928711,57.31504821777344
-3.687711715698242,-8.740257263183594,57.37507629394531
-3.62640380859375,-8.680610656738281,57.42085266113281
-3.5766544342041016,-8.622718811035156,57.41987609863281
-3.653240203857422,-8.629005432128906,57.4061279296875
-3.7271270751953125,-8.616973876953125,57.25444030761719
-3.7521743774414062,-8.735305786132812,57.321044921875
-3.743070602416992,-8.750022888183594,57.355499267578125
-3.6824398040771484,-8.823528289794922,57.347320556640625
-3.6695499420166016,-8.74716567993164,57.370849609375
-3.649768829345703,-8.651344299316406,57.374237060546875
-3.7016773223876953,-8.695629119873047,57.52272033691406
-3.643159866333008,-8.809783935546875,57.50677490234375
-3.732980728149414,-8.741989135742188,57.48248291015625
-3.7644176483154297,-8.77862548828125,57.511383056640625
-3.883321762084961,-8.80621337890625,57.61407470703125
-3.990266799926758,-8.854660034179688,57.650360107421875
-4.186212539672852,-8.8602294921875,57.67143249511719
-4.245637893676758,-8.868267059326172,57.662445068359375
-4.381328582763672,-8.906501770019531,57.54188537597656
-4.5413970947265625,-8.878238677978516,57.556243896484375
-4.780221939086914,-8.821258544921875,57.493743896484375
-4.9489593505859375,-8.809734344482422,57.500579833984375
-4.9194488525390625,-8.690208435058594,57.659576416015625
-5.126476287841797,-8.767993927001953,57.79515075683594
-5.216453552246094,-8.731754302978516,57.85215759277344
-5.31892204284668,-8.57574462890625,57.96678161621094
-5.454799652099609,-8.360462188720703,57.937652587890625
-5.680156707763672,-8.306896209716797,57.99884033203125
-5.717290878295898,-8.066215515136719,57.95310974121094
-5.994831085205078,-8.077457427978516,57.97154235839844
-5.981462478637695,-7.861671447753906,57.93711853027344
-6.159473419189453,-7.815166473388672,57.85630798339844
-6.319374084472656,-7.723117828369141,57.76197814941406
-6.440214157104492,-7.574604034423828,57.693878173828125
-6.454139709472656,-7.503704071044922,57.644134521484375
-6.487007141113281,-7.45806884765625,57.61216735839844
-6.453069686889648,-7.427944183349609,57.617584228515625
-6.554677963256836,-7.2941741943359375,57.58268737792969
-6.654516220092773,-7.123538970947266,57.43833923339844
-6.723899841308594,-7.072071075439453,57.49046325683594
-6.7502288818359375,-7.104515075683594,57.41590881347656
-6.799760818481445,-7.1378936767578125,57.423675537109375
-6.737751007080078,-7.171680450439453,57.40461730957031
-6.792890548706055,-7.266475677490234,57.4300537109375
-6.799032211303711,-7.40789794921875,57.40583801269531
-6.613506317138672,-7.675495147705078,57.440887451171875
-6.597391128540039,-7.8513641357421875,57.39698791503906
-6.334346771240234,-7.9996490478515625,57.382354736328125
-5.750885009765625,-8.132118225097656,57.499542236328125
-5.012882232666016,-8.213668823242188,57.77815246582031
-4.042278289794922,-8.377532958984375,57.86408996582031
-3.0938720703125,-8.51611328125,57.99296569824219
-2.1063289642333984,-8.724372863769531,58.11265563964844
-1.3093204498291016,-9.025257110595703,58.11875915527344
-0.705108642578125,-9.426170349121094,58.11466979980469
-0.09374237060546875,-9.852405548095703,57.886322021484375
0.5785636901855469,-10.360336303710938,57.66162109375
0.9096336364746094,-11.016258239746094,57.48136901855469
1.3817367553710938,-11.610458374023438,57.21807861328125
1.6842498779296875,-12.225749969482422,56.975189208984375
2.1000328063964844,-13.089374542236328,56.721588134765625
2.347057342529297,-14.017887115478516,56.3226318359375
2.4620018005371094,-15.240489959716797,55.94477844238281
2.7193870544433594,-16.257308959960938,55.67811584472656
2.9198570251464844,-17.49761962890625,54.9078369140625
2.9521217346191406,-18.877643585205078,54.29681396484375
3.0625953674316406,-20.29739761352539,53.58070373535156
3.0411376953125,-21.692394256591797,53.13690185546875
3.0869140625,-23.079483032226562,52.41581726074219
2.9805984497070312,-24.526172637939453,51.46348571777344
2.871917724609375,-25.995464324951172,50.43365478515625
2.7255516052246094,-27.21147918701172,49.49198913574219
2.5814895629882812,-28.67885971069336,48.554168701171875
2.298755645751953,-29.964834213256836,48.066741943359375
2.0558128356933594,-31.23025894165039,47.09852600097656
1.9361495971679688,-32.39945983886719,46.1910400390625
1.6053199768066406,-33.611167907714844,45.161895751953125
1.2409782409667969,-34.80372619628906,44.26533508300781
1.0604705810546875,-35.87352752685547,43.303497314453125
0.8007316589355469,-36.9371337890625,42.25212097167969
0.5037155151367188,-37.86297607421875,41.24372863769531
0.40917205810546875,-38.942230224609375,40.30242919921875
0.23707962036132812,-39.8472785949707,39.1273193359375
-0.09706878662109375,-40.76668930053711,38.0313720703125
-0.3623828887939453,-41.57450866699219,37.09100341796875
-0.6898117065429688,-42.233436584472656,36.213623046875
-1.0972843170166016,-42.80780029296875,35.26763916015625
-1.342336654663086,-43.2440185546875,34.520172119140625
-1.7487506866455078,-43.74507522583008,33.73350524902344
-2.126415252685547,-44.11854553222656,33.06398010253906
-2.4745025634765625,-44.464115142822266,32.44744873046875
-2.8352813720703125,-44.585968017578125,31.771316528320312
-3.1616859436035156,-44.8144645690918,31.415252685546875
-3.366680145263672,-45.13250732421875,30.986587524414062
-3.594013214111328,-45.331871032714844,30.64044189453125
-3.8306198120117188,-45.403682708740234,30.403274536132812
-4.051177978515625,-45.521339416503906,30.210586547851562
-4.25865364074707,-45.66536331176758,29.927932739257812
-4.449306488037109,-45.81547927856445,29.512649536132812
-4.431739807128906,-45.810020446777344,29.244277954101562
-4.445941925048828,-45.998634338378906,29.14849853515625
-4.542987823486328,-45.88238525390625,29.104888916015625
-4.674539566040039,-45.908447265625,29.0577392578125
-4.803030014038086,-45.86811447143555,28.939559936523438
-4.804166793823242,-46.016239166259766,28.916397094726562
-4.753522872924805,-45.980369567871094,28.88812255859375
-4.73267936706543,-46.105018615722656,28.715545654296875
-4.744529724121094,-46.27564239501953,28.628753662109375
-4.869419097900391,-46.39784240722656,28.632720947265625
-4.848735809326172,-46.45242691040039,28.468978881835938
-4.844509124755859,-46.42837905883789,28.308425903320312
-4.705087661743164,-46.41156768798828,28.169097900390625
-4.728752136230469,-46.40970993041992,28.272689819335938
-4.880321502685547,-46.365692138671875,28.284439086914062
-4.740560531616211,-46.43789291381836,28.31982421875
-4.722320556640625,-46.46214294433594,28.515167236328125
-4.674198150634766,-46.331459045410156,28.498214721679688
-4.571699142456055,-46.28759765625,28.59423828125
-4.5434112548828125,-46.25834655761719,28.711227416992188
-4.544672012329102,-46.1657600402832,28.823822021484375
-4.700965881347656,-46.17730712890625,28.8524169921875
-4.640687942504883,-46.141693115234375,28.9114990234375
-4.77018928527832,-46.137088775634766,28.913238525390625
-4.610841751098633,-46.0966682434082,28.896713256835938
-4.490758895874023,-46.112648010253906,28.926055908203125
-4.510801315307617,-46.150360107421875,28.920806884765625
-4.478300094604492,-45.995967864990234,28.98345947265625
-4.414066314697266,-45.85666275024414,29.001510620117188
-4.1385498046875,-45.906700134277344,29.018417358398438
-4.0429534912109375,-45.89412307739258,29.265396118164062
-4.035884857177734,-45.870819091796875,29.434982299804688
-3.913240432739258,-45.917945861816406,29.562255859375
-3.8211021423339844,-45.841182708740234,29.695877075195312
-3.811756134033203,-45.740882873535156,29.811233520507812
-3.7424964904785156,-45.843849182128906,29.770263671875
-3.5157852172851562,-45.75929260253906,29.965927124023438
-3.4746761322021484,-45.74882507324219,30.198623657226562
-3.418394088745117,-45.702117919921875,30.297592163085938
-3.2484493255615234,-45.731910705566406,30.177444458007812
-3.1363754272460938,-45.686859130859375,30.127731323242188
-2.9308929443359375,-45.75385284423828,30.290252685546875
-2.8066959381103516,-45.740238189697266,30.456634521484375
-2.6227054595947266,-45.85246658325195,30.598373413085938
-2.503751754760742,-45.83283996582031,30.633712768554688
-2.499042510986328,-45.777259826660156,30.60693359375
-2.367279052734375,-45.713836669921875,30.588729858398438
-2.32373046875,-45.682369232177734,30.766220092773438
-2.233264923095703,-45.647193908691406,30.798385620117188
-2.1839599609375,-45.63623046875,30.72802734375
-2.3464717864990234,-45.47216796875,30.91033935546875
-2.2858448028564453,-45.421016693115234,30.909896850585938
-2.2496070861816406,-45.46417236328125,30.8984375
-2.3093643188476562,-45.51255416870117,30.960617065429688
-2.3163280487060547,-45.516197204589844,30.999954223632812
-2.3653697967529297,-45.51702117919922,31.157821655273438
-2.588193893432617,-45.53699493408203,31.306610107421875
-2.6802234649658203,-45.70053482055664,31.601669311523438
-2.7270355224609375,-45.76567077636719,31.751495361328125
-2.771665573120117,-45.74280548095703,32.10633850097656
-2.6525135040283203,-45.69537353515625,32.56489562988281
-2.6626148223876953,-45.87968063354492,32.85356140136719
-2.6956615447998047,-46.21434783935547,33.151092529296875
-2.5956993103027344,-46.48290252685547,33.655364990234375
-2.3594093322753906,-46.73869323730469,34.153533935546875
-2.3031082153320312,-47.132652282714844,34.48883056640625
-2.2161293029785156,-47.47076416015625,34.9283447265625
-1.9161720275878906,-48.0711555480957,35.39338684082031
-1.541788101196289,-48.72400665283203,35.776947021484375
-1.2562141418457031,-49.391658782958984,36.33985900878906
-0.9354496002197266,-49.975067138671875,37.014556884765625
-0.7200756072998047,-50.49504089355469,37.6876220703125
-0.6085319519042969,-51.09485626220703,38.58946228027344
-0.3517951965332031,-51.90916442871094,39.63604736328125
-0.19557952880859375,-52.48131561279297,40.87504577636719
-0.15140151977539062,-53.09770584106445,42.35191345214844
-0.2702789306640625,-53.41853713989258,44.02272033691406
-0.3678302764892578,-53.73871612548828,45.81683349609375
-0.7052154541015625,-53.63003158569336,47.62025451660156
-1.0663871765136719,-53.210243225097656,49.665435791015625
-1.3694114685058594,-52.30992126464844,51.914398193359375
-1.9038562774658203,-51.19837188720703,54.3626708984375
-2.5872344970703125,-49.56217956542969,56.60009765625
-3.282064437866211,-47.67821502685547,58.83488464355469
-3.9405078887939453,-45.630306243896484,61.02946472167969
-4.707523345947266,-43.03116989135742,63.09788513183594
-5.885263442993164,-40.03529357910156,65.19232177734375
-7.381921768188477,-36.09955596923828,67.12446594238281
-9.01576042175293,-31.274192810058594,68.95433044433594
-10.804145812988281,-25.65169906616211,70.21969604492188
-12.533882141113281,-19.40868377685547,70.82046508789062
-14.485815048217773,-12.918926239013672,70.94578552246094
-16.273616790771484,-5.840053558349609,70.15408325195312
-17.914440155029297,1.4222297668457031,68.16558837890625
-19.650035858154297,8.161029815673828,63.80369567871094
-21.230724334716797,10.968570709228516,56.10551452636719
-23.323020935058594,7.171909332275391,47.147308349609375
-25.231910705566406,2.512531280517578,41.291229248046875
-26.216609954833984,1.3893470764160156,39.20684814453125
-26.697521209716797,1.4783058166503906,38.90568542480469
-26.913328170776367,1.4578971862792969,38.836517333984375
-27.10772705078125,1.55389404296875,38.95936584472656
-27.10725212097168,1.585296630859375,39.13362121582031
-26.97502326965332,1.6212196350097656,39.2352294921875
-27.05174446105957,1.670074462890625,39.38685607910156
-27.18644142150879,1.8342056274414062,39.576934814453125
-27.255090713500977,1.8999099731445312,39.75703430175781
-27.36102867126465,1.8059463500976562,39.79914855957031
-27.481531143188477,1.8158378601074219,39.80833435058594
-27.46316909790039,1.6987190246582031,39.74028015136719
-27.401092529296875,1.7874183654785156,39.69554138183594
-27.538192749023438,1.8136558532714844,39.72291564941406
-27.650949478149414,1.9855842590332031,39.767364501953125
-27.779232025146484,1.9567947387695312,39.869598388671875
-27.84206199645996,1.9973716735839844,39.845184326171875
-27.878402709960938,2.0680313110351562,39.54644775390625
-27.990253448486328,1.9870376586914062,39.40496826171875
-28.225135803222656,2.1114044189453125,39.36204528808594
-28.305696487426758,2.115375518798828,39.38938903808594
-28.52443504333496,2.260967254638672,39.69276428222656
-28.817520141601562,2.290081024169922,39.79811096191406
-28.952415466308594,2.148326873779297,39.71185302734375
-29.11041259765625,2.265216827392578,39.52745056152344
-29.379365921020508,2.286388397216797,39.414398193359375
-29.408308029174805,2.416637420654297,39.20619201660156
-29.49767303466797,2.4239845275878906,39.199310302734375
-29.809226989746094,2.4528427124023438,39.15924072265625
-29.910396575927734,2.4883346557617188,39.201568603515625
-30.115100860595703,2.4842987060546875,39.24351501464844
-30.239765167236328,2.496368408203125,39.23992919921875
-30.2868709564209,2.425304412841797,39.138031005859375
-30.333309173583984,2.4874725341796875,39.09819030761719
-30.484580993652344,2.4915618896484375,39.15739440917969
-30.67253303527832,2.4702186584472656,39.16783142089844
-30.75770378112793,2.553730010986328,39.0804443359375
-30.82632827758789,2.6805343627929688,39.112884521484375
-30.999698638916016,2.6611404418945312,39.0947265625
-31.085817337036133,2.6573219299316406,39.06782531738281
-31.174755096435547,2.518138885498047,39.09001159667969
-31.21242332458496,2.386425018310547,39.11579895019531
-31.45655059814453,2.3509902954101562,39.098419189453125
-31.577247619628906,2.428813934326172,38.94898986816406
-31.616228103637695,2.378753662109375,38.87104797363281
-31.693288803100586,2.3463973999023438,38.86347961425781
-31.898488998413086,2.3803176879882812,38.862213134765625
-31.93511390686035,2.3793067932128906,38.65452575683594
-32.017398834228516,2.4416961669921875,38.48985290527344
-32.01858139038086,2.466320037841797,38.37403869628906
-32.12779235839844,2.3860321044921875,38.30169677734375
-32.17147445678711,2.2643051147460938,38.36515808105469
-32.18267059326172,2.2651939392089844,38.270904541015625
-32.14600372314453,2.2365951538085938,38.05143737792969
-32.30863952636719,2.201873779296875,37.815277099609375
-32.3316764831543,2.2413558959960938,37.680938720703125
-32.20991897583008,2.241729736328125,37.63865661621094
-32.16457748413086,2.087005615234375,37.654205322265625
-32.05253219604492,2.0610885620117188,37.500579833984375
-32.06962585449219,1.9344978332519531,37.44804382324219
-31.966266632080078,1.810333251953125,37.2568359375
-32.060997009277344,1.6980056762695312,37.12580871582031
-32.02560806274414,1.6192512512207031,37.04136657714844
-31.967920303344727,1.6256866455078125,37.05934143066406
-31.931306838989258,1.4593772888183594,37.05580139160156
-31.963851928710938,1.485565185546875,37.08428955078125
-32.042354583740234,1.3860397338867188,37.00941467285156
-32.213199615478516,1.2877769470214844,36.96092224121094
-32.2231559753418,1.2849159240722656,36.84442138671875
-32.21980285644531,1.402801513671875,36.8182373046875
-32.40280532836914,1.3884429931640625,36.77909851074219
-32.504119873046875,1.4628219604492188,36.63783264160156
-32.700374603271484,1.4451408386230469,36.4989013671875
-32.879241943359375,1.4710006713867188,36.48675537109375
-33.03267288208008,1.3403396606445312,36.4873046875
-33.19657897949219,1.3048210144042969,36.3314208984375
-33.317237854003906,1.2502098083496094,36.19044494628906
-33.3894157409668,1.1453819274902344,36.062713623046875
-33.38823318481445,1.036834716796875,35.641021728515625
-33.363555908203125,0.8608207702636719,35.435516357421875
-33.397674560546875,0.8309860229492188,35.244415283203125
-33.36474609375,0.7737464904785156,35.1103515625
-33.370418548583984,0.7306976318359375,34.93821716308594
-33.29637145996094,0.5411720275878906,34.77696228027344
-33.02132797241211,0.36896514892578125,34.60780334472656
-32.48069763183594,0.2913970947265625,34.633209228515625
-31.803136825561523,0.07506179809570312,34.52552795410156
-31.12479591369629,-0.19012451171875,34.3624267578125
-30.491939544677734,-0.24073410034179688,34.241668701171875
-29.972434997558594,-0.4074249267578125,34.21580505371094
-29.39673614501953,-0.4437446594238281,34.226531982421875
-28.929410934448242,-0.5579032897949219,34.225250244140625
-28.644750595092773,-0.6992378234863281,34.227447509765625
-28.360979080200195,-0.7809677124023438,34.01484680175781
-28.378002166748047,-0.7319831848144531,33.844482421875
-28.330219268798828,-0.6686363220214844,33.60643005371094
-28.41688346862793,-0.6925697326660156,33.611480712890625
-28.670207977294922,-0.6956901550292969,33.416046142578125
-29.160823822021484,-0.6978988647460938,33.28797912597656
-29.589340209960938,-0.7122383117675781,33.29205322265625
-30.03839683532715,-0.7302932739257812,33.26145935058594
-30.46640396118164,-0.74456787109375,33.24494934082031
-30.820531845092773,-0.7545814514160156,33.392822265625
-31.005483627319336,-0.7976875305175781,33.52085876464844
-31.205411911010742,-0.6715316772460938,33.55513000488281
-31.17723274230957,-0.5548133850097656,33.79554748535156
-31.28997802734375,-0.4224891662597656,33.97798156738281
-31.34671401977539,-0.416473388671875,33.99794006347656
-31.32874870300293,-0.2464599609375,34.1356201171875
-31.190101623535156,-0.21628952026367188,34.287139892578125
-31.112226486206055,-0.20769500732421875,34.399993896484375
-31.034948348999023,-0.11544036865234375,34.505401611328125
-31.0455379486084,0.0156402587890625,34.57273864746094
-31.009756088256836,0.10819244384765625,34.85392761230469
-30.892770767211914,0.25716400146484375,34.973907470703125
-30.929655075073242,0.25318145751953125,35.040924072265625
-30.972387313842773,0.2542304992675781,35.03155517578125
-30.910364151000977,0.37636566162109375,35.295257568359375
-30.81194496154785,0.36348724365234375,35.359466552734375
-30.72170066833496,0.36003875732421875,35.37535095214844
-30.593265533447266,0.5371322631835938,35.39192199707031
-30.62922477722168,0.6683235168457031,35.41694641113281
-30.557209014892578,0.5237693786621094,35.29144287109375
-30.61960792541504,0.3822212219238281,35.14176940917969
-30.615020751953125,0.4370460510253906,35.082763671875
-30.55673599243164,0.4907035827636719,35.34584045410156
-30.60655975341797,0.5163002014160156,35.53599548339844
-30.569074630737305,0.61041259765625,35.618743896484375
-30.609176635742188,0.6865921020507812,35.92474365234375
-30.58086585998535,0.7806358337402344,36.01502990722656
-30.650497436523438,0.8662834167480469,36.0806884765625
-30.668132781982422,0.9205360412597656,36.228729248046875
-30.558216094970703,0.8087387084960938,36.31806945800781
-30.437673568725586,0.8360214233398438,36.40992736816406
-30.365379333496094,0.8106002807617188,36.458160400390625
-30.500104904174805,0.8845901489257812,36.46907043457031
-30.498048782348633,1.0420112609863281,36.70304870605469
-30.441049575805664,1.1585655212402344,36.85986328125
-30.28533172607422,1.3242263793945312,36.9229736328125
-30.288606643676758,1.3290557861328125,36.90380859375
-30.20747184753418,1.3894615173339844,37.115753173828125
-30.222684860229492,1.3058013916015625,37.24810791015625
-30.17636489868164,1.3636207580566406,37.3116455078125
-30.171619415283203,1.4039268493652344,37.288970947265625
-30.139877319335938,1.5706558227539062,37.30340576171875
-30.134687423706055,1.564849853515625,37.37152099609375
-30.097776412963867,1.6031723022460938,37.526611328125
-30.053354263305664,1.5559730529785156,37.59669494628906
-29.993423461914062,1.5582275390625,37.72090148925781
-29.988014221191406,1.6199111938476562,37.83924865722656
-30.0197696685791,1.64398193359375,37.85063171386719
-30.006078720092773,1.6476593017578125,37.998626708984375
-29.871976852416992,1.6083602905273438,38.01057434082031
-29.883020401000977,1.5912246704101562,38.182769775390625
-29.800493240356445,1.5889663696289062,38.35833740234375
-29.77528190612793,1.6744842529296875,38.41242980957031
-29.749309539794922,1.8065414428710938,38.50128173828125
-29.63313865661621,1.9994964599609375,38.64862060546875
-29.63313865661621,1.9994964599609375,38.64862060546875
-29.549524307250977,1.9674873352050781,38.87294006347656
-29.418224334716797,1.9899673461914062,39.12904357910156
-29.32141876220703,2.1148147583007812,39.28343200683594
-29.243850708007812,2.2093276977539062,39.30067443847656
-29.11632537841797,2.3050537109375,39.37799072265625
-28.957355499267578,2.4748382568359375,39.68544006347656
-28.75116539001465,2.663135528564453,40.0711669921875
-28.671152114868164,2.8578529357910156,40.39747619628906
-28.32826805114746,3.0988807678222656,40.88578796386719
-27.99283218383789,3.380542755126953,41.4237060546875
-27.63033676147461,3.6337318420410156,42.16334533691406
-27.224193572998047,4.136333465576172,42.80717468261719
-27.195470809936523,4.600025177001953,43.55296325683594
-27.124256134033203,5.212108612060547,44.32843017578125
-26.95270347595215,5.982959747314453,45.323944091796875
-26.76057243347168,6.846652984619141,46.33784484863281
-26.426855087280273,7.806919097900391,47.358245849609375
-26.222835540771484,8.963504791259766,48.39801025390625
-25.963336944580078,10.131000518798828,49.5404052734375
-25.698463439941406,11.49332046508789,50.83831787109375
-25.72342872619629,12.784000396728516,51.90339660644531
-25.7437744140625,14.220821380615234,53.14686584472656
-25.726675033569336,15.755977630615234,54.429718017578125
-25.789684295654297,17.345149993896484,55.627197265625
-26.055856704711914,18.978687286376953,56.751739501953125
-26.19290542602539,20.50027084350586,57.599365234375
-26.560285568237305,21.915782928466797,58.38359069824219
-26.891319274902344,23.24032211303711,59.00856018066406
-26.99462890625,24.55075454711914,59.61431884765625
-27.03925895690918,25.58260726928711,60.02772521972656
-27.035751342773438,26.39011001586914,60.52006530761719
-26.964431762695312,27.119739532470703,60.71311950683594
-26.894258499145508,27.72616195678711,61.06507873535156
-26.764972686767578,28.363513946533203,61.29545593261719
-26.595176696777344,28.809429168701172,61.619232177734375
-26.61688995361328,29.33626937866211,61.8565673828125
-26.560333251953125,29.908565521240234,61.95698547363281
-26.37156867980957,30.425670623779297,62.05027770996094
-26.320507049560547,30.996562957763672,62.29096984863281
-26.47520637512207,31.532939910888672,62.597900390625
-26.68070411682129,32.146541595458984,62.87115478515625
-26.762943267822266,32.78342056274414,63.14837646484375
-26.602458953857422,33.30231857299805,63.34916687011719
-26.70747947692871,33.79335403442383,63.494903564453125
-26.773500442504883,34.326419830322266,63.72148132324219
-26.903392791748047,34.800418853759766,63.723541259765625
-26.887104034423828,35.2985725402832,63.948516845703125
-26.987730026245117,35.70840835571289,64.11680603027344
-27.136302947998047,36.196468353271484,64.23335266113281
-27.1514949798584,36.56343460083008,64.21473693847656
-27.05913543701172,36.87911605834961,64.236083984375
-26.882831573486328,37.18843460083008,64.38818359375
-26.755205154418945,37.460628509521484,64.41255187988281
-26.751998901367188,37.65194320678711,64.64222717285156
-26.52182960510254,37.813175201416016,64.81925964355469
-26.365446090698242,37.99672317504883,64.89378356933594
-26.275941848754883,38.20534133911133,64.76513671875
-26.253448486328125,38.54452133178711,64.77412414550781
-26.168603897094727,38.876888275146484,64.86946105957031
-26.058307647705078,39.12165451049805,64.94161987304688
-26.034950256347656,39.43160629272461,64.98237609863281
-25.945100784301758,39.49515151977539,65.10804748535156
-25.79094886779785,39.38969039916992,65.240234375
-25.52504539489746,39.24002456665039,65.35038757324219
-25.263914108276367,39.12399673461914,65.29544067382812
-25.218477249145508,39.11481857299805,65.36334228515625
-25.341167449951172,39.08352279663086,65.30711364746094
-25.5989990234375,38.97060775756836,65.357177734375
-26.007568359375,38.65818405151367,65.14894104003906
-26.18532943725586,38.3919792175293,64.99440002441406
-26.53949737548828,38.13260269165039,64.80189514160156
-26.868953704833984,38.05964279174805,64.61021423339844
-27.052940368652344,38.206790924072266,64.63688659667969
-27.392154693603516,38.150630950927734,64.81199645996094
-27.53003692626953,38.14210891723633,64.83096313476562
-27.644960403442383,38.054935455322266,64.93904113769531
-27.687307357788086,38.05129623413086,65.14187622070312
-27.896873474121094,38.199710845947266,65.07331848144531
-27.966899871826172,38.12178421020508,65.02186584472656
-28.052663803100586,38.1190071105957,64.86537170410156
-28.038158416748047,38.01950454711914,64.72323608398438
-28.191165924072266,37.939571380615234,64.6119384765625
-28.046716690063477,37.84406661987305,64.62284851074219
-28.067291259765625,37.7689323425293,64.5478515625
-28.11608123779297,37.66191482543945,64.73239135742188
-28.23371124267578,37.50704574584961,64.83102416992188
-28.31414031982422,37.40166091918945,64.69584655761719
-28.209291458129883,37.1790885925293,64.59019470214844
-28.205703735351562,37.01491165161133,64.43473815917969
-28.09139633178711,36.86618423461914,64.40933227539062
-28.074867248535156,36.67923355102539,64.375732421875
-28.16008758544922,36.355045318603516,64.24349975585938
-28.14940071105957,35.991146087646484,64.26530456542969
-28.08753204345703,35.8936653137207,64.27238464355469
-27.96354866027832,35.95893478393555,64.1878662109375
-27.886987686157227,36.103519439697266,64.36747741699219
-27.895936965942383,36.50777816772461,64.54403686523438
-27.854122161865234,36.932071685791016,64.65081787109375
-27.895862579345703,37.18477249145508,64.79719543457031
-27.818035125732422,37.08573532104492,64.86874389648438
-27.709056854248047,37.30121994018555,64.80340576171875
-27.67914390563965,37.51149368286133,64.58915710449219
-27.754192352294922,37.57369613647461,64.43360900878906
-27.637147903442383,37.712703704833984,64.578369140625
-27.633888244628906,37.7574577331543,64.5711669921875
-27.488880157470703,37.75742721557617,64.46603393554688
-27.45677947998047,37.82521438598633,64.42137145996094
-27.355817794799805,37.839725494384766,64.32742309570312
-27.180065155029297,37.78114700317383,64.31666564941406
-27.158111572265625,37.8728141784668,64.26055908203125
-27.31273078918457,37.89284133911133,64.22560119628906
-27.268383026123047,37.9362678527832,64.10594177246094
-27.264373779296875,37.80299758911133,64.17759704589844
-27.1669979095459,37.878238677978516,64.32296752929688
-27.194290161132812,37.96281051635742,64.17985534667969
-27.132369995117188,38.1638298034668,64.12229919433594
-27.360061645507812,38.225955963134766,64.11866760253906
-27.35990333557129,38.16628646850586,64.10905456542969
-27.362041473388672,38.101016998291016,64.19853210449219
-27.21573257446289,38.186153411865234,64.28794860839844
-27.17254066467285,38.21866989135742,64.3880615234375
-27.105548858642578,38.00999069213867,64.20339965820312
-27.16442108154297,37.9716682434082,64.24714660644531
-27.202560424804688,37.965450286865234,64.26821899414062
-27.296836853027344,37.89346694946289,64.21784973144531
-27.179271697998047,37.9640998840332,64.33392333984375
-27.13034439086914,37.95085525512695,64.31002807617188
-27.128173828125,37.90525436401367,64.28684997558594
-27.144357681274414,37.99880599975586,63.98643493652344
-27.157238006591797,38.091495513916016,63.9493408203125
-27.115371704101562,38.21782302856445,64.06489562988281
-27.043331146240234,38.14455032348633,64.08126831054688
-26.963226318359375,37.95633316040039,64.07365417480469
-27.106788635253906,38.04941940307617,64.04145812988281
-27.12778091430664,37.962276458740234,64.108642578125
-27.025402069091797,37.90555953979492,64.09259033203125
-26.97538185119629,37.91189193725586,63.99139404296875
-26.9580135345459,37.934749603271484,63.985015869140625
-27.04684829711914,37.93746566772461,64.07304382324219
-27.107173919677734,37.92257308959961,64.15534973144531
-27.289501190185547,38.04265213012695,64.11732482910156
-27.374414443969727,38.030582427978516,63.98295593261719
-27.44986343383789,38.132564544677734,64.09608459472656
-27.453643798828125,38.15068435668945,64.03909301757812
-27.455778121948242,38.182430267333984,64.08657836914062
-27.512393951416016,38.18522262573242,64.09477233886719
-27.5989933013916,38.187252044677734,64.12431335449219
-27.623661041259766,38.1188850402832,64.05207824707031
-27.53463363647461,38.1818733215332,64.03245544433594
-27.513607025146484,38.2033805847168,64.33616638183594
-27.458511352539062,38.24680709838867,64.37185668945312
-27.497180938720703,38.1874885559082,64.37959289550781
-27.367229461669922,38.210567474365234,64.2930908203125
-27.376604080200195,38.087215423583984,64.23683166503906
-27.36296272277832,38.06996536254883,64.26994323730469
-27.415145874023438,38.103755950927734,64.20234680175781
-27.45886993408203,38.18007278442383,64.20903015136719
-27.440837860107422,38.29343032836914,64.26597595214844
-27.488231658935547,38.33858108520508,64.16622924804688
-27.36184310913086,38.22897720336914,64.08544921875
-27.26024627685547,38.29812240600586,64.11564636230469
-27.142189025878906,38.201297760009766,64.18313598632812
-27.136545181274414,38.21524429321289,64.34086608886719
-27.204660415649414,38.2127799987793,64.40182495117188
-27.124372482299805,38.3382453918457,64.32843017578125
-27.187898635864258,38.212345123291016,64.1207275390625
-27.304244995117188,38.25358200073242,64.09121704101562
-27.213703155517578,38.30826187133789,64.12387084960938
-27.170499801635742,38.35590744018555,64.23323059082031
-27.125675201416016,38.3216667175293,64.30718994140625
-27.1234188079834,38.23099899291992,64.52943420410156
-27.122634887695312,38.21782302856445,64.4656982421875
-27.177743911743164,38.20012283325195,64.45478820800781
-27.14894676208496,38.18375778198242,64.32493591308594
-27.066509246826172,38.17502212524414,64.26885986328125
-27.101688385009766,38.20717239379883,64.08061218261719
-27.13060760498047,38.15676498413086,64.06765747070312
-27.059303283691406,38.188777923583984,64.08976745605469
-27.104856491088867,38.21872329711914,64.03672790527344
-27.13074493408203,38.15959548950195,64.18281555175781
-27.174070358276367,38.23929977416992,64.18325805664062
-27.11304473876953,38.15311050415039,64.20285034179688
-27.249309539794922,37.966739654541016,64.384521484375
-27.22320556640625,37.97159957885742,64.44720458984375
-27.15864372253418,37.93179702758789,64.38114929199219
-27.11614418029785,38.128421783447266,64.22673034667969
-27.23353385925293,38.22600173950195,64.08671569824219
-27.258941650390625,38.23007583618164,64.16091918945312
-27.348251342773438,38.234439849853516,64.35430908203125
-27.28328514099121,38.20821762084961,64.40031433105469
-27.18472671508789,38.11232376098633,64.37815856933594
-27.163433074951172,38.17110061645508,64.52304077148438
-27.170896530151367,38.20408248901367,64.47439575195312
-27.181230545043945,38.2479133605957,64.4383544921875
-27.17190170288086,38.162471771240234,64.38705444335938
-27.15015411376953,38.06828689575195,64.55281066894531
-27.1068172454834,38.04367446899414,64.44635009765625
-27.337440490722656,37.935916900634766,64.43086242675781
-27.338794708251953,37.9674186706543,64.31761169433594
-27.34644889831543,37.96311569213867,64.11021423339844
-27.23982810974121,37.97896194458008,64.15817260742188
-27.132535934448242,37.92302322387695,64.29791259765625
-27.010229110717773,38.05716323852539,64.44192504882812
-26.982524871826172,37.92373275756836,64.57975769042969
-27.049470901489258,37.93906784057617,64.49639892578125
-26.871511459350586,37.968074798583984,64.39906311035156
-26.880626678466797,37.919979095458984,64.53773498535156
-26.839929580688477,38.01193618774414,64.54200744628906
-26.902050018310547,38.07010269165039,64.56297302246094
-26.979082107543945,38.08340072631836,64.46298217773438
-27.07047462463379,38.09614181518555,64.41712951660156
-27.173192977905273,38.090518951416016,64.45608520507812
-27.040586471557617,37.952632904052734,64.50666809082031
-27.047285079956055,37.88750076293945,64.54420471191406
-26.99755859375,38.067203521728516,64.43702697753906
-27.167068481445312,38.14468002319336,64.40284729003906
-27.11920738220215,38.13456344604492,64.29148864746094
-27.14318084716797,38.05824661254883,64.29312133789062
-27.179792404174805,38.011348724365234,64.37741088867188
-27.172561645507812,37.92475509643555,64.35067749023438
-27.024349212646484,37.903926849365234,64.20787048339844
-26.895374298095703,37.91946029663086,64.10302734375
-26.949420928955078,37.88900375366211,64.04702758789062
-26.98642921447754,38.04801559448242,64.11712646484375
-27.049510955810547,38.08708572387695,64.19517517089844
-27.071537017822266,38.00449752807617,64.36813354492188
-27.044042587280273,37.93415451049805,64.2899169921875
-27.135847091674805,37.92246627807617,64.2486572265625
-27.178808212280273,37.803287506103516,64.28343200683594
-27.16434669494629,37.92561721801758,64.21656799316406
-27.196197509765625,37.88462448120117,64.20050048828125
-27.176849365234375,38.02870559692383,64.26773071289062
-27.147415161132812,37.983089447021484,64.23197937011719
-27.12834930419922,37.9030647277832,64.35635375976562
-27.119277954101562,38.04874038696289,64.43881225585938
-27.129009246826172,38.16200637817383,64.43545532226562
-27.235076904296875,38.228641510009766,64.45118713378906
-27.20431137084961,38.183895111083984,64.39210510253906
-27.094470977783203,38.14986038208008,64.34214782714844
-27.0926513671875,38.1717414855957,64.4163818359375
-27.12165069580078,38.233333587646484,64.39154052734375
-27.196327209472656,38.10126876831055,64.51313781738281
-27.189613342285156,38.07917404174805,64.50244140625
-27.230548858642578,38.01939010620117,64.60621643066406
-27.143943786621094,38.09639358520508,64.72811889648438
-27.17823028564453,38.17564010620117,64.67463684082031
-27.16986846923828,38.095279693603516,64.64413452148438
-27.13953399658203,37.96821975708008,64.55337524414062
-27.156005859375,37.945926666259766,64.49049377441406
-27.1129150390625,37.85396194458008,64.54574584960938
-27.177335739135742,37.84971237182617,64.57188415527344
-27.29879379272461,38.0254020690918,64.44099426269531
-27.253379821777344,38.19906234741211,64.34233093261719
-27.202489852905273,38.18342208862305,64.08128356933594
-27.070941925048828,38.20561599731445,63.83134460449219
-26.996116638183594,38.11544418334961,64.06095886230469
-27.093868255615234,38.06682205200195,64.08499145507812
-27.065921783447266,38.077579498291016,64.22128295898438
-27.072189331054688,38.19524002075195,64.39080810546875
-27.036334991455078,38.12675857543945,64.44743347167969
-27.06428337097168,38.00004196166992,64.25633239746094
-27.07394027709961,37.92618179321289,64.23750305175781
-26.954822540283203,37.8068733215332,64.29524230957031
-27.093677520751953,37.891971588134766,64.16999816894531
-27.28082275390625,37.86823654174805,63.946563720703125
-27.322124481201172,37.954593658447266,64.01629638671875
-27.342708587646484,37.927852630615234,64.08079528808594
-27.161556243896484,38.03824234008789,64.03248596191406
-27.067249298095703,38.039730072021484,64.15071105957031
-26.97869110107422,38.089725494384766,64.29917907714844
-27.1448974609375,38.16201400756836,64.28584289550781
-27.038515090942383,38.21278762817383,64.23092651367188
-27.0402774810791,38.16227340698242,64.38250732421875
-27.15319061279297,38.15855026245117,64.40484619140625
-27.282020568847656,38.128353118896484,64.23696899414062
-27.27239227294922,38.06010818481445,64.2310791015625
-27.178537368774414,38.05343246459961,64.3250732421875
-27.194332122802734,38.01018142700195,64.36541748046875
-27.216106414794922,37.973018646240234,64.3330078125
-27.15334701538086,37.95930862426758,64.32179260253906
-27.12928581237793,37.96944046020508,64.17401123046875
-27.190269470214844,37.91289138793945,64.15705871582031
-27.079755783081055,37.88436508178711,64.06610107421875
-26.906723022460938,37.915279388427734,64.0533447265625
-26.905834197998047,37.879878997802734,64.09756469726562
-27.001323699951172,37.88644790649414,64.17701721191406
-27.007892608642578,37.90214157104492,64.21730041503906
-26.96727752685547,38.038448333740234,64.22151184082031
-27.053089141845703,38.06550979614258,64.28912353515625
-27.152786254882812,38.1181755065918,64.19285583496094
-27.206924438476562,38.0379753112793,64.18649291992188
-27.12961196899414,38.00461959838867,64.35969543457031
-27.31045913696289,37.91813278198242,64.39857482910156
-27.425506591796875,38.052181243896484,64.31486511230469
-27.41397476196289,38.038631439208984,64.24795532226562
-27.356143951416016,38.12040328979492,64.2059326171875
-27.370840072631836,38.090633392333984,64.23052978515625
-27.369640350341797,38.02214431762695,64.14093017578125
-27.366886138916016,38.04050064086914,64.08116149902344
-27.399452209472656,38.02773666381836,64.05976867675781
-27.326719284057617,38.13715744018555,64.11433410644531
-27.32993507385254,38.210872650146484,64.04930114746094
-27.359298706054688,38.2214469909668,64.02769470214844
-27.277969360351562,38.202205657958984,64.02729797363281
-27.27570343017578,38.16665267944336,64.08258056640625
-27.24217987060547,38.12772750854492,64.10501098632812
-27.19869041442871,38.061458587646484,64.0445556640625
-27.11772918701172,38.02976608276367,64.10177612304688
-27.023666381835938,38.12150192260742,64.11415100097656
-27.00962257385254,38.0423698425293,64.242431640625
-27.107036590576172,38.04401779174805,64.26686096191406
-27.197145462036133,38.03092575073242,64.30091857910156
-27.221851348876953,38.15385055541992,64.26461791992188
-27.224485397338867,38.170223236083984,64.08624267578125
-27.16693115234375,38.23654556274414,64.06172180175781
-27.270092010498047,38.19956588745117,64.07489013671875
-27.301013946533203,38.130496978759766,64.14414978027344
-27.26868438720703,38.03520584106445,64.22567749023438
-27.22454071044922,37.93241500854492,64.0966796875
-27.183429718017578,37.910396575927734,64.00767517089844
-27.1383056640625,37.99708938598633,63.88334655761719
-27.37202262878418,37.96634292602539,63.93247985839844
-27.382606506347656,37.97623825073242,63.99464416503906
-27.459030151367188,37.97055435180664,64.16232299804688
-27.32320785522461,37.9465217590332,64.2518310546875
-27.376605987548828,38.14668655395508,64.26644897460938
-27.296506881713867,38.145511627197266,64.22171020507812
-27.18079376220703,38.15560531616211,64.23945617675781
-27.2376766204834,38.233585357666016,64.21527099609375
-27.443193435668945,38.33430099487305,64.21148681640625
-27.300273895263672,38.372127532958984,64.31520080566406
-27.327518463134766,38.24519729614258,64.34381103515625
-27.218109130859375,38.19218063354492,64.33609008789062
-27.259288787841797,37.960269927978516,64.453125
-27.298290252685547,37.92161178588867,64.38096618652344
-27.3599853515625,37.996212005615234,64.33990478515625
-27.175674438476562,38.122676849365234,64.446533203125
-27.1564998626709,38.12288284301758,64.47892761230469
-27.136154174804688,38.16103744506836,64.50358581542969
-27.19123077392578,38.0423698425293,64.68698120117188
-27.137109756469727,38.04105758666992,64.70901489257812
-27.142763137817383,37.92307662963867,64.61424255371094
-27.121307373046875,38.07767868041992,64.45468139648438
-27.165512084960938,38.03828048706055,64.36570739746094
-27.122224807739258,38.0097541809082,64.34848022460938
-27.162891387939453,38.16208267211914,64.43130493164062
-27.164825439453125,38.136905670166016,64.367431640625
-27.17698097229004,38.12947463989258,64.50361633300781
-27.240718841552734,38.03281021118164,64.51399230957031
-27.171945571899414,38.193294525146484,64.59103393554688
-27.2646541595459,38.19594955444336,64.55668640136719
-27.425426483154297,38.22346115112305,64.53239440917969
-27.447975158691406,38.15189743041992,64.58039855957031
-27.42495346069336,38.22776412963867,64.58499145507812
-27.46898651123047,38.213932037353516,64.58180236816406
-27.508960723876953,38.1776008605957,64.60382080078125
-27.355789184570312,38.206180572509766,64.71823120117188
-27.33108139038086,38.1873893737793,64.56451416015625
-27.358980178833008,38.23824691772461,64.60026550292969
-27.371952056884766,38.291378021240234,64.64872741699219
-27.371952056884766,38.291378021240234,64.64872741699219
-27.358680725097656,38.203975677490234,64.66572570800781
-27.304067611694336,38.159244537353516,64.60197448730469
-27.336523056030273,38.23198318481445,64.50032043457031
-27.369403839111328,38.24679183959961,64.47445678710938
-27.406335830688477,38.23848342895508,64.37394714355469
-27.413724899291992,38.06955337524414,64.44062805175781
-27.46715545654297,37.99271011352539,64.41792297363281
-27.431339263916016,37.94599533081055,64.51664733886719
-27.504642486572266,38.07144546508789,64.56401062011719
-27.49141502380371,38.10214614868164,64.54327392578125
-27.50018310546875,38.14115524291992,64.68829345703125
-27.47845458984375,38.201969146728516,64.75350952148438
-27.415071487426758,38.13576126098633,64.61640930175781
-27.462886810302734,38.03611373901367,64.441162109375
-27.42513656616211,38.116390228271484,64.45939636230469
-27.324466705322266,38.12932205200195,64.57374572753906
-27.181076049804688,38.16549301147461,64.52059936523438
-27.2840633392334,38.08298110961914,64.50788879394531
-27.34276008605957,38.116573333740234,64.66136169433594
-27.194034576416016,38.13552474975586,64.69486999511719
-27.19565200805664,38.19314956665039,64.66526794433594
-27.31389617919922,38.172664642333984,64.55360412597656
-27.381345748901367,38.054988861083984,64.40519714355469
-27.39523696899414,38.17642593383789,64.37403869628906
-27.307769775390625,38.0699348449707,64.36985778808594
-27.29711151123047,38.035640716552734,64.54484558105469
-27.397647857666016,38.17026901245117,64.33113098144531
-27.398862838745117,38.1838493347168,64.24153137207031
-27.4305362701416,38.1739616394043,64.22233581542969
-27.419160842895508,38.16306686401367,64.31590270996094
-27.47169303894043,38.20426559448242,64.24446105957031
-27.350849151611328,38.234745025634766,64.23454284667969
-27.305103302001953,38.21560287475586,64.33537292480469
-27.429821014404297,38.20427322387695,64.36212158203125
-27.477598190307617,38.225704193115234,64.44697570800781
-27.43744468688965,38.200313568115234,64.4693603515625
-27.425689697265625,38.23880386352539,64.46109008789062
-27.39236831665039,38.24606704711914,64.55780029296875
-27.44968032836914,38.23305892944336,64.59632873535156
-27.468982696533203,38.16666793823242,64.47189331054688
-27.481407165527344,38.22514724731445,64.41142272949219
-27.418760299682617,38.2466926574707,64.45079040527344
-27.34703826904297,38.24531936645508,64.39056396484375
-27.36376190185547,38.20425796508789,64.51116943359375
-27.302589416503906,38.18800735473633,64.579833984375
-27.196332931518555,38.140201568603516,64.51252746582031
-27.25753402709961,37.993831634521484,64.54261779785156
-27.352237701416016,37.97635269165039,64.62068176269531
-27.451171875,37.91805648803711,64.79222106933594
-27.374536514282227,37.9534797668457,64.68965148925781
-27.33713722229004,37.916378021240234,64.55635070800781
-27.302467346191406,37.87979507446289,64.56427001953125
-27.279096603393555,37.961856842041016,64.56463623046875
-27.317188262939453,37.93619155883789,64.65538024902344
-27.409616470336914,38.05447006225586,64.82000732421875
-27.497838973999023,38.05360794067383,64.72911071777344
-27.438457489013672,37.98477554321289,64.67655944824219
-27.354291915893555,37.99911117553711,64.56964111328125
-27.222259521484375,38.11775588989258,64.55935668945312
-27.31318473815918,38.16092300415039,64.53341674804688
-27.31978416442871,38.14766311645508,64.67500305175781
-27.24826431274414,38.19279861450195,64.71600341796875
-27.215126037597656,38.1896858215332,64.63229370117188
-27.220125198364258,38.32377243041992,64.5933837890625
-27.286094665527344,38.2746467590332,64.55622863769531
-27.314693450927734,38.31277847290039,64.58961486816406
-27.405031204223633,38.38911056518555,64.42337036132812
-27.334758758544922,38.47087478637695,64.38348388671875
-27.257274627685547,38.40957260131836,64.47477722167969
-27.203466415405273,38.35346603393555,64.41575622558594
-27.151901245117188,38.36667251586914,64.40034484863281
-27.057231903076172,38.333133697509766,64.40396118164062
-27.023170471191406,38.21268844604492,64.46627807617188
-27.173112869262695,38.241573333740234,64.51200866699219
-27.1406307220459,38.145633697509766,64.56149291992188
-27.22471809387207,38.11420822143555,64.63502502441406
-27.292936325073242,38.1067008972168,64.74319458007812
-27.35725975036621,38.12144088745117,64.78045654296875
-27.332393646240234,38.204044342041016,64.73387145996094
-27.280670166015625,38.27096176147461,64.86508178710938
-27.286231994628906,38.331600189208984,64.90283203125
-27.34656524658203,38.21140670776367,64.7982177734375
-27.3259334564209,38.253849029541016,64.64219665527344
-27.371137619018555,38.08456802368164,64.61970520019531
-27.486438751220703,38.029415130615234,64.66195678710938
-27.419580459594727,37.940670013427734,64.62310791015625
-27.498699188232422,37.91434860229492,64.54095458984375
-27.475292205810547,37.96219253540039,64.56524658203125
-27.506607055664062,37.959537506103516,64.55271911621094
-27.423269271850586,37.844058990478516,64.41099548339844
-27.42030143737793,37.76615524291992,64.4278564453125
-27.458677291870117,37.76472854614258,64.48953247070312
-27.414627075195312,37.91848373413086,64.4742431640625
-27.416826248168945,37.90568923950195,64.26014709472656
-27.296907424926758,38.03690719604492,64.17507934570312
-27.16678237915039,38.16984939575195,64.27224731445312
-27.152725219726562,38.07498550415039,64.21286010742188
-27.103456497192383,38.07096481323242,64.26893615722656
-27.03665542602539,37.945804595947266,64.315673828125
-27.10369300842285,37.956539154052734,64.36825561523438
-27.143239974975586,37.99064254760742,64.42085266113281
-27.192363739013672,38.045963287353516,64.32379150390625
-27.400671005249023,38.1486701965332,64.23335266113281
-27.463287353515625,38.2278938293457,64.24971008300781
-27.454483032226562,38.16093826293945,64.13543701171875
-27.307537078857422,38.1811408996582,63.93804931640625
-27.171531677246094,38.206417083740234,63.94834899902344
-27.290340423583984,38.10757064819336,64.0467529296875
-27.254642486572266,38.050907135009766,64.23588562011719
-27.22620964050293,38.01726150512695,64.19349670410156
-27.314395904541016,38.0526008605957,64.36224365234375
-27.305938720703125,38.16981887817383,64.36740112304688
-27.26416778564453,38.21357345581055,64.22799682617188
-27.27168846130371,38.057857513427734,64.08489990234375
-27.290170669555664,37.98775863647461,64.13673400878906
-27.378490447998047,37.918209075927734,64.06660461425781
-27.41859245300293,37.936405181884766,63.94134521484375
-27.46635627746582,37.91255569458008,63.96907043457031
-27.43762969970703,37.969730377197266,64.05877685546875
-27.444660186767578,38.08884048461914,64.10786437988281
-27.342193603515625,38.04606246948242,64.05473327636719
-27.344348907470703,37.98183059692383,64.14242553710938
-27.36833381652832,37.97591781616211,64.189697265625
-27.27280044555664,38.05490493774414,64.20571899414062
-27.34280776977539,38.0108528137207,64.43449401855469
-27.47500228881836,38.00959396362305,64.58992004394531
-27.509145736694336,38.09751510620117,64.60926818847656
-27.47240447998047,38.128536224365234,64.47419738769531
-27.483745574951172,38.16413497924805,64.42686462402344
-27.41316032409668,38.165706634521484,64.44927978515625
-27.431026458740234,38.22945785522461,64.42585754394531
-27.496639251708984,38.19761276245117,64.3082275390625
-27.42035675048828,38.15927505493164,64.27597045898438
-27.40825080871582,38.2708854675293,64.17088317871094
-27.310808181762695,38.41256332397461,64.16246032714844
-27.389602661132812,38.38164138793945,64.34115600585938
-27.478355407714844,38.390010833740234,64.3255615234375
-27.491247177124023,38.20487594604492,64.33460998535156
-27.444822311401367,38.25211715698242,64.36811828613281
-27.416404724121094,38.3099479675293,64.35038757324219
-27.52802085876465,38.3046989440918,64.30752563476562
-27.57738494873047,38.283687591552734,64.21856689453125
-27.623788833618164,38.33369064331055,64.21060180664062
-27.5611629486084,38.2906608581543,64.38528442382812
-27.611509323120117,38.35750961303711,64.28973388671875
-27.699825286865234,38.3205451965332,64.08824157714844
-27.781038284301758,38.33469009399414,64.08297729492188
-27.67812728881836,38.3454475402832,64.14497375488281
-27.566017150878906,38.2858772277832,64.19863891601562
-27.50625228881836,38.321651458740234,64.38629150390625
-27.469745635986328,38.37369155883789,64.52296447753906
-27.423879623413086,38.37668991088867,64.69816589355469
-27.54515838623047,38.35100173950195,64.82637023925781
-27.501243591308594,38.23136520385742,64.8287353515625
-27.49618911743164,38.0355110168457,64.61453247070312
-27.457439422607422,37.9444465637207,64.509765625
-27.47591781616211,37.93351364135742,64.287353515625
-27.549095153808594,37.97712326049805,64.09071350097656
-27.676179885864258,37.87221145629883,64.10107421875
-27.628612518310547,37.929752349853516,64.23622131347656
-27.654403686523438,37.91005325317383,64.13925170898438
-27.763427734375,37.796871185302734,64.14248657226562
-27.843053817749023,37.826358795166016,64.1646728515625
-27.876873016357422,37.780025482177734,64.37017822265625
-27.977876663208008,37.773136138916016,64.41793823242188
-28.151729583740234,37.821346282958984,64.36750793457031
-28.02402114868164,37.91408920288086,64.49394226074219
-28.052776336669922,37.95296859741211,64.4627685546875
-28.120649337768555,38.0443229675293,64.41410827636719
-28.31089973449707,38.01128005981445,64.59420776367188
-28.316558837890625,38.1787223815918,64.74085998535156
-28.366003036499023,38.1031379699707,64.83943176269531
-28.331193923950195,38.02204513549805,64.84953308105469
-28.420555114746094,37.903865814208984,64.89921569824219
-28.42135238647461,37.819515228271484,64.84132385253906
-28.395532608032227,37.78239059448242,64.81915283203125
-28.431041717529297,37.646549224853516,64.84217834472656
-28.40476417541504,37.662052154541016,64.78828430175781
-28.437259674072266,37.71877670288086,64.47453308105469
-28.481014251708984,37.686336517333984,64.54252624511719
-28.527633666992188,37.57454299926758,64.59236145019531
-28.479957580566406,37.602359771728516,64.57185363769531
-28.353200912475586,37.58536911010742,64.51702880859375
-28.262075424194336,37.5273323059082,64.83247375488281
-28.28102684020996,37.3218879699707,64.85096740722656
-28.410655975341797,37.0224494934082,64.64663696289062
-28.402793884277344,36.6090202331543,64.50595092773438
-28.44704818725586,36.2080192565918,64.54457092285156
-28.62149429321289,35.91427230834961,64.65069580078125
-28.746713638305664,35.73269271850586,64.56686401367188
-28.509267807006836,35.67342758178711,64.37879943847656
-28.30632972717285,35.7664680480957,64.42031860351562
-27.956689834594727,35.962337493896484,64.48101806640625
-27.606666564941406,36.131099700927734,64.51177978515625
-26.986398696899414,36.14853286743164,64.55049133300781
-26.21378517150879,36.28220748901367,64.87953186035156
-25.22258949279785,36.386234283447266,64.88795471191406
-23.818923950195312,36.417659759521484,64.96165466308594
-22.350858688354492,36.28022384643555,64.93785095214844
-20.82884979248047,36.03322982788086,64.89395141601562
-19.470497131347656,35.31344985961914,64.65303039550781
-18.060686111450195,34.2985954284668,64.03776550292969
-16.794151306152344,32.96768569946289,63.55839538574219
-15.547327041625977,31.33450698852539,62.879486083984375
-14.512052536010742,29.763004302978516,62.19969177246094
-13.517034530639648,28.071300506591797,61.45538330078125
-12.75484848022461,26.495738983154297,60.591461181640625
-11.90665054321289,24.77254867553711,59.57029724121094
-11.353517532348633,23.188236236572266,58.44367980957031
-10.791675567626953,21.501895904541016,57.234527587890625
-10.482034683227539,19.628292083740234,56.00627136230469
-10.314155578613281,17.725261688232422,54.88885498046875
-10.371070861816406,15.779125213623047,53.74247741699219
-10.442264556884766,13.928218841552734,52.32794189453125
-10.577821731567383,11.997920989990234,50.72862243652344
-10.677051544189453,10.100086212158203,49.11442565917969
-10.705753326416016,8.375476837158203,47.13739013671875
-10.845438003540039,6.746196746826172,45.23921203613281
-10.969583511352539,5.058788299560547,43.228363037109375
-11.199800491333008,3.4365272521972656,41.073760986328125
-11.576133728027344,1.9272537231445312,39.01652526855469
-11.932649612426758,0.6466560363769531,36.993011474609375
-12.520719528198242,-0.48117828369140625,35.089111328125
-13.377227783203125,-1.3691024780273438,33.48439025878906
-14.43018913269043,-2.0783348083496094,32.10801696777344
-15.550100326538086,-2.4990081787109375,30.665878295898438
-16.613428115844727,-3.1015968322753906,29.31878662109375
-17.788818359375,-3.5936241149902344,28.150787353515625
-18.970020294189453,-3.9107398986816406,27.108001708984375
-20.1063232421875,-4.376865386962891,26.025543212890625
-21.185592651367188,-4.511425018310547,24.985397338867188
-22.35984230041504,-4.651699066162109,24.059127807617188
-23.436473846435547,-4.912422180175781,23.007720947265625
-24.345794677734375,-4.970088958740234,22.079177856445312
-25.423480987548828,-4.928974151611328,21.620574951171875
-26.301403045654297,-4.944454193115234,21.152557373046875
-27.128013610839844,-4.885719299316406,20.60882568359375
-27.774436950683594,-4.7889556884765625,20.1470947265625
-28.427104949951172,-4.7974395751953125,19.795578002929688
-29.012372970581055,-4.761070251464844,19.282745361328125
-29.54399871826172,-4.607795715332031,19.083450317382812
-29.958621978759766,-4.549457550048828,18.789077758789062
-30.388704299926758,-4.419788360595703,18.490081787109375
-30.800731658935547,-4.413597106933594,18.112380981445312
-31.101072311401367,-4.375648498535156,17.906890869140625
-31.432498931884766,-4.297748565673828,17.845367431640625
-31.764598846435547,-4.164257049560547,17.864425659179688
-32.04308319091797,-4.0468292236328125,17.919326782226562
-32.24246597290039,-3.9591217041015625,18.015914916992188
-32.40690612792969,-3.8331222534179688,18.026153564453125
-32.540740966796875,-3.7157516479492188,18.14483642578125
-32.723960876464844,-3.5733718872070312,18.09466552734375
-32.835140228271484,-3.2911033630371094,18.10113525390625
-33.0035400390625,-3.10675048828125,18.054901123046875
-33.141632080078125,-3.0608177185058594,17.975296020507812
-33.064823150634766,-3.0911788940429688,17.929367065429688
-33.08732223510742,-3.17181396484375,17.692245483398438
-33.05118942260742,-3.145488739013672,17.484161376953125
-33.19744873046875,-2.7868804931640625,17.266326904296875
-33.17290496826172,-2.3792686462402344,17.016464233398438
-33.34790802001953,-1.2358016967773438,16.44793701171875
-34.02088928222656,0.8738021850585938,15.3428955078125
-34.54914093017578,2.7479400634765625,13.433303833007812
-34.250511169433594,1.6241035461425781,10.547470092773438
-30.973957061767578,-5.688297271728516,7.5743408203125
-23.5877628326416,-19.152801513671875,6.1947479248046875
-16.551715850830078,-31.08177947998047,8.142684936523438
-14.302446365356445,-37.42605209350586,13.03857421875
-14.362804412841797,-41.42507553100586,17.71539306640625
-14.10980224609375,-44.86700439453125,20.5299072265625
-13.112970352172852,-47.32552719116211,21.298309326171875
-12.10595703125,-48.64287567138672,21.163772583007812
-11.375181198120117,-48.917266845703125,20.996536254882812
-11.025701522827148,-48.5169792175293,20.9520263671875
-10.962411880493164,-48.08515930175781,20.883987426757812
-11.055534362792969,-47.90535354614258,20.856491088867188
-10.996030807495117,-47.62174606323242,20.888916015625
-10.848573684692383,-47.59032440185547,20.770797729492188
-10.739112854003906,-47.69975280761719,20.52105712890625
-10.785003662109375,-47.71631622314453,20.523391723632812
-10.763198852539062,-47.51251220703125,20.57293701171875
-10.747976303100586,-47.42951965332031,20.652679443359375
-10.907100677490234,-47.42479705810547,20.6793212890625
-10.916824340820312,-47.316673278808594,20.77362060546875
-10.799625396728516,-47.1989860534668,20.9412841796875
-10.701263427734375,-47.31459045410156,21.070220947265625
-10.674884796142578,-47.34015655517578,21.043106079101562
-10.51654052734375,-47.254005432128906,21.121902465820312
-10.369649887084961,-47.308834075927734,21.032562255859375
-10.31770133972168,-47.39561080932617,21.02593994140625
-10.331178665161133,-47.46826171875,21.12744140625
-10.301229476928711,-47.42379379272461,21.078704833984375
-10.477426528930664,-47.4133415222168,21.168380737304688
-10.536556243896484,-47.35070037841797,21.248794555664062
-10.467466354370117,-47.289459228515625,21.456268310546875
-10.365964889526367,-47.103355407714844,21.5985107421875
-10.231769561767578,-47.09420394897461,21.684402465820312
-10.232460021972656,-47.154781341552734,21.810699462890625
-10.285085678100586,-47.19906234741211,21.89337158203125
-10.225748062133789,-47.106204986572266,21.928192138671875
-10.116096496582031,-46.99448013305664,21.955673217773438
-10.12546157836914,-46.926246643066406,21.976089477539062
-9.951408386230469,-47.01342010498047,22.078750610351562
-9.929161071777344,-47.19295120239258,22.1375732421875
-9.798442840576172,-47.26378631591797,22.2034912109375
-9.704879760742188,-47.287349700927734,22.1824951171875
-9.724720001220703,-47.342994689941406,22.157684326171875
-9.726348876953125,-47.31854248046875,22.249923706054688
-9.729246139526367,-47.36267852783203,22.37921142578125
-9.678831100463867,-47.443397521972656,22.219406127929688
-9.537158966064453,-47.41166305541992,22.079437255859375
-9.504281997680664,-47.362220764160156,22.0474853515625
-9.403558731079102,-47.40819549560547,21.925811767578125
-9.401800155639648,-47.604713439941406,21.925430297851562
-9.353530883789062,-47.79934310913086,21.767623901367188
-9.327239990234375,-47.98039245605469,21.458053588867188
-9.12175178527832,-48.05168914794922,21.27734375
-8.79902458190918,-48.200077056884766,20.987228393554688
-8.5225830078125,-48.291282653808594,20.674774169921875
-8.138771057128906,-48.576229095458984,20.4923095703125
-7.67723274230957,-48.81781768798828,20.2318115234375
-7.365922927856445,-48.8646125793457,20.114227294921875
-7.192079544067383,-48.94843673706055,19.938613891601562
-6.977781295776367,-48.96916961669922,19.959320068359375
-6.839733123779297,-48.932861328125,19.874954223632812
-6.736738204956055,-48.890769958496094,19.844390869140625
-6.714378356933594,-49.030460357666016,19.695907592773438
-6.756809234619141,-49.09115219116211,19.596588134765625
-6.944490432739258,-49.055198669433594,19.363143920898438
-7.227283477783203,-49.008018493652344,19.098541259765625
-7.520936965942383,-48.95307540893555,18.77703857421875
-7.921382904052734,-48.91481018066406,18.574432373046875
-7.961637496948242,-48.86858367919922,18.276779174804688
-8.128974914550781,-49.00429916381836,17.95025634765625
-8.019498825073242,-49.169921875,17.619537353515625
-7.876867294311523,-49.234493255615234,17.404312133789062
-7.895610809326172,-49.23436737060547,17.260086059570312
-7.886405944824219,-49.334922790527344,17.2071533203125
-7.799678802490234,-49.31463623046875,17.39556884765625
-7.880956649780273,-49.33534622192383,17.53253173828125
-7.811914443969727,-49.17316818237305,17.47674560546875
-7.781501770019531,-49.19552993774414,17.587539672851562
-7.665596008300781,-49.186031341552734,17.697555541992188
-7.482326507568359,-49.30122375488281,17.7677001953125
-7.377584457397461,-49.307151794433594,17.72601318359375
-7.182756423950195,-49.33244323730469,17.680038452148438
-7.009162902832031,-49.273258209228516,17.926605224609375
-7.038461685180664,-49.256099700927734,17.96746826171875
-6.943599700927734,-49.33048629760742,18.042495727539062
-6.722101211547852,-49.26313018798828,18.173126220703125
-6.758188247680664,-49.29346466064453,18.17425537109375
-6.711902618408203,-49.440040588378906,18.29095458984375
-6.740962982177734,-49.467002868652344,18.302017211914062
-6.703889846801758,-49.4105224609375,18.338058471679688
-6.714841842651367,-49.46730041503906,18.222335815429688
-6.603975296020508,-49.42782974243164,18.244338989257812
-6.711643218994141,-49.31439208984375,18.33843994140625
-6.775733947753906,-49.34006881713867,18.498672485351562
-6.972013473510742,-49.34428787231445,18.582550048828125
-6.86302375793457,-49.35287857055664,18.651962280273438
-6.86302375793457,-49.35287857055664,18.651962280273438
-6.805259704589844,-49.3218994140625,18.67919921875
-6.593042373657227,-49.28474426269531,18.83135986328125
-6.644924163818359,-49.33526611328125,18.853103637695312
-6.649692535400391,-49.28886413574219,18.716842651367188
-6.747491836547852,-49.32698440551758,18.734176635742188
-6.569690704345703,-49.42103576660156,18.707199096679688
-6.544891357421875,-49.3258056640625,18.792587280273438
-6.618917465209961,-49.33815383911133,18.950164794921875
-6.660072326660156,-49.35326385498047,18.925445556640625
-6.5704193115234375,-49.17922592163086,18.982574462890625
-6.622232437133789,-49.21815872192383,18.962783813476562
-6.449430465698242,-49.053131103515625,19.034469604492188
-6.489465713500977,-49.174354553222656,19.154098510742188
-6.397289276123047,-49.29597854614258,19.18011474609375
-6.423583984375,-49.280487060546875,19.288131713867188
-6.557277679443359,-49.31103515625,19.206100463867188
-6.575897216796875,-49.283607482910156,19.158096313476562
-6.561985015869141,-49.32672119140625,19.1387939453125
-6.567882537841797,-49.34200668334961,19.432373046875
-6.590465545654297,-49.295860290527344,19.579559326171875
-6.471675872802734,-49.295440673828125,19.657058715820312
-6.466848373413086,-49.2733154296875,19.920761108398438
-6.408153533935547,-49.174320220947266,19.778701782226562
-6.402179718017578,-49.170814514160156,19.733963012695312
-6.537027359008789,-49.068572998046875,19.901412963867188
-6.62602424621582,-49.07070541381836,20.010391235351562
-6.629358291625977,-48.96427917480469,20.2493896484375
-6.683412551879883,-48.8489990234375,20.709259033203125
-6.669683456420898,-48.68096923828125,21.08160400390625
-6.5422515869140625,-48.59981155395508,21.404403686523438
-6.564874649047852,-48.473873138427734,21.659774780273438
-6.640554428100586,-48.16657257080078,22.246749877929688
-6.675180435180664,-47.86945724487305,22.779342651367188
-6.865379333496094,-47.59419250488281,23.455047607421875
-7.069028854370117,-47.353214263916016,24.026153564453125
-7.222362518310547,-46.895286560058594,24.8875732421875
-7.280214309692383,-46.4689826965332,25.751983642578125
-7.393438339233398,-45.932289123535156,26.976211547851562
-7.51262092590332,-45.47447967529297,28.132766723632812
-7.486928939819336,-44.79825210571289,29.39093017578125
-7.529382705688477,-44.14373016357422,30.873306274414062
-7.303529739379883,-43.39604949951172,32.12750244140625
-6.99445915222168,-42.84646987915039,33.560638427734375
-6.528921127319336,-42.07659912109375,35.03395080566406
-5.950822830200195,-41.080528259277344,36.443756103515625
-5.459432601928711,-40.10844421386719,37.96513366699219
-4.699178695678711,-38.96625518798828,39.53825378417969
-3.912923812866211,-37.63048553466797,41.03459167480469
-3.232891082763672,-36.077247619628906,42.714752197265625
-2.4587154388427734,-34.523704528808594,44.24955749511719
-1.9514503479003906,-32.779502868652344,45.809173583984375
-1.6140289306640625,-30.80133628845215,47.31831359863281
-1.3811626434326172,-28.986343383789062,48.751434326171875
-1.2567920684814453,-27.046607971191406,50.01197814941406
-1.204214096069336,-24.929851531982422,51.18632507324219
-1.2864017486572266,-23.023662567138672,52.424224853515625
-1.3827781677246094,-21.393878936767578,53.4151611328125
-1.5263862609863281,-19.93014144897461,54.19520568847656
-1.5799312591552734,-18.532245635986328,54.59234619140625
-1.4705867767333984,-17.263076782226562,54.848968505859375
-1.361297607421875,-16.273292541503906,55.25608825683594
-1.3044853210449219,-15.345516204833984,55.67744445800781
-1.1711654663085938,-14.541145324707031,56.0936279296875
-1.1509380340576172,-13.772655487060547,56.33427429199219
-1.2395057678222656,-13.054115295410156,56.55206298828125
-1.5790061950683594,-12.367671966552734,56.70249938964844
-1.8058605194091797,-11.69156265258789,56.83857727050781
-2.006744384765625,-10.952091217041016,56.9359130859375
-2.0856170654296875,-10.237312316894531,56.98277282714844
-2.136556625366211,-9.693901062011719,57.028533935546875
-2.2145519256591797,-9.251834869384766,57.337921142578125
-2.299680709838867,-8.671661376953125,57.36602783203125
-2.4284420013427734,-8.191719055175781,57.5303955078125
-2.7359256744384766,-7.9879913330078125,57.675262451171875
-2.928373336791992,-7.641727447509766,57.759674072265625
-3.0027618408203125,-7.420829772949219,57.87884521484375
-2.913288116455078,-7.247119903564453,58.10383605957031
-2.8029747009277344,-7.148265838623047,58.19471740722656
-2.642496109008789,-7.215808868408203,58.35035705566406
-2.462839126586914,-7.159755706787109,58.32940673828125
-2.259439468383789,-7.0963287353515625,58.268798828125
-2.2492752075195312,-6.942535400390625,58.43550109863281
-2.204671859741211,-6.869358062744141,58.45606994628906
-2.207304000854492,-6.624839782714844,58.43849182128906
-2.350790023803711,-6.344295501708984,58.4635009765625
-2.6328163146972656,-6.159679412841797,58.65467834472656
-2.7786121368408203,-5.978458404541016,58.645599365234375
-3.0612525939941406,-5.877388000488281,58.76947021484375
-3.1542816162109375,-5.976753234863281,58.83277893066406
-3.1769485473632812,-6.2457733154296875,58.715240478515625
-3.0279674530029297,-6.425300598144531,58.54042053222656
-3.031238555908203,-6.673877716064453,58.47819519042969
-2.854522705078125,-6.810249328613281,58.56455993652344
-2.915973663330078,-7.034309387207031,58.614898681640625
-2.8828907012939453,-7.190982818603516,58.56324768066406
-2.858562469482422,-7.2589569091796875,58.614532470703125
-2.971954345703125,-7.539272308349609,58.47700500488281
-3.109556198120117,-7.766811370849609,58.30174255371094
-3.3933792114257812,-7.932598114013672,58.160400390625
-3.960847854614258,-8.023502349853516,58.11920166015625
-4.372045516967773,-8.399917602539062,58.17955017089844
-4.65278434753418,-8.706832885742188,58.00550842285156
-4.738285064697266,-9.000289916992188,57.83551025390625
-4.80162239074707,-9.170211791992188,57.79237365722656
-4.7173004150390625,-9.204010009765625,57.77410888671875
-4.604499816894531,-9.008747100830078,57.833770751953125
-4.693901062011719,-8.986499786376953,57.83177185058594
-4.649408340454102,-8.973182678222656,57.891937255859375
-4.420019149780273,-9.060420989990234,57.75654602050781
-4.239469528198242,-9.256729125976562,57.6812744140625
-4.210821151733398,-9.444095611572266,57.79682922363281
-4.249595642089844,-9.464027404785156,58.00624084472656
-4.175628662109375,-9.602340698242188,58.03131103515625
-4.003139495849609,-9.644805908203125,58.026458740234375
-3.8709774017333984,-9.45806884765625,57.907928466796875
-3.7306747436523438,-9.394954681396484,57.89752197265625
-3.551401138305664,-9.48299789428711,57.82194519042969
-3.4614410400390625,-9.42724609375,57.88560485839844
-3.2897262573242188,-9.469230651855469,57.92903137207031
-3.1652069091796875,-9.475940704345703,58.03913879394531
-3.0569801330566406,-9.444992065429688,57.94068908691406
-2.9941062927246094,-9.490055084228516,57.765167236328125
-2.9811134338378906,-9.475494384765625,57.61820983886719
-2.9619140625,-9.330860137939453,57.43196105957031
-2.8717212677001953,-9.193099975585938,57.447967529296875
-2.888132095336914,-9.302032470703125,57.42755126953125
-2.8565940856933594,-9.398521423339844,57.393402099609375
-2.9275131225585938,-9.452835083007812,57.43006896972656
-2.810995101928711,-9.44927978515625,57.522369384765625
-2.7953109741210938,-9.416511535644531,57.43959045410156
-2.7974185943603516,-9.290550231933594,57.28364562988281
-2.762704849243164,-9.238250732421875,57.414764404296875
-2.804729461669922,-9.23184585571289,57.42747497558594
-2.8001632690429688,-9.223091125488281,57.558929443359375
-2.8153915405273438,-9.202861785888672,57.690032958984375
-2.798603057861328,-9.193611145019531,57.81983947753906
-2.741809844970703,-9.13214111328125,57.856201171875
-2.802450180053711,-9.379653930664062,57.902191162109375
-2.9127254486083984,-9.397579193115234,57.930328369140625
-2.9183597564697266,-9.397804260253906,57.90643310546875
-2.7803802490234375,-9.345207214355469,57.78643798828125
-2.8130130767822266,-9.138336181640625,57.57771301269531
-2.7377567291259766,-9.200485229492188,57.5941162109375
-2.8323307037353516,-9.256202697753906,57.58537292480469
-2.824556350708008,-9.277759552001953,57.43641662597656
-2.6930885314941406,-9.286788940429688,57.40472412109375
-2.620553970336914,-9.32779312133789,57.41264343261719
-2.5818119049072266,-9.264984130859375,57.42720031738281
-2.672544479370117,-9.150760650634766,57.52217102050781
-2.8387699127197266,-9.220283508300781,57.498992919921875
-2.8595314025878906,-9.324703216552734,57.43269348144531
-2.8442306518554688,-9.130939483642578,57.382537841796875
-2.6831207275390625,-8.976741790771484,57.443817138671875
-2.6932010650634766,-9.070144653320312,57.38642883300781
-2.764078140258789,-9.148361206054688,57.38563537597656
-2.8140716552734375,-9.13442611694336,57.42732238769531
-2.6341590881347656,-9.176631927490234,57.39662170410156
-2.5866336822509766,-9.186920166015625,57.41520690917969
-2.5695152282714844,-9.276519775390625,57.3880615234375
-2.5949039459228516,-9.162429809570312,57.368072509765625
-2.5657901763916016,-9.132457733154297,57.41584777832031
-2.7138214111328125,-9.045047760009766,57.561981201171875
-2.6050167083740234,-9.113983154296875,57.51251220703125
-2.712759017944336,-9.029975891113281,57.54206848144531
-2.851949691772461,-9.050277709960938,57.44264221191406
-2.738740921020508,-8.963268280029297,57.378570556640625
-2.7360057830810547,-9.033409118652344,57.53880310058594
-2.7747650146484375,-9.14517593383789,57.603607177734375
-2.817363739013672,-9.153091430664062,57.53804016113281
-2.7499008178710938,-9.284435272216797,57.56695556640625
-2.7917098999023438,-9.253875732421875,57.55134582519531
-2.7828903198242188,-9.28603744506836,57.49003601074219
-2.771209716796875,-9.264537811279297,57.3292236328125
-2.736928939819336,-9.180522918701172,57.344085693359375
-2.6386871337890625,-9.284187316894531,57.464599609375
-2.7612361907958984,-9.173713684082031,57.51667785644531
-2.766204833984375,-9.215496063232422,57.55694580078125
-2.7118377685546875,-9.251285552978516,57.45018005371094
-2.7098121643066406,-9.25274658203125,57.485870361328125
-2.7461986541748047,-9.33072280883789,57.66212463378906
-2.630430221557617,-9.224651336669922,57.64411926269531
-2.703519821166992,-9.20947265625,57.67750549316406
-2.7552032470703125,-9.13467788696289,57.61204528808594
-2.771190643310547,-9.13772201538086,57.441680908203125
-2.7445411682128906,-9.278392791748047,57.471527099609375
-2.6155929565429688,-9.15201187133789,57.3887939453125
-2.5894927978515625,-9.138267517089844,57.504058837890625
-2.5686817169189453,-9.222938537597656,57.53717041015625
-2.675607681274414,-9.333633422851562,57.53411865234375
-2.7575302124023438,-9.46566390991211,57.72161865234375
-2.769439697265625,-9.327789306640625,57.65557861328125
-2.881563186645508,-9.459003448486328,57.55076599121094
-2.8239097595214844,-9.462116241455078,57.42462158203125
-2.8496475219726562,-9.471263885498047,57.43505859375
-2.908353805541992,-9.552024841308594,57.45697021484375
-2.889629364013672,-9.472869873046875,57.470611572265625
-2.9142532348632812,-9.45065689086914,57.41944885253906
-2.948944091796875,-9.391525268554688,57.51478576660156
-2.911550521850586,-9.334754943847656,57.70768737792969
-2.872690200805664,-9.28518295288086,57.708587646484375
-2.9436092376708984,-9.326854705810547,57.80517578125
-2.867319107055664,-9.435420989990234,57.7513427734375
-2.7613887786865234,-9.459484100341797,57.86146545410156
-2.731555938720703,-9.466018676757812,57.736236572265625
-2.8263416290283203,-9.491806030273438,57.82916259765625
-2.9158573150634766,-9.484733581542969,57.88365173339844
-2.801259994506836,-9.352035522460938,57.91888427734375
-2.7627391815185547,-9.178035736083984,57.79743957519531
-2.8022727966308594,-9.125064849853516,57.70201110839844
-2.6493701934814453,-9.30191421508789,57.75050354003906
-2.7337989807128906,-9.425800323486328,57.60304260253906
-2.721302032470703,-9.470993041992188,57.59413146972656
-2.769378662109375,-9.304832458496094,57.61305236816406
-2.6957130432128906,-9.19479751586914,57.57325744628906
-2.6235828399658203,-9.166961669921875,57.603118896484375
-2.5897254943847656,-9.161495208740234,57.416900634765625
-2.5919113159179688,-9.21517562866211,57.36570739746094
-2.7186126708984375,-9.175128936767578,57.47723388671875
-2.7755661010742188,-9.22235107421875,57.54364013671875
-2.6280155181884766,-9.164749145507812,57.52032470703125
-2.597362518310547,-9.211254119873047,57.55220031738281
-2.6243324279785156,-9.218082427978516,57.681671142578125
-2.6607513427734375,-9.182781219482422,57.62223815917969
-2.693876266479492,-9.232532501220703,57.649200439453125
-2.829469680786133,-9.31881332397461,57.71649169921875
-2.847278594970703,-9.297172546386719,57.70362854003906
-2.8682079315185547,-9.26580810546875,57.56597900390625
-2.8123245239257812,-9.342090606689453,57.61944580078125
-2.752483367919922,-9.24093246459961,57.570404052734375
-2.872709274291992,-9.224903106689453,57.70811462402344
-2.942098617553711,-9.201335906982422,57.63395690917969
-2.90740966796875,-9.173942565917969,57.600433349609375
-2.859384536743164,-9.230232238769531,57.563446044921875
-2.8118324279785156,-9.082786560058594,57.531402587890625
-2.781423568725586,-9.155136108398438,57.505615234375
-2.9105396270751953,-9.21603775024414,57.59288024902344
-2.868593215942383,-9.059558868408203,57.60572814941406
-2.772602081298828,-9.174877166748047,57.67607116699219
-2.790943145751953,-9.194160461425781,57.85002136230469
-2.7892208099365234,-9.159435272216797,57.74000549316406
-2.7394771575927734,-9.213367462158203,57.59613037109375
-2.6810665130615234,-9.205738067626953,57.54107666015625
-2.6900291442871094,-9.155067443847656,57.589630126953125
-2.756559371948242,-9.27126693725586,57.53755187988281
-2.7256622314453125,-9.260551452636719,57.525604248046875
-2.749082565307617,-9.361881256103516,57.61216735839844
-2.776369094848633,-9.41861343383789,57.605377197265625
-2.6234188079833984,-9.384445190429688,57.59040832519531
-2.66259765625,-9.445304870605469,57.7281494140625
-2.656980514526367,-9.295108795166016,57.58531188964844
-2.5968189239501953,-9.238639831542969,57.61595153808594
-2.677492141723633,-9.223136901855469,57.58856201171875
-2.7263565063476562,-9.17635726928711,57.46055603027344
-2.614816665649414,-9.05904769897461,57.42950439453125
-2.628908157348633,-9.06500244140625,57.385223388671875
-2.589679718017578,-9.052604675292969,57.37681579589844
-2.6318836212158203,-9.074958801269531,57.361328125
-2.667146682739258,-9.04092025756836,57.47071838378906
-2.646137237548828,-9.016288757324219,57.61177062988281
-2.656280517578125,-9.025531768798828,57.71034240722656
-2.6684036254882812,-8.997238159179688,57.61293029785156
-2.6089229583740234,-9.000591278076172,57.5867919921875
-2.7737998962402344,-8.996723175048828,57.558746337890625
-2.808858871459961,-8.998153686523438,57.668731689453125
-2.839752197265625,-8.979358673095703,57.75508117675781
-2.9825706481933594,-9.05242919921875,57.83866882324219
-3.2134857177734375,-9.052375793457031,57.67497253417969
-3.4269752502441406,-9.065254211425781,57.62324523925781
-3.571887969970703,-9.069976806640625,57.52250671386719
-3.717182159423828,-8.947132110595703,57.67494201660156
-4.002790451049805,-8.977947235107422,57.74790954589844
-4.208356857299805,-9.01138687133789,57.66697692871094
-4.323341369628906,-8.841381072998047,57.66798400878906
-4.401762008666992,-8.681171417236328,57.64764404296875
-4.629804611206055,-8.695198059082031,57.6103515625
-4.739265441894531,-8.539424896240234,57.5887451171875
-4.90838623046875,-8.552104949951172,57.497283935546875
-5.054742813110352,-8.557708740234375,57.55830383300781
-5.315885543823242,-8.634201049804688,57.581573486328125
-5.471107482910156,-8.609207153320312,57.58711242675781
-5.5748748779296875,-8.777435302734375,57.53675842285156
-5.614494323730469,-8.77164077758789,57.572509765625
-5.617464065551758,-8.855236053466797,57.53767395019531
-5.620687484741211,-8.958671569824219,57.45799255371094
-5.631145477294922,-9.026611328125,57.42645263671875
-5.718339920043945,-9.032356262207031,57.54742431640625
-5.67909049987793,-8.9471435546875,57.572967529296875
-5.622989654541016,-8.72481918334961,57.56367492675781
-5.550193786621094,-8.503009796142578,57.60432434082031
-5.533536911010742,-8.471179962158203,57.7838134765625
-5.537878036499023,-8.34158706665039,57.951873779296875
-5.531221389770508,-8.099590301513672,57.9918212890625
-5.4911956787109375,-7.882640838623047,57.95780944824219
-5.365547180175781,-7.512966156005859,58.01567077636719
-5.189647674560547,-7.131446838378906,58.220489501953125
-5.064088821411133,-6.843151092529297,58.187255859375
-4.932085037231445,-6.8580474853515625,58.203277587890625
-4.493352890014648,-7.068935394287109,58.19578552246094
-3.6159820556640625,-7.858242034912109,58.23329162597656
-2.5646896362304688,-8.902568817138672,58.02598571777344
-1.3466072082519531,-10.184440612792969,57.58612060546875
0.22134017944335938,-11.772846221923828,57.181060791015625
1.8985786437988281,-13.341705322265625,56.64476013183594
3.7645492553710938,-14.86117172241211,55.93476867675781
6.013801574707031,-16.406009674072266,55.09226989746094
8.811405181884766,-18.006412506103516,54.2203369140625
12.235374450683594,-19.44516372680664,52.913543701171875
16.253036499023438,-20.80028533935547,51.339080810546875
20.749469757080078,-21.942184448242188,48.89888000488281
25.693435668945312,-23.040924072265625,45.60980224609375
30.82156753540039,-24.086483001708984,41.75932312011719
35.67070770263672,-24.867725372314453,37.16419982910156
39.689910888671875,-25.393375396728516,32.14012145996094
42.915496826171875,-25.610485076904297,27.057540893554688
45.49256896972656,-25.776599884033203,21.782119750976562
47.569908142089844,-25.675559997558594,16.729232788085938
48.94586944580078,-25.437686920166016,11.948486328125
49.9627685546875,-24.990371704101562,7.605621337890625
50.650177001953125,-24.27387237548828,4.1187744140625
50.834388732910156,-23.484195709228516,0.7711181640625
50.904685974121094,-22.99945831298828,-2.5979461669921875
50.56877136230469,-22.85431671142578,-6.6507110595703125
49.622337341308594,-22.817943572998047,-10.952117919921875
48.033363342285156,-22.982345581054688,-15.878143310546875
45.67218780517578,-23.122936248779297,-20.87322998046875
42.693519592285156,-23.148406982421875,-25.977142333984375
39.13220977783203,-23.082149505615234,-30.684326171875
35.349761962890625,-22.887248992919922,-34.82623291015625
32.0653076171875,-22.405467987060547,-38.098419189453125
29.428173065185547,-21.916645050048828,-40.2880859375
27.84758758544922,-21.34465789794922,-41.819732666015625
26.768760681152344,-20.81015396118164,-42.776702880859375
25.769882202148438,-20.55499267578125,-43.3836669921875
25.03464126586914,-20.675182342529297,-43.825225830078125
24.13953399658203,-20.95904541015625,-44.11328125
23.668869018554688,-21.474468231201172,-44.160125732421875
23.48178482055664,-22.318946838378906,-43.86199951171875
23.597999572753906,-23.164508819580078,-43.278594970703125
24.120132446289062,-23.926673889160156,-42.661163330078125
24.390045166015625,-24.708683013916016,-42.330718994140625
23.751815795898438,-25.31999969482422,-42.30059814453125
22.583473205566406,-25.540447235107422,-42.615753173828125
21.69867706298828,-25.845367431640625,-43.1160888671875
20.732284545898438,-26.0711669921875,-43.287811279296875
19.860889434814453,-26.493247985839844,-43.400299072265625
18.74730682373047,-27.118633270263672,-43.385223388671875
17.827327728271484,-27.760040283203125,-43.27484130859375
17.068870544433594,-28.40140151977539,-43.101837158203125
16.352596282958984,-28.982635498046875,-43.00177001953125
15.79034423828125,-29.507184982299805,-42.819427490234375
15.79034423828125,-29.507184982299805,-42.819427490234375
15.213298797607422,-29.925556182861328,-42.48114013671875
14.822273254394531,-30.560834884643555,-42.224700927734375
14.377872467041016,-31.291522979736328,-41.79058837890625
14.241950988769531,-32.06559753417969,-41.05255126953125
14.12466812133789,-32.88154602050781,-40.492340087890625
14.17041015625,-33.72050857543945,-39.9884033203125
14.164466857910156,-34.29225540161133,-39.424041748046875
14.1326904296875,-34.90331268310547,-38.968536376953125
14.140861511230469,-35.391876220703125,-38.4605712890625
14.253623962402344,-35.81312561035156,-37.992828369140625
14.386863708496094,-36.21827697753906,-37.352203369140625
14.364334106445312,-36.650848388671875,-36.848297119140625
14.53573226928711,-36.97478485107422,-36.452972412109375
14.516887664794922,-37.23951721191406,-36.204376220703125
14.599822998046875,-37.53099822998047,-36.044464111328125
14.76430892944336,-37.57280349731445,-35.76422119140625
14.74013900756836,-37.62694549560547,-35.7142333984375
14.705631256103516,-37.78094482421875,-35.6695556640625
14.634757995605469,-37.884681701660156,-35.3603515625
14.637508392333984,-37.96236801147461,-35.24822998046875
14.786258697509766,-38.25218200683594,-34.90142822265625
14.810287475585938,-38.365516662597656,-34.614349365234375
14.785850524902344,-38.57080078125,-34.529449462890625
14.954776763916016,-38.73146438598633,-34.383148193359375
15.024662017822266,-38.804710388183594,-34.352508544921875
15.15670394897461,-38.92836380004883,-34.208343505859375
15.297210693359375,-39.01445770263672,-33.920135498046875
15.38693618774414,-39.14778137207031,-33.7474365234375
15.449531555175781,-39.084266662597656,-33.686492919921875
15.534961700439453,-39.18812942504883,-33.550201416015625
15.479957580566406,-39.37885284423828,-33.44476318359375
15.588855743408203,-39.439170837402344,-33.404998779296875
15.879997253417969,-39.45465850830078,-33.327728271484375
16.18948745727539,-39.445159912109375,-33.327484130859375
16.451812744140625,-39.371673583984375,-33.141265869140625
16.60791778564453,-39.39273452758789,-32.965423583984375
16.640174865722656,-39.440330505371094,-32.715850830078125
16.814556121826172,-39.67931365966797,-32.6573486328125
16.778499603271484,-39.72297668457031,-32.663970947265625
16.708820343017578,-39.87782287597656,-32.463043212890625
16.760051727294922,-39.98299026489258,-32.253448486328125
17.15007781982422,-40.08648681640625,-32.108489990234375
17.411373138427734,-40.23741149902344,-31.88812255859375
17.660419464111328,-40.317176818847656,-31.78973388671875
17.826759338378906,-40.44183349609375,-31.668060302734375
18.07042694091797,-40.46820068359375,-31.53564453125
18.249404907226562,-40.592864990234375,-31.351318359375
18.17902374267578,-40.62889099121094,-31.16802978515625
18.042999267578125,-40.59870147705078,-30.935028076171875
17.986228942871094,-40.64374923706055,-30.88641357421875
18.060523986816406,-40.723541259765625,-30.61383056640625
18.214462280273438,-40.76496124267578,-30.422943115234375
18.131668090820312,-41.00893020629883,-30.446044921875
18.071266174316406,-41.192047119140625,-30.341156005859375
18.05565643310547,-41.3858642578125,-29.92388916015625
18.201984405517578,-41.5644416809082,-29.390716552734375
18.377178192138672,-41.737098693847656,-28.97882080078125
18.265853881835938,-41.84086608886719,-28.5885009765625
18.12405014038086,-41.918731689453125,-28.548736572265625
18.0626220703125,-42.078163146972656,-28.4161376953125
18.070106506347656,-42.040077209472656,-28.162353515625
18.022228240966797,-42.099761962890625,-27.810211181640625
18.01082992553711,-42.22747039794922,-27.571441650390625
18.028053283691406,-42.44232940673828,-27.487640380859375
17.99951934814453,-42.56232452392578,-27.373870849609375
17.91342544555664,-42.66166687011719,-27.3167724609375
17.81808853149414,-42.80183410644531,-26.939178466796875
17.81432342529297,-43.10536575317383,-26.500030517578125
17.622211456298828,-43.39839553833008,-25.79388427734375
17.55187225341797,-43.72785186767578,-25.23175048828125
17.563400268554688,-44.01249694824219,-24.6783447265625
17.558712005615234,-44.1351318359375,-24.266998291015625
17.548851013183594,-44.26639938354492,-23.783233642578125
17.623058319091797,-44.40703582763672,-23.286224365234375
17.719738006591797,-44.53862762451172,-22.843017578125
17.99560546875,-44.740997314453125,-22.64959716796875
18.13323974609375,-44.75151062011719,-22.34674072265625
18.27486801147461,-44.85832595825195,-21.79754638671875
18.173728942871094,-44.98301696777344,-21.40789794921875
18.17542266845703,-45.17962646484375,-20.981597900390625
18.151409149169922,-45.322410583496094,-20.421051025390625
18.20832061767578,-45.32971954345703,-20.22430419921875
18.215274810791016,-45.322425842285156,-19.89520263671875
18.25873565673828,-45.446266174316406,-19.478485107421875
18.42056655883789,-45.54375457763672,-19.08697509765625
18.40243911743164,-45.70817947387695,-18.92059326171875
18.338451385498047,-45.71550369262695,-18.9112548828125
18.25833511352539,-45.64506149291992,-18.73651123046875
18.33969497680664,-45.66151809692383,-18.531463623046875
18.483810424804688,-45.57299041748047,-18.616119384765625
18.644378662109375,-45.582298278808594,-18.38934326171875
18.886531829833984,-45.59536361694336,-18.2391357421875
19.13011932373047,-45.50895690917969,-18.117889404296875
19.45006561279297,-45.36193084716797,-17.969024658203125
19.685272216796875,-45.187774658203125,-17.523193359375
20.131328582763672,-45.23936462402344,-17.193450927734375
20.342113494873047,-45.10150146484375,-17.040374755859375
20.480426788330078,-44.90534210205078,-16.940399169921875
20.421703338623047,-44.69281768798828,-17.3101806640625
20.30847930908203,-44.66082000732422,-17.71417236328125
20.232437133789062,-44.602867126464844,-18.143096923828125
20.12995147705078,-44.684295654296875,-18.67626953125
19.933452606201172,-44.60219955444336,-18.79119873046875
19.95439910888672,-44.38808822631836,-19.11077880859375
19.87674331665039,-44.129119873046875,-19.515594482421875
19.934120178222656,-43.75551223754883,-20.001190185546875
19.85779571533203,-43.46295166015625,-20.548919677734375
19.63772964477539,-43.22682189941406,-20.8973388671875
19.45001983642578,-43.10328674316406,-21.1881103515625
19.23052215576172,-42.93880844116211,-21.5322265625
19.086036682128906,-42.816650390625,-21.7088623046875
19.085655212402344,-42.76306915283203,-21.8359375
19.085350036621094,-42.64973449707031,-21.756500244140625
19.061073303222656,-42.59305191040039,-21.782012939453125
18.902332305908203,-42.52259063720703,-21.85333251953125
18.748516082763672,-42.6016731262207,-21.89794921875
18.398239135742188,-42.50770568847656,-21.937469482421875
18.303253173828125,-42.54930877685547,-22.069580078125
18.372051239013672,-42.428836822509766,-22.17315673828125
18.569080352783203,-42.38566589355469,-22.202484130859375
18.681472778320312,-42.25421905517578,-22.300140380859375
18.898902893066406,-42.15277099609375,-22.526336669921875
18.949901580810547,-41.980926513671875,-22.71221923828125
18.88763427734375,-41.82191467285156,-22.754302978515625
18.95915985107422,-41.782718658447266,-22.80523681640625
18.977336883544922,-41.57684326171875,-22.775360107421875
18.94593048095703,-41.50625228881836,-22.8040771484375
18.97216033935547,-41.343772888183594,-23.03692626953125
19.107059478759766,-41.2360954284668,-23.1900634765625
19.21356964111328,-40.94384765625,-23.556671142578125
18.99407196044922,-40.67168426513672,-23.90679931640625
18.736190795898438,-40.46270751953125,-24.25921630859375
18.622833251953125,-40.161338806152344,-24.828216552734375
18.381629943847656,-39.81727600097656,-25.47039794921875
18.1634521484375,-39.302772521972656,-26.17529296875
18.049636840820312,-38.78510284423828,-26.91046142578125
17.85015106201172,-38.261131286621094,-27.502532958984375
17.577686309814453,-37.61970520019531,-28.255157470703125
17.605045318603516,-36.94875717163086,-29.11968994140625
17.555469512939453,-36.32172393798828,-30.01702880859375
17.50218963623047,-35.5740852355957,-31.17578125
17.412635803222656,-34.73299789428711,-32.29705810546875
