X,Y,Z
-19.138839721679688,-32.48796844482422,-20.243606567382812
-19.12085723876953,-32.43498992919922,-20.334213256835938
-19.116073608398438,-32.37197494506836,-20.407241821289062
-19.269386291503906,-32.091922760009766,-20.625137329101562
-19.49700927734375,-31.66297149658203,-21.103927612304688
-19.733909606933594,-31.231155395507812,-21.574966430664062
-19.733909606933594,-31.231155395507812,-21.574966430664062
-20.17186737060547,-30.596046447753906,-22.049606323242188
-20.48546600341797,-30.173423767089844,-22.383926391601562
-20.858604431152344,-29.616313934326172,-22.828018188476562
-21.196731567382812,-29.02672576904297,-23.149459838867188
-21.67292022705078,-28.454673767089844,-23.438461303710938
-22.194549560546875,-27.867950439453125,-23.596298217773438
-22.72838592529297,-27.33786392211914,-23.591567993164062
-23.373252868652344,-26.771480560302734,-23.578170776367188
-23.96857452392578,-26.146156311035156,-23.545303344726562
-24.442771911621094,-25.670265197753906,-23.686233520507812
-24.573379516601562,-25.068740844726562,-24.001937866210938
-24.61833953857422,-24.735992431640625,-24.265762329101562
-24.50029754638672,-24.415000915527344,-24.888687133789062
-24.117698669433594,-24.01447296142578,-25.789382934570312
-23.4073486328125,-23.648666381835938,-26.758102416992188
-22.704818725585938,-23.577468872070312,-27.583023071289062
-21.820045471191406,-23.762619018554688,-28.019760131835938
-21.293045043945312,-23.899322509765625,-28.106246948242188
-20.8792724609375,-24.37450408935547,-27.929031372070312
-20.630996704101562,-24.761795043945312,-27.510482788085938
-20.58686065673828,-24.82469940185547,-27.416580200195312
-20.931884765625,-24.326927185058594,-27.717605590820312
-21.131332397460938,-23.356857299804688,-28.405502319335938
-21.156753540039062,-22.15467071533203,-29.166671752929688
-21.149261474609375,-20.845375061035156,-30.123062133789062
-21.092750549316406,-19.690460205078125,-31.166183471679688
-21.246353149414062,-18.597740173339844,-31.874526977539062
-21.41986083984375,-17.598541259765625,-32.19053649902344
-21.767066955566406,-16.722572326660156,-32.42481994628906
-22.340606689453125,-15.66876220703125,-32.58811950683594
-22.80572509765625,-14.333915710449219,-32.92662048339844
-23.16900634765625,-12.655891418457031,-33.32606506347656
-23.505691528320312,-10.602157592773438,-33.92378234863281
-23.604995727539062,-8.175315856933594,-34.49607849121094
-23.642723083496094,-5.487037658691406,-34.99165344238281
-23.603744506835938,-2.6312408447265625,-35.64048767089844
-23.558563232421875,0.11956024169921875,-35.88002014160156
-23.540870666503906,2.8188705444335938,-35.71833801269531
-23.849136352539062,4.93359375,-35.64353942871094
-24.45990753173828,6.2761688232421875,-35.22154235839844
-25.334457397460938,6.708549499511719,-34.56718444824219
-26.729202270507812,5.962944030761719,-33.82572937011719
-28.58751678466797,4.072578430175781,-32.67454528808594
-30.414596557617188,1.2958221435546875,-31.323959350585938
-32.05555725097656,-2.1173171997070312,-29.630081176757812
-33.26914978027344,-5.827796936035156,-27.700088500976562
-33.90675354003906,-9.808540344238281,-25.933212280273438
-33.71681213378906,-13.824371337890625,-24.342605590820312
-32.58519744873047,-17.747406005859375,-23.309127807617188
-30.658309936523438,-21.86388397216797,-22.377914428710938
-27.8719482421875,-25.85724639892578,-21.527664184570312
-24.394561767578125,-29.81118392944336,-20.298538208007812
-20.14948272705078,-33.58512496948242,-18.988021850585938
-15.167343139648438,-36.82773971557617,-17.214065551757812
-9.768798828125,-39.47535705566406,-15.226531982421875
-4.0887603759765625,-41.27496337890625,-13.099807739257812
2.0521697998046875,-42.11045837402344,-11.18389892578125
8.204498291015625,-42.06189727783203,-9.511093139648438
13.961471557617188,-41.225589752197266,-8.086715698242188
19.254199981689453,-39.59477615356445,-7.10760498046875
23.757457733154297,-37.47257995605469,-6.3188934326171875
27.677143096923828,-34.99270248413086,-5.53778076171875
31.09908676147461,-32.45317077636719,-4.7142181396484375
33.810829162597656,-29.810501098632812,-3.7706146240234375
36.02939987182617,-27.265094757080078,-2.3534698486328125
37.81017303466797,-24.761474609375,-0.897369384765625
39.29774475097656,-22.285507202148438,0.7152557373046875
40.548641204833984,-19.911842346191406,2.6218719482421875
41.08549118041992,-17.754798889160156,4.75067138671875
41.49268341064453,-15.638168334960938,6.956939697265625
41.69948196411133,-13.54547119140625,9.49456787109375
41.57621765136719,-11.117027282714844,12.126266479492188
41.250484466552734,-8.298248291015625,14.586135864257812
40.68482971191406,-5.036170959472656,16.7220458984375
40.154441833496094,-1.5807037353515625,18.29022216796875
39.56663131713867,2.11224365234375,19.37554931640625
38.88120651245117,5.7322845458984375,19.8848876953125
37.989688873291016,9.366889953613281,19.715484619140625
36.974388122558594,13.074989318847656,19.497650146484375
35.82052993774414,16.534210205078125,18.965652465820312
34.48362350463867,19.92729949951172,17.794204711914062
33.252838134765625,23.223670959472656,16.06011962890625
31.934436798095703,26.275291442871094,13.636978149414062
30.838687896728516,29.14081573486328,10.421875
29.526779174804688,31.41429901123047,6.9548187255859375
28.066078186035156,33.300880432128906,3.5762939453125
26.402332305908203,34.796531677246094,0.51495361328125
24.391014099121094,36.371543884277344,-1.9735260009765625
21.930599212646484,37.729835510253906,-4.313385009765625
18.93714141845703,38.942115783691406,-6.4127960205078125
15.516197204589844,39.811927795410156,-8.403274536132812
11.719825744628906,40.39635467529297,-10.376846313476562
7.885063171386719,40.59465789794922,-12.108596801757812
3.8287200927734375,40.310935974121094,-13.761520385742188
-0.21250152587890625,39.58617401123047,-15.285781860351562
-4.2100067138671875,38.350074768066406,-17.035263061523438
-8.145683288574219,36.658348083496094,-18.751266479492188
-12.08489990234375,34.242835998535156,-20.554428100585938
-15.939743041992188,31.293418884277344,-22.485610961914062
-19.228500366210938,27.78289794921875,-24.202041625976562
-22.019432067871094,24.044784545898438,-25.785171508789062
-23.990219116210938,20.033126831054688,-27.542037963867188
-25.57353973388672,15.482978820800781,-29.230880737304688
-26.577880859375,10.846717834472656,-30.616561889648438
-27.52623748779297,6.1160430908203125,-31.845779418945312
-28.33580780029297,1.0697479248046875,-33.01087951660156
-28.9588623046875,-4.137275695800781,-34.97938537597656
-28.16424560546875,-9.194381713867188,-38.58805847167969
-23.18524169921875,-13.205055236816406,-41.75694274902344
-16.25273895263672,-16.901100158691406,-39.50300598144531
-12.1077880859375,-21.274002075195312,-33.19511413574219
-9.748031616210938,-25.780303955078125,-28.726303100585938
-6.0836944580078125,-29.463462829589844,-27.198074340820312
-0.7101669311523438,-31.864368438720703,-26.599929809570312
5.422538757324219,-32.78775405883789,-25.840469360351562
11.50555419921875,-32.57457733154297,-24.638107299804688
17.027503967285156,-31.318714141845703,-23.775711059570312
21.363941192626953,-29.283485412597656,-23.324569702148438
24.767925262451172,-26.66753387451172,-23.469985961914062
27.456546783447266,-23.520965576171875,-24.161148071289062
29.49850082397461,-19.911224365234375,-25.278121948242188
30.720592498779297,-15.836380004882812,-26.947250366210938
30.66805648803711,-11.469779968261719,-29.054244995117188
29.60055160522461,-6.9780426025390625,-31.420272827148438
27.246475219726562,-2.4473953247070312,-33.84422302246094
23.831417083740234,1.9179306030273438,-36.34895324707031
19.443256378173828,5.962821960449219,-38.27095031738281
14.111137390136719,9.512153625488281,-39.69865417480469
8.102264404296875,12.721260070800781,-40.21846008300781
1.6863479614257812,15.446067810058594,-39.73814392089844
-4.7834014892578125,17.504112243652344,-38.46855163574219
-10.549018859863281,18.830284118652344,-36.49433898925781
-15.622230529785156,19.487342834472656,-34.30043029785156
-19.721946716308594,19.23052215576172,-32.29594421386719
-22.874557495117188,18.075927734375,-30.900985717773438
-25.583755493164062,16.138046264648438,-29.817825317382812
-28.041351318359375,13.510940551757812,-29.020828247070312
-30.17475128173828,10.512779235839844,-28.330184936523438
-31.658782958984375,7.641571044921875,-28.012588500976562
-32.718727111816406,4.533638000488281,-27.845474243164062
-33.41649627685547,1.00286865234375,-27.727401733398438
-33.60758972167969,-3.2698440551757812,-27.386337280273438
-33.08110809326172,-8.141075134277344,-26.949813842773438
-31.766334533691406,-13.62225341796875,-26.295669555664062
-29.46562957763672,-19.31256866455078,-25.391616821289062
-26.11890411376953,-24.74254608154297,-24.160995483398438
-21.7894287109375,-29.690807342529297,-22.492752075195312
-16.660415649414062,-34.04176712036133,-20.557998657226562
-10.761512756347656,-37.49099349975586,-17.898727416992188
-4.402732849121094,-39.959468841552734,-14.90838623046875
2.1419525146484375,-41.34334182739258,-11.584747314453125
8.699012756347656,-41.53761672973633,-8.030319213867188
14.694122314453125,-40.6417236328125,-4.4486846923828125
20.09136962890625,-38.75087356567383,-0.922271728515625
24.765335083007812,-36.14545822143555,2.562347412109375
28.719436645507812,-32.74020004272461,5.8470001220703125
32.04005813598633,-28.98385238647461,8.5775146484375
34.558570861816406,-25.114959716796875,10.732742309570312
36.75014877319336,-21.2181396484375,12.529464721679688
38.29276657104492,-17.362701416015625,13.928451538085938
39.39360427856445,-13.507453918457031,15.16693115234375
40.090206146240234,-9.661727905273438,16.252243041992188
40.452850341796875,-5.559883117675781,17.135711669921875
40.52224349975586,-1.1942825317382812,17.60076904296875
40.360538482666016,3.1493759155273438,17.35992431640625
40.052223205566406,7.730873107910156,16.726394653320312
39.45671844482422,12.227745056152344,15.557708740234375
38.49892044067383,16.33081817626953,13.943069458007812
37.23175811767578,20.153274536132812,11.864212036132812
35.78911590576172,23.66461944580078,9.632476806640625
34.123329162597656,26.63817596435547,7.1600799560546875
32.62763595581055,29.025527954101562,4.56817626953125
31.121395111083984,30.768478393554688,2.2254638671875
29.878787994384766,32.100791931152344,0.06097412109375
29.060447692871094,32.916282653808594,-1.9069976806640625
28.408767700195312,33.32856750488281,-3.96978759765625
27.867172241210938,33.51860809326172,-6.025482177734375
27.29106903076172,33.599395751953125,-8.495590209960938
26.352767944335938,33.662506103515625,-11.0975341796875
24.944156646728516,33.60821533203125,-13.958694458007812
23.205062866210938,33.433555603027344,-16.959426879882812
20.98392105102539,33.304405212402344,-19.776626586914062
18.6685791015625,33.026222229003906,-22.349411010742188
16.37390899658203,32.69377899169922,-24.592849731445312
13.856468200683594,32.093116760253906,-26.581527709960938
11.175582885742188,31.387962341308594,-28.239028930664062
8.427200317382812,30.456809997558594,-29.934127807617188
5.825492858886719,29.192970275878906,-31.742233276367188
3.5717086791992188,27.26214599609375,-33.61787414550781
1.6107025146484375,24.64031219482422,-35.69538879394531
-0.0641021728515625,21.604354858398438,-37.50367736816406
-1.5133819580078125,18.147178649902344,-38.96479797363281
-3.3027191162109375,14.5751953125,-40.11033630371094
-5.397636413574219,10.828376770019531,-40.69328308105469
-7.998908996582031,6.8261260986328125,-41.05799865722656
-10.572525024414062,2.648223876953125,-41.14039611816406
-12.617774963378906,-2.1315689086914062,-40.83973693847656
-13.204864501953125,-6.6537017822265625,-39.75550842285156
-13.026069641113281,-9.815330505371094,-38.03681945800781
-12.637916564941406,-12.382598876953125,-37.01148986816406
-11.431182861328125,-15.397384643554688,-36.66108703613281
-8.655242919921875,-18.961135864257812,-36.30812072753906
-4.31488037109375,-22.473976135253906,-35.42082214355469
0.760467529296875,-25.288619995117188,-34.05952453613281
6.077842712402344,-27.023460388183594,-32.40711975097656
11.011993408203125,-27.587871551513672,-30.819869995117188
15.187347412109375,-27.1082763671875,-29.771926879882812
18.486465454101562,-26.073577880859375,-29.159561157226562
21.08608627319336,-24.491798400878906,-29.062454223632812
23.253787994384766,-22.29357147216797,-29.396224975585938
25.021957397460938,-19.327728271484375,-30.050521850585938
26.356067657470703,-15.378196716308594,-30.941909790039062
26.9365234375,-10.423545837402344,-32.25602722167969
26.432205200195312,-4.900032043457031,-33.71147155761719
24.67898941040039,1.1052474975585938,-35.08760070800781
21.485328674316406,7.087593078613281,-36.25257873535156
17.070281982421875,12.48529052734375,-37.10792541503906
11.53265380859375,16.898719787597656,-37.42732238769531
5.062538146972656,19.94835662841797,-37.18202209472656
-1.6229476928710938,21.6871337890625,-36.44917297363281
-7.8539581298828125,22.12628936767578,-35.43788146972656
-13.087203979492188,21.61066436767578,-34.44190979003906
-16.94178009033203,20.490806579589844,-33.98255920410156
-19.40345001220703,18.751243591308594,-33.90412902832031
-21.07624053955078,16.883804321289062,-34.13673400878906
-22.27635955810547,14.610870361328125,-34.49909973144531
-23.51428985595703,12.107292175292969,-34.58000183105469
-25.133750915527344,9.328407287597656,-34.50971984863281
-26.53045654296875,6.135406494140625,-34.28385925292969
-27.827919006347656,2.3190155029296875,-33.89457702636719
-28.73328399658203,-1.999542236328125,-33.34690856933594
-28.79877471923828,-6.763526916503906,-32.56675720214844
-27.94287872314453,-12.008956909179688,-31.652053833007812
-26.07239532470703,-17.525405883789062,-30.503311157226562
-23.045082092285156,-22.89905548095703,-29.007827758789062
-19.353309631347656,-28.05447006225586,-26.978012084960938
-14.723480224609375,-32.5724983215332,-24.497573852539062
-9.292510986328125,-36.36714172363281,-21.511123657226562
-3.1111907958984375,-39.225650787353516,-18.039993286132812
3.5467910766601562,-40.807884216308594,-14.173980712890625
10.4578857421875,-40.816322326660156,-10.265975952148438
17.114471435546875,-39.508487701416016,-6.51165771484375
23.435192108154297,-36.829139709472656,-3.432586669921875
28.651412963867188,-33.260581970214844,-0.9161224365234375
32.8828125,-29.18429946899414,0.7713165283203125
36.19803237915039,-25.16643524169922,2.111572265625
38.70043182373047,-21.479331970214844,3.2240142822265625
40.2122802734375,-18.060630798339844,4.8242950439453125
41.168697357177734,-14.921653747558594,6.9624786376953125
41.42966842651367,-12.076553344726562,9.844070434570312
41.31528091430664,-8.876129150390625,12.838531494140625
40.86579132080078,-5.274589538574219,15.077499389648438
40.434452056884766,-1.273681640625,16.414306640625
39.998714447021484,2.7976531982421875,17.057647705078125
39.72623062133789,6.8046875,16.652191162109375
39.39200210571289,10.75018310546875,15.53936767578125
38.82853698730469,14.462158203125,13.889923095703125
38.201629638671875,17.770462036132812,11.453338623046875
37.47221374511719,20.80870819091797,8.664413452148438
36.44322967529297,23.442832946777344,5.4033966064453125
35.44000244140625,25.64990234375,2.0437469482421875
34.30301284790039,27.0848388671875,-1.2767181396484375
33.079383850097656,28.180709838867188,-4.5401458740234375
31.98906707763672,28.92601776123047,-7.4342803955078125
30.872772216796875,29.301475524902344,-10.239593505859375
29.471092224121094,29.715362548828125,-12.963607788085938
27.786651611328125,30.135711669921875,-15.502182006835938
25.589481353759766,30.576622009277344,-18.149520874023438
22.97964096069336,30.936874389648438,-20.534561157226562
20.061363220214844,31.452865600585938,-22.924026489257812
16.80279541015625,31.969276428222656,-24.879592895507812
13.755836486816406,32.381996154785156,-26.205184936523438
10.416305541992188,32.79412078857422,-27.126571655273438
7.271003723144531,33.004058837890625,-27.459762573242188
4.256752014160156,33.054351806640625,-27.733169555664062
1.0392684936523438,32.96968078613281,-27.733261108398438
-2.3115997314453125,32.7335205078125,-27.628311157226562
-5.660636901855469,32.125579833984375,-27.500930786132812
-8.93121337890625,30.81047821044922,-27.589706420898438
-12.281005859375,28.99169921875,-27.870803833007812
-15.303756713867188,26.6749267578125,-28.472000122070312
-17.90949249267578,23.91394805908203,-29.353713989257812
-20.0067138671875,20.74322509765625,-30.416488647460938
-21.58611297607422,17.437789916992188,-31.380203247070312
-22.849830627441406,13.828140258789062,-32.16258239746094
-23.772300720214844,9.938835144042969,-33.12940979003906
-24.487205505371094,5.491355895996094,-34.32859802246094
-24.201431274414062,0.6798248291015625,-35.79817199707031
-22.45073699951172,-4.377716064453125,-36.86167907714844
-19.90252685546875,-8.965141296386719,-36.43003845214844
-17.459983825683594,-13.228195190429688,-35.29295349121094
-14.557914733886719,-17.106491088867188,-34.67134094238281
-10.415756225585938,-20.91014862060547,-34.63639831542969
-5.0430908203125,-24.01221466064453,-34.25196838378906
1.0364532470703125,-26.158241271972656,-33.52287292480469
7.159309387207031,-27.231075286865234,-32.21949768066406
12.617210388183594,-27.28435516357422,-30.902053833007812
17.368606567382812,-26.261680603027344,-29.747390747070312
21.22801971435547,-24.469085693359375,-29.106613159179688
24.09355926513672,-21.91730499267578,-28.947586059570312
26.03319549560547,-18.665748596191406,-29.479660034179688
27.384437561035156,-14.924606323242188,-30.622055053710938
27.547298431396484,-10.693618774414062,-32.15434265136719
26.608917236328125,-6.206779479980469,-34.00956726074219
24.328556060791016,-1.5692367553710938,-35.83619689941406
20.903770446777344,2.8827743530273438,-37.73454284667969
16.190765380859375,7.082527160644531,-39.17301940917969
10.40655517578125,10.749710083007812,-40.09156799316406
3.8743362426757812,13.531875610351562,-40.37519836425781
-2.8861923217773438,15.460533142089844,-39.55928039550781
-9.332778930664062,16.870750427246094,-37.88743591308594
-15.29888916015625,17.58526611328125,-35.51805114746094
-20.10895538330078,17.511817932128906,-33.16621398925781
-23.70909881591797,16.874229431152344,-31.165847778320312
-26.38286590576172,16.022377014160156,-29.728652954101562
-28.38238525390625,14.811347961425781,-28.730514526367188
-29.86188507080078,13.262802124023438,-28.196670532226562
-31.161453247070312,11.362930297851562,-27.754104614257812
-32.14750671386719,9.232894897460938,-27.431045532226562
-33.10963439941406,7.0375518798828125,-27.412277221679688
-33.681983947753906,4.6278839111328125,-27.693496704101562
-33.705657958984375,1.9682846069335938,-28.107345581054688
-33.235023498535156,-0.92584228515625,-28.815170288085938
-32.378570556640625,-4.323875427246094,-29.697128295898438
-30.973289489746094,-8.194099426269531,-30.686843872070312
-29.104354858398438,-12.257087707519531,-31.105941772460938
-26.587669372558594,-16.666404724121094,-31.275497436523438
-23.626068115234375,-21.191925048828125,-30.979782104492188
-19.977890014648438,-25.465911865234375,-30.186355590820312
-15.931541442871094,-29.440658569335938,-28.751937866210938
-11.239799499511719,-32.91872787475586,-26.916732788085938
-6.023681640625,-35.75880432128906,-24.866806030273438
-0.5937728881835938,-37.80934524536133,-22.396621704101562
4.9867401123046875,-38.79963684082031,-20.067550659179688
10.641258239746094,-38.87345504760742,-18.027725219726562
15.983497619628906,-38.13273620605469,-16.24908447265625
20.728981018066406,-36.74391174316406,-14.660247802734375
25.056434631347656,-34.94618606567383,-13.0914306640625
28.7991943359375,-32.770774841308594,-11.514495849609375
31.712860107421875,-30.450767517089844,-9.955551147460938
34.26604461669922,-28.395416259765625,-8.197967529296875
36.26409149169922,-26.48912811279297,-6.3671112060546875
37.57639694213867,-24.775283813476562,-4.4347686767578125
38.57743835449219,-23.076019287109375,-2.3592529296875
39.50519943237305,-21.325820922851562,-0.161651611328125
40.36792755126953,-19.43561553955078,1.845672607421875
41.07398986816406,-17.381675720214844,3.7415618896484375
41.71611404418945,-14.989936828613281,5.4125518798828125
42.2593879699707,-12.301055908203125,6.84588623046875
42.71541213989258,-9.463211059570312,8.1082763671875
42.87390899658203,-6.444908142089844,9.15106201171875
42.93540573120117,-3.4887847900390625,9.823699951171875
42.88346862792969,-0.68890380859375,10.411361694335938
42.48044967651367,2.2203216552734375,10.886184692382812
42.072532653808594,5.136566162109375,11.063629150390625
41.595149993896484,7.980567932128906,10.995162963867188
40.99313735961914,10.779556274414062,10.751373291015625
40.4261474609375,13.593452453613281,9.977935791015625
39.754878997802734,16.456443786621094,8.436111450195312
38.871612548828125,19.06713104248047,5.820281982421875
37.67238235473633,21.558731079101562,2.501007080078125
36.31064224243164,23.71935272216797,-1.3872528076171875
34.460628509521484,25.705039978027344,-5.959320068359375
32.1009635925293,27.0931396484375,-10.650833129882812
29.544658660888672,28.279495239257812,-14.988845825195312
26.631858825683594,29.375267028808594,-18.329666137695312
23.53595733642578,30.45062255859375,-20.977493286132812
23.53595733642578,30.45062255859375,-20.977493286132812
20.256908416748047,31.556442260742188,-22.552017211914062
16.972366333007812,32.89470672607422,-23.299728393554688
13.453605651855469,34.30555725097656,-23.495712280273438
10.014175415039062,35.445518493652344,-23.120468139648438
6.337310791015625,36.514137268066406,-22.534835815429688
2.6942520141601562,37.12060546875,-21.829544067382812
-1.1447296142578125,37.26160430908203,-21.119827270507812
-4.865913391113281,36.73334503173828,-20.386978149414062
-8.714263916015625,35.88054656982422,-19.835464477539062
-12.603515625,34.59666442871094,-19.863265991210938
-16.183372497558594,32.653778076171875,-20.243942260742188
-19.480873107910156,30.087913513183594,-21.192886352539062
-22.063812255859375,27.181617736816406,-22.604965209960938
-23.929847717285156,23.906341552734375,-24.228469848632812
-24.90509033203125,20.59709930419922,-26.150863647460938
-25.27191925048828,17.346580505371094,-28.511886596679688
-25.180435180664062,13.905937194824219,-30.639602661132812
-25.045188903808594,10.356391906738281,-32.44932556152344
-24.721206665039062,6.503387451171875,-34.28651428222656
-24.400840759277344,2.3324661254882812,-36.17481994628906
-23.808258056640625,-1.9513168334960938,-38.53193664550781
-21.41260528564453,-6.272529602050781,-41.18211364746094
-16.95262908935547,-10.453079223632812,-41.93211364746094
-12.738113403320312,-14.424201965332031,-39.49952697753906
-9.985603332519531,-18.348281860351562,-36.58088684082031
-6.8693084716796875,-21.708206176757812,-35.28868103027344
-2.1420974731445312,-24.21771240234375,-34.88002014160156
3.5373916625976562,-25.831649780273438,-34.07279968261719
9.439453125,-26.712913513183594,-32.68705749511719
14.954803466796875,-26.439071655273438,-30.992141723632812
19.799049377441406,-25.230316162109375,-29.522872924804688
23.73053741455078,-23.17993927001953,-28.422225952148438
26.823009490966797,-20.227012634277344,-28.148208618164062
29.316116333007812,-16.797805786132812,-28.087997436523438
30.93103790283203,-12.878128051757812,-28.527023315429688
31.626415252685547,-8.575714111328125,-29.282028198242188
31.17269515991211,-4.174446105957031,-30.382064819335938
29.733074188232422,0.3165435791015625,-31.673660278320312
27.39885711669922,4.836235046386719,-33.27406311035156
24.198959350585938,9.232322692871094,-34.56944274902344
20.347087860107422,13.374114990234375,-35.55879211425781
15.66741943359375,17.179710388183594,-36.28288269042969
10.67559814453125,20.68720245361328,-36.11650085449219
5.485404968261719,23.535247802734375,-35.54081726074219
0.37436676025390625,25.463577270507812,-34.39030456542969
-4.280128479003906,26.485076904296875,-33.42893981933594
-8.115394592285156,26.586654663085938,-32.63825988769531
-11.1380615234375,26.05229949951172,-32.28327941894531
-13.414207458496094,25.28685760498047,-32.22084045410156
-14.934944152832031,24.614051818847656,-32.22663879394531
-16.249855041503906,23.838401794433594,-32.53150939941406
-17.170066833496094,23.192710876464844,-32.75743103027344
-17.92652130126953,22.54570770263672,-33.17329406738281
-18.394874572753906,21.566932678222656,-33.71388244628906
-18.93303680419922,20.1507568359375,-34.39250183105469
-19.173751831054688,18.318557739257812,-35.29270935058594
-19.29498291015625,16.08892059326172,-36.60377502441406
-18.643569946289062,13.609474182128906,-38.13835144042969
-17.39740753173828,10.99017333984375,-39.78034973144531
-15.3941650390625,7.9946746826171875,-41.26301574707031
-12.746337890625,4.830047607421875,-42.76780700683594
-9.724761962890625,1.4581222534179688,-43.81837463378906
-6.638420104980469,-2.1572799682617188,-44.35124206542969
-3.3301620483398438,-6.063018798828125,-44.39912414550781
-0.23992919921875,-10.146751403808594,-43.74110412597656
2.8083724975585938,-14.35791015625,-42.31367492675781
5.841896057128906,-18.508041381835938,-40.50740051269531
8.551559448242188,-22.508880615234375,-37.86076354980469
11.231948852539062,-25.966766357421875,-34.75715637207031
13.825477600097656,-29.091835021972656,-31.118026733398438
16.221435546875,-31.542640686035156,-27.045425415039062
18.497039794921875,-33.342830657958984,-22.929061889648438
20.722503662109375,-34.71284103393555,-18.796798706054688
22.655582427978516,-35.52912521362305,-14.52252197265625
24.0484619140625,-36.01115036010742,-10.22259521484375
24.895126342773438,-36.14457321166992,-5.8154449462890625
25.42000961303711,-36.14906692504883,-1.680908203125
25.378849029541016,-35.95930480957031,2.4116973876953125
24.81357192993164,-35.667232513427734,6.4515838623046875
24.065715789794922,-35.21710968017578,10.05084228515625
22.880481719970703,-34.66277313232422,13.256057739257812
21.586029052734375,-34.128807067871094,16.369415283203125
19.847919464111328,-33.45589065551758,18.965744018554688
18.011734008789062,-33.029624938964844,21.28631591796875
15.984779357910156,-32.5810661315918,23.395782470703125
13.987464904785156,-32.167510986328125,25.132232666015625
11.611091613769531,-31.909255981445312,26.269271850585938
9.009445190429688,-31.796192169189453,27.126937866210938
6.2642364501953125,-31.795135498046875,27.630966186523438
3.1330184936523438,-32.00767517089844,27.581497192382812
-0.0431671142578125,-32.38707733154297,27.076766967773438
-3.3686294555664062,-32.801002502441406,26.2216796875
-6.709831237792969,-33.182090759277344,24.525588989257812
-10.257774353027344,-33.635398864746094,22.2357177734375
-13.71710205078125,-33.894283294677734,18.941696166992188
-16.940582275390625,-34.0516471862793,15.211349487304688
-20.11438751220703,-33.80987548828125,10.773345947265625
-22.85558319091797,-33.2365837097168,6.0057373046875
-25.050819396972656,-32.13546371459961,1.19146728515625
-26.533370971679688,-30.930213928222656,-2.923065185546875
-27.383407592773438,-29.871688842773438,-5.88726806640625
-27.76567840576172,-29.071182250976562,-7.8007049560546875
-27.96253204345703,-28.713176727294922,-8.889999389648438
-28.074676513671875,-28.508411407470703,-9.396774291992188
-28.07489776611328,-28.301830291748047,-10.028472900390625
-27.946250915527344,-28.03696060180664,-10.778579711914062
-27.801803588867188,-27.912750244140625,-11.638351440429688
-27.55498504638672,-27.859573364257812,-12.513687133789062
-27.04351043701172,-27.878803253173828,-13.381423950195312
-26.613929748535156,-27.940261840820312,-14.141326904296875
-26.306396484375,-28.129932403564453,-14.646881103515625
-26.013259887695312,-28.397933959960938,-14.807373046875
-25.780174255371094,-28.467090606689453,-15.02947998046875
-25.636817932128906,-28.640419006347656,-15.223678588867188
-25.405242919921875,-28.74612045288086,-15.254364013671875
-25.057579040527344,-29.006290435791016,-15.064178466796875
-24.977569580078125,-29.205726623535156,-15.180007934570312
-24.8182373046875,-29.57564926147461,-15.16754150390625
-24.570159912109375,-29.805591583251953,-15.335296630859375
-24.4425048828125,-29.946880340576172,-15.287796020507812
-24.29851531982422,-30.095291137695312,-15.427352905273438
-24.20929718017578,-30.36123275756836,-15.457977294921875
-24.151687622070312,-30.544445037841797,-15.398406982421875
-24.10108184814453,-30.593902587890625,-15.191665649414062
-23.92670440673828,-30.573341369628906,-15.084518432617188
-24.05785369873047,-30.56231689453125,-14.891082763671875
-24.110374450683594,-30.570358276367188,-14.737899780273438
-24.1107177734375,-30.680843353271484,-14.599456787109375
-24.12073516845703,-30.68212890625,-14.390716552734375
-23.984703063964844,-30.928367614746094,-14.423919677734375
-23.844100952148438,-31.034210205078125,-14.48828125
-23.646705627441406,-31.209678649902344,-14.36187744140625
-23.66144561767578,-31.31827163696289,-14.203781127929688
-23.664901733398438,-31.309673309326172,-14.07904052734375
-23.500274658203125,-31.445541381835938,-13.976211547851562
-23.534530639648438,-31.535221099853516,-14.03924560546875
-23.468589782714844,-31.736949920654297,-14.068511962890625
-23.427886962890625,-31.75873565673828,-14.111557006835938
-23.395477294921875,-31.810226440429688,-14.293228149414062
-23.298507690429688,-31.93138885498047,-14.337646484375
-23.347618103027344,-32.1193733215332,-14.172210693359375
-23.201644897460938,-32.27756881713867,-14.0137939453125
-23.008384704589844,-32.272884368896484,-14.028411865234375
-22.684226989746094,-32.4258918762207,-13.925918579101562
-22.489830017089844,-32.488182067871094,-13.95538330078125
-22.497467041015625,-32.72053909301758,-13.813919067382812
-22.406417846679688,-32.9227180480957,-13.7105712890625
-22.214920043945312,-33.16779708862305,-13.444061279296875
-22.11579132080078,-33.41963577270508,-13.343658447265625
-21.97846221923828,-33.51412582397461,-13.1695556640625
-21.78221893310547,-33.749855041503906,-12.9996337890625
-21.481918334960938,-34.098873138427734,-12.752426147460938
-21.283103942871094,-34.472679138183594,-12.4156494140625
-20.965057373046875,-34.881221771240234,-11.960647583007812
-20.584884643554688,-35.3032112121582,-11.338027954101562
-20.146270751953125,-35.71410369873047,-10.56640625
-19.85931396484375,-36.117515563964844,-9.69842529296875
-19.442901611328125,-36.562965393066406,-8.5130615234375
-19.184181213378906,-36.88280487060547,-7.4049530029296875
-18.866256713867188,-37.37856674194336,-6.2637939453125
-18.498275756835938,-37.836280822753906,-4.990081787109375
-18.156089782714844,-38.20711898803711,-3.6658477783203125
-17.85888671875,-38.533504486083984,-2.223785400390625
-17.437744140625,-38.842796325683594,-0.80853271484375
-16.899925231933594,-38.999996185302734,0.8725738525390625
-16.364105224609375,-39.27363586425781,2.332427978515625
-15.615959167480469,-39.59845733642578,3.621368408203125
-14.890823364257812,-39.883758544921875,4.323272705078125
-14.037315368652344,-40.28952407836914,4.93798828125
-13.14495849609375,-40.6154670715332,5.550750732421875
-12.430488586425781,-40.86845779418945,6.097686767578125
-11.973030090332031,-41.05717468261719,6.7068023681640625
-11.570205688476562,-41.054046630859375,7.45989990234375
-11.157600402832031,-41.02129364013672,8.531097412109375
-10.624916076660156,-40.74733352661133,9.918685913085938
-10.183586120605469,-40.4807014465332,11.681655883789062
-9.731895446777344,-40.063232421875,13.708541870117188
-9.071395874023438,-39.539608001708984,15.56298828125
-8.306861877441406,-39.009666442871094,17.629791259765625
-7.247077941894531,-38.21311569213867,19.732208251953125
-5.815185546875,-37.44430923461914,21.93218994140625
-4.206275939941406,-36.4506950378418,24.131561279296875
-2.628143310546875,-35.23392868041992,26.311676025390625
-1.0845794677734375,-33.762962341308594,28.24053955078125
0.39365386962890625,-32.389915466308594,30.243545532226562
1.7264251708984375,-30.58099365234375,32.16339111328125
2.9269866943359375,-28.724143981933594,33.89042663574219
3.9715957641601562,-26.980587005615234,35.50311279296875
5.0331268310546875,-25.302520751953125,36.90959167480469
5.7793731689453125,-23.582046508789062,38.21733093261719
6.367156982421875,-22.13709259033203,39.034149169921875
6.857124328613281,-20.790191650390625,39.74232482910156
7.083854675292969,-20.003822326660156,40.01145935058594
7.05865478515625,-19.654136657714844,40.31501770019531
7.230949401855469,-19.576065063476562,40.15080261230469
7.3358001708984375,-19.72021484375,40.09233093261719
7.6549072265625,-20.058761596679688,40.02580261230469
7.967216491699219,-20.104896545410156,39.93043518066406
8.199951171875,-20.095138549804688,39.76145935058594
8.599494934082031,-19.885635375976562,39.82560729980469
8.991142272949219,-19.490272521972656,39.930419921875
9.397178649902344,-19.135765075683594,40.01910400390625
9.658058166503906,-18.80280303955078,40.1070556640625
9.812385559082031,-18.551437377929688,40.14622497558594
10.118446350097656,-18.469322204589844,40.085205078125
10.420303344726562,-18.554359436035156,40.138885498046875
10.532463073730469,-18.58489990234375,40.10768127441406
10.743324279785156,-18.750259399414062,40.1451416015625
10.948135375976562,-18.832962036132812,39.9949951171875
11.241806030273438,-18.885398864746094,39.8623046875
11.530281066894531,-18.690284729003906,40.003631591796875
12.057220458984375,-18.232437133789062,40.08937072753906
12.764556884765625,-17.779296875,40.120880126953125
13.575515747070312,-17.201515197753906,40.05168151855469
14.270088195800781,-16.81958770751953,40.11326599121094
14.769401550292969,-16.40229034423828,40.16514587402344
15.276763916015625,-16.127685546875,40.308685302734375
15.477081298828125,-15.93743896484375,40.52362060546875
15.599884033203125,-15.945327758789062,40.329254150390625
15.941413879394531,-16.015777587890625,40.0469970703125
16.24510955810547,-16.337051391601562,39.77452087402344
16.44782257080078,-16.55962371826172,39.61317443847656
16.694473266601562,-16.805267333984375,39.31146240234375
16.819046020507812,-17.172889709472656,39.17457580566406
16.790992736816406,-17.38562774658203,39.24444580078125
16.478408813476562,-17.537490844726562,39.50120544433594
16.14769744873047,-17.817047119140625,39.67018127441406
15.958198547363281,-18.04077911376953,39.8055419921875
15.762710571289062,-18.292221069335938,39.66526794433594
15.566574096679688,-18.52342987060547,39.41401672363281
15.283958435058594,-18.638046264648438,39.28010559082031
15.123764038085938,-18.82904052734375,39.23490905761719
14.902313232421875,-18.84869384765625,39.38389587402344
14.659400939941406,-18.89824676513672,39.514862060546875
14.529045104980469,-18.873794555664062,39.51704406738281
14.288917541503906,-18.85295867919922,39.56394958496094
13.970741271972656,-18.89984130859375,39.57977294921875
13.827728271484375,-18.9200439453125,39.720855712890625
13.713577270507812,-19.01702880859375,39.69367980957031
13.687080383300781,-19.163223266601562,39.64707946777344
13.736625671386719,-19.22802734375,39.43183898925781
13.739219665527344,-19.3548583984375,39.42640686035156
13.686752319335938,-19.47643280029297,39.267913818359375
13.551109313964844,-19.59375,39.22584533691406
13.5450439453125,-19.613052368164062,39.30169677734375
13.526290893554688,-19.732650756835938,39.215362548828125
13.44873046875,-20.03600311279297,39.10990905761719
13.389739990234375,-20.509056091308594,38.95414733886719
12.602684020996094,-21.150390625,38.767303466796875
11.602424621582031,-21.745834350585938,38.73345947265625
10.476020812988281,-22.241607666015625,38.84075927734375
9.399810791015625,-22.630538940429688,38.74263000488281
8.231124877929688,-22.976165771484375,38.67884826660156
7.1084442138671875,-23.275772094726562,38.81201171875
6.154319763183594,-23.451522827148438,38.74224853515625
5.2818756103515625,-23.55876922607422,38.789886474609375
4.452995300292969,-23.679183959960938,38.77604675292969
3.825164794921875,-23.802391052246094,38.81602478027344
3.1980209350585938,-23.891021728515625,38.7259521484375
2.7682342529296875,-23.903854370117188,38.639801025390625
2.271697998046875,-23.894569396972656,38.618194580078125
1.93426513671875,-24.070228576660156,38.682342529296875
1.54522705078125,-24.19256591796875,38.720001220703125
1.0876541137695312,-24.202125549316406,38.73509216308594
0.7506484985351562,-24.239097595214844,38.71504211425781
0.39887237548828125,-24.18321990966797,38.60443115234375
-0.0158233642578125,-24.157119750976562,38.44903564453125
-0.25591278076171875,-24.022315979003906,38.44879150390625
-0.5869903564453125,-23.976806640625,38.490875244140625
-0.7205352783203125,-23.93761444091797,38.50001525878906
-0.8880844116210938,-24.00255584716797,38.52583312988281
-0.8249282836914062,-24.035110473632812,38.59773254394531
-0.83843994140625,-24.135818481445312,38.77394104003906
-0.7850570678710938,-24.015113830566406,38.769317626953125
-0.86749267578125,-23.988250732421875,38.66670227050781
-0.9033050537109375,-23.997665405273438,38.633514404296875
-0.9058609008789062,-23.97956085205078,38.50624084472656
-0.995697021484375,-24.022186279296875,38.3631591796875
-1.1226806640625,-23.8602294921875,38.354034423828125
-1.29534912109375,-23.79875946044922,38.341064453125
-1.5434722900390625,-23.783828735351562,38.35600280761719
-1.7382125854492188,-23.7301025390625,38.290863037109375
-1.936798095703125,-23.57813262939453,38.33917236328125
-2.1877975463867188,-23.436981201171875,38.3538818359375
-2.3014297485351562,-23.475433349609375,38.54081726074219
-2.263763427734375,-23.46404266357422,38.6077880859375
-2.1894912719726562,-23.475250244140625,38.603057861328125
-2.0372390747070312,-23.4759521484375,38.614837646484375
-2.0751419067382812,-23.42822265625,38.639739990234375
-2.1125869750976562,-23.465438842773438,38.647705078125
-2.1745986938476562,-23.58062744140625,38.78315734863281
-2.1554718017578125,-23.542556762695312,38.711273193359375
-1.9984817504882812,-23.617416381835938,38.63807678222656
-2.1133346557617188,-23.51862335205078,38.48759460449219
-2.19091796875,-23.537330627441406,38.44453430175781
-2.1093826293945312,-23.606483459472656,38.58811950683594
-2.2138900756835938,-23.539772033691406,38.61578369140625
-2.163177490234375,-23.585922241210938,38.530181884765625
-2.2341995239257812,-23.602752685546875,38.51591491699219
-2.3629150390625,-23.588897705078125,38.51432800292969
-2.4985275268554688,-23.581893920898438,38.49163818359375
-2.6129531860351562,-23.599998474121094,38.433349609375
-2.8146438598632812,-23.593460083007812,38.41453552246094
-2.901336669921875,-23.50933837890625,38.3360595703125
-3.0952606201171875,-23.508384704589844,38.33061218261719
-3.229949951171875,-23.38581085205078,38.26734924316406
-3.4100418090820312,-23.3538818359375,38.283905029296875
-3.4916534423828125,-23.264419555664062,38.40484619140625
-3.7136611938476562,-23.23542022705078,38.63444519042969
-3.9610137939453125,-23.20733642578125,38.61256408691406
-4.179351806640625,-23.179046630859375,38.70942687988281
-4.4215850830078125,-23.196510314941406,38.74061584472656
-4.72161865234375,-23.108154296875,38.67961120605469
-4.918052673339844,-23.119140625,38.75422668457031
-5.079887390136719,-22.948104858398438,38.72840881347656
-5.054450988769531,-22.9951171875,38.64845275878906
-5.0543670654296875,-22.925979614257812,38.540069580078125
-5.2696075439453125,-23.081497192382812,38.598388671875
-5.4651336669921875,-23.016845703125,38.653717041015625
-5.592994689941406,-22.84869384765625,38.77055358886719
-5.787117004394531,-22.87293243408203,38.97698974609375
-5.767974853515625,-22.79161834716797,38.87608337402344
-5.688102722167969,-22.79747772216797,38.742584228515625
-5.583961486816406,-22.773155212402344,38.68084716796875
-5.53375244140625,-22.8336181640625,38.674957275390625
-5.4801025390625,-22.827293395996094,38.60865783691406
-5.553153991699219,-22.778160095214844,38.63496398925781
-5.530586242675781,-22.809661865234375,38.53749084472656
-5.475532531738281,-22.84039306640625,38.51544189453125
-5.635093688964844,-22.875595092773438,38.653350830078125
-5.533744812011719,-22.951927185058594,38.6810302734375
-5.5490875244140625,-22.996315002441406,38.711395263671875
-5.486724853515625,-22.876220703125,38.673065185546875
-5.523017883300781,-22.78216552734375,38.69102478027344
-5.484672546386719,-22.89527130126953,38.55595397949219
-5.4777679443359375,-22.921142578125,38.54606628417969
-5.524894714355469,-22.98700714111328,38.55784606933594
-5.573173522949219,-22.9832763671875,38.58345031738281
-5.7145538330078125,-22.98967742919922,38.655609130859375
-5.574371337890625,-22.912460327148438,38.7462158203125
-5.47100830078125,-22.9124755859375,38.598297119140625
-5.541481018066406,-22.873390197753906,38.631378173828125
-5.477813720703125,-22.853958129882812,38.71629333496094
-5.515968322753906,-22.81786346435547,38.7435302734375
-5.648933410644531,-22.835655212402344,38.87786865234375
-5.6355743408203125,-22.79583740234375,38.70458984375
-5.516426086425781,-22.837005615234375,38.86419677734375
-5.480987548828125,-22.863525390625,38.743255615234375
-5.440498352050781,-22.805831909179688,38.791351318359375
-5.465553283691406,-22.84728240966797,38.869110107421875
-5.4336700439453125,-22.779708862304688,38.86248779296875
-5.388648986816406,-22.84894561767578,38.72676086425781
-5.286689758300781,-22.849960327148438,38.84031677246094
-5.128562927246094,-22.782875061035156,38.84388732910156
-5.0231781005859375,-22.853317260742188,38.60551452636719
-4.926460266113281,-22.939781188964844,38.60734558105469
-4.9388427734375,-23.032936096191406,38.57185363769531
-4.957084655761719,-23.067100524902344,38.6334228515625
-4.947929382324219,-23.02855682373047,38.76661682128906
-4.727531433105469,-23.04187774658203,38.98173522949219
-4.727531433105469,-23.04187774658203,38.98173522949219
-4.586418151855469,-23.11705780029297,38.88270568847656
-4.365943908691406,-23.05773162841797,38.88127136230469
-4.2472381591796875,-23.088844299316406,38.80638122558594
-4.095100402832031,-23.11626434326172,38.61680603027344
-3.907867431640625,-23.204200744628906,38.61180114746094
-3.694244384765625,-23.267112731933594,38.63063049316406
-3.3901214599609375,-23.316574096679688,38.463165283203125
-3.3160476684570312,-23.361412048339844,38.40153503417969
-3.3339309692382812,-23.402786254882812,38.3289794921875
-3.3383255004882812,-23.388427734375,38.17707824707031
-3.4557647705078125,-23.343048095703125,38.15904235839844
-3.6034774780273438,-23.29248046875,38.20228576660156
-3.6064605712890625,-23.297531127929688,38.214508056640625
-3.595916748046875,-23.319595336914062,38.17573547363281
-3.5712661743164062,-23.293540954589844,38.204254150390625
-3.58837890625,-23.257225036621094,38.22367858886719
-3.5657196044921875,-23.427467346191406,38.298370361328125
-3.6484756469726562,-23.512557983398438,38.25614929199219
-3.742584228515625,-23.43927001953125,38.233551025390625
-3.6526718139648438,-23.48603057861328,38.25068664550781
-3.6103363037109375,-23.461837768554688,38.24391174316406
-3.654876708984375,-23.410537719726562,38.11491394042969
-3.69232177734375,-23.355201721191406,38.08453369140625
-3.6014022827148438,-23.35535430908203,38.19865417480469
-3.6460418701171875,-23.196243286132812,38.223175048828125
-3.6220626831054688,-23.312362670898438,38.245208740234375
-3.700836181640625,-23.32849884033203,38.244659423828125
-3.6096954345703125,-23.302886962890625,38.29109191894531
-3.66845703125,-23.323348999023438,38.2572021484375
-3.78240966796875,-23.39806365966797,38.270294189453125
-3.9001922607421875,-23.453109741210938,38.25990295410156
-3.868408203125,-23.450538635253906,38.23124694824219
-3.877838134765625,-23.412139892578125,38.23271179199219
-3.9249267578125,-23.407997131347656,38.352874755859375
-3.8825149536132812,-23.377792358398438,38.400665283203125
-3.9510040283203125,-23.34471893310547,38.58306884765625
-3.9523239135742188,-23.202239990234375,38.41783142089844
-4.080253601074219,-23.166603088378906,38.38551330566406
-4.1079559326171875,-23.219512939453125,38.38861083984375
-4.068122863769531,-23.17431640625,38.40997314453125
-4.00762939453125,-23.22870635986328,38.46397399902344
-4.0135345458984375,-23.16619873046875,38.27099609375
-4.16510009765625,-23.16741943359375,38.28401184082031
-4.218017578125,-23.139732360839844,38.21177673339844
-4.3059539794921875,-23.196029663085938,38.45277404785156
-4.29571533203125,-23.174095153808594,38.52955627441406
-4.202789306640625,-23.235641479492188,38.40583801269531
-4.324363708496094,-23.169723510742188,38.37467956542969
-4.320549011230469,-23.168121337890625,38.52827453613281
-4.240180969238281,-23.11370086669922,38.658660888671875
-4.350578308105469,-22.99578857421875,38.63862609863281
-4.437507629394531,-22.986000061035156,38.55073547363281
-4.376861572265625,-23.073013305664062,38.516510009765625
-4.255455017089844,-23.08399200439453,38.48185729980469
-4.251922607421875,-23.029159545898438,38.46516418457031
-4.2827606201171875,-23.01721954345703,38.29443359375
-4.342216491699219,-23.0081787109375,38.239105224609375
-4.331123352050781,-23.068626403808594,38.2130126953125
-4.4400177001953125,-23.12635040283203,38.22578430175781
-4.376091003417969,-23.16919708251953,38.27079772949219
-4.3919830322265625,-23.204299926757812,38.3709716796875
-4.340599060058594,-23.26984405517578,38.54705810546875
-4.205345153808594,-23.28009796142578,38.57476806640625
-4.160118103027344,-23.297805786132812,38.501800537109375
-4.141021728515625,-23.337066650390625,38.44816589355469
-4.197303771972656,-23.197708129882812,38.4412841796875
-4.2051544189453125,-23.19440460205078,38.52555847167969
-4.229400634765625,-23.179763793945312,38.41798400878906
-4.222023010253906,-23.231903076171875,38.319427490234375
-4.245597839355469,-23.179237365722656,38.26313781738281
-4.19854736328125,-23.113357543945312,38.39202880859375
-4.163398742675781,-23.089950561523438,38.53753662109375
-4.21173095703125,-23.199989318847656,38.46516418457031
-4.265663146972656,-23.152244567871094,38.398406982421875
-4.237548828125,-23.16199493408203,38.25273132324219
-4.230674743652344,-23.215408325195312,38.21986389160156
-4.152290344238281,-23.17279052734375,38.25596618652344
-4.168548583984375,-23.265884399414062,38.41474914550781
-4.189888000488281,-23.320106506347656,38.29591369628906
-4.051971435546875,-23.4273681640625,38.292694091796875
-4.1504974365234375,-23.50525665283203,38.27214050292969
-4.181037902832031,-23.497764587402344,38.18280029296875
-4.192359924316406,-23.34783172607422,38.24626159667969
-4.045806884765625,-23.203475952148438,38.203826904296875
-4.185615539550781,-23.21916961669922,38.07801818847656
-4.044403076171875,-23.107269287109375,37.99665832519531
-4.264373779296875,-23.064605712890625,37.99183654785156
-4.336517333984375,-23.011985778808594,37.9530029296875
-4.43572998046875,-22.997108459472656,37.81280517578125
-4.457244873046875,-23.009292602539062,37.750762939453125
-4.394859313964844,-23.024429321289062,37.787933349609375
-4.347480773925781,-23.103179931640625,37.78656005859375
-4.375892639160156,-23.045372009277344,37.795623779296875
-4.412895202636719,-23.01813507080078,37.787811279296875
-4.308708190917969,-23.049911499023438,37.98081970214844
-4.201080322265625,-23.180252075195312,38.017578125
-4.201454162597656,-23.186317443847656,38.14129638671875
-4.220878601074219,-23.16161346435547,38.17625427246094
-4.30322265625,-23.33739471435547,38.28462219238281
-4.260398864746094,-23.336997985839844,38.236846923828125
-4.262977600097656,-23.331161499023438,38.14375305175781
-4.3451690673828125,-23.240631103515625,38.06097412109375
-4.213371276855469,-23.135704040527344,38.050811767578125
-4.172279357910156,-23.121994018554688,38.17677307128906
-4.061561584472656,-23.034019470214844,38.06779479980469
-4.2796478271484375,-22.965606689453125,38.16844177246094
-4.337242126464844,-22.971717834472656,38.134918212890625
-4.185081481933594,-22.952476501464844,38.23146057128906
-4.216484069824219,-22.824607849121094,38.23539733886719
-4.171134948730469,-22.850929260253906,38.21441650390625
-4.167320251464844,-23.00933074951172,38.21757507324219
-4.2192230224609375,-22.97113800048828,38.262237548828125
-4.236480712890625,-22.958526611328125,38.26658630371094
-4.194969177246094,-22.83941650390625,38.26495361328125
-4.2770843505859375,-22.778968811035156,38.273834228515625
-4.345375061035156,-22.77344512939453,38.20420837402344
-4.303199768066406,-22.770553588867188,38.24864196777344
-4.482032775878906,-22.7476806640625,38.18855285644531
-4.458000183105469,-22.6937255859375,38.25721740722656
-4.388175964355469,-22.654617309570312,38.196014404296875
-4.194366455078125,-22.743804931640625,38.2672119140625
-4.314247131347656,-22.764793395996094,38.206939697265625
-4.274879455566406,-22.828529357910156,38.34867858886719
-4.082847595214844,-22.78362274169922,38.242950439453125
-4.0644378662109375,-22.89972686767578,38.2056884765625
-4.122871398925781,-22.973846435546875,38.3990478515625
-4.131492614746094,-23.072792053222656,38.32365417480469
-4.19110107421875,-23.038185119628906,38.132415771484375
-4.210662841796875,-23.103538513183594,38.11549377441406
-4.173851013183594,-23.094085693359375,38.088531494140625
-4.0957489013671875,-23.016448974609375,38.06910705566406
-4.0130615234375,-22.986831665039062,38.22496032714844
-4.054054260253906,-22.931442260742188,38.200836181640625
-4.160743713378906,-22.947792053222656,38.2685546875
-4.139396667480469,-22.88750457763672,38.22227478027344
-4.057304382324219,-22.9539794921875,38.279937744140625
-4.0685882568359375,-23.001930236816406,38.42022705078125
-4.073356628417969,-23.086143493652344,38.27735900878906
-4.19091796875,-23.028274536132812,38.32868957519531
-4.152435302734375,-22.993324279785156,38.41584777832031
-4.2290191650390625,-22.958450317382812,38.349212646484375
-4.1507720947265625,-23.018692016601562,38.264190673828125
-4.179557800292969,-23.0645751953125,38.24311828613281
-4.1326446533203125,-23.09459686279297,38.39994812011719
-4.180351257324219,-23.055694580078125,38.24626159667969
-4.0794677734375,-23.187530517578125,38.14617919921875
-4.036918640136719,-23.207000732421875,38.07585144042969
-4.002983093261719,-23.174911499023438,38.2449951171875
-4.037147521972656,-23.06133270263672,38.09532165527344
-4.131622314453125,-23.101882934570312,38.07014465332031
-4.145072937011719,-23.09044647216797,37.944732666015625
-4.1293182373046875,-23.04174041748047,37.84559631347656
-4.1171722412109375,-23.01599884033203,37.77561950683594
-4.207283020019531,-23.184967041015625,38.031463623046875
-4.142860412597656,-23.183006286621094,38.151763916015625
-4.1265106201171875,-23.233558654785156,38.20172119140625
-4.197288513183594,-23.11888885498047,38.178558349609375
-4.187767028808594,-23.10436248779297,38.07041931152344
-4.153648376464844,-23.11003875732422,38.13899230957031
-4.2166900634765625,-23.12963104248047,38.07810974121094
-4.343650817871094,-23.041671752929688,38.17578125
-4.250648498535156,-23.050399780273438,38.26472473144531
-4.222023010253906,-23.100608825683594,38.23356628417969
-4.181373596191406,-23.0257568359375,38.21958923339844
-4.291175842285156,-23.016647338867188,38.21577453613281
-4.329811096191406,-23.034934997558594,38.372833251953125
-4.3575286865234375,-23.081077575683594,38.35472106933594
-4.330284118652344,-23.07007598876953,38.29901123046875
-4.206184387207031,-23.082748413085938,38.290374755859375
-4.316925048828125,-23.12152862548828,38.284149169921875
-4.3634490966796875,-23.108078002929688,38.40763854980469
-4.341178894042969,-23.11792755126953,38.318389892578125
-4.336456298828125,-23.088516235351562,38.30949401855469
-4.364250183105469,-23.126243591308594,38.48902893066406
-4.4087677001953125,-23.067222595214844,38.52195739746094
-4.593376159667969,-23.06707763671875,38.515838623046875
-4.565559387207031,-23.11363983154297,38.53959655761719
-4.4359588623046875,-23.0743408203125,38.49102783203125
-4.465522766113281,-23.114341735839844,38.50028991699219
-4.4589385986328125,-23.137115478515625,38.555572509765625
-4.367912292480469,-23.158309936523438,38.584014892578125
-4.373115539550781,-23.159988403320312,38.69352722167969
-4.30078125,-23.139076232910156,38.71342468261719
-4.2949066162109375,-23.1014404296875,38.77281188964844
-4.434761047363281,-23.029258728027344,38.627044677734375
-4.3554840087890625,-22.943389892578125,38.58897399902344
-4.4113616943359375,-22.970993041992188,38.43304443359375
-4.507728576660156,-22.912071228027344,38.442657470703125
-4.4919281005859375,-22.88312530517578,38.41973876953125
-4.461036682128906,-22.940292358398438,38.44866943359375
-4.603050231933594,-22.91278839111328,38.3773193359375
-4.605316162109375,-23.078842163085938,38.56547546386719
-4.531913757324219,-23.112937927246094,38.439544677734375
-4.5030975341796875,-23.089126586914062,38.45155334472656
-4.4771575927734375,-23.087059020996094,38.56591796875
-4.6150665283203125,-23.025558471679688,38.72029113769531
-4.607208251953125,-23.057456970214844,38.68769836425781
-4.703643798828125,-23.069236755371094,38.670166015625
-4.741432189941406,-23.048248291015625,38.58021545410156
-4.6547088623046875,-23.031333923339844,38.50459289550781
-4.634864807128906,-23.056800842285156,38.416015625
-4.479942321777344,-23.038681030273438,38.57020568847656
-4.616081237792969,-22.94158935546875,38.54295349121094
-4.715751647949219,-22.951744079589844,38.59727478027344
-4.881950378417969,-22.83636474609375,38.582763671875
-4.7736053466796875,-22.78624725341797,38.44142150878906
-4.6910552978515625,-22.828163146972656,38.39140319824219
-4.6311492919921875,-22.786888122558594,38.54621887207031
-4.690513610839844,-22.91875457763672,38.81640625
-4.51904296875,-22.834518432617188,38.85450744628906
-4.61578369140625,-22.80390167236328,38.61103820800781
-4.582588195800781,-22.77105712890625,38.547271728515625
-4.583152770996094,-22.75902557373047,38.64506530761719
-4.483070373535156,-22.74787139892578,38.73161315917969
-4.5203399658203125,-22.93236541748047,38.713958740234375
-4.6497039794921875,-22.98613739013672,38.71270751953125
-4.594429016113281,-22.995681762695312,38.72554016113281
-4.502632141113281,-22.94884490966797,38.57655334472656
-4.450157165527344,-22.877342224121094,38.55632019042969
-4.510383605957031,-22.867919921875,38.51820373535156
-4.572654724121094,-22.915145874023438,38.53923034667969
-4.4712371826171875,-22.895706176757812,38.48832702636719
-4.439765930175781,-22.879898071289062,38.54461669921875
-4.526771545410156,-22.875518798828125,38.60719299316406
-4.4662933349609375,-22.924835205078125,38.67536926269531
-4.510993957519531,-22.981605529785156,38.66081237792969
-4.506996154785156,-22.946434020996094,38.60270690917969
-4.516899108886719,-23.019569396972656,38.66566467285156
-4.342010498046875,-23.04205322265625,38.756011962890625
-4.315765380859375,-23.05425262451172,38.66046142578125
-4.369636535644531,-23.15789031982422,38.546478271484375
-4.284156799316406,-23.25739288330078,38.5009765625
-4.1070404052734375,-23.257415771484375,38.42210388183594
-4.1626129150390625,-23.203201293945312,38.52510070800781
-4.218841552734375,-23.319419860839844,38.61158752441406
-4.1645965576171875,-23.367774963378906,38.46632385253906
-4.185585021972656,-23.27465057373047,38.33622741699219
-4.17266845703125,-23.197967529296875,38.28379821777344
-4.034431457519531,-23.058441162109375,38.50343322753906
-3.9133377075195312,-23.03002166748047,38.68601989746094
-3.9808273315429688,-23.18903350830078,38.70994567871094
-4.06195068359375,-23.23932647705078,38.72331237792969
-3.8346710205078125,-23.07471466064453,38.783050537109375
-3.6729583740234375,-23.016586303710938,38.6220703125
-3.7482223510742188,-23.07634735107422,38.61199951171875
-3.8448486328125,-23.091148376464844,38.712890625
-3.8446502685546875,-23.066726684570312,38.73565673828125
-3.742218017578125,-23.165977478027344,38.63238525390625
-3.6510467529296875,-23.23485565185547,38.70469665527344
-3.5518646240234375,-23.214736938476562,38.67967224121094
-3.4162673950195312,-23.091552734375,38.59190368652344
-3.3303756713867188,-23.07164764404297,38.5743408203125
-3.3000640869140625,-23.063720703125,38.60845947265625
-3.3001632690429688,-23.091781616210938,38.60150146484375
-3.3458099365234375,-23.178375244140625,38.333343505859375
-3.30133056640625,-23.164382934570312,38.3548583984375
-3.3014755249023438,-23.1788330078125,38.28889465332031
-3.2967071533203125,-23.234840393066406,38.2899169921875
-3.3072052001953125,-23.156051635742188,38.28990173339844
-3.3175735473632812,-23.14599609375,38.148162841796875
-3.3445968627929688,-23.1864013671875,38.16477966308594
-3.3502578735351562,-23.057846069335938,38.072601318359375
-3.3062515258789062,-23.07245635986328,38.07496643066406
-3.163299560546875,-22.957443237304688,38.20954895019531
-3.17840576171875,-22.94195556640625,38.243133544921875
-3.3084030151367188,-22.972854614257812,38.25938415527344
-3.4611358642578125,-23.124481201171875,38.363067626953125
-3.3348846435546875,-23.151412963867188,38.32575988769531
-3.35687255859375,-23.224632263183594,38.21778869628906
-3.3029022216796875,-23.257835388183594,38.04179382324219
-3.2526016235351562,-23.332565307617188,38.01679992675781
-3.253204345703125,-23.335365295410156,37.93025207519531
-3.3227157592773438,-23.26093292236328,37.89656066894531
-3.2736740112304688,-23.204986572265625,37.90864562988281
-3.1547698974609375,-23.182174682617188,38.03147888183594
-3.0976333618164062,-23.169029235839844,38.09735107421875
-3.154632568359375,-23.279335021972656,38.24513244628906
-3.1660537719726562,-23.293724060058594,38.23628234863281
-3.2528839111328125,-23.340911865234375,38.30039978027344
-3.2004241943359375,-23.362564086914062,38.32777404785156
-3.1739120483398438,-23.229568481445312,38.29296875
-3.12109375,-23.20690155029297,38.43257141113281
-3.1716766357421875,-23.19799041748047,38.44432067871094
-3.2653656005859375,-23.14940643310547,38.45037841796875
-3.28363037109375,-23.140899658203125,38.523712158203125
-3.1855926513671875,-23.148902893066406,38.55784606933594
-3.3211288452148438,-23.060157775878906,38.49922180175781
-3.492767333984375,-23.050682067871094,38.31312561035156
-3.6119461059570312,-23.051971435546875,38.19769287109375
-3.5689620971679688,-23.167587280273438,38.175872802734375
-3.4840011596679688,-23.234146118164062,38.2557373046875
-3.5971298217773438,-23.206741333007812,38.277801513671875
-3.5841598510742188,-23.206398010253906,38.33854675292969
-3.690673828125,-23.238357543945312,38.38691711425781
-3.7438201904296875,-23.163345336914062,38.349273681640625
-3.7045974731445312,-23.201644897460938,38.20951843261719
-3.670318603515625,-23.168922424316406,38.00541687011719
-3.7255325317382812,-23.13874053955078,37.88630676269531
-3.7563400268554688,-23.035400390625,37.85093688964844
-3.8835830688476562,-23.059539794921875,37.80516052246094
-3.9586868286132812,-23.05669403076172,37.95387268066406
-4.1448974609375,-23.067306518554688,38.05419921875
-4.1304473876953125,-23.092384338378906,38.12236022949219
-4.220726013183594,-23.10523223876953,38.15223693847656
-4.26287841796875,-23.064071655273438,38.13093566894531
-4.212150573730469,-23.027313232421875,38.09405517578125
-4.1497955322265625,-23.007003784179688,38.11537170410156
-4.19964599609375,-23.01055908203125,38.061431884765625
-4.279487609863281,-22.98540496826172,38.033966064453125
-4.42474365234375,-22.840614318847656,38.21598815917969
-4.419830322265625,-22.791656494140625,38.26829528808594
-4.3626861572265625,-22.84442901611328,38.29487609863281
-4.38580322265625,-22.924827575683594,38.25856018066406
-4.326286315917969,-23.07073974609375,38.27717590332031
-4.408607482910156,-23.02466583251953,38.242340087890625
-4.534416198730469,-23.03412628173828,38.27702331542969
-4.6408843994140625,-23.006736755371094,38.28807067871094
-4.5797882080078125,-22.920455932617188,38.23713684082031
-4.5614471435546875,-22.865615844726562,38.335693359375
-4.507301330566406,-22.950347900390625,38.39723205566406
-4.333305358886719,-22.90314483642578,38.4564208984375
-4.3240509033203125,-22.89947509765625,38.27912902832031
-4.3752899169921875,-22.900726318359375,38.30946350097656
-4.48016357421875,-22.938491821289062,38.47613525390625
-4.444236755371094,-22.9322509765625,38.486236572265625
-4.486083984375,-22.96759033203125,38.50074768066406
-4.638343811035156,-22.92596435546875,38.52235412597656
-4.6534576416015625,-22.880142211914062,38.4295654296875
-4.688484191894531,-22.83758544921875,38.322357177734375
-4.649223327636719,-22.847816467285156,38.28327941894531
-4.505653381347656,-22.834030151367188,38.1639404296875
-4.5182647705078125,-22.839035034179688,38.15663146972656
-4.50091552734375,-22.839279174804688,38.17207336425781
-4.481353759765625,-22.961326599121094,38.260589599609375
-4.4073028564453125,-22.89966583251953,38.356109619140625
-4.3647613525390625,-22.986373901367188,38.36280822753906
-4.469459533691406,-23.088760375976562,38.3560791015625
-4.247322082519531,-22.967063903808594,38.43597412109375
-4.2708740234375,-22.89899444580078,38.28057861328125
-4.360572814941406,-22.852996826171875,38.299591064453125
-4.347526550292969,-22.765403747558594,38.284393310546875
-4.478096008300781,-22.74095916748047,38.2841796875
-4.256248474121094,-22.923057556152344,38.49986267089844
-4.331901550292969,-22.94324493408203,38.421234130859375
-4.3057708740234375,-22.96245574951172,38.483795166015625
-4.18353271484375,-22.833877563476562,38.53340148925781
-4.440834045410156,-22.85834503173828,38.51158142089844
-4.55682373046875,-22.788169860839844,38.515289306640625
-4.581878662109375,-22.84540557861328,38.505157470703125
-4.62603759765625,-22.77782440185547,38.49595642089844
-4.675804138183594,-22.838027954101562,38.54484558105469
-4.5865020751953125,-22.81481170654297,38.59226989746094
-4.5865020751953125,-22.81481170654297,38.59226989746094
-4.545509338378906,-22.838027954101562,38.40631103515625
-4.244529724121094,-22.666786193847656,38.31181335449219
-4.4239959716796875,-22.756027221679688,38.16276550292969
-4.359405517578125,-22.904251098632812,38.21253967285156
-4.44427490234375,-22.849166870117188,38.451446533203125
-4.3433380126953125,-22.81598663330078,38.51353454589844
-4.251983642578125,-22.801918029785156,38.510284423828125
-4.072959899902344,-22.932754516601562,38.55809020996094
-3.999053955078125,-22.929122924804688,38.41773986816406
-4.1820526123046875,-23.027732849121094,38.36322021484375
-4.161216735839844,-23.008255004882812,38.40287780761719
-4.241844177246094,-23.198577880859375,38.39894104003906
-4.354957580566406,-23.1983642578125,38.456298828125
-4.222160339355469,-23.085487365722656,38.49945068359375
-4.194122314453125,-23.043243408203125,38.6016845703125
-4.059989929199219,-23.100799560546875,38.47459411621094
-4.033302307128906,-23.21312713623047,38.393218994140625
-4.086051940917969,-23.225547790527344,38.458740234375
-4.052696228027344,-23.105789184570312,38.333404541015625
-4.077117919921875,-23.080154418945312,38.14051818847656
-3.93255615234375,-22.98040771484375,38.12770080566406
-3.9741134643554688,-23.01056671142578,38.3524169921875
-3.9747085571289062,-23.103050231933594,38.52546691894531
-4.03009033203125,-23.070281982421875,38.519775390625
-3.9423599243164062,-23.091400146484375,38.5665283203125
-3.9256439208984375,-23.099952697753906,38.53593444824219
-3.9335250854492188,-22.928932189941406,38.308135986328125
-3.9863510131835938,-22.895912170410156,38.30262756347656
-4.037117004394531,-23.006858825683594,38.29313659667969
-4.062904357910156,-22.9080810546875,38.42289733886719
-4.0813140869140625,-22.932167053222656,38.255035400390625
-3.903839111328125,-22.877914428710938,38.24028015136719
-4.000587463378906,-22.86566162109375,38.27424621582031
-3.9877853393554688,-22.81696319580078,38.25071716308594
-3.943634033203125,-22.843116760253906,38.345977783203125
-3.9849624633789062,-22.849349975585938,38.41499328613281
-4.060844421386719,-22.781097412109375,38.40486145019531
-4.031181335449219,-22.74585723876953,38.513671875
-4.085113525390625,-22.794509887695312,38.544952392578125
-3.928253173828125,-22.83513641357422,38.60890197753906
-3.9373321533203125,-22.783615112304688,38.52362060546875
-3.7761764526367188,-22.819610595703125,38.40669250488281
-3.8507080078125,-22.84044647216797,38.26127624511719
-3.8406295776367188,-22.888877868652344,38.46588134765625
-3.8341217041015625,-22.99596405029297,38.55537414550781
-3.9536819458007812,-23.030242919921875,38.721588134765625
-3.9889907836914062,-23.003189086914062,38.73310852050781
-4.0676116943359375,-23.081153869628906,38.76676940917969
-4.08349609375,-22.988441467285156,38.65959167480469
-4.0643463134765625,-22.940322875976562,38.628082275390625
-4.109397888183594,-23.037918090820312,38.54298400878906
-4.070304870605469,-23.113372802734375,38.433807373046875
-3.9730377197265625,-23.208656311035156,38.52449035644531
-3.9934844970703125,-23.130813598632812,38.58833312988281
-4.018699645996094,-23.04045867919922,38.56346130371094
-4.0270538330078125,-23.092330932617188,38.52418518066406
-3.817230224609375,-23.121231079101562,38.566558837890625
-3.7250213623046875,-23.127662658691406,38.32124328613281
-3.7745590209960938,-23.131690979003906,38.32536315917969
-3.6017303466796875,-23.284286499023438,38.332427978515625
-3.5867767333984375,-23.34197998046875,38.28657531738281
-3.49053955078125,-23.36248779296875,38.37846374511719
-3.347015380859375,-23.136093139648438,38.2540283203125
-3.2144699096679688,-23.10533905029297,38.1923828125
-3.1566619873046875,-23.16767120361328,38.12245178222656
-3.18194580078125,-23.284461975097656,38.07267761230469
-3.2056961059570312,-23.44355010986328,38.12651062011719
-3.13739013671875,-23.442047119140625,38.20188903808594
-3.1221847534179688,-23.316017150878906,38.256500244140625
-3.1398849487304688,-23.33753204345703,38.2576904296875
-3.0750274658203125,-23.27918243408203,38.2266845703125
-2.9881439208984375,-23.341949462890625,38.23445129394531
-3.035125732421875,-23.340576171875,38.30828857421875
-3.0216903686523438,-23.404808044433594,38.30366516113281
-2.9937286376953125,-23.40178680419922,38.15087890625
-2.9956741333007812,-23.44286346435547,38.16792297363281
-2.8502120971679688,-23.338645935058594,38.15521240234375
-2.8953323364257812,-23.44860076904297,38.14955139160156
-2.8176193237304688,-23.469406127929688,37.977813720703125
-2.7312774658203125,-23.501693725585938,38.06640625
-2.8263092041015625,-23.502639770507812,38.24273681640625
-2.8500289916992188,-23.428611755371094,38.47503662109375
-2.9469985961914062,-23.552696228027344,38.57182312011719
-2.9443206787109375,-23.543594360351562,38.50456237792969
-2.9544754028320312,-23.541549682617188,38.32899475097656
-2.840179443359375,-23.577369689941406,38.285400390625
-2.9464569091796875,-23.5086669921875,38.36578369140625
-2.9546890258789062,-23.34699249267578,38.49249267578125
-2.918670654296875,-23.374961853027344,38.45013427734375
-2.900726318359375,-23.368621826171875,38.349639892578125
-3.0033721923828125,-23.350433349609375,38.216156005859375
-2.8934478759765625,-23.370742797851562,38.10585021972656
-2.7464752197265625,-23.456687927246094,38.26527404785156
-2.8313674926757812,-23.427833557128906,38.307403564453125
-2.97186279296875,-23.332305908203125,38.50871276855469
-2.994293212890625,-23.30316925048828,38.62013244628906
-2.9514617919921875,-23.326507568359375,38.641632080078125
-2.921539306640625,-23.469139099121094,38.561737060546875
-2.7360076904296875,-23.54143524169922,38.56610107421875
-2.808929443359375,-23.427528381347656,38.61183166503906
-2.8738327026367188,-23.449493408203125,38.58746337890625
-2.840667724609375,-23.340003967285156,38.618560791015625
-2.807373046875,-23.29051971435547,38.584259033203125
-2.8329391479492188,-23.363693237304688,38.54139709472656
-2.8559112548828125,-23.457801818847656,38.53114318847656
-2.984588623046875,-23.42853546142578,38.62379455566406
-3.0783767700195312,-23.445159912109375,38.58909606933594
-3.039215087890625,-23.459007263183594,38.51960754394531
-2.8779678344726562,-23.37688446044922,38.59449768066406
-2.978118896484375,-23.35369873046875,38.62193298339844
-3.0548934936523438,-23.45691680908203,38.44798278808594
-3.0269546508789062,-23.355331420898438,38.31013488769531
-2.9431686401367188,-23.363990783691406,38.425201416015625
-2.9110260009765625,-23.31037139892578,38.45440673828125
-2.8646316528320312,-23.296127319335938,38.52239990234375
-2.9061050415039062,-23.21411895751953,38.525787353515625
-2.9150619506835938,-23.06047821044922,38.539154052734375
-2.9870071411132812,-23.164794921875,38.589141845703125
-3.0152664184570312,-23.131759643554688,38.47578430175781
-2.9707260131835938,-23.283584594726562,38.488800048828125
-2.8953781127929688,-23.40350341796875,38.42353820800781
-2.9642410278320312,-23.431739807128906,38.459686279296875
-2.8402328491210938,-23.387847900390625,38.36930847167969
-2.9169235229492188,-23.398231506347656,38.27186584472656
-3.0102081298828125,-23.434585571289062,38.25946044921875
-3.1368026733398438,-23.546356201171875,38.35540771484375
-3.0435104370117188,-23.430824279785156,38.49005126953125
-2.8879928588867188,-23.47022247314453,38.58219909667969
-2.8355941772460938,-23.490829467773438,38.5487060546875
-2.9082870483398438,-23.431289672851562,38.540863037109375
-2.9886550903320312,-23.50579833984375,38.4686279296875
-3.0064849853515625,-23.51702880859375,38.34718322753906
-2.950653076171875,-23.5172119140625,38.27960205078125
-2.9457626342773438,-23.500267028808594,38.26106262207031
-3.0291213989257812,-23.348167419433594,38.28948974609375
-3.0699615478515625,-23.434371948242188,38.24525451660156
-3.1101760864257812,-23.445449829101562,38.26206970214844
-3.2034225463867188,-23.414566040039062,38.39666748046875
-3.2193527221679688,-23.414520263671875,38.45149230957031
-3.1687698364257812,-23.323104858398438,38.47779846191406
-3.1794815063476562,-23.321517944335938,38.574920654296875
-3.1929702758789062,-23.30219268798828,38.56233215332031
-3.1416015625,-23.2747802734375,38.59759521484375
-3.1537399291992188,-23.232704162597656,38.51759338378906
-3.074462890625,-23.195701599121094,38.49882507324219
-3.0700225830078125,-23.160232543945312,38.453704833984375
-3.1538925170898438,-23.11443328857422,38.414794921875
-3.1776809692382812,-23.11858367919922,38.49076843261719
-3.110595703125,-23.217697143554688,38.5694580078125
-2.9305267333984375,-23.206985473632812,38.484100341796875
-3.0388336181640625,-23.205551147460938,38.377471923828125
-3.0635833740234375,-23.22259521484375,38.334869384765625
-2.9755477905273438,-23.205955505371094,38.384185791015625
-3.0234832763671875,-23.166954040527344,38.49009704589844
-3.041168212890625,-23.140274047851562,38.287994384765625
-3.0115280151367188,-23.413482666015625,38.3101806640625
-2.9182205200195312,-23.398162841796875,38.25848388671875
-2.9980010986328125,-23.293777465820312,38.25285339355469
-2.9653549194335938,-23.29718780517578,38.27558898925781
-2.9996566772460938,-23.4281005859375,38.43382263183594
-2.901580810546875,-23.50042724609375,38.58653259277344
-3.012115478515625,-23.326072692871094,38.480621337890625
-2.9421234130859375,-23.28173065185547,38.44773864746094
-2.8524627685546875,-23.33179473876953,38.334503173828125
-2.943084716796875,-23.28765106201172,38.325927734375
-2.9747085571289062,-23.352699279785156,38.3182373046875
-2.84368896484375,-23.302734375,38.359954833984375
-2.9516143798828125,-23.25395965576172,38.45732116699219
-2.85791015625,-23.24353790283203,38.41021728515625
-2.9530792236328125,-23.23839569091797,38.42851257324219
-3.053070068359375,-23.185897827148438,38.46734619140625
-3.0966796875,-23.16094970703125,38.33349609375
-3.1523513793945312,-23.046043395996094,38.319244384765625
-3.209808349609375,-23.060867309570312,38.41937255859375
-3.1833038330078125,-23.063949584960938,38.392242431640625
-3.211578369140625,-23.15558624267578,38.45208740234375
-3.1714324951171875,-23.18470001220703,38.53131103515625
-3.1284561157226562,-23.328826904296875,38.4381103515625
-3.1685791015625,-23.45258331298828,38.427398681640625
-3.215911865234375,-23.41320037841797,38.51322937011719
-3.3171157836914062,-23.26580047607422,38.556549072265625
-3.2920913696289062,-23.30072021484375,38.61767578125
-3.2934417724609375,-23.241378784179688,38.529632568359375
-3.1931381225585938,-23.165390014648438,38.546478271484375
-3.225616455078125,-23.220947265625,38.53422546386719
-3.2260284423828125,-23.15351104736328,38.36308288574219
-3.21478271484375,-23.124488830566406,38.14973449707031
-3.2134170532226562,-23.17810821533203,38.1922607421875
-3.0186233520507812,-23.219505310058594,38.39060974121094
-3.014739990234375,-23.318580627441406,38.42832946777344
-3.1264190673828125,-23.28221893310547,38.30952453613281
-3.2605667114257812,-23.33887481689453,38.28819274902344
-3.2991409301757812,-23.27587127685547,38.26628112792969
-3.2052154541015625,-23.271820068359375,38.25932312011719
-3.1538009643554688,-23.304527282714844,38.23614501953125
-3.2123489379882812,-23.183380126953125,38.230072021484375
-3.3070602416992188,-23.288375854492188,38.224609375
-3.3115768432617188,-23.251258850097656,38.19047546386719
-3.143890380859375,-23.18982696533203,38.13426208496094
-3.0217819213867188,-23.312225341796875,38.16444396972656
-3.0944137573242188,-23.306915283203125,38.173828125
-3.1844863891601562,-23.453109741210938,38.17530822753906
-3.2910308837890625,-23.33654022216797,38.269256591796875
-3.34844970703125,-23.352027893066406,38.31388854980469
-3.3328323364257812,-23.40264892578125,38.177642822265625
-3.2792205810546875,-23.502403259277344,38.11418151855469
-3.1476516723632812,-23.520858764648438,38.20481872558594
-3.2717971801757812,-23.51134490966797,38.417236328125
-3.246368408203125,-23.45599365234375,38.5859375
-3.3144378662109375,-23.43036651611328,38.54383850097656
-3.2309188842773438,-23.462921142578125,38.534576416015625
-3.088775634765625,-23.436141967773438,38.61181640625
-3.0920486450195312,-23.50133514404297,38.569244384765625
-3.1036148071289062,-23.45410919189453,38.575592041015625
-3.1705245971679688,-23.414764404296875,38.32952880859375
-3.2041168212890625,-23.444602966308594,38.31280517578125
-3.08892822265625,-23.40081024169922,38.32145690917969
-3.1240921020507812,-23.477760314941406,38.31523132324219
-3.1425857543945312,-23.468971252441406,38.28840637207031
-3.128997802734375,-23.427490234375,38.180572509765625
-3.1786956787109375,-23.513153076171875,38.294891357421875
-3.1164398193359375,-23.54778289794922,38.32432556152344
-2.98345947265625,-23.480018615722656,38.21598815917969
-3.0272750854492188,-23.39654541015625,38.23606872558594
-2.959197998046875,-23.394737243652344,38.23905944824219
-3.0106964111328125,-23.3544921875,38.23847961425781
-2.9038925170898438,-23.31066131591797,38.117584228515625
-2.9845428466796875,-23.31310272216797,38.15095520019531
-2.8911209106445312,-23.34417724609375,38.28880310058594
-2.7269744873046875,-23.207298278808594,38.32810974121094
-2.8147964477539062,-23.319198608398438,38.338897705078125
-2.8024673461914062,-23.316848754882812,38.338348388671875
-2.8741989135742188,-23.293075561523438,38.36091613769531
-2.86419677734375,-23.297325134277344,38.30513000488281
-2.9563140869140625,-23.396224975585938,38.28919982910156
-2.9760589599609375,-23.297714233398438,38.32293701171875
-3.0400848388671875,-23.321449279785156,38.331390380859375
-3.137847900390625,-23.354248046875,38.26756286621094
-3.0997314453125,-23.269393920898438,38.14361572265625
-3.189788818359375,-23.171142578125,38.20762634277344
-3.0158462524414062,-23.104690551757812,38.08808898925781
-2.9905014038085938,-23.114662170410156,38.10125732421875
-3.0442276000976562,-23.190345764160156,38.14900207519531
-2.9725570678710938,-23.318817138671875,38.09144592285156
-3.0075836181640625,-23.265541076660156,38.081634521484375
-3.0413436889648438,-23.162155151367188,38.14228820800781
-2.8968887329101562,-23.275253295898438,38.12493896484375
-2.8383865356445312,-23.263023376464844,38.20710754394531
-2.9400405883789062,-23.310256958007812,38.243011474609375
-2.9677047729492188,-23.384979248046875,38.17820739746094
-3.0997695922851562,-23.198768615722656,38.09477233886719
-3.1624298095703125,-23.11944580078125,37.855743408203125
-3.0808181762695312,-23.148353576660156,37.81379699707031
-3.0680313110351562,-23.168067932128906,37.90080261230469
-3.0340118408203125,-23.182510375976562,38.06770324707031
-3.0186614990234375,-23.132225036621094,38.191802978515625
-2.9692764282226562,-23.07848358154297,38.375732421875
-2.9465408325195312,-23.100303649902344,38.25181579589844
-2.9592437744140625,-23.10295867919922,38.229217529296875
-2.9118881225585938,-23.197174072265625,38.339508056640625
-2.821990966796875,-23.13750457763672,38.33277893066406
-2.8585128784179688,-23.211769104003906,38.33317565917969
-2.953582763671875,-23.144615173339844,38.273712158203125
-2.9775466918945312,-23.12981414794922,38.17546081542969
-3.1197662353515625,-23.193740844726562,38.20454406738281
-3.0178985595703125,-23.217147827148438,38.17308044433594
-3.0154647827148438,-23.228103637695312,38.15119934082031
-3.0191268920898438,-23.32866668701172,38.08013916015625
-3.0584487915039062,-23.271705627441406,38.12339782714844
-3.115020751953125,-23.18829345703125,38.250335693359375
-3.189544677734375,-23.280105590820312,38.23558044433594
-3.176116943359375,-23.458084106445312,38.224365234375
-3.1935272216796875,-23.485092163085938,38.30564880371094
-3.1234664916992188,-23.40984344482422,38.25645446777344
-3.1207656860351562,-23.380447387695312,38.136505126953125
-3.1049575805664062,-23.368026733398438,38.094451904296875
-3.0882186889648438,-23.317832946777344,38.06529235839844
-3.130645751953125,-23.2498779296875,38.25550842285156
-3.1230239868164062,-23.08568572998047,38.28436279296875
-3.06475830078125,-23.13324737548828,38.184295654296875
-3.0093154907226562,-23.29497528076172,38.2215576171875
-3.079376220703125,-23.30091094970703,38.25096130371094
-2.9979324340820312,-23.25146484375,38.03025817871094
-3.0575637817382812,-23.18579864501953,38.140533447265625
-3.1571121215820312,-23.202491760253906,38.17071533203125
-3.17840576171875,-23.205764770507812,38.23847961425781
-3.202728271484375,-23.16302490234375,38.23829650878906
-3.1455307006835938,-23.133567810058594,38.4383544921875
-3.143585205078125,-23.119857788085938,38.36236572265625
-3.0560150146484375,-23.252296447753906,38.284515380859375
-3.0696029663085938,-23.272239685058594,38.26396179199219
-2.96697998046875,-23.328704833984375,38.31593322753906
-2.9171295166015625,-23.331321716308594,38.24774169921875
-2.8341751098632812,-23.32086181640625,38.25453186035156
-2.7322616577148438,-23.35021209716797,38.23065185546875
-2.8714675903320312,-23.255523681640625,38.31047058105469
-3.0781478881835938,-23.217193603515625,38.43096923828125
-3.0483551025390625,-23.18341064453125,38.45103454589844
-2.9776077270507812,-23.110214233398438,38.280914306640625
-3.06689453125,-23.152793884277344,38.23095703125
-3.0835418701171875,-23.228729248046875,38.2333984375
-3.0202102661132812,-23.33795166015625,38.42376708984375
-3.1276702880859375,-23.284744262695312,38.44053649902344
-3.1714553833007812,-23.414093017578125,38.482147216796875
-3.1903152465820312,-23.356048583984375,38.510162353515625
-3.1638717651367188,-23.46063232421875,38.45072937011719
-3.2802963256835938,-23.498023986816406,38.33837890625
-3.2818603515625,-23.3275146484375,38.23216247558594
-3.3277816772460938,-23.333023071289062,38.119903564453125
-3.3591461181640625,-23.30298614501953,38.25083923339844
-3.2226333618164062,-23.265029907226562,38.242156982421875
-3.2293548583984375,-23.24053955078125,38.227264404296875
-3.2261810302734375,-23.206985473632812,38.24786376953125
-3.1269302368164062,-23.213455200195312,38.39500427246094
-3.1065444946289062,-23.151519775390625,38.47926330566406
-3.1503143310546875,-23.16339874267578,38.592193603515625
-3.1162261962890625,-23.31739044189453,38.5269775390625
-3.1749725341796875,-23.300315856933594,38.30625915527344
-3.1222076416015625,-23.22924041748047,38.28132629394531
-3.1511993408203125,-23.262657165527344,38.44270324707031
-3.024932861328125,-23.417465209960938,38.46690368652344
-3.0094451904296875,-23.395736694335938,38.36396789550781
-2.968017578125,-23.462081909179688,38.29277038574219
-2.9590682983398438,-23.36767578125,38.37037658691406
-2.9479141235351562,-23.393898010253906,38.273712158203125
-2.9444503784179688,-23.437461853027344,38.41783142089844
-2.9947967529296875,-23.471450805664062,38.3839111328125
-3.103057861328125,-23.60979461669922,38.455474853515625
-3.1190643310546875,-23.576011657714844,38.44020080566406
-3.1653518676757812,-23.533843994140625,38.448150634765625
-3.199188232421875,-23.455955505371094,38.36505126953125
-3.172332763671875,-23.472915649414062,38.32164001464844
-3.1572723388671875,-23.447959899902344,38.41950988769531
-3.0964279174804688,-23.568458557128906,38.372528076171875
-3.0128402709960938,-23.584922790527344,38.4442138671875
-2.8711318969726562,-23.44255828857422,38.60687255859375
-2.9857864379882812,-23.416717529296875,38.64247131347656
-3.0448226928710938,-23.477340698242188,38.60542297363281
-3.0747604370117188,-23.533790588378906,38.5589599609375
-3.100372314453125,-23.44384002685547,38.633941650390625
-3.154022216796875,-23.492111206054688,38.52824401855469
-3.1513442993164062,-23.496200561523438,38.29789733886719
-3.1737823486328125,-23.38097381591797,38.30552673339844
-3.0391769409179688,-23.348709106445312,38.36528015136719
-3.1773910522460938,-23.382347106933594,38.48945617675781
-3.3076553344726562,-23.388710021972656,38.67414855957031
-3.3473968505859375,-23.5587158203125,38.61534118652344
-3.1837692260742188,-23.56438446044922,38.641754150390625
-3.1243362426757812,-23.577438354492188,38.600738525390625
-3.1257095336914062,-23.44568634033203,38.60188293457031
-3.0679473876953125,-23.49993133544922,38.70538330078125
-2.9972000122070312,-23.471328735351562,38.61515808105469
-3.0854415893554688,-23.46166229248047,38.62353515625
-3.0355911254882812,-23.445114135742188,38.65003967285156
-2.984130859375,-23.45549774169922,38.65104675292969
-3.0376205444335938,-23.51103973388672,38.52947998046875
-3.0627365112304688,-23.48638916015625,38.41563415527344
-3.0006637573242188,-23.392372131347656,38.45439147949219
-3.0138473510742188,-23.355880737304688,38.58760070800781
-3.05780029296875,-23.33068084716797,38.5634765625
-2.9912109375,-23.28211212158203,38.56962585449219
-3.0346908569335938,-23.355499267578125,38.60978698730469
-2.9486007690429688,-23.28253173828125,38.56489562988281
-2.8595657348632812,-23.33649444580078,38.52296447753906
-2.8279266357421875,-23.333755493164062,38.571807861328125
-2.8801345825195312,-23.288177490234375,38.58763122558594
-2.8757553100585938,-23.30475616455078,38.64154052734375
-2.9644088745117188,-23.173973083496094,38.554534912109375
-2.9530105590820312,-23.136817932128906,38.51470947265625
-3.1302261352539062,-23.19292449951172,38.38531494140625
-3.3037948608398438,-23.233108520507812,38.34428405761719
-3.2648162841796875,-23.38050079345703,38.422119140625
-3.2661056518554688,-23.427101135253906,38.58494567871094
-3.2198715209960938,-23.30126953125,38.4569091796875
-3.1648712158203125,-23.24707794189453,38.47711181640625
-3.2056503295898438,-23.20240020751953,38.52964782714844
-3.2056503295898438,-23.20240020751953,38.52964782714844
-3.17535400390625,-23.21190643310547,38.431610107421875
-3.1643295288085938,-23.20807647705078,38.345062255859375
-3.1916580200195312,-23.235366821289062,38.2882080078125
-3.1245880126953125,-23.24163818359375,38.312957763671875
-3.061370849609375,-23.154273986816406,38.26982116699219
-2.9884490966796875,-23.359115600585938,38.23091125488281
-2.9833221435546875,-23.47052764892578,38.190185546875
-2.986663818359375,-23.46485137939453,38.29710388183594
-3.0187530517578125,-23.38794708251953,38.24678039550781
-2.9726409912109375,-23.28173828125,38.225555419921875
-2.75762939453125,-23.234130859375,38.29295349121094
-2.8435897827148438,-23.15582275390625,38.35453796386719
-2.8641510009765625,-23.242630004882812,38.317962646484375
-2.90435791015625,-23.343360900878906,38.30122375488281
-2.9728775024414062,-23.248817443847656,38.31658935546875
-2.8602523803710938,-23.206619262695312,38.33866882324219
-2.8683547973632812,-23.317977905273438,38.309295654296875
-2.9137954711914062,-23.298683166503906,38.44175720214844
-2.8292007446289062,-23.271652221679688,38.4033203125
-2.943572998046875,-23.327064514160156,38.41282653808594
-3.0136184692382812,-23.43366241455078,38.494384765625
-3.0485916137695312,-23.207191467285156,38.316131591796875
-3.0271453857421875,-23.210426330566406,38.34541320800781
-3.1046066284179688,-23.24493408203125,38.56785583496094
-3.173675537109375,-23.157752990722656,38.461151123046875
-3.1756210327148438,-23.139488220214844,38.471038818359375
-3.1135940551757812,-23.222381591796875,38.427947998046875
-2.905609130859375,-23.193252563476562,38.40855407714844
-2.887420654296875,-23.069351196289062,38.41957092285156
-3.0816497802734375,-23.126449584960938,38.46424865722656
-3.1163711547851562,-23.281509399414062,38.44325256347656
-3.1783676147460938,-23.198760986328125,38.38059997558594
-3.2149734497070312,-23.16991424560547,38.36286926269531
-3.2052993774414062,-23.20293426513672,38.5576171875
-3.1457061767578125,-23.31346893310547,38.53240966796875
-3.1250762939453125,-23.36351776123047,38.58091735839844
-3.1566543579101562,-23.313514709472656,38.62232971191406
-3.160247802734375,-23.266159057617188,38.58702087402344
-3.1207962036132812,-23.16362762451172,38.539703369140625
-3.1893463134765625,-23.136924743652344,38.62098693847656
-3.16729736328125,-23.1634521484375,38.67108154296875
-3.1813888549804688,-23.269264221191406,38.728057861328125
-3.1786422729492188,-23.27490997314453,38.59428405761719
-3.1800308227539062,-23.264541625976562,38.38343811035156
-3.0478897094726562,-23.32935333251953,38.268707275390625
-3.1695404052734375,-23.36717987060547,38.2900390625
-3.26568603515625,-23.288192749023438,38.307373046875
-3.3311614990234375,-23.207801818847656,38.4246826171875
-3.2042922973632812,-23.176605224609375,38.57969665527344
-3.1570205688476562,-23.208450317382812,38.596160888671875
-3.1169891357421875,-23.100128173828125,38.43756103515625
-3.2340087890625,-23.01746368408203,38.4649658203125
-3.2912979125976562,-23.042022705078125,38.40867614746094
-3.211212158203125,-23.00823974609375,38.38706970214844
-3.1490859985351562,-23.178741455078125,38.4013671875
-3.2700653076171875,-23.14434814453125,38.45884704589844
-3.2474822998046875,-23.08172607421875,38.47950744628906
-3.1712646484375,-23.18152618408203,38.33198547363281
-3.1556777954101562,-23.16376495361328,38.25065612792969
-2.9469146728515625,-23.199501037597656,38.37632751464844
-2.8966903686523438,-23.247726440429688,38.3843994140625
-2.7508468627929688,-23.433029174804688,38.39894104003906
-2.85247802734375,-23.312957763671875,38.326812744140625
-2.8287887573242188,-23.33263397216797,38.18275451660156
-2.89154052734375,-23.221145629882812,38.17366027832031
-2.8543243408203125,-23.224273681640625,38.15681457519531
-3.0162200927734375,-23.15186309814453,38.25135803222656
-2.9914932250976562,-23.226211547851562,38.24153137207031
-2.909881591796875,-23.101730346679688,38.25431823730469
-2.9308853149414062,-23.02770233154297,38.418426513671875
-2.8638534545898438,-23.159400939941406,38.472930908203125
-2.9461898803710938,-23.230987548828125,38.57916259765625
-3.0552215576171875,-23.16253662109375,38.5875244140625
-3.2196044921875,-23.182464599609375,38.571319580078125
-3.1924362182617188,-23.24005126953125,38.452117919921875
-3.1371078491210938,-23.192222595214844,38.39591979980469
-3.1771240234375,-23.151329040527344,38.538604736328125
-3.20098876953125,-23.156173706054688,38.69633483886719
-3.1250457763671875,-23.137847900390625,38.63246154785156
-3.1265487670898438,-23.083282470703125,38.59858703613281
-3.162109375,-23.107498168945312,38.49359130859375
-3.1578598022460938,-23.19189453125,38.4075927734375
-3.2255630493164062,-23.18103790283203,38.43281555175781
-3.2148513793945312,-23.22747802734375,38.56764221191406
-3.2916717529296875,-23.233116149902344,38.58476257324219
-3.2484207153320312,-23.350601196289062,38.42796325683594
-3.241790771484375,-23.29084014892578,38.38079833984375
-3.324798583984375,-23.262908935546875,38.287841796875
-3.2454071044921875,-23.344093322753906,38.472991943359375
-3.2495346069335938,-23.305709838867188,38.39373779296875
-3.2436904907226562,-23.2591552734375,38.378875732421875
-3.1793441772460938,-23.18877410888672,38.622833251953125
-3.2158126831054688,-23.176475524902344,38.750823974609375
-3.0771560668945312,-23.21881866455078,38.7015380859375
-3.0946807861328125,-23.2197265625,38.76130676269531
-3.2260208129882812,-23.223922729492188,38.77037048339844
-3.4209976196289062,-23.121543884277344,38.58222961425781
-3.54400634765625,-23.060989379882812,38.55592346191406
-3.630340576171875,-23.06427764892578,38.72221374511719
-3.6963958740234375,-23.206100463867188,38.75434875488281
-3.7198638916015625,-23.21753692626953,38.642669677734375
-3.9317245483398438,-23.15119171142578,38.546722412109375
-3.950897216796875,-23.178123474121094,38.545440673828125
-4.0106658935546875,-23.30523681640625,38.603973388671875
-4.1069793701171875,-23.258872985839844,38.43193054199219
-4.2940673828125,-23.220176696777344,38.451202392578125
-4.462181091308594,-23.165184020996094,38.298736572265625
-4.582313537597656,-23.223663330078125,38.126312255859375
-4.849006652832031,-23.234390258789062,38.16429138183594
-5.043815612792969,-23.121200561523438,38.227630615234375
-5.2944488525390625,-22.94158172607422,38.27293395996094
-5.480445861816406,-22.745834350585938,38.266265869140625
-5.604217529296875,-22.575477600097656,38.180938720703125
-5.8876190185546875,-22.552566528320312,38.29925537109375
-6.168190002441406,-22.48725128173828,38.19709777832031
-6.329872131347656,-22.219985961914062,38.2347412109375
-6.659233093261719,-22.129837036132812,38.228424072265625
-6.8932037353515625,-21.953231811523438,38.28955078125
-7.0627593994140625,-21.856544494628906,38.450775146484375
-7.2021331787109375,-21.6793212890625,38.364227294921875
-7.244476318359375,-21.58861541748047,38.2235107421875
-7.426017761230469,-21.51972198486328,38.2137451171875
-7.574043273925781,-21.557029724121094,38.029632568359375
-7.642303466796875,-21.718772888183594,37.94447326660156
-7.8043212890625,-21.621261596679688,38.00773620605469
-7.802825927734375,-21.682083129882812,38.053253173828125
-7.935600280761719,-21.751991271972656,38.04383850097656
-7.9928131103515625,-21.772743225097656,37.901092529296875
-8.039588928222656,-21.790283203125,37.881378173828125
-7.9666748046875,-21.875686645507812,37.83912658691406
-7.799385070800781,-21.75682830810547,37.95716857910156
-7.667572021484375,-21.90185546875,37.87861633300781
-7.4441986083984375,-22.03948974609375,37.84001159667969
-7.2879486083984375,-21.977630615234375,38.11940002441406
-6.9647064208984375,-21.70325469970703,38.3463134765625
-6.6422882080078125,-21.603469848632812,38.59503173828125
-6.5293731689453125,-21.570083618164062,38.589935302734375
-6.3900299072265625,-21.76764678955078,38.63584899902344
-6.3090362548828125,-22.114547729492188,38.29936218261719
-6.0342559814453125,-22.574386596679688,38.09075927734375
-5.6793670654296875,-23.169456481933594,37.913604736328125
-5.161109924316406,-23.93115997314453,37.534759521484375
-4.714302062988281,-24.787696838378906,36.97264099121094
-4.174171447753906,-25.673553466796875,36.49360656738281
-3.5297927856445312,-26.479331970214844,35.95245361328125
-2.7916030883789062,-27.385196685791016,35.39463806152344
-2.0115509033203125,-28.151962280273438,34.81239318847656
-1.4429397583007812,-28.94692611694336,34.06401062011719
-0.9445724487304688,-29.763362884521484,33.34112548828125
-0.5394439697265625,-30.629348754882812,32.556396484375
-0.18970489501953125,-31.286148071289062,31.99993896484375
-0.039398193359375,-31.934104919433594,31.561111450195312
0.23436737060546875,-32.45084762573242,30.9451904296875
0.520751953125,-33.06761932373047,30.409530639648438
0.6243362426757812,-33.60775375366211,29.7344970703125
0.7553482055664062,-34.15946578979492,29.015060424804688
0.6479721069335938,-34.81778335571289,28.3896484375
0.35335540771484375,-35.424560546875,27.548095703125
0.10753631591796875,-36.075279235839844,26.7025146484375
-0.19445037841796875,-36.72305679321289,25.575851440429688
-0.40106201171875,-37.48403549194336,24.3818359375
-0.6644287109375,-38.172176361083984,23.183151245117188
-0.877288818359375,-38.75483703613281,22.035873413085938
-1.121612548828125,-39.34606170654297,20.97039794921875
-1.3190689086914062,-40.06088638305664,19.753814697265625
-1.6435089111328125,-40.82768249511719,18.483688354492188
-1.731292724609375,-41.34894943237305,17.454421997070312
-1.751556396484375,-41.81892395019531,16.228302001953125
-1.736297607421875,-42.208290100097656,15.009750366210938
-1.672393798828125,-42.56435775756836,13.855606079101562
-1.7478790283203125,-42.81928634643555,13.026947021484375
-1.850860595703125,-43.00482177734375,12.420394897460938
-1.9370346069335938,-43.17344665527344,11.868759155273438
-2.227996826171875,-43.33525085449219,11.471588134765625
-2.4466629028320312,-43.45311737060547,11.054946899414062
-2.6513900756835938,-43.393070220947266,10.921554565429688
-2.9542617797851562,-43.412776947021484,10.92132568359375
-3.0753936767578125,-43.309017181396484,10.86444091796875
-3.0516204833984375,-43.35441589355469,10.94696044921875
-3.0146408081054688,-43.37036895751953,11.082260131835938
-3.1430587768554688,-43.386810302734375,11.360092163085938
-3.17193603515625,-43.366207122802734,11.703353881835938
-3.123443603515625,-43.2328987121582,12.073135375976562
-2.987091064453125,-43.12749481201172,12.574539184570312
-2.6892166137695312,-43.08932113647461,13.054367065429688
-2.512298583984375,-42.999088287353516,13.360641479492188
-2.2563323974609375,-42.81671905517578,13.752212524414062
-2.0403594970703125,-42.683204650878906,14.139572143554688
-1.7965545654296875,-42.47523498535156,14.839370727539062
-1.6684112548828125,-42.1992301940918,15.556854248046875
-1.5609207153320312,-41.988407135009766,16.169723510742188
-1.4751815795898438,-41.7035026550293,16.865524291992188
-1.305084228515625,-41.40079879760742,17.476943969726562
-0.9318466186523438,-41.08057403564453,18.198333740234375
-0.6580657958984375,-40.88192367553711,18.82391357421875
-0.2689666748046875,-40.7213249206543,19.263351440429688
0.21024322509765625,-40.53828430175781,19.687301635742188
0.536712646484375,-40.45348358154297,19.877548217773438
0.8869705200195312,-40.188594818115234,20.172317504882812
1.1009979248046875,-40.00587844848633,20.482162475585938
1.1921920776367188,-39.90612030029297,20.670135498046875
1.3072509765625,-39.88050079345703,20.684661865234375
1.5203628540039062,-39.88608932495117,20.604446411132812
1.5507125854492188,-39.75476837158203,20.602615356445312
1.5335693359375,-39.69416427612305,20.751113891601562
1.6612777709960938,-39.845619201660156,20.7384033203125
1.7934188842773438,-40.020198822021484,20.647018432617188
1.8120346069335938,-40.156036376953125,20.374069213867188
1.9444732666015625,-40.20326614379883,20.045684814453125
1.9438858032226562,-40.2949104309082,19.8404541015625
1.8935928344726562,-40.2542724609375,19.875732421875
1.8330154418945312,-40.37926483154297,19.811141967773438
1.8078842163085938,-40.478511810302734,19.693878173828125
1.7520294189453125,-40.36124038696289,19.523452758789062
1.7607192993164062,-40.30610656738281,19.505538940429688
1.7441024780273438,-40.3262939453125,19.525741577148438
1.7755279541015625,-40.22939682006836,19.4923095703125
1.9162979125976562,-40.20723342895508,19.646286010742188
1.9502716064453125,-40.24919891357422,19.656967163085938
1.6613693237304688,-40.257179260253906,19.816726684570312
1.6468429565429688,-40.26131820678711,19.82196044921875
1.6288681030273438,-40.39859390258789,19.982391357421875
1.7626495361328125,-40.41421890258789,19.712203979492188
1.736846923828125,-40.403621673583984,19.7193603515625
1.7841873168945312,-40.42531967163086,19.759124755859375
1.7689666748046875,-40.409915924072266,19.670547485351562
1.7884292602539062,-40.34672546386719,19.777130126953125
1.72137451171875,-40.29937744140625,19.913314819335938
1.7057647705078125,-40.25326156616211,20.063629150390625
1.6743392944335938,-40.184486389160156,20.229843139648438
1.8107528686523438,-40.129241943359375,20.511672973632812
2.0690841674804688,-40.006900787353516,20.724960327148438
2.3326797485351562,-39.9059944152832,20.869766235351562
2.38671875,-39.79291915893555,21.137847900390625
2.4276199340820312,-39.74708938598633,21.343826293945312
2.4797515869140625,-39.62480926513672,21.351715087890625
2.6364288330078125,-39.52763366699219,21.50311279296875
2.7988662719726562,-39.385108947753906,21.392013549804688
3.0904617309570312,-39.15718460083008,21.361343383789062
3.2031784057617188,-39.13254928588867,21.241546630859375
3.2430267333984375,-39.12498092651367,21.08392333984375
3.379730224609375,-39.086151123046875,21.163543701171875
3.4055328369140625,-38.99268341064453,21.306228637695312
3.569854736328125,-38.95539474487305,21.48223876953125
3.4287109375,-38.854209899902344,21.504425048828125
3.3274307250976562,-38.79944610595703,21.66363525390625
3.2764816284179688,-38.66127014160156,21.825958251953125
3.11279296875,-38.50965118408203,21.99151611328125
3.0031280517578125,-38.40803527832031,22.063720703125
2.84857177734375,-38.27751922607422,22.2177734375
2.95501708984375,-38.11650848388672,22.50732421875
2.874114990234375,-37.863487243652344,22.831024169921875
2.8980789184570312,-37.705020904541016,23.082305908203125
3.083404541015625,-37.37736892700195,23.40234375
3.1625900268554688,-37.11197280883789,23.665069580078125
3.2326889038085938,-37.00326156616211,24.032440185546875
3.244781494140625,-36.713462829589844,24.429107666015625
3.495269775390625,-36.607730865478516,24.824050903320312
3.5400161743164062,-36.3425178527832,25.2315673828125
3.4948501586914062,-36.23935317993164,25.869964599609375
3.589935302734375,-35.82643508911133,26.710479736328125
3.4834518432617188,-35.43168258666992,27.815765380859375
3.3995132446289062,-35.105892181396484,28.870071411132812
3.1487808227539062,-34.547176361083984,30.014297485351562
2.7307510375976562,-33.79071807861328,31.342147827148438
2.1882171630859375,-32.98152542114258,32.774993896484375
1.6237869262695312,-32.01588821411133,34.314666748046875
0.7856292724609375,-30.8692626953125,36.08329772949219
-0.2362518310546875,-29.592350006103516,37.8133544921875
-1.6646957397460938,-27.664382934570312,39.61125183105469
-3.2811660766601562,-25.527175903320312,41.26768493652344
-5.351280212402344,-22.945716857910156,42.80010986328125
-7.546470642089844,-19.974441528320312,43.808074951171875
-10.127395629882812,-16.352027893066406,44.18287658691406
-13.043678283691406,-12.228858947753906,43.78584289550781
-16.1212158203125,-7.805076599121094,42.08732604980469
-19.561256408691406,-3.3738174438476562,38.13954162597656
-23.13831329345703,0.5062026977539062,31.359786987304688
-26.621505737304688,3.532867431640625,21.572708129882812
-28.908843994140625,7.9297027587890625,11.09234619140625
-27.605499267578125,13.860618591308594,4.2287139892578125
-24.88365936279297,14.876060485839844,1.577728271484375
-23.57611083984375,12.648262023925781,0.58465576171875
-22.574874877929688,12.224784851074219,0.4188232421875
-22.101974487304688,12.63238525390625,0.5923919677734375
-22.100936889648438,12.739173889160156,0.6325836181640625
-21.871910095214844,12.643836975097656,0.702484130859375
-21.94806671142578,12.611503601074219,0.7130279541015625
-21.97827911376953,12.624755859375,0.65716552734375
-21.989845275878906,12.62860107421875,0.703643798828125
-21.732078552246094,12.648757934570312,0.75189208984375
-21.732345581054688,12.534225463867188,0.9508819580078125
-21.829498291015625,12.464042663574219,0.8547515869140625
-21.669471740722656,12.493682861328125,0.81396484375
-21.751670837402344,12.470199584960938,0.7886810302734375
-21.825950622558594,12.45269775390625,1.040069580078125
-21.959274291992188,12.44415283203125,1.1484222412109375
-21.978866577148438,12.518440246582031,1.1838531494140625
-21.976715087890625,12.500999450683594,1.1020660400390625
-22.133590698242188,12.610115051269531,1.2374114990234375
-22.126541137695312,12.657989501953125,1.272491455078125
-22.195281982421875,12.704788208007812,1.4622039794921875
-22.151573181152344,12.703712463378906,1.629486083984375
-22.245628356933594,12.880287170410156,1.8210906982421875
-22.24384307861328,12.910438537597656,1.887939453125
-22.06188201904297,12.881011962890625,1.766876220703125
-21.92101287841797,12.87493896484375,1.4867401123046875
-21.500411987304688,12.878166198730469,1.374603271484375
-21.185951232910156,12.68621826171875,1.095794677734375
-21.02442169189453,12.348220825195312,0.6828155517578125
-20.78331756591797,12.133544921875,0.0517425537109375
-20.657058715820312,11.886726379394531,-0.810394287109375
-20.33001708984375,11.625656127929688,-1.871307373046875
-20.172119140625,11.196380615234375,-3.244140625
-19.86913299560547,10.556503295898438,-4.63873291015625
-19.917526245117188,10.05401611328125,-5.949310302734375
-19.873023986816406,9.668807983398438,-7.4438629150390625
-19.840492248535156,9.167900085449219,-9.00836181640625
-19.902191162109375,8.869140625,-10.5430908203125
-19.73767852783203,8.452430725097656,-12.14056396484375
-19.867332458496094,8.042991638183594,-13.6878662109375
-20.11994171142578,7.839103698730469,-15.151870727539062
-20.401100158691406,7.677391052246094,-16.583969116210938
-20.74712371826172,7.366691589355469,-17.851455688476562
-21.033096313476562,7.231025695800781,-19.006088256835938
-21.194435119628906,7.221595764160156,-20.139877319335938
-21.673072814941406,7.179168701171875,-21.487899780273438
-22.104393005371094,7.1861724853515625,-22.909622192382812
-22.478370666503906,7.2265777587890625,-24.368057250976562
-22.762123107910156,7.353729248046875,-25.688247680664062
-23.124618530273438,7.4913330078125,-26.881301879882812
-23.199172973632812,7.599418640136719,-28.049758911132812
-23.049468994140625,7.790794372558594,-29.196365356445312
-22.70055389404297,7.989158630371094,-30.078536987304688
-22.09223175048828,8.1610107421875,-30.580368041992188
-21.549392700195312,8.317497253417969,-31.229202270507812
-20.93968963623047,8.557113647460938,-31.821640014648438
-20.490829467773438,8.910064697265625,-32.45137023925781
-20.0189208984375,9.147994995117188,-33.18873596191406
-19.873550415039062,9.45086669921875,-34.08763122558594
-19.94689178466797,9.739341735839844,-35.01631164550781
-20.23656463623047,9.964759826660156,-36.13673400878906
-20.512191772460938,10.304298400878906,-37.11335754394531
-21.004165649414062,10.666336059570312,-37.82572937011719
-21.477142333984375,10.812103271484375,-38.41041564941406
-22.176406860351562,10.913154602050781,-38.91947937011719
-22.62036895751953,10.972122192382812,-39.05320739746094
-22.864051818847656,11.045700073242188,-39.19108581542969
-23.08399200439453,11.139968872070312,-39.28511047363281
-23.44780731201172,11.171348571777344,-39.26606750488281
-23.810638427734375,11.153450012207031,-39.34626770019531
-24.059280395507812,11.041252136230469,-39.37153625488281
-24.313262939453125,10.991081237792969,-39.35200500488281
-24.28736114501953,11.114616394042969,-39.41142272949219
-24.504180908203125,11.226058959960938,-39.41859436035156
-24.697120666503906,11.26251220703125,-39.60554504394531
-24.821243286132812,11.140792846679688,-39.53025817871094
-25.012863159179688,11.102584838867188,-39.48582458496094
-24.9212646484375,11.003616333007812,-39.42283630371094
-25.016700744628906,11.011619567871094,-39.19618225097656
-25.173675537109375,10.849212646484375,-39.18516540527344
-25.341659545898438,10.848091125488281,-39.31022644042969
-25.51111602783203,10.845985412597656,-39.17640686035156
-25.569686889648438,10.88934326171875,-39.16719055175781
-25.725608825683594,10.857002258300781,-39.24745178222656
-25.80785369873047,10.876129150390625,-39.14323425292969
-26.051734924316406,10.8717041015625,-39.32136535644531
-26.002716064453125,10.785224914550781,-39.32917785644531
-26.005813598632812,10.715278625488281,-39.47541809082031
-25.982810974121094,10.769920349121094,-39.46723937988281
-25.740150451660156,10.809349060058594,-39.40965270996094
-25.740150451660156,10.809349060058594,-39.40965270996094
-25.737930297851562,10.871734619140625,-39.28327941894531
-25.808753967285156,10.809646606445312,-39.15190124511719
-25.74956512451172,10.788345336914062,-39.02299499511719
-25.691795349121094,10.702384948730469,-39.03126525878906
-25.708740234375,10.644302368164062,-38.90779113769531
-25.670143127441406,10.683914184570312,-38.91404724121094
-25.82726287841797,10.630287170410156,-38.83564758300781
-25.847427368164062,10.621650695800781,-38.72093200683594
-25.67871856689453,10.704872131347656,-38.60987854003906
-25.696067810058594,10.686447143554688,-38.40419006347656
-25.70655059814453,10.489166259765625,-38.25505065917969
-25.72906494140625,10.466972351074219,-38.24012756347656
-25.742904663085938,10.384063720703125,-38.06083679199219
-25.67278289794922,10.311882019042969,-38.00151062011719
-25.477935791015625,10.347007751464844,-37.98500061035156
-25.272987365722656,10.458168029785156,-38.09376525878906
-25.233566284179688,10.451522827148438,-38.20564270019531
-25.32701873779297,10.321975708007812,-38.14854431152344
-25.282760620117188,10.356735229492188,-38.14405822753906
-25.08617401123047,10.31689453125,-38.21299743652344
-24.8455810546875,10.235000610351562,-38.03739929199219
-24.54230499267578,10.182510375976562,-37.94239807128906
-23.97034454345703,10.231307983398438,-37.92506408691406
-23.36298370361328,10.163101196289062,-37.72944641113281
-22.55645751953125,10.049812316894531,-37.47096252441406
-21.597442626953125,10.046104431152344,-37.24559020996094
-20.318511962890625,9.998184204101562,-36.92579650878906
-19.30322265625,9.928642272949219,-36.36903381347656
-18.15283966064453,10.007171630859375,-35.56193542480469
-17.12584686279297,9.852912902832031,-34.60786437988281
-16.1448974609375,9.799957275390625,-33.49855041503906
-14.952301025390625,9.777236938476562,-32.15379333496094
-13.527030944824219,9.726364135742188,-30.523239135742188
-11.960548400878906,9.754280090332031,-28.438919067382812
-10.369361877441406,10.075187683105469,-26.178817749023438
-8.746330261230469,10.309913635253906,-23.512771606445312
-7.4017181396484375,10.736000061035156,-20.854812622070312
-6.235267639160156,11.367546081542969,-18.016616821289062
-5.470115661621094,12.139251708984375,-15.136123657226562
-5.093177795410156,12.856636047363281,-12.348190307617188
-4.994895935058594,13.672111511230469,-9.733062744140625
-5.099739074707031,14.482810974121094,-7.1645660400390625
-5.299018859863281,15.344444274902344,-4.83514404296875
-5.732246398925781,16.152847290039062,-2.544158935546875
-6.312141418457031,16.79444122314453,-0.569732666015625
-6.838829040527344,17.654449462890625,1.307952880859375
-7.309577941894531,18.527076721191406,3.1889190673828125
-7.945365905761719,19.368019104003906,4.83599853515625
-8.630859375,20.270736694335938,6.202911376953125
-9.384994506835938,21.155441284179688,7.6876678466796875
-10.243385314941406,22.039382934570312,8.956100463867188
-11.095939636230469,22.664535522460938,10.019515991210938
-12.163978576660156,23.288955688476562,11.010940551757812
-12.888992309570312,23.69738006591797,11.813873291015625
-13.556228637695312,24.065818786621094,12.40911865234375
-14.290458679199219,24.50739288330078,12.940353393554688
-14.869392395019531,24.854644775390625,13.353988647460938
-15.524574279785156,25.29242706298828,13.931808471679688
-16.110137939453125,25.6820068359375,14.470474243164062
-16.646705627441406,26.034568786621094,14.99786376953125
-17.072677612304688,26.494712829589844,15.4979248046875
-17.5760498046875,26.868812561035156,15.958709716796875
-17.996368408203125,27.30638885498047,16.2130126953125
-18.458770751953125,27.549049377441406,16.377166748046875
-18.714576721191406,27.911720275878906,16.656814575195312
-19.169410705566406,28.157691955566406,16.976226806640625
-19.42662811279297,28.31824493408203,17.26788330078125
-19.669845581054688,28.540855407714844,17.445053100585938
-19.893341064453125,28.76567840576172,17.511642456054688
-20.198265075683594,28.949111938476562,17.591934204101562
-20.549942016601562,29.197982788085938,17.872299194335938
-20.9842529296875,29.20819091796875,18.07049560546875
-21.23522186279297,29.175521850585938,18.17413330078125
-21.61461639404297,28.970863342285156,18.123336791992188
-21.974769592285156,28.67821502685547,17.968780517578125
-22.454261779785156,28.547821044921875,17.883316040039062
-22.88330841064453,28.420631408691406,17.862030029296875
-23.451705932617188,28.538063049316406,17.841201782226562
-24.08014678955078,28.494277954101562,17.805404663085938
-24.78387451171875,28.41124725341797,17.923004150390625
-25.613304138183594,28.35198211669922,17.896331787109375
-26.507766723632812,28.25505828857422,17.931167602539062
-27.489608764648438,28.150253295898438,17.914657592773438
-28.19140625,27.969970703125,17.877517700195312
-28.832542419433594,28.047019958496094,17.841598510742188
-29.0616455078125,28.070281982421875,17.916519165039062
-28.964218139648438,28.05542755126953,17.924713134765625
-29.113121032714844,28.028053283691406,17.816146850585938
-29.237098693847656,27.96295166015625,17.89398193359375
-29.158180236816406,27.88768768310547,17.814727783203125
-29.094390869140625,27.91046905517578,17.594558715820312
-29.091331481933594,27.806427001953125,17.422515869140625
-29.11273193359375,27.9583740234375,17.451644897460938
-29.261024475097656,27.951095581054688,17.491439819335938
-29.259597778320312,28.000648498535156,17.59161376953125
-29.26043701171875,28.076622009277344,17.680587768554688
-29.277687072753906,28.036170959472656,17.780899047851562
-28.924148559570312,27.937774658203125,17.771011352539062
-28.86927032470703,27.940269470214844,17.731658935546875
-28.6942138671875,27.943809509277344,17.708953857421875
-28.686309814453125,28.09496307373047,17.751083374023438
-28.499282836914062,27.958709716796875,17.613922119140625
-28.39257049560547,27.962295532226562,17.539688110351562
-28.411361694335938,27.82611083984375,17.611526489257812
-28.39374542236328,27.847640991210938,17.559707641601562
-28.372413635253906,27.821197509765625,17.613601684570312
-28.353622436523438,27.90637969970703,17.70440673828125
-28.389251708984375,27.927261352539062,17.602859497070312
-28.329910278320312,28.00263214111328,17.57305908203125
-28.129417419433594,27.98681640625,17.5643310546875
-28.125022888183594,27.946388244628906,17.624984741210938
-28.2130126953125,27.918609619140625,17.62701416015625
-28.033226013183594,27.974647521972656,17.649993896484375
-28.005470275878906,28.006072998046875,17.624099731445312
-27.86468505859375,27.93767547607422,17.5335693359375
-27.885841369628906,27.969253540039062,17.411163330078125
-28.035415649414062,27.869827270507812,17.386093139648438
-27.994598388671875,27.89057159423828,17.53778076171875
-28.15411376953125,27.873191833496094,17.61083984375
-28.200965881347656,27.854942321777344,17.584930419921875
-28.189430236816406,27.875770568847656,17.66925048828125
-28.230262756347656,27.870750427246094,17.647994995117188
-28.26061248779297,27.8248291015625,17.650466918945312
-28.228477478027344,27.912193298339844,17.654052734375
-28.248031616210938,27.995101928710938,17.508621215820312
-28.093360900878906,28.006622314453125,17.498367309570312
-28.013519287109375,27.96137237548828,17.547073364257812
-27.92125701904297,28.022109985351562,17.417465209960938
-27.98737335205078,28.120643615722656,17.561874389648438
-27.922950744628906,28.000717163085938,17.580764770507812
-27.90991973876953,28.022911071777344,17.520248413085938
-27.879623413085938,28.011131286621094,17.47357177734375
-27.957901000976562,28.009254455566406,17.451202392578125
-27.917022705078125,27.973976135253906,17.399978637695312
-27.972824096679688,28.019996643066406,17.43524169921875
-27.902984619140625,28.026351928710938,17.405349731445312
-27.892234802246094,27.91577911376953,17.448410034179688
-27.94257354736328,27.866065979003906,17.347381591796875
-28.08702850341797,27.94451904296875,17.209396362304688
-28.174713134765625,28.012222290039062,17.338668823242188
-28.274215698242188,28.187759399414062,17.519302368164062
-28.216079711914062,28.08576202392578,17.64923095703125
-28.324508666992188,28.11138916015625,17.7508544921875
-28.361831665039062,27.874526977539062,17.684921264648438
-28.228317260742188,27.741989135742188,17.35162353515625
-28.266197204589844,27.79265594482422,17.3267822265625
-28.229766845703125,27.88410186767578,17.356796264648438
-28.24028778076172,27.970741271972656,17.447372436523438
-28.265716552734375,27.911224365234375,17.4482421875
-28.16101837158203,27.998008728027344,17.463638305664062
-28.114540100097656,28.069915771484375,17.403854370117188
-28.13025665283203,28.13768768310547,17.420440673828125
-28.156417846679688,28.078826904296875,17.42388916015625
-28.113113403320312,28.09911346435547,17.498001098632812
-28.209228515625,28.044960021972656,17.795257568359375
-28.181076049804688,28.0604248046875,17.911148071289062
-28.19757080078125,28.008193969726562,17.903244018554688
-28.186805725097656,27.83118438720703,17.937088012695312
-28.231727600097656,27.793968200683594,17.935592651367188
-28.357574462890625,27.846343994140625,17.920547485351562
-28.424896240234375,27.954429626464844,17.936767578125
-28.449195861816406,27.99677276611328,17.943801879882812
-28.460662841796875,27.948806762695312,17.920639038085938
-28.46636962890625,27.98095703125,17.906448364257812
-28.39952850341797,27.84332275390625,17.922409057617188
-28.335891723632812,27.791664123535156,17.875015258789062
-28.50666046142578,27.886863708496094,17.90911865234375
-28.409469604492188,27.952369689941406,18.036819458007812
-28.368324279785156,27.808860778808594,18.029510498046875
-28.337318420410156,27.815719604492188,18.093429565429688
-28.24279022216797,27.7178955078125,18.128067016601562
-28.21002960205078,27.789627075195312,17.9588623046875
-28.26031494140625,27.872222900390625,17.95947265625
-28.319915771484375,27.912193298339844,17.967132568359375
-28.537010192871094,27.89220428466797,18.010696411132812
-28.497772216796875,27.93517303466797,18.000320434570312
-28.378982543945312,27.992950439453125,18.046173095703125
-28.385169982910156,27.987876892089844,18.186798095703125
-28.425552368164062,27.940711975097656,18.200897216796875
-28.45258331298828,27.962051391601562,18.212081909179688
-28.450286865234375,28.055137634277344,18.116470336914062
-28.43169403076172,28.032806396484375,18.036972045898438
-28.303680419921875,28.057525634765625,18.044464111328125
-28.24549102783203,28.03789520263672,18.010467529296875
-28.200820922851562,28.00499725341797,17.88958740234375
-28.264984130859375,27.986854553222656,17.90472412109375
-28.240371704101562,27.963287353515625,18.05694580078125
-28.195106506347656,27.99968719482422,18.089141845703125
-28.142135620117188,27.945213317871094,18.065383911132812
-28.096038818359375,27.950408935546875,18.035720825195312
-28.13201904296875,27.92108154296875,18.00531005859375
-27.977996826171875,27.904319763183594,17.941436767578125
-28.02069854736328,27.923629760742188,18.016021728515625
-28.13208770751953,27.962051391601562,18.181488037109375
-28.002288818359375,28.041656494140625,18.247406005859375
-27.932708740234375,28.002243041992188,18.024658203125
-28.064247131347656,27.847763061523438,17.800460815429688
-28.081497192382812,27.804214477539062,17.89013671875
-28.0694580078125,27.953323364257812,18.063629150390625
-28.044479370117188,27.975479125976562,17.912200927734375
-28.08350372314453,27.923141479492188,17.743194580078125
-28.13292694091797,27.834800720214844,17.600921630859375
-28.138771057128906,27.899948120117188,17.707916259765625
-28.205673217773438,27.978683471679688,17.849838256835938
-28.194046020507812,27.924537658691406,18.035446166992188
-28.223648071289062,27.944168090820312,17.905364990234375
-28.324630737304688,28.077346801757812,17.93634033203125
-28.30358123779297,28.110557556152344,18.00286865234375
-28.213478088378906,28.03076934814453,18.081802368164062
-28.083045959472656,27.97772979736328,17.935302734375
-28.134796142578125,27.978134155273438,18.072662353515625
-28.26251220703125,27.973045349121094,18.115524291992188
-28.22528076171875,27.958831787109375,18.089797973632812
-28.300003051757812,27.960128784179688,18.041702270507812
-28.249176025390625,27.916839599609375,18.061660766601562
-28.336669921875,27.900360107421875,17.903228759765625
-28.26787567138672,27.98503875732422,17.8013916015625
-28.346946716308594,27.952713012695312,17.788299560546875
-28.218063354492188,27.99957275390625,17.623214721679688
-28.208656311035156,27.928878784179688,17.708419799804688
-28.354095458984375,27.915077209472656,17.897415161132812
-28.36243438720703,27.958999633789062,17.928085327148438
-28.376182556152344,27.954078674316406,17.780410766601562
-28.408096313476562,27.870635986328125,17.609588623046875
-28.532989501953125,27.784652709960938,17.677459716796875
-28.612045288085938,27.82923126220703,17.789901733398438
-28.51213836669922,27.837448120117188,17.861419677734375
-28.39649200439453,27.86225128173828,17.86529541015625
-28.30907440185547,27.793930053710938,17.764907836914062
-28.1414794921875,27.823036193847656,17.645523071289062
-28.005462646484375,27.76728057861328,17.5943603515625
-28.14264678955078,27.699462890625,17.737625122070312
-28.273765563964844,27.90435791015625,17.833282470703125
-28.219276428222656,27.97693634033203,17.914382934570312
-28.305908203125,27.978439331054688,17.955154418945312
-28.306671142578125,27.950927734375,17.785873413085938
-28.312759399414062,28.003089904785156,17.75250244140625
-28.269813537597656,27.82262420654297,17.723434448242188
-28.334617614746094,27.71429443359375,17.705978393554688
-28.41156005859375,27.75084686279297,17.85919189453125
-28.288429260253906,27.817054748535156,17.845443725585938
-28.306304931640625,27.70903778076172,17.9442138671875
-28.325538635253906,27.69244384765625,17.672332763671875
-28.51697540283203,27.690101623535156,17.577804565429688
-28.563377380371094,27.741668701171875,17.608795166015625
-28.587440490722656,27.807861328125,17.62646484375
-28.649757385253906,27.76953887939453,17.523101806640625
-28.682769775390625,27.925270080566406,17.399505615234375
-28.518821716308594,27.871063232421875,17.395843505859375
-28.562469482421875,27.702926635742188,17.510162353515625
-28.53881072998047,27.69641876220703,17.6746826171875
-28.524993896484375,27.754119873046875,17.563705444335938
-28.67060089111328,27.87530517578125,17.42169189453125
-28.56798553466797,27.9481201171875,17.312057495117188
-28.48992919921875,27.873863220214844,17.281539916992188
-28.46245574951172,27.938858032226562,17.411163330078125
-28.430877685546875,27.85076141357422,17.447479248046875
-28.505531311035156,27.82848358154297,17.447296142578125
-28.3880615234375,27.896316528320312,17.300582885742188
-28.438262939453125,27.933197021484375,17.280242919921875
-28.61475372314453,27.94183349609375,17.423431396484375
-28.570648193359375,27.946914672851562,17.403884887695312
-28.65190887451172,27.960311889648438,17.461288452148438
-28.737106323242188,27.91167449951172,17.57098388671875
-28.77886962890625,27.868972778320312,17.618072509765625
-28.744842529296875,27.956222534179688,17.581436157226562
-28.632225036621094,27.972900390625,17.555953979492188
-28.42383575439453,27.965988159179688,17.49603271484375
-28.371665954589844,27.989768981933594,17.431381225585938
-28.5101318359375,27.831825256347656,17.303192138671875
-28.35765838623047,27.79064178466797,17.127243041992188
-28.41339111328125,27.81005096435547,17.368515014648438
-28.56829833984375,27.95734405517578,17.360305786132812
-28.501174926757812,27.957313537597656,17.45452880859375
-28.385009765625,27.97095489501953,17.442550659179688
-28.460708618164062,28.027236938476562,17.476272583007812
-28.483360290527344,28.00518035888672,17.448471069335938
-28.671920776367188,27.96935272216797,17.400772094726562
-28.61127471923828,27.982879638671875,17.405685424804688
-28.417617797851562,28.063682556152344,17.404800415039062
-28.470169067382812,28.08271026611328,17.43243408203125
-28.46961212158203,28.029518127441406,17.523513793945312
-28.413047790527344,28.023391723632812,17.619171142578125
-28.551666259765625,28.10181427001953,17.742416381835938
-28.536087036132812,28.127830505371094,17.759857177734375
-28.347335815429688,28.06543731689453,17.607635498046875
-28.415550231933594,28.09143829345703,17.42864990234375
-28.524192810058594,28.105674743652344,17.53851318359375
-28.678375244140625,28.04914093017578,17.548507690429688
-28.697853088378906,27.940757751464844,17.48370361328125
-28.58606719970703,28.043899536132812,17.385086059570312
-28.553672790527344,28.047645568847656,17.361404418945312
-28.49604034423828,28.18182373046875,17.349090576171875
-28.779640197753906,28.189773559570312,17.382461547851562
-28.641326904296875,28.148712158203125,17.509613037109375
-28.58258056640625,28.102630615234375,17.548660278320312
-28.422096252441406,28.11194610595703,17.574844360351562
-28.491897583007812,28.093528747558594,17.488189697265625
-28.53252410888672,27.95684051513672,17.283706665039062
-28.42438507080078,27.923416137695312,17.392608642578125
-28.400192260742188,27.991981506347656,17.3497314453125
-28.399795532226562,27.994789123535156,17.42724609375
-28.344375610351562,27.952499389648438,17.474197387695312
-28.51415252685547,28.009552001953125,17.472335815429688
-28.393463134765625,27.965957641601562,17.543655395507812
-28.465805053710938,28.035934448242188,17.532806396484375
-28.533767700195312,27.98686981201172,17.571182250976562
-28.510406494140625,28.084373474121094,17.501922607421875
-28.436309814453125,28.065086364746094,17.296890258789062
-28.35356903076172,28.132774353027344,17.266067504882812
-28.454078674316406,27.99712371826172,17.216033935546875
-28.54144287109375,28.01227569580078,17.122360229492188
-28.637489318847656,28.00946044921875,17.156478881835938
-28.64917755126953,27.98064422607422,17.131622314453125
-28.5263671875,27.945404052734375,17.064453125
-28.416748046875,28.102935791015625,17.272735595703125
-28.533203125,28.071372985839844,17.468353271484375
-28.52021026611328,28.10047149658203,17.492019653320312
-28.54791259765625,28.04784393310547,17.385971069335938
-28.579925537109375,28.105712890625,17.3988037109375
-28.404006958007812,28.05377197265625,17.342025756835938
-28.33782196044922,28.029335021972656,17.436981201171875
-28.339332580566406,27.95861053466797,17.425918579101562
-28.38538360595703,27.939254760742188,17.430770874023438
-28.377517700195312,28.06647491455078,17.396728515625
-28.34101104736328,28.114097595214844,17.353515625
-28.352951049804688,28.11444854736328,17.399490356445312
-28.327964782714844,28.11621856689453,17.388381958007812
-28.350601196289062,28.18541717529297,17.40673828125
-28.421905517578125,28.1309814453125,17.419158935546875
-28.521636962890625,28.015350341796875,17.473159790039062
-28.56463623046875,27.998008728027344,17.486831665039062
-28.5277099609375,27.942710876464844,17.575546264648438
-28.640472412109375,27.95372772216797,17.657760620117188
-28.442825317382812,27.994468688964844,17.749176025390625
-28.42047119140625,27.96929931640625,17.720962524414062
-28.41478729248047,27.93724822998047,17.64691162109375
-28.394981384277344,27.963623046875,17.56927490234375
-28.359718322753906,27.99211883544922,17.555694580078125
-28.53802490234375,28.03406524658203,17.593093872070312
-28.564537048339844,28.09673309326172,17.586807250976562
-28.63774871826172,28.082855224609375,17.453582763671875
-28.634979248046875,28.07470703125,17.329299926757812
-28.697975158691406,28.047019958496094,17.361007690429688
-28.625640869140625,28.12104034423828,17.549041748046875
-28.694190979003906,28.113792419433594,17.566802978515625
-28.661102294921875,28.176528930664062,17.705062866210938
-28.650108337402344,28.13409423828125,17.76751708984375
-28.659645080566406,28.059616088867188,17.723968505859375
-28.60198211669922,28.18822479248047,17.792648315429688
-28.554275512695312,28.313858032226562,17.714569091796875
-28.587059020996094,28.31043243408203,17.7513427734375
-28.601943969726562,28.10540771484375,17.725341796875
-28.402320861816406,28.119476318359375,17.74932861328125
-28.422836303710938,28.113914489746094,17.755126953125
-28.47211456298828,28.140869140625,17.76373291015625
-28.56786346435547,28.12212371826172,17.849197387695312
-28.532264709472656,28.12445831298828,17.769577026367188
-28.609901428222656,28.06085205078125,17.741928100585938
-28.645713806152344,27.991561889648438,17.75177001953125
-28.593788146972656,27.984130859375,17.778793334960938
-28.578369140625,28.066497802734375,17.645004272460938
-28.554725646972656,28.08148193359375,17.5723876953125
-28.473785400390625,28.052993774414062,17.488494873046875
-28.371536254882812,28.043121337890625,17.487289428710938
-28.59668731689453,28.074867248535156,17.348480224609375
-28.597915649414062,28.137130737304688,17.231613159179688
-28.487327575683594,28.140914916992188,17.161361694335938
-28.453582763671875,28.20954132080078,17.070022583007812
-28.535987854003906,28.22637176513672,17.368362426757812
-28.484283447265625,28.19902801513672,17.313156127929688
-28.517074584960938,28.185195922851562,17.1597900390625
-28.513832092285156,28.250442504882812,16.990280151367188
-28.513832092285156,28.250442504882812,16.990280151367188
-28.387680053710938,28.25672149658203,17.050674438476562
-28.409645080566406,28.128097534179688,17.154144287109375
-28.431419372558594,28.133331298828125,17.3115234375
-28.477569580078125,28.05992889404297,17.41552734375
-28.512161254882812,27.95848846435547,17.436874389648438
-28.669708251953125,27.993919372558594,17.455245971679688
-28.614669799804688,28.033782958984375,17.440383911132812
-28.437461853027344,28.03118133544922,17.409500122070312
-28.471755981445312,27.992111206054688,17.466339111328125
-28.40308380126953,27.93975067138672,17.409072875976562
-28.378463745117188,27.970230102539062,17.428695678710938
-28.569480895996094,27.908950805664062,17.432693481445312
-28.528297424316406,27.93407440185547,17.398773193359375
-28.567543029785156,27.973350524902344,17.378005981445312
-28.436172485351562,27.959190368652344,17.444976806640625
-28.434097290039062,27.91584014892578,17.391098022460938
-28.54450225830078,28.066490173339844,17.392990112304688
-28.402740478515625,28.116363525390625,17.385177612304688
-28.40668487548828,28.12152099609375,17.312255859375
-28.516403198242188,28.122894287109375,17.398574829101562
-28.494476318359375,28.059158325195312,17.4259033203125
-28.44922637939453,28.09754180908203,17.4229736328125
-28.43750762939453,28.14411163330078,17.5435791015625
-28.47557830810547,28.049293518066406,17.582611083984375
-28.38768768310547,27.933319091796875,17.557052612304688
-28.44634246826172,27.99835205078125,17.721038818359375
-28.534461975097656,28.112274169921875,17.714569091796875
-28.482177734375,28.099624633789062,17.755966186523438
-28.44964599609375,28.032638549804688,17.790496826171875
-28.46289825439453,27.99604034423828,17.799453735351562
-28.360183715820312,27.96623992919922,17.645645141601562
-28.454795837402344,27.909027099609375,17.57781982421875
-28.453163146972656,27.936805725097656,17.684661865234375
-28.402015686035156,27.89947509765625,17.808135986328125
-28.241500854492188,27.963523864746094,17.824691772460938
-28.231239318847656,27.932464599609375,17.83538818359375
-28.362747192382812,28.021316528320312,18.022003173828125
-28.37250518798828,28.0830078125,18.004074096679688
-28.433990478515625,28.10137176513672,17.87353515625
-28.348159790039062,28.092422485351562,17.838897705078125
-28.295242309570312,28.050033569335938,17.777938842773438
-28.27899932861328,28.15447235107422,17.787811279296875
-28.329635620117188,28.203147888183594,17.739974975585938
-28.342811584472656,28.118637084960938,17.74969482421875
-28.425460815429688,28.066856384277344,17.69854736328125
-28.26136016845703,28.077354431152344,17.719497680664062
-28.225051879882812,28.185325622558594,17.852798461914062
-28.268539428710938,28.127952575683594,17.800582885742188
-28.31128692626953,28.06696319580078,17.6572265625
-28.524024963378906,28.134803771972656,17.602737426757812
-28.444618225097656,28.193130493164062,17.63153076171875
-28.446144104003906,28.13245391845703,17.560791015625
-28.30651092529297,28.067176818847656,17.464035034179688
-28.216468811035156,28.050155639648438,17.420913696289062
-28.197341918945312,28.05559539794922,17.429107666015625
-28.229530334472656,27.99394989013672,17.418792724609375
-28.285568237304688,27.937843322753906,17.393264770507812
-28.237709045410156,28.091781616210938,17.464874267578125
-28.2081298828125,28.09503936767578,17.414031982421875
-28.467491149902344,28.149551391601562,17.428497314453125
-28.408660888671875,28.18622589111328,17.3138427734375
-28.410614013671875,28.24121856689453,17.355087280273438
-28.329078674316406,28.17431640625,17.414627075195312
-28.277801513671875,28.09595489501953,17.536956787109375
-28.364822387695312,28.075836181640625,17.586456298828125
-28.36151123046875,28.00830078125,17.625152587890625
-28.502914428710938,27.918846130371094,17.589859008789062
-28.63885498046875,27.95233917236328,17.56689453125
-28.69158172607422,27.928665161132812,17.54534912109375
-28.449623107910156,28.064453125,17.41162109375
-28.512351989746094,28.110794067382812,17.399871826171875
-28.404220581054688,28.147621154785156,17.381454467773438
-28.386436462402344,28.237655639648438,17.435501098632812
-28.39167022705078,28.353439331054688,17.494674682617188
-28.353538513183594,28.346405029296875,17.788375854492188
-28.42766571044922,28.354148864746094,17.854248046875
-28.392051696777344,28.285140991210938,17.964111328125
-28.391815185546875,28.128807067871094,18.04705810546875
-28.387557983398438,28.117279052734375,18.0103759765625
-28.436546325683594,28.082618713378906,18.00360107421875
-28.527732849121094,28.116424560546875,17.90496826171875
-28.4310302734375,28.09931182861328,17.860992431640625
-28.417388916015625,28.104637145996094,17.990829467773438
-28.460220336914062,28.214210510253906,18.017074584960938
-28.537628173828125,28.078468322753906,17.858154296875
-28.484405517578125,28.08966827392578,17.688644409179688
-28.510208129882812,28.042327880859375,17.57708740234375
-28.528099060058594,28.074378967285156,17.530776977539062
-28.448890686035156,28.092247009277344,17.54876708984375
-28.550315856933594,28.05315399169922,17.554336547851562
-28.59111785888672,28.056137084960938,17.52581787109375
-28.549652099609375,28.066314697265625,17.640289306640625
-28.54095458984375,27.978958129882812,17.751998901367188
-28.49793243408203,27.99779510498047,17.667449951171875
-28.68115234375,27.98816680908203,17.737533569335938
-28.651962280273438,27.98907470703125,17.767349243164062
-28.760360717773438,28.002243041992188,17.634429931640625
-28.69226837158203,27.921630859375,17.6002197265625
-28.73370361328125,27.940879821777344,17.741836547851562
-28.64318084716797,27.961181640625,17.5787353515625
-28.610992431640625,27.974998474121094,17.689285278320312
-28.668540954589844,27.988906860351562,17.784072875976562
-28.641891479492188,28.10626220703125,17.901229858398438
-28.671913146972656,28.04515838623047,17.870071411132812
-28.630821228027344,28.112159729003906,17.937210083007812
-28.422515869140625,28.041358947753906,17.936111450195312
-28.548118591308594,27.978736877441406,17.935867309570312
-28.612350463867188,27.964111328125,17.83502197265625
-28.663330078125,27.98332977294922,17.781875610351562
-28.437698364257812,27.92230224609375,17.793350219726562
-28.391700744628906,27.965316772460938,17.6810302734375
-28.495208740234375,27.932357788085938,17.636749267578125
-28.47295379638672,27.87200927734375,17.585525512695312
-28.55853271484375,27.791587829589844,17.8408203125
-28.462142944335938,27.877609252929688,17.833282470703125
-28.3895263671875,27.962936401367188,17.933364868164062
-28.334991455078125,27.969863891601562,17.87811279296875
-28.31781768798828,28.096954345703125,17.838470458984375
-28.342201232910156,27.96759796142578,17.978973388671875
-28.388160705566406,27.8505859375,18.14276123046875
-28.42925262451172,27.792694091796875,18.196212768554688
-28.38819122314453,27.94708251953125,18.113433837890625
-28.62262725830078,27.942581176757812,18.115081787109375
-28.60394287109375,27.975364685058594,17.99859619140625
-28.54381561279297,28.06104278564453,17.931320190429688
-28.627685546875,28.029823303222656,18.058486938476562
-28.65601348876953,28.110488891601562,18.091217041015625
-28.568984985351562,28.038330078125,18.037567138671875
-28.556549072265625,28.04290008544922,18.027389526367188
-28.551856994628906,28.068572998046875,17.901153564453125
-28.67444610595703,27.974700927734375,17.97528076171875
-28.513832092285156,27.9302978515625,18.072158813476562
-28.502540588378906,27.99730682373047,18.110137939453125
-28.56232452392578,27.967071533203125,17.978912353515625
-28.5897216796875,28.067245483398438,17.964859008789062
-28.416427612304688,28.057220458984375,17.8775634765625
-28.370376586914062,28.03766632080078,17.910202026367188
-28.39067840576172,28.042022705078125,17.847381591796875
-28.482345581054688,28.058082580566406,17.7784423828125
-28.68260955810547,28.116195678710938,17.710067749023438
-28.46857452392578,28.09752655029297,17.791519165039062
-28.4697265625,28.100746154785156,17.772018432617188
-28.38813018798828,28.093704223632812,17.725753784179688
-28.46142578125,28.07238006591797,17.587966918945312
-28.522018432617188,28.06183624267578,17.681015014648438
-28.499771118164062,28.10785675048828,17.68017578125
-28.491737365722656,28.129501342773438,17.589981079101562
-28.455886840820312,28.13823699951172,17.71026611328125
-28.383827209472656,28.053573608398438,17.8304443359375
-28.549278259277344,27.998855590820312,17.857803344726562
-28.479461669921875,27.749221801757812,17.69427490234375
-28.390716552734375,27.840606689453125,17.463165283203125
-28.460479736328125,27.89751434326172,17.408187866210938
-28.408737182617188,27.986183166503906,17.595016479492188
-28.485687255859375,28.0435791015625,17.839462280273438
-28.484092712402344,28.00855255126953,17.739456176757812
-28.482025146484375,27.895660400390625,17.748825073242188
-28.49249267578125,27.811370849609375,17.595535278320312
-28.668548583984375,27.85840606689453,17.622894287109375
-28.544532775878906,27.72040557861328,17.6524658203125
-28.578628540039062,27.673171997070312,17.6851806640625
-28.593612670898438,27.747581481933594,17.789138793945312
-28.502281188964844,27.764060974121094,17.757049560546875
-28.68567657470703,27.788192749023438,17.888092041015625
-28.617706298828125,27.866050720214844,17.897415161132812
-28.673423767089844,28.02544403076172,17.916275024414062
-28.708473205566406,28.063133239746094,17.903289794921875
-28.66320037841797,28.21661376953125,17.850830078125
-28.631179809570312,28.146583557128906,17.60858154296875
-28.711578369140625,28.003662109375,17.564010620117188
-28.532188415527344,28.011703491210938,17.568496704101562
-28.544769287109375,27.941696166992188,17.732513427734375
-28.641204833984375,27.902931213378906,17.838790893554688
-28.665000915527344,27.899932861328125,17.862014770507812
-28.6307373046875,27.901016235351562,17.850631713867188
-28.60712432861328,27.922584533691406,17.750732421875
-28.406776428222656,27.802520751953125,17.73699951171875
-28.361099243164062,27.761741638183594,17.6455078125
-28.39246368408203,27.80284881591797,17.485366821289062
-28.59874725341797,27.80449676513672,17.437393188476562
-28.670623779296875,27.94770050048828,17.5020751953125
-28.72821807861328,27.921478271484375,17.533050537109375
-28.669296264648438,27.97942352294922,17.666061401367188
-28.538490295410156,27.91626739501953,17.714950561523438
-28.57068634033203,27.833175659179688,17.811782836914062
-28.578857421875,27.830703735351562,17.911529541015625
-28.651275634765625,27.84699249267578,17.893020629882812
-28.549972534179688,27.839080810546875,17.899169921875
-28.694190979003906,27.815147399902344,17.87884521484375
-28.715538024902344,27.784713745117188,17.897384643554688
-28.598251342773438,27.924072265625,17.92559814453125
-28.642898559570312,28.092514038085938,17.766403198242188
-28.46691131591797,28.044464111328125,17.91162109375
-28.46923828125,28.10417938232422,18.053497314453125
-28.49878692626953,28.129287719726562,18.004226684570312
-28.38897705078125,28.003875732421875,17.934600830078125
-28.32959747314453,27.982322692871094,18.032821655273438
-28.360671997070312,27.938255310058594,17.99847412109375
-28.306922912597656,27.917221069335938,17.898056030273438
-28.345169067382812,27.98937225341797,17.79608154296875
-28.431358337402344,27.929336547851562,17.758804321289062
-28.32451629638672,27.914596557617188,17.623046875
-28.306488037109375,27.884689331054688,17.755767822265625
-28.49658203125,27.88245391845703,17.865676879882812
-28.50957489013672,27.87579345703125,17.9072265625
-28.607215881347656,27.92559814453125,17.91705322265625
-28.612876892089844,27.82592010498047,17.955551147460938
-28.562789916992188,27.8975830078125,17.9569091796875
-28.580856323242188,27.919586181640625,17.871444702148438
-28.56182861328125,27.908203125,17.859573364257812
-28.538742065429688,27.950454711914062,17.8341064453125
-28.562583923339844,28.015167236328125,17.724899291992188
-28.592041015625,28.049774169921875,17.679244995117188
-28.587791442871094,28.043724060058594,17.68408203125
-28.513641357421875,28.122634887695312,17.74945068359375
-28.455963134765625,28.098350524902344,17.904327392578125
-28.59679412841797,28.08312225341797,17.878524780273438
-28.638816833496094,28.209701538085938,18.018157958984375
-28.629150390625,28.11151885986328,17.941802978515625
-28.639312744140625,28.132225036621094,17.857772827148438
-28.425064086914062,27.96601104736328,17.930007934570312
-28.552825927734375,27.905899047851562,17.972747802734375
-28.58873748779297,27.92060089111328,18.000762939453125
-28.69898223876953,27.91345977783203,17.962310791015625
-28.673988342285156,27.81505584716797,18.008438110351562
-28.638145446777344,27.924530029296875,17.9927978515625
-28.682579040527344,27.89507293701172,17.925216674804688
-28.73772430419922,27.98912811279297,17.897552490234375
-28.60913848876953,27.98540496826172,18.058792114257812
-28.532241821289062,28.044189453125,17.991485595703125
-28.749740600585938,28.104965209960938,17.92242431640625
-28.68304443359375,28.003952026367188,17.78759765625
-28.555526733398438,27.9310302734375,17.7537841796875
-28.647964477539062,27.95257568359375,17.579360961914062
-28.807273864746094,28.025436401367188,17.723892211914062
-28.836395263671875,28.110191345214844,17.774261474609375
-28.840011596679688,28.139511108398438,17.640350341796875
-28.81031036376953,28.021995544433594,17.544525146484375
-28.855453491210938,28.02075958251953,17.728179931640625
-28.766822814941406,27.976295471191406,17.73187255859375
-28.6021728515625,27.985321044921875,17.727554321289062
-28.68073272705078,27.996719360351562,17.64599609375
-28.66783905029297,27.923187255859375,17.748611450195312
-28.76971435546875,27.89092254638672,17.811004638671875
-28.75139617919922,27.975563049316406,17.824050903320312
-28.737548828125,27.992027282714844,17.98712158203125
-28.71868896484375,27.953208923339844,18.007095336914062
-28.603134155273438,27.9176025390625,18.063720703125
-28.575767517089844,27.830162048339844,18.045028686523438
-28.488136291503906,27.81531524658203,18.018020629882812
-28.61528778076172,27.899208068847656,17.974807739257812
-28.638633728027344,27.797576904296875,17.907745361328125
-28.527809143066406,27.76634979248047,17.902236938476562
-28.427711486816406,27.856582641601562,17.952957153320312
-28.361793518066406,27.83917999267578,18.07757568359375
-28.42120361328125,27.82189178466797,18.021133422851562
-28.483970642089844,27.69812774658203,18.016815185546875
-28.668045043945312,27.767135620117188,17.885238647460938
-28.686920166015625,27.760055541992188,17.809661865234375
-28.683349609375,27.876052856445312,17.78692626953125
-28.580726623535156,27.922988891601562,17.839263916015625
-28.51244354248047,27.886940002441406,17.843994140625
-28.507118225097656,27.7491455078125,17.753921508789062
-28.76288604736328,27.685791015625,17.603622436523438
-28.67316436767578,27.68035888671875,17.62725830078125
-28.818756103515625,27.694252014160156,17.623184204101562
-28.69139862060547,27.63813018798828,17.589080810546875
-28.514266967773438,27.72411346435547,17.591720581054688
-28.367591857910156,27.77600860595703,17.566635131835938
-28.356231689453125,27.788604736328125,17.592422485351562
-28.48796844482422,27.856910705566406,17.632965087890625
-28.56671905517578,27.82280731201172,17.509323120117188
-28.671974182128906,27.709915161132812,17.435623168945312
-28.826210021972656,27.82904815673828,17.5528564453125
-28.727088928222656,27.741249084472656,17.492538452148438
-28.623992919921875,27.560165405273438,17.415679931640625
-28.67840576171875,27.67650604248047,17.377532958984375
-28.640174865722656,27.801025390625,17.415252685546875
-28.616195678710938,27.8533935546875,17.543487548828125
-28.65398406982422,27.705543518066406,17.492752075195312
-28.649940490722656,27.663284301757812,17.414413452148438
-28.644760131835938,27.817062377929688,17.403823852539062
-28.61627960205078,27.788314819335938,17.528305053710938
-28.80170440673828,27.922653198242188,17.536026000976562
-28.580345153808594,27.943519592285156,17.606048583984375
-28.429588317871094,27.899017333984375,17.610336303710938
-28.43402862548828,27.723228454589844,17.515884399414062
-28.371856689453125,27.679153442382812,17.44287109375
-28.37213134765625,27.68927764892578,17.443130493164062
-28.59117889404297,27.7808837890625,17.434799194335938
-28.635948181152344,27.907752990722656,17.405197143554688
-28.6131591796875,27.949920654296875,17.449264526367188
-28.562957763671875,27.935745239257812,17.587173461914062
-28.384735107421875,27.861312866210938,17.44976806640625
-28.56786346435547,27.87334442138672,17.48590087890625
-28.78478240966797,27.787918090820312,17.540298461914062
-28.850936889648438,27.847854614257812,17.436843872070312
-28.856918334960938,27.876243591308594,17.413787841796875
-28.73815155029297,27.825286865234375,17.554718017578125
-28.590782165527344,27.914825439453125,17.528961181640625
-28.40228271484375,27.969802856445312,17.544586181640625
-28.377670288085938,27.992820739746094,17.615432739257812
-28.447410583496094,27.923561096191406,17.552902221679688
-28.417922973632812,27.946517944335938,17.524307250976562
-28.35865020751953,28.04869842529297,17.600997924804688
-28.39031982421875,28.09496307373047,17.64923095703125
-28.49188995361328,28.1417236328125,17.682235717773438
-28.386917114257812,28.147735595703125,17.763839721679688
-28.65180206298828,28.20836639404297,17.834976196289062
-28.67961883544922,28.11590576171875,17.881088256835938
-28.475662231445312,28.10639190673828,17.838058471679688
-28.555160522460938,28.124656677246094,17.842208862304688
-28.44549560546875,28.144065856933594,17.742340087890625
-28.40233612060547,28.09912109375,17.774871826171875
-28.45262908935547,28.06652069091797,17.8228759765625
-28.40680694580078,28.02294158935547,17.85308837890625
-28.423133850097656,27.980377197265625,17.916595458984375
-28.40948486328125,27.85931396484375,17.91790771484375
-28.51367950439453,27.78326416015625,17.795242309570312
-28.54901885986328,27.92371368408203,17.759750366210938
-28.47002410888672,27.90929412841797,17.851058959960938
-28.324050903320312,27.996795654296875,17.788238525390625
-28.416763305664062,28.11785888671875,17.589508056640625
-28.358001708984375,28.063087463378906,17.577789306640625
-28.457748413085938,28.22138214111328,17.565109252929688
-28.47217559814453,28.098770141601562,17.666290283203125
-28.49431610107422,28.106002807617188,17.665847778320312
-28.491943359375,28.018661499023438,17.729888916015625
-28.528358459472656,28.013153076171875,17.846237182617188
-28.56298065185547,28.006729125976562,17.914566040039062
-28.47100830078125,27.933197021484375,17.756927490234375
-28.459609985351562,27.90143585205078,17.640151977539062
-28.55908966064453,27.866981506347656,17.764511108398438
-28.38916778564453,27.831764221191406,17.856048583984375
-28.344093322753906,27.820053100585938,17.913421630859375
-28.40497589111328,27.956451416015625,17.863418579101562
-28.251663208007812,27.978431701660156,17.93853759765625
-28.266494750976562,27.99579620361328,17.8582763671875
-28.38050079345703,27.879608154296875,17.821914672851562
-28.122406005859375,27.81409454345703,17.648666381835938
-28.047630310058594,27.855873107910156,17.590911865234375
-28.15044403076172,27.853256225585938,17.613296508789062
-28.198089599609375,27.842628479003906,17.6038818359375
-28.124053955078125,27.843338012695312,17.567733764648438
-28.18793487548828,27.92821502685547,17.489547729492188
-28.27978515625,27.983177185058594,17.52130126953125
-28.341331481933594,27.971336364746094,17.520416259765625
-28.62664794921875,27.98291778564453,17.58416748046875
-28.55121612548828,27.94756317138672,17.440628051757812
-28.555587768554688,28.001441955566406,17.455673217773438
-28.48188018798828,27.967132568359375,17.456283569335938
-28.549880981445312,27.98796844482422,17.352325439453125
-28.51080322265625,27.91997528076172,17.279205322265625
-28.492942810058594,27.94903564453125,17.385574340820312
-28.566085815429688,27.936119079589844,17.389297485351562
-28.644943237304688,27.96105194091797,17.437026977539062
-28.535682678222656,27.986282348632812,17.526840209960938
-28.691001892089844,27.9718017578125,17.714401245117188
-28.567123413085938,27.83702850341797,17.602890014648438
-28.57097625732422,27.78540802001953,17.59942626953125
-28.612777709960938,27.769569396972656,17.550491333007812
-28.586959838867188,27.802940368652344,17.505508422851562
-28.550399780273438,27.81153106689453,17.426513671875
-28.49384307861328,27.80022430419922,17.509689331054688
-28.640960693359375,27.843528747558594,17.54461669921875
-28.63105010986328,27.86223602294922,17.556625366210938
-28.69470977783203,27.852005004882812,17.7418212890625
-28.738388061523438,27.839019775390625,17.714019775390625
-28.58625030517578,27.931060791015625,17.591537475585938
-28.62957000732422,27.904495239257812,17.559326171875
-28.698532104492188,27.914321899414062,17.670883178710938
-28.698532104492188,27.914321899414062,17.670883178710938
-28.61572265625,27.954238891601562,17.819061279296875
-28.513595581054688,27.965927124023438,17.888946533203125
-28.458885192871094,27.91411590576172,17.9312744140625
-28.483131408691406,27.932235717773438,17.879043579101562
-28.57672119140625,27.81238555908203,17.875732421875
-28.608619689941406,27.825782775878906,17.890045166015625
-28.56299591064453,27.891265869140625,17.989410400390625
-28.444496154785156,27.935691833496094,17.9234619140625
-28.357559204101562,27.972862243652344,17.7952880859375
-28.55561065673828,27.89203643798828,17.685043334960938
-28.54505157470703,27.74603271484375,17.689056396484375
-28.523475646972656,27.675704956054688,17.837326049804688
-28.773292541503906,27.633987426757812,17.910736083984375
-28.911407470703125,27.721595764160156,17.8262939453125
-28.853126525878906,27.67431640625,17.7535400390625
-28.768104553222656,27.69561767578125,17.649307250976562
-28.680381774902344,27.694488525390625,17.66900634765625
-28.454437255859375,27.697525024414062,17.68505859375
-28.540191650390625,27.653900146484375,17.71533203125
-28.584861755371094,27.63866424560547,17.67132568359375
-28.584754943847656,27.774436950683594,17.574981689453125
-28.410934448242188,27.947792053222656,17.560653686523438
-28.397132873535156,27.96198272705078,17.531494140625
-28.569236755371094,28.00824737548828,17.57122802734375
-28.764007568359375,27.919326782226562,17.61688232421875
-28.7568359375,27.871627807617188,17.59979248046875
-28.566177368164062,27.857879638671875,17.656570434570312
-28.506149291992188,27.810653686523438,17.615814208984375
-28.446273803710938,27.835060119628906,17.63677978515625
-28.52062225341797,27.69219970703125,17.531173706054688
-28.539138793945312,27.692153930664062,17.524993896484375
-28.439857482910156,27.687850952148438,17.552078247070312
-28.246017456054688,27.691787719726562,17.570449829101562
-28.368858337402344,27.695770263671875,17.633453369140625
-28.612083435058594,27.692710876464844,17.727096557617188
-28.686141967773438,27.741416931152344,17.839218139648438
-28.69287872314453,27.717918395996094,17.748046875
-28.601821899414062,27.72815704345703,17.797775268554688
-28.54668426513672,27.78205108642578,17.844390869140625
-28.51648712158203,27.84765625,17.749588012695312
-28.3916015625,27.876258850097656,17.755996704101562
-28.41357421875,27.864341735839844,17.774383544921875
-28.36540985107422,27.781890869140625,17.597320556640625
-28.37830352783203,27.846649169921875,17.628875732421875
-28.468231201171875,27.82036590576172,17.606414794921875
-28.5069580078125,27.82018280029297,17.777572631835938
-28.56121063232422,27.758346557617188,17.880722045898438
-28.58727264404297,27.683853149414062,17.914794921875
-28.408126831054688,27.742347717285156,17.7791748046875
-28.424972534179688,27.693115234375,17.706878662109375
-28.450393676757812,27.660972595214844,17.75653076171875
-28.476600646972656,27.82843780517578,17.90631103515625
-28.463668823242188,27.840316772460938,17.915420532226562
-28.384788513183594,27.777992248535156,17.94476318359375
-28.532989501953125,27.846847534179688,17.843032836914062
-28.37451934814453,27.84123992919922,17.66900634765625
-28.389427185058594,27.856643676757812,17.59783935546875
-28.482666015625,27.78638458251953,17.563995361328125
-28.544906616210938,27.842262268066406,17.543960571289062
-28.62396240234375,27.83448028564453,17.62506103515625
-28.543228149414062,27.8421630859375,17.763504028320312
-28.374671936035156,27.821090698242188,17.734634399414062
-28.172348022460938,27.802352905273438,17.897903442382812
-28.201133728027344,27.805809020996094,17.945938110351562
-28.208412170410156,27.77960205078125,17.983154296875
-28.323577880859375,27.707626342773438,17.937423706054688
-28.369590759277344,27.738677978515625,17.949493408203125
-28.463333129882812,27.817832946777344,17.838470458984375
-28.518592834472656,27.82677459716797,17.6143798828125
-28.453887939453125,27.730377197265625,17.60369873046875
-28.41802978515625,27.723617553710938,17.601028442382812
-28.348289489746094,27.68108367919922,17.553863525390625
-28.343505859375,27.6854248046875,17.583389282226562
-28.36681365966797,27.670074462890625,17.680450439453125
-28.467376708984375,27.695724487304688,17.863067626953125
-28.35497283935547,27.684036254882812,17.822677612304688
-28.236953735351562,27.741600036621094,17.778427124023438
-28.3626708984375,27.6937255859375,17.851806640625
-28.40673828125,27.66565704345703,17.9007568359375
-28.40239715576172,27.6326904296875,17.803146362304688
-28.360626220703125,27.671836853027344,17.712493896484375
-28.411300659179688,27.92828369140625,17.814300537109375
-28.392066955566406,27.96686553955078,17.713226318359375
-28.523788452148438,27.955612182617188,17.58453369140625
-28.497909545898438,27.91637420654297,17.570281982421875
-28.519241333007812,27.94115447998047,17.5767822265625
-28.44672393798828,27.961524963378906,17.58489990234375
-28.53441619873047,27.871383666992188,17.611007690429688
-28.521255493164062,27.889633178710938,17.820114135742188
-28.461685180664062,27.86663055419922,17.957794189453125
-28.287979125976562,27.822898864746094,18.016326904296875
-28.329910278320312,27.87139129638672,17.974411010742188
-28.384017944335938,27.97388458251953,17.819778442382812
-28.25493621826172,27.90825653076172,17.751388549804688
-28.337295532226562,27.787078857421875,17.883773803710938
-28.389488220214844,27.863601684570312,17.923110961914062
-28.342422485351562,27.7891845703125,17.921493530273438
-28.400344848632812,27.954811096191406,17.933837890625
-28.39990997314453,27.957351684570312,17.659439086914062
-28.23455047607422,27.94414520263672,17.605728149414062
-28.213218688964844,27.84618377685547,17.79547119140625
-28.257583618164062,27.745208740234375,17.835769653320312
-28.278030395507812,27.82445526123047,17.726531982421875
-28.196762084960938,27.689590454101562,17.588241577148438
-28.309906005859375,27.644973754882812,17.686431884765625
-28.483184814453125,27.652008056640625,17.70428466796875
-28.372238159179688,27.66253662109375,17.701309204101562
-28.251930236816406,27.60511016845703,17.78759765625
-28.20500946044922,27.633041381835938,17.634323120117188
-28.174888610839844,27.716094970703125,17.633468627929688
-28.17096710205078,27.752822875976562,17.47174072265625
-28.29779815673828,27.841087341308594,17.3182373046875
-28.268966674804688,27.755638122558594,17.318862915039062
-28.291183471679688,27.856185913085938,17.448410034179688
-28.288352966308594,27.8804931640625,17.409255981445312
-28.31482696533203,27.91474151611328,17.373397827148438
-28.60381317138672,27.994461059570312,17.365509033203125
-28.777008056640625,27.99109649658203,17.378372192382812
-28.93427276611328,27.929222106933594,17.51531982421875
-29.11351776123047,27.894447326660156,17.530853271484375
-29.175689697265625,27.825119018554688,17.714462280273438
-29.274497985839844,27.831283569335938,17.773788452148438
-29.294174194335938,27.897079467773438,17.591705322265625
-29.139694213867188,27.98870086669922,17.540435791015625
-29.045883178710938,27.949188232421875,17.667739868164062
-28.897445678710938,27.912437438964844,17.552734375
-28.711746215820312,27.983558654785156,17.621566772460938
-28.639450073242188,27.924179077148438,17.657791137695312
-28.587677001953125,27.96379852294922,17.764938354492188
-28.667800903320312,27.819381713867188,17.903945922851562
-28.673812866210938,27.755722045898438,17.802597045898438
-28.821815490722656,27.764190673828125,17.764541625976562
-28.964332580566406,27.930816650390625,17.764755249023438
-28.953094482421875,27.972137451171875,17.708053588867188
-29.07794952392578,27.920120239257812,17.612319946289062
-29.11981964111328,27.98548126220703,17.595001220703125
-29.238075256347656,28.052978515625,17.574417114257812
-29.393150329589844,28.162025451660156,17.64508056640625
-29.432212829589844,28.273902893066406,17.771530151367188
-29.657882690429688,28.26483154296875,17.803466796875
-29.846946716308594,28.094383239746094,17.853912353515625
-30.109481811523438,28.072158813476562,17.909164428710938
-30.255775451660156,28.167091369628906,17.718734741210938
-30.4012451171875,28.157615661621094,17.578048706054688
-30.489913940429688,28.228675842285156,17.687408447265625
-30.632781982421875,28.17211151123047,17.737197875976562
-30.824623107910156,28.155555725097656,17.68438720703125
-30.96326446533203,28.30683135986328,17.538406372070312
-31.166305541992188,28.46173858642578,17.6588134765625
-31.205917358398438,28.419395446777344,17.688980102539062
-31.256324768066406,28.380874633789062,17.594436645507812
-31.29034423828125,28.38536834716797,17.651748657226562
-31.43914794921875,28.464614868164062,17.761932373046875
-31.624061584472656,28.409156799316406,17.870086669921875
-31.53076934814453,28.493263244628906,17.705276489257812
-31.357101440429688,28.45013427734375,17.7381591796875
-31.280670166015625,28.46258544921875,17.590850830078125
-31.18714141845703,28.507369995117188,17.579818725585938
-31.135459899902344,28.502166748046875,17.546554565429688
-31.1248779296875,28.448074340820312,17.579681396484375
-31.066871643066406,28.5780029296875,17.384735107421875
-30.921669006347656,28.592384338378906,17.401168823242188
-30.848480224609375,28.58820343017578,17.464996337890625
-30.786720275878906,28.556854248046875,17.526031494140625
-30.444114685058594,28.604934692382812,17.655014038085938
-30.05670166015625,28.616432189941406,17.666915893554688
-29.43212890625,28.65570068359375,17.551193237304688
-28.540321350097656,28.541053771972656,17.710601806640625
-27.662078857421875,28.410980224609375,17.664016723632812
-26.87298583984375,28.113121032714844,17.470108032226562
-26.24909210205078,27.686752319335938,17.32122802734375
-25.80023193359375,27.09510040283203,17.037078857421875
-25.170738220214844,26.273216247558594,16.452728271484375
-24.662841796875,25.56304168701172,15.72784423828125
-24.266265869140625,24.645980834960938,14.998672485351562
-23.843994140625,23.585647583007812,14.288589477539062
-23.597259521484375,22.550071716308594,13.451171875
-23.3941650390625,21.65587615966797,12.425872802734375
-23.382225036621094,20.54491424560547,11.307327270507812
-23.376007080078125,19.492958068847656,10.231857299804688
-23.364303588867188,18.425514221191406,9.00323486328125
-23.308372497558594,17.27399444580078,7.803070068359375
-23.41478729248047,16.37176513671875,6.605621337890625
-23.59625244140625,15.611602783203125,5.32568359375
-23.667327880859375,14.823715209960938,4.1519317626953125
-23.867294311523438,14.095588684082031,3.028594970703125
-23.88990020751953,13.450035095214844,1.9962005615234375
-23.892250061035156,12.627372741699219,0.8072509765625
-24.081069946289062,11.915275573730469,-0.400604248046875
-24.191864013671875,11.238754272460938,-1.69171142578125
-24.256500244140625,10.715652465820312,-2.8036041259765625
-24.422470092773438,10.275123596191406,-3.875244140625
-24.58422088623047,9.851211547851562,-4.9801025390625
-25.19971466064453,9.805984497070312,-6.15008544921875
-26.38245391845703,10.127326965332031,-6.914703369140625
-27.255332946777344,10.510055541992188,-7.4900360107421875
-27.79828643798828,10.478919982910156,-8.463760375976562
-28.204750061035156,10.389541625976562,-9.430679321289062
-28.3721923828125,10.160232543945312,-10.450881958007812
-28.71302032470703,10.118782043457031,-11.44342041015625
-29.415054321289062,10.512435913085938,-11.911483764648438
-30.483718872070312,11.39471435546875,-12.415237426757812
-32.21080017089844,12.776443481445312,-12.814697265625
-33.84101867675781,14.218856811523438,-12.89471435546875
-29.84375,8.922714233398438,-13.02978515625
-18.856796264648438,-7.9577178955078125,-12.588851928710938
-6.742950439453125,-26.481002807617188,-11.040008544921875
1.6538848876953125,-36.853294372558594,-8.01287841796875
2.9784088134765625,-38.850364685058594,-4.37030029296875
0.1785125732421875,-38.105262756347656,-1.1449432373046875
-2.1741561889648438,-38.5197639465332,1.0467529296875
-3.5066452026367188,-39.721473693847656,2.55035400390625
-4.458282470703125,-40.91719055175781,3.5525970458984375
-5.3398284912109375,-41.72557067871094,4.4412078857421875
-6.245330810546875,-42.29280471801758,5.3068695068359375
-6.8649444580078125,-42.605506896972656,5.85418701171875
-7.5448455810546875,-42.69623947143555,6.0221099853515625
-8.034751892089844,-42.819271087646484,5.9647674560546875
-8.309700012207031,-42.85826110839844,5.665008544921875
-8.736114501953125,-42.92667770385742,5.3870697021484375
-8.924713134765625,-43.079345703125,5.065643310546875
-8.878746032714844,-43.19691467285156,4.589141845703125
-8.802513122558594,-43.160789489746094,4.4760589599609375
-8.657234191894531,-43.087825775146484,4.2889556884765625
-8.627494812011719,-43.06345748901367,4.222808837890625
-8.4378662109375,-43.072940826416016,4.161102294921875
-8.512222290039062,-43.050193786621094,4.3969268798828125
-8.660720825195312,-42.97344207763672,4.587493896484375
-8.597953796386719,-42.94181823730469,4.6437835693359375
-8.429298400878906,-42.9101448059082,4.6822052001953125
-8.297370910644531,-42.80092239379883,4.8460845947265625
-8.110710144042969,-42.76899719238281,5.1410064697265625
-8.06829833984375,-42.65019226074219,5.3018035888671875
-7.85003662109375,-42.61285400390625,5.4633636474609375
-7.576179504394531,-42.79087829589844,5.4275054931640625
-7.1477203369140625,-42.82235336303711,5.5817413330078125
-6.70880126953125,-42.8568115234375,5.72100830078125
-6.3736724853515625,-42.7188606262207,6.1202545166015625
-6.1192779541015625,-42.56760025024414,6.726654052734375
-5.877250671386719,-42.43812942504883,7.4555511474609375
-5.6363067626953125,-42.25908660888672,8.2816162109375
-5.5614776611328125,-42.26856231689453,8.91943359375
-5.447059631347656,-42.26774215698242,9.540939331054688
-5.2799072265625,-42.20501708984375,10.305435180664062
-5.242408752441406,-42.100555419921875,11.166412353515625
-5.2545166015625,-41.81753158569336,12.207748413085938
-5.172698974609375,-41.70656967163086,13.0618896484375
-5.145713806152344,-41.419639587402344,13.862136840820312
-4.945152282714844,-41.13005065917969,14.930526733398438
-4.7513885498046875,-40.576385498046875,16.047088623046875
-4.624053955078125,-40.14798355102539,17.203277587890625
-4.668937683105469,-39.683719635009766,18.320724487304688
-4.6518402099609375,-39.1782341003418,19.431137084960938
-4.659271240234375,-38.5654411315918,20.658493041992188
-4.463371276855469,-37.99198913574219,21.652633666992188
-4.438545227050781,-37.367523193359375,22.685836791992188
-4.416252136230469,-36.83274459838867,23.781234741210938
-4.2923736572265625,-36.191043853759766,24.748123168945312
-4.29180908203125,-35.56776428222656,25.58770751953125
-4.257194519042969,-34.8862419128418,26.32098388671875
-4.262168884277344,-34.18976593017578,27.076339721679688
-3.99169921875,-33.6681022644043,28.060287475585938
-3.928863525390625,-33.03524398803711,29.02557373046875
-3.5725784301757812,-32.50070571899414,29.792984008789062
-3.3133316040039062,-31.92789077758789,30.410202026367188
-2.90313720703125,-31.239627838134766,30.988723754882812
-2.651763916015625,-30.648582458496094,31.693099975585938
-2.2417678833007812,-30.23892593383789,32.27375793457031
-1.8233871459960938,-29.90094757080078,32.92835998535156
-1.5197296142578125,-29.431514739990234,33.293548583984375
-1.0850677490234375,-29.051799774169922,33.58428955078125
-0.4817657470703125,-28.682147979736328,33.99516296386719
-0.124847412109375,-28.379112243652344,34.23114013671875
0.0699920654296875,-28.012191772460938,34.39312744140625
0.35506439208984375,-27.692455291748047,34.691650390625
0.5167388916015625,-27.337692260742188,34.9237060546875
0.31226348876953125,-27.141273498535156,35.06059265136719
0.22724151611328125,-26.78032684326172,35.45124816894531
0.0235748291015625,-26.417129516601562,35.79437255859375
-0.27507781982421875,-26.098876953125,36.128448486328125
-0.37862396240234375,-25.753562927246094,36.39984130859375
-0.523101806640625,-25.55725860595703,36.70509338378906
-0.48470306396484375,-25.318077087402344,36.893157958984375
-0.5738601684570312,-25.235946655273438,36.9560546875
-0.6922149658203125,-25.182296752929688,36.968536376953125
-0.8288650512695312,-25.06952667236328,37.065673828125
-1.0064315795898438,-24.874061584472656,37.09928894042969
-1.025238037109375,-24.673797607421875,37.16615295410156
-0.9597930908203125,-24.48529815673828,37.36265563964844
-1.0609817504882812,-24.316741943359375,37.68975830078125
-1.27899169921875,-24.055648803710938,37.78369140625
-1.4502334594726562,-23.821449279785156,37.82843017578125
-1.67950439453125,-23.597999572753906,37.8697509765625
-1.89251708984375,-23.279052734375,37.97135925292969
-2.0685806274414062,-23.015472412109375,38.20269775390625
-2.2135162353515625,-22.71612548828125,38.31748962402344
-2.428558349609375,-22.670196533203125,38.45735168457031
-2.6505889892578125,-22.614013671875,38.505645751953125
-2.9075546264648438,-22.324363708496094,38.5711669921875
-3.0008697509765625,-22.22325897216797,38.434783935546875
-3.0774993896484375,-22.176734924316406,38.46272277832031
-3.146453857421875,-21.970802307128906,38.535614013671875
-3.1657867431640625,-21.880836486816406,38.52789306640625
-3.182403564453125,-21.806610107421875,38.5919189453125
-3.2225341796875,-21.628814697265625,38.78985595703125
-3.2250595092773438,-21.494606018066406,38.8321533203125
-3.2400436401367188,-21.529220581054688,38.98748779296875
-3.2293548583984375,-21.599342346191406,39.039947509765625
-3.2377090454101562,-21.72388458251953,39.156524658203125
-2.9660186767578125,-21.830215454101562,39.08894348144531
-2.7725143432617188,-21.86937713623047,38.918701171875
-2.67755126953125,-21.90277862548828,38.877716064453125
-2.480804443359375,-21.96881866455078,38.723175048828125
-2.320526123046875,-22.02362823486328,38.80912780761719
-2.3863067626953125,-22.020355224609375,38.752532958984375
-2.4394989013671875,-22.011573791503906,38.73944091796875
-2.6087112426757812,-21.925979614257812,38.76033020019531
-2.5721817016601562,-21.704132080078125,38.85816955566406
-2.6208038330078125,-21.51421356201172,38.90850830078125
-2.8074569702148438,-21.418174743652344,38.93946838378906
-2.9162368774414062,-21.431854248046875,39.004119873046875
-2.9997940063476562,-21.481765747070312,38.89396667480469
-3.138092041015625,-21.44835662841797,38.882476806640625
-3.1463851928710938,-21.454116821289062,38.91448974609375
-3.1665496826171875,-21.50511932373047,39.02052307128906
-3.1912841796875,-21.59124755859375,38.95732116699219
-3.3387451171875,-21.600860595703125,38.95489501953125
-3.2673797607421875,-21.6429443359375,39.05198669433594
-3.31878662109375,-21.636672973632812,39.102325439453125
-3.3616943359375,-21.59203338623047,39.17919921875
-3.4976425170898438,-21.59955596923828,39.073272705078125
-3.6579513549804688,-21.533653259277344,38.9676513671875
-3.6278610229492188,-21.472076416015625,38.83551025390625
-3.5912399291992188,-21.418792724609375,38.95484924316406
-3.642791748046875,-21.40813446044922,38.931427001953125
-3.5392227172851562,-21.466468811035156,38.994049072265625
-3.431915283203125,-21.360137939453125,39.08317565917969
-3.3376541137695312,-21.366661071777344,39.1619873046875
-3.3602218627929688,-21.30523681640625,39.16191101074219
-3.4045562744140625,-21.322509765625,39.27040100097656
-3.3835525512695312,-21.37474822998047,39.18894958496094
-3.3185348510742188,-21.34058380126953,39.006072998046875
-3.2966461181640625,-21.26421356201172,38.905487060546875
-3.0988998413085938,-21.177879333496094,39.00148010253906
-3.0112380981445312,-21.138137817382812,38.9609375
-2.9329986572265625,-21.171554565429688,39.05902099609375
-2.8886337280273438,-21.23609161376953,39.257568359375
-3.0528793334960938,-21.223297119140625,39.36848449707031
-3.211578369140625,-21.20050811767578,39.32798767089844
-3.1792144775390625,-21.11328887939453,39.31414794921875
-3.3441009521484375,-20.9896240234375,39.19667053222656
-3.3189315795898438,-20.82323455810547,39.10459899902344
-3.3878707885742188,-20.668373107910156,39.21144104003906
-3.48126220703125,-20.66089630126953,39.343170166015625
-3.4973983764648438,-20.6781005859375,39.41514587402344
-3.465179443359375,-20.544097900390625,39.43644714355469
-3.4787063598632812,-20.41864776611328,39.48194885253906
-3.552337646484375,-20.354888916015625,39.444732666015625
-3.6558074951171875,-20.28290557861328,39.40083312988281
-3.6662216186523438,-20.098861694335938,39.47479248046875
-3.784210205078125,-19.902183532714844,39.61376953125
-3.9738235473632812,-19.92547607421875,39.618499755859375
-3.8428115844726562,-20.21166229248047,39.330718994140625
-3.7168350219726562,-20.55970001220703,39.27105712890625
-3.73834228515625,-20.80719757080078,39.449310302734375
-3.4798812866210938,-20.968215942382812,39.488555908203125
-3.350921630859375,-21.076332092285156,39.48167419433594
-3.350921630859375,-21.076332092285156,39.48167419433594
-3.1634140014648438,-21.138412475585938,39.24635314941406
-3.0242919921875,-21.216949462890625,39.13560485839844
-3.0841522216796875,-21.43346405029297,38.92762756347656
-3.057220458984375,-21.738502502441406,38.714324951171875
-2.9835052490234375,-21.815696716308594,38.650177001953125
-2.8824539184570312,-21.90424346923828,38.53466796875
-2.9936141967773438,-22.083038330078125,38.26506042480469
-3.1118392944335938,-22.163246154785156,38.283843994140625
-3.0114364624023438,-22.272613525390625,38.37815856933594
-2.8933944702148438,-22.513458251953125,38.39385986328125
-2.8005599975585938,-22.822677612304688,38.3079833984375
-2.6690597534179688,-23.071128845214844,38.16845703125
-2.5871963500976562,-23.22441864013672,37.99797058105469
-2.6102752685546875,-23.430770874023438,37.85418701171875
-2.9299087524414062,-23.56359100341797,37.77815246582031
-3.0253219604492188,-23.449478149414062,37.754486083984375
-3.1321640014648438,-23.478729248046875,37.7828369140625
-3.3588943481445312,-23.435745239257812,37.77447509765625
-3.496734619140625,-23.401573181152344,37.68940734863281
-3.6427993774414062,-23.424652099609375,37.68731689453125
-3.7813186645507812,-23.499038696289062,37.77708435058594
-3.8278732299804688,-23.5428466796875,37.89216613769531
-3.8938217163085938,-23.69732666015625,37.89274597167969
-3.8079071044921875,-23.657272338867188,37.82685852050781
-3.485015869140625,-23.468658447265625,37.85699462890625
-3.39031982421875,-23.413185119628906,38.05009460449219
-3.0604095458984375,-23.390182495117188,38.095062255859375
-3.0022811889648438,-23.342727661132812,38.12312316894531
-2.8507308959960938,-23.313095092773438,38.03132629394531
-2.7335891723632812,-23.276016235351562,38.06135559082031
-2.671234130859375,-23.20214080810547,37.99861145019531
-2.8090286254882812,-23.32848358154297,38.02470397949219
-2.7997207641601562,-23.306419372558594,37.90869140625
-2.72735595703125,-23.31273651123047,37.85833740234375
-2.7428359985351562,-23.235153198242188,37.83366394042969
-2.5698699951171875,-23.153465270996094,37.907501220703125
-2.52197265625,-23.216102600097656,38.05230712890625
-2.5046615600585938,-23.331504821777344,37.97926330566406
-2.4704132080078125,-23.26848602294922,38.05503845214844
-2.3841781616210938,-23.34918975830078,38.0950927734375
-2.3594589233398438,-23.428550720214844,38.110015869140625
-2.3425979614257812,-23.391456604003906,38.187164306640625
-2.2972946166992188,-23.399063110351562,38.30226135253906
-2.1478958129882812,-23.359603881835938,38.23834228515625
-2.0857315063476562,-23.221466064453125,38.23908996582031
-2.1363983154296875,-23.201553344726562,38.12406921386719
-2.1180953979492188,-23.211753845214844,38.21720886230469
-2.0730743408203125,-23.317337036132812,38.26026916503906
-2.12225341796875,-23.408706665039062,38.308319091796875
-2.0221176147460938,-23.463279724121094,38.3414306640625
-1.971954345703125,-23.327529907226562,38.29017639160156
-1.922515869140625,-23.41485595703125,38.25160217285156
-1.8705215454101562,-23.471878051757812,38.311065673828125
-1.8638687133789062,-23.481727600097656,38.23138427734375
-1.7663192749023438,-23.327491760253906,38.208648681640625
-1.7222976684570312,-23.256797790527344,38.2020263671875
-1.7586746215820312,-23.169586181640625,38.14051818847656
-1.6830902099609375,-23.179603576660156,38.24217224121094
-1.6769561767578125,-23.11553955078125,38.26220703125
-1.550506591796875,-23.13878631591797,38.191802978515625
-1.4990692138671875,-23.204612731933594,38.17698669433594
-1.4918975830078125,-23.200332641601562,38.17289733886719
-1.5186309814453125,-23.167953491210938,38.13197326660156
-1.6134872436523438,-23.155960083007812,38.259735107421875
-1.530914306640625,-23.128814697265625,38.299835205078125
-1.6867523193359375,-23.237022399902344,38.15641784667969
-1.7326431274414062,-23.30992889404297,38.18373107910156
-1.6731643676757812,-23.257888793945312,38.239898681640625
-1.7489776611328125,-23.402236938476562,38.17401123046875
-1.6876296997070312,-23.456802368164062,38.133880615234375
-1.6543121337890625,-23.322586059570312,38.25260925292969
-1.7735137939453125,-23.19451141357422,38.40025329589844
-1.6629104614257812,-23.223907470703125,38.313140869140625
-1.8278274536132812,-23.204818725585938,38.21308898925781
-1.8802719116210938,-23.322265625,38.20416259765625
-1.757049560546875,-23.39897918701172,38.204315185546875
-1.8432998657226562,-23.412818908691406,38.269683837890625
-1.8773727416992188,-23.40068817138672,38.451904296875
-1.89129638671875,-23.386795043945312,38.376678466796875
-1.863372802734375,-23.475936889648438,38.4132080078125
-1.8113555908203125,-23.42339324951172,38.312774658203125
-1.7672119140625,-23.482696533203125,38.13465881347656
-1.9411468505859375,-23.498565673828125,38.22322082519531
-1.9945907592773438,-23.488319396972656,38.31379699707031
-1.9249420166015625,-23.46624755859375,38.1552734375
-1.9336395263671875,-23.42523193359375,38.15684509277344
-1.8979568481445312,-23.50958251953125,38.147979736328125
-1.9064788818359375,-23.60424041748047,37.99330139160156
-1.9990158081054688,-23.459983825683594,38.01408386230469
-1.8266830444335938,-23.539321899414062,38.0238037109375
-1.7894744873046875,-23.69269561767578,38.15216064453125
-1.9065017700195312,-23.607452392578125,38.29273986816406
-1.9288101196289062,-23.580596923828125,38.313201904296875
-1.9865036010742188,-23.544837951660156,38.16368103027344
-1.87799072265625,-23.543983459472656,38.15516662597656
-1.7887420654296875,-23.562271118164062,38.30470275878906
-1.8004684448242188,-23.49188995361328,38.36439514160156
-1.8727035522460938,-23.548202514648438,38.28375244140625
-1.881683349609375,-23.597854614257812,38.306854248046875
-1.8712615966796875,-23.537574768066406,38.322601318359375
-1.8268585205078125,-23.606597900390625,38.27903747558594
-1.77520751953125,-23.72563934326172,38.28907775878906
-1.6541824340820312,-23.611862182617188,38.19627380371094
-1.6376724243164062,-23.579673767089844,38.02207946777344
-1.7896041870117188,-23.50330352783203,38.02392578125
-1.859283447265625,-23.471176147460938,38.14405822753906
-1.894073486328125,-23.436378479003906,38.01573181152344
-1.902313232421875,-23.399505615234375,37.9007568359375
-1.8422088623046875,-23.455413818359375,37.9871826171875
-1.9427413940429688,-23.488006591796875,38.25404357910156
-1.8959503173828125,-23.310531616210938,38.32392883300781
-1.8751449584960938,-23.442893981933594,38.338287353515625
-1.7863693237304688,-23.52393341064453,38.309173583984375
-1.738616943359375,-23.552993774414062,38.31471252441406
-1.6480560302734375,-23.58197784423828,38.32530212402344
-1.6380538940429688,-23.53649139404297,38.2327880859375
-1.5747451782226562,-23.560165405273438,38.209442138671875
-1.6156845092773438,-23.57152557373047,38.19384765625
-1.690704345703125,-23.514251708984375,38.161834716796875
-1.7612686157226562,-23.44300079345703,38.17823791503906
-1.679931640625,-23.42144012451172,38.043060302734375
-1.672515869140625,-23.524696350097656,38.005889892578125
-1.6884994506835938,-23.567367553710938,38.13703918457031
-1.7314376831054688,-23.597213745117188,38.18675231933594
-1.6480026245117188,-23.437538146972656,38.139739990234375
-1.687347412109375,-23.405380249023438,38.140106201171875
-1.6778182983398438,-23.377662658691406,38.01432800292969
-1.6891021728515625,-23.47063446044922,38.088287353515625
-1.691314697265625,-23.434242248535156,38.088775634765625
-1.734222412109375,-23.460830688476562,37.98432922363281
-1.8167266845703125,-23.48595428466797,37.97773742675781
-1.7678146362304688,-23.46167755126953,37.85877990722656
-1.7181320190429688,-23.42871856689453,37.91375732421875
-1.739105224609375,-23.462745666503906,37.98762512207031
-1.6458358764648438,-23.522598266601562,38.139373779296875
-1.5336227416992188,-23.640846252441406,38.12554931640625
-1.5171661376953125,-23.82019805908203,38.23509216308594
-1.6556472778320312,-23.666664123535156,38.40995788574219
-1.51715087890625,-23.64086151123047,38.37385559082031
-1.5163421630859375,-23.73279571533203,38.25321960449219
-1.3786697387695312,-23.638450622558594,38.259796142578125
-1.5217819213867188,-23.62165069580078,38.323333740234375
-1.6877899169921875,-23.439178466796875,38.4208984375
-1.5970535278320312,-23.488494873046875,38.52571105957031
-1.6461029052734375,-23.416900634765625,38.46424865722656
-1.5960006713867188,-23.334556579589844,38.469482421875
-1.546905517578125,-23.39068603515625,38.22364807128906
-1.5552978515625,-23.468719482421875,38.12841796875
-1.4847335815429688,-23.546974182128906,37.99163818359375
-1.5369415283203125,-23.575485229492188,38.09498596191406
-1.5473556518554688,-23.53662872314453,38.11126708984375
-1.5441741943359375,-23.508163452148438,38.132171630859375
-1.5526809692382812,-23.57129669189453,38.26959228515625
-1.4712066650390625,-23.602645874023438,38.230010986328125
-1.3835830688476562,-23.47808074951172,38.016448974609375
-1.473175048828125,-23.399757385253906,37.827178955078125
-1.5496597290039062,-23.41057586669922,37.83222961425781
-1.4847793579101562,-23.490493774414062,37.8145751953125
-1.4798583984375,-23.596145629882812,37.80021667480469
-1.5059127807617188,-23.68994903564453,38.05418395996094
-1.5755081176757812,-23.81365203857422,38.10614013671875
-1.6309661865234375,-23.865623474121094,38.10301208496094
-1.6579742431640625,-23.701171875,38.158447265625
-1.7716751098632812,-23.745574951171875,38.14350891113281
-1.8420333862304688,-23.58586883544922,37.97697448730469
-1.7583999633789062,-23.434432983398438,38.019317626953125
-1.8129501342773438,-23.44341278076172,37.86834716796875
-1.8243942260742188,-23.489028930664062,37.73577880859375
-1.7322769165039062,-23.595779418945312,37.71075439453125
-1.6727981567382812,-23.563514709472656,37.72547912597656
-1.5080184936523438,-23.537643432617188,37.695159912109375
-1.6445465087890625,-23.55750274658203,37.71826171875
-1.7001113891601562,-23.51544189453125,37.65754699707031
-1.8166351318359375,-23.5540771484375,37.6258544921875
-1.763214111328125,-23.67949676513672,37.75325012207031
-1.8020172119140625,-23.72064971923828,37.88661193847656
-1.7297515869140625,-23.687904357910156,38.120697021484375
-1.6377410888671875,-23.648956298828125,38.137481689453125
-1.64471435546875,-23.680892944335938,38.13514709472656
-1.7948837280273438,-23.802024841308594,38.19670104980469
-1.7784500122070312,-23.796401977539062,38.17022705078125
-1.8093185424804688,-23.717689514160156,38.14149475097656
-1.829681396484375,-23.69164276123047,38.24589538574219
-1.6667709350585938,-23.699371337890625,38.22117614746094
-1.8040924072265625,-23.616241455078125,38.21405029296875
-1.729644775390625,-23.564056396484375,38.12953186035156
-1.6572723388671875,-23.638290405273438,38.17384338378906
-1.6998138427734375,-23.70172119140625,38.24732971191406
-1.64654541015625,-23.848243713378906,38.21946716308594
-1.8101959228515625,-23.82989501953125,38.190765380859375
-1.8104705810546875,-23.80522918701172,38.28240966796875
-1.831573486328125,-23.858474731445312,38.282196044921875
-1.7703323364257812,-23.842742919921875,38.20623779296875
-1.9544448852539062,-23.81037139892578,38.202117919921875
-1.9234161376953125,-23.79071044921875,38.23390197753906
-1.9296417236328125,-23.745994567871094,38.4671630859375
-1.8937911987304688,-23.71422576904297,38.55305480957031
-1.7866744995117188,-23.75103759765625,38.61006164550781
-1.7250518798828125,-23.79888916015625,38.77874755859375
-1.6891632080078125,-23.966140747070312,38.81419372558594
-1.76104736328125,-23.94489288330078,38.80397033691406
-1.7835235595703125,-23.9295654296875,38.72962951660156
-1.8531036376953125,-23.87200164794922,38.6336669921875
-1.8267822265625,-23.859451293945312,38.68121337890625
-1.8703842163085938,-23.8040771484375,38.75971984863281
-1.8690719604492188,-23.83233642578125,38.73638916015625
-1.8517532348632812,-23.85675811767578,38.654083251953125
-1.8802490234375,-23.824119567871094,38.63285827636719
-1.7443084716796875,-23.847984313964844,38.77458190917969
-1.6534957885742188,-23.751922607421875,38.62432861328125
-1.6657791137695312,-23.732933044433594,38.64561462402344
-1.6441802978515625,-23.642410278320312,38.61112976074219
-1.6812591552734375,-23.602615356445312,38.609161376953125
-1.71630859375,-23.58826446533203,38.58909606933594
-1.6952056884765625,-23.69658660888672,38.73463439941406
-1.6641693115234375,-23.615013122558594,38.72833251953125
-1.5761566162109375,-23.528343200683594,38.599700927734375
-1.701202392578125,-23.515487670898438,38.606475830078125
-1.7217025756835938,-23.513427734375,38.51513671875
-1.6507949829101562,-23.596580505371094,38.55723571777344
-1.7878952026367188,-23.611373901367188,38.6412353515625
-1.8738784790039062,-23.735633850097656,38.58319091796875
-1.8979873657226562,-23.73955535888672,38.75645446777344
-1.7597427368164062,-23.655532836914062,38.898712158203125
-1.65740966796875,-23.49640655517578,38.796600341796875
-1.72283935546875,-23.442626953125,38.68547058105469
-1.8072433471679688,-23.560821533203125,38.646209716796875
-1.8650360107421875,-23.55657958984375,38.49871826171875
-1.8423233032226562,-23.454681396484375,38.49476623535156
-1.85662841796875,-23.49866485595703,38.609039306640625
-1.8298721313476562,-23.390235900878906,38.73945617675781
-1.7222137451171875,-23.39916229248047,38.81150817871094
-1.7362518310546875,-23.388648986816406,38.673004150390625
-1.7947158813476562,-23.456512451171875,38.64311218261719
-1.6874160766601562,-23.56726837158203,38.58894348144531
-1.645263671875,-23.622604370117188,38.60493469238281
-1.7636489868164062,-23.720916748046875,38.62254333496094
-1.6018218994140625,-23.59014129638672,38.644500732421875
-1.6675262451171875,-23.578079223632812,38.47705078125
-1.8112335205078125,-23.56915283203125,38.422027587890625
-1.855377197265625,-23.52845001220703,38.40666198730469
-1.7442169189453125,-23.527435302734375,38.28755187988281
-1.8279647827148438,-23.494651794433594,38.2890625
-1.8307723999023438,-23.444602966308594,38.21070861816406
-1.877899169921875,-23.571884155273438,38.16371154785156
-1.6100311279296875,-23.563705444335938,38.18597412109375
-1.6436614990234375,-23.535133361816406,38.12934875488281
-1.6812896728515625,-23.59967041015625,38.15411376953125
-1.7312774658203125,-23.47270965576172,38.15992736816406
-1.7064971923828125,-23.47820281982422,38.18980407714844
-1.6770248413085938,-23.447998046875,38.111663818359375
-1.7913894653320312,-23.429283142089844,38.24859619140625
-1.8471221923828125,-23.50928497314453,38.211029052734375
-1.776580810546875,-23.555938720703125,38.06669616699219
-1.6874008178710938,-23.58734130859375,38.00129699707031
-1.6585769653320312,-23.595840454101562,38.02459716796875
-1.6266632080078125,-23.540481567382812,38.018951416015625
-1.7104034423828125,-23.527587890625,38.03857421875
-1.761566162109375,-23.664886474609375,38.10523986816406
-1.8142776489257812,-23.72454833984375,38.10595703125
-1.8478164672851562,-23.716941833496094,38.26713562011719
-1.8330230712890625,-23.621376037597656,38.30393981933594
-1.8098373413085938,-23.7183837890625,38.13798522949219
-1.8709640502929688,-23.564804077148438,38.294036865234375
-1.7364425659179688,-23.58465576171875,38.349609375
-1.8217926025390625,-23.595458984375,38.180908203125
-1.8871612548828125,-23.48686981201172,38.12538146972656
-1.69476318359375,-23.538314819335938,38.208251953125
-1.650238037109375,-23.5557861328125,38.23704528808594
-1.7279129028320312,-23.60650634765625,38.228851318359375
-1.8346023559570312,-23.569244384765625,38.30418395996094
-1.75408935546875,-23.524986267089844,38.30732727050781
-1.772857666015625,-23.417030334472656,38.34336853027344
-1.7956466674804688,-23.365028381347656,38.42875671386719
-1.8570022583007812,-23.3887939453125,38.45201110839844
-1.7248077392578125,-23.406578063964844,38.561065673828125
-1.8298110961914062,-23.384841918945312,38.47737121582031
-1.8943939208984375,-23.43669891357422,38.322509765625
-1.9490280151367188,-23.49102783203125,38.32496643066406
-1.8612289428710938,-23.457969665527344,38.371795654296875
-1.8209762573242188,-23.418167114257812,38.43048095703125
-1.7827529907226562,-23.395652770996094,38.361572265625
-1.8019790649414062,-23.42475128173828,38.29466247558594
-1.77911376953125,-23.344573974609375,38.42254638671875
-1.7975921630859375,-23.34680938720703,38.34263610839844
-1.8669967651367188,-23.432762145996094,38.23127746582031
-1.9652099609375,-23.336769104003906,38.234619140625
-1.9928131103515625,-23.4444580078125,38.41163635253906
-2.01123046875,-23.462974548339844,38.46728515625
-1.8929901123046875,-23.55597686767578,38.5103759765625
-1.9284210205078125,-23.588035583496094,38.50250244140625
-1.9427566528320312,-23.593162536621094,38.38404846191406
-1.9214248657226562,-23.605857849121094,38.37065124511719
-1.9895477294921875,-23.560958862304688,38.25721740722656
-1.96337890625,-23.65442657470703,38.1702880859375
-2.1186447143554688,-23.623512268066406,38.28985595703125
-2.02349853515625,-23.60900115966797,38.130706787109375
-1.9904098510742188,-23.624305725097656,38.189849853515625
-1.9459075927734375,-23.583541870117188,38.0782470703125
-1.9271316528320312,-23.59221649169922,38.00312805175781
-1.9091339111328125,-23.53626251220703,37.900604248046875
-1.8983078002929688,-23.493865966796875,37.91212463378906
-1.7870101928710938,-23.512908935546875,37.91902160644531
-1.8954544067382812,-23.54016876220703,37.9442138671875
-1.8715133666992188,-23.522964477539062,37.94157409667969
-1.7802505493164062,-23.590423583984375,37.9573974609375
-1.7748489379882812,-23.495887756347656,37.96299743652344
-1.7901229858398438,-23.506675720214844,38.0679931640625
-1.7807846069335938,-23.593887329101562,38.10545349121094
-1.83782958984375,-23.54962921142578,37.97894287109375
-1.97998046875,-23.554214477539062,38.023590087890625
-1.8658676147460938,-23.59514617919922,37.92626953125
-1.839508056640625,-23.60810089111328,37.91729736328125
-1.7751922607421875,-23.56879425048828,38.130340576171875
-1.7804183959960938,-23.429420471191406,38.07460021972656
-1.8986663818359375,-23.509315490722656,38.03120422363281
-1.9971542358398438,-23.427474975585938,38.00872802734375
-2.0283126831054688,-23.488082885742188,38.14103698730469
-1.8478240966796875,-23.48450469970703,38.03009033203125
-1.8632049560546875,-23.53533935546875,38.09584045410156
-1.9318084716796875,-23.6751708984375,38.047454833984375
-2.0019989013671875,-23.657241821289062,37.92127990722656
-2.0030670166015625,-23.6446533203125,37.88922119140625
-1.9229660034179688,-23.63703155517578,37.86085510253906
-1.964508056640625,-23.665138244628906,37.95396423339844
-1.94049072265625,-23.560516357421875,38.06129455566406
-1.9445648193359375,-23.533676147460938,38.09123229980469
-2.1130523681640625,-23.604644775390625,38.219573974609375
-2.1877822875976562,-23.610488891601562,38.241180419921875
-2.1816558837890625,-23.571090698242188,38.11900329589844
-1.9831619262695312,-23.509429931640625,38.1802978515625
-1.8209915161132812,-23.431503295898438,38.19844055175781
-1.9402542114257812,-23.328079223632812,38.127410888671875
-2.0462417602539062,-23.276954650878906,38.11836242675781
-2.2159805297851562,-23.293724060058594,38.216796875
-2.1500396728515625,-23.38616180419922,38.168853759765625
-2.0277252197265625,-23.44153594970703,38.078887939453125
-2.0039901733398438,-23.515701293945312,37.90571594238281
-1.915496826171875,-23.558494567871094,37.84126281738281
-1.8387985229492188,-23.583778381347656,37.961273193359375
-1.7728424072265625,-23.542823791503906,37.97798156738281
-1.8539352416992188,-23.419036865234375,38.09663391113281
-1.8124160766601562,-23.390243530273438,38.11405944824219
-1.8084793090820312,-23.493865966796875,38.05290222167969
-1.8548583984375,-23.601303100585938,37.9058837890625
-1.7781600952148438,-23.628868103027344,37.7130126953125
-1.9321441650390625,-23.550445556640625,37.65428161621094
-1.8000640869140625,-23.515289306640625,37.61767578125
-1.81927490234375,-23.579818725585938,37.66127014160156
-1.80743408203125,-23.537818908691406,37.67021179199219
-1.85400390625,-23.436859130859375,37.744903564453125
-1.832794189453125,-23.442581176757812,37.82330322265625
-1.6754302978515625,-23.46502685546875,37.68898010253906
-1.7050018310546875,-23.496841430664062,37.67662048339844
-1.6704177856445312,-23.49652099609375,37.8082275390625
-1.6201019287109375,-23.43852996826172,37.84361267089844
-1.6798477172851562,-23.436683654785156,37.73313903808594
-1.7713394165039062,-23.461318969726562,37.631439208984375
-1.7809371948242188,-23.469642639160156,37.67750549316406
-1.922698974609375,-23.459022521972656,37.7020263671875
-1.922698974609375,-23.459022521972656,37.7020263671875
-2.2062530517578125,-23.443283081054688,37.692901611328125
-2.2485885620117188,-23.41674041748047,37.8173828125
-2.2960433959960938,-23.39129638671875,37.85527038574219
-2.359161376953125,-23.41063690185547,37.83805847167969
-2.6074142456054688,-23.41783905029297,37.838043212890625
-2.657806396484375,-23.41930389404297,37.83587646484375
-2.7811279296875,-23.478675842285156,37.95172119140625
-2.9084091186523438,-23.50249481201172,37.997039794921875
-3.09832763671875,-23.473678588867188,37.96397399902344
-3.1976089477539062,-23.408065795898438,37.847625732421875
-3.2678680419921875,-23.41240692138672,37.6610107421875
-3.4048614501953125,-23.35668182373047,37.65339660644531
-3.521392822265625,-23.346878051757812,37.72789001464844
-3.5589218139648438,-23.471969604492188,37.99488830566406
-3.5633621215820312,-23.49919891357422,38.12542724609375
-3.7114028930664062,-23.43334197998047,38.22784423828125
-3.7001953125,-23.47705078125,38.2098388671875
-3.8747711181640625,-23.36322784423828,38.21954345703125
-3.83642578125,-23.414268493652344,38.10630798339844
-3.896728515625,-23.25988006591797,38.09492492675781
-4.0536651611328125,-23.266090393066406,38.09425354003906
-4.169700622558594,-23.2835693359375,37.968658447265625
-4.329170227050781,-23.104248046875,37.951751708984375
-4.559593200683594,-23.08216094970703,37.86289978027344
-4.751716613769531,-23.027915954589844,37.84748840332031
-4.888954162597656,-22.950759887695312,37.9271240234375
-4.95269775390625,-22.958518981933594,37.768768310546875
-5.0823822021484375,-22.853492736816406,37.74150085449219
-5.278564453125,-22.76787567138672,37.721832275390625
-5.510002136230469,-22.725021362304688,37.786834716796875
-5.7209625244140625,-22.62646484375,37.77996826171875
-5.925331115722656,-22.514984130859375,37.85646057128906
-6.162193298339844,-22.394912719726562,37.96293640136719
-6.278846740722656,-22.282028198242188,37.90596008300781
-6.4751739501953125,-22.322998046875,37.864898681640625
-6.5895538330078125,-22.299598693847656,37.89918518066406
-6.712989807128906,-22.047927856445312,37.79144287109375
-6.930503845214844,-21.98846435546875,37.88749694824219
-7.1170501708984375,-21.937721252441406,37.94657897949219
-7.345245361328125,-21.890541076660156,38.00273132324219
-7.349273681640625,-21.872581481933594,37.910736083984375
-7.401115417480469,-21.873390197753906,37.956695556640625
-7.5666656494140625,-21.989402770996094,37.89247131347656
-7.604606628417969,-21.99994659423828,37.94224548339844
-7.579536437988281,-22.074722290039062,37.91845703125
-7.411476135253906,-22.02252960205078,37.89509582519531
-7.257904052734375,-22.17028045654297,37.81739807128906
-7.134979248046875,-22.08698272705078,37.82749938964844
-7.084373474121094,-22.07147216796875,38.135162353515625
-7.160423278808594,-22.04877471923828,38.15888977050781
-6.970008850097656,-21.902740478515625,38.20005798339844
-6.8103485107421875,-21.8114013671875,38.044647216796875
-6.705268859863281,-21.611068725585938,38.17951965332031
-6.5950775146484375,-21.428665161132812,38.27386474609375
-6.6255340576171875,-21.363853454589844,38.30506896972656
-6.669120788574219,-21.427322387695312,38.14768981933594
-6.650871276855469,-21.714561462402344,38.044403076171875
-6.608177185058594,-21.90948486328125,38.010650634765625
-6.524261474609375,-22.29913330078125,37.82672119140625
-6.4059295654296875,-22.755615234375,37.540069580078125
-6.396942138671875,-23.22228240966797,37.09893798828125
-6.271385192871094,-23.854942321777344,36.77989196777344
-6.175544738769531,-24.57170867919922,36.445281982421875
-6.012702941894531,-25.333648681640625,35.97593688964844
-5.8732757568359375,-26.08934783935547,35.49189758300781
-5.774833679199219,-26.903648376464844,35.02955627441406
-5.572868347167969,-27.724998474121094,34.24110412597656
-5.168861389160156,-28.44314956665039,33.40757751464844
-4.804107666015625,-29.208168029785156,32.86689758300781
-4.351959228515625,-29.920860290527344,32.315185546875
-4.091438293457031,-30.750782012939453,31.527740478515625
-4.13348388671875,-31.574234008789062,30.769989013671875
-4.357818603515625,-32.52992248535156,30.063369750976562
-4.466606140136719,-33.466739654541016,29.083511352539062
-4.71881103515625,-34.27539825439453,28.1204833984375
-4.837409973144531,-35.08834457397461,27.1026611328125
-4.828865051269531,-35.77865982055664,26.094741821289062
-4.708381652832031,-36.38330841064453,25.226760864257812
-4.5199737548828125,-36.96847152709961,24.30072021484375
-4.266044616699219,-37.59294128417969,23.312149047851562
-4.0504913330078125,-37.96977615356445,22.71612548828125
-3.89178466796875,-38.43949508666992,22.276275634765625
-3.7005386352539062,-38.692588806152344,21.738189697265625
-3.762359619140625,-38.94147491455078,21.075790405273438
-3.659149169921875,-39.28861618041992,20.520736694335938
-3.5483322143554688,-39.45288848876953,20.090484619140625
-3.5533370971679688,-39.666439056396484,19.693695068359375
-3.6332931518554688,-39.745174407958984,19.52532958984375
-3.686187744140625,-39.90422821044922,19.186080932617188
-3.8726654052734375,-39.96449661254883,18.91790771484375
-4.0004730224609375,-40.08423614501953,18.803817749023438
-4.140220642089844,-40.211307525634766,18.681594848632812
-4.1536102294921875,-40.26234436035156,18.505355834960938
-4.180694580078125,-40.28455352783203,18.432037353515625
-4.241355895996094,-40.354698181152344,18.21392822265625
-4.40826416015625,-40.359676361083984,18.11749267578125
-4.481475830078125,-40.4598503112793,18.043548583984375
-4.4670257568359375,-40.48805618286133,18.071792602539062
-4.51580810546875,-40.45618438720703,18.193389892578125
-4.463226318359375,-40.364994049072266,18.244415283203125
-4.545021057128906,-40.28181838989258,18.489288330078125
-4.44293212890625,-40.1512336730957,18.660888671875
-4.4891510009765625,-40.14776611328125,18.884429931640625
-4.446685791015625,-40.026451110839844,18.971405029296875
-4.35150146484375,-39.95966720581055,19.0010986328125
-4.168312072753906,-39.879127502441406,18.9739990234375
-3.9848403930664062,-39.86636734008789,18.937255859375
-3.6623764038085938,-39.98067092895508,18.96331787109375
-3.2148895263671875,-40.086219787597656,18.909439086914062
-2.9119720458984375,-40.13837814331055,18.7059326171875
-2.5682373046875,-40.18132019042969,18.586471557617188
-2.2478408813476562,-40.23731231689453,18.379486083984375
-2.0829238891601562,-40.24502944946289,18.51031494140625
-1.921173095703125,-40.22344207763672,18.498794555664062
-1.8288650512695312,-40.29367446899414,18.73779296875
-1.640289306640625,-40.237239837646484,18.905227661132812
-1.5093154907226562,-40.21088409423828,19.109634399414062
-1.3549346923828125,-40.025386810302734,19.200836181640625
-1.3304519653320312,-39.93757629394531,19.33612060546875
-1.1403579711914062,-39.883338928222656,19.616317749023438
-0.9500732421875,-39.75780487060547,19.9256591796875
-0.7014541625976562,-39.71540832519531,20.125885009765625
-0.536102294921875,-39.64909744262695,20.107147216796875
-0.5060577392578125,-39.574947357177734,20.163131713867188
-0.3985443115234375,-39.412776947021484,20.325363159179688
-0.1545257568359375,-39.269283294677734,20.5345458984375
0.012237548828125,-39.30143737792969,20.6875
0.11043548583984375,-39.213687896728516,20.863571166992188
0.28375244140625,-39.19013214111328,21.101348876953125
0.4309234619140625,-39.274818420410156,21.321975708007812
0.5016555786132812,-39.15934753417969,21.285430908203125
0.44007110595703125,-38.964447021484375,21.577743530273438
0.33390045166015625,-38.936988830566406,21.706451416015625
0.3902740478515625,-38.79195785522461,21.8455810546875
0.5146713256835938,-38.80426788330078,21.9356689453125
0.5212020874023438,-38.82078552246094,22.120681762695312
0.5088424682617188,-38.673980712890625,22.099685668945312
0.5299148559570312,-38.566551208496094,22.139022827148438
0.503143310546875,-38.57612609863281,22.1541748046875
0.44374847412109375,-38.67090606689453,22.175933837890625
0.6373367309570312,-38.6339111328125,22.2255859375
0.7295379638671875,-38.66331481933594,22.256179809570312
0.7294692993164062,-38.68538284301758,22.237518310546875
0.7124557495117188,-38.71888732910156,22.236831665039062
0.6403274536132812,-38.555381774902344,22.252975463867188
0.6775436401367188,-38.47800827026367,22.425933837890625
0.5641555786132812,-38.38552474975586,22.524566650390625
0.5855255126953125,-38.31589889526367,22.549942016601562
0.7321243286132812,-38.179107666015625,22.580230712890625
0.7499847412109375,-37.99946975708008,22.73712158203125
0.6769866943359375,-37.8194465637207,22.699798583984375
0.6781997680664062,-37.67511749267578,22.839126586914062
0.8138809204101562,-37.4768180847168,22.92218017578125
0.7844696044921875,-37.383155822753906,23.112518310546875
0.6616973876953125,-37.11351013183594,23.2120361328125
0.5831756591796875,-36.951534271240234,23.5498046875
0.49407958984375,-36.65230178833008,23.8720703125
0.5212478637695312,-36.496402740478516,24.2718505859375
0.5721206665039062,-36.2045783996582,24.59796142578125
0.66290283203125,-35.997528076171875,24.743515014648438
0.9480819702148438,-35.90869903564453,25.108352661132812
1.0729522705078125,-35.76290512084961,25.476882934570312
1.3407135009765625,-35.487545013427734,26.033035278320312
1.5512924194335938,-35.209774017333984,26.734588623046875
1.715667724609375,-34.93803024291992,27.516021728515625
2.0398101806640625,-34.78092575073242,28.359619140625
2.4222869873046875,-34.570343017578125,29.249496459960938
2.8502273559570312,-34.52177047729492,30.287353515625
3.1943130493164062,-34.48876953125,31.2838134765625
3.5380401611328125,-34.339500427246094,32.49061584472656
3.7870635986328125,-34.170555114746094,33.535430908203125
3.7480697631835938,-33.839942932128906,34.77705383300781
3.8190383911132812,-33.3474235534668,36.077117919921875
3.6059722900390625,-32.50669479370117,37.50691223144531
3.2638626098632812,-31.459293365478516,38.946990966796875
2.80242919921875,-29.873760223388672,40.332061767578125
1.9654998779296875,-27.847911834716797,41.81727600097656
0.8735198974609375,-25.256866455078125,43.08409118652344
-0.75775146484375,-21.952545166015625,43.80419921875
-2.6430816650390625,-18.224815368652344,43.8106689453125
-4.976890563964844,-14.142814636230469,42.9136962890625
-7.384552001953125,-10.319847106933594,40.527374267578125
-9.729293823242188,-7.387382507324219,36.75834655761719
-11.505119323730469,-5.861763000488281,32.10223388671875
-12.797378540039062,-5.7569122314453125,27.179855346679688
-13.833854675292969,-7.085823059082031,22.596389770507812
-15.807113647460938,-7.433662414550781,17.229476928710938
-18.64483642578125,-2.6315536499023438,9.762283325195312
-20.508575439453125,4.718940734863281,3.0826873779296875
-21.244773864746094,8.619232177734375,-0.1660919189453125
-21.442214965820312,9.716293334960938,-1.136474609375
-21.52533721923828,10.079605102539062,-1.1537933349609375
-21.63806915283203,10.194618225097656,-1.1556396484375
-21.72907257080078,10.252670288085938,-0.90728759765625
-21.685317993164062,10.298248291015625,-0.80059814453125
-21.74755096435547,10.482818603515625,-0.875762939453125
-21.77690887451172,10.4095458984375,-0.8544921875
-21.747482299804688,10.429519653320312,-0.9803009033203125
-21.722251892089844,10.412132263183594,-1.1011199951171875
-21.74365234375,10.344367980957031,-1.15283203125
-21.619407653808594,10.40533447265625,-1.0517120361328125
-21.62494659423828,10.457778930664062,-0.93267822265625
-21.61115264892578,10.456573486328125,-0.7382354736328125
-21.62299346923828,10.487052917480469,-0.615570068359375
-21.52613067626953,10.562446594238281,-0.484222412109375
-21.371688842773438,10.792633056640625,-0.129119873046875
-21.293472290039062,11.012199401855469,0.022247314453125
-21.32146453857422,11.209068298339844,0.2681884765625
-21.3697509765625,11.502456665039062,0.5886993408203125
-21.336196899414062,11.634613037109375,0.8460845947265625
-21.36518096923828,11.823974609375,1.2039031982421875
-21.265304565429688,11.960968017578125,1.597381591796875
-21.166481018066406,12.048736572265625,1.950958251953125
-21.15569305419922,12.089981079101562,2.1608123779296875
-21.02019500732422,12.278396606445312,2.434539794921875
-20.935447692871094,12.39263916015625,2.81646728515625
-20.90936279296875,12.632827758789062,2.90985107421875
-20.69153594970703,12.720863342285156,2.9883880615234375
-20.363365173339844,12.849563598632812,3.1073760986328125
-20.258132934570312,13.0404052734375,3.2495269775390625
-19.93206024169922,13.249038696289062,3.5182952880859375
-19.789260864257812,13.422828674316406,3.69317626953125
-19.654739379882812,13.476470947265625,3.897247314453125
-19.520484924316406,13.668540954589844,4.206817626953125
-19.43487548828125,13.765548706054688,4.5677337646484375
-19.50202178955078,14.037872314453125,4.8575592041015625
-19.46484375,14.385177612304688,5.1910247802734375
-19.456077575683594,14.804534912109375,5.7685394287109375
-19.51280975341797,15.001457214355469,6.2091522216796875
-19.75542449951172,15.25836181640625,6.5615386962890625
-19.896507263183594,15.466384887695312,6.872894287109375
-20.20960235595703,15.711593627929688,7.150299072265625
-20.648765563964844,16.075454711914062,7.519927978515625
-20.976760864257812,16.40838623046875,7.978118896484375
-21.31707763671875,16.63855743408203,8.461685180664062
-21.60810089111328,16.927513122558594,8.930404663085938
-22.077056884765625,17.22265625,9.2965087890625
-22.398109436035156,17.617111206054688,9.7039794921875
-22.6278076171875,18.04688262939453,10.066864013671875
-22.783164978027344,18.383071899414062,10.263885498046875
-22.98736572265625,18.748634338378906,10.66815185546875
-23.05963897705078,19.09558868408203,11.1861572265625
-23.132225036621094,19.515235900878906,11.39190673828125
-23.212440490722656,19.874122619628906,11.68035888671875
-23.262672424316406,20.147315979003906,12.05413818359375
-23.235183715820312,20.592079162597656,12.5050048828125
-23.122299194335938,21.06109619140625,12.966720581054688
-23.112892150878906,21.531959533691406,13.43359375
-23.123451232910156,22.100418090820312,13.868560791015625
-23.144371032714844,22.808197021484375,14.192550659179688
-22.954986572265625,23.481727600097656,14.673568725585938
-22.613426208496094,24.14580535888672,15.177520751953125
-22.300521850585938,24.732925415039062,15.531982421875
-21.942901611328125,25.17803955078125,15.828659057617188
-21.853012084960938,25.662193298339844,16.051803588867188
-22.021392822265625,26.00506591796875,16.446517944335938
-22.319488525390625,26.273658752441406,16.805206298828125
-22.776268005371094,26.575408935546875,17.012680053710938
-22.97027587890625,26.834426879882812,17.05450439453125
-23.123550415039062,26.964439392089844,17.142822265625
-23.277206420898438,27.136215209960938,17.264678955078125
-23.438369750976562,27.278533935546875,17.392578125
-23.81096649169922,27.29338836669922,17.527862548828125
-23.98633575439453,27.552345275878906,17.612335205078125
-24.02874755859375,27.64838409423828,17.614517211914062
-23.988235473632812,27.594589233398438,17.719161987304688
-24.013023376464844,27.5771484375,17.941970825195312
-24.008018493652344,27.589576721191406,17.909347534179688
-24.079345703125,27.55083465576172,17.90277099609375
-24.088111877441406,27.54077911376953,17.775375366210938
-24.186973571777344,27.485000610351562,17.78472900390625
-24.38739776611328,27.52355194091797,17.92474365234375
-24.42413330078125,27.502166748046875,18.116119384765625
-24.562515258789062,27.44385528564453,18.075927734375
-24.699546813964844,27.405052185058594,18.122711181640625
-24.804244995117188,27.563697814941406,18.146255493164062
-25.002532958984375,27.58605194091797,18.168487548828125
-25.166305541992188,27.443893432617188,18.20703125
-25.18231201171875,27.422164916992188,18.414871215820312
-25.18470001220703,27.47345733642578,18.313323974609375
-25.137557983398438,27.52862548828125,18.147262573242188
-25.235870361328125,27.614761352539062,18.143905639648438
-25.46588134765625,27.618141174316406,18.162063598632812
-25.752830505371094,27.559555053710938,18.102996826171875
-25.982139587402344,27.67578125,18.05035400390625
-26.198890686035156,27.56695556640625,17.999282836914062
-26.615158081054688,27.61296844482422,17.855972290039062
-26.891372680664062,27.45867156982422,17.666671752929688
-27.338150024414062,27.323532104492188,17.537429809570312
-27.60443115234375,27.213539123535156,17.471603393554688
-28.059890747070312,27.027664184570312,17.311798095703125
-28.108543395996094,26.963211059570312,17.129547119140625
-27.92717742919922,26.77643585205078,16.911483764648438
-28.004493713378906,26.67249298095703,16.80364990234375
-27.926101684570312,26.689918518066406,16.967208862304688
-27.897315979003906,26.775901794433594,17.109146118164062
-27.826202392578125,26.78314208984375,17.07244873046875
-27.711647033691406,26.7283935546875,16.961929321289062
-27.686141967773438,26.718215942382812,17.018142700195312
-27.7034912109375,26.788909912109375,17.224044799804688
-27.852737426757812,26.766769409179688,17.152053833007812
-27.74512481689453,26.614227294921875,17.08624267578125
-27.62163543701172,26.606842041015625,16.893905639648438
-27.53101348876953,26.654342651367188,16.8409423828125
-27.50959014892578,26.59564208984375,16.86297607421875
-27.55230712890625,26.607513427734375,16.811447143554688
-27.57367706298828,26.678504943847656,16.875198364257812
-27.61651611328125,26.61695098876953,16.872955322265625
-27.630706787109375,26.507835388183594,16.837478637695312
-27.542312622070312,26.520355224609375,16.876083374023438
-27.4342041015625,26.509193420410156,16.894119262695312
-27.403953552246094,26.50536346435547,16.9332275390625
-27.482086181640625,26.468421936035156,16.98870849609375
-27.675384521484375,26.47295379638672,16.9764404296875
-27.734657287597656,26.538009643554688,17.1217041015625
-27.782615661621094,26.536697387695312,17.17889404296875
-27.8001708984375,26.506881713867188,17.051040649414062
-27.69007110595703,26.486373901367188,17.166580200195312
-27.763916015625,26.60455322265625,17.196578979492188
-27.74272918701172,26.68805694580078,17.153182983398438
-27.822509765625,26.695587158203125,17.000701904296875
-27.79766845703125,26.589683532714844,17.049392700195312
-27.8052978515625,26.56877899169922,16.998428344726562
-27.802894592285156,26.560592651367188,17.06097412109375
-27.86792755126953,26.53595733642578,17.008880615234375
-27.87090301513672,26.49921417236328,17.0589599609375
-27.945213317871094,26.565292358398438,17.123565673828125
-27.890419006347656,26.56787109375,17.036972045898438
-27.921051025390625,26.599159240722656,16.848358154296875
-27.89325714111328,26.664154052734375,16.6904296875
-27.87041473388672,26.643997192382812,16.69488525390625
-27.905731201171875,26.491233825683594,16.742416381835938
-27.902084350585938,26.488082885742188,16.8197021484375
-27.87744903564453,26.47479248046875,16.924118041992188
-27.88610076904297,26.529380798339844,17.038742065429688
-27.940391540527344,26.46453857421875,16.988677978515625
-27.884902954101562,26.43852996826172,17.096969604492188
-27.95165252685547,26.5186767578125,17.13714599609375
-27.943031311035156,26.51805877685547,17.055572509765625
-27.861045837402344,26.619956970214844,16.98455810546875
-27.891204833984375,26.675552368164062,16.996444702148438
-28.008934020996094,26.652175903320312,16.993301391601562
-27.914199829101562,26.56121826171875,16.97216796875
-28.061851501464844,26.511978149414062,16.968017578125
-28.15412139892578,26.64788818359375,17.075439453125
-28.15862274169922,26.608856201171875,17.175796508789062
-27.996994018554688,26.753662109375,17.157424926757812
-27.81707763671875,26.764572143554688,17.015716552734375
-27.737709045410156,26.819923400878906,17.027740478515625
-27.77587890625,26.79576873779297,16.965774536132812
-27.713790893554688,26.732261657714844,16.975494384765625
-27.79248046875,26.546096801757812,16.948028564453125
-27.804969787597656,26.374427795410156,16.964462280273438
-27.826339721679688,26.364830017089844,17.036972045898438
-27.864242553710938,26.34874725341797,17.067276000976562
-27.923309326171875,26.344444274902344,16.898330688476562
-28.02210235595703,26.486045837402344,16.701446533203125
-28.14404296875,26.621612548828125,16.648239135742188
-28.11901092529297,26.593856811523438,16.838729858398438
-27.98297882080078,26.62982177734375,16.978012084960938
-27.922225952148438,26.578994750976562,17.146163940429688
-27.94133758544922,26.669570922851562,17.156036376953125
-27.90526580810547,26.5526123046875,17.104644775390625
-27.783615112304688,26.628143310546875,17.021530151367188
-27.764930725097656,26.598312377929688,17.012893676757812
-27.626022338867188,26.67121124267578,17.05950927734375
-27.75342559814453,26.696746826171875,16.952438354492188
-27.756431579589844,26.63603973388672,16.838729858398438
-27.821624755859375,26.72174072265625,16.913330078125
-27.821624755859375,26.72174072265625,16.913330078125
-27.83916473388672,26.791976928710938,17.040145874023438
-27.91620635986328,26.567047119140625,17.112808227539062
-27.958580017089844,26.567848205566406,16.999130249023438
-27.899147033691406,26.581283569335938,17.084808349609375
-27.85759735107422,26.532615661621094,17.16796875
-27.93029022216797,26.558670043945312,17.308792114257812
-27.902252197265625,26.545303344726562,17.177902221679688
-27.925811767578125,26.738372802734375,17.196121215820312
-27.75157928466797,26.621368408203125,17.02978515625
-27.867095947265625,26.535850524902344,17.026412963867188
-27.86585235595703,26.601943969726562,17.018020629882812
-27.876373291015625,26.65654754638672,17.078460693359375
-27.874099731445312,26.674644470214844,17.226318359375
-27.878944396972656,26.603591918945312,17.319656372070312
-27.829269409179688,26.50457763671875,17.183364868164062
-27.88042449951172,26.47699737548828,17.136474609375
-27.852317810058594,26.418487548828125,17.059860229492188
-27.755836486816406,26.42901611328125,16.956497192382812
-27.89568328857422,26.62609100341797,16.926284790039062
-27.914901733398438,26.757789611816406,16.902786254882812
-27.97815704345703,26.734657287597656,16.819091796875
-27.895668029785156,26.64893341064453,16.688369750976562
-27.89429473876953,26.59331512451172,16.711395263671875
-27.946121215820312,26.66943359375,16.705459594726562
-27.897293090820312,26.694717407226562,16.702011108398438
-27.870262145996094,26.697586059570312,16.874557495117188
-27.94042205810547,26.673728942871094,16.926544189453125
-28.039817810058594,26.69091796875,16.824661254882812
-27.90644073486328,26.52515411376953,16.7520751953125
-27.933082580566406,26.467636108398438,16.736114501953125
-27.850006103515625,26.605262756347656,16.674545288085938
-27.751678466796875,26.774490356445312,16.731903076171875
-27.905067443847656,26.72412109375,16.706710815429688
-27.905502319335938,26.56360626220703,16.744964599609375
-27.85553741455078,26.51264190673828,16.805130004882812
-27.77996826171875,26.57501220703125,16.847259521484375
-27.721031188964844,26.666610717773438,16.683624267578125
-27.73432159423828,26.627212524414062,16.702133178710938
-27.775466918945312,26.608200073242188,16.666458129882812
-27.77373504638672,26.691734313964844,16.555374145507812
-27.810897827148438,26.66895294189453,16.548171997070312
-27.831649780273438,26.596633911132812,16.605636596679688
-27.851211547851562,26.70690155029297,16.608993530273438
-27.870346069335938,26.628997802734375,16.675521850585938
-27.977027893066406,26.550025939941406,16.847488403320312
-27.981040954589844,26.55455780029297,16.892608642578125
-28.0653076171875,26.538848876953125,17.013031005859375
-28.079872131347656,26.408226013183594,17.064346313476562
-27.905113220214844,26.467010498046875,16.979644775390625
-27.862655639648438,26.528366088867188,17.264862060546875
-27.848236083984375,26.52075958251953,17.30572509765625
-27.933853149414062,26.628150939941406,17.197463989257812
-27.95794677734375,26.67896270751953,17.019393920898438
-28.055755615234375,26.710975646972656,16.976333618164062
-28.049118041992188,26.839271545410156,17.003692626953125
-28.131072998046875,26.927833557128906,17.00531005859375
-28.192825317382812,26.765426635742188,16.986404418945312
-28.086036682128906,26.805625915527344,17.021820068359375
-27.93097686767578,26.809776306152344,17.04461669921875
-27.927391052246094,26.783241271972656,17.02069091796875
-27.898284912109375,26.78521728515625,16.993057250976562
-27.753135681152344,26.723243713378906,16.986114501953125
-27.849838256835938,26.553672790527344,16.86444091796875
-27.872596740722656,26.591712951660156,16.964279174804688
-27.79387664794922,26.66748809814453,17.10247802734375
-27.822402954101562,26.77703857421875,16.9766845703125
-27.837326049804688,26.762725830078125,16.944869995117188
-27.829750061035156,26.559814453125,17.013381958007812
-27.832656860351562,26.55034637451172,16.810714721679688
-27.914474487304688,26.557701110839844,16.803298950195312
-27.863998413085938,26.61634063720703,16.936996459960938
-27.90081787109375,26.584747314453125,16.952468872070312
-28.151351928710938,26.696815490722656,17.033294677734375
-28.260284423828125,26.756088256835938,16.874176025390625
-28.154991149902344,26.71954345703125,16.88916015625
-27.94860076904297,26.55400848388672,16.832489013671875
-27.91777801513672,26.50164794921875,16.942276000976562
-28.05731964111328,26.52130126953125,17.002166748046875
-27.97759246826172,26.543136596679688,16.89593505859375
-27.99683380126953,26.56463623046875,16.783157348632812
-27.984458923339844,26.557579040527344,16.731338500976562
-28.0321044921875,26.630958557128906,16.851898193359375
-28.104293823242188,26.57933807373047,16.85400390625
-28.203140258789062,26.663314819335938,16.879257202148438
-28.18903350830078,26.510406494140625,16.784164428710938
-28.094039916992188,26.480674743652344,16.72308349609375
-28.10052490234375,26.46099090576172,16.736465454101562
-28.155433654785156,26.537216186523438,16.805633544921875
-28.125465393066406,26.501022338867188,16.871749877929688
-28.09137725830078,26.554046630859375,16.754150390625
-28.061851501464844,26.654937744140625,16.669281005859375
-28.04448699951172,26.674453735351562,16.6923828125
-28.061019897460938,26.592117309570312,16.783035278320312
-28.10693359375,26.455169677734375,16.85076904296875
-28.04669189453125,26.410911560058594,16.832977294921875
-27.94330596923828,26.40355682373047,16.729293823242188
-27.867721557617188,26.463287353515625,16.719650268554688
-27.93280029296875,26.515228271484375,16.663101196289062
-28.043670654296875,26.531539916992188,16.714431762695312
-28.100662231445312,26.48314666748047,16.6806640625
-28.130592346191406,26.541732788085938,16.7271728515625
-28.052757263183594,26.39727783203125,16.830520629882812
-27.89092254638672,26.358795166015625,16.861221313476562
-27.84687042236328,26.314720153808594,16.765380859375
-27.982215881347656,26.382606506347656,16.700515747070312
-27.961013793945312,26.326377868652344,16.751266479492188
-28.005538940429688,26.513816833496094,16.686874389648438
-28.01970672607422,26.60967254638672,16.695831298828125
-28.04357147216797,26.61737823486328,16.763961791992188
-28.08538818359375,26.58258056640625,16.960357666015625
-28.053604125976562,26.600730895996094,16.867324829101562
-28.073036193847656,26.641456604003906,16.757049560546875
-27.93682098388672,26.745376586914062,16.756729125976562
-27.92736053466797,26.59375,16.687210083007812
-28.006492614746094,26.47516632080078,16.848281860351562
-27.939483642578125,26.60650634765625,16.977325439453125
-27.94153594970703,26.60553741455078,16.84942626953125
-27.876670837402344,26.644081115722656,16.859771728515625
-27.85851287841797,26.510902404785156,16.956100463867188
-27.865623474121094,26.49414825439453,16.95172119140625
-27.937477111816406,26.49964141845703,16.926727294921875
-27.88909912109375,26.55975341796875,16.905197143554688
-27.765029907226562,26.63854217529297,16.83984375
-27.874298095703125,26.704269409179688,16.778579711914062
-28.017974853515625,26.75743865966797,16.916122436523438
-28.12944793701172,26.774368286132812,17.014495849609375
-28.146507263183594,26.81848907470703,17.077499389648438
-28.118980407714844,26.76514434814453,17.167694091796875
-27.982772827148438,26.787322998046875,16.947494506835938
-27.96063232421875,26.708587646484375,17.038482666015625
-27.96759796142578,26.66095733642578,16.961776733398438
-27.938095092773438,26.615211486816406,16.976364135742188
-28.142799377441406,26.576751708984375,16.889434814453125
-28.20207977294922,26.622802734375,16.875228881835938
-28.230880737304688,26.70947265625,16.871246337890625
-28.11138153076172,26.76085662841797,16.893142700195312
-27.948684692382812,26.712440490722656,16.719375610351562
-27.958038330078125,26.763076782226562,16.711090087890625
-27.895973205566406,26.81964111328125,16.779495239257812
-27.91119384765625,26.83592987060547,16.83966064453125
-27.968971252441406,26.772079467773438,16.773513793945312
-27.898948669433594,26.815170288085938,16.731643676757812
-27.914108276367188,26.72972869873047,16.657211303710938
-27.78797149658203,26.664451599121094,16.749771118164062
-27.91197967529297,26.58617401123047,16.945785522460938
-27.918479919433594,26.532028198242188,17.01605224609375
-27.93920135498047,26.544960021972656,17.010284423828125
-27.802536010742188,26.710716247558594,16.759521484375
-27.89305877685547,26.765274047851562,16.728561401367188
-27.862228393554688,26.73700714111328,16.6668701171875
-27.896087646484375,26.7606201171875,16.62969970703125
-28.035789489746094,26.746475219726562,16.706466674804688
-28.026329040527344,26.80854034423828,16.522506713867188
-27.885345458984375,26.775123596191406,16.617752075195312
-27.94074249267578,26.812759399414062,16.889358520507812
-27.892356872558594,26.909423828125,16.92626953125
-27.799606323242188,26.768112182617188,17.115585327148438
-27.796669006347656,26.689773559570312,17.003387451171875
-27.894805908203125,26.649925231933594,16.9952392578125
-27.885223388671875,26.690704345703125,17.045547485351562
-27.99420928955078,26.789825439453125,16.971466064453125
-28.000503540039062,26.74835205078125,16.9735107421875
-28.06897735595703,26.73553466796875,16.831634521484375
-28.05310821533203,26.745452880859375,16.904525756835938
-28.174781799316406,26.770584106445312,16.80548095703125
-28.0382080078125,26.633834838867188,16.969451904296875
-27.99395751953125,26.644676208496094,16.945663452148438
-28.164825439453125,26.685440063476562,16.916122436523438
-28.07391357421875,26.65770721435547,16.902191162109375
-28.008758544921875,26.712921142578125,16.896804809570312
-27.953170776367188,26.701156616210938,16.847152709960938
-28.024154663085938,26.701095581054688,16.876571655273438
-27.999656677246094,26.673614501953125,16.897125244140625
-28.042449951171875,26.612197875976562,16.735488891601562
-28.08905029296875,26.66838836669922,16.832077026367188
-27.93596649169922,26.64124298095703,16.975326538085938
-27.961883544921875,26.744674682617188,17.07879638671875
-27.788612365722656,26.63031005859375,17.2913818359375
-27.723480224609375,26.756980895996094,17.294403076171875
-27.72760772705078,26.714637756347656,17.1702880859375
-27.76910400390625,26.753746032714844,17.047897338867188
-27.723060607910156,26.70648956298828,17.04498291015625
-27.780006408691406,26.700515747070312,17.105270385742188
-27.857940673828125,26.677818298339844,17.190353393554688
-27.852828979492188,26.59650421142578,17.072845458984375
-27.892555236816406,26.522438049316406,17.02532958984375
-27.939674377441406,26.461410522460938,16.980484008789062
-27.883636474609375,26.502601623535156,16.938812255859375
-27.911376953125,26.367416381835938,16.911590576171875
-27.912315368652344,26.472328186035156,16.98828125
-27.811073303222656,26.439491271972656,17.017669677734375
-27.892532348632812,26.481712341308594,16.939773559570312
-27.907150268554688,26.51787567138672,16.737930297851562
-27.934715270996094,26.55413818359375,16.890472412109375
-27.917442321777344,26.64643096923828,17.00103759765625
-28.01136016845703,26.770645141601562,16.85345458984375
-27.88025665283203,26.734596252441406,16.797286987304688
-27.91564178466797,26.750686645507812,16.702667236328125
-27.7840576171875,26.63426971435547,16.677688598632812
-27.75897216796875,26.647415161132812,16.64306640625
-27.7928466796875,26.690231323242188,16.516433715820312
-27.74872589111328,26.729324340820312,16.548416137695312
-27.72771453857422,26.61627197265625,16.61614990234375
-27.694664001464844,26.561851501464844,16.593917846679688
-27.83873748779297,26.54082489013672,16.537124633789062
-27.86206817626953,26.52959442138672,16.520370483398438
-27.990249633789062,26.471481323242188,16.505020141601562
-27.9156494140625,26.490829467773438,16.579757690429688
-27.79389190673828,26.61236572265625,16.64215087890625
-27.7864990234375,26.52325439453125,16.583847045898438
-27.727256774902344,26.485313415527344,16.680328369140625
-27.828659057617188,26.49688720703125,16.603042602539062
-27.885398864746094,26.506080627441406,16.689376831054688
-27.891319274902344,26.48139190673828,16.672653198242188
-27.93114471435547,26.415489196777344,16.735427856445312
-27.947250366210938,26.298805236816406,16.732223510742188
-27.864013671875,26.341026306152344,16.715408325195312
-27.91400909423828,26.487319946289062,16.798660278320312
-27.902145385742188,26.474868774414062,16.851409912109375
-27.93804931640625,26.400131225585938,16.781204223632812
-27.906585693359375,26.428909301757812,16.730926513671875
-27.839988708496094,26.400650024414062,16.597412109375
-27.865036010742188,26.36475372314453,16.521835327148438
-27.888046264648438,26.418365478515625,16.56158447265625
-27.73114776611328,26.374923706054688,16.611724853515625
-27.69554901123047,26.487747192382812,16.62030029296875
-27.706947326660156,26.423995971679688,16.637603759765625
-27.84876251220703,26.429962158203125,16.58856201171875
-27.927078247070312,26.48078155517578,16.498931884765625
-27.857521057128906,26.49243927001953,16.682586669921875
-27.926010131835938,26.461273193359375,16.702850341796875
-27.863418579101562,26.45970916748047,16.678176879882812
-27.87963104248047,26.6016845703125,16.755630493164062
-27.945297241210938,26.682968139648438,16.666824340820312
-27.8533935546875,26.707534790039062,16.534164428710938
-27.93280792236328,26.711753845214844,16.641876220703125
-27.90167236328125,26.620681762695312,16.81597900390625
-27.907928466796875,26.651512145996094,16.794906616210938
-27.88726806640625,26.598526000976562,16.907302856445312
-27.843299865722656,26.56744384765625,17.03338623046875
-28.03655242919922,26.527740478515625,17.0318603515625
-27.95428466796875,26.54328155517578,16.97607421875
-27.998680114746094,26.512542724609375,16.81414794921875
-27.9638671875,26.533302307128906,16.77337646484375
-27.900543212890625,26.541580200195312,16.768905639648438
-27.877426147460938,26.489768981933594,16.663803100585938
-27.7735595703125,26.54503631591797,16.775634765625
-27.895614624023438,26.633506774902344,16.874984741210938
-27.880836486816406,26.58348846435547,16.699539184570312
-27.79499053955078,26.481414794921875,16.70269775390625
-27.812339782714844,26.573165893554688,16.770156860351562
-27.82866668701172,26.569602966308594,16.839126586914062
-27.740798950195312,26.492538452148438,16.81103515625
-27.71526336669922,26.51421356201172,16.773956298828125
-27.805213928222656,26.506126403808594,16.840347290039062
-27.874488830566406,26.537017822265625,16.962554931640625
-27.760223388671875,26.474212646484375,17.049789428710938
-27.884719848632812,26.55975341796875,16.918899536132812
-27.933395385742188,26.6026611328125,16.880950927734375
-27.92132568359375,26.634254455566406,16.888763427734375
-28.000900268554688,26.71050262451172,16.794342041015625
-27.97687530517578,26.798423767089844,16.767547607421875
-27.925148010253906,26.896591186523438,16.704727172851562
-28.053428649902344,26.750282287597656,16.717315673828125
-28.057037353515625,26.66754913330078,16.666473388671875
-27.973495483398438,26.57611846923828,16.691543579101562
-27.92529296875,26.685256958007812,16.68609619140625
-27.853805541992188,26.7227783203125,16.814254760742188
-27.81458282470703,26.757400512695312,16.896804809570312
-27.85242462158203,26.674697875976562,17.023895263671875
-27.868301391601562,26.595565795898438,16.886734008789062
-27.877593994140625,26.656845092773438,16.88580322265625
-27.860946655273438,26.56403350830078,16.753448486328125
-27.851097106933594,26.538650512695312,16.854339599609375
-27.868057250976562,26.519935607910156,16.828887939453125
-27.934852600097656,26.550315856933594,16.6888427734375
-27.887420654296875,26.5169677734375,16.8135986328125
-27.91034698486328,26.53833770751953,16.937103271484375
-27.8060302734375,26.627426147460938,17.025787353515625
-27.72887420654297,26.618194580078125,17.06292724609375
-27.707420349121094,26.580001831054688,16.742813110351562
-27.806236267089844,26.576011657714844,16.742462158203125
-27.75469970703125,26.512161254882812,16.671127319335938
-27.895889282226562,26.519500732421875,16.84088134765625
-27.880325317382812,26.51140594482422,16.849151611328125
-27.751312255859375,26.64496612548828,16.851119995117188
-27.856521606445312,26.665260314941406,16.84918212890625
-27.911941528320312,26.59435272216797,16.831558227539062
-27.96973419189453,26.502059936523438,16.831390380859375
-27.866073608398438,26.467567443847656,16.861785888671875
-27.853912353515625,26.50189971923828,16.873611450195312
-27.78960418701172,26.501007080078125,17.010498046875
-27.765121459960938,26.461990356445312,16.895050048828125
-27.734764099121094,26.518661499023438,16.76715087890625
-27.735031127929688,26.553794860839844,16.69659423828125
-27.68047332763672,26.427139282226562,16.784637451171875
-27.657752990722656,26.46454620361328,16.883148193359375
-27.627662658691406,26.440216064453125,16.832565307617188
-27.46807861328125,26.537025451660156,16.988540649414062
-27.44025421142578,26.44921875,16.979873657226562
-27.47179412841797,26.35594940185547,16.939773559570312
-27.583511352539062,26.489051818847656,16.917236328125
-27.744644165039062,26.47423553466797,16.723068237304688
-27.69086456298828,26.49083709716797,16.71185302734375
-27.773208618164062,26.544082641601562,16.70208740234375
-27.750877380371094,26.507461547851562,16.711944580078125
-27.729530334472656,26.5054931640625,16.66888427734375
-27.710914611816406,26.516258239746094,16.6824951171875
-27.7060546875,26.509033203125,16.721908569335938
-27.684646606445312,26.47730255126953,16.829437255859375
-27.602943420410156,26.477279663085938,16.963943481445312
-27.615982055664062,26.439720153808594,16.862823486328125
-27.58977508544922,26.390609741210938,16.797576904296875
-27.622695922851562,26.41449737548828,16.740325927734375
-27.6361083984375,26.371726989746094,16.750320434570312
-27.676834106445312,26.475120544433594,16.832992553710938
-27.62518310546875,26.508209228515625,16.842269897460938
-27.592262268066406,26.554237365722656,16.779342651367188
-27.615074157714844,26.546791076660156,16.766677856445312
-27.581993103027344,26.537918090820312,16.803192138671875
-27.648300170898438,26.39977264404297,16.917205810546875
-27.7274169921875,26.519607543945312,16.951766967773438
-27.732162475585938,26.378822326660156,16.86767578125
-27.74169158935547,26.429428100585938,16.905319213867188
-27.828033447265625,26.455169677734375,16.832550048828125
-27.721481323242188,26.486099243164062,16.85906982421875
-27.94482421875,26.47589874267578,16.86102294921875
-27.914169311523438,26.4461669921875,16.898468017578125
-27.759567260742188,26.487716674804688,16.881271362304688
-27.709190368652344,26.533340454101562,16.896499633789062
-27.758277893066406,26.4544677734375,16.946182250976562
-27.784828186035156,26.481216430664062,16.981903076171875
-27.797203063964844,26.511688232421875,17.023834228515625
-27.724380493164062,26.47918701171875,16.907821655273438
-27.723602294921875,26.521514892578125,16.846450805664062
-27.73155975341797,26.47345733642578,16.848388671875
-27.759429931640625,26.519882202148438,16.8548583984375
-27.633460998535156,26.393325805664062,16.884170532226562
-27.69696807861328,26.377281188964844,16.75201416015625
-27.7828369140625,26.501327514648438,16.714492797851562
-27.73040771484375,26.473129272460938,16.72760009765625
-27.86376953125,26.365402221679688,16.700347900390625
-27.75511932373047,26.500450134277344,16.71771240234375
-27.640029907226562,26.53949737548828,16.738037109375
-27.588912963867188,26.577743530273438,16.8612060546875
-27.645751953125,26.577865600585938,16.914093017578125
-27.733482360839844,26.64618682861328,16.917404174804688
-27.6114501953125,26.669166564941406,16.75830078125
-27.633323669433594,26.568359375,16.579498291015625
-27.485549926757812,26.544052124023438,16.65447998046875
-27.415000915527344,26.55652618408203,16.71636962890625
-27.439918518066406,26.65050506591797,16.6488037109375
-27.439918518066406,26.65050506591797,16.6488037109375
-27.504440307617188,26.628684997558594,16.74774169921875
-27.562774658203125,26.63494873046875,16.920654296875
-27.717193603515625,26.730552673339844,16.831253051757812
-27.77332305908203,26.680809020996094,16.995254516601562
-27.77568817138672,26.628814697265625,16.954010009765625
-27.7490234375,26.558998107910156,16.904510498046875
-27.778335571289062,26.490982055664062,16.954879760742188
-27.907730102539062,26.542816162109375,16.8931884765625
-27.916603088378906,26.48082733154297,16.87890625
-27.86968231201172,26.609100341796875,16.842575073242188
-27.805160522460938,26.644149780273438,16.997116088867188
-27.893264770507812,26.51929473876953,17.052627563476562
-27.84941864013672,26.570358276367188,16.985244750976562
-27.920379638671875,26.571434020996094,17.144134521484375
-27.91460418701172,26.66429901123047,17.108795166015625
-27.86785888671875,26.618942260742188,17.180770874023438
-27.863494873046875,26.528160095214844,17.077774047851562
-27.85858154296875,26.484046936035156,16.981460571289062
-27.825302124023438,26.64075469970703,17.005081176757812
-27.803428649902344,26.685943603515625,17.034454345703125
-27.787322998046875,26.593460083007812,16.945236206054688
-27.64379119873047,26.50536346435547,16.900894165039062
-27.575950622558594,26.48114013671875,16.837203979492188
-27.71918487548828,26.5244140625,16.766021728515625
-27.74036407470703,26.60082244873047,16.739303588867188
-27.64642333984375,26.49994659423828,16.817840576171875
-27.55396270751953,26.456085205078125,16.824981689453125
-27.640304565429688,26.636322021484375,16.845367431640625
-27.521240234375,26.68212127685547,16.936050415039062
-27.5374755859375,26.614845275878906,17.001571655273438
-27.697479248046875,26.688186645507812,16.936050415039062
-27.6092529296875,26.743026733398438,16.88525390625
-27.635101318359375,26.78974151611328,16.88861083984375
-27.62169647216797,26.729171752929688,16.949844360351562
-27.707763671875,26.781341552734375,17.111953735351562
-27.739288330078125,26.82422637939453,17.018035888671875
-27.784751892089844,26.862899780273438,16.875106811523438
-27.730796813964844,26.802383422851562,16.758834838867188
-27.770668029785156,26.796035766601562,16.796051025390625
-27.908050537109375,26.83600616455078,16.743408203125
-27.757835388183594,26.83715057373047,16.558868408203125
-27.899200439453125,26.83757781982422,16.546844482421875
-27.94922637939453,26.821693420410156,16.61175537109375
-27.976707458496094,26.656578063964844,16.791152954101562
-27.874801635742188,26.611099243164062,16.958877563476562
-27.829307556152344,26.740707397460938,17.008010864257812
-27.814064025878906,26.77692413330078,16.95068359375
-27.837081909179688,26.815574645996094,16.926177978515625
-27.766860961914062,26.826446533203125,16.8065185546875
-27.74317169189453,26.749923706054688,16.609176635742188
-27.770721435546875,26.787689208984375,16.538116455078125
-27.726470947265625,26.82573699951172,16.5074462890625
-27.694313049316406,26.762344360351562,16.469284057617188
-27.834915161132812,26.628494262695312,16.369964599609375
-27.850372314453125,26.617538452148438,16.286056518554688
-27.77696990966797,26.76976776123047,16.223648071289062
-27.5897216796875,26.824180603027344,16.45916748046875
-27.60662078857422,26.823570251464844,16.60284423828125
-27.742965698242188,26.691162109375,16.794326782226562
-27.82349395751953,26.610740661621094,16.845138549804688
-27.85803985595703,26.72876739501953,16.93414306640625
-27.73261260986328,26.73699951171875,16.834091186523438
-27.89508056640625,26.763648986816406,16.712890625
-27.989822387695312,26.735069274902344,16.812957763671875
-27.946456909179688,26.752029418945312,16.928726196289062
-27.907188415527344,26.727638244628906,17.016998291015625
-27.949752807617188,26.807403564453125,17.030960083007812
-27.852996826171875,26.82642364501953,16.97235107421875
-27.83184051513672,26.812591552734375,16.867431640625
-27.615554809570312,26.813636779785156,16.723678588867188
-27.65363311767578,26.74242401123047,16.749664306640625
-27.660850524902344,26.520973205566406,16.602386474609375
-27.679771423339844,26.52257537841797,16.552108764648438
-27.77313232421875,26.574745178222656,16.683837890625
-27.81928253173828,26.579551696777344,16.524337768554688
-27.841827392578125,26.481056213378906,16.57403564453125
-27.85821533203125,26.447425842285156,16.475357055664062
-27.772216796875,26.457839965820312,16.382476806640625
-27.6688232421875,26.444778442382812,16.336715698242188
-27.58422088623047,26.48352813720703,16.38348388671875
-27.561553955078125,26.540496826171875,16.456680297851562
-27.638153076171875,26.566818237304688,16.47503662109375
-27.894210815429688,26.567413330078125,16.526611328125
-28.0113525390625,26.711227416992188,16.607864379882812
-27.893898010253906,26.610618591308594,16.665679931640625
-27.74883270263672,26.59888458251953,16.64556884765625
-27.80786895751953,26.509765625,16.590728759765625
-27.908126831054688,26.529205322265625,16.585601806640625
-27.840797424316406,26.54143524169922,16.561874389648438
-27.714187622070312,26.50879669189453,16.5213623046875
-27.766944885253906,26.401779174804688,16.510955810546875
-27.75495147705078,26.39923095703125,16.568817138671875
-27.691444396972656,26.487625122070312,16.5283203125
-27.863624572753906,26.556900024414062,16.516372680664062
-27.910499572753906,26.609291076660156,16.598098754882812
-27.83519744873047,26.650779724121094,16.5089111328125
-27.808242797851562,26.540573120117188,16.502761840820312
-27.738967895507812,26.471405029296875,16.44464111328125
-27.88184356689453,26.464576721191406,16.508132934570312
-27.76941680908203,26.518760681152344,16.54669189453125
-27.70349884033203,26.53551483154297,16.532669067382812
-27.703407287597656,26.514968872070312,16.542709350585938
-27.76177215576172,26.542037963867188,16.68133544921875
-27.755859375,26.55664825439453,16.672332763671875
-27.781272888183594,26.59130859375,16.7110595703125
-27.606666564941406,26.648841857910156,16.81976318359375
-27.575973510742188,26.55804443359375,16.834823608398438
-27.568023681640625,26.485145568847656,16.702835083007812
-27.56336212158203,26.523406982421875,16.79840087890625
-27.58446502685547,26.652244567871094,16.711700439453125
-27.582275390625,26.69074249267578,16.74285888671875
-27.54515838623047,26.524215698242188,16.68170166015625
-27.661895751953125,26.50592803955078,16.719268798828125
-27.73529815673828,26.474143981933594,16.704864501953125
-27.770957946777344,26.439552307128906,16.65374755859375
-27.765480041503906,26.273849487304688,16.700775146484375
-27.73358154296875,26.242584228515625,16.766845703125
-27.765457153320312,26.288177490234375,16.867385864257812
-27.89147186279297,26.301971435546875,16.75518798828125
-27.859710693359375,26.305023193359375,16.668212890625
-27.828651428222656,26.414703369140625,16.666397094726562
-27.86212158203125,26.4273681640625,16.722320556640625
-27.88336181640625,26.414756774902344,16.716384887695312
-27.80499267578125,26.363662719726562,16.705123901367188
-27.72760772705078,26.244483947753906,16.695571899414062
-27.63214111328125,26.334945678710938,16.865875244140625
-27.585670471191406,26.226760864257812,16.897872924804688
-27.639854431152344,26.331756591796875,16.770828247070312
-27.592330932617188,26.437713623046875,16.719085693359375
-27.572235107421875,26.46137237548828,16.801315307617188
-27.590530395507812,26.379196166992188,16.881378173828125
-27.63318634033203,26.337875366210938,17.015426635742188
-27.626739501953125,26.508148193359375,17.006195068359375
-27.58422088623047,26.512847900390625,16.989837646484375
-27.48778533935547,26.549453735351562,16.999969482421875
-27.595359802246094,26.50983428955078,17.089462280273438
-27.4635009765625,26.45459747314453,17.035675048828125
-27.60517120361328,26.534698486328125,16.98614501953125
-27.622291564941406,26.50513458251953,16.959930419921875
-27.5743408203125,26.451950073242188,16.84393310546875
-27.598228454589844,26.3515625,16.703536987304688
-27.68822479248047,26.399978637695312,16.712844848632812
-27.734207153320312,26.35375213623047,16.771591186523438
-27.633529663085938,26.484146118164062,16.9620361328125
-27.71770477294922,26.452964782714844,16.903945922851562
-27.805740356445312,26.50812530517578,16.80499267578125
-27.829818725585938,26.547988891601562,16.621429443359375
-27.71619415283203,26.47711944580078,16.665634155273438
-27.69367218017578,26.461509704589844,16.839645385742188
-27.724288940429688,26.539688110351562,16.694915771484375
-27.784568786621094,26.501693725585938,16.74163818359375
-27.714080810546875,26.475250244140625,16.7396240234375
-27.82373046875,26.52100372314453,16.6029052734375
-27.76337432861328,26.474624633789062,16.568572998046875
-27.664466857910156,26.544952392578125,16.65631103515625
-27.615264892578125,26.49909210205078,16.725738525390625
-27.712730407714844,26.55083465576172,16.760879516601562
-27.866653442382812,26.55750274658203,16.839218139648438
-28.016616821289062,26.642799377441406,16.794403076171875
-28.027618408203125,26.604034423828125,16.782302856445312
-27.94725799560547,26.495521545410156,16.702011108398438
-27.852516174316406,26.49407196044922,16.735366821289062
-27.896347045898438,26.532516479492188,16.617324829101562
-27.84429931640625,26.589561462402344,16.6966552734375
-27.91674041748047,26.607925415039062,16.905319213867188
-27.996551513671875,26.702682495117188,17.002349853515625
-27.87299346923828,26.57977294921875,16.927337646484375
-27.90496063232422,26.575775146484375,16.8031005859375
-27.952392578125,26.398284912109375,16.879470825195312
-27.98877716064453,26.460830688476562,16.853103637695312
-28.146728515625,26.4674072265625,16.750411987304688
-28.111831665039062,26.53436279296875,16.66363525390625
-28.025596618652344,26.469993591308594,16.722869873046875
-27.90045928955078,26.540191650390625,16.69500732421875
-27.845077514648438,26.495155334472656,16.6800537109375
-27.778884887695312,26.533981323242188,16.637542724609375
-27.745941162109375,26.557403564453125,16.648223876953125
-27.628082275390625,26.645523071289062,16.78509521484375
-27.67827606201172,26.653518676757812,16.704071044921875
-27.71546173095703,26.69164276123047,16.774124145507812
-27.715499877929688,26.59851837158203,16.823837280273438
-27.70366668701172,26.674964904785156,16.874710083007812
-27.7799072265625,26.699615478515625,16.8812255859375
-27.626876831054688,26.631561279296875,16.834426879882812
-27.72423553466797,26.65538787841797,16.95550537109375
-27.589599609375,26.57508087158203,16.979751586914062
-27.592742919921875,26.53626251220703,16.899993896484375
-27.58716583251953,26.47742462158203,16.875625610351562
-27.572830200195312,26.437393188476562,16.781051635742188
-27.67499542236328,26.37403106689453,16.714691162109375
-27.70635986328125,26.514801025390625,16.7225341796875
-27.744850158691406,26.50141143798828,16.652328491210938
-27.726058959960938,26.481338500976562,16.649093627929688
-27.69298553466797,26.452613830566406,16.583526611328125
-27.756874084472656,26.428939819335938,16.48907470703125
-27.796371459960938,26.397430419921875,16.425186157226562
-27.783798217773438,26.334678649902344,16.506866455078125
-27.76702117919922,26.460617065429688,16.537017822265625
-27.732131958007812,26.598648071289062,16.6895751953125
-27.841812133789062,26.583229064941406,16.7840576171875
-28.015663146972656,26.476272583007812,16.78961181640625
-28.079200744628906,26.506507873535156,16.844482421875
-27.970626831054688,26.54955291748047,16.868881225585938
-27.91069793701172,26.527565002441406,16.90802001953125
-27.7532958984375,26.466590881347656,16.83563232421875
-27.684982299804688,26.530364990234375,16.95928955078125
-27.699172973632812,26.510940551757812,16.96728515625
-27.612945556640625,26.48949432373047,16.978256225585938
-27.70087432861328,26.466110229492188,17.038253784179688
-27.775405883789062,26.379806518554688,17.046539306640625
-27.845909118652344,26.41455841064453,17.09423828125
-27.907730102539062,26.356155395507812,17.009872436523438
-27.834800720214844,26.417282104492188,16.884674072265625
-27.782386779785156,26.38587188720703,16.711700439453125
-27.79376983642578,26.408424377441406,16.70013427734375
-27.805320739746094,26.428794860839844,16.681472778320312
-27.713294982910156,26.336685180664062,16.736495971679688
-27.82012176513672,26.3607177734375,16.6702880859375
-27.8013916015625,26.3148193359375,16.769378662109375
-27.87487030029297,26.224876403808594,16.751174926757812
-27.899391174316406,26.298446655273438,16.764236450195312
-27.89061737060547,26.35045623779297,16.763702392578125
-27.81169891357422,26.460220336914062,16.682220458984375
-27.724082946777344,26.506912231445312,16.574310302734375
-27.926124572753906,26.5072021484375,16.566177368164062
-27.98383331298828,26.462913513183594,16.658660888671875
-28.167312622070312,26.374114990234375,16.5670166015625
-28.133682250976562,26.32288360595703,16.597274780273438
-28.10985565185547,26.35773468017578,16.502716064453125
-28.00775146484375,26.327423095703125,16.52459716796875
-27.98371124267578,26.37737274169922,16.539443969726562
-27.905784606933594,26.38495635986328,16.756317138671875
-27.87407684326172,26.422531127929688,16.95819091796875
-27.914703369140625,26.42902374267578,16.955978393554688
-27.886001586914062,26.44780731201172,16.974807739257812
-27.772628784179688,26.513519287109375,17.048843383789062
-27.742874145507812,26.47559356689453,17.00927734375
-27.76904296875,26.501548767089844,17.055557250976562
-27.641510009765625,26.44580841064453,17.045425415039062
-27.573196411132812,26.349990844726562,17.021347045898438
-27.723304748535156,26.51080322265625,17.059494018554688
-27.696144104003906,26.626564025878906,16.959274291992188
-27.71123504638672,26.6746826171875,16.912078857421875
-27.78020477294922,26.604827880859375,16.8818359375
-27.788902282714844,26.577392578125,16.995925903320312
-27.788482666015625,26.566131591796875,17.104339599609375
-27.9185791015625,26.645919799804688,17.160400390625
-28.120384216308594,26.779251098632812,17.05560302734375
-28.179054260253906,26.761619567871094,16.984939575195312
-28.268539428710938,26.73651123046875,16.82867431640625
-28.541763305664062,26.657997131347656,16.993423461914062
-28.683181762695312,26.723785400390625,16.905426025390625
-28.920394897460938,26.790138244628906,16.772842407226562
-29.18170166015625,26.8551025390625,16.713668823242188
-29.298141479492188,26.98816680908203,16.51800537109375
-29.494659423828125,26.96746826171875,16.528823852539062
-29.612388610839844,26.8564453125,16.477798461914062
-29.68500518798828,26.92395782470703,16.633819580078125
-29.594322204589844,26.91912078857422,16.699813842773438
-29.325729370117188,26.85198974609375,16.78765869140625
-29.113182067871094,26.859275817871094,16.957412719726562
-28.882492065429688,26.861175537109375,16.907424926757812
-28.722702026367188,26.816238403320312,16.727951049804688
-28.650161743164062,26.80712127685547,16.667251586914062
-28.484214782714844,26.8232421875,16.594406127929688
-28.402854919433594,26.808486938476562,16.530914306640625
-28.304092407226562,26.632919311523438,16.630752563476562
-28.33380889892578,26.57324981689453,16.765853881835938
-28.43250274658203,26.640762329101562,16.958908081054688
-28.45050811767578,26.5091552734375,17.006134033203125
-28.504722595214844,26.473793029785156,17.147109985351562
-28.493011474609375,26.44426727294922,17.032333374023438
-28.564468383789062,26.538864135742188,16.845733642578125
-28.594093322753906,26.740455627441406,16.881454467773438
-28.626487731933594,26.78740692138672,16.9786376953125
-28.378570556640625,26.899566650390625,16.87066650390625
-28.0943603515625,26.869346618652344,16.8865966796875
-27.581321716308594,26.735458374023438,16.76507568359375
-27.004501342773438,26.41651153564453,16.613372802734375
-26.408348083496094,25.914955139160156,16.32159423828125
-25.822303771972656,25.275405883789062,15.966201782226562
-25.19195556640625,24.53728485107422,15.42218017578125
-24.69019317626953,23.79448699951172,14.894393920898438
-24.09740447998047,23.089073181152344,14.271926879882812
-23.49676513671875,22.184585571289062,13.630355834960938
-23.046119689941406,21.2998046875,13.027694702148438
-22.459938049316406,20.504066467285156,12.467880249023438
-21.86693572998047,19.65533447265625,11.634933471679688
-21.43183135986328,18.862213134765625,10.723846435546875
-20.884490966796875,17.999343872070312,9.693435668945312
-20.455795288085938,17.0616455078125,8.609024047851562
-20.118728637695312,15.854583740234375,7.246185302734375
-19.88080596923828,14.719314575195312,5.787200927734375
-19.751686096191406,13.660697937011719,4.399749755859375
-19.83136749267578,12.615577697753906,2.879791259765625
-19.95855712890625,11.685646057128906,1.291259765625
-20.03009796142578,10.67059326171875,-0.46295166015625
-20.284164428710938,9.868850708007812,-2.0464935302734375
-20.431777954101562,9.251091003417969,-3.58282470703125
-20.544837951660156,8.662803649902344,-5.101287841796875
-20.571922302246094,8.082893371582031,-6.583770751953125
-20.647293090820312,7.547492980957031,-7.94580078125
-20.875579833984375,7.13818359375,-9.290908813476562
-21.027572631835938,6.7139739990234375,-10.81719970703125
-21.218788146972656,6.482353210449219,-12.031951904296875
-21.510238647460938,6.1782684326171875,-13.1396484375
-21.876014709472656,5.972236633300781,-14.053497314453125
-22.193885803222656,5.9322967529296875,-14.887130737304688
-22.496177673339844,5.8040618896484375,-15.435379028320312
-22.596542358398438,5.736701965332031,-15.913482666015625
-22.691261291503906,5.60565185546875,-16.425308227539062
-22.85894775390625,5.5422821044921875,-16.945968627929688
-22.947914123535156,5.563117980957031,-17.438003540039062
-23.01629638671875,5.528602600097656,-17.843093872070312
-23.217041015625,5.533622741699219,-18.343307495117188
-23.468231201171875,5.484611511230469,-18.836227416992188
-23.771987915039062,5.382286071777344,-19.389938354492188
-24.165870666503906,5.3769378662109375,-19.936050415039062
-24.604446411132812,5.4010772705078125,-20.407974243164062
-24.991798400878906,5.385704040527344,-20.818130493164062
-25.25299835205078,5.410026550292969,-21.127029418945312
-25.51409149169922,5.429359436035156,-21.452072143554688
-25.662750244140625,5.390037536621094,-21.751235961914062
-25.63946533203125,5.395103454589844,-21.916122436523438
-25.584251403808594,5.490425109863281,-22.205581665039062
-25.72454833984375,5.557037353515625,-22.707809448242188
-25.852294921875,5.469673156738281,-23.019332885742188
-25.978126525878906,5.386909484863281,-23.239730834960938
-25.829261779785156,5.383277893066406,-23.454177856445312
-25.715682983398438,5.385704040527344,-23.637619018554688
-25.78907012939453,5.5444793701171875,-23.895431518554688
-25.934730529785156,5.542381286621094,-24.160415649414062
-25.98656463623047,5.444694519042969,-24.399337768554688
-26.056190490722656,5.443473815917969,-24.480545043945312
-26.151779174804688,5.528541564941406,-24.672225952148438
-26.03374481201172,5.467399597167969,-24.750839233398438
-25.801727294921875,5.48040771484375,-24.847305297851562
-25.77947998046875,5.4483184814453125,-24.915420532226562
-25.786651611328125,5.459831237792969,-24.906112670898438
-25.639450073242188,5.461677551269531,-24.739547729492188
-25.60546112060547,5.3958740234375,-24.531326293945312
-25.477890014648438,5.489875793457031,-24.350570678710938
-25.475791931152344,5.412178039550781,-24.120712280273438
-25.302810668945312,5.432579040527344,-24.115982055664062
-25.06256866455078,5.48583984375,-23.946517944335938
-24.927719116210938,5.564910888671875,-23.993209838867188
-24.7342529296875,5.575752258300781,-24.085525512695312
-24.66352081298828,5.5832061767578125,-24.179458618164062
-24.69939422607422,5.5115509033203125,-24.187179565429688
-24.788650512695312,5.5262908935546875,-24.282424926757812
-24.85802459716797,5.5972137451171875,-24.209335327148438
-25.52483367919922,6.249076843261719,-23.903884887695312
-27.271209716796875,8.250282287597656,-23.097610473632812
-29.634933471679688,10.807952880859375,-21.962966918945312
-31.988555908203125,13.188270568847656,-20.716018676757812
-29.22844696044922,9.542228698730469,-19.866409301757812
-18.851760864257812,-5.753204345703125,-18.855880737304688
-6.788246154785156,-24.18341827392578,-16.927139282226562
2.9317855834960938,-36.757362365722656,-14.44696044921875
2.9317855834960938,-36.757362365722656,-14.44696044921875
7.308502197265625,-41.50542449951172,-11.02789306640625
5.971443176269531,-40.41572570800781,-7.4975433349609375
3.2713088989257812,-38.85066223144531,-4.5616607666015625
1.3727798461914062,-38.758907318115234,-2.463958740234375
0.36753082275390625,-39.776458740234375,-1.2023162841796875
-0.27982330322265625,-40.884796142578125,-0.2530364990234375
-1.0478439331054688,-41.90333938598633,0.5093841552734375
-1.8055801391601562,-42.50761795043945,1.39031982421875
-2.360076904296875,-42.72949981689453,2.036956787109375
-3.1365432739257812,-42.90282440185547,2.503204345703125
-3.7433547973632812,-43.09312438964844,2.889373779296875
-4.431495666503906,-43.10826110839844,3.184906005859375
-4.948524475097656,-43.17877197265625,3.2982940673828125
-5.294807434082031,-43.15443420410156,3.350738525390625
-5.663673400878906,-43.206520080566406,3.2637786865234375
-5.894805908203125,-43.166053771972656,3.1700439453125
-5.9028472900390625,-43.27635955810547,3.001129150390625
-5.861778259277344,-43.405242919921875,2.858428955078125
-5.8086700439453125,-43.44742965698242,2.5189208984375
-5.885528564453125,-43.418312072753906,2.1779937744140625
-5.8966827392578125,-43.507144927978516,1.713409423828125
-5.989295959472656,-43.58515167236328,1.240936279296875
-5.961250305175781,-43.493106842041016,0.9906158447265625
-5.962333679199219,-43.51031494140625,0.72894287109375
-5.7833251953125,-43.58108901977539,0.3385467529296875
-5.729156494140625,-43.76444625854492,0.16412353515625
-5.7162322998046875,-43.92039108276367,-0.21484375
-5.733924865722656,-43.955142974853516,-0.44879150390625
-5.6222381591796875,-43.93153381347656,-0.7787628173828125
-5.278228759765625,-43.93827438354492,-0.9319000244140625
-4.828056335449219,-43.90580749511719,-0.930450439453125
-4.6578521728515625,-43.87392807006836,-0.854217529296875
-4.2559661865234375,-44.047149658203125,-0.6016998291015625
-3.8563613891601562,-44.20417022705078,-0.160888671875
-3.469482421875,-44.4066276550293,0.42431640625
-3.200653076171875,-44.39800262451172,1.156280517578125
-3.0258407592773438,-44.310760498046875,1.916900634765625
-2.8253326416015625,-44.279380798339844,2.600341796875
-2.642303466796875,-44.22209548950195,3.1433258056640625
-2.5562973022460938,-44.16343688964844,3.6717071533203125
-2.4632339477539062,-44.04702377319336,4.43316650390625
-2.4771499633789062,-43.83479309082031,5.23760986328125
-2.5019149780273438,-43.7682991027832,5.9710845947265625
-2.2817764282226562,-43.75829315185547,6.837493896484375
-2.1661911010742188,-43.64693832397461,7.7769622802734375
-2.0153579711914062,-43.34381866455078,8.703475952148438
-1.68505859375,-43.16110610961914,9.822174072265625
-1.4371261596679688,-42.958736419677734,10.925094604492188
-1.0240020751953125,-42.65571594238281,12.058334350585938
-0.718170166015625,-42.279762268066406,13.133438110351562
-0.34777069091796875,-41.880577087402344,14.086944580078125
0.01549530029296875,-41.51081848144531,15.284378051757812
0.28459930419921875,-41.05376052856445,16.345809936523438
0.459136962890625,-40.484703063964844,17.422698974609375
0.43529510498046875,-39.89336013793945,18.650360107421875
0.4357147216796875,-39.38926315307617,19.816818237304688
0.4752960205078125,-38.945316314697266,20.761688232421875
0.47800445556640625,-38.45844268798828,21.788986206054688
0.410125732421875,-37.988224029541016,22.90216064453125
0.26219940185546875,-37.21755599975586,23.902420043945312
0.435333251953125,-36.53763961791992,24.66656494140625
0.4837493896484375,-35.7669563293457,25.72088623046875
0.4626617431640625,-35.12273025512695,26.77056884765625
0.4849090576171875,-34.39085006713867,27.64874267578125
0.5457992553710938,-33.82060623168945,28.445449829101562
0.464111328125,-33.132869720458984,29.065460205078125
0.2496795654296875,-32.5035400390625,29.706146240234375
0.00330352783203125,-31.904922485351562,30.451492309570312
-0.2261962890625,-31.312408447265625,31.232772827148438
-0.4649200439453125,-30.742958068847656,31.765151977539062
-0.7958602905273438,-30.06905746459961,32.28138732910156
-1.1147003173828125,-29.403003692626953,32.91258239746094
-1.4726486206054688,-28.814983367919922,33.38679504394531
-1.659088134765625,-28.22113037109375,33.78157043457031
-1.9916000366210938,-27.731182098388672,34.29400634765625
-2.1407928466796875,-27.38097381591797,34.61845397949219
-2.44732666015625,-26.899730682373047,34.94512939453125
-2.5489654541015625,-26.577369689941406,35.30201721191406
-2.7247772216796875,-26.354881286621094,35.4967041015625
-2.9313735961914062,-26.226150512695312,35.67274475097656
-2.9638442993164062,-25.901084899902344,35.821990966796875
-3.0976181030273438,-25.66425323486328,36.03224182128906
-3.1163864135742188,-25.379486083984375,36.21070861816406
-3.2558670043945312,-25.108131408691406,36.2908935546875
-3.4543228149414062,-24.835708618164062,36.3514404296875
-3.5229644775390625,-24.74530029296875,36.61250305175781
-3.479156494140625,-24.59040069580078,36.77177429199219
-3.5361404418945312,-24.41632080078125,36.94792175292969
-3.58990478515625,-24.34142303466797,37.17926025390625
-3.4331588745117188,-24.204132080078125,37.28303527832031
-3.304473876953125,-24.042831420898438,37.351715087890625
-3.279632568359375,-23.993667602539062,37.29795837402344
-3.17987060546875,-23.922927856445312,37.42724609375
-3.1249923706054688,-23.772804260253906,37.343017578125
-3.112945556640625,-23.653419494628906,37.314971923828125
-3.1236114501953125,-23.487716674804688,37.36317443847656
-3.133392333984375,-23.438613891601562,37.56608581542969
-3.0734176635742188,-23.480361938476562,37.66099548339844
-2.9816970825195312,-23.382492065429688,37.50157165527344
-2.8770370483398438,-23.21404266357422,37.39166259765625
-2.8472061157226562,-23.051429748535156,37.41448974609375
-2.8918228149414062,-22.998619079589844,37.6978759765625
-2.9730758666992188,-22.97937774658203,37.78843688964844
-3.09674072265625,-22.707931518554688,37.920623779296875
-3.4768142700195312,-22.605323791503906,38.02876281738281
-3.7205810546875,-22.483749389648438,38.16639709472656
-3.9770736694335938,-22.305892944335938,38.24354553222656
-3.9935379028320312,-22.316879272460938,38.19807434082031
-4.1314697265625,-22.296714782714844,38.25477600097656
-4.328895568847656,-22.318832397460938,38.10865783691406
-4.3201446533203125,-22.37884521484375,38.12290954589844
-4.266807556152344,-22.51726531982422,38.05841064453125
-4.191535949707031,-22.54974365234375,38.072479248046875
-4.2373046875,-22.41905975341797,38.19927978515625
-4.195442199707031,-22.354713439941406,38.112152099609375
-4.152076721191406,-22.4122314453125,38.21778869628906
-4.1130218505859375,-22.399703979492188,38.23649597167969
-4.092071533203125,-22.257049560546875,38.113006591796875
-4.056373596191406,-21.850128173828125,38.202667236328125
-4.1894378662109375,-21.604446411132812,38.46015930175781
-4.349334716796875,-21.286163330078125,38.56297302246094
-4.402984619140625,-20.938705444335938,38.89253234863281
-4.442481994628906,-20.479843139648438,39.13914489746094
-4.5232086181640625,-20.002731323242188,39.361541748046875
-4.7014923095703125,-19.6370849609375,39.414215087890625
-4.881919860839844,-19.20886993408203,39.45025634765625
-4.830650329589844,-18.97974395751953,39.74932861328125
-4.680442810058594,-19.05168914794922,39.78840637207031
-4.5545196533203125,-19.244529724121094,39.74638366699219
-4.330940246582031,-19.6348876953125,39.547760009765625
-4.2607879638671875,-19.93885040283203,39.39959716796875
-4.338554382324219,-20.262054443359375,39.14076232910156
-4.330780029296875,-20.676071166992188,39.01495361328125
-4.5813751220703125,-21.03833770751953,38.947052001953125
-4.7498779296875,-21.30511474609375,38.778778076171875
-4.7478179931640625,-21.66564178466797,38.462799072265625
-4.891059875488281,-22.0133056640625,38.174774169921875
-4.9629058837890625,-22.262306213378906,37.85749816894531
-5.170143127441406,-22.42646026611328,37.80955505371094
-5.326606750488281,-22.62347412109375,37.87956237792969
-5.387351989746094,-22.79461669921875,37.85968017578125
-5.340202331542969,-22.828048706054688,37.830780029296875
-5.308387756347656,-22.835357666015625,37.764251708984375
-5.319801330566406,-22.796363830566406,37.710968017578125
-5.35064697265625,-22.77721405029297,37.83570861816406
-5.224174499511719,-22.78107452392578,37.89234924316406
-5.131385803222656,-22.82848358154297,37.86549377441406
-5.08367919921875,-22.810523986816406,37.92633056640625
-4.920661926269531,-22.81128692626953,37.8170166015625
-4.814247131347656,-22.832748413085938,37.807525634765625
-4.5181427001953125,-22.813934326171875,37.87959289550781
-4.481117248535156,-22.845069885253906,38.014007568359375
-4.227752685546875,-22.797119140625,38.110443115234375
-4.1191253662109375,-22.778915405273438,38.08970642089844
-3.9471664428710938,-22.76171875,38.087005615234375
-3.9567642211914062,-22.789527893066406,38.05531311035156
-3.67626953125,-22.841697692871094,38.10246276855469
-3.5631484985351562,-22.966758728027344,38.12467956542969
-3.4739913940429688,-23.01746368408203,38.27458190917969
-3.3469161987304688,-22.999549865722656,38.2423095703125
-3.2234420776367188,-22.95104217529297,38.27040100097656
-3.21014404296875,-22.889854431152344,38.283843994140625
-3.0660324096679688,-22.90123748779297,38.18290710449219
-2.8796920776367188,-22.872528076171875,38.1051025390625
-2.7395172119140625,-22.892425537109375,38.21128845214844
-2.7296295166015625,-22.99853515625,38.117034912109375
-2.7464065551757812,-23.0775146484375,38.11174011230469
-2.6753463745117188,-23.10942840576172,38.1121826171875
-2.554718017578125,-23.051780700683594,38.14927673339844
-2.4697494506835938,-23.04137420654297,38.12603759765625
-2.54217529296875,-23.08795166015625,38.125579833984375
-2.711669921875,-23.074859619140625,38.13365173339844
-2.9587860107421875,-23.060401916503906,38.12031555175781
-3.0502853393554688,-22.9683837890625,38.19477844238281
-3.1610870361328125,-22.90032958984375,38.24351501464844
-3.157989501953125,-22.9638671875,38.25981140136719
-3.209686279296875,-23.033737182617188,38.387237548828125
-3.2650833129882812,-23.116897583007812,38.306304931640625
-3.3029556274414062,-23.147743225097656,38.235504150390625
-3.2901992797851562,-23.192367553710938,38.29029846191406
-3.1653594970703125,-23.22118377685547,38.19725036621094
-3.1825637817382812,-23.192657470703125,38.14947509765625
-3.29913330078125,-23.216827392578125,38.28517150878906
-3.2927017211914062,-23.167526245117188,38.22076416015625
-3.3236846923828125,-23.218116760253906,38.228759765625
-3.3627853393554688,-23.063018798828125,38.20408630371094
-3.3040847778320312,-23.055320739746094,38.179351806640625
-3.320648193359375,-23.179641723632812,38.0831298828125
-3.1664047241210938,-23.138038635253906,38.2177734375
-3.154815673828125,-23.08434295654297,38.15692138671875
-3.1473617553710938,-23.194900512695312,38.135772705078125
-3.0930252075195312,-23.19463348388672,37.9674072265625
-3.176605224609375,-23.185302734375,37.97332763671875
-3.1390457153320312,-23.16729736328125,37.814208984375
-3.1684722900390625,-23.165786743164062,37.77796936035156
-3.2043075561523438,-23.22899627685547,37.91716003417969
-3.4116287231445312,-23.227699279785156,38.0189208984375
-3.4786911010742188,-23.24706268310547,38.0799560546875
-3.4501876831054688,-23.205276489257812,38.03205871582031
-3.3572463989257812,-23.167198181152344,38.019805908203125
-3.3104782104492188,-23.19623565673828,37.97674560546875
-3.1486434936523438,-23.298629760742188,37.94139099121094
-3.1588363647460938,-23.325653076171875,37.857635498046875
-3.1385726928710938,-23.355789184570312,37.97499084472656
-3.1167678833007812,-23.472923278808594,38.0404052734375
-3.2854232788085938,-23.410308837890625,37.97898864746094
-3.3146743774414062,-23.492416381835938,37.807098388671875
-3.32525634765625,-23.324188232421875,37.75871276855469
-3.2642898559570312,-23.190231323242188,37.80174255371094
-3.2285537719726562,-23.197296142578125,37.77629089355469
-3.32183837890625,-23.19603729248047,37.75390625
-3.2511367797851562,-23.212387084960938,37.81840515136719
-3.30609130859375,-23.183509826660156,37.93743896484375
-3.3122787475585938,-23.239768981933594,37.972015380859375
-3.3460235595703125,-23.196998596191406,38.077667236328125
-3.435516357421875,-23.147865295410156,38.23439025878906
-3.3963623046875,-23.1619873046875,38.205535888671875
-3.3100738525390625,-23.14208221435547,38.113311767578125
-3.4450149536132812,-23.1959228515625,38.039794921875
-3.4814071655273438,-23.185340881347656,37.85791015625
-3.5793533325195312,-23.283905029296875,37.77418518066406
-3.5184173583984375,-23.315155029296875,37.94953918457031
-3.3592071533203125,-23.218917846679688,38.14753723144531
-3.4096298217773438,-23.169448852539062,38.13128662109375
-3.3935089111328125,-23.23395538330078,38.12355041503906
-3.483795166015625,-23.214111328125,37.94944763183594
-3.584747314453125,-23.19134521484375,37.99638366699219
-3.6034698486328125,-23.06580352783203,38.02326965332031
-3.4711151123046875,-23.027061462402344,38.094268798828125
-3.2977218627929688,-23.080284118652344,38.054595947265625
-3.3398056030273438,-22.967018127441406,38.198455810546875
-3.3289031982421875,-22.881492614746094,38.09002685546875
-3.3515396118164062,-22.992835998535156,37.86122131347656
-3.4816055297851562,-23.05005645751953,37.733856201171875
-3.50860595703125,-23.01805877685547,37.791595458984375
-3.5075149536132812,-23.046295166015625,37.80511474609375
-3.6014862060546875,-23.115325927734375,37.83619689941406
-3.5523605346679688,-23.150283813476562,37.82188415527344
-3.5293426513671875,-23.165245056152344,37.852630615234375
-3.539398193359375,-23.148269653320312,37.88958740234375
-3.4329681396484375,-23.18829345703125,37.84150695800781
-3.5190658569335938,-23.215377807617188,37.8570556640625
-3.544097900390625,-23.257530212402344,37.81745910644531
-3.6551361083984375,-23.345108032226562,37.78709411621094
-3.5762710571289062,-23.33495330810547,37.75787353515625
-3.7171478271484375,-23.375450134277344,38.01148986816406
-3.6949462890625,-23.300567626953125,38.02989196777344
-3.72052001953125,-23.329864501953125,38.07310485839844
-3.6569747924804688,-23.32074737548828,38.23448181152344
-3.5807876586914062,-23.308837890625,38.12748718261719
-3.61004638671875,-23.24535369873047,37.99900817871094
-3.59991455078125,-23.0965576171875,37.81474304199219
-3.6040725708007812,-23.058006286621094,37.74436950683594
-3.6854476928710938,-23.155868530273438,37.806304931640625
-3.6063690185546875,-23.21234130859375,37.81394958496094
-3.6104965209960938,-23.22125244140625,37.78584289550781
-3.5787277221679688,-23.166275024414062,37.91883850097656
-3.5473175048828125,-23.19146728515625,37.92376708984375
-3.496063232421875,-23.161224365234375,37.97468566894531
-3.6033706665039062,-23.243621826171875,37.94914245605469
-3.485198974609375,-23.248199462890625,37.87345886230469
-3.4264678955078125,-23.182762145996094,37.85552978515625
-3.4738082885742188,-23.15118408203125,37.84553527832031
-3.4215240478515625,-23.092262268066406,37.77490234375
-3.3561935424804688,-23.04535675048828,37.83131408691406
-3.2707366943359375,-23.057693481445312,37.94252014160156
-3.2787933349609375,-22.973175048828125,38.04579162597656
-3.3356475830078125,-22.977622985839844,37.94163513183594
-3.2643890380859375,-22.941329956054688,37.852264404296875
-3.4742050170898438,-22.970603942871094,37.7945556640625
-3.5015411376953125,-23.027359008789062,37.751678466796875
-3.5438156127929688,-22.933494567871094,37.594757080078125
-3.5631866455078125,-22.988685607910156,37.535858154296875
-3.5509490966796875,-23.012908935546875,37.63739013671875
-3.4112472534179688,-23.064308166503906,37.63560485839844
-3.3720016479492188,-23.038795471191406,37.68341064453125
-3.275543212890625,-23.016799926757812,37.61326599121094
-3.4338912963867188,-23.003692626953125,37.73652648925781
-3.48455810546875,-23.040573120117188,37.783477783203125
-3.410125732421875,-22.981109619140625,37.72930908203125
-3.4932632446289062,-22.947174072265625,37.78205871582031
-3.5035324096679688,-23.062881469726562,37.82476806640625
-3.4058074951171875,-23.043533325195312,37.84913635253906
-3.372528076171875,-23.04582977294922,37.76988220214844
-3.30755615234375,-23.02117919921875,37.89274597167969
-3.3163986206054688,-22.821922302246094,38.0126953125
-3.2833404541015625,-22.937225341796875,37.92781066894531
-3.2678146362304688,-22.895851135253906,38.100189208984375
-3.4815444946289062,-22.974105834960938,38.118194580078125
-3.58819580078125,-23.041236877441406,37.96604919433594
-3.6089248657226562,-23.103797912597656,37.95826721191406
-3.4855499267578125,-23.088027954101562,37.91053771972656
-3.3813705444335938,-23.124908447265625,37.95542907714844
-3.36090087890625,-23.123153686523438,38.00138854980469
-3.378082275390625,-23.122032165527344,37.851287841796875
-3.5134811401367188,-23.119117736816406,37.72236633300781
-3.646942138671875,-23.218177795410156,37.60723876953125
-3.5554580688476562,-23.15814971923828,37.73768615722656
-3.5631790161132812,-23.16448974609375,37.92314147949219
-3.4796218872070312,-23.16905975341797,37.996429443359375
-3.4548797607421875,-23.203269958496094,37.82255554199219
-3.5023880004882812,-23.161087036132812,37.817169189453125
-3.5506515502929688,-23.12395477294922,37.78956604003906
-3.6247329711914062,-22.97986602783203,37.76446533203125
-3.642181396484375,-22.84905242919922,37.69728088378906
-3.5427780151367188,-22.84491729736328,37.61146545410156
-3.644683837890625,-22.885177612304688,37.59950256347656
-3.5816879272460938,-23.016860961914062,37.5740966796875
-3.6267318725585938,-23.0689697265625,37.77555847167969
-3.4350433349609375,-23.01934814453125,37.64555358886719
-3.4181137084960938,-23.086151123046875,37.610443115234375
-3.4956588745117188,-23.00511932373047,37.70637512207031
-3.6003799438476562,-22.915184020996094,37.79734802246094
-3.458892822265625,-22.9615478515625,37.75215148925781
-3.5339736938476562,-23.0716552734375,37.74932861328125
-3.4489517211914062,-23.116485595703125,37.810333251953125
-3.4783554077148438,-23.092803955078125,37.748779296875
-3.4322052001953125,-23.139144897460938,37.77027893066406
-3.4412994384765625,-23.199722290039062,37.91682434082031
-3.384185791015625,-23.057518005371094,37.89131164550781
-3.431488037109375,-23.008010864257812,37.78572082519531
-3.403289794921875,-22.90833282470703,37.83570861816406
-3.5757522583007812,-22.880279541015625,37.858154296875
-3.5079727172851562,-22.92400360107422,37.9808349609375
-3.5105972290039062,-23.068382263183594,37.917083740234375
-3.483856201171875,-23.17658233642578,37.7789306640625
-3.5178146362304688,-23.188232421875,37.69740295410156
-3.5096206665039062,-23.196083068847656,37.699371337890625
-3.6073455810546875,-23.146881103515625,37.64776611328125
-3.5732955932617188,-23.217559814453125,37.69035339355469
-3.5584564208984375,-23.23181915283203,37.60374450683594
-3.5981826782226562,-23.208274841308594,37.74505615234375
-3.5659332275390625,-23.08837127685547,37.875640869140625
-3.6005401611328125,-23.014549255371094,37.8538818359375
-3.5652847290039062,-22.998580932617188,37.92864990234375
-3.61334228515625,-23.080947875976562,37.925048828125
-3.6383743286132812,-23.088356018066406,37.915557861328125
-3.54779052734375,-23.078567504882812,37.87382507324219
-3.6016082763671875,-23.10387420654297,37.67835998535156
-3.7357559204101562,-23.085960388183594,37.649658203125
-3.5726318359375,-23.09160614013672,37.48985290527344
-3.53338623046875,-23.153228759765625,37.562835693359375
-3.5279693603515625,-23.13811492919922,37.60768127441406
-3.4560317993164062,-23.084716796875,37.723785400390625
-3.490203857421875,-23.093910217285156,37.77880859375
-3.4778671264648438,-23.164657592773438,37.8056640625
-3.4117889404296875,-23.176406860351562,37.7945556640625
-3.470703125,-23.158157348632812,37.785491943359375
-3.5279922485351562,-23.26421356201172,37.77711486816406
-3.5582809448242188,-23.4024658203125,37.791473388671875
-3.4347152709960938,-23.419410705566406,37.833465576171875
-3.4112091064453125,-23.39257049560547,37.731781005859375
-3.3522109985351562,-23.39759063720703,37.6292724609375
-3.2574539184570312,-23.394744873046875,37.75553894042969
-3.4044113159179688,-23.42095184326172,37.81903076171875
-3.4395751953125,-23.32233428955078,37.83195495605469
-3.4696807861328125,-23.36016082763672,37.80064392089844
-3.4250640869140625,-23.32306671142578,37.634063720703125
-3.4200668334960938,-23.340988159179688,37.650299072265625
-3.4248199462890625,-23.31505584716797,37.63714599609375
-3.3201141357421875,-23.333755493164062,37.60231018066406
-3.2928009033203125,-23.293731689453125,37.65971374511719
-3.2741470336914062,-23.283714294433594,37.67486572265625
-3.2249832153320312,-23.306289672851562,37.5994873046875
-3.2298583984375,-23.20146942138672,37.49360656738281
-3.3140106201171875,-23.14562225341797,37.75758361816406
-3.2818222045898438,-23.177932739257812,37.87742614746094
-3.3271408081054688,-23.21270751953125,37.79548645019531
-3.4390716552734375,-23.19683837890625,37.65275573730469
-3.4832839965820312,-23.164688110351562,37.59593200683594
-3.4746017456054688,-23.13384246826172,37.70353698730469
-3.4002151489257812,-23.129501342773438,37.851654052734375
-3.50177001953125,-23.222923278808594,37.94085693359375
-3.6112899780273438,-23.32489013671875,37.936309814453125
-3.6355743408203125,-23.410316467285156,37.916229248046875
-3.56048583984375,-23.45648193359375,37.99931335449219
-3.4377212524414062,-23.41480255126953,38.06190490722656
-3.3994140625,-23.30176544189453,38.12306213378906
-3.5665817260742188,-23.398101806640625,37.848724365234375
-3.5371322631835938,-23.39801025390625,37.83036804199219
-3.5211868286132812,-23.249229431152344,37.65826416015625
-3.509063720703125,-23.25708770751953,37.63648986816406
-3.4857025146484375,-23.440597534179688,37.7752685546875
-3.3344955444335938,-23.478927612304688,37.79722595214844
-3.3211288452148438,-23.329360961914062,37.917510986328125
-3.3324508666992188,-23.17902374267578,37.81231689453125
-3.3324508666992188,-23.17902374267578,37.81231689453125
-3.40374755859375,-23.25615692138672,37.75419616699219
-3.4558944702148438,-23.349334716796875,37.80378723144531
-3.5320587158203125,-23.39531707763672,37.712371826171875
-3.5398941040039062,-23.4815673828125,37.74516296386719
-3.5515823364257812,-23.49939727783203,37.69537353515625
-3.5216140747070312,-23.348648071289062,37.60606384277344
-3.5862350463867188,-23.244293212890625,37.67347717285156
-3.48992919921875,-23.17076873779297,37.759368896484375
-3.404541015625,-23.150894165039062,37.75105285644531
-3.3956451416015625,-23.205841064453125,37.66361999511719
-3.491424560546875,-23.096359252929688,37.54969787597656
-3.5772933959960938,-23.170799255371094,37.713714599609375
-3.605224609375,-23.133880615234375,37.90936279296875
-3.5937118530273438,-23.22515106201172,37.98382568359375
-3.5032577514648438,-23.175453186035156,37.96356201171875
-3.502838134765625,-23.249649047851562,37.98262023925781
-3.5448455810546875,-23.24396514892578,37.95343017578125
-3.53509521484375,-23.154266357421875,37.78529357910156
-3.4570465087890625,-23.11695098876953,37.846832275390625
-3.4016799926757812,-22.9688720703125,37.91694641113281
-3.306549072265625,-22.984268188476562,37.817047119140625
-3.3844528198242188,-23.077224731445312,37.78599548339844
-3.3584442138671875,-23.027259826660156,37.68681335449219
-3.3527450561523438,-22.972068786621094,37.7568359375
-3.39996337890625,-23.074417114257812,37.96092224121094
-3.4771728515625,-23.01165771484375,38.04423522949219
-3.3887557983398438,-23.17853546142578,38.08955383300781
-3.4403610229492188,-23.149856567382812,37.98406982421875
-3.476806640625,-23.14251708984375,37.99699401855469
-3.5274658203125,-23.212242126464844,37.84574890136719
-3.6014633178710938,-23.16095733642578,37.93202209472656
-3.6959762573242188,-23.139312744140625,37.9495849609375
-3.730865478515625,-23.189453125,37.90016174316406
-3.6080474853515625,-23.21752166748047,37.98554992675781
-3.52691650390625,-23.19707489013672,37.884002685546875
-3.4644546508789062,-23.262054443359375,37.894012451171875
-3.522796630859375,-23.323028564453125,38.103912353515625
-3.4567947387695312,-23.259994506835938,38.06706237792969
-3.5579986572265625,-23.259239196777344,38.07525634765625
-3.5290298461914062,-23.17011260986328,38.069061279296875
-3.4740219116210938,-23.21649169921875,38.005462646484375
-3.39666748046875,-23.231353759765625,37.80940246582031
-3.4314117431640625,-23.07915496826172,37.81098937988281
-3.3570175170898438,-23.065322875976562,37.80232238769531
-3.4623489379882812,-23.122169494628906,37.822906494140625
-3.4567794799804688,-23.156280517578125,37.82664489746094
-3.4182281494140625,-23.197975158691406,37.7701416015625
-3.3519058227539062,-23.18963623046875,37.62696838378906
-3.2603683471679688,-23.32898712158203,37.628936767578125
-3.338470458984375,-23.189361572265625,37.58233642578125
-3.2973098754882812,-23.207855224609375,37.69148254394531
-3.4243087768554688,-23.205604553222656,37.76634216308594
-3.4236679077148438,-23.265029907226562,37.780975341796875
-3.3785934448242188,-23.30548095703125,37.79045104980469
-3.3931808471679688,-23.404197692871094,37.815399169921875
-3.39111328125,-23.333900451660156,37.81346130371094
-3.4579849243164062,-23.414199829101562,37.843902587890625
-3.3521041870117188,-23.293296813964844,37.7391357421875
-3.4185867309570312,-23.277687072753906,37.70420837402344
-3.4627685546875,-23.255950927734375,37.722442626953125
-3.4268341064453125,-23.35040283203125,37.667388916015625
-3.3931808471679688,-23.227462768554688,37.779022216796875
-3.46099853515625,-23.27465057373047,38.031982421875
-3.47320556640625,-23.352622985839844,38.11323547363281
-3.3735122680664062,-23.420860290527344,38.0369873046875
-3.2637710571289062,-23.439239501953125,38.06431579589844
-3.4138717651367188,-23.399436950683594,38.09260559082031
-3.3706283569335938,-23.423934936523438,38.16035461425781
-3.2821807861328125,-23.45806121826172,38.09095764160156
-3.2474822998046875,-23.47882080078125,38.029052734375
-3.296142578125,-23.501235961914062,37.863372802734375
-3.2289352416992188,-23.392440795898438,37.84852600097656
-3.2606658935546875,-23.26129913330078,37.79296875
-3.1224899291992188,-23.326820373535156,37.85868835449219
-3.2559738159179688,-23.41645050048828,37.88417053222656
-3.1715240478515625,-23.384552001953125,37.83349609375
-3.1345596313476562,-23.266029357910156,37.91651916503906
-3.2319107055664062,-23.235374450683594,37.84474182128906
-3.2862091064453125,-23.31439208984375,37.7803955078125
-3.193817138671875,-23.449241638183594,37.79930114746094
-3.23834228515625,-23.41034698486328,37.77702331542969
-3.3042449951171875,-23.31525421142578,37.81831359863281
-3.2568359375,-23.211158752441406,37.75871276855469
-3.235626220703125,-23.149765014648438,37.80741882324219
-3.35919189453125,-23.159027099609375,37.783538818359375
-3.4945144653320312,-23.07666015625,37.8243408203125
-3.6611099243164062,-23.198562622070312,37.8072509765625
-3.6664505004882812,-23.17041778564453,37.7125244140625
-3.6866836547851562,-23.20604705810547,37.589141845703125
-3.746368408203125,-23.150733947753906,37.43707275390625
-3.612701416015625,-23.137680053710938,37.50279235839844
-3.5191802978515625,-23.218345642089844,37.58161926269531
-3.4717636108398438,-23.24622344970703,37.51579284667969
-3.432525634765625,-23.200454711914062,37.46327209472656
-3.4698486328125,-23.194915771484375,37.49427795410156
-3.3846282958984375,-23.130889892578125,37.50764465332031
-3.4534072875976562,-23.02845001220703,37.457183837890625
-3.44622802734375,-23.055419921875,37.62913513183594
-3.4538040161132812,-23.003257751464844,37.75384521484375
-3.4349212646484375,-23.180892944335938,37.81181335449219
-3.430389404296875,-23.07171630859375,37.81169128417969
-3.3889083862304688,-22.922203063964844,37.83026123046875
-3.475433349609375,-23.041168212890625,37.80381774902344
-3.437225341796875,-23.06720733642578,37.950347900390625
-3.377960205078125,-22.979080200195312,37.98426818847656
-3.4537353515625,-22.981903076171875,37.97242736816406
-3.5370025634765625,-23.06878662109375,37.91389465332031
-3.4839935302734375,-23.09302520751953,37.95005798339844
-3.454315185546875,-23.119117736816406,37.84759521484375
-3.4817581176757812,-23.219512939453125,37.75825500488281
-3.41693115234375,-23.172866821289062,37.90843200683594
-3.4642181396484375,-23.209396362304688,37.991485595703125
-3.4547195434570312,-23.066871643066406,37.820465087890625
-3.3664779663085938,-23.021408081054688,37.84346008300781
-3.4548263549804688,-23.158615112304688,37.76861572265625
-3.4801864624023438,-23.22083282470703,37.745697021484375
-3.3149337768554688,-23.192527770996094,37.86955261230469
-3.1749496459960938,-23.196151733398438,37.78089904785156
-3.27447509765625,-23.269630432128906,37.804473876953125
-3.31610107421875,-23.328529357910156,37.92085266113281
-3.3599929809570312,-23.37470245361328,37.86659240722656
-3.462158203125,-23.355064392089844,37.80462646484375
-3.5063323974609375,-23.185379028320312,37.71202087402344
-3.6185302734375,-23.140235900878906,37.61167907714844
-3.6241226196289062,-23.030364990234375,37.61907958984375
-3.65216064453125,-23.068328857421875,37.5709228515625
-3.6313323974609375,-23.055374145507812,37.69520568847656
-3.4776535034179688,-23.084373474121094,37.91569519042969
-3.3412857055664062,-23.013900756835938,37.871612548828125
-3.257110595703125,-23.0333251953125,37.795074462890625
-3.4053802490234375,-23.13343048095703,37.93797302246094
-3.4071121215820312,-23.2181396484375,38.059478759765625
-3.3319854736328125,-23.059593200683594,38.101898193359375
-3.291107177734375,-23.149368286132812,38.028533935546875
-3.2943191528320312,-23.158584594726562,37.86827087402344
-3.4293975830078125,-23.21436309814453,37.89369201660156
-3.4129714965820312,-23.22820281982422,37.77998352050781
-3.3079452514648438,-23.28607177734375,37.74690246582031
-3.2854537963867188,-23.356857299804688,37.78877258300781
-3.2118606567382812,-23.332748413085938,37.9599609375
-3.2192535400390625,-23.179428100585938,37.91107177734375
-3.2622528076171875,-23.171127319335938,37.96922302246094
-3.320526123046875,-23.22014617919922,38.08697509765625
-3.279327392578125,-23.258987426757812,38.046905517578125
-3.305633544921875,-23.16002655029297,37.75495910644531
-3.3128585815429688,-23.216331481933594,37.640045166015625
-3.3431472778320312,-23.179946899414062,37.52752685546875
-3.3569412231445312,-23.315040588378906,37.53242492675781
-3.4531936645507812,-23.32330322265625,37.49342346191406
-3.3103103637695312,-23.305496215820312,37.35713195800781
-3.3836593627929688,-23.283279418945312,37.19966125488281
-3.412689208984375,-23.204795837402344,37.199859619140625
-3.5728912353515625,-23.28093719482422,37.24574279785156
-3.558929443359375,-23.4210205078125,37.26417541503906
-3.5833282470703125,-23.48607635498047,37.44831848144531
-3.48675537109375,-23.46600341796875,37.37083435058594
-3.2928619384765625,-23.503257751464844,37.33552551269531
-3.3191604614257812,-23.268455505371094,37.46514892578125
-3.3388137817382812,-23.20191192626953,37.45147705078125
-3.4069366455078125,-23.234474182128906,37.47462463378906
-3.3625335693359375,-23.21709442138672,37.60992431640625
-3.2847137451171875,-23.276626586914062,37.683441162109375
-3.3316726684570312,-23.35992431640625,37.64372253417969
-3.329559326171875,-23.325355529785156,37.60658264160156
-3.285247802734375,-23.24401092529297,37.67625427246094
-3.245330810546875,-23.22606658935547,37.75987243652344
-3.3195724487304688,-23.080764770507812,37.82447814941406
-3.3715591430664062,-23.00817108154297,37.6788330078125
-3.3924484252929688,-23.184158325195312,37.777099609375
-3.4390945434570312,-23.13800048828125,37.83587646484375
-3.5198440551757812,-23.070274353027344,37.83636474609375
-3.487701416015625,-23.063148498535156,37.82232666015625
-3.3519821166992188,-23.02093505859375,37.907745361328125
-3.2077560424804688,-23.088546752929688,38.04510498046875
-3.1275482177734375,-23.05797576904297,38.123748779296875
-3.0809707641601562,-23.20378875732422,37.878936767578125
-3.1155471801757812,-23.237876892089844,37.855926513671875
-3.22113037109375,-23.223846435546875,37.96221923828125
-3.2539443969726562,-23.2364501953125,38.094146728515625
-3.3108673095703125,-23.250473022460938,38.10700988769531
-3.2786865234375,-23.233245849609375,38.094482421875
-3.2581024169921875,-23.306869506835938,37.96333312988281
-3.4243011474609375,-23.330581665039062,37.81468200683594
-3.5478515625,-23.18340301513672,38.030487060546875
-3.6373977661132812,-23.151092529296875,38.1197509765625
-3.6247482299804688,-23.181808471679688,38.068267822265625
-3.6053543090820312,-23.165451049804688,38.09086608886719
-3.6436386108398438,-23.217132568359375,38.15348815917969
-3.7481002807617188,-23.176734924316406,38.09588623046875
-3.7228317260742188,-23.290687561035156,38.07752990722656
-3.6926345825195312,-23.219032287597656,38.1505126953125
-3.7172317504882812,-23.17572784423828,38.13189697265625
-3.606201171875,-23.164154052734375,38.074615478515625
-3.589813232421875,-23.224449157714844,38.14811706542969
-3.5398101806640625,-23.182632446289062,38.09590148925781
-3.630523681640625,-23.145370483398438,38.25730895996094
-3.6781463623046875,-23.03150177001953,38.16734313964844
-3.6814117431640625,-23.17224884033203,38.02503967285156
-3.5816421508789062,-23.18651580810547,37.958953857421875
-3.73846435546875,-23.18988037109375,37.97114562988281
-3.6713333129882812,-23.095069885253906,38.105072021484375
-3.6861419677734375,-23.18335723876953,38.1038818359375
-3.7119674682617188,-23.18084716796875,38.04206848144531
-3.6425552368164062,-23.234031677246094,37.95716857910156
-3.6976394653320312,-23.149856567382812,37.88873291015625
-3.6275100708007812,-23.15514373779297,37.7958984375
-3.6907501220703125,-23.216445922851562,37.82078552246094
-3.6220245361328125,-23.165145874023438,37.87542724609375
-3.6828155517578125,-23.192214965820312,37.91590881347656
-3.7409210205078125,-23.107086181640625,38.06605529785156
-3.6961441040039062,-23.125694274902344,38.219482421875
-3.6494293212890625,-23.05828857421875,38.24420166015625
-3.47430419921875,-23.10315704345703,38.27264404296875
-3.31317138671875,-23.206893920898438,38.27897644042969
-3.42724609375,-23.212509155273438,38.28132629394531
-3.395263671875,-23.244598388671875,38.312652587890625
-3.4971847534179688,-23.25104522705078,38.31488037109375
-3.5624160766601562,-23.161231994628906,38.154388427734375
-3.5391387939453125,-23.274002075195312,37.88426208496094
-3.5823898315429688,-23.432716369628906,37.90168762207031
-3.6411666870117188,-23.471099853515625,37.888916015625
-3.6959152221679688,-23.466293334960938,38.05059814453125
-3.643524169921875,-23.432937622070312,38.224395751953125
-3.7384033203125,-23.40746307373047,38.25001525878906
-3.7486648559570312,-23.398895263671875,38.23411560058594
-3.6610794067382812,-23.414894104003906,38.2333984375
-3.6317825317382812,-23.49628448486328,38.276336669921875
-3.6552352905273438,-23.438995361328125,38.2041015625
-3.6200714111328125,-23.369277954101562,38.161895751953125
-3.6331253051757812,-23.473709106445312,38.17546081542969
-3.5865097045898438,-23.418296813964844,38.19708251953125
-3.64251708984375,-23.20587158203125,38.29547119140625
-3.7174301147460938,-23.160964965820312,38.297882080078125
-3.6538848876953125,-23.237045288085938,38.2476806640625
-3.7448806762695312,-23.346824645996094,38.263763427734375
-3.8695831298828125,-23.464401245117188,38.19117736816406
-3.7406845092773438,-23.45124053955078,38.13450622558594
-3.7561111450195312,-23.448654174804688,38.2076416015625
-3.7132720947265625,-23.483177185058594,38.23240661621094
-3.7032928466796875,-23.47887420654297,38.30747985839844
-3.7223434448242188,-23.369430541992188,38.32305908203125
-3.6578140258789062,-23.352699279785156,38.29753112792969
-3.5894775390625,-23.38396453857422,38.26789855957031
-3.7193984985351562,-23.364303588867188,38.315704345703125
-3.6697235107421875,-23.330230712890625,38.39479064941406
-3.6431198120117188,-23.291748046875,38.371612548828125
-3.6087722778320312,-23.324012756347656,38.28080749511719
-3.6964340209960938,-23.30518341064453,38.25666809082031
-3.5909881591796875,-23.33819580078125,38.3203125
-3.5633087158203125,-23.31922149658203,38.29176330566406
-3.573272705078125,-23.22100067138672,38.235931396484375
-3.696319580078125,-23.171607971191406,38.15782165527344
-3.781158447265625,-23.043190002441406,38.27801513671875
-3.6826095581054688,-23.196426391601562,38.284454345703125
-3.5291290283203125,-23.21600341796875,38.2498779296875
-3.364898681640625,-23.196029663085938,38.213348388671875
-3.5063705444335938,-23.33747100830078,38.292449951171875
-3.5839309692382812,-23.36865997314453,38.28277587890625
-3.3873291015625,-23.327499389648438,38.38653564453125
-3.3142166137695312,-23.438949584960938,38.30340576171875
-3.2972946166992188,-23.434959411621094,38.432281494140625
-3.239227294921875,-23.385528564453125,38.33226013183594
-3.302001953125,-23.292518615722656,38.192535400390625
-3.3392791748046875,-23.33989715576172,38.10649108886719
-3.1554107666015625,-23.284194946289062,38.0631103515625
-3.1649627685546875,-23.21001434326172,38.24879455566406
-3.3087387084960938,-23.34223175048828,38.28367614746094
-3.274017333984375,-23.32811737060547,38.30439758300781
-3.30169677734375,-23.336273193359375,38.36454772949219
-3.3288040161132812,-23.282669067382812,38.3975830078125
-3.3040313720703125,-23.33435821533203,38.54118347167969
-3.3198471069335938,-23.373374938964844,38.566375732421875
-3.45635986328125,-23.308349609375,38.60371398925781
-3.4737472534179688,-23.276199340820312,38.61439514160156
-3.4131240844726562,-23.294830322265625,38.54756164550781
-3.4930038452148438,-23.208663940429688,38.422393798828125
-3.5090255737304688,-23.151283264160156,38.44432067871094
-3.5848388671875,-23.285781860351562,38.32966613769531
-3.4722824096679688,-23.276161193847656,38.25885009765625
-3.4029464721679688,-23.275955200195312,38.307281494140625
-3.405853271484375,-23.17395782470703,38.27458190917969
-3.4685211181640625,-23.160560607910156,38.189697265625
-3.4358367919921875,-23.209671020507812,38.118133544921875
-3.3808517456054688,-23.16069793701172,38.1630859375
-3.3747406005859375,-23.170700073242188,37.92828369140625
-3.4597091674804688,-23.155410766601562,37.79876708984375
-3.4835662841796875,-23.175750732421875,37.95042419433594
-3.4739151000976562,-23.18060302734375,38.09375
-3.3942031860351562,-23.26689910888672,38.04429626464844
-3.2807159423828125,-23.178871154785156,38.101806640625
-3.2519760131835938,-23.260971069335938,38.07557678222656
-3.2798843383789062,-23.31695556640625,38.17816162109375
-3.2576065063476562,-23.159751892089844,38.242767333984375
-3.2939605712890625,-23.064727783203125,38.37269592285156
-3.317474365234375,-23.001129150390625,38.4534912109375
-3.5493545532226562,-22.996986389160156,38.390533447265625
-3.5197372436523438,-23.083091735839844,38.43058776855469
-3.608612060546875,-23.1922607421875,38.33036804199219
-3.5321578979492188,-23.31745147705078,38.26361083984375
-3.616119384765625,-23.240699768066406,38.25523376464844
-3.563140869140625,-23.216964721679688,38.221160888671875
-3.4547653198242188,-23.302650451660156,38.21708679199219
-3.5421524047851562,-23.366180419921875,38.2115478515625
-3.6286773681640625,-23.468963623046875,38.33656311035156
-3.6208419799804688,-23.50054931640625,38.38395690917969
-3.632049560546875,-23.231834411621094,38.57537841796875
-3.64544677734375,-23.2747802734375,38.4329833984375
-3.5926132202148438,-23.290908813476562,38.349822998046875
-3.7159042358398438,-23.3363037109375,38.25468444824219
-3.6800918579101562,-23.213966369628906,38.21025085449219
-3.756805419921875,-23.230735778808594,38.296630859375
-3.6462249755859375,-23.25440216064453,38.348388671875
-3.67059326171875,-23.257789611816406,38.39183044433594
-3.766754150390625,-23.25049591064453,38.34344482421875
-3.7817001342773438,-23.203109741210938,38.279876708984375
-3.68719482421875,-23.253211975097656,38.263671875
-3.5339431762695312,-23.232765197753906,38.43241882324219
-3.4658432006835938,-23.133399963378906,38.26666259765625
-3.4244842529296875,-23.163429260253906,38.19258117675781
-3.39080810546875,-23.201187133789062,38.11396789550781
-3.512237548828125,-23.1561279296875,37.94523620605469
-3.56689453125,-23.253013610839844,37.83428955078125
-3.5348968505859375,-23.175033569335938,37.92063903808594
-3.4692840576171875,-23.306838989257812,38.040863037109375
-3.409271240234375,-23.278335571289062,38.13653564453125
-3.5081710815429688,-23.26154327392578,38.16691589355469
-3.5308074951171875,-23.245811462402344,38.12269592285156
-3.5703887939453125,-23.24987030029297,38.21553039550781
-3.5893936157226562,-23.186973571777344,38.12110900878906
-3.5423812866210938,-23.220603942871094,38.11787414550781
-3.532379150390625,-23.172080993652344,38.08055114746094
-3.4198455810546875,-23.1590576171875,38.0635986328125
-3.5787200927734375,-23.228500366210938,38.09478759765625
-3.7282791137695312,-23.270851135253906,38.26338195800781
-3.747772216796875,-23.449501037597656,38.229034423828125
-3.7272186279296875,-23.35955047607422,38.26481628417969
-3.7051239013671875,-23.364242553710938,38.36347961425781
-3.769683837890625,-23.317527770996094,38.38447570800781
-3.7194290161132812,-23.34595489501953,38.33616638183594
-3.6453781127929688,-23.281997680664062,38.22474670410156
-3.6277542114257812,-23.229202270507812,38.10997009277344
-3.5307388305664062,-23.189132690429688,38.16993713378906
-3.418426513671875,-23.230010986328125,38.1309814453125
-3.4711761474609375,-23.441688537597656,38.11634826660156
-3.4588088989257812,-23.42071533203125,37.9661865234375
-3.5199127197265625,-23.464508056640625,37.96394348144531
-3.6112899780273438,-23.42321014404297,38.09873962402344
-3.6072921752929688,-23.41571044921875,38.23228454589844
-3.6949386596679688,-23.481704711914062,38.19891357421875
-3.6133804321289062,-23.430580139160156,38.17793273925781
-3.5932998657226562,-23.494873046875,38.20899963378906
-3.7224960327148438,-23.50439453125,38.13063049316406
-3.6918487548828125,-23.40552520751953,38.041656494140625
-3.6681594848632812,-23.34001922607422,38.0712890625
-3.6882095336914062,-23.45384979248047,38.03007507324219
-3.6028213500976562,-23.410415649414062,37.99671936035156
-3.4468612670898438,-23.420738220214844,38.013702392578125
-3.4450531005859375,-23.431854248046875,37.91075134277344
-3.3863067626953125,-23.540016174316406,37.91041564941406
-3.2777328491210938,-23.59087371826172,37.99163818359375
-3.3666305541992188,-23.71136474609375,37.91099548339844
-3.2854843139648438,-23.674461364746094,37.883880615234375
-3.1418991088867188,-23.692710876464844,37.85662841796875
-3.2242355346679688,-23.68476104736328,37.75563049316406
-3.2682571411132812,-23.77550506591797,37.78840637207031
-3.399932861328125,-23.72895050048828,37.815582275390625
-3.3911972045898438,-23.58800506591797,37.85993957519531
-3.434417724609375,-23.56529998779297,37.9053955078125
-3.4092864990234375,-23.51831817626953,37.924713134765625
-3.5821304321289062,-23.45514678955078,38.075958251953125
-3.5298843383789062,-23.44085693359375,38.086578369140625
-3.5483932495117188,-23.40699005126953,38.08546447753906
-3.5483932495117188,-23.40699005126953,38.08546447753906
-3.63702392578125,-23.443649291992188,38.15496826171875
-3.8229751586914062,-23.472373962402344,38.1298828125
-4.013771057128906,-23.53661346435547,38.17304992675781
-4.026878356933594,-23.495834350585938,38.144073486328125
-4.120780944824219,-23.3389892578125,38.16119384765625
-4.149711608886719,-23.42992401123047,37.98423767089844
-4.217124938964844,-23.49768829345703,38.0927734375
-4.3827056884765625,-23.372756958007812,38.14215087890625
-4.6427001953125,-23.105148315429688,38.14508056640625
-4.904510498046875,-23.07720947265625,37.96295166015625
-5.1572723388671875,-23.060630798339844,37.84059143066406
-5.423500061035156,-22.970932006835938,37.87174987792969
-5.6755523681640625,-22.978622436523438,37.9498291015625
-5.859901428222656,-22.84002685546875,37.874786376953125
-6.176910400390625,-22.708480834960938,37.98536682128906
-6.346809387207031,-22.72431182861328,38.04759216308594
-6.521965026855469,-22.74518585205078,38.024017333984375
-6.630157470703125,-22.64470672607422,38.02366638183594
-6.815513610839844,-22.698455810546875,37.90785217285156
-7.071098327636719,-22.585105895996094,37.770263671875
-7.0890045166015625,-22.503517150878906,37.68743896484375
-6.886390686035156,-22.44549560546875,37.67311096191406
-6.696510314941406,-22.37519073486328,37.67559814453125
-6.625335693359375,-22.357688903808594,37.69395446777344
-6.4642181396484375,-22.438140869140625,37.851226806640625
-6.140777587890625,-22.464256286621094,38.0338134765625
-5.918922424316406,-22.650665283203125,37.93281555175781
-5.59832763671875,-22.71704864501953,37.772613525390625
-5.285987854003906,-22.848976135253906,37.72584533691406
-4.9601593017578125,-22.873855590820312,37.77507019042969
-4.760353088378906,-22.901077270507812,37.7318115234375
-4.6522216796875,-22.950889587402344,37.79350280761719
-4.8512725830078125,-22.87945556640625,37.761688232421875
-4.921989440917969,-22.824119567871094,37.78273010253906
-5.0356597900390625,-22.805397033691406,37.92193603515625
-4.992835998535156,-22.79979705810547,38.036407470703125
-4.892181396484375,-22.76209259033203,38.06365966796875
-4.941261291503906,-22.717208862304688,38.227752685546875
-4.691619873046875,-22.647132873535156,38.16426086425781
-4.4992218017578125,-22.60986328125,38.16294860839844
-4.263618469238281,-22.701904296875,38.37507629394531
-4.017707824707031,-22.783790588378906,38.434539794921875
-3.699676513671875,-22.71387481689453,38.404266357421875
-3.52056884765625,-22.661972045898438,38.51063537597656
-3.32293701171875,-22.41783905029297,38.6087646484375
-2.9738006591796875,-22.3056640625,38.726654052734375
-2.92340087890625,-22.09527587890625,38.83259582519531
-2.9712982177734375,-21.931495666503906,39.08372497558594
-2.8480758666992188,-21.69439697265625,39.304443359375
-2.44287109375,-21.409820556640625,39.40748596191406
-2.2626953125,-21.175926208496094,39.51664733886719
-2.1450729370117188,-20.94385528564453,39.43925476074219
-2.1372833251953125,-20.9168701171875,39.34562683105469
-1.9453506469726562,-21.13176727294922,39.190826416015625
-1.8671951293945312,-21.36223602294922,39.17890930175781
-1.836090087890625,-21.71471405029297,39.08116149902344
-1.8297348022460938,-22.21166229248047,38.865325927734375
-1.986907958984375,-22.705215454101562,38.41804504394531
-1.7213211059570312,-23.19750213623047,37.9483642578125
-1.4943084716796875,-23.83014678955078,37.50575256347656
-1.3459243774414062,-24.472183227539062,37.06071472167969
-1.0719146728515625,-25.322433471679688,36.49443054199219
-0.9175872802734375,-26.184616088867188,36.086517333984375
-0.632110595703125,-26.872283935546875,35.52491760253906
-0.43875885009765625,-27.689537048339844,34.8306884765625
-0.30243682861328125,-28.520156860351562,34.044281005859375
-0.21905517578125,-29.40102767944336,33.322357177734375
-0.10486602783203125,-30.19369888305664,32.702911376953125
-0.158599853515625,-31.091083526611328,31.773834228515625
-0.21047210693359375,-31.958919525146484,30.66168212890625
-0.27146148681640625,-32.8007698059082,29.713104248046875
-0.38916015625,-33.729854583740234,28.852493286132812
-0.449951171875,-34.55850601196289,27.97320556640625
-0.691162109375,-35.46619415283203,26.844512939453125
-0.9661941528320312,-36.29890823364258,25.821395874023438
-1.2775115966796875,-36.886192321777344,24.7640380859375
-1.5184783935546875,-37.41251754760742,23.712722778320312
-1.9408721923828125,-37.972110748291016,22.75531005859375
-2.3388824462890625,-38.61234664916992,21.738601684570312
-2.83575439453125,-39.09847640991211,20.7340087890625
-3.3266220092773438,-39.66214370727539,19.738204956054688
-3.7804031372070312,-40.07038116455078,18.701446533203125
-4.105499267578125,-40.376258850097656,17.776702880859375
-4.322593688964844,-40.77408218383789,16.985015869140625
-4.703216552734375,-41.176795959472656,16.057357788085938
-4.9784088134765625,-41.458919525146484,15.22296142578125
-5.318489074707031,-41.75726318359375,14.4493408203125
-5.667137145996094,-41.994407653808594,13.78692626953125
-5.86627197265625,-42.185665130615234,13.113296508789062
-6.0247802734375,-42.20869445800781,12.681365966796875
-6.278282165527344,-42.2443733215332,12.307510375976562
-6.266868591308594,-42.394287109375,11.992233276367188
-6.446357727050781,-42.3812141418457,11.786605834960938
-6.421516418457031,-42.47724533081055,11.509124755859375
-6.538337707519531,-42.56489944458008,11.351730346679688
-6.4371490478515625,-42.768516540527344,11.233688354492188
-6.4111175537109375,-42.888450622558594,10.967803955078125
-6.264976501464844,-42.86052703857422,10.720703125
-6.3181304931640625,-42.843475341796875,10.5106201171875
-6.1008453369140625,-42.82874298095703,10.667984008789062
-5.922065734863281,-42.70655059814453,10.761871337890625
-5.5287933349609375,-42.68042755126953,11.077743530273438
-5.08135986328125,-42.668006896972656,11.607528686523438
-4.613502502441406,-42.561859130859375,12.084030151367188
-4.277702331542969,-42.58558654785156,12.7061767578125
-4.02020263671875,-42.32252883911133,13.528244018554688
-3.74310302734375,-42.0465202331543,14.074188232421875
-3.4697799682617188,-41.94233703613281,14.7962646484375
-3.4367523193359375,-41.84172821044922,15.495986938476562
-3.2038040161132812,-41.632076263427734,16.064178466796875
-3.0672836303710938,-41.41793441772461,16.468124389648438
-2.8243026733398438,-41.33931350708008,16.901702880859375
-2.7248001098632812,-41.25471878051758,17.27105712890625
-2.587066650390625,-41.22331619262695,17.503219604492188
-2.3265762329101562,-41.088069915771484,17.626785278320312
-2.2817459106445312,-40.920101165771484,17.934829711914062
-2.1907806396484375,-40.725955963134766,18.185302734375
-2.142120361328125,-40.657264709472656,18.3408203125
-2.0354385375976562,-40.791969299316406,18.4732666015625
-2.055267333984375,-40.7150993347168,18.696212768554688
-2.003875732421875,-40.59153747558594,18.949676513671875
-2.128753662109375,-40.51849365234375,19.133956909179688
-2.2667770385742188,-40.37781524658203,19.111846923828125
-2.4567947387695312,-40.168827056884766,19.25042724609375
-2.4195785522460938,-40.181339263916016,19.522979736328125
-2.3980789184570312,-40.02176284790039,19.598678588867188
-2.3469009399414062,-39.90744400024414,19.81036376953125
-2.523529052734375,-39.85818099975586,20.017486572265625
-2.632537841796875,-39.737831115722656,20.313827514648438
-2.5409164428710938,-39.73625946044922,20.377212524414062
-2.4407577514648438,-39.80263900756836,20.385711669921875
-2.4349212646484375,-39.742095947265625,20.459197998046875
-2.3500137329101562,-39.79017639160156,20.617904663085938
-2.1410675048828125,-39.77295684814453,20.72576904296875
-2.022705078125,-39.73193359375,20.717803955078125
-1.83013916015625,-39.6815071105957,20.582427978515625
-1.7842941284179688,-39.70872497558594,20.6807861328125
-1.7065353393554688,-39.60606384277344,20.704742431640625
-1.5932464599609375,-39.6568717956543,20.436691284179688
-1.4041595458984375,-39.78919219970703,20.233596801757812
-1.4173126220703125,-39.75596237182617,20.11846923828125
-1.1986007690429688,-39.790191650390625,19.990707397460938
-1.111236572265625,-39.7843017578125,20.087081909179688
-1.1148605346679688,-39.77838134765625,20.084732055664062
-1.0191192626953125,-39.71009826660156,20.262115478515625
-0.8529891967773438,-39.691307067871094,20.7108154296875
-0.5772247314453125,-39.59159851074219,20.9530029296875
-0.44525909423828125,-39.51997375488281,21.007827758789062
-0.2462005615234375,-39.46151351928711,20.914382934570312
-0.11067962646484375,-39.41810989379883,20.849884033203125
0.05138397216796875,-39.38260269165039,20.9830322265625
0.19921112060546875,-39.331398010253906,21.108016967773438
0.305633544921875,-39.388763427734375,21.258056640625
0.4404144287109375,-39.25977325439453,21.386871337890625
0.5419464111328125,-39.20091247558594,21.495834350585938
0.6213607788085938,-39.285430908203125,21.47894287109375
0.5917434692382812,-39.211753845214844,21.354888916015625
0.8262786865234375,-39.23905563354492,21.3370361328125
1.0893020629882812,-39.18711471557617,21.458084106445312
1.1577835083007812,-39.195518493652344,21.449020385742188
1.4192581176757812,-39.05615234375,21.368820190429688
1.4741363525390625,-39.063167572021484,21.383010864257812
1.6210250854492188,-39.079200744628906,21.256820678710938
1.7314224243164062,-39.0783805847168,21.311920166015625
1.8739013671875,-39.007991790771484,21.351226806640625
1.8078231811523438,-38.92664337158203,21.3472900390625
1.813232421875,-38.92915344238281,21.359710693359375
1.8650283813476562,-38.973968505859375,21.350631713867188
1.9503173828125,-38.80760192871094,21.396774291992188
1.9931640625,-38.65105056762695,21.329788208007812
2.0395126342773438,-38.52691650390625,21.225799560546875
1.9796905517578125,-38.58876037597656,21.200973510742188
1.9706649780273438,-38.58584213256836,21.273910522460938
1.9243850708007812,-38.36259460449219,21.327224731445312
2.08831787109375,-38.144412994384766,21.517257690429688
2.14178466796875,-38.05464172363281,21.694473266601562
2.1053924560546875,-37.88191223144531,22.000564575195312
2.3778533935546875,-37.742706298828125,22.415542602539062
2.441436767578125,-37.557228088378906,22.766510009765625
2.5436859130859375,-37.42875671386719,23.00030517578125
2.7298049926757812,-37.22312545776367,23.1668701171875
2.8244171142578125,-37.22651672363281,23.256942749023438
3.0925140380859375,-37.16658401489258,23.5743408203125
3.222686767578125,-37.08367919921875,23.918365478515625
3.2216720581054688,-36.94378662109375,24.272201538085938
3.4216156005859375,-36.73585510253906,24.752151489257812
3.7508621215820312,-36.54892349243164,25.2431640625
3.9768600463867188,-36.2702751159668,25.7520751953125
4.0774383544921875,-36.0577278137207,26.541732788085938
4.139701843261719,-35.90863037109375,27.434371948242188
4.243171691894531,-35.57527160644531,28.27960205078125
4.2059173583984375,-35.16981506347656,29.2164306640625
4.0808563232421875,-34.75703048706055,30.357650756835938
3.8739776611328125,-34.272369384765625,31.59344482421875
3.6747589111328125,-33.58841323852539,33.07867431640625
3.4217910766601562,-32.80791091918945,34.52461242675781
2.8749160766601562,-31.807964324951172,36.04533386230469
2.1407470703125,-30.337162017822266,37.37577819824219
1.1650466918945312,-28.42507553100586,38.722747802734375
-0.25783538818359375,-25.91595458984375,40.1470947265625
-2.0970687866210938,-22.572708129882812,41.353118896484375
-4.75445556640625,-18.319351196289062,41.86236572265625
-7.965423583984375,-13.530715942382812,41.190032958984375
-11.591224670410156,-8.506927490234375,38.731353759765625
-15.461799621582031,-3.2050018310546875,33.29615783691406
-19.45934295654297,2.079803466796875,23.873443603515625
-21.32219696044922,7.3602752685546875,12.435836791992188
-21.34075164794922,10.337593078613281,4.072509765625
-21.217994689941406,10.574951171875,0.650146484375
-20.972763061523438,10.571990966796875,-0.117645263671875
-20.811477661132812,10.763648986816406,0.0537109375
-20.76611328125,10.926109313964844,0.3416900634765625
-20.728408813476562,11.1971435546875,0.647552490234375
-20.66320037841797,11.245353698730469,0.7081756591796875
-20.511253356933594,11.339385986328125,0.74456787109375
-20.531509399414062,11.311676025390625,0.8479766845703125
-20.49193572998047,11.40869140625,0.996612548828125
-20.505508422851562,11.599632263183594,0.8915557861328125
-20.240196228027344,11.639930725097656,0.897735595703125
-20.162460327148438,11.810234069824219,0.96734619140625
-20.24134063720703,11.960014343261719,1.1580352783203125
-20.075294494628906,12.02899169921875,1.3767852783203125
-20.006500244140625,12.138473510742188,1.6527252197265625
-19.972373962402344,12.277374267578125,1.9689178466796875
-19.99090576171875,12.481544494628906,2.1398468017578125
-19.80481719970703,12.618049621582031,2.4120330810546875
-19.684616088867188,12.723922729492188,2.6845703125
-19.654464721679688,12.812553405761719,2.8715667724609375
-19.635223388671875,12.93304443359375,2.910400390625
-19.59650421142578,13.071151733398438,2.992401123046875
-19.618133544921875,13.295143127441406,3.0614166259765625
-19.580673217773438,13.304794311523438,3.2798919677734375
-19.555152893066406,13.52301025390625,3.5852813720703125
-19.590431213378906,13.731056213378906,3.9062347412109375
-19.46026611328125,14.052993774414062,4.1388092041015625
-19.471641540527344,14.211578369140625,4.5066986083984375
-19.503509521484375,14.322761535644531,4.874298095703125
-19.662391662597656,14.589874267578125,5.367431640625
-19.83154296875,14.933921813964844,5.6708831787109375
-19.790382385253906,15.242950439453125,6.062713623046875
-19.87584686279297,15.336662292480469,6.252471923828125
-19.862754821777344,15.615142822265625,6.4891815185546875
-19.934852600097656,15.665565490722656,6.69287109375
-19.96886444091797,15.788291931152344,6.7505645751953125
-19.935653686523438,16.001426696777344,6.915924072265625
-19.86186981201172,16.166976928710938,7.1456451416015625
-19.799072265625,16.443626403808594,7.4742279052734375
-19.901695251464844,16.52569580078125,7.8654632568359375
-19.920150756835938,16.924606323242188,8.139022827148438
-19.991004943847656,17.272613525390625,8.529998779296875
-20.09551239013672,17.64654541015625,9.035324096679688
-20.2939453125,18.08587646484375,9.484527587890625
-20.471046447753906,18.468124389648438,9.878982543945312
-20.756141662597656,18.924636840820312,10.477127075195312
-20.99665069580078,19.405723571777344,10.961639404296875
-21.29534149169922,20.016639709472656,11.383880615234375
-21.369171142578125,20.33179473876953,11.845321655273438
-21.475372314453125,20.685638427734375,12.253250122070312
-21.494430541992188,21.218353271484375,12.552734375
-21.87602996826172,21.670806884765625,13.081405639648438
-22.18830108642578,22.171615600585938,13.701278686523438
-22.43572998046875,22.59697723388672,14.182266235351562
-22.73033905029297,23.097900390625,14.368179321289062
-23.162391662597656,23.423683166503906,14.791091918945312
-23.664749145507812,23.995826721191406,15.202713012695312
-24.21898651123047,24.334945678710938,15.660476684570312
-24.866233825683594,24.65172576904297,16.026107788085938
-25.371543884277344,25.02044677734375,16.2158203125
-25.5701904296875,25.30915069580078,16.405319213867188
-25.92029571533203,25.56041717529297,16.513198852539062
-26.405296325683594,25.88469696044922,16.588287353515625
-26.783706665039062,26.157363891601562,16.585235595703125
-27.29218292236328,26.369422912597656,16.696075439453125
-27.68383026123047,26.611953735351562,17.073226928710938
-28.395263671875,26.73529815673828,17.281234741210938
-28.94037628173828,26.990447998046875,17.384048461914062
-29.27617645263672,27.07965087890625,17.524566650390625
-29.54662322998047,27.290695190429688,17.593948364257812
-29.941207885742188,27.701133728027344,17.65643310546875
-30.86034393310547,28.349708557128906,17.903656005859375
-31.820518493652344,29.095458984375,18.146469116210938
-32.50208282470703,29.53289031982422,18.404464721679688
-32.95207977294922,29.592262268066406,18.509307861328125
-33.20207214355469,29.850860595703125,18.658187866210938
-33.49900817871094,30.108734130859375,18.641952514648438
-33.69123077392578,30.393714904785156,18.756820678710938
-33.700286865234375,30.66840362548828,18.925155639648438
-33.85569763183594,31.06183624267578,19.125747680664062
-34.06971740722656,31.318740844726562,19.1485595703125
-34.2799072265625,31.486251831054688,19.194869995117188
-34.51683044433594,31.486358642578125,19.149749755859375
-34.71630096435547,31.267051696777344,18.889846801757812
-35.00714111328125,31.162376403808594,18.7056884765625
-35.084754943847656,30.95849609375,18.67364501953125
-35.268714904785156,30.70947265625,18.596603393554688
-35.53327941894531,30.485397338867188,18.512985229492188
-35.667144775390625,30.21131134033203,18.295684814453125
-35.68780517578125,29.93384552001953,18.162384033203125
-35.637786865234375,29.798828125,18.021347045898438
-35.53807830810547,29.624755859375,18.111328125
-35.485755920410156,29.567123413085938,18.062408447265625
-35.46892547607422,29.644882202148438,17.963668823242188
-35.314918518066406,29.672012329101562,17.922653198242188
-35.08258819580078,29.65557098388672,17.887039184570312
-35.01268768310547,29.529380798339844,17.890594482421875
-35.098960876464844,29.527915954589844,17.9339599609375
-35.14137268066406,29.535423278808594,17.974105834960938
-35.19342803955078,29.52143096923828,17.821609497070312
-35.131996154785156,29.635604858398438,17.666488647460938
-35.101295471191406,29.602401733398438,17.772750854492188
-35.07904052734375,29.53400421142578,17.80621337890625
-34.971771240234375,29.482948303222656,17.996856689453125
-34.749969482421875,29.480209350585938,18.340179443359375
-34.46497344970703,29.540969848632812,18.423187255859375
-34.19824981689453,29.330230712890625,18.443267822265625
-34.114051818847656,29.308578491210938,18.271438598632812
-33.89164733886719,29.205406188964844,18.2757568359375
-33.737510681152344,29.097389221191406,18.273513793945312
-33.63562774658203,29.103111267089844,18.321090698242188
-33.66972351074219,29.122085571289062,18.388320922851562
-33.614356994628906,29.21862030029297,18.380645751953125
-33.49864196777344,29.186386108398438,18.254989624023438
-33.30175018310547,29.146316528320312,18.259613037109375
-33.329986572265625,29.084854125976562,18.206710815429688
-33.239097595214844,29.03748321533203,18.263442993164062
-33.26921081542969,28.926071166992188,18.18280029296875
-33.11466979980469,28.857765197753906,18.099441528320312
-33.02937316894531,28.85216522216797,18.254989624023438
-32.88196563720703,28.833633422851562,18.229156494140625
-32.87944030761719,28.866554260253906,18.293212890625
-32.78082275390625,28.7447509765625,18.271453857421875
-32.75383758544922,28.710647583007812,18.160018920898438
-32.4842529296875,28.643943786621094,18.130889892578125
-32.33557891845703,28.538536071777344,18.2313232421875
-32.20329284667969,28.50884246826172,18.333816528320312
-32.11163330078125,28.4874267578125,18.278884887695312
-32.094444274902344,28.51599884033203,18.274566650390625
-32.11346435546875,28.549850463867188,18.272537231445312
-32.12156677246094,28.534507751464844,18.350845336914062
-32.03455352783203,28.55345916748047,18.17962646484375
-31.976181030273438,28.55036163330078,18.110748291015625
-32.001869201660156,28.650131225585938,18.07818603515625
-31.94074249267578,28.749710083007812,18.121627807617188
-32.194610595703125,28.727371215820312,18.117767333984375
-32.163307189941406,28.7415771484375,18.2906494140625
-31.98552703857422,28.667984008789062,18.109481811523438
-31.908676147460938,28.71611785888672,18.054534912109375
-31.99663543701172,28.711563110351562,18.040542602539062
-32.17638397216797,28.759246826171875,17.98248291015625
-32.176239013671875,28.738990783691406,17.98651123046875
-32.253456115722656,28.69733428955078,18.00384521484375
-32.17742156982422,28.623512268066406,17.999893188476562
-32.01448059082031,28.635391235351562,17.99200439453125
-32.094154357910156,28.6976318359375,18.024703979492188
-32.110389709472656,28.70098876953125,17.934585571289062
-32.23761749267578,28.682586669921875,17.832611083984375
-32.25837707519531,28.746353149414062,17.942916870117188
-32.26544952392578,28.746871948242188,17.954025268554688
-32.19667053222656,28.778411865234375,17.96417236328125
-32.255096435546875,28.717308044433594,17.887039184570312
-32.262290954589844,28.622100830078125,17.997161865234375
-32.27800750732422,28.5535888671875,18.039871215820312
-32.191253662109375,28.532005310058594,17.99591064453125
-32.30708312988281,28.453224182128906,18.001312255859375
-32.32056427001953,28.47093963623047,17.966751098632812
-32.384437561035156,28.439239501953125,18.218368530273438
-32.273277282714844,28.417892456054688,18.244659423828125
-32.277549743652344,28.459304809570312,18.292556762695312
-32.24003601074219,28.445762634277344,18.096221923828125
-32.20362091064453,28.488815307617188,18.078216552734375
-32.3194580078125,28.495132446289062,17.983993530273438
-32.28504943847656,28.468719482421875,18.002029418945312
-32.28504943847656,28.468719482421875,18.002029418945312
-32.26573944091797,28.514671325683594,18.059783935546875
-32.20635223388672,28.446731567382812,18.197311401367188
-32.347412109375,28.426040649414062,18.270736694335938
-32.261634826660156,28.47472381591797,18.0582275390625
-32.21601867675781,28.464309692382812,18.047744750976562
-32.080238342285156,28.585166931152344,17.971969604492188
-32.02964782714844,28.535804748535156,17.9910888671875
-32.01634216308594,28.622543334960938,18.112991333007812
-32.00929260253906,28.61170196533203,18.106979370117188
-32.088661193847656,28.717071533203125,18.279281616210938
-32.14081573486328,28.57532501220703,18.146270751953125
-32.10680389404297,28.53845977783203,18.176742553710938
-31.966354370117188,28.71898651123047,17.9796142578125
-31.952491760253906,28.691688537597656,17.85736083984375
-31.868431091308594,28.583358764648438,17.8194580078125
-31.928298950195312,28.60205078125,17.833023071289062
-31.952621459960938,28.580429077148438,17.9453125
-31.893470764160156,28.724273681640625,17.81842041015625
-31.933692932128906,28.613670349121094,17.706329345703125
-32.146766662597656,28.609695434570312,17.789932250976562
-32.16990661621094,28.54859161376953,17.768798828125
-31.999725341796875,28.585670471191406,17.884628295898438
-32.000831604003906,28.547134399414062,17.915603637695312
-31.88318634033203,28.65497589111328,17.986846923828125
-31.94837188720703,28.683555603027344,18.009414672851562
-32.05792236328125,28.58061981201172,18.029754638671875
-32.03144073486328,28.600357055664062,17.977996826171875
-32.114776611328125,28.593101501464844,17.992935180664062
-32.09199523925781,28.649070739746094,17.938140869140625
-32.16069030761719,28.709457397460938,18.013336181640625
-32.07780456542969,28.672622680664062,17.989578247070312
-31.96295928955078,28.586509704589844,17.90789794921875
-32.093353271484375,28.59375,17.856201171875
-32.13152313232422,28.571441650390625,17.813827514648438
-32.242088317871094,28.558563232421875,17.851058959960938
-32.196319580078125,28.528518676757812,17.832366943359375
-32.26002502441406,28.71466064453125,17.790802001953125
-32.23736572265625,28.72374725341797,18.021713256835938
-32.162818908691406,28.634620666503906,17.954727172851562
-32.09596252441406,28.484840393066406,18.144851684570312
-32.08324432373047,28.543685913085938,18.302825927734375
-32.04298400878906,28.65892791748047,18.333770751953125
-32.03801727294922,28.75409698486328,18.331680297851562
-32.11260223388672,28.724319458007812,18.362640380859375
-32.06504821777344,28.69891357421875,18.086349487304688
-32.17003631591797,28.69873046875,18.048049926757812
-32.19447326660156,28.70716094970703,18.000930786132812
-32.071983337402344,28.705162048339844,17.833694458007812
-32.165771484375,28.646163940429688,17.8880615234375
-32.171424865722656,28.559669494628906,17.798492431640625
-32.119590759277344,28.55207061767578,17.838729858398438
-32.101539611816406,28.506736755371094,17.911697387695312
-32.2366943359375,28.418556213378906,17.920318603515625
-32.24658203125,28.587600708007812,18.098373413085938
-32.187767028808594,28.634170532226562,18.074462890625
-32.31359100341797,28.696144104003906,18.036117553710938
-32.391883850097656,28.710594177246094,18.028488159179688
-32.424842834472656,28.66437530517578,18.069442749023438
-32.413963317871094,28.742752075195312,18.0445556640625
-32.285377502441406,28.731216430664062,18.051223754882812
-32.26582336425781,28.689849853515625,18.004302978515625
-32.19872283935547,28.759170532226562,18.140945434570312
-32.224327087402344,28.6864013671875,18.002853393554688
-32.28087615966797,28.667861938476562,18.074142456054688
-32.00214385986328,28.55632781982422,18.220947265625
-32.02308654785156,28.720260620117188,18.083877563476562
-32.11334228515625,28.73542022705078,17.873672485351562
-32.187225341796875,28.647979736328125,17.880401611328125
-32.16803741455078,28.586212158203125,17.89056396484375
-32.164215087890625,28.593780517578125,17.891769409179688
-32.236427307128906,28.562477111816406,17.807647705078125
-32.23301696777344,28.566604614257812,17.778030395507812
-32.1988525390625,28.599403381347656,18.059951782226562
-32.209930419921875,28.59856414794922,18.319137573242188
-32.170494079589844,28.735198974609375,18.498306274414062
-32.014404296875,28.85552978515625,18.435653686523438
-31.933982849121094,28.835540771484375,18.345718383789062
-32.05387878417969,28.741966247558594,18.343719482421875
-32.22119903564453,28.718467712402344,18.315643310546875
-32.27747344970703,28.616317749023438,18.287811279296875
-32.25184631347656,28.62415313720703,18.35687255859375
-32.100364685058594,28.629379272460938,18.340682983398438
-32.07752227783203,28.628707885742188,18.337936401367188
-32.097991943359375,28.631507873535156,18.266769409179688
-32.10597229003906,28.582229614257812,18.335861206054688
-32.02207946777344,28.563217163085938,18.352935791015625
-31.928176879882812,28.613296508789062,18.30224609375
-31.987449645996094,28.56934356689453,18.461807250976562
-32.043548583984375,28.44775390625,18.309112548828125
-32.126060485839844,28.42694091796875,18.3111572265625
-32.14842224121094,28.469520568847656,18.352310180664062
-32.067413330078125,28.493362426757812,18.351821899414062
-32.110443115234375,28.5081787109375,18.181137084960938
-32.192901611328125,28.61138153076172,18.145339965820312
-32.23448944091797,28.539794921875,18.005599975585938
-32.18171691894531,28.610397338867188,18.008758544921875
-32.066162109375,28.66222381591797,18.173873901367188
-32.06455993652344,28.75450897216797,18.224365234375
-32.20550537109375,28.801254272460938,18.187973022460938
-32.33930206298828,28.735382080078125,18.130462646484375
-32.38563537597656,28.72783660888672,18.16552734375
-32.275177001953125,28.70953369140625,18.18701171875
-32.185523986816406,28.800979614257812,18.078933715820312
-32.075233459472656,28.97333526611328,18.0592041015625
-32.05579376220703,28.860816955566406,18.004913330078125
-32.20805358886719,28.737380981445312,18.0137939453125
-32.249183654785156,28.71710205078125,17.858932495117188
-32.358734130859375,28.76891326904297,17.819290161132812
-32.26072692871094,28.779739379882812,17.807296752929688
-32.19336700439453,28.73851776123047,17.782363891601562
-32.06006622314453,28.72600555419922,17.824020385742188
-32.110130310058594,28.70079803466797,17.941162109375
-32.15727233886719,28.68682861328125,17.97723388671875
-32.307151794433594,28.706573486328125,17.964157104492188
-32.29363250732422,28.581504821777344,17.97113037109375
-32.21062469482422,28.54442596435547,17.916275024414062
-32.232810974121094,28.611953735351562,17.845458984375
-32.206817626953125,28.697921752929688,17.900253295898438
-32.26365661621094,28.68372344970703,18.00848388671875
-32.228492736816406,28.73017120361328,17.942108154296875
-32.270362854003906,28.68212127685547,17.9378662109375
-32.22296142578125,28.586013793945312,18.106460571289062
-32.12567901611328,28.59674835205078,18.238983154296875
-32.204010009765625,28.623031616210938,18.319046020507812
-32.09095001220703,28.714073181152344,18.2998046875
-32.096641540527344,28.68273162841797,18.28607177734375
-32.100807189941406,28.727828979492188,18.282135009765625
-32.145347595214844,28.724327087402344,18.149932861328125
-32.087425231933594,28.690696716308594,18.185134887695312
-32.09063720703125,28.6553955078125,18.116119384765625
-32.20231628417969,28.68720245361328,18.016189575195312
-32.19532775878906,28.709144592285156,18.024261474609375
-32.21154022216797,28.764869689941406,18.1259765625
-32.29515075683594,28.668899536132812,18.018630981445312
-32.280738830566406,28.700416564941406,18.01220703125
-32.246360778808594,28.76361846923828,18.046279907226562
-32.238372802734375,28.583824157714844,18.051803588867188
-32.365928649902344,28.44098663330078,18.008056640625
-32.366172790527344,28.492950439453125,18.041976928710938
-32.26885986328125,28.697616577148438,18.038864135742188
-32.206703186035156,28.57799530029297,18.212860107421875
-32.352577209472656,28.66187286376953,18.040634155273438
-32.329689025878906,28.715003967285156,18.016876220703125
-32.42604064941406,28.685462951660156,17.959945678710938
-32.432823181152344,28.720680236816406,18.086273193359375
-32.31764221191406,28.720726013183594,18.135101318359375
-32.23786926269531,28.73540496826172,18.047195434570312
-32.284629821777344,28.6810302734375,17.98431396484375
-32.298179626464844,28.70159149169922,17.99774169921875
-32.29570770263672,28.745384216308594,18.014419555664062
-32.24462890625,28.798446655273438,18.01806640625
-32.265098571777344,28.82965850830078,17.939865112304688
-32.26653289794922,28.867637634277344,18.103469848632812
-32.35591125488281,28.90795135498047,18.066360473632812
-32.41797637939453,28.853065490722656,18.054443359375
-32.363128662109375,28.85936737060547,18.136825561523438
-32.36717987060547,28.883384704589844,18.191375732421875
-32.23072814941406,28.870681762695312,18.1312255859375
-32.231590270996094,28.82720947265625,18.10369873046875
-32.26494598388672,28.87456512451172,18.19012451171875
-32.28852081298828,28.72748565673828,18.001724243164062
-32.32057189941406,28.694137573242188,17.912765502929688
-32.35979461669922,28.679115295410156,17.827987670898438
-32.36542510986328,28.81848907470703,17.823944091796875
-32.408721923828125,28.862144470214844,17.961883544921875
-32.39678192138672,28.825965881347656,17.925750732421875
-32.537635803222656,28.890380859375,17.995529174804688
-32.433570861816406,28.890716552734375,18.000411987304688
-32.29441833496094,28.7200927734375,18.069686889648438
-32.264068603515625,28.76116180419922,18.2354736328125
-32.21467590332031,28.699630737304688,18.2198486328125
-32.259681701660156,28.75006866455078,18.061065673828125
-32.21070861816406,28.777618408203125,18.042633056640625
-32.207183837890625,28.855506896972656,18.142791748046875
-32.24986267089844,28.86589813232422,18.2198486328125
-32.19927978515625,28.85198211669922,18.135223388671875
-32.36384582519531,28.899574279785156,18.166122436523438
-32.40436553955078,28.868255615234375,18.115966796875
-32.41229248046875,28.80517578125,18.203369140625
-32.40443420410156,28.691635131835938,18.20806884765625
-32.33275604248047,28.756317138671875,18.072769165039062
-32.237205505371094,28.757347106933594,18.260604858398438
-32.29005432128906,28.734092712402344,18.240966796875
-32.27745819091797,28.67578887939453,18.296463012695312
-32.234596252441406,28.65625,18.237838745117188
-32.200958251953125,28.65215301513672,18.250762939453125
-32.264137268066406,28.583663940429688,18.336029052734375
-32.09772491455078,28.705482482910156,18.403732299804688
-32.067413330078125,28.826942443847656,18.394256591796875
-32.13086700439453,28.855316162109375,18.3739013671875
-32.10297393798828,28.71904754638672,18.258316040039062
-32.182655334472656,28.709800720214844,18.084854125976562
-32.26397705078125,28.83214569091797,18.148086547851562
-32.11431121826172,28.79169464111328,18.276718139648438
-32.06257629394531,28.756668090820312,18.175674438476562
-31.99859619140625,28.69989013671875,18.0447998046875
-31.92168426513672,28.721763610839844,17.965545654296875
-32.032814025878906,28.769630432128906,17.975997924804688
-32.002655029296875,28.711578369140625,18.012161254882812
-31.95556640625,28.76824951171875,18.022994995117188
-31.940536499023438,28.878128051757812,17.9471435546875
-31.964439392089844,28.876739501953125,17.966156005859375
-32.096519470214844,28.854942321777344,17.995895385742188
-32.142784118652344,28.834320068359375,18.015609741210938
-32.19950866699219,28.778236389160156,17.962081909179688
-32.157142639160156,28.80829620361328,18.079757690429688
-32.122825622558594,28.862998962402344,18.14776611328125
-31.942764282226562,28.966354370117188,18.04376220703125
-31.980133056640625,28.933753967285156,18.120956420898438
-31.97431182861328,28.83275604248047,18.114303588867188
-31.9566650390625,28.887054443359375,18.122344970703125
-31.978363037109375,28.905715942382812,18.303939819335938
-32.091712951660156,28.817184448242188,18.28564453125
-32.0968017578125,28.93829345703125,18.344497680664062
-32.183509826660156,28.961036682128906,18.358612060546875
-32.27874755859375,28.934349060058594,18.260238647460938
-32.251625061035156,29.012527465820312,18.273681640625
-32.30036926269531,29.0721435546875,18.2672119140625
-32.173423767089844,29.061874389648438,18.140853881835938
-32.22602081298828,28.981201171875,17.977996826171875
-32.16273498535156,28.97472381591797,17.991409301757812
-32.074012756347656,29.024391174316406,17.930587768554688
-31.95123291015625,28.97521209716797,17.979721069335938
-31.936790466308594,28.997642517089844,18.021087646484375
-31.904388427734375,28.939369201660156,17.976058959960938
-32.04048156738281,28.966262817382812,18.088058471679688
-32.08616638183594,28.919708251953125,17.974411010742188
-32.023101806640625,28.847068786621094,17.904754638671875
-31.966598510742188,28.883399963378906,17.835662841796875
-31.78960418701172,28.930076599121094,17.828582763671875
-31.94908905029297,28.960655212402344,17.967178344726562
-31.80022430419922,28.873435974121094,18.134552001953125
-31.81134033203125,28.861961364746094,17.988967895507812
-31.951881408691406,28.893508911132812,17.868911743164062
-31.999488830566406,28.900787353515625,17.884353637695312
-32.02222442626953,28.757369995117188,18.036972045898438
-31.881591796875,28.728309631347656,17.954376220703125
-31.835494995117188,28.73394012451172,18.007522583007812
-31.90727996826172,28.613250732421875,18.034393310546875
-32.023780822753906,28.60816192626953,17.996780395507812
-32.081459045410156,28.708335876464844,17.967376708984375
-31.939491271972656,28.622299194335938,17.8857421875
-31.98516845703125,28.564544677734375,17.857940673828125
-31.939361572265625,28.578720092773438,17.79595947265625
-31.86048126220703,28.626625061035156,17.8768310546875
-31.766372680664062,28.599082946777344,17.815902709960938
-31.750404357910156,28.568252563476562,17.843643188476562
-31.88970947265625,28.440200805664062,17.907333374023438
-31.913902282714844,28.419281005859375,18.107681274414062
-31.906822204589844,28.576736450195312,18.0184326171875
-31.963035583496094,28.526473999023438,18.009429931640625
-32.071144104003906,28.538429260253906,17.953201293945312
-32.001220703125,28.71509552001953,17.822860717773438
-31.948074340820312,28.713363647460938,17.8197021484375
-31.8104248046875,28.72844696044922,17.820953369140625
-31.83807373046875,28.67127227783203,17.840194702148438
-31.87206268310547,28.585342407226562,17.9840087890625
-31.86553955078125,28.598709106445312,17.914459228515625
-31.887351989746094,28.529563903808594,17.906448364257812
-31.896408081054688,28.58409881591797,17.989501953125
-31.980758666992188,28.617095947265625,17.882888793945312
-31.89837646484375,28.638572692871094,17.827423095703125
-32.07256317138672,28.78387451171875,17.779891967773438
-32.00286865234375,28.8387451171875,17.82427978515625
-31.956947326660156,28.837615966796875,17.873138427734375
-31.906829833984375,28.7333984375,17.883865356445312
-32.111724853515625,28.773757934570312,17.876815795898438
-32.057525634765625,28.771339416503906,17.870849609375
-32.091835021972656,28.673301696777344,18.004409790039062
-32.12223815917969,28.625,18.155853271484375
-32.13903045654297,28.692169189453125,18.307403564453125
-31.98375701904297,28.75811004638672,18.30462646484375
-31.94403076171875,28.6612548828125,18.3414306640625
-31.939895629882812,28.729530334472656,18.063278198242188
-32.034217834472656,28.726280212402344,18.00244140625
-32.10762023925781,28.609588623046875,18.003692626953125
-32.125511169433594,28.641952514648438,18.133270263671875
-32.018592834472656,28.627273559570312,18.001495361328125
-31.987747192382812,28.598831176757812,17.994171142578125
-31.860267639160156,28.542312622070312,17.993942260742188
-31.899337768554688,28.603744506835938,18.103775024414062
-31.8865966796875,28.63996124267578,18.203140258789062
-32.069480895996094,28.64813995361328,18.29241943359375
-32.08252716064453,28.655136108398438,18.209365844726562
-31.969070434570312,28.65709686279297,18.01806640625
-31.957847595214844,28.703269958496094,17.996124267578125
-31.964324951171875,28.808502197265625,17.99725341796875
-31.99683380126953,28.780227661132812,17.994735717773438
-32.03374481201172,28.768081665039062,17.995986938476562
-31.923606872558594,28.748199462890625,18.220718383789062
-31.943260192871094,28.682327270507812,18.309524536132812
-31.932960510253906,28.81182098388672,18.24334716796875
-31.942344665527344,28.8931884765625,18.024642944335938
-31.991668701171875,28.90319061279297,17.978302001953125
-31.94841766357422,28.778518676757812,18.135696411132812
-31.93377685546875,28.705902099609375,18.15032958984375
-32.008056640625,28.688018798828125,18.021591186523438
-32.09434509277344,28.816207885742188,18.026077270507812
-32.04242706298828,28.8699951171875,17.998062133789062
-31.979774475097656,28.805007934570312,18.002914428710938
-32.08367919921875,28.868858337402344,17.997940063476562
-32.15855407714844,28.82471466064453,18.062515258789062
-32.232933044433594,28.77826690673828,17.970138549804688
-32.09119415283203,28.84552001953125,17.983200073242188
-32.046714782714844,28.828712463378906,18.096786499023438
-32.23506164550781,28.848350524902344,18.092697143554688
-32.132049560546875,28.825271606445312,18.132217407226562
-32.096038818359375,28.85406494140625,18.0966796875
-32.036102294921875,28.818634033203125,18.063125610351562
-32.0382080078125,28.854278564453125,17.980804443359375
-32.09467315673828,28.92700958251953,17.98687744140625
-32.11786651611328,28.93000030517578,18.19287109375
-31.992630004882812,28.99872589111328,18.308517456054688
-31.922470092773438,28.873977661132812,18.067306518554688
-31.898544311523438,28.81352996826172,17.880401611328125
-31.888046264648438,28.795860290527344,17.915237426757812
-31.922286987304688,28.754730224609375,18.011322021484375
-31.963623046875,28.805526733398438,18.085052490234375
-32.07489013671875,28.86609649658203,18.129364013671875
-32.089988708496094,28.73126983642578,18.06878662109375
-32.090126037597656,28.740066528320312,18.013458251953125
-32.10584259033203,28.712257385253906,18.017562866210938
-32.028541564941406,28.680252075195312,18.14141845703125
-31.825485229492188,28.716270446777344,18.16644287109375
-31.788116455078125,28.868812561035156,18.069366455078125
-31.75749969482422,28.86341094970703,18.061965942382812
-31.768531799316406,28.827102661132812,17.995513916015625
-31.80786895751953,28.82215118408203,17.992767333984375
-31.758399963378906,28.89593505859375,18.131393432617188
-31.81922149658203,28.886093139648438,18.164413452148438
-31.887847900390625,28.7906494140625,18.186309814453125
-32.07622528076172,28.869041442871094,18.196243286132812
-32.086448669433594,28.836715698242188,18.246658325195312
-31.959388732910156,28.763221740722656,18.131500244140625
-31.94660186767578,28.734893798828125,18.009857177734375
-31.853469848632812,28.69060516357422,18.129623413085938
-31.805557250976562,28.737533569335938,18.1790771484375
-31.81964874267578,28.764259338378906,18.289901733398438
-31.770347595214844,28.685890197753906,18.300308227539062
-31.915969848632812,28.74420166015625,18.283187866210938
-31.83928680419922,28.766746520996094,18.252716064453125
-31.860862731933594,28.87200927734375,18.284317016601562
-31.836448669433594,28.905120849609375,18.326858520507812
-31.93133544921875,28.91625213623047,18.346435546875
-31.91759490966797,28.87091064453125,18.211273193359375
-31.92969512939453,28.825843811035156,18.1793212890625
-31.95220947265625,28.8101806640625,18.193939208984375
-31.903396606445312,28.694862365722656,18.207595825195312
-31.85791015625,28.669349670410156,18.296524047851562
-31.826126098632812,28.67479705810547,18.290390014648438
-31.89276885986328,28.684982299804688,18.29949951171875
-31.978912353515625,28.800148010253906,18.179733276367188
-31.9813232421875,28.812164306640625,18.150619506835938
-31.928695678710938,28.823532104492188,18.190216064453125
-31.90601348876953,28.86736297607422,18.2064208984375
-31.899085998535156,28.885726928710938,18.075927734375
-32.02637481689453,28.77039337158203,18.005966186523438
-32.05601501464844,28.761962890625,17.995620727539062
-32.012664794921875,28.619773864746094,18.0390625
-31.920379638671875,28.638633728027344,17.978363037109375
-31.988441467285156,28.765487670898438,18.045074462890625
-31.90838623046875,28.69933319091797,18.188812255859375
-31.97888946533203,28.765869140625,18.279464721679688
-32.075477600097656,28.742965698242188,18.136764526367188
-32.075477600097656,28.742965698242188,18.136764526367188
-32.14924621582031,28.700363159179688,18.013519287109375
-32.14325714111328,28.82501983642578,18.056838989257812
-32.16413116455078,28.805908203125,18.170074462890625
-32.07799530029297,28.856910705566406,18.185394287109375
-32.065773010253906,28.83216094970703,18.107894897460938
-32.08003234863281,28.80694580078125,18.098556518554688
-31.96471405029297,28.75109100341797,18.180282592773438
-31.909385681152344,28.839073181152344,18.272476196289062
-31.920623779296875,28.873329162597656,18.2723388671875
-31.99535369873047,28.83435821533203,18.302963256835938
-31.93328094482422,28.799209594726562,18.097869873046875
-31.92151641845703,28.800277709960938,18.154876708984375
-32.027801513671875,28.937042236328125,18.057113647460938
-32.079933166503906,28.9560546875,17.992584228515625
-32.11189270019531,28.951072692871094,17.94525146484375
-32.128997802734375,28.978668212890625,17.862091064453125
-32.122283935546875,29.065147399902344,17.787185668945312
-32.134605407714844,29.045333862304688,17.991287231445312
-32.11259460449219,28.960121154785156,18.109588623046875
-32.092254638671875,29.02080535888672,18.14593505859375
-31.991561889648438,29.01055145263672,18.151153564453125
-32.00213623046875,28.87543487548828,18.248138427734375
-32.03148651123047,28.788589477539062,18.199310302734375
-32.083946228027344,28.788124084472656,18.167984008789062
-32.24150085449219,28.784103393554688,18.244842529296875
-32.192169189453125,28.814376831054688,18.2490234375
-32.270843505859375,28.73029327392578,18.314682006835938
-32.213645935058594,28.687942504882812,18.23101806640625
-32.21887969970703,28.72992706298828,18.182952880859375
-32.261260986328125,28.69965362548828,18.191131591796875
-32.38568878173828,28.685089111328125,18.16680908203125
-32.271324157714844,28.759986877441406,18.132232666015625
-32.140533447265625,28.727874755859375,18.234893798828125
-32.054603576660156,28.85851287841797,18.233383178710938
-32.010475158691406,28.757278442382812,18.192977905273438
-32.1859130859375,28.70671844482422,18.056808471679688
-32.26466369628906,28.746986389160156,18.154434204101562
-32.25310516357422,28.60516357421875,18.011459350585938
-32.26487731933594,28.731552124023438,17.955001831054688
-32.18507385253906,28.731719970703125,17.967315673828125
-32.21525573730469,28.502410888671875,17.983489990234375
-32.18791961669922,28.439178466796875,17.94793701171875
-32.232154846191406,28.476234436035156,17.879043579101562
-32.14214324951172,28.558258056640625,17.914169311523438
-32.210418701171875,28.716232299804688,17.975128173828125
-32.061622619628906,28.690399169921875,17.956512451171875
-32.009376525878906,28.681007385253906,17.959365844726562
-31.94634246826172,28.757835388183594,18.142791748046875
-31.934402465820312,28.68073272705078,18.064208984375
-31.900245666503906,28.46540069580078,18.053756713867188
-31.937713623046875,28.600440979003906,17.9346923828125
-31.926841735839844,28.696090698242188,17.8516845703125
-32.01941680908203,28.719970703125,17.823318481445312
-32.1959228515625,28.71019744873047,17.832901000976562
-32.257110595703125,28.642364501953125,17.90966796875
-32.21459197998047,28.696067810058594,18.00262451171875
-32.108551025390625,28.69842529296875,17.94732666015625
-32.1348876953125,28.671859741210938,18.017425537109375
-32.196998596191406,28.677833557128906,17.981964111328125
-32.197181701660156,28.671592712402344,17.944351196289062
-32.24336242675781,28.700790405273438,18.057571411132812
-32.32606506347656,28.840866088867188,18.224349975585938
-32.227577209472656,28.82550048828125,18.397705078125
-32.23609924316406,28.854637145996094,18.377456665039062
-32.350257873535156,28.781509399414062,18.377349853515625
-32.38270568847656,28.70172882080078,18.325790405273438
-32.287269592285156,28.745773315429688,18.299041748046875
-32.29862976074219,28.662216186523438,18.16632080078125
-32.269378662109375,28.658706665039062,18.002685546875
-32.2589111328125,28.62274169921875,18.046783447265625
-32.37384796142578,28.626663208007812,17.918487548828125
-32.402976989746094,28.478973388671875,17.828720092773438
-32.30491638183594,28.43341827392578,17.8243408203125
-32.306640625,28.57099151611328,17.786880493164062
-32.406158447265625,28.63117218017578,17.816390991210938
-32.417076110839844,28.710411071777344,17.968765258789062
-32.33897399902344,28.736671447753906,18.056076049804688
-32.22117614746094,28.6497802734375,18.154754638671875
-32.07783508300781,28.641815185546875,18.17864990234375
-32.11946105957031,28.64441680908203,18.249114990234375
-32.18611145019531,28.619094848632812,18.133682250976562
-32.210716247558594,28.638336181640625,18.00701904296875
-32.25616455078125,28.6151123046875,18.081146240234375
-32.2431640625,28.730445861816406,18.116928100585938
-32.274375915527344,28.75885772705078,18.203704833984375
-32.3023681640625,28.697402954101562,18.256439208984375
-32.214866638183594,28.580276489257812,18.253814697265625
-32.13555908203125,28.705955505371094,18.30511474609375
-32.1064453125,28.6639404296875,18.351043701171875
-32.228111267089844,28.71202850341797,18.157806396484375
-32.37395477294922,28.6910400390625,18.115020751953125
-32.40748596191406,28.834274291992188,18.207321166992188
-32.44346618652344,28.86872100830078,18.291061401367188
-32.35926055908203,28.8192138671875,18.1297607421875
-32.33448791503906,28.885032653808594,17.988906860351562
-32.379493713378906,28.812477111816406,18.138214111328125
-32.51586151123047,28.70397186279297,18.169021606445312
-32.50669860839844,28.694427490234375,18.03741455078125
-32.54750061035156,28.69293975830078,18.020248413085938
-32.572608947753906,28.686279296875,18.046524047851562
-32.4384765625,28.655990600585938,18.009780883789062
-32.35389709472656,28.490585327148438,18.098800659179688
-32.32640075683594,28.5079345703125,18.138824462890625
-32.370635986328125,28.523780822753906,18.19317626953125
-32.36078643798828,28.63188934326172,18.126235961914062
-32.34413146972656,28.738426208496094,18.156845092773438
-32.340354919433594,28.770843505859375,18.24169921875
-32.41322326660156,28.876022338867188,18.425445556640625
-32.42692565917969,28.906211853027344,18.459945678710938
-32.352783203125,28.831863403320312,18.355545043945312
-32.533226013183594,28.848121643066406,18.42755126953125
-32.641357421875,28.91570281982422,18.277267456054688
-32.64799499511719,28.97948455810547,18.270599365234375
-32.690391540527344,28.9898681640625,18.425872802734375
-32.62107849121094,28.91156005859375,18.467926025390625
-32.52305603027344,28.92755889892578,18.341842651367188
-32.62555694580078,28.98113250732422,18.440353393554688
-32.663047790527344,28.840476989746094,18.533843994140625
-32.715789794921875,28.84869384765625,18.539901733398438
-32.66387176513672,28.799224853515625,18.517074584960938
-32.690895080566406,28.706443786621094,18.329391479492188
-32.63825988769531,28.660255432128906,18.326187133789062
-32.545310974121094,28.677772521972656,18.247711181640625
-32.50080108642578,28.625389099121094,18.325149536132812
-32.675498962402344,28.617767333984375,18.359970092773438
-32.69866943359375,28.48114013671875,18.363433837890625
-32.590187072753906,28.558143615722656,18.35870361328125
-32.528831481933594,28.67449951171875,18.320388793945312
-32.38615417480469,28.748207092285156,18.2041015625
-32.36595916748047,28.75817108154297,18.237030029296875
-32.27958679199219,28.763694763183594,18.203216552734375
-32.34040832519531,28.733848571777344,18.21307373046875
-32.37358093261719,28.85565948486328,18.171783447265625
-32.40355682373047,28.717506408691406,18.219589233398438
-32.50303649902344,28.724273681640625,18.414810180664062
-32.50398254394531,28.794578552246094,18.488113403320312
-32.50486755371094,28.9761962890625,18.419952392578125
-32.436126708984375,28.8564453125,18.475265502929688
-32.40118408203125,28.892112731933594,18.49359130859375
-32.3673095703125,28.85919952392578,18.494964599609375
-32.431060791015625,28.83745574951172,18.453689575195312
-32.30669403076172,28.85826873779297,18.420516967773438
-32.219871520996094,28.8623046875,18.49102783203125
-32.29613494873047,28.87401580810547,18.391937255859375
-32.34052276611328,28.90594482421875,18.271377563476562
-32.31230163574219,29.00751495361328,18.252243041992188
-32.39927673339844,29.070755004882812,18.4327392578125
-32.41184997558594,29.009300231933594,18.300277709960938
-32.391502380371094,28.882423400878906,18.3089599609375
-32.360870361328125,28.91009521484375,18.352188110351562
-32.34074401855469,28.96479034423828,18.337570190429688
-32.34556579589844,28.830467224121094,18.334518432617188
-32.39921569824219,28.98113250732422,18.305343627929688
-32.38825225830078,29.122299194335938,18.252120971679688
-32.432159423828125,29.065872192382812,18.342575073242188
-32.37982940673828,29.08904266357422,18.283126831054688
-32.40746307373047,29.117645263671875,18.2646484375
-32.52056884765625,28.98291778564453,18.416397094726562
-32.528228759765625,28.839614868164062,18.297515869140625
-32.392311096191406,28.800498962402344,18.283416748046875
-32.4324951171875,28.833396911621094,18.44610595703125
-32.44249725341797,28.864646911621094,18.554641723632812
-32.40568542480469,28.84162139892578,18.576171875
-32.398712158203125,28.892349243164062,18.505950927734375
-32.274749755859375,28.844818115234375,18.513961791992188
-32.315956115722656,28.848785400390625,18.394180297851562
-32.35430145263672,28.901092529296875,18.295364379882812
-32.432106018066406,28.813072204589844,18.250198364257812
-32.529685974121094,28.814651489257812,18.312911987304688
-32.577186584472656,28.854644775390625,18.232650756835938
-32.44269561767578,28.81969451904297,18.268417358398438
-32.37541198730469,28.82227325439453,18.44677734375
-32.399383544921875,29.05646514892578,18.392852783203125
-32.55217742919922,29.08466339111328,18.557510375976562
-32.5850830078125,29.037399291992188,18.494384765625
-32.3172607421875,28.922096252441406,18.391494750976562
-32.27684783935547,28.868080139160156,18.366943359375
-32.35078430175781,28.848388671875,18.266815185546875
-32.35326385498047,28.865150451660156,18.310821533203125
-32.35997009277344,28.82440948486328,18.162445068359375
-32.317604064941406,28.867164611816406,18.000961303710938
-32.21734619140625,28.881019592285156,18.074050903320312
-32.35993957519531,28.813369750976562,18.16864013671875
-32.41356658935547,28.90361785888672,18.1168212890625
-32.502349853515625,28.867279052734375,18.158966064453125
-32.388275146484375,28.87158203125,18.145980834960938
-32.432701110839844,28.814659118652344,18.068572998046875
-32.34686279296875,28.78589630126953,17.867874145507812
-32.47168731689453,28.72064208984375,17.9515380859375
-32.54673767089844,28.756614685058594,17.954391479492188
-32.54456329345703,28.71819305419922,18.167770385742188
-32.42003631591797,28.736534118652344,18.135421752929688
-32.34123992919922,28.768783569335938,18.0205078125
-32.34278106689453,28.681251525878906,17.978073120117188
-32.392173767089844,28.699668884277344,17.969573974609375
-32.40850830078125,28.624908447265625,18.131515502929688
-32.48169708251953,28.58795166015625,18.277816772460938
-32.57903289794922,28.71337890625,18.294403076171875
-32.66547393798828,28.83240509033203,18.25860595703125
-32.52601623535156,28.8651123046875,18.287933349609375
-32.44683074951172,28.876663208007812,18.137313842773438
-32.41529846191406,28.718704223632812,18.29669189453125
-32.383392333984375,28.69287109375,18.285324096679688
-32.452423095703125,28.67755126953125,18.335693359375
-32.39350891113281,28.79523468017578,18.319488525390625
-32.3394775390625,28.758193969726562,18.283294677734375
-32.405723571777344,28.76697540283203,18.346389770507812
-32.36863708496094,28.695037841796875,18.47161865234375
-32.367576599121094,28.724082946777344,18.308700561523438
-32.380104064941406,28.706069946289062,18.2596435546875
-32.401756286621094,28.80371856689453,18.310760498046875
-32.357635498046875,28.950393676757812,18.147369384765625
-32.43073272705078,28.850311279296875,18.137939453125
-32.426536560058594,28.86785888671875,18.130508422851562
-32.4215087890625,28.82281494140625,18.190200805664062
-32.390342712402344,28.802940368652344,18.170089721679688
-32.26648712158203,28.88683319091797,18.254058837890625
-32.254791259765625,28.87000274658203,18.238052368164062
-32.217567443847656,28.834991455078125,18.328445434570312
-32.21051788330078,28.87116241455078,18.282546997070312
-32.210121154785156,28.812477111816406,18.382598876953125
-32.29100036621094,28.823532104492188,18.596359252929688
-32.37226867675781,28.864219665527344,18.496307373046875
-32.376075744628906,28.938636779785156,18.252700805664062
-32.401405334472656,28.90711212158203,18.13995361328125
-32.42604064941406,28.9130859375,18.159698486328125
-32.43903350830078,28.85382843017578,18.264785766601562
-32.36822509765625,28.860206604003906,18.281936645507812
-32.33332824707031,28.847274780273438,18.2667236328125
-32.42906951904297,28.91558074951172,18.253494262695312
-32.60132598876953,29.0054931640625,18.233749389648438
-32.663490295410156,28.931480407714844,18.382965087890625
-32.658912658691406,29.02429962158203,18.409866333007812
-32.532508850097656,29.033607482910156,18.474456787109375
-32.55980682373047,29.05469512939453,18.449874877929688
-32.60150909423828,29.12047576904297,18.473968505859375
-32.611534118652344,29.248626708984375,18.502670288085938
-32.63831329345703,29.271217346191406,18.485824584960938
-32.72229766845703,29.130149841308594,18.454238891601562
-32.595863342285156,29.126708984375,18.5540771484375
-32.60877227783203,29.045989990234375,18.472213745117188
-32.53471374511719,29.110084533691406,18.297988891601562
-32.396888732910156,29.10443115234375,18.276596069335938
-32.430023193359375,29.15782928466797,18.384201049804688
-32.50196838378906,29.057533264160156,18.502899169921875
-32.494590759277344,28.972267150878906,18.419601440429688
-32.554931640625,29.010787963867188,18.349899291992188
-32.64305877685547,28.848289489746094,18.301010131835938
-32.66643524169922,28.891197204589844,18.310394287109375
-32.55890655517578,28.910980224609375,18.2794189453125
-32.50988006591797,28.902938842773438,18.171310424804688
-32.55809020996094,28.8944091796875,18.018051147460938
-32.63903045654297,28.838706970214844,18.02728271484375
-32.6300048828125,28.84387969970703,17.843505859375
-32.624046325683594,28.80828094482422,17.992691040039062
-32.66657257080078,28.810211181640625,17.941543579101562
-32.584754943847656,28.97211456298828,17.929962158203125
-32.52570343017578,28.904693603515625,17.94488525390625
-32.54682159423828,28.876174926757812,18.034317016601562
-32.39073944091797,28.95398712158203,18.092880249023438
-32.44586944580078,28.923355102539062,17.963165283203125
-32.53966522216797,28.97447967529297,17.950286865234375
-32.47090148925781,28.924591064453125,18.123458862304688
-32.402076721191406,28.91925048828125,18.103805541992188
-32.288368225097656,28.822486877441406,18.096267700195312
-32.26228332519531,28.88459014892578,17.970458984375
-32.2789306640625,28.81067657470703,17.917343139648438
-32.332801818847656,28.794410705566406,17.92926025390625
-32.38683319091797,28.87481689453125,17.931686401367188
-32.46710205078125,28.718605041503906,17.898025512695312
-32.419151306152344,28.752716064453125,17.944732666015625
-32.328468322753906,28.843017578125,18.019866943359375
-32.242027282714844,28.83282470703125,17.949310302734375
-32.26343536376953,28.9310302734375,18.222824096679688
-32.26403045654297,28.907684326171875,18.298507690429688
-32.36106872558594,28.86968994140625,18.145919799804688
-32.527099609375,28.93256378173828,18.071487426757812
-32.379791259765625,28.903480529785156,17.969757080078125
-32.34198760986328,28.81414031982422,17.869064331054688
-32.23949432373047,28.8687744140625,17.884536743164062
-32.25647735595703,28.849151611328125,17.96636962890625
-32.35990905761719,28.88463592529297,17.9896240234375
-32.445335388183594,28.87181854248047,18.145919799804688
-32.410423278808594,28.88256072998047,18.218048095703125
-32.419227600097656,28.91002655029297,18.268280029296875
-32.36503601074219,28.94873809814453,18.166976928710938
-32.36299133300781,29.107566833496094,18.042221069335938
-32.232948303222656,29.009902954101562,18.009628295898438
-32.2901611328125,29.10601043701172,18.0928955078125
-32.320220947265625,28.946090698242188,18.101974487304688
-32.282203674316406,28.866104125976562,18.13201904296875
-32.224693298339844,28.82592010498047,18.1746826171875
-32.16551971435547,28.88410186767578,18.070953369140625
-32.15455627441406,28.961837768554688,17.988632202148438
-32.17326354980469,28.83458709716797,18.151351928710938
-32.24555969238281,28.83147430419922,18.23089599609375
-32.32701110839844,28.901718139648438,18.2059326171875
-32.240745544433594,28.98809051513672,18.061279296875
-32.219871520996094,28.996826171875,18.14166259765625
-32.113258361816406,28.96820068359375,18.118026733398438
-32.122047424316406,28.95135498046875,18.150787353515625
-32.08623504638672,28.998153686523438,18.105514526367188
-31.940521240234375,28.90081787109375,18.11895751953125
-31.99512481689453,28.822547912597656,18.04266357421875
-32.03118896484375,28.957275390625,18.042098999023438
-32.13542938232422,28.892120361328125,17.906814575195312
-32.12104797363281,28.926132202148438,18.009033203125
-32.0880126953125,28.87042999267578,18.186325073242188
-32.14984130859375,28.899337768554688,18.2969970703125
-32.17662048339844,28.846839904785156,18.325469970703125
-32.25205993652344,28.8162841796875,18.305389404296875
-32.27265930175781,28.880462646484375,18.045318603515625
-32.254539489746094,28.81334686279297,17.867279052734375
-32.38408660888672,28.707626342773438,17.9783935546875
-32.34581756591797,28.663421630859375,17.958786010742188
-32.348365783691406,28.686172485351562,18.10003662109375
-32.39581298828125,28.798728942871094,18.084640502929688
-32.240966796875,28.87640380859375,18.290374755859375
-32.373199462890625,28.85803985595703,18.287094116210938
-32.42930603027344,28.889060974121094,18.3394775390625
-32.25286102294922,28.838539123535156,18.271499633789062
-32.35585021972656,28.88878631591797,18.296310424804688
-32.39788055419922,28.813827514648438,18.288360595703125
-32.28089141845703,28.617385864257812,18.330276489257812
-32.24339294433594,28.62859344482422,18.2623291015625
-32.285179138183594,28.725135803222656,18.275924682617188
-32.20991516113281,28.83850860595703,18.156295776367188
-32.25311279296875,28.841651916503906,18.033279418945312
-32.19432067871094,28.87218475341797,18.161819458007812
-32.38166046142578,28.816871643066406,18.172683715820312
-32.265586853027344,28.84046173095703,18.181365966796875
-32.327613830566406,28.894638061523438,18.147430419921875
-32.39019775390625,28.913780212402344,18.230972290039062
-32.38880920410156,28.841590881347656,18.266616821289062
-32.33788299560547,28.887283325195312,18.186508178710938
-32.275047302246094,28.842247009277344,18.028976440429688
-32.23301696777344,28.82701873779297,18.06475830078125
-32.180419921875,28.82605743408203,18.032867431640625
-32.25672149658203,28.830307006835938,18.150436401367188
-32.20104217529297,28.986709594726562,18.225677490234375
-32.20044708251953,28.835670471191406,18.169357299804688
-32.22722625732422,28.83466339111328,18.25189208984375
-32.27698516845703,28.882369995117188,18.199508666992188
-32.249961853027344,28.828948974609375,18.053604125976562
-32.20726776123047,28.755279541015625,18.049636840820312
-32.214935302734375,28.87390899658203,18.128890991210938
-32.37126159667969,28.708290100097656,18.174072265625
-32.26927185058594,28.70384979248047,18.265243530273438
-32.21446990966797,28.674598693847656,18.33343505859375
-32.32853698730469,28.6661376953125,18.303359985351562
-32.32733917236328,28.68426513671875,18.304580688476562
-32.24024963378906,28.65764617919922,18.156509399414062
-32.25141906738281,28.731666564941406,18.079437255859375
-32.26829528808594,28.72601318359375,18.081390380859375
-32.229736328125,28.8621826171875,18.246261596679688
-32.258445739746094,28.834396362304688,18.404266357421875
-32.177040100097656,28.811630249023438,18.496063232421875
-32.16887664794922,28.8583984375,18.41888427734375
-32.24414825439453,28.808204650878906,18.482269287109375
-32.26396942138672,28.879798889160156,18.3665771484375
-32.32396697998047,28.840415954589844,18.379592895507812
-32.42406463623047,28.837265014648438,18.287368774414062
-32.28485870361328,28.83733367919922,18.421035766601562
-32.24043273925781,28.863021850585938,18.3179931640625
-32.322731018066406,28.703018188476562,18.274749755859375
-32.322731018066406,28.703018188476562,18.274749755859375
-32.390830993652344,28.84648895263672,18.176742553710938
-32.34636688232422,28.931739807128906,18.104049682617188
-32.381927490234375,28.935874938964844,18.233474731445312
-32.391197204589844,28.914161682128906,18.282241821289062
-32.40514373779297,28.883102416992188,18.279510498046875
-32.3427734375,28.805419921875,18.340621948242188
-32.22612762451172,28.854766845703125,18.273590087890625
-32.30516815185547,28.990509033203125,18.436416625976562
-32.39960479736328,28.806381225585938,18.359039306640625
-32.423912048339844,28.673309326171875,18.3406982421875
-32.413330078125,28.62854766845703,18.31298828125
-32.291954040527344,28.561447143554688,18.3087158203125
-32.216941833496094,28.70831298828125,18.253509521484375
-32.2113037109375,28.578262329101562,18.306564331054688
-32.352821350097656,28.59142303466797,18.269760131835938
-32.34046173095703,28.552825927734375,18.31549072265625
-32.4459228515625,28.548194885253906,18.29901123046875
-32.54713439941406,28.611351013183594,18.176864624023438
-32.56385040283203,28.54827880859375,18.103973388671875
-32.50135803222656,28.666404724121094,18.267349243164062
-32.395790100097656,28.773597717285156,18.390670776367188
-32.26854705810547,28.799148559570312,18.409988403320312
-32.16157531738281,28.769004821777344,18.355392456054688
-32.22527313232422,28.75489044189453,18.2095947265625
-32.258705139160156,28.684715270996094,18.238128662109375
-32.28955078125,28.671707153320312,18.253158569335938
-32.25653076171875,28.732254028320312,18.29351806640625
-32.340248107910156,28.74993133544922,18.204666137695312
-32.349998474121094,28.83696746826172,18.222015380859375
-32.370872497558594,28.880165100097656,18.197769165039062
-32.40314483642578,28.86731719970703,18.075515747070312
-32.408714294433594,28.929100036621094,18.054367065429688
-32.362083435058594,28.956443786621094,18.13037109375
-32.316566467285156,29.107345581054688,18.270187377929688
-32.29243469238281,29.07030487060547,18.165313720703125
-32.160926818847656,28.994110107421875,18.042861938476562
-32.13499450683594,29.041717529296875,18.127105712890625
-32.24555969238281,29.032424926757812,18.294998168945312
-32.23981475830078,29.04090118408203,18.076187133789062
-32.1488037109375,28.96977996826172,17.979690551757812
-32.23016357421875,28.995254516601562,18.071090698242188
-32.280792236328125,29.068756103515625,18.140060424804688
-32.20201110839844,29.07386016845703,18.263259887695312
-32.160736083984375,29.01020050048828,18.314483642578125
-31.98125457763672,28.939529418945312,18.333221435546875
-32.066795349121094,28.93305206298828,18.287704467773438
-32.132484436035156,28.99407958984375,18.39471435546875
-32.114295959472656,29.003890991210938,18.452041625976562
-32.08428192138672,28.842559814453125,18.428909301757812
-32.021270751953125,28.80097198486328,18.364089965820312
-31.988052368164062,28.8865966796875,18.34454345703125
-32.04138946533203,28.835731506347656,18.191497802734375
-32.161949157714844,28.866317749023438,18.204864501953125
-32.316001892089844,28.841529846191406,18.074050903320312
-32.38874816894531,28.81537628173828,17.962997436523438
-32.53108215332031,28.83686065673828,17.929946899414062
-32.449440002441406,28.88707733154297,17.917388916015625
-32.44017791748047,29.014205932617188,17.939407348632812
-32.31379699707031,29.15460205078125,17.814743041992188
-32.14396667480469,29.167266845703125,17.767074584960938
-31.945892333984375,29.154457092285156,17.810317993164062
-31.91632843017578,29.125083923339844,17.649444580078125
-31.893325805664062,29.142921447753906,17.589950561523438
-31.899314880371094,29.01769256591797,17.738052368164062
-31.95989227294922,29.03643798828125,17.921707153320312
-31.886703491210938,28.888565063476562,17.891311645507812
-31.814163208007812,28.734970092773438,17.81561279296875
-31.709426879882812,28.604843139648438,17.718902587890625
-31.679595947265625,28.586532592773438,17.8251953125
-31.69713592529297,28.552139282226562,17.990478515625
-31.572898864746094,28.704071044921875,18.109970092773438
-31.38006591796875,28.575729370117188,18.209503173828125
-31.359458923339844,28.636581420898438,18.179840087890625
-31.479331970214844,28.652130126953125,18.240966796875
-31.441368103027344,28.723098754882812,18.30084228515625
-31.376968383789062,28.70764923095703,18.154891967773438
-31.435455322265625,28.668701171875,18.176376342773438
-31.513992309570312,28.684532165527344,18.267013549804688
-31.590850830078125,28.75153350830078,18.289627075195312
-31.588409423828125,28.72132110595703,18.429855346679688
-31.770431518554688,28.86437225341797,18.4423828125
-31.94824981689453,28.927932739257812,18.420806884765625
-32.193939208984375,28.894615173339844,18.335906982421875
-32.49224853515625,28.83831787109375,18.377593994140625
-32.660072326660156,28.8101806640625,18.329498291015625
-32.63573455810547,29.009872436523438,18.135177612304688
-32.78453826904297,29.19373321533203,18.026641845703125
-32.84326171875,29.091049194335938,17.942459106445312
-32.800758361816406,29.038497924804688,17.929977416992188
-32.827842712402344,28.883255004882812,17.9677734375
-32.861907958984375,28.893081665039062,17.950347900390625
-32.763763427734375,28.891998291015625,17.966201782226562
-32.596702575683594,28.912124633789062,18.010635375976562
-32.47999572753906,28.826339721679688,17.890579223632812
-32.30628967285156,28.830734252929688,17.7991943359375
-31.896499633789062,29.06591033935547,17.798324584960938
-31.347206115722656,29.08697509765625,17.89593505859375
-30.55164337158203,29.14665985107422,17.9200439453125
-29.61724090576172,28.912940979003906,18.043258666992188
-28.777870178222656,28.43810272216797,17.941421508789062
-28.070236206054688,27.67253875732422,17.643844604492188
-27.32196807861328,26.97644805908203,16.946640014648438
-26.467926025390625,26.038841247558594,16.204071044921875
-25.74028778076172,25.007293701171875,15.365432739257812
-25.17432403564453,23.884307861328125,14.33917236328125
-24.55438995361328,22.88286590576172,13.331634521484375
-24.123741149902344,21.852943420410156,12.304107666015625
-23.74468994140625,20.88556671142578,11.155181884765625
-23.302017211914062,19.718955993652344,9.912246704101562
-22.911094665527344,18.589218139648438,8.525421142578125
-22.4088134765625,17.464332580566406,7.090667724609375
-22.14910888671875,16.38275146484375,5.456146240234375
-22.02574920654297,15.325431823730469,3.93157958984375
-21.812889099121094,14.306129455566406,2.3555908203125
-21.661842346191406,13.50262451171875,0.760833740234375
-21.677230834960938,12.662254333496094,-0.658843994140625
-21.714073181152344,12.115974426269531,-1.95721435546875
-21.697799682617188,11.575851440429688,-3.142669677734375
-21.60198211669922,10.989273071289062,-3.9554595947265625
-21.8402099609375,10.671859741210938,-5.0037384033203125
-22.13904571533203,10.32232666015625,-6.127227783203125
-22.376258850097656,9.99200439453125,-7.2387542724609375
-22.738929748535156,9.631813049316406,-8.263137817382812
-22.956161499023438,9.287689208984375,-9.29010009765625
-23.331390380859375,8.943511962890625,-10.322418212890625
-23.586158752441406,8.688117980957031,-11.355178833007812
-23.97582244873047,8.520828247070312,-12.3065185546875
-24.38817596435547,8.214202880859375,-13.175308227539062
-24.754470825195312,8.1292724609375,-13.892242431640625
-25.122467041015625,8.075698852539062,-14.550079345703125
-25.71471405029297,7.9897308349609375,-15.303024291992188
-26.59545135498047,8.516334533691406,-15.782363891601562
-28.3507080078125,10.577972412109375,-15.58966064453125
-30.76421356201172,13.703651428222656,-15.011795043945312
-30.6854248046875,13.916511535644531,-14.497970581054688
-21.582656860351562,1.0011825561523438,-14.120574951171875
-6.39532470703125,-22.473098754882812,-12.919708251953125
3.2195358276367188,-38.82902526855469,-10.337982177734375
4.802162170410156,-42.84177017211914,-6.7260894775390625
2.07025146484375,-40.74217987060547,-2.95794677734375
-1.2435836791992188,-38.53784942626953,0.0
-3.4893264770507812,-38.24980926513672,1.5735321044921875
-5.057891845703125,-38.993831634521484,2.450408935546875
-6.286811828613281,-39.919612884521484,2.6723785400390625
-7.505577087402344,-40.43326187133789,3.02972412109375
-8.733512878417969,-40.83216857910156,3.2236175537109375
-9.756294250488281,-41.01601028442383,3.5239715576171875
-10.901885986328125,-41.00850296020508,3.8068084716796875
-11.870613098144531,-40.85272216796875,4.0607757568359375
-12.773307800292969,-40.69757843017578,4.53009033203125
-13.523635864257812,-40.59067916870117,4.8134765625
-13.8963623046875,-40.54632568359375,4.996185302734375
-14.212715148925781,-40.532588958740234,5.2949371337890625
-14.389381408691406,-40.6583366394043,5.3565673828125
-14.543251037597656,-40.72108840942383,5.3855438232421875
-14.384010314941406,-40.77886962890625,5.4508514404296875
-14.272468566894531,-40.83655548095703,5.487152099609375
-13.99713134765625,-40.991355895996094,5.4127044677734375
-13.847801208496094,-40.9560432434082,5.4827728271484375
-13.850608825683594,-41.03193283081055,5.5527191162109375
-13.810256958007812,-41.11638641357422,5.5209808349609375
-13.759407043457031,-41.081825256347656,5.4313201904296875
-13.768562316894531,-41.11977005004883,5.1649627685546875
-13.402740478515625,-41.23067855834961,5.2840576171875
-13.045875549316406,-41.435176849365234,5.42291259765625
-12.568855285644531,-41.59358596801758,5.51873779296875
-12.186737060546875,-41.67706298828125,5.7140655517578125
-11.873588562011719,-41.79575729370117,6.0211181640625
-11.566802978515625,-41.885658264160156,6.3002166748046875
-11.028877258300781,-42.003746032714844,6.615814208984375
-10.636344909667969,-42.16330337524414,6.8275146484375
-10.247039794921875,-42.38688659667969,6.983978271484375
-9.986854553222656,-42.459144592285156,7.0389862060546875
-9.566253662109375,-42.4787483215332,7.1919403076171875
-9.247123718261719,-42.501468658447266,7.51141357421875
-8.892066955566406,-42.59397506713867,7.86724853515625
-8.476104736328125,-42.592857360839844,8.247711181640625
-8.030448913574219,-42.605377197265625,8.814056396484375
-7.553123474121094,-42.66056442260742,9.360153198242188
-7.021400451660156,-42.66389083862305,10.013458251953125
-6.505775451660156,-42.57021713256836,10.637542724609375
-5.933349609375,-42.45602035522461,11.366455078125
-5.376800537109375,-42.37228012084961,12.130218505859375
-4.912620544433594,-42.156837463378906,12.873031616210938
-4.580169677734375,-41.90141296386719,13.651321411132812
-4.209014892578125,-41.57035827636719,14.569381713867188
-3.8583297729492188,-41.36490249633789,15.573257446289062
-3.481689453125,-40.95317459106445,16.673049926757812
-3.0496978759765625,-40.59957504272461,17.775192260742188
-2.7409515380859375,-40.140586853027344,19.013137817382812
-2.5396728515625,-39.609981536865234,20.033004760742188
-2.3865966796875,-39.17909240722656,20.936355590820312
-2.1175918579101562,-38.59833526611328,21.880615234375
-1.8749542236328125,-37.95119094848633,22.796066284179688
-1.7752838134765625,-37.29743576049805,23.670639038085938
-1.5860214233398438,-36.619712829589844,24.655410766601562
-1.6838912963867188,-35.963836669921875,25.55987548828125
-1.9289474487304688,-35.29111099243164,26.437164306640625
-1.8440628051757812,-34.5513916015625,27.329513549804688
-1.8615264892578125,-33.787899017333984,28.183731079101562
-2.0452499389648438,-33.18475341796875,29.26373291015625
-2.3409805297851562,-32.43721008300781,30.099105834960938
-2.67376708984375,-31.5703125,30.914474487304688
-3.0033950805664062,-30.767719268798828,31.820236206054688
-3.2350234985351562,-29.957275390625,32.54414367675781
-3.261077880859375,-29.11121368408203,33.14775085449219
-3.438323974609375,-28.369110107421875,33.7677001953125
-3.5855255126953125,-27.688766479492188,34.4071044921875
-3.8228073120117188,-27.04586410522461,34.91325378417969
-3.9069061279296875,-26.58095932006836,35.25433349609375
-3.9176559448242188,-26.181472778320312,35.52095031738281
-3.9447402954101562,-25.873558044433594,35.72735595703125
-3.9215240478515625,-25.523086547851562,36.02873229980469
-3.8955841064453125,-25.191192626953125,36.35118103027344
-3.938629150390625,-24.84827423095703,36.63694763183594
-3.8139572143554688,-24.54450225830078,36.78114318847656
-3.7497329711914062,-24.199874877929688,37.05696105957031
-3.7001113891601562,-24.017845153808594,37.10028076171875
-3.7620849609375,-23.860610961914062,37.22908020019531
-3.8440628051757812,-23.62592315673828,37.416778564453125
-3.8078384399414062,-23.39453887939453,37.56764221191406
-3.8794937133789062,-23.15289306640625,37.560302734375
-3.8997726440429688,-22.810104370117188,37.790618896484375
-4.035362243652344,-22.56426239013672,38.0631103515625
-4.190757751464844,-22.275840759277344,38.32719421386719
-4.4315185546875,-22.030853271484375,38.33978271484375
-4.4150238037109375,-21.77617645263672,38.495880126953125
-4.539085388183594,-21.39539337158203,38.63435363769531
-4.490119934082031,-21.115280151367188,38.87957763671875
-4.792999267578125,-20.890625,39.036376953125
-4.888130187988281,-20.77386474609375,39.23933410644531
-4.8415679931640625,-20.573997497558594,39.4154052734375
-4.967399597167969,-20.440025329589844,39.30732727050781
-4.9397735595703125,-20.3214111328125,39.27192687988281
-4.802093505859375,-20.253334045410156,39.184906005859375
-4.578971862792969,-20.405906677246094,39.25489807128906
-4.360298156738281,-20.563919067382812,39.27716064453125
-4.174217224121094,-20.71204376220703,39.22943115234375
-4.2785491943359375,-20.678543090820312,39.29261779785156
-4.105522155761719,-20.810340881347656,39.10633850097656
-4.0872344970703125,-20.84795379638672,38.808349609375
-4.113746643066406,-20.95661163330078,38.67485046386719
-4.075286865234375,-21.147727966308594,38.635223388671875
-4.179466247558594,-21.229507446289062,38.80232238769531
-4.223289489746094,-21.350006103515625,38.70452880859375
-4.304412841796875,-21.266860961914062,38.69696044921875
-4.318572998046875,-21.242721557617188,38.8653564453125
-4.2008514404296875,-21.329925537109375,38.9268798828125
-4.237464904785156,-21.46087646484375,39.01246643066406
-4.2295684814453125,-21.346481323242188,39.00773620605469
-4.2355804443359375,-21.383438110351562,38.85479736328125
-4.084625244140625,-21.431236267089844,38.9212646484375
-4.220703125,-21.581039428710938,38.98417663574219
-4.090827941894531,-21.718894958496094,39.10206604003906
-4.149848937988281,-21.819114685058594,39.04981994628906
-4.1876220703125,-21.984413146972656,38.77098083496094
-4.189872741699219,-22.170379638671875,38.6112060546875
-4.1413116455078125,-22.365516662597656,38.35957336425781
-4.187202453613281,-22.462417602539062,38.12614440917969
-4.26007080078125,-22.49250030517578,38.077484130859375
-4.4608612060546875,-22.468521118164062,38.09832763671875
-4.315773010253906,-22.562728881835938,37.98301696777344
-4.34454345703125,-22.412139892578125,38.089752197265625
-4.309730529785156,-22.3701171875,38.07441711425781
-4.1707305908203125,-22.567832946777344,38.10125732421875
-4.1117706298828125,-22.61199188232422,38.076446533203125
-4.0393829345703125,-22.617538452148438,38.07731628417969
-4.0365447998046875,-22.755523681640625,38.1505126953125
-4.02105712890625,-22.698974609375,38.2376708984375
-3.9302444458007812,-22.71996307373047,38.24125671386719
-3.9534225463867188,-22.789833068847656,38.35124206542969
-3.7977294921875,-22.87542724609375,38.343170166015625
-3.82098388671875,-22.90460205078125,38.27452087402344
-3.7605209350585938,-22.926971435546875,38.15403747558594
-3.5645294189453125,-23.027587890625,38.13972473144531
-3.3261871337890625,-23.01678466796875,38.24456787109375
-3.3278350830078125,-23.179649353027344,38.23915100097656
-3.34967041015625,-23.150718688964844,38.103057861328125
-3.3242721557617188,-23.178138732910156,38.10816955566406
-3.3126602172851562,-23.09656524658203,38.15513610839844
-3.2615890502929688,-23.05925750732422,38.19062805175781
-3.3273391723632812,-23.064620971679688,38.44451904296875
-3.3329315185546875,-23.15430450439453,38.55055236816406
-3.200408935546875,-23.261924743652344,38.61033630371094
-3.1882400512695312,-23.283843994140625,38.500457763671875
-3.039398193359375,-23.19793701171875,38.38319396972656
-2.9200973510742188,-23.178207397460938,38.4122314453125
-2.9427719116210938,-23.16992950439453,38.50532531738281
-3.0980606079101562,-23.140907287597656,38.55455017089844
-3.1060333251953125,-23.231170654296875,38.305938720703125
-3.1343307495117188,-23.314552307128906,38.32960510253906
-3.2627716064453125,-23.187225341796875,38.2225341796875
-3.2692337036132812,-23.155113220214844,38.26777648925781
-3.2918319702148438,-23.178726196289062,38.309295654296875
-3.37994384765625,-23.168609619140625,38.280792236328125
-3.4013900756835938,-23.172500610351562,38.37095642089844
-3.463287353515625,-23.300506591796875,38.37010192871094
-3.4520645141601562,-23.271751403808594,38.4134521484375
-3.3352127075195312,-23.178390502929688,38.39155578613281
-3.2214813232421875,-23.323089599609375,38.25981140136719
-3.1545333862304688,-23.269561767578125,38.2607421875
-3.1967620849609375,-23.245880126953125,38.262115478515625
-3.30645751953125,-23.27710723876953,38.280853271484375
-3.3079757690429688,-23.165313720703125,38.35704040527344
-3.306121826171875,-23.2247314453125,38.37223815917969
-3.3442001342773438,-23.20905303955078,38.55986022949219
-3.2761688232421875,-23.24810028076172,38.41517639160156
-3.2573928833007812,-23.265846252441406,38.433258056640625
-3.402191162109375,-23.306686401367188,38.33113098144531
-3.271453857421875,-23.28858184814453,38.14689636230469
-3.239532470703125,-23.182838439941406,38.10935974121094
-3.2979583740234375,-23.185592651367188,38.11195373535156
-3.2354965209960938,-23.145675659179688,38.08381652832031
-3.226318359375,-23.063514709472656,38.18206787109375
-3.1887664794921875,-23.20240020751953,38.25883483886719
-3.0094070434570312,-23.307212829589844,38.2784423828125
-3.1103515625,-23.313743591308594,38.235992431640625
-3.1603469848632812,-23.30553436279297,38.29634094238281
-3.2805252075195312,-23.217140197753906,38.29823303222656
-3.1468658447265625,-23.219451904296875,38.11407470703125
-3.1419677734375,-23.254356384277344,38.15888977050781
-3.2868881225585938,-23.256507873535156,38.12062072753906
-3.1982574462890625,-23.258743286132812,38.066436767578125
-3.1762313842773438,-23.182785034179688,38.13841247558594
-3.101898193359375,-23.20073699951172,37.967193603515625
-2.986785888671875,-23.175804138183594,37.98973083496094
-3.1372528076171875,-23.23786163330078,38.09602355957031
-3.1695175170898438,-23.326934814453125,38.073394775390625
-3.2457199096679688,-23.275856018066406,38.08195495605469
-3.2821273803710938,-23.262847900390625,38.13877868652344
-3.3508834838867188,-23.100433349609375,38.175994873046875
-3.3671112060546875,-23.114334106445312,38.42243957519531
-3.2285690307617188,-23.195404052734375,38.34458923339844
-3.22125244140625,-23.123138427734375,38.295440673828125
-3.2047882080078125,-23.210601806640625,38.2637939453125
-3.2675628662109375,-23.227317810058594,38.249298095703125
-3.3720855712890625,-23.053794860839844,38.2490234375
-3.3610458374023438,-23.1094970703125,38.279083251953125
-3.3590011596679688,-23.259986877441406,38.36137390136719
-3.4321975708007812,-23.339378356933594,38.44560241699219
-3.4026107788085938,-23.403968811035156,38.43089294433594
-3.37994384765625,-23.419326782226562,38.479766845703125
-3.276336669921875,-23.400840759277344,38.43763732910156
-3.251129150390625,-23.303329467773438,38.30682373046875
-3.2715988159179688,-23.190048217773438,38.39283752441406
-3.265960693359375,-23.23566436767578,38.26368713378906
-3.4239273071289062,-23.278160095214844,38.18792724609375
-3.3596038818359375,-23.232200622558594,38.10951232910156
-3.2603759765625,-23.103515625,38.103607177734375
-3.266021728515625,-23.025802612304688,38.05677795410156
-3.3462142944335938,-23.094444274902344,38.18768310546875
-3.296417236328125,-23.022232055664062,38.2071533203125
-3.2869338989257812,-23.078903198242188,38.23997497558594
-3.2240753173828125,-23.05316925048828,38.27009582519531
-3.1543731689453125,-23.069015502929688,38.18797302246094
-3.261260986328125,-23.029197692871094,37.97381591796875
-3.4215087890625,-23.177940368652344,38.073974609375
-3.5239334106445312,-23.230796813964844,38.05836486816406
-3.4599151611328125,-23.337371826171875,38.11387634277344
-3.3040695190429688,-23.410415649414062,38.07904052734375
-3.2125091552734375,-23.359703063964844,38.12641906738281
-3.2119598388671875,-23.19580078125,38.08647155761719
-3.1480712890625,-23.107254028320312,37.97734069824219
-3.0971298217773438,-23.076637268066406,37.86248779296875
-3.182861328125,-23.16925811767578,37.922332763671875
-3.10906982421875,-23.165252685546875,38.04890441894531
-3.1852493286132812,-23.065216064453125,38.050384521484375
-3.1917190551757812,-23.078262329101562,38.00779724121094
-3.1917190551757812,-23.078262329101562,38.00779724121094
-3.1339569091796875,-23.098159790039062,38.07066345214844
-3.1803207397460938,-23.066757202148438,38.0709228515625
-3.1958389282226562,-23.264617919921875,38.1217041015625
-3.1713943481445312,-23.45018768310547,38.22605895996094
-3.1270294189453125,-23.46410369873047,38.133331298828125
-3.2862701416015625,-23.406524658203125,38.100860595703125
-3.1469268798828125,-23.48169708251953,38.26911926269531
-3.1079483032226562,-23.42528533935547,38.31684875488281
-3.2536849975585938,-23.49048614501953,38.292022705078125
-3.2734603881835938,-23.32575225830078,38.2662353515625
-3.3262481689453125,-23.22259521484375,38.13002014160156
-3.280426025390625,-23.2005615234375,38.13081359863281
-3.1661224365234375,-23.217529296875,38.01676940917969
-3.1423797607421875,-23.20641326904297,38.087677001953125
-3.1946029663085938,-23.180992126464844,38.016815185546875
-3.1471786499023438,-23.215713500976562,38.05818176269531
-3.1403961181640625,-23.19239044189453,38.12873840332031
-3.105682373046875,-23.138397216796875,38.10931396484375
-3.1729583740234375,-23.085289001464844,38.082061767578125
-3.1851806640625,-23.105300903320312,38.08692932128906
-2.9998016357421875,-23.15338897705078,38.10786437988281
-2.8725662231445312,-23.159439086914062,37.97380065917969
-2.8845367431640625,-23.18437957763672,37.80143737792969
-2.971527099609375,-23.11663818359375,37.78703308105469
-3.1158828735351562,-23.060829162597656,37.83502197265625
-3.1133193969726562,-23.017906188964844,37.950225830078125
-3.11639404296875,-23.1820068359375,38.037200927734375
-3.0956573486328125,-23.177581787109375,38.07026672363281
-3.11767578125,-23.203407287597656,37.85096740722656
-3.2601852416992188,-23.055885314941406,37.846405029296875
-3.33251953125,-23.105575561523438,37.866912841796875
-3.2987136840820312,-23.194053649902344,37.84425354003906
-3.23504638671875,-23.14281463623047,37.94648742675781
-3.170074462890625,-23.154212951660156,37.92816162109375
-3.1812515258789062,-23.061767578125,37.82843017578125
-3.115447998046875,-23.088035583496094,37.63594055175781
-2.9782028198242188,-23.017242431640625,37.71266174316406
-3.018585205078125,-23.01036834716797,37.80335998535156
-2.9850845336914062,-23.06981658935547,37.68959045410156
-2.9599151611328125,-23.077957153320312,37.69175720214844
-3.1144180297851562,-23.00914764404297,37.78117370605469
-3.0728988647460938,-23.085952758789062,37.713958740234375
-2.9975967407226562,-23.037887573242188,37.67573547363281
-2.98175048828125,-23.094337463378906,37.72212219238281
-3.087982177734375,-23.120513916015625,37.8184814453125
-3.1224136352539062,-23.07818603515625,38.017791748046875
-3.1229629516601562,-23.01470184326172,38.12994384765625
-3.007965087890625,-23.044631958007812,38.15995788574219
-3.02801513671875,-23.164230346679688,37.98512268066406
-3.1580886840820312,-23.141387939453125,38.11842346191406
-3.1189422607421875,-23.183746337890625,38.02992248535156
-3.1000442504882812,-23.18523406982422,38.05128479003906
-3.0530014038085938,-23.29467010498047,38.05287170410156
-3.001678466796875,-23.319801330566406,38.07139587402344
-2.9736862182617188,-23.210060119628906,38.12229919433594
-2.9531478881835938,-23.237152099609375,37.964599609375
-2.9341278076171875,-23.229209899902344,37.91682434082031
-2.9447479248046875,-23.149871826171875,37.94453430175781
-3.0325088500976562,-23.175521850585938,37.93017578125
-3.0666885375976562,-23.172805786132812,37.92198181152344
-3.076080322265625,-23.15959930419922,37.892181396484375
-3.1213455200195312,-23.22228240966797,37.82801818847656
-3.1844024658203125,-23.270553588867188,37.85145568847656
-3.1557464599609375,-23.211936950683594,37.957489013671875
-3.1346359252929688,-23.214553833007812,38.07133483886719
-3.121246337890625,-23.05621337890625,37.877532958984375
-3.1605758666992188,-23.088226318359375,37.81672668457031
-3.1540298461914062,-23.207916259765625,37.84053039550781
-3.1242752075195312,-23.227157592773438,37.962860107421875
-3.120635986328125,-23.169273376464844,38.077484130859375
-3.2572479248046875,-23.08747100830078,38.063323974609375
-3.2571029663085938,-22.991432189941406,38.10273742675781
-3.442230224609375,-23.060462951660156,38.14605712890625
-3.3472061157226562,-23.093963623046875,38.1407470703125
-3.383636474609375,-23.121597290039062,38.0836181640625
-3.3840103149414062,-23.120826721191406,38.2564697265625
-3.4651031494140625,-23.12530517578125,38.132293701171875
-3.4291763305664062,-23.164779663085938,38.22642517089844
-3.3014755249023438,-23.073318481445312,38.29888916015625
-3.2731552124023438,-23.101715087890625,38.296112060546875
-3.2942581176757812,-23.043365478515625,38.17234802246094
-3.3278274536132812,-23.197494506835938,38.2052001953125
-3.3295059204101562,-23.143234252929688,38.14497375488281
-3.2011489868164062,-23.215797424316406,38.09934997558594
-3.1998367309570312,-23.152061462402344,38.10850524902344
-3.175567626953125,-23.174468994140625,38.036834716796875
-3.109588623046875,-23.31945037841797,38.114898681640625
-3.1057815551757812,-23.419265747070312,38.06724548339844
-3.1721267700195312,-23.392547607421875,38.103424072265625
-3.1359329223632812,-23.31897735595703,38.14601135253906
-3.1600723266601562,-23.226417541503906,38.09370422363281
-3.1868743896484375,-23.231201171875,38.114288330078125
-3.2237014770507812,-23.347671508789062,38.09326171875
-3.2666473388671875,-23.216087341308594,38.169952392578125
-3.2563018798828125,-23.081100463867188,38.22662353515625
-3.3984375,-23.127899169921875,38.24348449707031
-3.348358154296875,-23.13111114501953,38.244384765625
-3.36572265625,-23.190879821777344,38.334991455078125
-3.3261871337890625,-23.133285522460938,38.285675048828125
-3.44921875,-23.130569458007812,38.253997802734375
-3.6036911010742188,-23.074020385742188,38.258880615234375
-3.5302886962890625,-23.126846313476562,38.255859375
-3.4713668823242188,-23.12348175048828,38.40754699707031
-3.4289627075195312,-23.164474487304688,38.37580871582031
-3.4482345581054688,-23.210678100585938,38.29222106933594
-3.5634689331054688,-23.209457397460938,38.27024841308594
-3.589630126953125,-23.197608947753906,38.35615539550781
-3.5097579956054688,-23.21080780029297,38.26371765136719
-3.4646148681640625,-23.239830017089844,38.37986755371094
-3.3719024658203125,-23.2113037109375,38.557037353515625
-3.3621749877929688,-23.096954345703125,38.60955810546875
-3.3173828125,-23.026123046875,38.35249328613281
-3.2662887573242188,-23.028915405273438,38.426727294921875
-3.3229904174804688,-23.07525634765625,38.516265869140625
-3.3262405395507812,-23.067306518554688,38.40367126464844
-3.3177566528320312,-23.01134490966797,38.28715515136719
-3.3375015258789062,-23.093093872070312,38.26495361328125
-3.2670745849609375,-23.094505310058594,38.39447021484375
-3.3118972778320312,-23.08172607421875,38.33818054199219
-3.3404006958007812,-23.122047424316406,38.235626220703125
-3.2967987060546875,-23.263427734375,38.527374267578125
-3.3463973999023438,-23.345420837402344,38.59358215332031
-3.2983627319335938,-23.194793701171875,38.36500549316406
-3.4337081909179688,-23.16199493408203,38.25830078125
-3.346954345703125,-23.256492614746094,38.443572998046875
-3.2819595336914062,-23.353172302246094,38.52703857421875
-3.2672805786132812,-23.281028747558594,38.464202880859375
-3.3115615844726562,-23.292068481445312,38.33604431152344
-3.3647308349609375,-23.347625732421875,38.29890441894531
-3.27105712890625,-23.272613525390625,38.3106689453125
-3.3145370483398438,-23.232521057128906,38.265472412109375
-3.3270111083984375,-23.213035583496094,38.40873718261719
-3.3242034912109375,-23.344017028808594,38.44752502441406
-3.2719268798828125,-23.428573608398438,38.29052734375
-3.2914886474609375,-23.392349243164062,38.39830017089844
-3.2759017944335938,-23.307327270507812,38.48432922363281
-3.2710952758789062,-23.20354461669922,38.59239196777344
-3.4257659912109375,-23.22503662109375,38.5892333984375
-3.430908203125,-23.195571899414062,38.63175964355469
-3.4551544189453125,-23.31262969970703,38.603790283203125
-3.4960479736328125,-23.427589416503906,38.51466369628906
-3.4877548217773438,-23.47015380859375,38.33686828613281
-3.4592819213867188,-23.421340942382812,38.326568603515625
-3.4324417114257812,-23.427024841308594,38.32585144042969
-3.3776397705078125,-23.434173583984375,38.19560241699219
-3.364013671875,-23.409400939941406,38.30177307128906
-3.3082122802734375,-23.481948852539062,38.33708190917969
-3.35150146484375,-23.539260864257812,38.33656311035156
-3.4599380493164062,-23.59466552734375,38.290252685546875
-3.5779647827148438,-23.593063354492188,38.29595947265625
-3.5166473388671875,-23.52625274658203,38.28680419921875
-3.3096923828125,-23.47864532470703,38.35902404785156
-3.2956314086914062,-23.439918518066406,38.29441833496094
-3.3013153076171875,-23.46814727783203,38.320098876953125
-3.1960830688476562,-23.494735717773438,38.18339538574219
-3.1153564453125,-23.51385498046875,38.20416259765625
-3.08343505859375,-23.4866943359375,38.1829833984375
-3.1728057861328125,-23.36053466796875,37.97052001953125
-3.2347335815429688,-23.203521728515625,38.075164794921875
-3.2854766845703125,-23.13257598876953,38.210418701171875
-3.3492279052734375,-23.100906372070312,38.33528137207031
-3.2869644165039062,-23.14276123046875,38.54872131347656
-3.3487014770507812,-23.373924255371094,38.42216491699219
-3.3951339721679688,-23.446273803710938,38.48236083984375
-3.5468292236328125,-23.404266357421875,38.40264892578125
-3.5877761840820312,-23.480072021484375,38.29356384277344
-3.6215972900390625,-23.462295532226562,38.11909484863281
-3.43798828125,-23.428916931152344,38.10821533203125
-3.5462875366210938,-23.404075622558594,38.17469787597656
-3.4870071411132812,-23.439071655273438,38.12431335449219
-3.341766357421875,-23.40473175048828,38.129486083984375
-3.2841262817382812,-23.442710876464844,38.09869384765625
-3.3342437744140625,-23.49720001220703,38.14128112792969
-3.2823257446289062,-23.48346710205078,38.275421142578125
-3.2852020263671875,-23.510986328125,38.31507873535156
-3.4496536254882812,-23.426544189453125,38.26957702636719
-3.4574432373046875,-23.414527893066406,38.316497802734375
-3.3631820678710938,-23.37114715576172,38.32719421386719
-3.3389434814453125,-23.365493774414062,38.276092529296875
-3.3113250732421875,-23.404327392578125,38.298583984375
-3.4548568725585938,-23.415870666503906,38.4967041015625
-3.3000640869140625,-23.59178924560547,38.622283935546875
-3.2571945190429688,-23.729644775390625,38.37306213378906
-3.2965621948242188,-23.726768493652344,38.32142639160156
-3.1407089233398438,-23.843704223632812,38.43428039550781
-3.1277008056640625,-23.74859619140625,38.46356201171875
-3.2201156616210938,-23.66417694091797,38.40118408203125
-3.2195892333984375,-23.56695556640625,38.463836669921875
-3.147705078125,-23.512428283691406,38.51976013183594
-3.2323379516601562,-23.423583984375,38.552978515625
-3.3614883422851562,-23.531600952148438,38.58079528808594
-3.4574127197265625,-23.62281036376953,38.707183837890625
-3.373565673828125,-23.458831787109375,38.58251953125
-3.2731246948242188,-23.46033477783203,38.470977783203125
-3.32275390625,-23.468475341796875,38.30659484863281
-3.3365631103515625,-23.335205078125,38.4381103515625
-3.2357406616210938,-23.209716796875,38.468963623046875
-3.3060379028320312,-23.330734252929688,38.466827392578125
-3.2296295166015625,-23.41423797607422,38.393463134765625
-3.216705322265625,-23.363632202148438,38.58641052246094
-3.1681365966796875,-23.207069396972656,38.59379577636719
-3.1521148681640625,-23.180419921875,38.66925048828125
-3.0266571044921875,-23.217979431152344,38.70658874511719
-3.0491104125976562,-23.240020751953125,38.58650207519531
-3.13983154296875,-23.167755126953125,38.74200439453125
-3.2340927124023438,-23.158714294433594,38.66435241699219
-3.3348312377929688,-23.25206756591797,38.44488525390625
-3.241546630859375,-23.355438232421875,38.39454650878906
-3.20477294921875,-23.296409606933594,38.4503173828125
-3.2948989868164062,-23.277992248535156,38.51411437988281
-3.2877655029296875,-23.37220001220703,38.52381896972656
-3.271575927734375,-23.47905731201172,38.38026428222656
-3.2678070068359375,-23.30438232421875,38.289581298828125
-3.3070755004882812,-23.228103637695312,38.138641357421875
-3.3744964599609375,-23.252777099609375,38.23406982421875
-3.3863372802734375,-23.297607421875,38.212982177734375
-3.2792282104492188,-23.267967224121094,38.2862548828125
-3.2440261840820312,-23.435256958007812,38.27598571777344
-3.2804946899414062,-23.48065948486328,38.139739990234375
-3.3163375854492188,-23.447036743164062,38.1715087890625
-3.2605209350585938,-23.42284393310547,38.0928955078125
-3.3526382446289062,-23.488784790039062,38.223388671875
-3.3740692138671875,-23.46636962890625,38.2578125
-3.44146728515625,-23.470077514648438,38.16111755371094
-3.5379638671875,-23.457191467285156,38.178375244140625
-3.4839859008789062,-23.412765502929688,38.05596923828125
-3.3761825561523438,-23.304786682128906,37.94915771484375
-3.3015365600585938,-23.447097778320312,38.10267639160156
-3.313385009765625,-23.44640350341797,38.07136535644531
-3.287139892578125,-23.43079376220703,38.06455993652344
-3.2389373779296875,-23.431610107421875,38.06440734863281
-3.3138198852539062,-23.38018798828125,38.060028076171875
-3.3179855346679688,-23.390243530273438,38.077484130859375
-3.3947830200195312,-23.342010498046875,38.028717041015625
-3.4222564697265625,-23.40929412841797,38.03111267089844
-3.4334869384765625,-23.502197265625,37.9427490234375
-3.4496612548828125,-23.596115112304688,38.06166076660156
-3.4133071899414062,-23.446693420410156,38.19749450683594
-3.3628997802734375,-23.44225311279297,38.376434326171875
-3.305419921875,-23.418487548828125,38.51771545410156
-3.2740478515625,-23.417739868164062,38.42616271972656
-3.2398147583007812,-23.475067138671875,38.29563903808594
-3.4351806640625,-23.505714416503906,38.25721740722656
-3.2874908447265625,-23.47490692138672,38.235992431640625
-3.3360671997070312,-23.424781799316406,38.22505187988281
-3.3439178466796875,-23.48400115966797,38.25807189941406
-3.2817840576171875,-23.43255615234375,38.28254699707031
-3.3172607421875,-23.497634887695312,38.235382080078125
-3.2198333740234375,-23.41370391845703,38.16773986816406
-3.310302734375,-23.440391540527344,38.14579772949219
-3.2412261962890625,-23.31005096435547,38.036163330078125
-3.2483139038085938,-23.171661376953125,37.9400634765625
-3.1943817138671875,-23.083053588867188,38.09461975097656
-3.2880706787109375,-23.18475341796875,37.9906005859375
-3.2957687377929688,-23.139053344726562,37.96626281738281
-3.2745208740234375,-23.272659301757812,37.924652099609375
-3.3382339477539062,-23.29253387451172,38.05226135253906
-3.442596435546875,-23.389076232910156,38.07366943359375
-3.49176025390625,-23.445541381835938,38.14729309082031
-3.457061767578125,-23.43541717529297,38.07640075683594
-3.4957733154296875,-23.408432006835938,38.088714599609375
-3.5026931762695312,-23.46984100341797,38.226409912109375
-3.3061981201171875,-23.30730438232422,38.19267272949219
-3.4084243774414062,-23.264434814453125,38.08723449707031
-3.4779510498046875,-23.203659057617188,37.98350524902344
-3.6014404296875,-23.163681030273438,38.000152587890625
-3.457794189453125,-23.212799072265625,38.13056945800781
-3.5941696166992188,-23.18083953857422,38.272613525390625
-3.454254150390625,-23.296974182128906,38.18611145019531
-3.3892288208007812,-23.35345458984375,38.19868469238281
-3.326934814453125,-23.220252990722656,38.406524658203125
-3.313934326171875,-23.192710876464844,38.55241394042969
-3.3302078247070312,-23.19005584716797,38.49623107910156
-3.4253463745117188,-23.261383056640625,38.44535827636719
-3.495574951171875,-23.27362823486328,38.45855712890625
-3.4606781005859375,-23.267112731933594,38.41960144042969
-3.453765869140625,-23.24541473388672,38.449188232421875
-3.37640380859375,-23.229957580566406,38.56427001953125
-3.2589492797851562,-23.156478881835938,38.532196044921875
-3.2174606323242188,-23.155197143554688,38.31779479980469
-3.2459793090820312,-23.219139099121094,38.16773986816406
-3.3044509887695312,-23.20581817626953,38.15629577636719
-3.2626953125,-23.250518798828125,38.17039489746094
-3.2330780029296875,-23.28246307373047,38.092803955078125
-3.3895721435546875,-23.340194702148438,37.98158264160156
-3.355255126953125,-23.2073974609375,38.11921691894531
-3.3645248413085938,-23.21759796142578,38.23744201660156
-3.284820556640625,-23.198822021484375,38.21525573730469
-3.2794952392578125,-23.05982208251953,38.26545715332031
-3.3361282348632812,-23.02930450439453,38.22038269042969
-3.299774169921875,-23.105194091796875,38.27099609375
-3.3720932006835938,-23.2127685546875,38.28912353515625
-3.3941802978515625,-23.152061462402344,38.24644470214844
-3.3917388916015625,-23.236473083496094,38.13652038574219
-3.300689697265625,-23.36077117919922,38.25621032714844
-3.324432373046875,-23.45336151123047,38.2589111328125
-3.3103485107421875,-23.47722625732422,38.254791259765625
-3.1454086303710938,-23.467391967773438,38.15675354003906
-3.09075927734375,-23.40467071533203,38.105133056640625
-3.0791854858398438,-23.4383544921875,38.27008056640625
-3.1052017211914062,-23.479393005371094,38.259063720703125
-3.1079559326171875,-23.474990844726562,38.2652587890625
-3.2602005004882812,-23.31592559814453,38.26664733886719
-3.2614364624023438,-23.375289916992188,38.22529602050781
-3.28326416015625,-23.484146118164062,38.15653991699219
-3.2853851318359375,-23.480819702148438,38.08833312988281
-3.2497787475585938,-23.45556640625,38.21266174316406
-3.1336135864257812,-23.361366271972656,38.378021240234375
-3.1620101928710938,-23.382064819335938,38.43284606933594
-3.1071319580078125,-23.34264373779297,38.44621276855469
-3.279541015625,-23.423194885253906,38.45948791503906
-3.2620391845703125,-23.498764038085938,38.49208068847656
-3.2612533569335938,-23.509750366210938,38.31044006347656
-3.2701568603515625,-23.534324645996094,38.13932800292969
-3.2894363403320312,-23.550010681152344,38.25703430175781
-3.3181533813476562,-23.60877227783203,38.154296875
-3.1873550415039062,-23.458778381347656,38.268646240234375
-3.2886581420898438,-23.4576416015625,38.24085998535156
-3.3159637451171875,-23.473365783691406,38.426788330078125
-3.2793197631835938,-23.4283447265625,38.35612487792969
-3.2514266967773438,-23.49817657470703,38.331451416015625
-3.25225830078125,-23.458396911621094,38.282684326171875
-3.2998428344726562,-23.507781982421875,38.160430908203125
-3.4354324340820312,-23.51152801513672,38.13087463378906
-3.4423828125,-23.482635498046875,38.25782775878906
-3.3486251831054688,-23.44719696044922,38.203338623046875
-3.3316268920898438,-23.317550659179688,38.09648132324219
-3.280242919921875,-23.309890747070312,38.022125244140625
-3.2858734130859375,-23.28453826904297,38.00787353515625
-3.2757415771484375,-23.414810180664062,38.206573486328125
-3.1904754638671875,-23.49567413330078,38.148223876953125
-3.1315383911132812,-23.500442504882812,38.160247802734375
-3.1973342895507812,-23.35004425048828,38.23866271972656
-3.1890182495117188,-23.38410186767578,38.281005859375
-3.177978515625,-23.41107177734375,38.3021240234375
-3.122100830078125,-23.495635986328125,38.30482482910156
-3.1116104125976562,-23.429458618164062,38.39250183105469
-3.2492904663085938,-23.424041748046875,38.35845947265625
-3.1958847045898438,-23.5760498046875,38.330535888671875
-3.1068801879882812,-23.627700805664062,38.32618713378906
-3.2821121215820312,-23.546287536621094,38.28813171386719
-3.3259124755859375,-23.526748657226562,38.19245910644531
-3.3392715454101562,-23.523696899414062,38.010406494140625
-3.2659072875976562,-23.630813598632812,37.83656311035156
-3.3476333618164062,-23.835189819335938,37.81982421875
-3.3479080200195312,-23.844039916992188,37.82099914550781
-3.3848419189453125,-23.653518676757812,37.76438903808594
-3.5343399047851562,-23.623779296875,37.75469970703125
-3.55078125,-23.623825073242188,37.97926330566406
-3.6136245727539062,-23.615264892578125,38.13108825683594
-3.561126708984375,-23.508705139160156,38.02900695800781
-3.4866943359375,-23.48999786376953,37.9957275390625
-3.4564208984375,-23.474609375,38.01029968261719
-3.4402008056640625,-23.418670654296875,37.93888854980469
-3.4444122314453125,-23.42620849609375,37.96467590332031
-3.5131607055664062,-23.492286682128906,37.956268310546875
-3.6260147094726562,-23.505813598632812,38.01702880859375
-3.7049789428710938,-23.5145263671875,37.9530029296875
-3.7148208618164062,-23.440528869628906,38.00938415527344
-3.5915985107421875,-23.501022338867188,37.89717102050781
-3.449462890625,-23.499893188476562,37.76600646972656
-3.418792724609375,-23.35174560546875,37.77354431152344
-3.3094482421875,-23.316940307617188,37.68040466308594
-3.2587966918945312,-23.324142456054688,37.81874084472656
-3.3209762573242188,-23.34844970703125,37.77207946777344
-3.3077316284179688,-23.404708862304688,37.90028381347656
-3.2767791748046875,-23.337188720703125,38.05314636230469
-3.2935867309570312,-23.36920928955078,37.944580078125
-3.2539443969726562,-23.464874267578125,37.870635986328125
-3.4303207397460938,-23.332962036132812,37.789520263671875
-3.5687637329101562,-23.278366088867188,37.69410705566406
-3.6513900756835938,-23.302459716796875,37.63172912597656
-3.7388687133789062,-23.225341796875,37.7860107421875
-3.6997528076171875,-23.2529296875,37.83134460449219
-3.7018051147460938,-23.23084259033203,37.77714538574219
-3.8079376220703125,-23.15332794189453,37.73136901855469
-4.0560150146484375,-23.078575134277344,37.67979431152344
-4.0560150146484375,-23.078575134277344,37.67979431152344
-4.008575439453125,-23.049705505371094,37.72123718261719
-4.257659912109375,-23.04004669189453,37.78401184082031
-4.364677429199219,-22.994049072265625,37.666778564453125
-4.585700988769531,-23.037185668945312,37.7681884765625
-4.678657531738281,-23.00366973876953,37.7900390625
-4.961799621582031,-22.87603759765625,37.83543395996094
-5.134124755859375,-22.843536376953125,37.849029541015625
-5.3718719482421875,-22.854347229003906,37.819244384765625
-5.65216064453125,-22.801315307617188,37.843048095703125
-5.907341003417969,-22.730674743652344,37.904083251953125
-6.162330627441406,-22.711929321289062,37.91758728027344
-6.331184387207031,-22.682823181152344,38.023681640625
-6.417724609375,-22.813430786132812,37.97682189941406
-6.1877899169921875,-22.71259307861328,37.90187072753906
-6.060813903808594,-22.718544006347656,37.88551330566406
-5.8763427734375,-22.78174591064453,38.014923095703125
-5.803825378417969,-22.77538299560547,38.00543212890625
-5.653167724609375,-22.91064453125,38.035675048828125
-5.5477447509765625,-22.79198455810547,38.08428955078125
-5.467338562011719,-22.753005981445312,38.057159423828125
-5.536460876464844,-22.755645751953125,38.188995361328125
-5.394256591796875,-22.81768798828125,38.18775939941406
-5.027503967285156,-22.952301025390625,38.17626953125
-4.590171813964844,-23.134109497070312,38.18487548828125
-4.31439208984375,-23.424667358398438,38.092315673828125
-3.8316421508789062,-23.81664276123047,37.715423583984375
-3.2818450927734375,-24.38037872314453,37.26603698730469
-2.8543548583984375,-25.053382873535156,36.94471740722656
-2.3541412353515625,-25.766326904296875,36.468017578125
-1.9463958740234375,-26.430580139160156,35.91583251953125
-1.5644149780273438,-27.183509826660156,35.306854248046875
-1.3864364624023438,-27.92611312866211,34.97853088378906
-1.3038711547851562,-28.508251190185547,34.57099914550781
-1.3801345825195312,-28.979339599609375,33.96720886230469
-1.4766082763671875,-29.42667007446289,33.55299377441406
-1.5635299682617188,-29.923622131347656,33.201507568359375
-1.9184036254882812,-30.373851776123047,32.659271240234375
-2.3511428833007812,-30.919475555419922,32.01402282714844
-2.6401824951171875,-31.523944854736328,31.250717163085938
-2.7621231079101562,-32.336273193359375,30.519088745117188
-2.9405364990234375,-33.0836296081543,29.527297973632812
-2.9450149536132812,-33.83802032470703,28.52593994140625
-2.8381423950195312,-34.7545051574707,27.596908569335938
-2.6673126220703125,-35.575042724609375,26.677536010742188
-2.644989013671875,-36.42267608642578,25.714370727539062
-2.4748611450195312,-37.103355407714844,24.934600830078125
-2.3697433471679688,-37.828330993652344,23.968917846679688
-2.25482177734375,-38.35865020751953,23.080245971679688
-2.0947723388671875,-38.83503341674805,22.151443481445312
-1.9405059814453125,-39.161888122558594,21.442031860351562
-1.7718658447265625,-39.3637809753418,21.062408447265625
-1.6911392211914062,-39.63189697265625,20.706024169921875
-1.9009170532226562,-39.92183303833008,20.148330688476562
-2.1015777587890625,-40.26179122924805,19.701065063476562
-2.1514968872070312,-40.47817611694336,19.1517333984375
-2.2390899658203125,-40.690040588378906,18.481231689453125
-2.0049819946289062,-40.870033264160156,17.855758666992188
-1.7701950073242188,-41.073585510253906,17.0797119140625
-1.4131393432617188,-41.451900482177734,16.433151245117188
-1.1540756225585938,-41.820194244384766,16.021026611328125
-1.0644073486328125,-42.14374542236328,15.451828002929688
-1.0985946655273438,-42.4411735534668,15.0068359375
-1.2946548461914062,-42.507484436035156,14.49755859375
-1.6502609252929688,-42.52895736694336,14.1568603515625
-2.0458297729492188,-42.48754119873047,13.929244995117188
-2.3507003784179688,-42.338375091552734,13.715652465820312
-2.4086456298828125,-42.269493103027344,13.8095703125
-2.4739532470703125,-42.32362365722656,13.928314208984375
-2.5956954956054688,-42.31200408935547,14.078826904296875
-2.6341552734375,-42.24186706542969,14.276748657226562
-2.5802841186523438,-42.24055099487305,14.539337158203125
-2.4045333862304688,-42.143985748291016,14.877029418945312
-2.3804779052734375,-41.891754150390625,15.018234252929688
-2.2189559936523438,-41.738739013671875,15.458663940429688
-2.0201339721679688,-41.7070426940918,15.606033325195312
-1.7470016479492188,-41.64356231689453,15.961288452148438
-1.5220489501953125,-41.4929313659668,16.15362548828125
-1.4290847778320312,-41.398834228515625,16.485336303710938
-1.27276611328125,-41.133026123046875,16.976577758789062
-1.1107101440429688,-41.00563049316406,17.496719360351562
-1.1692352294921875,-40.7148323059082,18.278671264648438
-1.1981277465820312,-40.3842658996582,18.985015869140625
-1.2684555053710938,-40.25691223144531,19.59161376953125
-1.3390884399414062,-40.00136184692383,20.109085083007812
-1.4170989990234375,-39.76983642578125,20.5325927734375
-1.5070343017578125,-39.667789459228516,20.75469970703125
-1.4973220825195312,-39.669189453125,20.8775634765625
-1.4949722290039062,-39.640811920166016,20.86505126953125
-1.6160659790039062,-39.53883743286133,20.829452514648438
-1.6968841552734375,-39.52360153198242,20.944412231445312
-1.6479568481445312,-39.46428298950195,20.918502807617188
-1.6279754638671875,-39.46638107299805,20.831008911132812
-1.7284698486328125,-39.451541900634766,20.9862060546875
-1.6838455200195312,-39.43357849121094,21.05169677734375
-1.6153945922851562,-39.368350982666016,21.125167846679688
-1.6146469116210938,-39.444854736328125,21.212783813476562
-1.5794296264648438,-39.527244567871094,21.111434936523438
-1.5622329711914062,-39.426185607910156,21.185012817382812
-1.4126434326171875,-39.32793045043945,21.31622314453125
-1.1953582763671875,-39.316776275634766,21.184951782226562
-1.1383438110351562,-39.30351638793945,21.260208129882812
-1.0539169311523438,-39.36553192138672,21.237823486328125
-0.9665374755859375,-39.36257553100586,21.204742431640625
-1.0040359497070312,-39.397056579589844,21.282974243164062
-0.9469146728515625,-39.236045837402344,21.41839599609375
-0.9522781372070312,-39.07596206665039,21.601821899414062
-0.924652099609375,-38.93756103515625,21.993255615234375
-0.9245452880859375,-38.89927291870117,22.1656494140625
-0.9505996704101562,-38.7997932434082,22.247406005859375
-1.0067596435546875,-38.863033294677734,22.314697265625
-0.9521713256835938,-38.743141174316406,22.261962890625
-0.8436050415039062,-38.58203125,22.356185913085938
-0.9495086669921875,-38.60957717895508,22.39398193359375
-0.95330810546875,-38.400691986083984,22.648910522460938
-1.0331878662109375,-38.290992736816406,22.671173095703125
-0.9896774291992188,-38.42551040649414,22.775497436523438
-0.9971694946289062,-38.57415771484375,22.841659545898438
-0.9816970825195312,-38.4985466003418,22.781036376953125
-1.0008697509765625,-38.39658737182617,22.639480590820312
-0.9101943969726562,-38.322444915771484,22.583297729492188
-0.7794723510742188,-38.388648986816406,22.477157592773438
-0.6865615844726562,-38.369163513183594,22.414657592773438
-0.7714157104492188,-38.38343048095703,22.318557739257812
-0.804412841796875,-38.43656921386719,22.356460571289062
-0.8318023681640625,-38.508487701416016,22.332733154296875
-0.8230667114257812,-38.61630630493164,22.268478393554688
-0.7086105346679688,-38.647705078125,22.124588012695312
-0.7121124267578125,-38.62409973144531,22.140090942382812
-0.706329345703125,-38.564579010009766,22.162078857421875
-0.6668930053710938,-38.5008659362793,21.875320434570312
-0.633819580078125,-38.50299072265625,21.747039794921875
-0.6300201416015625,-38.515724182128906,21.6934814453125
-0.6038894653320312,-38.67529296875,21.6080322265625
-0.6709976196289062,-38.69954299926758,21.70501708984375
-0.7346572875976562,-38.66641616821289,21.6629638671875
-0.8058013916015625,-38.56563186645508,21.743515014648438
-0.8160400390625,-38.516197204589844,21.849014282226562
-0.8192520141601562,-38.53630447387695,21.82281494140625
-0.8997650146484375,-38.42835998535156,21.78253173828125
-0.9620513916015625,-38.317623138427734,21.83856201171875
-1.0858383178710938,-38.23957061767578,22.015884399414062
-1.1251602172851562,-37.94571304321289,22.292556762695312
-1.1931076049804688,-37.79193115234375,22.475189208984375
-1.1782760620117188,-37.57960891723633,22.660919189453125
-1.1848831176757812,-37.43105697631836,22.6959228515625
-1.0601425170898438,-37.22808074951172,22.809783935546875
-1.0097503662109375,-37.08895492553711,22.940338134765625
-1.0783767700195312,-36.83978271484375,23.057464599609375
-0.8858261108398438,-36.600311279296875,23.341949462890625
-0.858673095703125,-36.4177131652832,23.633651733398438
-0.78924560546875,-36.08876419067383,24.03826904296875
-0.8259124755859375,-35.7580680847168,24.662002563476562
-1.0103836059570312,-35.29240036010742,25.39202880859375
-1.2201309204101562,-34.69901657104492,26.395126342773438
-1.4819564819335938,-34.05236053466797,27.5506591796875
-1.896636962890625,-33.27229309082031,28.625595092773438
-2.4159088134765625,-32.34342575073242,29.782608032226562
-2.9878311157226562,-31.237228393554688,31.14691162109375
-3.7776718139648438,-30.09050750732422,32.5830078125
-4.5832672119140625,-28.587310791015625,34.0657958984375
-5.59759521484375,-27.046588897705078,35.59861755371094
-6.683891296386719,-25.341102600097656,37.00053405761719
-7.68682861328125,-23.32746124267578,38.176971435546875
-8.76141357421875,-21.033226013183594,39.29701232910156
-9.708213806152344,-18.4930419921875,40.19776916503906
-10.794509887695312,-15.855125427246094,40.65020751953125
-11.666213989257812,-13.093399047851562,40.85810852050781
-12.378982543945312,-9.943954467773438,40.428741455078125
-13.050827026367188,-6.7103271484375,39.62318420410156
-13.538299560546875,-3.2691192626953125,37.96974182128906
-13.798347473144531,0.1614990234375,35.4215087890625
-13.865638732910156,3.6415252685546875,31.877182006835938
-13.966911315917969,6.743614196777344,26.981185913085938
-14.228988647460938,9.319938659667969,20.673690795898438
-16.741165161132812,10.289474487304688,13.093185424804688
-21.65076446533203,9.567398071289062,5.1126251220703125
-24.355674743652344,8.933425903320312,-0.4167022705078125
-24.780441284179688,8.583694458007812,-2.66326904296875
-25.02613067626953,8.0487060546875,-3.2787628173828125
-25.050193786621094,7.90020751953125,-3.3226470947265625
-24.942123413085938,7.807991027832031,-3.1758575439453125
-24.907958984375,7.8741455078125,-3.0074310302734375
-24.918174743652344,7.8300628662109375,-3.0240020751953125
-24.916587829589844,7.8607330322265625,-2.978912353515625
-24.841079711914062,7.793876647949219,-3.093597412109375
-24.678810119628906,7.786529541015625,-3.114501953125
-24.693527221679688,7.774864196777344,-3.1422576904296875
-24.670310974121094,7.866973876953125,-2.990692138671875
-24.691146850585938,7.796051025390625,-3.005889892578125
-24.715606689453125,7.808357238769531,-2.8537139892578125
-24.64861297607422,7.779731750488281,-2.798828125
-24.639015197753906,7.8679351806640625,-2.7199859619140625
-24.539031982421875,7.971519470214844,-2.5250091552734375
-24.52436065673828,7.892768859863281,-2.310089111328125
-24.592796325683594,7.892433166503906,-2.0912628173828125
-24.478607177734375,7.899505615234375,-2.0323333740234375
-24.368865966796875,8.00579833984375,-2.139801025390625
-24.26476287841797,8.191146850585938,-2.034637451171875
-24.194107055664062,8.462165832519531,-1.933441162109375
-24.12396240234375,8.496345520019531,-1.8179779052734375
-23.88947296142578,8.48358154296875,-1.63592529296875
-23.790176391601562,8.637565612792969,-1.468658447265625
-23.737693786621094,8.669425964355469,-1.2906646728515625
-23.59703826904297,8.688529968261719,-1.305755615234375
-23.60174560546875,8.871124267578125,-1.1537628173828125
-23.440200805664062,8.896759033203125,-0.9580535888671875
-23.36237335205078,9.090957641601562,-0.7364654541015625
-23.348495483398438,9.293899536132812,-0.46746826171875
-23.291534423828125,9.547599792480469,0.0782928466796875
-23.100387573242188,9.790328979492188,0.5318603515625
-23.00176239013672,9.808685302734375,0.6658172607421875
-22.79956817626953,9.928306579589844,0.7713470458984375
-22.724876403808594,10.052520751953125,0.999786376953125
-22.680877685546875,10.144905090332031,1.1383056640625
-22.55211639404297,10.357810974121094,1.5804443359375
-22.548004150390625,10.784568786621094,1.9625701904296875
-22.677085876464844,11.074150085449219,2.626190185546875
-22.816299438476562,11.359146118164062,3.1204833984375
-22.908668518066406,11.67938232421875,3.664093017578125
-22.9278564453125,12.10003662109375,4.266143798828125
-22.88964080810547,12.515174865722656,4.8238525390625
-22.861038208007812,13.085174560546875,5.4926605224609375
-22.750328063964844,13.519508361816406,5.983856201171875
-22.708969116210938,13.867774963378906,6.4222412109375
-22.780120849609375,14.338142395019531,6.9498443603515625
-22.80890655517578,14.742515563964844,7.4195098876953125
-22.844444274902344,15.071449279785156,7.93133544921875
-22.828079223632812,15.430107116699219,8.553726196289062
-23.006393432617188,15.711288452148438,8.918960571289062
-22.942588806152344,15.910507202148438,9.017822265625
-22.754249572753906,16.09626007080078,9.280975341796875
-22.77739715576172,16.343833923339844,9.41021728515625
-22.62415313720703,16.523292541503906,9.617050170898438
-22.455299377441406,16.650718688964844,9.667449951171875
-22.278038024902344,16.777320861816406,9.786148071289062
-22.10906219482422,16.789459228515625,9.788360595703125
-21.872299194335938,16.850143432617188,9.898590087890625
-21.671127319335938,16.982460021972656,10.107666015625
-21.48316192626953,17.13019561767578,10.250473022460938
-21.401649475097656,17.175140380859375,10.303924560546875
-21.327537536621094,17.316673278808594,10.428024291992188
-21.251014709472656,17.63177490234375,10.71942138671875
-21.1488037109375,17.821945190429688,10.834274291992188
-21.122802734375,17.96996307373047,10.929534912109375
-21.14887237548828,18.218856811523438,11.007049560546875
-21.211883544921875,18.35826873779297,11.201614379882812
-21.33464813232422,18.48265838623047,11.430313110351562
-21.348159790039062,18.696250915527344,11.753662109375
-21.39305877685547,18.854476928710938,12.037445068359375
-21.45941162109375,19.152938842773438,12.172592163085938
-21.537384033203125,19.314476013183594,12.50299072265625
-21.691505432128906,19.408615112304688,12.634933471679688
-21.835548400878906,19.552459716796875,12.984451293945312
-21.86334228515625,19.677085876464844,13.06671142578125
-22.086181640625,19.935890197753906,13.132614135742188
-22.257766723632812,20.154220581054688,13.195343017578125
-22.404129028320312,20.112525939941406,13.292221069335938
-22.340927124023438,20.19373321533203,13.373931884765625
-22.320648193359375,20.323516845703125,13.388381958007812
-22.301292419433594,20.471405029296875,13.513107299804688
-22.26971435546875,20.52973175048828,13.666778564453125
-22.1363525390625,20.66547393798828,13.892440795898438
-21.859283447265625,20.761253356933594,14.049209594726562
-21.954635620117188,20.896591186523438,14.071090698242188
-21.849777221679688,20.998825073242188,14.233612060546875
-21.897239685058594,21.299827575683594,14.380340576171875
-21.802276611328125,21.585235595703125,14.56353759765625
-21.77227783203125,21.852134704589844,14.700668334960938
-21.834609985351562,22.13249969482422,14.690628051757812
-21.90667724609375,22.360488891601562,14.783615112304688
-21.900367736816406,22.42937469482422,14.8956298828125
-21.793235778808594,22.53455352783203,14.938064575195312
-21.723289489746094,22.58087921142578,15.246383666992188
-21.60271453857422,22.657180786132812,15.297821044921875
-21.6285400390625,22.599082946777344,15.477432250976562
-21.710060119628906,22.70616912841797,15.50079345703125
-21.842567443847656,22.619354248046875,15.452255249023438
-22.036361694335938,22.653976440429688,15.613632202148438
-22.175811767578125,22.796859741210938,15.557113647460938
-22.13501739501953,22.759719848632812,15.383621215820312
-22.271759033203125,22.80962371826172,15.059860229492188
-22.269561767578125,22.76935577392578,15.083114624023438
-22.2845458984375,22.766448974609375,15.231781005859375
-22.333038330078125,22.67095184326172,15.301116943359375
-22.356727600097656,22.59937286376953,15.441131591796875
-22.312881469726562,22.653305053710938,15.487945556640625
-22.317672729492188,22.80895233154297,15.59613037109375
-22.567474365234375,22.807220458984375,15.691787719726562
-22.735809326171875,22.79529571533203,15.717254638671875
-22.783554077148438,22.705520629882812,15.6943359375
-22.905441284179688,22.68328857421875,15.629348754882812
-23.054786682128906,22.64306640625,15.55419921875
-23.13660430908203,22.537445068359375,15.492507934570312
-23.262001037597656,22.524627685546875,15.4720458984375
-23.33203125,22.52692413330078,15.482574462890625
-23.30889129638672,22.642784118652344,15.565750122070312
-23.20404052734375,22.759780883789062,15.76708984375
-23.072555541992188,22.90557861328125,15.774459838867188
-23.076614379882812,23.04523468017578,15.908035278320312
-23.243789672851562,23.056137084960938,16.044845581054688
-23.354705810546875,23.084556579589844,16.065689086914062
-23.395652770996094,23.113571166992188,15.919906616210938
-23.499969482421875,23.0224609375,15.961593627929688
-23.556320190429688,22.91498565673828,15.959991455078125
-23.395660400390625,23.08708953857422,16.010711669921875
-23.436279296875,23.152183532714844,16.19256591796875
-23.56298065185547,23.332855224609375,16.232070922851562
-23.539077758789062,23.675331115722656,16.26458740234375
-23.591224670410156,23.898635864257812,16.36676025390625
-23.722679138183594,23.950515747070312,16.547805786132812
-23.8734130859375,24.133338928222656,16.776947021484375
-23.941978454589844,24.36280059814453,16.821502685546875
-24.13825225830078,24.477294921875,16.786849975585938
-24.235145568847656,24.48883056640625,16.910903930664062
-24.36241912841797,24.62615966796875,16.902450561523438
-24.544395446777344,24.7515869140625,16.976760864257812
-24.69544219970703,24.904296875,17.0582275390625
-24.80950164794922,25.062660217285156,17.146774291992188
-24.821853637695312,25.167892456054688,17.357131958007812
-24.95111083984375,25.328262329101562,17.45941162109375
-25.224708557128906,25.549095153808594,17.520950317382812
-25.832298278808594,25.475425720214844,17.673309326171875
-26.595909118652344,25.338638305664062,17.699844360351562
-27.303207397460938,25.22480010986328,17.532791137695312
-27.671371459960938,25.12976837158203,17.407318115234375
-27.810989379882812,25.07312774658203,17.3262939453125
-27.81983184814453,25.101608276367188,17.290328979492188
-27.811737060546875,25.07501220703125,17.376907348632812
-27.840988159179688,25.056900024414062,17.523147583007812
-27.914649963378906,25.0322265625,17.449981689453125
-27.961814880371094,25.083938598632812,17.253738403320312
-28.051231384277344,25.285842895507812,17.20684814453125
-27.914566040039062,25.402694702148438,17.276824951171875
-28.023635864257812,25.47034454345703,17.372787475585938
-28.04033660888672,25.51616668701172,17.4739990234375
-27.98711395263672,25.50537109375,17.350341796875
-28.064659118652344,25.445472717285156,17.335861206054688
-28.167984008789062,25.48090362548828,17.279800415039062
-28.111709594726562,25.495849609375,17.319854736328125
-28.107421875,25.31256103515625,17.44525146484375
-28.042633056640625,25.155410766601562,17.537307739257812
-27.898521423339844,25.175621032714844,17.568801879882812
-27.90789031982422,25.280410766601562,17.522598266601562
-27.89708709716797,25.387939453125,17.36968994140625
-27.884841918945312,25.444908142089844,17.357391357421875
-27.88018798828125,25.332176208496094,17.34326171875
-27.93738555908203,25.452369689941406,17.523040771484375
-27.8675537109375,25.460830688476562,17.495864868164062
-27.804054260253906,25.433547973632812,17.36199951171875
-27.77936553955078,25.397621154785156,17.510787963867188
-27.72563934326172,25.389076232910156,17.483474731445312
-27.634979248046875,25.365921020507812,17.4837646484375
-27.68639373779297,25.311981201171875,17.319900512695312
-27.77344512939453,25.41553497314453,17.191009521484375
-27.72748565673828,25.45795440673828,17.330612182617188
-27.78368377685547,25.350311279296875,17.325836181640625
-27.864830017089844,25.267608642578125,17.409820556640625
-27.912330627441406,25.407981872558594,17.331344604492188
-27.867286682128906,25.463760375976562,17.315643310546875
-27.972999572753906,25.440452575683594,17.3746337890625
-27.972999572753906,25.440452575683594,17.3746337890625
-27.849266052246094,25.416053771972656,17.217987060546875
-27.867019653320312,25.384475708007812,17.101898193359375
-27.819305419921875,25.359092712402344,17.088241577148438
-27.713706970214844,25.354942321777344,17.142684936523438
-27.732933044433594,25.3150634765625,17.154327392578125
-27.81396484375,25.297332763671875,17.215408325195312
-27.83966064453125,25.39916229248047,17.1661376953125
-27.776107788085938,25.43737030029297,17.221633911132812
-27.941879272460938,25.313880920410156,17.073104858398438
-28.070098876953125,25.35356903076172,16.901473999023438
-28.003753662109375,25.31512451171875,17.021957397460938
-28.072433471679688,25.258094787597656,17.116546630859375
-28.072433471679688,25.258094787597656,17.116546630859375
-28.035438537597656,25.285842895507812,17.237747192382812
-28.076217651367188,25.21746063232422,17.18756103515625
-27.954376220703125,25.220855712890625,17.217620849609375
-27.895034790039062,25.166015625,17.192855834960938
-27.775970458984375,25.129783630371094,17.073837280273438
-27.768905639648438,25.13616943359375,16.957550048828125
-27.83294677734375,25.079673767089844,17.055160522460938
-28.045059204101562,25.084922790527344,17.032852172851562
-27.95831298828125,25.078948974609375,17.06707763671875
-27.852195739746094,25.156105041503906,17.0118408203125
-27.843040466308594,25.118247985839844,17.16156005859375
-27.900733947753906,25.269805908203125,17.301223754882812
-27.881622314453125,25.26905059814453,17.266693115234375
-27.91326904296875,25.238014221191406,17.326278686523438
-27.9898681640625,25.20311737060547,17.4085693359375
-28.028160095214844,25.182846069335938,17.46795654296875
-28.12102508544922,25.21727752685547,17.4986572265625
-28.014175415039062,25.16510009765625,17.428558349609375
-28.02245330810547,25.178382873535156,17.381271362304688
-27.971405029296875,25.093284606933594,17.50762939453125
-27.88874053955078,24.95196533203125,17.454849243164062
-27.886123657226562,25.053390502929688,17.260330200195312
-27.738265991210938,25.045372009277344,17.225021362304688
-27.836883544921875,25.006858825683594,17.163436889648438
-27.74968719482422,25.091941833496094,17.134414672851562
-27.849822998046875,25.134414672851562,17.109161376953125
-27.852935791015625,25.190208435058594,17.021713256835938
-27.747703552246094,25.20360565185547,16.900527954101562
-27.702102661132812,25.22388458251953,16.770736694335938
-27.669090270996094,25.222015380859375,16.81805419921875
-27.75000762939453,25.15613555908203,16.99420166015625
-27.77796173095703,25.192237854003906,17.206710815429688
-27.7000732421875,25.313270568847656,17.424041748046875
-27.687225341796875,25.34795379638672,17.464004516601562
-27.75824737548828,25.28083038330078,17.529052734375
-27.79218292236328,25.254531860351562,17.374130249023438
-27.79894256591797,25.309097290039062,17.2730712890625
-27.73773956298828,25.35467529296875,17.251556396484375
-27.767044067382812,25.267623901367188,17.367889404296875
-27.81102752685547,25.175811767578125,17.347381591796875
-27.904647827148438,25.06189727783203,17.376693725585938
-27.91199493408203,25.078369140625,17.499343872070312
-27.849449157714844,25.008743286132812,17.468032836914062
-27.89495086669922,24.996849060058594,17.433319091796875
-27.832962036132812,25.06939697265625,17.506210327148438
-27.75580596923828,25.054229736328125,17.55609130859375
-27.79334259033203,25.128082275390625,17.532546997070312
-27.877182006835938,25.14453887939453,17.559906005859375
-27.74657440185547,25.14422607421875,17.513916015625
-27.716415405273438,25.193397521972656,17.488967895507812
-27.788490295410156,25.28337860107422,17.484878540039062
-27.83771514892578,25.24732208251953,17.3558349609375
-27.875732421875,25.19664764404297,17.35919189453125
-27.88928985595703,25.149085998535156,17.212966918945312
-27.914573669433594,25.184112548828125,17.06048583984375
-27.878509521484375,25.125770568847656,17.221755981445312
-27.853248596191406,25.204078674316406,17.244064331054688
-27.738365173339844,25.13941192626953,17.320831298828125
-27.784149169921875,25.106361389160156,17.249343872070312
-27.815902709960938,25.190467834472656,17.196044921875
-27.939720153808594,25.12078094482422,17.208267211914062
-28.052825927734375,25.24535369873047,17.2877197265625
-27.979949951171875,25.261497497558594,17.424591064453125
-27.93548583984375,25.269981384277344,17.477737426757812
-27.878501892089844,25.27733612060547,17.51312255859375
-27.888160705566406,25.234458923339844,17.40655517578125
-27.83647918701172,25.257537841796875,17.24639892578125
-27.970802307128906,25.183868408203125,17.220199584960938
-27.971572875976562,25.12689971923828,17.19134521484375
-28.11468505859375,25.27794647216797,17.363006591796875
-28.087867736816406,25.24609375,17.374664306640625
-27.983627319335938,25.318275451660156,17.320175170898438
-27.968544006347656,25.292129516601562,17.471878051757812
-27.99688720703125,25.216094970703125,17.481781005859375
-27.915802001953125,25.201744079589844,17.397720336914062
-27.913108825683594,25.140792846679688,17.180267333984375
-27.950706481933594,25.148704528808594,17.226608276367188
-27.893653869628906,25.13097381591797,17.271408081054688
-27.859054565429688,25.201370239257812,17.303466796875
-27.89488983154297,25.206886291503906,17.344558715820312
-28.03075408935547,25.221969604492188,17.290420532226562
-27.98072052001953,25.1976318359375,17.288848876953125
-28.064498901367188,25.1419677734375,17.3199462890625
-27.942642211914062,25.18614959716797,17.338516235351562
-27.940277099609375,25.203330993652344,17.320693969726562
-28.05573272705078,25.18445587158203,17.351821899414062
-27.964691162109375,25.028976440429688,17.523895263671875
-27.911941528320312,24.94775390625,17.372146606445312
-27.913368225097656,24.90338897705078,17.40185546875
-28.01787567138672,24.938865661621094,17.483917236328125
-27.944374084472656,25.045806884765625,17.470657348632812
-27.870315551757812,25.016281127929688,17.573013305664062
-27.853317260742188,24.98188018798828,17.481491088867188
-27.79090118408203,24.983383178710938,17.569503784179688
-27.733055114746094,25.034584045410156,17.465286254882812
-27.678848266601562,24.919937133789062,17.3427734375
-27.755599975585938,24.855125427246094,17.412841796875
-27.897430419921875,24.98578643798828,17.544815063476562
-27.930213928222656,25.087738037109375,17.638336181640625
-27.93451690673828,25.092391967773438,17.664474487304688
-27.99591064453125,25.164779663085938,17.551971435546875
-28.00463104248047,25.145309448242188,17.393661499023438
-28.083755493164062,25.191818237304688,17.480010986328125
-27.998390197753906,25.21819305419922,17.606002807617188
-27.980178833007812,25.17437744140625,17.671417236328125
-28.00873565673828,25.21312713623047,17.585357666015625
-28.026947021484375,25.171287536621094,17.536056518554688
-27.9962158203125,25.125946044921875,17.584030151367188
-27.904693603515625,25.25775146484375,17.513015747070312
-27.848129272460938,25.324844360351562,17.484420776367188
-27.902664184570312,25.332374572753906,17.47235107421875
-27.914718627929688,25.350997924804688,17.416885375976562
-27.883094787597656,25.340774536132812,17.393707275390625
-27.948081970214844,25.18730926513672,17.418685913085938
-27.928878784179688,25.1563720703125,17.510452270507812
-27.912986755371094,25.16016387939453,17.515625
-27.875221252441406,25.093650817871094,17.530990600585938
-27.89672088623047,25.13530731201172,17.493942260742188
-27.99256134033203,25.14532470703125,17.520156860351562
-28.069168090820312,25.18792724609375,17.499923706054688
-27.97771453857422,25.05457305908203,17.573623657226562
-27.849990844726562,25.1397705078125,17.592697143554688
-27.8236083984375,25.158462524414062,17.571075439453125
-27.85516357421875,25.113998413085938,17.503936767578125
-27.945960998535156,25.180496215820312,17.653961181640625
-27.881248474121094,25.206436157226562,17.568984985351562
-27.75133514404297,25.14917755126953,17.532379150390625
-27.588966369628906,25.16949462890625,17.489898681640625
-27.617210388183594,25.259384155273438,17.495574951171875
-27.697723388671875,25.23992919921875,17.449844360351562
-27.724586486816406,25.18840789794922,17.426544189453125
-27.741775512695312,25.22704315185547,17.423614501953125
-27.643157958984375,25.253829956054688,17.509124755859375
-27.458404541015625,25.3021240234375,17.576797485351562
-27.572235107421875,25.29711151123047,17.481338500976562
-27.5545654296875,25.420242309570312,17.476959228515625
-27.580711364746094,25.486061096191406,17.646484375
-27.46393585205078,25.520668029785156,17.55621337890625
-27.48601531982422,25.576133728027344,17.450286865234375
-27.556678771972656,25.53247833251953,17.460311889648438
-27.724998474121094,25.543357849121094,17.583328247070312
-27.69556427001953,25.42418670654297,17.69757080078125
-27.680702209472656,25.315353393554688,17.630996704101562
-27.739830017089844,25.331405639648438,17.703933715820312
-27.87541961669922,25.263870239257812,17.686187744140625
-27.935935974121094,25.303237915039062,17.671875
-27.82691192626953,25.306114196777344,17.648178100585938
-27.833656311035156,25.22241973876953,17.533447265625
-27.79986572265625,25.221710205078125,17.51043701171875
-27.68244171142578,25.26953125,17.475418090820312
-27.646011352539062,25.243850708007812,17.597335815429688
-27.689064025878906,25.186904907226562,17.5643310546875
-27.675628662109375,25.198974609375,17.564208984375
-27.665924072265625,25.178207397460938,17.445037841796875
-27.75579833984375,25.124771118164062,17.491622924804688
-27.80211639404297,25.19995880126953,17.57403564453125
-27.741416931152344,25.2132568359375,17.575363159179688
-27.757064819335938,25.299911499023438,17.543258666992188
-27.72405242919922,25.320655822753906,17.523284912109375
-27.775550842285156,25.257858276367188,17.367080688476562
-27.756668090820312,25.23638916015625,17.398406982421875
-27.772674560546875,25.058670043945312,17.498992919921875
-27.78217315673828,25.179710388183594,17.663314819335938
-27.791519165039062,25.18614959716797,17.536956787109375
-27.719070434570312,25.181785583496094,17.605667114257812
-27.76105499267578,25.167091369628906,17.752700805664062
-27.785438537597656,25.121078491210938,17.706069946289062
-27.868316650390625,25.187843322753906,17.835968017578125
-27.93714141845703,25.05113983154297,17.991470336914062
-27.917152404785156,25.15082550048828,17.805450439453125
-27.9066162109375,25.165245056152344,17.778274536132812
-27.942138671875,25.20654296875,17.691543579101562
-27.783111572265625,25.281890869140625,17.702239990234375
-27.76885223388672,25.40996551513672,17.678741455078125
-27.711273193359375,25.35295867919922,17.54156494140625
-27.575416564941406,25.25328826904297,17.497482299804688
-27.724624633789062,25.18463897705078,17.388442993164062
-27.756240844726562,25.090553283691406,17.175506591796875
-27.728286743164062,25.01390838623047,17.14227294921875
-27.696212768554688,25.066619873046875,17.137496948242188
-27.558334350585938,25.09093475341797,17.07269287109375
-27.59685516357422,25.167282104492188,17.07904052734375
-27.73169708251953,25.21026611328125,17.220932006835938
-27.582969665527344,25.205116271972656,17.475387573242188
-27.657638549804688,25.212257385253906,17.623641967773438
-27.708602905273438,25.131263732910156,17.627578735351562
-27.74372100830078,25.191429138183594,17.72015380859375
-27.857460021972656,25.292831420898438,17.554840087890625
-27.73089599609375,25.32941436767578,17.526290893554688
-27.709335327148438,25.267044067382812,17.56707763671875
-27.691390991210938,25.420692443847656,17.532119750976562
-27.66858673095703,25.420310974121094,17.550582885742188
-27.658279418945312,25.385498046875,17.570770263671875
-27.571258544921875,25.394752502441406,17.303421020507812
-27.689422607421875,25.421485900878906,17.160140991210938
-27.66761016845703,25.380722045898438,17.095428466796875
-27.585830688476562,25.292984008789062,17.192626953125
-27.55072784423828,25.221351623535156,17.301849365234375
-27.58563232421875,25.318328857421875,17.341522216796875
-27.537681579589844,25.3707275390625,17.392913818359375
-27.685707092285156,25.450660705566406,17.2984619140625
-27.574020385742188,25.307228088378906,17.241867065429688
-27.486488342285156,25.34772491455078,17.228622436523438
-27.50012969970703,25.318984985351562,17.182846069335938
-27.484054565429688,25.160972595214844,17.342483520507812
-27.49925994873047,25.196929931640625,17.32415771484375
-27.490814208984375,25.30573272705078,17.379867553710938
-27.54621124267578,25.30535888671875,17.405166625976562
-27.700233459472656,25.249549865722656,17.546173095703125
-27.63140106201172,25.29224395751953,17.452957153320312
-27.558822631835938,25.24884033203125,17.3602294921875
-27.61127471923828,25.236671447753906,17.308547973632812
-27.53790283203125,25.297203063964844,17.30572509765625
-27.45580291748047,25.246871948242188,17.392379760742188
-27.511695861816406,25.301895141601562,17.378585815429688
-27.70014190673828,25.289718627929688,17.465225219726562
-27.738365173339844,25.296463012695312,17.555343627929688
-27.567916870117188,25.338485717773438,17.517242431640625
-27.601165771484375,25.35932159423828,17.409255981445312
-27.51007080078125,25.330810546875,17.303482055664062
-27.443809509277344,25.421188354492188,17.311660766601562
-27.521026611328125,25.42809295654297,17.449111938476562
-27.633766174316406,25.43744659423828,17.504257202148438
-27.648696899414062,25.52056884765625,17.527023315429688
-27.588661193847656,25.502029418945312,17.31475830078125
-27.47272491455078,25.57343292236328,17.215774536132812
-27.42302703857422,25.59081268310547,17.167037963867188
-27.357681274414062,25.57884979248047,17.174118041992188
-27.54808807373047,25.543113708496094,17.242996215820312
-27.567466735839844,25.60443115234375,17.22412109375
-27.466102600097656,25.543800354003906,17.189163208007812
-27.55731964111328,25.44646453857422,17.370452880859375
-27.674095153808594,25.419631958007812,17.428359985351562
-27.661239624023438,25.381744384765625,17.539962768554688
-27.656204223632812,25.411285400390625,17.535003662109375
-27.774063110351562,25.378524780273438,17.639602661132812
-27.724960327148438,25.420936584472656,17.744476318359375
-27.627281188964844,25.316932678222656,17.697006225585938
-27.505050659179688,25.383750915527344,17.66845703125
-27.45417022705078,25.369163513183594,17.652801513671875
-27.615440368652344,25.516952514648438,17.696884155273438
-27.582870483398438,25.51617431640625,17.67633056640625
-27.73407745361328,25.417587280273438,17.68634033203125
-27.70763397216797,25.324661254882812,17.595230102539062
-27.693740844726562,25.331802368164062,17.612045288085938
-27.731849670410156,25.23053741455078,17.677139282226562
-27.718055725097656,25.23357391357422,17.671783447265625
-27.74573516845703,25.25377655029297,17.761505126953125
-27.7130126953125,25.16411590576172,17.687255859375
-27.693374633789062,25.125526428222656,17.54217529296875
-27.619842529296875,25.18347930908203,17.559799194335938
-27.55316925048828,25.178863525390625,17.42303466796875
-27.554275512695312,25.02562713623047,17.447677612304688
-27.61640167236328,25.049285888671875,17.416091918945312
-27.58948516845703,25.054901123046875,17.36138916015625
-27.58440399169922,25.161865234375,17.367691040039062
-27.571014404296875,25.144210815429688,17.519515991210938
-27.607284545898438,25.14673614501953,17.565109252929688
-27.56273651123047,25.076515197753906,17.553253173828125
-27.60936737060547,25.088775634765625,17.49847412109375
-27.606971740722656,25.25188446044922,17.475830078125
-27.560867309570312,25.29729461669922,17.539077758789062
-27.631851196289062,25.304954528808594,17.394989013671875
-27.581878662109375,25.21086883544922,17.38836669921875
-27.717453002929688,25.198394775390625,17.538909912109375
-27.660179138183594,25.187393188476562,17.528091430664062
-27.749313354492188,25.13885498046875,17.511856079101562
-27.730911254882812,25.174957275390625,17.434539794921875
-27.772117614746094,25.245559692382812,17.533935546875
-27.89209747314453,25.14031219482422,17.554336547851562
-27.79491424560547,25.189651489257812,17.498443603515625
-27.71784210205078,25.316246032714844,17.458587646484375
-27.732192993164062,25.26465606689453,17.481887817382812
-27.707916259765625,25.217681884765625,17.47607421875
-27.72748565673828,25.12542724609375,17.384002685546875
-27.769264221191406,25.11766815185547,17.378692626953125
-27.84076690673828,25.179168701171875,17.471145629882812
-27.838096618652344,25.121170043945312,17.511123657226562
-27.829856872558594,25.28978729248047,17.51409912109375
-27.871681213378906,25.288551330566406,17.556076049804688
-27.857460021972656,25.246971130371094,17.49591064453125
-27.86925506591797,25.440826416015625,17.368820190429688
-27.763473510742188,25.5233154296875,17.471786499023438
-27.760009765625,25.59589385986328,17.555984497070312
-27.71363067626953,25.50196075439453,17.419845581054688
-27.65503692626953,25.33624267578125,17.404891967773438
-27.561920166015625,25.258811950683594,17.3408203125
-27.56085968017578,25.23760223388672,17.506759643554688
-27.55388641357422,25.31098175048828,17.569290161132812
-27.699195861816406,25.300567626953125,17.509429931640625
-27.62567138671875,25.28380584716797,17.498062133789062
-27.533920288085938,25.34161376953125,17.516769409179688
-27.558265686035156,25.350425720214844,17.517715454101562
-27.541908264160156,25.30663299560547,17.5054931640625
-27.6529541015625,25.24981689453125,17.457717895507812
-27.640029907226562,25.21202850341797,17.282196044921875
-27.564308166503906,25.2374267578125,17.1884765625
-27.63013458251953,25.28955841064453,17.347198486328125
-27.761680603027344,25.177047729492188,17.517166137695312
-27.752418518066406,25.130226135253906,17.533340454101562
-27.723236083984375,25.1435546875,17.531600952148438
-27.734710693359375,25.183181762695312,17.496841430664062
-27.723960876464844,25.147865295410156,17.64398193359375
-27.72429656982422,25.202392578125,17.662551879882812
-27.77094268798828,25.22808074951172,17.525115966796875
-27.880760192871094,25.176109313964844,17.525436401367188
-27.78009796142578,25.17816925048828,17.43896484375
-27.774436950683594,25.10883331298828,17.258285522460938
-27.78339385986328,25.01506805419922,17.198348999023438
-27.766448974609375,25.111190795898438,17.349365234375
-27.761863708496094,25.295654296875,17.426239013671875
-27.77044677734375,25.407501220703125,17.454132080078125
-27.783248901367188,25.438987731933594,17.495880126953125
-27.904273986816406,25.425186157226562,17.51885986328125
-27.939453125,25.459617614746094,17.667373657226562
-27.925498962402344,25.352561950683594,17.660446166992188
-27.867408752441406,25.210548400878906,17.71893310546875
-27.84613800048828,25.190277099609375,17.7083740234375
-27.90123748779297,25.316436767578125,17.701248168945312
-27.88452911376953,25.32256317138672,17.833404541015625
-27.886138916015625,25.26068115234375,17.932266235351562
-28.012962341308594,25.14246368408203,17.850799560546875
-27.92339324951172,25.19866180419922,17.886077880859375
-27.813026428222656,25.280921936035156,17.792251586914062
-27.905838012695312,25.15412139892578,17.699234008789062
-27.959793090820312,25.15857696533203,17.692977905273438
-28.026885986328125,25.050552368164062,17.707382202148438
-27.911788940429688,25.13818359375,17.619277954101562
-27.843124389648438,25.198806762695312,17.5579833984375
-27.788543701171875,25.20672607421875,17.428741455078125
-27.721397399902344,25.199905395507812,17.453262329101562
-27.76727294921875,25.138343811035156,17.65234375
-27.818893432617188,24.923843383789062,17.561538696289062
-27.89111328125,24.939842224121094,17.581375122070312
-27.740745544433594,24.91783905029297,17.712432861328125
-27.793739318847656,24.887428283691406,17.736618041992188
-27.79369354248047,24.926788330078125,17.750656127929688
-27.89630126953125,25.030601501464844,17.754257202148438
-27.931060791015625,24.983596801757812,17.749755859375
-27.958877563476562,25.134719848632812,17.678268432617188
-28.00495147705078,25.16107940673828,17.791412353515625
-27.884620666503906,25.175445556640625,17.715103149414062
-27.93085479736328,25.172393798828125,17.64813232421875
-27.98780059814453,25.193038940429688,17.677169799804688
-27.997314453125,25.124351501464844,17.647537231445312
-28.000640869140625,25.081497192382812,17.67083740234375
-28.03192901611328,25.084808349609375,17.528167724609375
-27.918190002441406,25.28600311279297,17.633010864257812
-27.96772003173828,25.26300048828125,17.640625
-27.897926330566406,25.30353546142578,17.70159912109375
-27.901939392089844,25.235580444335938,17.760635375976562
-27.984046936035156,25.16802978515625,17.708526611328125
-27.89630126953125,25.11957550048828,17.66046142578125
-27.88495635986328,25.197792053222656,17.785980224609375
-27.86236572265625,25.060264587402344,17.924728393554688
-27.975364685058594,25.083023071289062,17.833770751953125
-27.86932373046875,25.00164031982422,17.757461547851562
-27.897369384765625,25.068206787109375,17.688613891601562
-27.890037536621094,25.048446655273438,17.690093994140625
-28.06768035888672,25.16246795654297,17.597381591796875
-28.00012969970703,25.174179077148438,17.59521484375
-28.00012969970703,25.174179077148438,17.59521484375
-27.923683166503906,25.067588806152344,17.578536987304688
-27.89684295654297,25.03894805908203,17.557815551757812
-27.911788940429688,25.062110900878906,17.695098876953125
-27.874191284179688,25.000526428222656,17.678924560546875
-27.88793182373047,25.01660919189453,17.651840209960938
-27.93915557861328,25.047836303710938,17.658462524414062
-27.919876098632812,24.996299743652344,17.676071166992188
-27.899322509765625,24.89037322998047,17.727066040039062
-27.763404846191406,24.94023895263672,17.68408203125
-27.80365753173828,24.861427307128906,17.567581176757812
-27.885780334472656,24.88233184814453,17.600997924804688
-27.99951171875,24.859092712402344,17.51556396484375
-27.95409393310547,25.015167236328125,17.496902465820312
-27.829505920410156,25.049179077148438,17.689804077148438
-27.772933959960938,24.93780517578125,17.720809936523438
-27.8006591796875,25.043731689453125,17.738784790039062
-27.89453887939453,25.130035400390625,17.868133544921875
-27.849884033203125,25.177085876464844,17.802520751953125
-27.890350341796875,25.19213104248047,17.80609130859375
-27.903274536132812,25.213973999023438,17.829620361328125
-27.814353942871094,25.176856994628906,17.88360595703125
-27.757171630859375,25.032997131347656,17.907562255859375
-27.76482391357422,25.15325927734375,17.841232299804688
-27.796478271484375,25.163528442382812,17.862533569335938
-27.890869140625,25.114273071289062,17.876876831054688
-27.759857177734375,25.20037078857422,17.815093994140625
-27.762107849121094,25.16241455078125,17.797271728515625
-27.751983642578125,25.165817260742188,17.717544555664062
-27.79668426513672,25.169357299804688,17.718597412109375
-27.8321533203125,25.113021850585938,17.577133178710938
-27.86920166015625,25.17603302001953,17.530044555664062
-27.8896484375,25.145423889160156,17.600341796875
-27.988052368164062,25.103286743164062,17.643783569335938
-28.063262939453125,25.14936065673828,17.7149658203125
-27.98047637939453,25.20074462890625,17.88018798828125
-27.787277221679688,25.260459899902344,17.991744995117188
-27.820404052734375,25.230819702148438,17.8133544921875
-27.858535766601562,25.312782287597656,17.687179565429688
-27.79236602783203,25.24970245361328,17.584365844726562
-27.892120361328125,25.238510131835938,17.612503051757812
-27.850509643554688,25.161895751953125,17.828125
-27.9093017578125,25.12158966064453,17.965362548828125
-27.879776000976562,25.181121826171875,17.877227783203125
-27.8900146484375,25.201461791992188,17.703628540039062
-27.850784301757812,25.24883270263672,17.627212524414062
-28.036087036132812,25.280181884765625,17.601272583007812
-27.903045654296875,25.31501007080078,17.586196899414062
-28.049392700195312,25.195510864257812,17.55560302734375
-27.91168975830078,25.169601440429688,17.696792602539062
-27.86479949951172,25.136627197265625,17.713470458984375
-27.84686279296875,25.15631103515625,17.927230834960938
-27.889259338378906,25.2052001953125,17.977691650390625
-27.850196838378906,25.205169677734375,18.016448974609375
-27.85236358642578,25.18488311767578,18.042312622070312
-27.82842254638672,25.1668701171875,17.92254638671875
-27.879623413085938,25.199874877929688,17.717620849609375
-27.78192901611328,25.106399536132812,17.671600341796875
-27.864456176757812,25.082008361816406,17.64984130859375
-27.865219116210938,25.080917358398438,17.560470581054688
-27.746139526367188,25.031211853027344,17.565277099609375
-27.824493408203125,25.03417205810547,17.521835327148438
-27.884368896484375,25.064651489257812,17.639297485351562
-27.789291381835938,25.086524963378906,17.730117797851562
-27.755950927734375,25.00957489013672,17.743072509765625
-27.879104614257812,25.07867431640625,17.708023071289062
-27.93170928955078,25.134689331054688,17.657989501953125
-27.938514709472656,25.148178100585938,17.674087524414062
-28.011932373046875,25.12358856201172,17.679779052734375
-28.0794677734375,25.196014404296875,17.561630249023438
-28.146385192871094,25.197189331054688,17.56146240234375
-28.233474731445312,25.119430541992188,17.532974243164062
-28.456008911132812,25.204360961914062,17.350967407226562
-28.650726318359375,25.253387451171875,17.376754760742188
-28.953201293945312,25.24445343017578,17.359710693359375
-29.1683349609375,25.31317901611328,17.485809326171875
-29.3353271484375,25.30304718017578,17.548309326171875
-29.30718231201172,25.254112243652344,17.539657592773438
-29.343887329101562,25.224647521972656,17.684097290039062
-29.284584045410156,25.21160125732422,17.53466796875
-29.13544464111328,25.373397827148438,17.489425659179688
-29.059463500976562,25.381317138671875,17.637832641601562
-29.302146911621094,25.303916931152344,17.52276611328125
-29.42767333984375,25.17901611328125,17.585205078125
-29.572998046875,25.10797119140625,17.81475830078125
-29.569114685058594,25.1414794921875,17.99261474609375
-29.580612182617188,25.092796325683594,17.861358642578125
-29.6715087890625,25.23485565185547,17.697525024414062
-29.8299560546875,25.223587036132812,17.704299926757812
-29.87110137939453,25.474365234375,17.708084106445312
-30.05731964111328,25.469253540039062,17.749847412109375
-30.244766235351562,25.479965209960938,17.885589599609375
-30.404945373535156,25.541282653808594,17.907318115234375
-30.360153198242188,25.67839813232422,17.836273193359375
-30.51409912109375,25.7879638671875,17.719772338867188
-30.7364501953125,25.767379760742188,17.856689453125
-30.917221069335938,25.767593383789062,17.96923828125
-31.11859130859375,25.752166748046875,17.983062744140625
-31.252059936523438,25.757400512695312,17.774398803710938
-31.085556030273438,25.747421264648438,17.659347534179688
-30.96361541748047,25.781768798828125,17.7625732421875
-31.003082275390625,25.749244689941406,17.774505615234375
-31.00397491455078,25.73644256591797,17.898605346679688
-30.985557556152344,25.65911102294922,17.949172973632812
-31.015548706054688,25.737281799316406,17.823699951171875
-30.995323181152344,25.65057373046875,17.819305419921875
-30.971519470214844,25.710845947265625,17.766159057617188
-30.99919891357422,25.821487426757812,17.943984985351562
-31.03173065185547,25.83905792236328,17.953384399414062
-31.048995971679688,25.91265106201172,18.085250854492188
-30.90575408935547,25.96062469482422,18.080001831054688
-30.615493774414062,25.892662048339844,18.074661254882812
-30.23741912841797,25.957626342773438,18.094757080078125
-29.763702392578125,25.918258666992188,18.162734985351562
-28.932960510253906,25.815750122070312,18.172805786132812
-28.225936889648438,25.713111877441406,18.134475708007812
-27.602569580078125,25.468040466308594,18.044586181640625
-27.172882080078125,25.08441162109375,17.762069702148438
-26.962509155273438,24.50318145751953,17.498077392578125
-26.797264099121094,23.86004638671875,17.175048828125
-26.321693420410156,23.226409912109375,16.624954223632812
-26.11248016357422,22.66004180908203,16.034408569335938
-25.59393310546875,22.035079956054688,15.515533447265625
-25.10870361328125,21.301620483398438,15.104019165039062
-24.745147705078125,20.43006134033203,14.379791259765625
-24.467552185058594,19.65874481201172,13.715316772460938
-24.266212463378906,19.099037170410156,13.0477294921875
-24.489013671875,18.366554260253906,12.137191772460938
-24.79369354248047,17.305519104003906,11.301010131835938
-25.151329040527344,16.521324157714844,10.38055419921875
-25.621925354003906,15.599349975585938,9.335662841796875
-26.067245483398438,14.66326904296875,8.056640625
-26.517440795898438,13.589126586914062,6.70037841796875
-27.11455535888672,12.658218383789062,5.4275665283203125
-27.761672973632812,11.807945251464844,4.0053863525390625
-28.219955444335938,10.972915649414062,2.73223876953125
-28.618682861328125,10.23944091796875,1.571136474609375
-28.871780395507812,9.53692626953125,0.2746429443359375
-29.03546905517578,8.836181640625,-0.9821624755859375
-29.211715698242188,8.2926025390625,-2.2441253662109375
-29.272499084472656,7.600959777832031,-3.60406494140625
-29.403846740722656,7.059745788574219,-5.003021240234375
-29.604354858398438,6.6729888916015625,-6.3670196533203125
-29.68738555908203,6.211273193359375,-7.8338623046875
-30.093978881835938,5.9362640380859375,-9.14471435546875
-30.511817932128906,5.561187744140625,-10.399795532226562
-30.828628540039062,5.405158996582031,-11.544204711914062
-31.121627807617188,5.303924560546875,-12.638153076171875
-31.40045166015625,5.246940612792969,-13.595413208007812
-31.667831420898438,5.092948913574219,-14.643768310546875
-31.846145629882812,5.021598815917969,-15.647048950195312
-32.458030700683594,5.45379638671875,-16.541213989257812
-34.10380554199219,7.3614044189453125,-16.973800659179688
-36.548744201660156,9.992401123046875,-16.801101684570312
-39.302276611328125,12.6748046875,-16.422012329101562
-38.55955505371094,12.152023315429688,-15.859024047851562
-34.37188720703125,6.22802734375,-14.633941650390625
-30.115402221679688,-2.6837921142578125,-12.718414306640625
-21.217384338378906,-17.446571350097656,-11.27227783203125
-11.323593139648438,-32.602882385253906,-9.500411987304688
-8.174308776855469,-37.95367431640625,-6.33233642578125
-9.103317260742188,-37.73136520385742,-3.002593994140625
-9.807640075683594,-38.22706985473633,-0.5185546875
-10.165901184082031,-39.26914596557617,1.2088165283203125
-10.556427001953125,-40.22756576538086,2.6908111572265625
-11.168838500976562,-40.612648010253906,3.94476318359375
-12.023178100585938,-40.89625549316406,4.9902191162109375
-12.528961181640625,-40.98744201660156,6.1382904052734375
-13.13824462890625,-40.936851501464844,6.75439453125
-13.527839660644531,-40.856258392333984,7.52618408203125
-13.938911437988281,-40.85493469238281,7.9561614990234375
-14.28131103515625,-40.74327087402344,8.130661010742188
-14.577789306640625,-40.669124603271484,8.592758178710938
-14.700164794921875,-40.645477294921875,8.86474609375
-14.791839599609375,-40.616859436035156,8.816879272460938
-14.626960754394531,-40.71449279785156,8.8807373046875
-14.390052795410156,-40.72995376586914,8.94354248046875
-14.248321533203125,-40.82023239135742,8.847137451171875
-14.22796630859375,-40.85560989379883,8.776626586914062
-13.936859130859375,-40.968265533447266,8.748687744140625
-13.836212158203125,-40.97153091430664,8.756378173828125
-13.614212036132812,-41.108463287353516,8.638916015625
-13.577873229980469,-40.9908447265625,8.760711669921875
-13.549484252929688,-41.125511169433594,8.771926879882812
-13.351043701171875,-41.09325408935547,8.76849365234375
-13.126701354980469,-41.22031784057617,8.670166015625
-12.667686462402344,-41.359405517578125,8.481094360351562
-12.281394958496094,-41.49459457397461,8.405975341796875
-11.852241516113281,-41.59760665893555,8.341598510742188
-11.634231567382812,-41.61735153198242,8.4796142578125
-11.375228881835938,-41.58587646484375,8.481460571289062
-10.938133239746094,-41.501773834228516,8.674911499023438
-10.796005249023438,-41.46157455444336,9.18536376953125
-10.386360168457031,-41.46222686767578,9.864059448242188
-10.166755676269531,-41.52544021606445,10.602432250976562
-10.079971313476562,-41.30909729003906,11.507003784179688
-10.0789794921875,-41.13854217529297,12.5377197265625
-10.074882507324219,-40.83586502075195,13.532684326171875
-10.100845336914062,-40.718238830566406,14.330215454101562
-10.168121337890625,-40.46057891845703,15.250778198242188
-10.166496276855469,-40.14865493774414,16.026336669921875
-10.235816955566406,-39.83516311645508,16.807708740234375
-10.192672729492188,-39.52812194824219,17.365646362304688
-10.1654052734375,-39.263328552246094,17.937728881835938
-10.114418029785156,-38.95805358886719,18.56549072265625
-10.040359497070312,-38.43242263793945,19.345611572265625
-9.931465148925781,-37.89822006225586,20.338668823242188
-10.194145202636719,-37.36758041381836,21.282623291015625
-10.40264892578125,-36.86643600463867,22.206130981445312
-10.375961303710938,-36.36487579345703,23.134780883789062
-10.244377136230469,-35.86650466918945,24.25482177734375
-10.087715148925781,-35.08307647705078,25.287338256835938
-9.957908630371094,-34.50637435913086,26.143966674804688
-9.706756591796875,-33.902870178222656,26.88458251953125
-9.473068237304688,-33.62753677368164,27.488677978515625
-9.315559387207031,-33.21920394897461,27.88079833984375
-9.047172546386719,-32.93003845214844,28.255294799804688
-8.871559143066406,-32.64925003051758,28.798004150390625
-8.628173828125,-32.32747268676758,29.31158447265625
-8.51959228515625,-31.902721405029297,29.753082275390625
-8.409675598144531,-31.546878814697266,30.268524169921875
-7.9766082763671875,-31.067886352539062,30.68096923828125
-7.6331787109375,-30.83300018310547,31.159942626953125
-7.35296630859375,-30.551464080810547,31.791580200195312
-6.866355895996094,-30.258487701416016,32.217193603515625
-6.497673034667969,-29.972545623779297,32.648895263671875
-5.987342834472656,-29.659080505371094,33.24061584472656
-5.6078948974609375,-29.40493392944336,33.641021728515625
-5.34820556640625,-29.19461441040039,33.942779541015625
-4.919708251953125,-28.779361724853516,34.15995788574219
-4.839042663574219,-28.41424560546875,34.404815673828125
-4.642463684082031,-28.036632537841797,34.67204284667969
-4.5297088623046875,-27.574237823486328,35.02302551269531
-4.389556884765625,-27.219863891601562,35.2567138671875
-4.1618194580078125,-26.83395767211914,35.710418701171875
-4.006858825683594,-26.381973266601562,36.033721923828125
-3.8054428100585938,-26.13957977294922,36.345184326171875
-3.7067337036132812,-25.787307739257812,36.64527893066406
-3.4287338256835938,-25.448318481445312,36.69834899902344
-3.3651657104492188,-25.216590881347656,36.930206298828125
-3.1312942504882812,-24.93146514892578,37.29182434082031
-2.8689651489257812,-24.592269897460938,37.49491882324219
-2.7727432250976562,-24.30181121826172,37.48974609375
-2.5433502197265625,-24.11261749267578,37.640838623046875
-2.5760955810546875,-24.03497314453125,37.92767333984375
-2.4249114990234375,-23.830459594726562,38.028350830078125
-2.1801605224609375,-23.525650024414062,38.2164306640625
-2.0493621826171875,-23.51445770263672,38.29890441894531
-1.98248291015625,-23.42957305908203,38.40411376953125
-2.0353622436523438,-23.285537719726562,38.540252685546875
-2.024932861328125,-23.246192932128906,38.69972229003906
-2.0567626953125,-23.051589965820312,38.78814697265625
-2.0571746826171875,-22.83770751953125,38.723968505859375
-1.9817428588867188,-22.79364776611328,38.88252258300781
-1.8649215698242188,-22.805335998535156,38.917205810546875
-1.8544235229492188,-22.65576171875,39.0567626953125
-1.9135208129882812,-22.461868286132812,39.17091369628906
-2.050872802734375,-22.18321990966797,39.34977722167969
-2.3414993286132812,-21.815818786621094,39.61051940917969
-2.6642227172851562,-21.51232147216797,39.688507080078125
-2.892578125,-21.21514129638672,39.824066162109375
-3.1211700439453125,-20.946327209472656,39.9632568359375
-3.4881439208984375,-20.69530487060547,40.1064453125
-3.6435317993164062,-20.512344360351562,40.32061767578125
-3.8274307250976562,-20.26673126220703,40.45304870605469
-4.014762878417969,-19.97492218017578,40.49298095703125
-4.066131591796875,-19.56378936767578,40.57725524902344
-4.047607421875,-19.16413116455078,40.747894287109375
-4.158721923828125,-18.777420043945312,40.89982604980469
-4.461585998535156,-18.514488220214844,40.88706970214844
-4.619895935058594,-18.24737548828125,40.9552001953125
-4.656684875488281,-18.101104736328125,40.9197998046875
-4.707710266113281,-18.233779907226562,40.82893371582031
-4.486572265625,-18.55809783935547,40.8377685546875
-4.420249938964844,-19.062889099121094,40.824127197265625
-4.206367492675781,-19.46143341064453,40.70304870605469
-3.8716049194335938,-19.807960510253906,40.48167419433594
-3.786956787109375,-20.228179931640625,40.205108642578125
-3.63629150390625,-20.785110473632812,39.912811279296875
-3.4743423461914062,-21.31561279296875,39.60826110839844
-3.3881149291992188,-22.042930603027344,39.28947448730469
-3.2750625610351562,-22.534278869628906,38.97955322265625
-3.21942138671875,-22.864654541015625,38.75129699707031
-3.3338546752929688,-23.06279754638672,38.60166931152344
-3.670257568359375,-23.297317504882812,38.598358154296875
-3.8263092041015625,-23.325462341308594,38.63960266113281
-3.9404067993164062,-23.435081481933594,38.47686767578125
-4.044914245605469,-23.363998413085938,38.51470947265625
-4.096946716308594,-23.207183837890625,38.573150634765625
-4.0484771728515625,-23.15185546875,38.46673583984375
-4.197990417480469,-23.136077880859375,38.45726013183594
-4.448051452636719,-23.182029724121094,38.396942138671875
-4.467521667480469,-23.185928344726562,38.39173889160156
-4.603813171386719,-23.245697021484375,38.384307861328125
-4.588996887207031,-23.148963928222656,38.37089538574219
-4.594146728515625,-23.087379455566406,38.55694580078125
-4.6366424560546875,-23.042282104492188,38.56187438964844
-4.621086120605469,-23.11187744140625,38.66905212402344
-4.546272277832031,-23.13323211669922,38.57865905761719
-4.510536193847656,-23.091415405273438,38.610992431640625
-4.459541320800781,-23.13189697265625,38.58357238769531
-4.3981475830078125,-23.214614868164062,38.55870056152344
-4.2826995849609375,-23.10394287109375,38.5606689453125
-4.112434387207031,-23.024208068847656,38.56584167480469
-4.197837829589844,-23.05876922607422,38.561798095703125
-4.057182312011719,-23.076461791992188,38.462310791015625
-4.072547912597656,-23.084861755371094,38.438323974609375
-4.043968200683594,-23.040313720703125,38.47398376464844
-4.052490234375,-23.003677368164062,38.26483154296875
-3.9073410034179688,-23.07514190673828,38.26164245605469
-3.7644805908203125,-23.037437438964844,38.413299560546875
-3.689178466796875,-23.20220184326172,38.51469421386719
-3.6779708862304688,-23.165740966796875,38.63232421875
-3.5963058471679688,-23.14398193359375,38.68135070800781
-3.6143569946289062,-23.15967559814453,38.702178955078125
-3.5721817016601562,-23.183822631835938,38.67845153808594
-3.5498275756835938,-23.33770751953125,38.6878662109375
-3.5798873901367188,-23.283065795898438,38.878204345703125
-3.6199111938476562,-23.188156127929688,38.73040771484375
-3.7269287109375,-23.238243103027344,38.71202087402344
-3.7332916259765625,-23.237388610839844,38.50819396972656
-3.8048553466796875,-23.07196044921875,38.42640686035156
-3.961273193359375,-23.078536987304688,38.54988098144531
-3.9906082153320312,-23.06420135498047,38.73234558105469
-3.9885711669921875,-23.093955993652344,38.782806396484375
-4.084686279296875,-23.110687255859375,38.6341552734375
-4.123565673828125,-23.17700958251953,38.579742431640625
-4.2026519775390625,-23.240638732910156,38.58979797363281
-4.2021636962890625,-23.181259155273438,38.44146728515625
-4.126853942871094,-23.14525604248047,38.57136535644531
-3.9820785522460938,-23.16729736328125,38.49726867675781
-3.9622573852539062,-23.158851623535156,38.41407775878906
-4.1193695068359375,-23.134727478027344,38.347808837890625
-4.148948669433594,-23.211196899414062,38.274932861328125
-4.2792510986328125,-23.244430541992188,38.371978759765625
-4.2557525634765625,-23.20349884033203,38.248077392578125
-4.170806884765625,-23.156112670898438,38.26417541503906
-4.334739685058594,-23.149429321289062,38.40928649902344
-4.280998229980469,-23.171585083007812,38.40312194824219
-4.189476013183594,-23.22594451904297,38.36759948730469
-4.196098327636719,-23.299354553222656,38.571929931640625
-4.339073181152344,-23.35254669189453,38.53700256347656
-4.434242248535156,-23.281143188476562,38.60386657714844
-4.3414154052734375,-23.357559204101562,38.540740966796875
-4.1929931640625,-23.383018493652344,38.474700927734375
-4.0717926025390625,-23.363754272460938,38.54685974121094
-4.1151275634765625,-23.220115661621094,38.544647216796875
-4.297126770019531,-23.150131225585938,38.70582580566406
-4.339744567871094,-23.065711975097656,38.71525573730469
-4.465446472167969,-23.17943572998047,38.63319396972656
-4.335823059082031,-23.193099975585938,38.60731506347656
-4.230873107910156,-23.233909606933594,38.61958312988281
-4.444984436035156,-23.252334594726562,38.54669189453125
-4.479339599609375,-23.258529663085938,38.56538391113281
-4.463508605957031,-23.137954711914062,38.616912841796875
-4.576416015625,-23.049522399902344,38.737823486328125
-4.479408264160156,-23.099754333496094,38.76161193847656
-4.457344055175781,-23.03600311279297,38.62547302246094
-4.399482727050781,-23.105438232421875,38.58616638183594
-4.3940277099609375,-23.09087371826172,38.55650329589844
-4.345878601074219,-23.00659942626953,38.580169677734375
-4.3275146484375,-22.930267333984375,38.573089599609375
-4.373481750488281,-22.958984375,38.42518615722656
-4.304298400878906,-22.892929077148438,38.52076721191406
-4.389396667480469,-23.009384155273438,38.5380859375
-4.42169189453125,-23.034034729003906,38.66038513183594
-4.506538391113281,-23.081832885742188,38.75187683105469
-4.482269287109375,-23.060592651367188,38.64723205566406
-4.332740783691406,-23.02320098876953,38.640411376953125
-4.362220764160156,-23.193023681640625,38.65602111816406
-4.363365173339844,-23.244529724121094,38.706634521484375
-4.375053405761719,-23.209274291992188,38.911285400390625
-4.276344299316406,-23.072341918945312,39.00144958496094
-4.203956604003906,-23.112701416015625,38.95329284667969
-4.224967956542969,-23.054603576660156,38.87721252441406
-4.224967956542969,-23.054603576660156,38.87721252441406
-4.264671325683594,-23.09093475341797,38.8865966796875
-4.346458435058594,-23.033004760742188,38.88197326660156
-4.407928466796875,-23.044082641601562,38.9132080078125
-4.4063262939453125,-23.080963134765625,38.84568786621094
-4.2755126953125,-23.21728515625,38.99906921386719
-4.275177001953125,-23.229408264160156,39.01683044433594
-4.216041564941406,-23.187843322753906,39.03611755371094
-4.25457763671875,-23.137191772460938,38.92475891113281
-4.3590087890625,-23.03801727294922,39.02534484863281
-4.3394775390625,-23.08704376220703,39.023162841796875
-4.488990783691406,-23.21893310546875,39.03392028808594
-4.479454040527344,-23.167457580566406,39.008270263671875
-4.434814453125,-23.13800811767578,39.00471496582031
-4.2384796142578125,-23.043663024902344,38.91412353515625
-4.224418640136719,-23.103294372558594,38.96943664550781
-4.2452545166015625,-23.054092407226562,38.973785400390625
-4.3074188232421875,-23.176727294921875,38.95794677734375
-4.453834533691406,-23.04804229736328,38.8258056640625
-4.51080322265625,-23.117820739746094,38.72212219238281
-4.6011199951171875,-23.039398193359375,38.7373046875
-4.621742248535156,-23.012176513671875,38.68458557128906
-4.587364196777344,-23.058975219726562,38.63658142089844
-4.654762268066406,-23.1009521484375,38.55436706542969
-4.620445251464844,-23.093482971191406,38.64225769042969
-4.522712707519531,-23.124710083007812,38.81648254394531
-4.544166564941406,-22.958724975585938,38.97608947753906
-4.540374755859375,-23.08380889892578,39.060943603515625
-4.417778015136719,-23.10942840576172,38.9271240234375
-4.4113616943359375,-23.11089324951172,38.8372802734375
-4.211936950683594,-23.14690399169922,38.72454833984375
-4.259971618652344,-23.304603576660156,38.69230651855469
-4.4210662841796875,-23.18700408935547,38.57826232910156
-4.4732666015625,-23.16771697998047,38.544952392578125
-4.442573547363281,-23.15453338623047,38.668731689453125
-4.510467529296875,-23.200241088867188,38.66224670410156
-4.52301025390625,-23.228790283203125,38.758331298828125
-4.414909362792969,-23.220687866210938,38.66017150878906
-4.3108673095703125,-23.16504669189453,38.76268005371094
-4.319740295410156,-23.22467803955078,38.76654052734375
-4.334678649902344,-23.27593994140625,38.79640197753906
-4.4611358642578125,-23.40776824951172,38.77494812011719
-4.5678863525390625,-23.506256103515625,38.765411376953125
-4.579994201660156,-23.48047637939453,38.66899108886719
-4.5650634765625,-23.3284912109375,38.751129150390625
-4.5290069580078125,-23.384231567382812,38.895843505859375
-4.5800628662109375,-23.410423278808594,38.941070556640625
-4.570915222167969,-23.439109802246094,38.97967529296875
-4.269706726074219,-23.49469757080078,39.013671875
-4.34503173828125,-23.33087158203125,39.069610595703125
-4.318138122558594,-23.201095581054688,38.799774169921875
-4.2902679443359375,-23.145545959472656,38.65177917480469
-4.3811187744140625,-23.104591369628906,38.69633483886719
-4.3959503173828125,-23.2266845703125,38.880523681640625
-4.355186462402344,-23.3487548828125,38.92500305175781
-4.346885681152344,-23.29864501953125,38.8212890625
-4.2243804931640625,-23.202117919921875,38.721435546875
-4.2552642822265625,-23.330474853515625,38.77711486816406
-4.2511138916015625,-23.287033081054688,38.848419189453125
-4.2363433837890625,-23.21710205078125,38.72637939453125
-4.0735931396484375,-23.06598663330078,38.773101806640625
-4.116096496582031,-23.140335083007812,38.739501953125
-4.169929504394531,-23.2139892578125,38.71241760253906
-4.231086730957031,-23.110336303710938,38.62031555175781
-4.325584411621094,-23.087310791015625,38.61347961425781
-4.344635009765625,-23.03272247314453,38.60954284667969
-4.369697570800781,-23.107215881347656,38.5946044921875
-4.403434753417969,-23.11907958984375,38.569091796875
-4.4913330078125,-23.158897399902344,38.6142578125
-4.55670166015625,-23.237350463867188,38.48762512207031
-4.661155700683594,-23.259483337402344,38.30854797363281
-4.648216247558594,-23.205657958984375,38.13134765625
-4.476493835449219,-23.17156982421875,38.22039794921875
-4.451072692871094,-23.219375610351562,38.509490966796875
-4.456413269042969,-23.19354248046875,38.58610534667969
-4.4955596923828125,-23.297401428222656,38.59596252441406
-4.602088928222656,-23.243934631347656,38.506134033203125
-4.5096893310546875,-23.194747924804688,38.46534729003906
-4.4755859375,-23.12543487548828,38.39009094238281
-4.423667907714844,-23.170944213867188,38.39393615722656
-4.255226135253906,-23.32868194580078,38.41462707519531
-4.2035675048828125,-23.3193359375,38.340484619140625
-4.176933288574219,-23.1861572265625,38.3187255859375
-4.1389312744140625,-23.20958709716797,38.37199401855469
-4.218170166015625,-23.19995880126953,38.42620849609375
-4.196220397949219,-23.229965209960938,38.56640625
-4.2168121337890625,-23.22496795654297,38.58967590332031
-4.23284912109375,-23.137222290039062,38.639404296875
-4.216072082519531,-23.171173095703125,38.58424377441406
-4.281440734863281,-23.224205017089844,38.69636535644531
-4.246330261230469,-23.18304443359375,38.72334289550781
-4.191276550292969,-23.21856689453125,38.81361389160156
-4.2527618408203125,-23.21460723876953,38.704986572265625
-4.321678161621094,-23.124420166015625,38.86415100097656
-4.449760437011719,-23.181015014648438,38.79469299316406
-4.522979736328125,-23.116722106933594,38.70262145996094
-4.484306335449219,-23.086524963378906,38.709014892578125
-4.2317352294921875,-23.139022827148438,38.6641845703125
-4.288627624511719,-23.181488037109375,38.71180725097656
-4.234825134277344,-23.145751953125,38.73490905761719
-4.2831573486328125,-23.11663055419922,38.7244873046875
-4.307098388671875,-23.17797088623047,38.77720642089844
-4.2895965576171875,-23.2197265625,38.62434387207031
-4.2401580810546875,-23.128692626953125,38.56941223144531
-4.336021423339844,-23.139297485351562,38.534942626953125
-4.271064758300781,-23.108932495117188,38.60108947753906
-4.248725891113281,-23.03801727294922,38.705413818359375
-4.173980712890625,-23.122482299804688,38.763275146484375
-4.193115234375,-23.19146728515625,38.70257568359375
-4.339630126953125,-23.14789581298828,38.67247009277344
-4.49127197265625,-23.229507446289062,38.87738037109375
-4.4212799072265625,-23.158241271972656,38.81779479980469
-4.497200012207031,-23.10193634033203,38.77738952636719
-4.4946746826171875,-23.121421813964844,38.69084167480469
-4.50653076171875,-23.05706024169922,38.95094299316406
-4.50860595703125,-23.12023162841797,39.03193664550781
-4.4819488525390625,-23.099937438964844,38.96922302246094
-4.439079284667969,-23.121177673339844,38.82586669921875
-4.232719421386719,-23.127029418945312,38.765869140625
-4.264862060546875,-23.039207458496094,38.827484130859375
-4.405952453613281,-23.10045623779297,38.9075927734375
-4.379173278808594,-23.041343688964844,38.79461669921875
-4.436065673828125,-23.04187774658203,38.76618957519531
-4.333152770996094,-23.043701171875,38.72206115722656
-4.49603271484375,-23.08887481689453,38.81700134277344
-4.5049591064453125,-23.03893280029297,38.87553405761719
-4.385658264160156,-23.012115478515625,38.87260437011719
-4.2144775390625,-23.05908966064453,38.96952819824219
-4.225654602050781,-23.01806640625,39.04203796386719
-4.077857971191406,-23.00487518310547,39.07154846191406
-4.1404571533203125,-23.180702209472656,38.899810791015625
-4.173469543457031,-23.239013671875,38.79338073730469
-4.38629150390625,-23.150672912597656,38.765716552734375
-4.385185241699219,-23.122032165527344,38.80427551269531
-4.385627746582031,-23.09870147705078,38.812347412109375
-4.312553405761719,-23.22821807861328,39.01713562011719
-4.240699768066406,-23.168182373046875,39.0616455078125
-4.274688720703125,-23.226905822753906,39.004425048828125
-4.273429870605469,-23.170806884765625,38.91841125488281
-4.188041687011719,-23.144493103027344,38.81343078613281
-4.2265167236328125,-23.235031127929688,38.626007080078125
-4.1665191650390625,-23.161453247070312,38.54364013671875
-4.299064636230469,-23.173194885253906,38.715087890625
-4.482490539550781,-23.151351928710938,38.67585754394531
-4.3684539794921875,-23.114791870117188,38.67756652832031
-4.4451141357421875,-23.132156372070312,38.70893859863281
-4.261016845703125,-23.106277465820312,38.6771240234375
-4.357261657714844,-23.188232421875,38.72259521484375
-4.373924255371094,-23.239410400390625,38.71052551269531
-4.310638427734375,-23.20166778564453,38.7496337890625
-4.376068115234375,-23.19805145263672,38.746185302734375
-4.24908447265625,-23.054405212402344,38.77874755859375
-4.1798553466796875,-23.197052001953125,38.682220458984375
-4.132347106933594,-23.277915954589844,38.516326904296875
-4.157035827636719,-23.353736877441406,38.577789306640625
-4.258888244628906,-23.35601806640625,38.6903076171875
-4.403495788574219,-23.346519470214844,38.98945617675781
-4.507171630859375,-23.253326416015625,38.9315185546875
-4.442527770996094,-23.21045684814453,38.7681884765625
-4.48126220703125,-23.19049072265625,38.78382873535156
-4.529045104980469,-23.164886474609375,38.72044372558594
-4.4427032470703125,-23.149497985839844,38.74330139160156
-4.4527435302734375,-23.147621154785156,38.75306701660156
-4.478919982910156,-23.170982360839844,38.57818603515625
-4.4926910400390625,-23.159400939941406,38.43315124511719
-4.473808288574219,-23.225311279296875,38.484405517578125
-4.467079162597656,-23.239486694335938,38.647918701171875
-4.377052307128906,-23.06914520263672,38.67378234863281
-4.1981353759765625,-23.023460388183594,38.5965576171875
-4.202613830566406,-22.939125061035156,38.61268615722656
-4.235954284667969,-23.07172393798828,38.62385559082031
-4.16754150390625,-23.091766357421875,38.67112731933594
-4.201530456542969,-23.024375915527344,38.7774658203125
-4.197242736816406,-23.083297729492188,38.935089111328125
-4.195777893066406,-23.11676025390625,39.038360595703125
-4.238136291503906,-23.076309204101562,39.04766845703125
-4.2361297607421875,-23.038253784179688,38.963958740234375
-4.234565734863281,-22.938079833984375,38.90095520019531
-4.121612548828125,-22.966552734375,38.78448486328125
-4.1987152099609375,-23.047630310058594,38.61332702636719
-4.126792907714844,-23.096580505371094,38.57991027832031
-4.136871337890625,-23.064247131347656,38.683319091796875
-4.115020751953125,-23.02405548095703,38.62315368652344
-4.106361389160156,-23.082664489746094,38.67042541503906
-4.054832458496094,-23.033203125,38.67338562011719
-4.1048736572265625,-23.041854858398438,38.97514343261719
-4.1146240234375,-23.089759826660156,38.965667724609375
-4.049217224121094,-23.028846740722656,38.77012634277344
-4.06011962890625,-23.00617218017578,38.781005859375
-4.1892852783203125,-23.135330200195312,38.82554626464844
-4.249412536621094,-23.147560119628906,38.91259765625
-4.181190490722656,-23.204330444335938,38.80012512207031
-4.238395690917969,-23.153053283691406,38.7713623046875
-4.245445251464844,-23.049354553222656,38.61900329589844
-4.259979248046875,-23.078903198242188,38.58998107910156
-4.21014404296875,-22.938003540039062,38.644500732421875
-4.3504180908203125,-22.93732452392578,38.738037109375
-4.2421875,-23.023406982421875,38.485626220703125
-4.160621643066406,-23.146011352539062,38.39173889160156
-4.262290954589844,-23.140037536621094,38.50474548339844
-4.292869567871094,-23.200904846191406,38.60322570800781
-4.469367980957031,-23.268814086914062,38.60371398925781
-4.3360595703125,-23.3995361328125,38.43095397949219
-4.292884826660156,-23.341766357421875,38.28204345703125
-4.117790222167969,-23.195053100585938,38.37330627441406
-4.1110687255859375,-23.207130432128906,38.49464416503906
-4.102752685546875,-23.19696044921875,38.59358215332031
-4.175941467285156,-23.215728759765625,38.45622253417969
-4.285011291503906,-23.220809936523438,38.37776184082031
-4.196693420410156,-23.171768188476562,38.4569091796875
-4.169342041015625,-23.168495178222656,38.51982116699219
-4.1432647705078125,-23.174148559570312,38.63938903808594
-4.339378356933594,-23.217308044433594,38.54827880859375
-4.393898010253906,-23.25133514404297,38.530792236328125
-4.4361572265625,-23.210464477539062,38.58489990234375
-4.3961944580078125,-23.10759735107422,38.73301696777344
-4.4637298583984375,-23.195297241210938,38.8282470703125
-4.4180755615234375,-23.161582946777344,38.726165771484375
-4.360496520996094,-23.209861755371094,38.73199462890625
-4.33575439453125,-23.16473388671875,38.7757568359375
-4.3327178955078125,-23.09204864501953,38.65757751464844
-4.411369323730469,-23.085899353027344,38.74351501464844
-4.492012023925781,-23.0283203125,38.57945251464844
-4.588569641113281,-23.022911071777344,38.64195251464844
-4.4835662841796875,-23.10211944580078,38.5770263671875
-4.407318115234375,-23.031654357910156,38.66998291015625
-4.31036376953125,-23.034332275390625,38.647918701171875
-4.359649658203125,-23.05359649658203,38.612701416015625
-4.327850341796875,-23.055343627929688,38.444244384765625
-4.2413177490234375,-23.055862426757812,38.48675537109375
-4.27001953125,-23.09124755859375,38.55059814453125
-4.3236846923828125,-23.076866149902344,38.58125305175781
-4.371376037597656,-23.0184326171875,38.556854248046875
-4.481292724609375,-23.082908630371094,38.719268798828125
-4.397880554199219,-22.936195373535156,38.7537841796875
-4.21783447265625,-22.980751037597656,38.839691162109375
-4.162467956542969,-23.044708251953125,38.738494873046875
-4.2251129150390625,-23.070541381835938,38.65345764160156
-4.24224853515625,-23.068809509277344,38.62693786621094
-4.20745849609375,-23.07678985595703,38.602294921875
-4.1866455078125,-23.02582550048828,38.531829833984375
-4.306915283203125,-23.052406311035156,38.58106994628906
-4.289588928222656,-23.062057495117188,38.524169921875
-4.2522735595703125,-23.112716674804688,38.55006408691406
-4.332450866699219,-23.043067932128906,38.41032409667969
-4.252105712890625,-23.064002990722656,38.280364990234375
-4.2101898193359375,-23.018569946289062,38.22554016113281
-4.157752990722656,-23.020233154296875,38.27589416503906
-4.1522674560546875,-23.004844665527344,38.28047180175781
-4.14849853515625,-23.036651611328125,38.39518737792969
-4.193824768066406,-23.10834503173828,38.32421875
-4.2208709716796875,-23.03630828857422,38.28450012207031
-4.242103576660156,-23.0523681640625,38.391082763671875
-4.2298583984375,-23.148284912109375,38.572601318359375
-4.2404022216796875,-23.219451904296875,38.65190124511719
-4.2652435302734375,-23.244773864746094,38.661529541015625
-4.2586517333984375,-23.192527770996094,38.775482177734375
-4.266609191894531,-23.34539794921875,38.958984375
-4.239402770996094,-23.315353393554688,39.00701904296875
-4.225128173828125,-23.280807495117188,39.02685546875
-4.233116149902344,-23.201377868652344,39.07440185546875
-4.318504333496094,-23.168411254882812,38.91056823730469
-4.337272644042969,-23.097320556640625,38.891021728515625
-4.288627624511719,-23.208351135253906,38.79777526855469
-4.340461730957031,-23.21453094482422,38.67730712890625
-4.276947021484375,-23.1768798828125,38.586761474609375
-4.32489013671875,-23.229576110839844,38.62147521972656
-4.357574462890625,-23.340484619140625,38.59349060058594
-4.215484619140625,-23.277420043945312,38.67881774902344
-4.185966491699219,-23.177284240722656,38.741241455078125
-4.1629638671875,-23.15135955810547,38.73719787597656
-4.244049072265625,-23.126190185546875,38.80389404296875
-4.166435241699219,-23.208656311035156,38.98219299316406
-4.245323181152344,-23.21086883544922,39.017913818359375
-4.44622802734375,-23.272262573242188,39.013519287109375
-4.526130676269531,-23.45587158203125,38.88545227050781
-4.2576904296875,-23.337242126464844,38.7066650390625
-4.1752166748046875,-23.295761108398438,38.524169921875
-4.324249267578125,-23.36353302001953,38.58160400390625
-4.4811859130859375,-23.267982482910156,38.674957275390625
-4.446044921875,-23.090171813964844,38.75685119628906
-4.47216796875,-23.190086364746094,38.79815673828125
-4.611335754394531,-23.223228454589844,38.78993225097656
-4.660858154296875,-23.09095001220703,38.77769470214844
-4.671905517578125,-23.040550231933594,38.82597351074219
-4.707237243652344,-23.080055236816406,38.968170166015625
-4.651519775390625,-23.08648681640625,38.99848937988281
-4.641838073730469,-23.2115478515625,38.932647705078125
-4.5651397705078125,-23.166786193847656,38.87602233886719
-4.4635009765625,-23.078857421875,38.92628479003906
-4.459983825683594,-23.099021911621094,38.909881591796875
-4.577934265136719,-23.041168212890625,38.86610412597656
-4.636177062988281,-23.0595703125,38.92118835449219
-4.679924011230469,-23.117515563964844,38.96516418457031
-4.6470947265625,-23.059669494628906,39.03440856933594
-4.514862060546875,-23.188217163085938,39.03973388671875
-4.452369689941406,-23.342605590820312,39.15118408203125
-4.3807220458984375,-23.23857879638672,39.03379821777344
-4.377571105957031,-23.187240600585938,38.90678405761719
-4.244499206542969,-23.158218383789062,38.76898193359375
-4.199333190917969,-23.289573669433594,38.90020751953125
-4.234893798828125,-23.24555206298828,38.79498291015625
-4.3229827880859375,-23.202171325683594,38.729583740234375
-4.30810546875,-23.10980987548828,38.753692626953125
-4.471824645996094,-23.044273376464844,38.71470642089844
-4.5293121337890625,-23.025238037109375,38.87730407714844
-4.489173889160156,-23.032974243164062,38.91851806640625
-4.6167755126953125,-23.068572998046875,38.82330322265625
-4.635223388671875,-23.04046630859375,38.74781799316406
-4.683082580566406,-23.082115173339844,38.60040283203125
-4.789955139160156,-23.119850158691406,38.54228210449219
-4.990196228027344,-23.144760131835938,38.68238830566406
-5.060333251953125,-23.10980224609375,38.73545837402344
-5.2121429443359375,-22.992942810058594,38.72511291503906
-5.397270202636719,-22.884658813476562,38.683258056640625
-5.630889892578125,-22.869064331054688,38.79780578613281
-5.826164245605469,-22.77044677734375,38.7412109375
-6.145263671875,-22.571823120117188,38.68641662597656
-6.330024719238281,-22.439788818359375,38.69248962402344
-6.389404296875,-22.30866241455078,38.63836669921875
-6.591133117675781,-22.156036376953125,38.660858154296875
-6.756927490234375,-22.079818725585938,38.64109802246094
-6.965858459472656,-22.274337768554688,38.519683837890625
-7.056083679199219,-22.22789764404297,38.5240478515625
-7.250785827636719,-22.07347869873047,38.623291015625
-7.401542663574219,-21.99834442138672,38.679656982421875
-7.5064697265625,-22.039878845214844,38.79838562011719
-7.572509765625,-21.914642333984375,38.74168395996094
-7.7086944580078125,-21.80169677734375,38.55683898925781
-7.836151123046875,-21.64581298828125,38.506439208984375
-7.80145263671875,-21.754432678222656,38.53007507324219
-7.6833953857421875,-21.79450225830078,38.630279541015625
-7.603546142578125,-21.717247009277344,38.65403747558594
-7.4784393310546875,-21.678977966308594,38.7437744140625
-7.308311462402344,-21.679229736328125,38.821685791015625
-7.1638336181640625,-21.718460083007812,39.033966064453125
-6.9322967529296875,-21.877784729003906,38.98248291015625
-6.808616638183594,-21.85308074951172,38.9298095703125
-6.40643310546875,-21.99158477783203,38.740997314453125
-5.970184326171875,-22.154701232910156,38.72528076171875
-5.6974029541015625,-22.39342498779297,38.59385681152344
-5.228363037109375,-22.73729705810547,38.595947265625
-4.7310333251953125,-23.175933837890625,38.45806884765625
-4.153861999511719,-23.71373748779297,38.199310302734375
-3.7016525268554688,-24.12413787841797,38.11671447753906
-3.2659683227539062,-24.582252502441406,37.93620300292969
-2.7155532836914062,-24.97113800048828,37.52644348144531
-2.3395156860351562,-25.3602294921875,37.37152099609375
-2.1407089233398438,-25.83856201171875,37.104278564453125
-1.9075698852539062,-26.264610290527344,36.695587158203125
-1.725067138671875,-26.646408081054688,36.344512939453125
-1.748687744140625,-27.018604278564453,35.98039245605469
-1.6623764038085938,-27.44947052001953,35.715576171875
-1.6516952514648438,-27.864574432373047,35.43571472167969
-1.7418670654296875,-28.214614868164062,35.07752990722656
-1.7390289306640625,-28.72107696533203,34.68699645996094
-1.8231658935546875,-29.185321807861328,34.26519775390625
-1.9266204833984375,-29.879844665527344,33.720489501953125
-2.0508575439453125,-30.454299926757812,32.97772216796875
-2.0037689208984375,-31.246501922607422,32.42103576660156
-2.210601806640625,-31.895923614501953,31.80682373046875
-2.3211135864257812,-32.67332077026367,30.9456787109375
-2.5392608642578125,-33.276676177978516,30.105514526367188
-2.6102066040039062,-33.89850997924805,29.368865966796875
-2.7181854248046875,-34.461421966552734,28.533340454101562
-2.7500839233398438,-35.102298736572266,27.997421264648438
-2.8150253295898438,-35.6833610534668,27.44580078125
-2.765289306640625,-36.14738464355469,26.788787841796875
-2.7808761596679688,-36.55567932128906,26.060836791992188
-2.7237777709960938,-37.04920959472656,25.329437255859375
-2.7945404052734375,-37.53643035888672,24.570297241210938
-2.8116683959960938,-38.04891586303711,23.807632446289062
-2.8431472778320312,-38.321102142333984,23.038909912109375
-3.0048828125,-38.662757873535156,22.491119384765625
-3.2559432983398438,-38.96110153198242,21.899734497070312
-3.5251998901367188,-39.2547492980957,21.129669189453125
-3.4999008178710938,-39.61003494262695,20.602737426757812
-3.7719650268554688,-39.80529022216797,20.133499145507812
-3.8950576782226562,-40.06490707397461,19.627151489257812
-3.964324951171875,-40.27761459350586,19.065475463867188
-4.1545562744140625,-40.57373046875,18.390533447265625
-4.1545562744140625,-40.57373046875,18.390533447265625
-4.227653503417969,-40.77281188964844,18.028839111328125
-4.3216705322265625,-40.957767486572266,17.572555541992188
-4.513031005859375,-41.075748443603516,17.243667602539062
-4.699882507324219,-41.213993072509766,16.852203369140625
-4.695030212402344,-41.267704010009766,16.417282104492188
-4.715766906738281,-41.44778823852539,16.06494140625
-4.790733337402344,-41.46425247192383,15.920730590820312
-4.774040222167969,-41.61009216308594,15.822509765625
-4.655006408691406,-41.737300872802734,15.782608032226562
-4.59893798828125,-41.689640045166016,15.614013671875
-4.5427093505859375,-41.69447708129883,15.54150390625
-4.592811584472656,-41.756591796875,15.525955200195312
-4.690467834472656,-41.8537483215332,15.575607299804688
-4.665046691894531,-41.98292922973633,15.4205322265625
-4.5574188232421875,-41.976600646972656,15.310821533203125
-4.655052185058594,-42.03628921508789,15.046875
-4.649871826171875,-42.08559036254883,14.708663940429688
-4.541877746582031,-42.273292541503906,14.548873901367188
-4.375862121582031,-42.291141510009766,14.4033203125
-4.283416748046875,-42.35553741455078,14.063583374023438
-4.1304931640625,-42.486759185791016,13.926071166992188
-3.9207534790039062,-42.474361419677734,13.85211181640625
-3.7294235229492188,-42.51646041870117,13.809173583984375
-3.4759292602539062,-42.510128021240234,13.785659790039062
-3.4936981201171875,-42.566810607910156,13.969482421875
-3.3612899780273438,-42.593292236328125,14.070144653320312
-3.1021728515625,-42.55857467651367,14.34173583984375
-3.0466461181640625,-42.330623626708984,14.807891845703125
-2.9087448120117188,-42.33959197998047,15.160614013671875
-2.9552383422851562,-42.211788177490234,15.361221313476562
-2.82794189453125,-42.185543060302734,15.538848876953125
-2.8042221069335938,-42.06248474121094,15.658203125
-2.7161712646484375,-41.89741897583008,16.094940185546875
-2.6109390258789062,-41.73188018798828,16.404129028320312
-2.574310302734375,-41.665096282958984,16.56512451171875
-2.564300537109375,-41.549503326416016,16.894378662109375
-2.4087448120117188,-41.54818344116211,17.003982543945312
-2.4506759643554688,-41.438594818115234,17.07037353515625
-2.2724456787109375,-41.40625762939453,17.301315307617188
-2.2899017333984375,-41.27445983886719,17.658126831054688
-2.3147048950195312,-41.101993560791016,17.868545532226562
-2.3102874755859375,-41.102760314941406,18.083541870117188
-2.248931884765625,-40.8621711730957,18.409347534179688
-2.2429428100585938,-40.75138854980469,18.770660400390625
-2.1014633178710938,-40.573299407958984,19.208419799804688
-2.1507415771484375,-40.454769134521484,19.355941772460938
-2.1258544921875,-40.371849060058594,19.428558349609375
-2.0130996704101562,-40.19599151611328,19.691497802734375
-1.9341049194335938,-40.09490966796875,20.013809204101562
-1.9769973754882812,-39.93191909790039,20.334228515625
-1.9864959716796875,-39.763858795166016,20.616195678710938
-1.85040283203125,-39.617149353027344,20.912384033203125
-1.858154296875,-39.51192092895508,21.0679931640625
-1.8825607299804688,-39.42277145385742,21.118896484375
-1.6984329223632812,-39.378353118896484,21.2703857421875
-1.7389602661132812,-39.33839797973633,21.50115966796875
-1.604522705078125,-39.43079376220703,21.561050415039062
-1.4781265258789062,-39.34421920776367,21.620407104492188
-1.3667984008789062,-39.28959274291992,21.680755615234375
-1.2090682983398438,-39.29376983642578,21.660293579101562
-1.0626449584960938,-39.28826904296875,21.628326416015625
-0.9450302124023438,-39.15176010131836,21.670394897460938
-0.946380615234375,-39.13726043701172,21.688156127929688
-0.7874908447265625,-39.1096305847168,21.641769409179688
-0.7446212768554688,-39.28876876831055,21.60516357421875
-0.53912353515625,-39.38310241699219,21.691635131835938
-0.33802032470703125,-39.30717468261719,21.419342041015625
-0.2466888427734375,-39.454524993896484,21.207260131835938
-0.24854278564453125,-39.47049331665039,21.046371459960938
-0.16161346435546875,-39.55613327026367,20.902877807617188
0.0076446533203125,-39.60566711425781,20.611282348632812
0.08145904541015625,-39.5625114440918,20.428756713867188
0.24314117431640625,-39.62937927246094,20.3975830078125
0.28243255615234375,-39.634307861328125,20.546768188476562
0.29741668701171875,-39.55410385131836,20.57366943359375
0.264862060546875,-39.54055404663086,20.406539916992188
0.162139892578125,-39.41083526611328,20.54296875
-0.0498809814453125,-39.30083465576172,20.672821044921875
-0.11716461181640625,-39.029232025146484,20.98089599609375
-0.2320404052734375,-38.7633056640625,21.239852905273438
-0.27175140380859375,-38.45893859863281,21.507598876953125
-0.30394744873046875,-38.274105072021484,21.673263549804688
-0.20458221435546875,-38.01706314086914,22.004669189453125
-0.12175750732421875,-37.67184829711914,22.238815307617188
-0.14115142822265625,-37.43191909790039,22.5028076171875
-0.11281585693359375,-37.1622428894043,22.708282470703125
-0.03130340576171875,-36.930702209472656,23.043365478515625
0.144775390625,-36.655303955078125,23.465057373046875
0.18939208984375,-36.24497604370117,23.976211547851562
0.26622772216796875,-35.940547943115234,24.531723022460938
0.46729278564453125,-35.78021240234375,25.072708129882812
0.6113433837890625,-35.57997512817383,25.466018676757812
0.7661209106445312,-35.40147018432617,25.973739624023438
0.811492919921875,-35.03986358642578,26.483078002929688
0.7904891967773438,-34.65427780151367,27.109756469726562
0.8062973022460938,-34.25840759277344,27.731063842773438
0.7421417236328125,-33.754859924316406,28.30712890625
0.7639083862304688,-33.306331634521484,28.930435180664062
0.5707015991210938,-32.8485221862793,29.741775512695312
0.32281494140625,-32.32678985595703,30.588729858398438
0.0718231201171875,-31.790725708007812,31.122039794921875
-0.18056488037109375,-31.221179962158203,31.680755615234375
-0.31014251708984375,-30.6868896484375,32.51206970214844
-0.70721435546875,-29.929805755615234,33.334747314453125
-1.0817642211914062,-29.086238861083984,34.004425048828125
-1.645233154296875,-28.118240356445312,34.37660217285156
-2.4574508666992188,-27.070213317871094,34.72657775878906
-3.4783401489257812,-25.892616271972656,34.949432373046875
-4.5463104248046875,-24.652725219726562,34.93687438964844
-5.718109130859375,-23.21074676513672,34.61871337890625
-6.9429473876953125,-21.80992889404297,34.038360595703125
-8.054153442382812,-20.38018798828125,33.3756103515625
-9.344940185546875,-18.933380126953125,32.54026794433594
-10.491851806640625,-17.87286376953125,31.606842041015625
-11.836692810058594,-16.9554443359375,30.008270263671875
-13.438850402832031,-16.148704528808594,27.670257568359375
-15.190971374511719,-15.743797302246094,24.296829223632812
-17.207382202148438,-16.63525390625,19.538345336914062
-19.49645233154297,-18.944046020507812,13.5447998046875
-21.421714782714844,-22.18122100830078,7.0498199462890625
-22.41278076171875,-23.703575134277344,1.7003173828125
-22.648956298828125,-22.431312561035156,-1.1103515625
-22.50433349609375,-20.02635955810547,-1.6109466552734375
-22.031288146972656,-17.85809326171875,-1.3753662109375
-21.079360961914062,-16.022216796875,-0.9422149658203125
-19.867477416992188,-14.419097900390625,-0.5119781494140625
-18.84528350830078,-11.924240112304688,0.460174560546875
-20.00469970703125,-5.871986389160156,1.6862945556640625
-22.040977478027344,1.7884292602539062,1.60809326171875
-22.551559448242188,6.5635986328125,0.49072265625
-22.356796264648438,8.280776977539062,-0.068511962890625
-22.37377166748047,8.734169006347656,-0.0886993408203125
-22.49463653564453,8.916549682617188,-0.0490264892578125
-22.555519104003906,9.013252258300781,0.1240234375
-22.59217071533203,9.097358703613281,0.312164306640625
-22.565650939941406,9.255805969238281,0.4466094970703125
-22.83637237548828,9.303169250488281,0.6023406982421875
-22.859169006347656,9.407241821289062,0.6999359130859375
-22.948028564453125,9.403709411621094,0.788055419921875
-22.97850799560547,9.519866943359375,0.9839019775390625
-23.10669708251953,9.556793212890625,1.1616363525390625
-23.09160614013672,9.647872924804688,1.2322845458984375
-23.24114990234375,9.816200256347656,1.390777587890625
-23.13910675048828,9.959213256835938,1.6534881591796875
-23.190719604492188,10.079811096191406,1.8264923095703125
-23.34040069580078,10.113784790039062,2.0789947509765625
-23.350555419921875,10.180572509765625,2.2351531982421875
-23.40850067138672,10.163421630859375,2.4023895263671875
-23.457969665527344,10.167243957519531,2.4515380859375
-23.30084991455078,10.245849609375,2.4284515380859375
-23.233909606933594,10.3724365234375,2.5614013671875
-23.188026428222656,10.500144958496094,2.61688232421875
-23.14044952392578,10.634834289550781,2.729248046875
-23.093246459960938,10.574455261230469,2.808929443359375
-22.90528106689453,10.637062072753906,2.7649688720703125
-22.74414825439453,10.62811279296875,2.8922882080078125
-22.581863403320312,10.605072021484375,3.03436279296875
-22.468673706054688,10.536178588867188,2.96923828125
-22.402488708496094,10.545524597167969,2.9403839111328125
-22.358871459960938,10.61602783203125,3.1110076904296875
-22.17137908935547,10.633026123046875,3.1391143798828125
-21.970169067382812,10.722152709960938,3.0099945068359375
-21.80194091796875,10.604667663574219,2.89544677734375
-21.705368041992188,10.626655578613281,2.7987060546875
-21.549964904785156,10.658355712890625,2.777984619140625
-21.459510803222656,10.637641906738281,2.752166748046875
-21.339759826660156,10.588172912597656,2.85601806640625
-21.09869384765625,10.509346008300781,2.815185546875
-20.923904418945312,10.496345520019531,2.850921630859375
-20.878082275390625,10.605583190917969,3.0818328857421875
-20.746597290039062,10.723716735839844,3.1146392822265625
-20.65618133544922,10.990852355957031,3.1062164306640625
-20.566078186035156,10.983116149902344,3.19744873046875
-20.605491638183594,11.032928466796875,3.47845458984375
-20.559188842773438,11.203956604003906,3.882110595703125
-20.7386474609375,11.527900695800781,4.3421173095703125
-20.71208953857422,11.863487243652344,4.7679901123046875
-20.82965850830078,12.002304077148438,5.1365814208984375
-20.870269775390625,12.170860290527344,5.4139862060546875
-20.88355255126953,12.430892944335938,5.7855377197265625
-20.937767028808594,12.741554260253906,6.1885833740234375
-20.999313354492188,13.16192626953125,6.6878662109375
-21.10112762451172,13.676216125488281,7.25714111328125
-21.18017578125,14.070716857910156,7.8742218017578125
-21.337791442871094,14.598472595214844,8.399200439453125
-21.421859741210938,15.087303161621094,8.890731811523438
-21.327186584472656,15.452980041503906,9.36627197265625
-21.338851928710938,15.848289489746094,9.874053955078125
-21.21808624267578,16.247589111328125,10.157135009765625
-21.16827392578125,16.54412841796875,10.754852294921875
-21.07061004638672,16.892433166503906,11.162307739257812
-20.89678955078125,17.278038024902344,11.468414306640625
-20.713653564453125,17.697662353515625,11.892791748046875
-20.565444946289062,18.208419799804688,12.355819702148438
-20.639488220214844,18.8975830078125,12.818084716796875
-20.76561737060547,19.446212768554688,13.250152587890625
-20.87767791748047,19.836090087890625,13.433273315429688
-20.896095275878906,20.064590454101562,13.57220458984375
-21.05268096923828,20.42009735107422,13.812484741210938
-21.13684844970703,20.776268005371094,14.22503662109375
-21.175552368164062,20.991806030273438,14.490768432617188
-21.381210327148438,21.245193481445312,14.681350708007812
-21.76483154296875,21.64801788330078,14.83172607421875
-21.857200622558594,21.852554321289062,15.020431518554688
-22.0167236328125,22.056884765625,15.290695190429688
-22.06952667236328,22.364547729492188,15.544235229492188
-22.160911560058594,22.49169158935547,15.715728759765625
-22.346771240234375,22.535232543945312,15.809310913085938
-22.324569702148438,22.673675537109375,15.75701904296875
-22.331993103027344,22.800582885742188,15.923736572265625
-22.125762939453125,22.939414978027344,15.976547241210938
-21.73474884033203,23.094223022460938,15.96929931640625
-21.322349548339844,23.061614990234375,16.076889038085938
-20.977935791015625,22.96446990966797,16.2269287109375
-20.77161407470703,22.919639587402344,16.142059326171875
-20.652481079101562,22.681747436523438,16.031784057617188
-20.63935089111328,22.52460479736328,15.961456298828125
-20.580978393554688,22.491744995117188,15.906097412109375
-20.663009643554688,22.469711303710938,15.875320434570312
-20.563926696777344,22.467262268066406,15.86846923828125
-20.697654724121094,22.56250762939453,15.78106689453125
-20.48944854736328,22.67852020263672,15.784347534179688
-20.484146118164062,22.75018310546875,15.82391357421875
-20.39452362060547,22.671485900878906,15.940292358398438
-20.413482666015625,22.694435119628906,16.217422485351562
-20.58625030517578,22.625457763671875,16.198455810546875
-20.73919677734375,22.472686767578125,16.065078735351562
-20.94397735595703,22.406837463378906,16.041671752929688
-21.144325256347656,22.303955078125,15.9945068359375
-21.296829223632812,22.377151489257812,16.008529663085938
-21.429641723632812,22.52631378173828,15.976791381835938
-21.43292999267578,22.642478942871094,16.087539672851562
-21.623756408691406,22.880226135253906,16.161453247070312
-21.512374877929688,23.091262817382812,16.353546142578125
-21.62830352783203,23.210548400878906,16.410293579101562
-21.679901123046875,23.220993041992188,16.461196899414062
-21.727127075195312,23.232513427734375,16.424545288085938
-21.974777221679688,23.298080444335938,16.45294189453125
-22.26282501220703,23.29846954345703,16.307022094726562
-22.704994201660156,23.34001922607422,16.238372802734375
-23.123672485351562,23.302017211914062,16.2366943359375
-23.544105529785156,23.20343017578125,16.249923706054688
-23.901992797851562,23.27398681640625,16.243484497070312
-24.02452850341797,23.357261657714844,16.32562255859375
-24.280242919921875,23.628929138183594,16.416839599609375
-24.47138214111328,23.680801391601562,16.589889526367188
-24.710906982421875,23.68537139892578,16.80352783203125
-24.936050415039062,23.85187530517578,16.941207885742188
-25.112442016601562,23.93975067138672,16.963775634765625
-25.422706604003906,23.986373901367188,16.972198486328125
-25.83289337158203,23.95075225830078,16.943878173828125
-26.358314514160156,24.030471801757812,17.042556762695312
-26.779754638671875,24.21381378173828,17.137161254882812
-27.043601989746094,24.409133911132812,17.26318359375
-27.117919921875,24.75145721435547,17.315383911132812
-27.189674377441406,25.00872802734375,17.50830078125
-27.09471893310547,25.137298583984375,17.609573364257812
-27.011741638183594,25.110458374023438,17.779159545898438
-27.102188110351562,25.212387084960938,17.8292236328125
-27.26654052734375,25.244659423828125,17.88055419921875
-27.373153686523438,25.29840087890625,17.817550659179688
-27.43865966796875,25.249160766601562,17.794906616210938
-27.42139434814453,25.159133911132812,17.962066650390625
-27.395362854003906,25.215347290039062,18.040634155273438
-27.429710388183594,25.257049560546875,17.912979125976562
-27.687255859375,25.25635528564453,17.701034545898438
-27.681983947753906,25.43016815185547,17.716934204101562
-27.8834228515625,25.349266052246094,17.722213745117188
-27.88184356689453,25.31914520263672,17.734359741210938
-27.963729858398438,25.34228515625,17.84576416015625
-28.00445556640625,25.302886962890625,17.846786499023438
-27.94524383544922,25.263832092285156,17.811370849609375
-28.163864135742188,25.31017303466797,17.765396118164062
-28.29210662841797,25.359275817871094,17.669509887695312
-28.275474548339844,25.369659423828125,17.698715209960938
-28.355735778808594,25.3836669921875,17.633224487304688
-28.265769958496094,25.361183166503906,17.561553955078125
-28.21185302734375,25.457725524902344,17.567977905273438
-28.331871032714844,25.423309326171875,17.577362060546875
-28.323867797851562,25.360130310058594,17.655303955078125
-28.289405822753906,25.280593872070312,17.529861450195312
-28.37035369873047,25.429229736328125,17.549835205078125
-28.386276245117188,25.403961181640625,17.525619506835938
-28.338211059570312,25.423377990722656,17.6375732421875
-28.361557006835938,25.355331420898438,17.68408203125
-28.497512817382812,25.276290893554688,17.661941528320312
-28.50334930419922,25.240928649902344,17.635635375976562
-28.52855682373047,25.3553466796875,17.617263793945312
-28.38555908203125,25.278297424316406,17.624755859375
-28.356727600097656,25.196044921875,17.661590576171875
-28.456130981445312,25.130149841308594,17.6798095703125
-28.388320922851562,25.19867706298828,17.6103515625
-28.428504943847656,25.31102752685547,17.654571533203125
-28.507728576660156,25.244712829589844,17.829269409179688
-28.447921752929688,25.27350616455078,17.81878662109375
-28.434066772460938,25.257240295410156,17.754714965820312
-28.327316284179688,25.244842529296875,17.568878173828125
-28.323265075683594,25.271514892578125,17.48846435546875
-28.425704956054688,25.25775909423828,17.352554321289062
-28.33415985107422,25.2713623046875,17.364959716796875
-28.289657592773438,25.28814697265625,17.530624389648438
-28.24028778076172,25.340965270996094,17.509323120117188
-28.183815002441406,25.275367736816406,17.485137939453125
-28.144241333007812,25.30132293701172,17.52398681640625
-28.035186767578125,25.265792846679688,17.371047973632812
-28.09349822998047,25.269149780273438,17.355361938476562
-28.129005432128906,25.261428833007812,17.393661499023438
-28.15252685546875,25.312881469726562,17.323410034179688
-28.30315399169922,25.297103881835938,17.493453979492188
-28.218536376953125,25.332839965820312,17.480972290039062
-28.170486450195312,25.314483642578125,17.531784057617188
-28.2032470703125,25.313461303710938,17.479644775390625
-28.195083618164062,25.3414306640625,17.425949096679688
-28.090965270996094,25.416671752929688,17.414810180664062
-28.16436004638672,25.45892333984375,17.402618408203125
-28.173011779785156,25.286468505859375,17.537643432617188
-28.166839599609375,25.25470733642578,17.68402099609375
-28.33631134033203,25.170875549316406,17.686920166015625
-28.31756591796875,25.029327392578125,17.593399047851562
-28.369873046875,25.085723876953125,17.672531127929688
-28.254188537597656,25.087112426757812,17.69537353515625
-28.407150268554688,25.245094299316406,17.722320556640625
-28.373146057128906,25.31103515625,17.536056518554688
-28.335830688476562,25.304229736328125,17.554840087890625
-28.240066528320312,25.280014038085938,17.544540405273438
-28.053184509277344,25.328353881835938,17.665313720703125
-28.16179656982422,25.19176483154297,17.61883544921875
-28.16779327392578,25.183914184570312,17.437789916992188
-28.21595001220703,25.12480926513672,17.379638671875
-28.144927978515625,25.123382568359375,17.277297973632812
-28.189605712890625,25.171669006347656,17.355178833007812
-28.114273071289062,25.213760375976562,17.384002685546875
-28.206787109375,25.194419860839844,17.408416748046875
-28.200332641601562,25.126358032226562,17.378982543945312
-28.32965087890625,25.1309814453125,17.455764770507812
-28.32270050048828,25.158668518066406,17.491363525390625
-28.239601135253906,25.277359008789062,17.455154418945312
-28.118507385253906,25.334762573242188,17.410415649414062
-28.299972534179688,25.2589111328125,17.521697998046875
-28.26464080810547,25.339675903320312,17.484451293945312
-28.257606506347656,25.38758087158203,17.344558715820312
-28.227561950683594,25.36730194091797,17.195770263671875
-28.114532470703125,25.444190979003906,17.189865112304688
-28.089630126953125,25.302001953125,17.280014038085938
-27.90247344970703,25.32044219970703,17.308074951171875
-27.941795349121094,25.32556915283203,17.420623779296875
-28.006179809570312,25.52069091796875,17.476455688476562
-27.956863403320312,25.523483276367188,17.36590576171875
-27.899742126464844,25.47917938232422,17.493255615234375
-28.007583618164062,25.376930236816406,17.530670166015625
-28.172882080078125,25.320701599121094,17.399856567382812
-28.21393585205078,25.256996154785156,17.227386474609375
-28.23662567138672,25.312774658203125,17.194091796875
-28.14763641357422,25.347900390625,17.31732177734375
-28.430931091308594,25.358657836914062,17.517532348632812
-28.545791625976562,25.25383758544922,17.539535522460938
-28.411231994628906,25.233078002929688,17.492660522460938
-28.311279296875,25.329010009765625,17.537139892578125
-28.17608642578125,25.491928100585938,17.527572631835938
-28.307167053222656,25.679237365722656,17.431625366210938
-28.255226135253906,25.579833984375,17.432083129882812
-28.33802032470703,25.57537841796875,17.324859619140625
-28.170333862304688,25.45935821533203,17.242950439453125
-28.25476837158203,25.36785888671875,17.217803955078125
-28.299102783203125,25.273269653320312,17.237808227539062
-28.233985900878906,25.32892608642578,17.3487548828125
-28.246414184570312,25.277786254882812,17.4949951171875
-28.242202758789062,25.239990234375,17.503662109375
-28.213241577148438,25.174972534179688,17.389190673828125
-28.330184936523438,25.1368408203125,17.426834106445312
-28.338729858398438,25.209762573242188,17.413345336914062
-28.293556213378906,25.231719970703125,17.4171142578125
-28.345565795898438,25.188812255859375,17.352676391601562
-28.40576934814453,25.12279510498047,17.221298217773438
-28.35791778564453,25.092918395996094,17.266220092773438
-28.165756225585938,25.004966735839844,17.385665893554688
-27.961410522460938,25.142845153808594,17.544815063476562
-27.972755432128906,25.13531494140625,17.529800415039062
-28.170578002929688,25.120155334472656,17.369033813476562
-28.14447784423828,25.136192321777344,17.251205444335938
-28.211769104003906,25.140724182128906,17.204330444335938
-28.197311401367188,25.10772705078125,17.318496704101562
-28.261810302734375,25.128570556640625,17.448760986328125
-28.27808380126953,25.12358856201172,17.541824340820312
-28.402549743652344,25.217262268066406,17.512771606445312
-28.567176818847656,25.31183624267578,17.353897094726562
-28.567176818847656,25.31183624267578,17.353897094726562
-28.370254516601562,25.409072875976562,17.222030639648438
-28.312957763671875,25.45246124267578,17.166107177734375
-28.27002716064453,25.454559326171875,17.197341918945312
-28.325233459472656,25.425399780273438,17.27490234375
-28.343788146972656,25.308547973632812,17.388748168945312
-28.346084594726562,25.25927734375,17.219223022460938
-28.248321533203125,25.391868591308594,17.11859130859375
-28.24036407470703,25.460281372070312,17.210601806640625
-28.30504608154297,25.45819854736328,17.249130249023438
-28.347129821777344,25.457595825195312,17.234893798828125
-28.231979370117188,25.355369567871094,17.2589111328125
-28.165115356445312,25.35802459716797,17.274520874023438
-28.129608154296875,25.364646911621094,17.252365112304688
-28.193496704101562,25.4337158203125,17.214569091796875
-28.145599365234375,25.460418701171875,17.162185668945312
-28.203330993652344,25.41925811767578,17.222793579101562
-28.12981414794922,25.374740600585938,17.170196533203125
-28.103317260742188,25.278160095214844,17.172805786132812
-28.06244659423828,25.280105590820312,17.317214965820312
-28.150283813476562,25.233917236328125,17.5164794921875
-28.077896118164062,25.18914794921875,17.651702880859375
-28.182167053222656,25.201583862304688,17.55230712890625
-28.170242309570312,25.263954162597656,17.5362548828125
-28.12708282470703,25.261428833007812,17.562118530273438
-28.2066650390625,25.25860595703125,17.562210083007812
-28.13196563720703,25.31230926513672,17.566452026367188
-28.152687072753906,25.326217651367188,17.378387451171875
-28.238380432128906,25.35102081298828,17.4085693359375
-28.25267791748047,25.33971405029297,17.51446533203125
-28.30438232421875,25.255897521972656,17.519668579101562
-28.23552703857422,25.32593536376953,17.516189575195312
-28.183570861816406,25.51483917236328,17.486083984375
-28.326377868652344,25.495346069335938,17.533966064453125
-28.3436279296875,25.39812469482422,17.502456665039062
-28.456497192382812,25.323707580566406,17.4649658203125
-28.617828369140625,25.4166259765625,17.501113891601562
-28.506813049316406,25.417808532714844,17.549224853515625
-28.529151916503906,25.455062866210938,17.36334228515625
-28.412445068359375,25.303192138671875,17.368453979492188
-28.507164001464844,25.257896423339844,17.43719482421875
-28.338645935058594,25.149765014648438,17.50225830078125
-28.307899475097656,25.238319396972656,17.619094848632812
-28.24126434326172,25.139068603515625,17.617477416992188
-28.154083251953125,25.142723083496094,17.637924194335938
-28.15367889404297,25.103111267089844,17.791976928710938
-28.16057586669922,25.14617156982422,17.812088012695312
-28.265777587890625,25.13922119140625,17.993560791015625
-28.34441375732422,25.156761169433594,18.017776489257812
-28.327064514160156,25.26964569091797,17.967697143554688
-28.39025115966797,25.311683654785156,17.970855712890625
-28.23516082763672,25.19037628173828,17.910614013671875
-28.340255737304688,25.24951171875,17.704666137695312
-28.361282348632812,25.29143524169922,17.72393798828125
-28.37158966064453,25.243438720703125,17.612991333007812
-28.379714965820312,25.226348876953125,17.601364135742188
-28.321136474609375,25.154884338378906,17.565841674804688
-28.269500732421875,25.154830932617188,17.700881958007812
-28.21489715576172,25.167640686035156,17.563262939453125
-28.088226318359375,25.205116271972656,17.582916259765625
-27.98200225830078,25.227867126464844,17.60595703125
-27.887908935546875,25.29595184326172,17.618911743164062
-28.07250213623047,25.3197021484375,17.760269165039062
-28.059181213378906,25.294357299804688,17.977798461914062
-28.00670623779297,25.320945739746094,17.956039428710938
-28.040199279785156,25.326698303222656,18.05810546875
-28.174697875976562,25.340805053710938,17.971603393554688
-28.298538208007812,25.245162963867188,17.921142578125
-28.228652954101562,25.1707763671875,17.988571166992188
-28.27808380126953,25.297508239746094,18.027359008789062
-28.20813751220703,25.321258544921875,18.01666259765625
-28.346580505371094,25.31641387939453,17.8040771484375
-28.363601684570312,25.34699249267578,17.752883911132812
-28.211135864257812,25.287826538085938,17.806442260742188
-28.22186279296875,25.26496124267578,17.831039428710938
-28.123779296875,25.335098266601562,17.792037963867188
-28.20714569091797,25.250144958496094,17.662796020507812
-28.116310119628906,25.23382568359375,17.779067993164062
-28.053070068359375,25.245147705078125,17.740753173828125
-28.14049530029297,25.178085327148438,17.674728393554688
-28.321495056152344,25.253379821777344,17.732864379882812
-28.376312255859375,25.225967407226562,17.744522094726562
-28.23119354248047,25.221298217773438,17.671615600585938
-28.217880249023438,25.158828735351562,17.677078247070312
-28.190940856933594,25.203811645507812,17.845428466796875
-28.183624267578125,25.243667602539062,17.905654907226562
-28.175064086914062,25.314002990722656,18.02410888671875
-28.234085083007812,25.260833740234375,17.854751586914062
-28.197494506835938,25.17292022705078,17.83642578125
-28.14806365966797,25.17436981201172,17.910110473632812
-28.26630401611328,25.094566345214844,17.721923828125
-28.212692260742188,25.101303100585938,17.740310668945312
-28.181365966796875,25.127944946289062,17.637405395507812
-28.315711975097656,25.094863891601562,17.577484130859375
-28.32403564453125,25.178192138671875,17.40203857421875
-28.309921264648438,25.148475646972656,17.419189453125
-28.353103637695312,25.048965454101562,17.391098022460938
-28.23981475830078,25.044570922851562,17.353073120117188
-28.16839599609375,25.143661499023438,17.467987060546875
-28.134918212890625,25.144309997558594,17.566360473632812
-28.267227172851562,25.050949096679688,17.50396728515625
-28.200660705566406,25.159439086914062,17.490982055664062
-28.198394775390625,25.157447814941406,17.543487548828125
-28.277053833007812,25.20470428466797,17.565536499023438
-28.234535217285156,25.194725036621094,17.497329711914062
-28.194427490234375,25.076431274414062,17.265655517578125
-28.15839385986328,25.010589599609375,17.264144897460938
-28.29956817626953,25.001876831054688,17.274627685546875
-28.265350341796875,24.980575561523438,17.20062255859375
-28.343345642089844,25.06365966796875,17.164749145507812
-28.164871215820312,25.011856079101562,17.204345703125
-28.16423797607422,24.9696044921875,17.34246826171875
-28.209754943847656,25.154327392578125,17.352203369140625
-28.15094757080078,25.138473510742188,17.349746704101562
-28.149642944335938,25.169578552246094,17.282577514648438
-28.208839416503906,25.17595672607422,17.335235595703125
-28.056686401367188,25.182167053222656,17.520050048828125
-28.13402557373047,25.11785125732422,17.506759643554688
-28.058067321777344,25.135963439941406,17.564041137695312
-27.898971557617188,25.107276916503906,17.42059326171875
-27.738571166992188,25.198219299316406,17.52093505859375
-27.725196838378906,25.176345825195312,17.495880126953125
-27.742446899414062,25.01971435546875,17.509124755859375
-27.788894653320312,24.97449493408203,17.478317260742188
-27.724945068359375,24.965293884277344,17.545578002929688
-27.726951599121094,25.023193359375,17.585830688476562
-27.88947296142578,24.913299560546875,17.504165649414062
-27.92181396484375,24.89141082763672,17.62664794921875
-27.946701049804688,24.95111083984375,17.676010131835938
-27.912803649902344,25.055633544921875,17.572036743164062
-28.068939208984375,24.94536590576172,17.544876098632812
-28.083457946777344,25.00066375732422,17.565567016601562
-27.95818328857422,25.08306121826172,17.589508056640625
-27.9656982421875,25.13288116455078,17.634384155273438
-27.903060913085938,25.032005310058594,17.814315795898438
-27.92963409423828,24.928016662597656,17.849456787109375
-27.947235107421875,25.013641357421875,17.858596801757812
-27.910079956054688,25.141639709472656,17.810073852539062
-28.131065368652344,25.13836669921875,17.703765869140625
-28.01702880859375,24.95966339111328,17.74365234375
-28.122055053710938,24.922218322753906,17.66705322265625
-28.196701049804688,24.86705780029297,17.811111450195312
-28.053497314453125,24.852684020996094,17.846038818359375
-27.99610137939453,24.998497009277344,18.017898559570312
-28.034454345703125,25.10808563232422,17.957275390625
-28.158363342285156,25.01197052001953,17.92279052734375
-28.175193786621094,25.117759704589844,17.761947631835938
-28.157188415527344,25.116058349609375,17.702102661132812
-28.076980590820312,25.197914123535156,17.656951904296875
-27.998321533203125,25.191909790039062,17.570724487304688
-28.147239685058594,25.079002380371094,17.554107666015625
-28.20232391357422,25.015884399414062,17.570205688476562
-28.31212615966797,25.14214324951172,17.571823120117188
-28.195724487304688,25.148757934570312,17.538375854492188
-28.076126098632812,25.104507446289062,17.5404052734375
-28.1390380859375,25.092308044433594,17.484375
-28.167953491210938,25.132225036621094,17.50567626953125
-28.046722412109375,25.16149139404297,17.506744384765625
-28.010841369628906,25.20775604248047,17.6048583984375
-27.92431640625,25.140586853027344,17.646820068359375
-28.15264892578125,25.191696166992188,17.611404418945312
-28.15484619140625,25.218360900878906,17.574783325195312
-28.107528686523438,25.187416076660156,17.524887084960938
-28.092422485351562,25.1168212890625,17.622100830078125
-28.097915649414062,25.121437072753906,17.72235107421875
-27.89806365966797,25.168968200683594,17.695724487304688
-28.097129821777344,25.122283935546875,17.742599487304688
-28.07867431640625,25.205581665039062,17.767959594726562
-28.30785369873047,25.309532165527344,17.973678588867188
-28.29486846923828,25.18262481689453,17.944717407226562
-28.26715087890625,25.20417022705078,17.863784790039062
-28.188461303710938,25.190406799316406,17.89453125
-28.232955932617188,25.14795684814453,17.970626831054688
-28.34539794921875,25.171302795410156,17.97137451171875
-28.257286071777344,25.188766479492188,18.018035888671875
-28.266952514648438,25.127853393554688,17.80902099609375
-28.442123413085938,25.13861083984375,17.591766357421875
-28.298194885253906,25.098983764648438,17.579788208007812
-28.196571350097656,25.180007934570312,17.697006225585938
-28.201568603515625,25.119354248046875,17.80535888671875
-28.100967407226562,25.218772888183594,17.859619140625
-28.05860137939453,25.168861389160156,17.889816284179688
-28.139137268066406,25.109405517578125,17.882003784179688
-28.183883666992188,25.14136505126953,17.739334106445312
-28.204238891601562,25.15185546875,17.584396362304688
-28.13726806640625,25.126075744628906,17.651412963867188
-28.148643493652344,25.217453002929688,17.647445678710938
-28.098388671875,25.238800048828125,17.72198486328125
-28.042343139648438,25.297195434570312,17.706649780273438
-28.141326904296875,25.32421875,17.569900512695312
-28.172882080078125,25.179039001464844,17.7000732421875
-28.153213500976562,25.20903778076172,17.651611328125
-28.160888671875,25.24872589111328,17.601943969726562
-28.196189880371094,25.325958251953125,17.564437866210938
-28.237777709960938,25.3402099609375,17.574066162109375
-28.32244110107422,25.2083740234375,17.52435302734375
-28.0919189453125,25.18061065673828,17.53973388671875
-28.175086975097656,25.17589569091797,17.510665893554688
-28.222808837890625,25.155426025390625,17.521392822265625
-28.21031951904297,25.127212524414062,17.559494018554688
-28.150375366210938,25.017959594726562,17.515304565429688
-28.01508331298828,25.08050537109375,17.513046264648438
-27.931251525878906,25.160186767578125,17.461212158203125
-27.98175811767578,25.17083740234375,17.418853759765625
-28.143165588378906,25.170639038085938,17.335067749023438
-28.003150939941406,25.298370361328125,17.215301513671875
-27.89409637451172,25.25511932373047,17.164642333984375
-27.98859405517578,25.251007080078125,17.207077026367188
-28.143402099609375,25.167098999023438,17.327621459960938
-28.232772827148438,25.152061462402344,17.467254638671875
-28.29132843017578,25.135116577148438,17.60888671875
-28.359710693359375,25.129257202148438,17.614852905273438
-28.26441192626953,25.297325134277344,17.704925537109375
-28.26189422607422,25.293777465820312,17.718856811523438
-28.314796447753906,25.300506591796875,17.699066162109375
-28.346961975097656,25.264938354492188,17.700790405273438
-28.31598663330078,25.15723419189453,17.681594848632812
-28.322006225585938,25.185935974121094,17.701934814453125
-28.361434936523438,25.207496643066406,17.67633056640625
-28.490989685058594,25.272193908691406,17.71014404296875
-28.44957733154297,25.181785583496094,17.71697998046875
-28.355331420898438,25.16234588623047,17.567062377929688
-28.22045135498047,25.17119598388672,17.579818725585938
-28.17505645751953,25.15594482421875,17.620346069335938
-28.280487060546875,25.13043212890625,17.658493041992188
-28.327392578125,25.177734375,17.68316650390625
-28.180519104003906,25.161903381347656,17.6514892578125
-28.254592895507812,25.116287231445312,17.61468505859375
-28.2177734375,25.143112182617188,17.646621704101562
-28.143089294433594,25.0184326171875,17.715682983398438
-28.331146240234375,25.133041381835938,17.70281982421875
-28.227684020996094,25.29302215576172,17.732467651367188
-28.351791381835938,25.2000732421875,17.730224609375
-28.316696166992188,25.16400146484375,17.66534423828125
-28.311355590820312,25.19982147216797,17.733596801757812
-28.343605041503906,25.14105224609375,17.66802978515625
-28.30799102783203,25.135116577148438,17.700027465820312
-28.223236083984375,25.273101806640625,17.7159423828125
-28.230209350585938,25.26068115234375,17.85296630859375
-28.250503540039062,25.280670166015625,17.8629150390625
-28.18890380859375,25.30023956298828,17.985748291015625
-28.130615234375,25.2147216796875,18.030792236328125
-28.115257263183594,25.107376098632812,17.908935546875
-27.951377868652344,25.139373779296875,17.78997802734375
-27.905120849609375,25.286766052246094,17.726333618164062
-27.9827880859375,25.32898712158203,17.719131469726562
-27.99706268310547,25.35218048095703,17.665847778320312
-28.171432495117188,25.226211547851562,17.676788330078125
-28.145431518554688,25.170166015625,17.735458374023438
-28.09980010986328,25.171173095703125,17.736526489257812
-27.905548095703125,25.21826934814453,17.83551025390625
-27.94379425048828,25.25518798828125,17.869522094726562
-27.934043884277344,25.270904541015625,17.76556396484375
-27.977218627929688,25.250694274902344,17.608978271484375
-27.984291076660156,25.310745239257812,17.503692626953125
-28.072845458984375,25.339950561523438,17.639297485351562
-28.0457763671875,25.355857849121094,17.669967651367188
-28.237403869628906,25.33191680908203,17.646286010742188
-28.24535369873047,25.229141235351562,17.69921875
-28.226036071777344,25.19171905517578,17.70184326171875
-28.211380004882812,25.25347900390625,17.668701171875
-28.186424255371094,25.24591827392578,17.478042602539062
-28.11046600341797,25.30242156982422,17.314453125
-28.034408569335938,25.310043334960938,17.272933959960938
-28.12812042236328,25.28516387939453,17.230926513671875
-28.18309783935547,25.187705993652344,17.344284057617188
-28.02088165283203,25.24639892578125,17.448898315429688
-28.068756103515625,25.332550048828125,17.4818115234375
-28.06995391845703,25.261703491210938,17.3787841796875
-28.132408142089844,25.309463500976562,17.282073974609375
-28.15228271484375,25.26300048828125,17.314849853515625
-28.05510711669922,25.32811737060547,17.44097900390625
-28.062828063964844,25.258995056152344,17.58740234375
-27.94709014892578,25.062583923339844,17.649505615234375
-27.94702911376953,25.122406005859375,17.705963134765625
-27.93189239501953,25.12249755859375,17.709274291992188
-27.88892364501953,25.139251708984375,17.721603393554688
-27.980361938476562,25.183029174804688,17.6943359375
-28.12970733642578,25.187583923339844,17.612701416015625
-28.148971557617188,25.1700439453125,17.534820556640625
-28.261276245117188,25.283203125,17.650894165039062
-28.21941375732422,25.24634552001953,17.573745727539062
-28.237220764160156,25.234054565429688,17.423492431640625
-28.163955688476562,25.148521423339844,17.289016723632812
-28.16119384765625,25.077713012695312,17.355819702148438
-28.180328369140625,25.122650146484375,17.419021606445312
-28.279525756835938,25.01679229736328,17.499298095703125
-28.337783813476562,24.998291015625,17.535491943359375
-28.241363525390625,25.06689453125,17.3343505859375
-28.247116088867188,25.002029418945312,17.244659423828125
-28.25867462158203,25.042755126953125,17.258193969726562
-28.24579620361328,25.08582305908203,17.469680786132812
-28.24707794189453,25.153793334960938,17.427383422851562
-28.045150756835938,25.202896118164062,17.254669189453125
-28.125656127929688,25.12194061279297,17.21270751953125
-28.147239685058594,25.191452026367188,17.25408935546875
-28.14714813232422,25.120315551757812,17.326263427734375
-28.104339599609375,25.129150390625,17.446990966796875
-28.10956573486328,25.11522674560547,17.6456298828125
-28.072914123535156,25.13111114501953,17.689559936523438
-28.103919982910156,25.10077667236328,17.669052124023438
-28.190933227539062,25.09697723388672,17.571380615234375
-28.104896545410156,25.134307861328125,17.59271240234375
-27.91876220703125,25.203292846679688,17.486557006835938
-28.11395263671875,25.25261688232422,17.294479370117188
-28.1060791015625,25.197799682617188,17.290679931640625
-28.036697387695312,25.215972900390625,17.253662109375
-28.12578582763672,25.151046752929688,17.274810791015625
-28.063064575195312,25.127723693847656,17.201751708984375
-28.156448364257812,25.167678833007812,17.1849365234375
-28.0615234375,25.176010131835938,17.158279418945312
-27.894378662109375,25.15032196044922,17.183975219726562
-27.893165588378906,25.133544921875,17.208892822265625
-27.85309600830078,25.087356567382812,17.173416137695312
-27.914329528808594,25.034278869628906,17.132644653320312
-27.89807891845703,25.110275268554688,17.23175048828125
-27.848052978515625,25.0673828125,17.18804931640625
-27.865997314453125,25.004547119140625,17.141708374023438
-27.847938537597656,25.1409912109375,17.232666015625
-27.884246826171875,25.16974639892578,17.261520385742188
-27.89189910888672,25.132118225097656,17.2078857421875
-27.91838836669922,25.136688232421875,17.126922607421875
-27.74530029296875,25.10639190673828,17.21209716796875
-27.78564453125,25.143722534179688,17.202484130859375
-27.713043212890625,25.153854370117188,17.2353515625
-27.73694610595703,25.197708129882812,17.21209716796875
-27.87328338623047,25.15233612060547,17.32080078125
-27.833358764648438,25.137107849121094,17.377792358398438
-27.787490844726562,25.18231201171875,17.296417236328125
-27.752273559570312,25.051918029785156,17.248489379882812
-27.721786499023438,25.157691955566406,17.243881225585938
-27.750625610351562,25.2431640625,17.22393798828125
-27.88848114013672,25.206466674804688,17.224563598632812
-27.83538818359375,25.083152770996094,17.355758666992188
-27.791152954101562,25.02210235595703,17.212142944335938
-27.899093627929688,25.080490112304688,17.26220703125
-27.872207641601562,25.061248779296875,17.121810913085938
-27.797500610351562,25.03870391845703,17.048797607421875
-27.7076416015625,24.986831665039062,17.035079956054688
-27.673934936523438,25.134422302246094,17.009140014648438
-27.805519104003906,25.1966552734375,17.095687866210938
-27.80224609375,25.129638671875,17.236679077148438
-27.758438110351562,25.194351196289062,17.21051025390625
-27.790771484375,25.17858123779297,17.232147216796875
-27.982070922851562,25.12694549560547,17.183029174804688
-27.935096740722656,25.260353088378906,17.038864135742188
-27.86157989501953,25.291893005371094,17.02081298828125
-27.71569061279297,25.259307861328125,17.041061401367188
-27.73291015625,25.35100555419922,17.026046752929688
-27.777542114257812,25.448692321777344,17.202606201171875
-27.868911743164062,25.47089385986328,17.426467895507812
-27.905052185058594,25.39226531982422,17.410491943359375
-28.014984130859375,25.423095703125,17.296127319335938
-27.913543701171875,25.411277770996094,17.27685546875
-27.85729217529297,25.27808380126953,17.110366821289062
-27.938247680664062,25.29840087890625,17.2220458984375
-28.038970947265625,25.29706573486328,17.324111938476562
-27.89276123046875,25.31885528564453,17.348297119140625
-27.85602569580078,25.324600219726562,17.21990966796875
-27.830345153808594,25.264404296875,17.207733154296875
-27.936859130859375,25.327133178710938,17.371444702148438
-28.10375213623047,25.278038024902344,17.519927978515625
-28.134857177734375,25.242233276367188,17.548248291015625
-28.14630889892578,25.395217895507812,17.464080810546875
-28.076736450195312,25.365081787109375,17.349380493164062
-28.156600952148438,25.238243103027344,17.43719482421875
-28.090911865234375,25.128250122070312,17.527801513671875
-27.921188354492188,25.16845703125,17.583465576171875
-27.981468200683594,25.11188507080078,17.479522705078125
-27.890457153320312,25.118148803710938,17.394821166992188
-28.093246459960938,25.28687286376953,17.488296508789062
-28.064544677734375,25.360610961914062,17.54754638671875
-27.899398803710938,25.31250762939453,17.649703979492188
-28.124923706054688,25.185874938964844,17.641372680664062
-27.95073699951172,25.058372497558594,17.69378662109375
-27.8719482421875,25.044692993164062,17.609375
-27.9234619140625,25.03430938720703,17.437835693359375
-27.97272491455078,25.001220703125,17.234848022460938
-27.913894653320312,24.970977783203125,17.068222045898438
-27.912445068359375,24.901763916015625,17.230484008789062
-27.895896911621094,24.891921997070312,17.153671264648438
-27.76043701171875,24.98047637939453,17.124542236328125
-27.824249267578125,25.04932403564453,17.057708740234375
-27.833038330078125,25.070526123046875,17.017684936523438
-27.82860565185547,24.996009826660156,17.040130615234375
-27.724571228027344,24.927650451660156,16.973480224609375
-27.870635986328125,24.93360137939453,16.786026000976562
-27.873519897460938,24.905372619628906,16.815216064453125
-27.849952697753906,25.003128051757812,17.02435302734375
-27.743606567382812,25.1422119140625,17.194015502929688
-27.835487365722656,25.084266662597656,17.220916748046875
-27.87604522705078,25.061630249023438,17.24652099609375
-28.029991149902344,25.08153533935547,17.216400146484375
-27.92132568359375,24.9886474609375,17.219558715820312
-27.890419006347656,24.915199279785156,17.16070556640625
-27.716064453125,24.913803100585938,17.0433349609375
-27.716064453125,24.913803100585938,17.0433349609375
-27.873397827148438,24.905319213867188,17.0657958984375
-27.90618896484375,24.95703125,17.084228515625
-28.03594970703125,25.068336486816406,17.214370727539062
-28.104827880859375,25.177520751953125,17.237518310546875
-28.160011291503906,25.25677490234375,17.189895629882812
-28.1697998046875,25.310562133789062,17.12078857421875
-28.037681579589844,25.219459533691406,17.139785766601562
-28.12114715576172,25.20415496826172,17.220077514648438
-28.08025360107422,25.21613311767578,17.428558349609375
-28.07134246826172,25.155044555664062,17.519927978515625
-27.940567016601562,25.203880310058594,17.56976318359375
-27.97624969482422,25.27112579345703,17.53759765625
-28.054710388183594,25.32324981689453,17.519622802734375
-28.007034301757812,25.3128662109375,17.501190185546875
-28.008682250976562,25.34300994873047,17.4908447265625
-27.900611877441406,25.317779541015625,17.526702880859375
-27.94194793701172,25.33123016357422,17.609573364257812
-27.847320556640625,25.304931640625,17.505844116210938
-27.86761474609375,25.29438018798828,17.457107543945312
-27.75183868408203,25.287742614746094,17.323959350585938
-27.740318298339844,25.348541259765625,17.288497924804688
-27.73235321044922,25.335220336914062,17.156814575195312
-27.88123321533203,25.382568359375,17.054794311523438
-27.874557495117188,25.468185424804688,16.953582763671875
-27.84453582763672,25.39886474609375,17.032684326171875
-27.868873596191406,25.361000061035156,17.010787963867188
-27.852371215820312,25.287612915039062,17.02435302734375
-27.75316619873047,25.37096405029297,17.162841796875
-27.739906311035156,25.372283935546875,17.152084350585938
-27.860206604003906,25.355621337890625,17.16851806640625
-28.07306671142578,25.359657287597656,17.2489013671875
-28.275070190429688,25.31578826904297,17.238937377929688
-28.233505249023438,25.31195831298828,17.209793090820312
-28.39392852783203,25.386276245117188,17.248153686523438
-28.472373962402344,25.31647491455078,17.29656982421875
-28.558517456054688,25.321868896484375,17.318328857421875
-28.622406005859375,25.321556091308594,17.3309326171875
-28.659278869628906,25.427581787109375,17.37701416015625
-28.592445373535156,25.321022033691406,17.219696044921875
-28.354965209960938,25.256423950195312,17.188232421875
-28.296173095703125,25.24829864501953,17.177093505859375
-28.178977966308594,25.23149871826172,17.34716796875
-28.13170623779297,25.314895629882812,17.518997192382812
-28.230445861816406,25.18805694580078,17.559555053710938
-28.282485961914062,25.210906982421875,17.485153198242188
-28.362136840820312,25.037155151367188,17.4383544921875
-28.37261962890625,24.97846221923828,17.181015014648438
-28.32794952392578,24.990150451660156,17.05615234375
-28.381988525390625,25.068649291992188,17.016616821289062
-28.4925537109375,25.1312255859375,17.1585693359375
-28.37128448486328,25.117324829101562,17.243118286132812
-28.182106018066406,25.153953552246094,17.236618041992188
-28.251861572265625,25.15009307861328,17.242462158203125
-28.448745727539062,25.056480407714844,17.153335571289062
-28.286788940429688,25.180030822753906,17.036941528320312
-28.231834411621094,25.181068420410156,17.116744995117188
-28.230751037597656,25.308303833007812,17.160186767578125
-28.28565216064453,25.23827362060547,17.176589965820312
-28.343894958496094,25.156089782714844,17.222320556640625
-28.17328643798828,25.15454864501953,17.239761352539062
-28.152877807617188,25.115684509277344,17.470535278320312
-28.290199279785156,25.175758361816406,17.59613037109375
-28.361572265625,25.141326904296875,17.69915771484375
-28.591995239257812,25.210289001464844,17.580825805664062
-28.632286071777344,25.236305236816406,17.564468383789062
-28.744232177734375,25.23291778564453,17.512786865234375
-29.011398315429688,25.44402313232422,17.5579833984375
-29.37115478515625,25.520950317382812,17.481231689453125
-29.490692138671875,25.602935791015625,17.41082763671875
-29.691848754882812,25.697036743164062,17.328933715820312
-29.892662048339844,25.68603515625,17.416595458984375
-30.15245819091797,25.672637939453125,17.4840087890625
-30.362319946289062,25.892745971679688,17.501800537109375
-30.451560974121094,25.92816162109375,17.33551025390625
-30.686553955078125,26.04559326171875,17.329544067382812
-30.93975067138672,26.009292602539062,17.427352905273438
-31.211135864257812,26.028976440429688,17.486053466796875
-31.335304260253906,26.154884338378906,17.603469848632812
-31.562973022460938,26.27155303955078,17.618621826171875
-31.816139221191406,26.44928741455078,17.57672119140625
-31.90947723388672,26.43225860595703,17.544815063476562
-32.10820007324219,26.481163024902344,17.592025756835938
-32.11924743652344,26.312522888183594,17.551681518554688
-32.128211975097656,26.27367401123047,17.749954223632812
-32.42425537109375,26.36017608642578,17.706787109375
-32.55888366699219,26.351425170898438,17.659561157226562
-32.58655548095703,26.376976013183594,17.550460815429688
-32.509056091308594,26.451271057128906,17.443740844726562
-32.41943359375,26.416763305664062,17.309402465820312
-32.487342834472656,26.494155883789062,17.239669799804688
-32.405426025390625,26.620040893554688,17.134719848632812
-32.35596466064453,26.66582489013672,17.11175537109375
-32.331756591796875,26.67943572998047,17.15533447265625
-32.18115234375,26.64879608154297,17.076171875
-32.01185607910156,26.46703338623047,17.011795043945312
-31.89623260498047,26.45343017578125,17.1448974609375
-31.91016387939453,26.501007080078125,17.154922485351562
-31.674461364746094,26.488906860351562,17.271453857421875
-31.030128479003906,26.42931365966797,17.252487182617188
-30.262191772460938,26.295364379882812,17.388320922851562
-29.403724670410156,26.15167236328125,17.593994140625
-28.531906127929688,26.011734008789062,17.587692260742188
-27.84929656982422,25.81958770751953,17.530181884765625
-27.281845092773438,25.440704345703125,17.336669921875
-26.76374053955078,25.1142578125,17.113693237304688
-26.302162170410156,24.59992218017578,16.878097534179688
-25.833595275878906,23.838455200195312,16.47039794921875
-25.31177520751953,23.06140899658203,16.005279541015625
-24.817123413085938,22.289459228515625,15.3245849609375
-24.452651977539062,21.2835693359375,14.681076049804688
-23.919525146484375,20.14989471435547,13.7899169921875
-23.663162231445312,19.032760620117188,12.69866943359375
-23.391952514648438,17.825897216796875,11.4903564453125
-22.973114013671875,16.632034301757812,10.22198486328125
-22.474143981933594,15.411018371582031,8.891128540039062
-22.15880584716797,14.299705505371094,7.3781280517578125
-21.95960235595703,13.1875,5.8380279541015625
-21.791847229003906,12.076805114746094,4.413360595703125
-21.635986328125,11.104515075683594,3.028564453125
-21.60912322998047,10.210105895996094,1.7666778564453125
-21.68810272216797,9.409530639648438,0.2857513427734375
-21.96984100341797,8.713478088378906,-1.1514739990234375
-22.200759887695312,8.039588928222656,-2.5258026123046875
-22.570655822753906,7.3805999755859375,-3.9455108642578125
-22.910301208496094,6.826957702636719,-5.4070281982421875
-23.171119689941406,6.364173889160156,-6.7342071533203125
-23.635643005371094,5.970664978027344,-8.059921264648438
-24.229782104492188,5.594261169433594,-9.462966918945312
-24.680702209472656,5.220649719238281,-10.635894775390625
-24.94384002685547,4.9282684326171875,-11.723236083984375
-25.31256866455078,4.798988342285156,-12.857131958007812
-25.580154418945312,4.670562744140625,-13.98638916015625
-26.077423095703125,4.473991394042969,-15.087966918945312
-26.531768798828125,4.302978515625,-16.177780151367188
-26.715988159179688,4.3265380859375,-17.236618041992188
-26.822669982910156,4.254035949707031,-18.134597778320312
-27.120681762695312,4.262275695800781,-19.137130737304688
-27.299346923828125,4.20135498046875,-19.941329956054688
-27.535194396972656,4.181877136230469,-20.597213745117188
-27.712783813476562,4.197792053222656,-21.258926391601562
-28.130104064941406,4.203041076660156,-21.838516235351562
-28.22503662109375,4.3249969482421875,-22.220016479492188
-28.25428009033203,4.349861145019531,-22.467910766601562
-28.361968994140625,4.3937530517578125,-22.562149047851562
-28.426712036132812,4.473579406738281,-22.518692016601562
-28.645423889160156,4.453437805175781,-22.642074584960938
-28.656036376953125,4.4881744384765625,-22.623001098632812
-29.124832153320312,5.1599273681640625,-22.574142456054688
-30.731239318847656,6.885536193847656,-22.301284790039062
-32.644439697265625,8.960029602050781,-21.583267211914062
-34.65760040283203,10.9744873046875,-21.017349243164062
-36.98236083984375,13.219215393066406,-20.129348754882812
-36.370216369628906,12.511795043945312,-19.394973754882812
-31.382858276367188,5.42535400390625,-18.548080444335938
-24.36066436767578,-7.4173126220703125,-16.827957153320312
-13.720733642578125,-24.256004333496094,-14.70428466796875
-4.2667083740234375,-36.65968322753906,-12.05340576171875
-2.5075225830078125,-39.044254302978516,-8.738265991210938
-3.8225631713867188,-38.736873626708984,-6.147918701171875
-4.358283996582031,-39.938350677490234,-4.708160400390625
-4.43878173828125,-41.55294418334961,-3.63958740234375
-4.877616882324219,-42.53279495239258,-2.784332275390625
-5.265541076660156,-43.26873016357422,-1.9612579345703125
-5.847816467285156,-43.658203125,-1.3924407958984375
-6.3084869384765625,-43.72671890258789,-0.855804443359375
-6.668670654296875,-43.765682220458984,-0.4180908203125
-6.9853515625,-43.83995056152344,0.0980377197265625
-7.0634307861328125,-43.94220733642578,0.561920166015625
-7.062004089355469,-43.9410400390625,0.894561767578125
-7.012054443359375,-44.0195198059082,1.456939697265625
-6.797760009765625,-44.06513977050781,1.9176483154296875
-6.556060791015625,-44.15129470825195,2.5020294189453125
-6.218833923339844,-44.21824645996094,2.891326904296875
-5.854286193847656,-44.37137222290039,3.3358001708984375
-5.52386474609375,-44.32307052612305,3.5991668701171875
-5.341392517089844,-44.207611083984375,3.909454345703125
-5.328605651855469,-44.33893585205078,4.07861328125
-5.053733825683594,-44.49846267700195,4.22479248046875
-4.8768310546875,-44.640995025634766,4.2113037109375
-4.814643859863281,-44.63241958618164,4.27667236328125
-4.5724334716796875,-44.67452621459961,4.1694488525390625
-4.174415588378906,-44.602378845214844,4.047576904296875
-3.8197402954101562,-44.5880241394043,3.9078216552734375
-3.3824386596679688,-44.553470611572266,3.474029541015625
-2.9804000854492188,-44.624305725097656,3.142181396484375
-2.6636581420898438,-44.624568939208984,2.99468994140625
-2.2966690063476562,-44.54764175415039,3.0778961181640625
-1.9023666381835938,-44.44340896606445,3.361083984375
-1.6278457641601562,-44.35805892944336,3.5404052734375
-1.3484420776367188,-44.44203186035156,3.8852996826171875
-1.0074615478515625,-44.4992790222168,4.1390380859375
-0.9599761962890625,-44.578460693359375,4.328155517578125
-0.9537353515625,-44.53544616699219,4.480194091796875
-0.8116455078125,-44.59268569946289,4.8355255126953125
-0.7483444213867188,-44.50395202636719,5.2425994873046875
-0.8111190795898438,-44.469879150390625,5.492919921875
-0.6401443481445312,-44.38119125366211,5.9248809814453125
-0.5132217407226562,-44.26555633544922,6.4708709716796875
-0.22900390625,-44.298622131347656,6.900054931640625
-0.0078125,-44.33182907104492,7.496978759765625
0.188262939453125,-44.18525695800781,8.294570922851562
0.3726806640625,-44.065982818603516,8.909072875976562
0.6078033447265625,-43.84883499145508,9.77532958984375
0.7505645751953125,-43.62687301635742,10.565155029296875
0.7019805908203125,-43.46636199951172,11.456390380859375
0.875946044921875,-43.1449089050293,12.4090576171875
1.074859619140625,-42.885475158691406,13.241455078125
1.1456146240234375,-42.454280853271484,14.1868896484375
1.3374710083007812,-42.23594665527344,14.948760986328125
1.294158935546875,-41.98052978515625,15.716552734375
1.2380828857421875,-41.57711410522461,16.556167602539062
1.2605361938476562,-41.30303192138672,17.563751220703125
1.2106094360351562,-41.06325149536133,18.476043701171875
1.2008895874023438,-40.628395080566406,19.07318115234375
0.9399948120117188,-40.2221794128418,19.76025390625
0.8666305541992188,-40.00608444213867,20.427505493164062
0.8213348388671875,-39.668975830078125,21.13055419921875
0.6571884155273438,-39.37614822387695,21.814422607421875
0.6015548706054688,-39.00865173339844,22.414718627929688
0.65032958984375,-38.606021881103516,23.128067016601562
0.6178207397460938,-38.22435760498047,23.72222900390625
0.4061737060546875,-37.80857849121094,24.314010620117188
0.3380279541015625,-37.2647705078125,25.040267944335938
0.246124267578125,-36.778709411621094,25.755142211914062
0.0829010009765625,-36.227474212646484,26.448455810546875
-0.1448211669921875,-35.77800369262695,27.083938598632812
-0.25991058349609375,-35.33583068847656,27.711013793945312
-0.164703369140625,-34.839725494384766,28.311080932617188
-0.27974700927734375,-34.269805908203125,29.120086669921875
-0.5676422119140625,-33.665130615234375,29.721389770507812
-0.7615890502929688,-32.97615051269531,30.361526489257812
-0.820281982421875,-32.393951416015625,30.877960205078125
-0.8136215209960938,-31.91260528564453,31.42572021484375
-0.89764404296875,-31.290828704833984,32.12077331542969
-0.9586181640625,-30.757034301757812,32.73468017578125
-0.8512039184570312,-30.065750122070312,33.46159362792969
-0.8219528198242188,-29.442462921142578,34.05377197265625
-0.8236312866210938,-28.795345306396484,34.59681701660156
-0.8292236328125,-28.19961166381836,35.05781555175781
-0.6464996337890625,-27.648109436035156,35.40769958496094
-0.6873245239257812,-27.127635955810547,35.72882080078125
-0.5899124145507812,-26.662578582763672,36.113250732421875
-0.5657577514648438,-26.297348022460938,36.26036071777344
-0.5832977294921875,-25.87164306640625,36.56913757324219
-0.3782958984375,-25.555709838867188,36.83183288574219
-0.2913818359375,-25.23065948486328,36.98762512207031
-0.3065643310546875,-24.877853393554688,37.31614685058594
-0.3808441162109375,-24.712387084960938,37.479217529296875
-0.48419952392578125,-24.441009521484375,37.7371826171875
-0.5308837890625,-24.331710815429688,38.01631164550781
-0.46582794189453125,-24.041099548339844,38.24131774902344
-0.6180801391601562,-23.799659729003906,38.30061340332031
-0.85552978515625,-23.52477264404297,38.57145690917969
-1.0884628295898438,-23.414703369140625,38.64851379394531
-0.9735107421875,-23.24683380126953,38.71929931640625
-0.9645233154296875,-23.13249969482422,38.77915954589844
-1.081298828125,-22.925491333007812,38.759918212890625
-1.2698745727539062,-22.84917449951172,38.77217102050781
-1.4335250854492188,-22.67467498779297,38.83502197265625
-1.5117416381835938,-22.577163696289062,38.85075378417969
-1.687530517578125,-22.29314422607422,38.953521728515625
-1.6721420288085938,-22.218116760253906,39.01612854003906
-1.9115753173828125,-22.12030792236328,39.058349609375
-2.1120452880859375,-21.98858642578125,39.08299255371094
-2.2060394287109375,-21.76702880859375,39.0206298828125
-2.3565597534179688,-21.498611450195312,39.25740051269531
-2.378082275390625,-21.188720703125,39.35844421386719
-2.23199462890625,-20.933692932128906,39.58319091796875
-2.357574462890625,-20.58397674560547,39.84373474121094
-2.4068145751953125,-20.543968200683594,39.86427307128906
-2.453155517578125,-20.63249969482422,39.88774108886719
-2.6383209228515625,-20.826705932617188,39.638702392578125
-2.6987075805664062,-21.02533721923828,39.504241943359375
-2.8183975219726562,-21.097816467285156,39.46636962890625
-2.94232177734375,-21.355911254882812,39.50727844238281
-3.0850296020507812,-21.60094451904297,39.34478759765625
-3.3125991821289062,-21.80353546142578,39.308074951171875
-3.3389739990234375,-22.086990356445312,39.23851013183594
-3.49468994140625,-22.187294006347656,39.08473205566406
-3.5582656860351562,-22.477935791015625,38.76890563964844
-3.7012710571289062,-22.660423278808594,38.66950988769531
-3.7979812622070312,-22.713287353515625,38.631866455078125
-4.127571105957031,-22.760108947753906,38.575775146484375
-4.400703430175781,-22.97374725341797,38.509033203125
-4.76641845703125,-23.178268432617188,38.308441162109375
-5.046775817871094,-23.229042053222656,38.16485595703125
-5.350090026855469,-23.16509246826172,38.201995849609375
-5.41595458984375,-23.061424255371094,38.32038879394531
-5.412681579589844,-23.09996795654297,38.49761962890625
-5.268341064453125,-23.039779663085938,38.57484436035156
-4.944541931152344,-23.103530883789062,38.54937744140625
-4.7379913330078125,-23.127899169921875,38.57173156738281
-4.605079650878906,-23.184951782226562,38.46308898925781
-4.483589172363281,-23.270530700683594,38.4857177734375
-4.4439697265625,-23.32776641845703,38.41148376464844
-4.407371520996094,-23.248268127441406,38.55213928222656
-4.379913330078125,-23.17450714111328,38.707427978515625
-4.3133697509765625,-23.203704833984375,38.73516845703125
-4.449653625488281,-23.22028350830078,38.740753173828125
-4.3506317138671875,-23.229034423828125,38.76446533203125
-4.3176727294921875,-23.23992156982422,38.69390869140625
-4.2873992919921875,-23.08868408203125,38.768646240234375
-4.194908142089844,-23.0888671875,38.722930908203125
-4.1409759521484375,-23.21222686767578,38.74198913574219
-4.1078338623046875,-23.186676025390625,38.84062194824219
-3.8274002075195312,-23.200035095214844,38.85882568359375
-3.9150924682617188,-23.213638305664062,39.042724609375
-3.964141845703125,-23.352737426757812,39.0299072265625
-3.9783859252929688,-23.343658447265625,39.07173156738281
-3.775482177734375,-23.46623992919922,39.20008850097656
-3.7949447631835938,-23.41644287109375,39.222503662109375
-3.7837600708007812,-23.515785217285156,39.251708984375
-3.7388534545898438,-23.55182647705078,39.11114501953125
-3.826873779296875,-23.586593627929688,39.12193298339844
-3.7538375854492188,-23.53270721435547,39.10926818847656
-3.8467025756835938,-23.43590545654297,39.05207824707031
-3.7938079833984375,-23.388572692871094,39.01263427734375
-3.781158447265625,-23.300994873046875,39.05250549316406
-3.8040847778320312,-23.309974670410156,39.0596923828125
-3.8265457153320312,-23.371681213378906,39.16246032714844
-3.7693405151367188,-23.425758361816406,39.18037414550781
-3.755767822265625,-23.37702178955078,39.26039123535156
-3.8785629272460938,-23.379066467285156,39.11225891113281
-3.9007797241210938,-23.305458068847656,39.18809509277344
-3.7645111083984375,-23.275863647460938,39.247222900390625
-3.7314376831054688,-23.184112548828125,39.09370422363281
-3.7152252197265625,-23.233001708984375,38.9290771484375
-3.8970947265625,-23.228271484375,38.79237365722656
-3.8698043823242188,-23.2139892578125,38.70149230957031
-3.8393096923828125,-23.31519317626953,38.6998291015625
-3.8815689086914062,-23.44330596923828,38.76972961425781
-3.8793792724609375,-23.41204071044922,38.89729309082031
-3.8645553588867188,-23.403091430664062,38.79252624511719
-3.8996124267578125,-23.3802490234375,38.870697021484375
-3.9039535522460938,-23.238258361816406,38.7784423828125
-3.7799453735351562,-23.2308349609375,38.79710388183594
-3.821533203125,-23.17730712890625,38.71369934082031
-3.8985137939453125,-23.203704833984375,38.71778869628906
-3.9371566772460938,-23.34174346923828,38.59379577636719
-3.8674087524414062,-23.327835083007812,38.59385681152344
-3.7761688232421875,-23.258468627929688,38.5499267578125
-3.8385238647460938,-23.150169372558594,38.67887878417969
-3.8927459716796875,-23.104934692382812,38.87901306152344
-3.7779006958007812,-23.094802856445312,38.99690246582031
-3.7601318359375,-23.097915649414062,39.0687255859375
-3.9041213989257812,-23.051986694335938,38.899017333984375
-3.8892822265625,-23.06342315673828,38.87602233886719
-3.8223342895507812,-23.110069274902344,38.823883056640625
-3.6728439331054688,-23.18260955810547,38.598724365234375
-3.6197662353515625,-23.146575927734375,38.459991455078125
-3.5846481323242188,-23.223243713378906,38.42594909667969
-3.7415618896484375,-23.168869018554688,38.54010009765625
-3.7525100708007812,-23.25708770751953,38.59391784667969
-3.7239303588867188,-23.190994262695312,38.578948974609375
-3.7036514282226562,-23.243309020996094,38.5528564453125
-3.603790283203125,-23.17481231689453,38.56028747558594
-3.555084228515625,-23.302955627441406,38.59947204589844
-3.494903564453125,-23.18256378173828,38.546295166015625
-3.4952316284179688,-23.079605102539062,38.588470458984375
-3.564453125,-23.118865966796875,38.63539123535156
-3.5664520263671875,-23.189773559570312,38.56150817871094
-3.6794967651367188,-23.253952026367188,38.5615234375
-3.6649856567382812,-23.34638214111328,38.68513488769531
-3.6479110717773438,-23.416717529296875,38.772796630859375
-3.634490966796875,-23.529159545898438,38.7281494140625
-3.642425537109375,-23.513885498046875,38.7869873046875
-3.7138900756835938,-23.347793579101562,38.63810729980469
-3.7290573120117188,-23.3470458984375,38.55938720703125
-3.8399887084960938,-23.35205841064453,38.32862854003906
-3.8760299682617188,-23.3597412109375,38.24848937988281
-3.6993942260742188,-23.35747528076172,38.36181640625
-3.5782546997070312,-23.432815551757812,38.46296691894531
-3.5451812744140625,-23.436782836914062,38.433685302734375
-3.5608596801757812,-23.487144470214844,38.567901611328125
-3.6959381103515625,-23.489646911621094,38.784759521484375
-3.7573318481445312,-23.44255828857422,38.907135009765625
-3.7677154541015625,-23.3172607421875,38.84223937988281
-3.716094970703125,-23.280487060546875,38.77626037597656
-3.72998046875,-23.27740478515625,38.76068115234375
-3.5892105102539062,-23.31035614013672,38.6015625
-3.6754379272460938,-23.353256225585938,38.54022216796875
-3.7359161376953125,-23.36292266845703,38.57649230957031
-3.71124267578125,-23.387863159179688,38.55955505371094
-3.7198867797851562,-23.385093688964844,38.65977478027344
-3.63409423828125,-23.352767944335938,38.58958435058594
-3.607330322265625,-23.236221313476562,38.603546142578125
-3.6172866821289062,-23.11376953125,38.76142883300781
-3.77606201171875,-23.208709716796875,38.926300048828125
-3.7901077270507812,-23.291793823242188,38.76649475097656
-3.896240234375,-23.38885498046875,38.60093688964844
-3.8466262817382812,-23.433090209960938,38.721771240234375
-3.8630599975585938,-23.3309326171875,38.71197509765625
-3.9101486206054688,-23.378150939941406,38.859130859375
-3.7701644897460938,-23.28662109375,38.907623291015625
-3.7023391723632812,-23.195892333984375,38.78562927246094
-3.5461502075195312,-23.28850555419922,38.63639831542969
-3.4622039794921875,-23.460289001464844,38.612518310546875
-3.2963485717773438,-23.515220642089844,38.60639953613281
-3.2963485717773438,-23.515220642089844,38.60639953613281
-3.1318511962890625,-23.58234405517578,38.60418701171875
-2.9850234985351562,-23.540756225585938,38.63243103027344
-2.5348663330078125,-23.51946258544922,38.59141540527344
-2.0735855102539062,-23.549415588378906,38.656829833984375
-1.586212158203125,-23.579391479492188,38.714141845703125
-1.1891098022460938,-23.71546173095703,38.783477783203125
-0.5755386352539062,-23.824729919433594,38.79937744140625
-0.03583526611328125,-23.864212036132812,38.79974365234375
0.69366455078125,-23.843910217285156,38.770294189453125
1.3526229858398438,-23.700660705566406,38.67765808105469
2.253753662109375,-23.630722045898438,38.53837585449219
3.0302276611328125,-23.666061401367188,38.415496826171875
3.6592864990234375,-23.63445281982422,38.39341735839844
4.377189636230469,-23.55535888671875,38.58782958984375
5.21405029296875,-23.425704956054688,38.76231384277344
5.951225280761719,-23.28447723388672,38.82872009277344
6.6125640869140625,-23.102401733398438,38.75923156738281
7.049964904785156,-23.088401794433594,38.72096252441406
7.492767333984375,-23.04193115234375,38.65704345703125
7.7965240478515625,-23.07909393310547,38.64744567871094
8.067237854003906,-23.06293487548828,38.69038391113281
8.028358459472656,-23.052337646484375,38.68678283691406
7.957603454589844,-23.01238250732422,38.702789306640625
7.8231658935546875,-22.93486785888672,38.64439392089844
7.9683685302734375,-22.928382873535156,38.68360900878906
7.8832855224609375,-22.805076599121094,38.71437072753906
7.891349792480469,-22.798179626464844,38.64788818359375
7.9168548583984375,-22.73548126220703,38.646270751953125
8.088043212890625,-22.76689910888672,38.660400390625
8.080322265625,-22.784210205078125,38.696014404296875
8.107032775878906,-22.93389892578125,38.68505859375
8.064956665039062,-22.95026397705078,38.5557861328125
7.752166748046875,-22.959564208984375,38.62481689453125
7.527122497558594,-23.08001708984375,38.690155029296875
7.221771240234375,-23.07099151611328,38.66680908203125
6.89532470703125,-23.034637451171875,38.73321533203125
6.5985870361328125,-23.15625762939453,38.7305908203125
6.4080047607421875,-23.174713134765625,38.700042724609375
6.458854675292969,-23.25897979736328,38.749420166015625
6.523307800292969,-23.34539794921875,38.6754150390625
6.600105285644531,-23.268577575683594,38.686126708984375
6.755073547363281,-23.195945739746094,38.54132080078125
6.813209533691406,-23.15013885498047,38.68901062011719
6.788337707519531,-22.944198608398438,38.824493408203125
6.519996643066406,-22.638275146484375,38.9072265625
5.898216247558594,-22.365890502929688,39.20372009277344
4.895622253417969,-22.25574493408203,39.32905578613281
3.5394058227539062,-22.05860137939453,39.512664794921875
1.7899398803710938,-21.87358856201172,39.47233581542969
-0.0618438720703125,-21.794296264648438,39.59483337402344
-1.812896728515625,-21.597915649414062,39.741729736328125
-3.4328536987304688,-21.436378479003906,39.62825012207031
-5.2046356201171875,-21.183631896972656,39.462249755859375
-7.049293518066406,-20.92949676513672,39.354949951171875
-9.379920959472656,-20.827301025390625,38.90289306640625
-11.885124206542969,-20.529891967773438,38.3470458984375
-14.410530090332031,-20.35430145263672,37.34028625488281
-17.193199157714844,-20.061630249023438,36.15998840332031
-20.157203674316406,-19.69902801513672,34.51338195800781
-23.133148193359375,-19.41187286376953,32.51509094238281
-26.029869079589844,-19.376808166503906,30.204452514648438
-28.642967224121094,-19.334388732910156,27.553558349609375
-31.058204650878906,-19.446701049804688,24.420989990234375
-33.154747009277344,-19.55645751953125,21.070220947265625
-34.942161560058594,-19.74652862548828,17.792709350585938
-36.55928039550781,-20.01569366455078,14.459091186523438
-37.53003692626953,-20.469764709472656,11.150131225585938
-38.03895568847656,-21.074378967285156,7.807708740234375
-38.246437072753906,-21.697975158691406,4.649017333984375
-38.08435821533203,-22.470664978027344,1.507476806640625
-37.70429229736328,-23.222984313964844,-1.6905975341796875
-37.00592803955078,-24.114944458007812,-4.6906890869140625
-35.93717956542969,-24.912399291992188,-7.628448486328125
-34.97119140625,-25.440040588378906,-10.483200073242188
-33.735862731933594,-25.812973022460938,-13.419906616210938
-32.2816162109375,-26.333236694335938,-16.261489868164062
-30.721839904785156,-26.45647430419922,-19.073928833007812
-29.072731018066406,-26.47357940673828,-21.816207885742188
-27.17034912109375,-26.557064056396484,-24.443923950195312
-25.19945526123047,-26.446327209472656,-26.837966918945312
-22.93023681640625,-26.294822692871094,-29.235244750976562
-20.468582153320312,-25.83684539794922,-31.453506469726562
-18.062828063964844,-25.463111877441406,-33.47251892089844
-15.428108215332031,-25.176231384277344,-35.07460021972656
-12.789726257324219,-25.074462890625,-36.29859924316406
-10.034194946289062,-25.119300842285156,-37.31764221191406
-7.296058654785156,-25.27855682373047,-37.82978820800781
-4.439903259277344,-25.701705932617188,-38.19389343261719
-1.7037811279296875,-26.505409240722656,-38.18611145019531
0.9478988647460938,-27.46014404296875,-37.66432189941406
3.2006683349609375,-28.45895004272461,-36.77449035644531
4.6701812744140625,-29.241886138916016,-35.94361877441406
5.276008605957031,-29.757537841796875,-35.32868957519531
5.7280426025390625,-30.201923370361328,-34.86540222167969
6.093421936035156,-30.531143188476562,-34.42335510253906
6.57611083984375,-30.770492553710938,-34.04661560058594
7.0701141357421875,-30.899723052978516,-33.81498718261719
7.661346435546875,-30.912094116210938,-33.73731994628906
8.065040588378906,-30.821792602539062,-33.83363342285156
8.484893798828125,-30.803810119628906,-33.86912536621094
8.7574462890625,-30.72081756591797,-33.95817565917969
8.9932861328125,-30.847400665283203,-33.68284606933594
9.126251220703125,-31.038902282714844,-33.35874938964844
9.181892395019531,-31.32360076904297,-33.01622009277344
9.21484375,-31.760730743408203,-32.64128112792969
9.322212219238281,-32.19164276123047,-32.24119567871094
9.474006652832031,-32.80171585083008,-31.759262084960938
9.462417602539062,-33.27996063232422,-31.521652221679688
9.509101867675781,-33.69097900390625,-30.977920532226562
9.515548706054688,-33.99408721923828,-30.374618530273438
9.38043212890625,-34.322669982910156,-29.820449829101562
9.370162963867188,-34.6202278137207,-29.384170532226562
9.384658813476562,-34.82968521118164,-29.087570190429688
9.478317260742188,-35.15359878540039,-28.685958862304688
9.551979064941406,-35.44705581665039,-28.216506958007812
9.573104858398438,-35.875816345214844,-27.735733032226562
9.469009399414062,-36.229496002197266,-27.499801635742188
9.369087219238281,-36.5914306640625,-27.100509643554688
9.387046813964844,-36.86070251464844,-26.467269897460938
9.291282653808594,-37.117210388183594,-26.047927856445312
9.229942321777344,-37.29461669921875,-25.835952758789062
9.21673583984375,-37.397254943847656,-25.609664916992188
9.181716918945312,-37.614646911621094,-25.175674438476562
8.999099731445312,-37.810218811035156,-24.651138305664062
8.90997314453125,-38.05888366699219,-24.459945678710938
9.026382446289062,-38.24984359741211,-24.205184936523438
9.060600280761719,-38.50524139404297,-24.068466186523438
8.955406188964844,-38.6223258972168,-23.744766235351562
8.79144287109375,-38.736473083496094,-23.322341918945312
8.73211669921875,-39.03025436401367,-23.017929077148438
8.841300964355469,-39.062747955322266,-22.632461547851562
8.743888854980469,-39.083457946777344,-22.462814331054688
8.782241821289062,-39.1513786315918,-22.301223754882812
8.956611633300781,-39.073238372802734,-22.279037475585938
9.018585205078125,-39.18069076538086,-22.132614135742188
9.175392150878906,-39.07874298095703,-22.092788696289062
9.395530700683594,-39.08377456665039,-21.985061645507812
9.425041198730469,-39.22904586791992,-21.856857299804688
9.547111511230469,-39.216644287109375,-21.803451538085938
9.597801208496094,-39.17496109008789,-21.813705444335938
9.71002197265625,-39.24150848388672,-21.719131469726562
9.770683288574219,-39.19818115234375,-21.860397338867188
9.759445190429688,-39.28913879394531,-21.778854370117188
9.704147338867188,-39.34832000732422,-21.608718872070312
9.528190612792969,-39.36494445800781,-21.404800415039062
9.4998779296875,-39.3840217590332,-21.283370971679688
9.438232421875,-39.32981491088867,-21.217544555664062
9.407012939453125,-39.32481384277344,-21.219161987304688
9.413253784179688,-39.3448600769043,-21.288528442382812
9.353958129882812,-39.348514556884766,-21.113693237304688
9.279335021972656,-39.424930572509766,-21.152328491210938
9.342399597167969,-39.63457489013672,-21.100967407226562
9.416641235351562,-39.682376861572266,-21.048538208007812
9.396217346191406,-39.76279830932617,-21.037216186523438
9.388374328613281,-39.814395904541016,-21.035232543945312
9.356765747070312,-39.74574661254883,-21.065475463867188
9.240219116210938,-39.74597930908203,-21.080551147460938
9.266006469726562,-39.77484130859375,-20.975173950195312
9.07830810546875,-39.75026321411133,-20.944961547851562
8.893272399902344,-39.84474563598633,-20.887832641601562
8.748992919921875,-39.91257095336914,-20.859878540039062
8.770858764648438,-39.980186462402344,-20.524063110351562
8.637969970703125,-40.108219146728516,-20.459121704101562
8.687637329101562,-40.19498062133789,-20.449813842773438
8.598945617675781,-40.305267333984375,-20.368576049804688
8.528030395507812,-40.27394485473633,-20.290756225585938
8.440299987792969,-40.37337112426758,-20.257675170898438
8.284469604492188,-40.4544792175293,-20.212326049804688
8.365982055664062,-40.4791145324707,-20.162704467773438
8.450675964355469,-40.45743942260742,-20.174087524414062
8.437156677246094,-40.5179443359375,-20.016342163085938
8.459693908691406,-40.54830551147461,-19.824203491210938
8.37481689453125,-40.653785705566406,-19.654708862304688
8.317398071289062,-40.817054748535156,-19.377944946289062
8.308860778808594,-40.828922271728516,-19.345138549804688
8.250457763671875,-40.844947814941406,-19.369644165039062
8.165916442871094,-40.95100784301758,-19.129104614257812
8.0889892578125,-40.964447021484375,-18.872390747070312
7.9452362060546875,-40.86454772949219,-18.838455200195312
7.800384521484375,-40.772674560546875,-18.832626342773438
7.9308013916015625,-40.769100189208984,-18.682449340820312
8.088737487792969,-40.778594970703125,-18.767379760742188
8.056259155273438,-40.85382080078125,-18.842056274414062
8.225700378417969,-41.009456634521484,-18.728683471679688
8.242561340332031,-40.96675109863281,-18.743515014648438
8.278984069824219,-40.97422409057617,-18.662277221679688
8.270034790039062,-40.86566162109375,-18.664443969726562
8.249229431152344,-40.76919174194336,-18.726272583007812
8.177375793457031,-40.7158317565918,-18.815780639648438
8.193534851074219,-40.719234466552734,-18.835006713867188
8.23565673828125,-40.80038070678711,-18.704879760742188
8.135765075683594,-40.98896408081055,-18.540695190429688
8.075386047363281,-41.14588928222656,-18.451431274414062
7.977638244628906,-41.113189697265625,-18.200576782226562
7.814079284667969,-41.1241455078125,-18.203384399414062
7.744178771972656,-41.280555725097656,-18.025100708007812
7.662132263183594,-41.31376266479492,-17.908035278320312
7.774147033691406,-41.325157165527344,-17.733322143554688
7.8016204833984375,-41.29130554199219,-17.655624389648438
7.9767913818359375,-41.291866302490234,-17.540145874023438
8.107437133789062,-41.190914154052734,-17.556015014648438
8.160041809082031,-41.15359878540039,-17.531723022460938
8.244338989257812,-41.25320053100586,-17.573928833007812
8.227989196777344,-41.361297607421875,-17.499191284179688
8.164756774902344,-41.453304290771484,-17.208358764648438
8.263618469238281,-41.61629867553711,-16.660079956054688
8.406570434570312,-41.818668365478516,-16.160797119140625
8.508033752441406,-42.1020622253418,-15.702285766601562
8.696090698242188,-42.24260330200195,-15.12139892578125
8.908180236816406,-42.32535934448242,-14.406951904296875
8.980873107910156,-42.470375061035156,-14.11700439453125
9.091270446777344,-42.48638916015625,-13.901504516601562
9.000823974609375,-42.44469451904297,-13.845367431640625
8.891708374023438,-42.33713912963867,-13.956192016601562
8.722640991210938,-42.38435745239258,-14.068756103515625
8.790420532226562,-42.43862533569336,-14.0914306640625
8.676231384277344,-42.30583953857422,-14.04248046875
8.628273010253906,-42.29084014892578,-14.160064697265625
8.512077331542969,-42.26749038696289,-14.375137329101562
8.5419921875,-42.288352966308594,-14.439697265625
8.4268798828125,-42.35626220703125,-14.404342651367188
8.380691528320312,-42.375762939453125,-14.3099365234375
8.358993530273438,-42.41240310668945,-14.316085815429688
8.110885620117188,-42.53208923339844,-14.256393432617188
7.968170166015625,-42.548885345458984,-14.240005493164062
7.774871826171875,-42.61809158325195,-14.2177734375
7.55859375,-42.617733001708984,-14.079696655273438
7.3272857666015625,-42.63527297973633,-13.977508544921875
7.121482849121094,-42.79435348510742,-13.748016357421875
7.108039855957031,-42.80052947998047,-13.765869140625
6.842742919921875,-42.76826095581055,-13.601852416992188
6.812507629394531,-42.77853012084961,-13.542251586914062
6.757965087890625,-42.793426513671875,-13.53875732421875
6.606910705566406,-42.80803680419922,-13.550216674804688
6.366706848144531,-42.83977127075195,-13.576553344726562
6.194602966308594,-42.85490417480469,-13.443710327148438
6.036140441894531,-42.91429138183594,-13.456497192382812
5.931404113769531,-43.04802703857422,-13.276321411132812
5.945854187011719,-42.981266021728516,-13.1031494140625
5.844581604003906,-42.94552993774414,-13.25677490234375
5.784156799316406,-42.93230438232422,-13.211166381835938
5.6236724853515625,-43.08285903930664,-13.20166015625
5.6652374267578125,-42.955535888671875,-13.090728759765625
5.717742919921875,-42.89535140991211,-13.054733276367188
5.668785095214844,-42.82430648803711,-13.053985595703125
5.828338623046875,-42.80149841308594,-12.992904663085938
5.979560852050781,-42.83864974975586,-12.927780151367188
6.143768310546875,-42.77692794799805,-12.776687622070312
6.21722412109375,-42.87434005737305,-12.729217529296875
6.4395751953125,-42.98283004760742,-12.683074951171875
6.809638977050781,-43.049949645996094,-12.609878540039062
6.9488525390625,-42.927669525146484,-12.596969604492188
7.402336120605469,-42.91722106933594,-12.564468383789062
7.699256896972656,-42.795719146728516,-12.42144775390625
7.896217346191406,-42.74456024169922,-12.339279174804688
8.213844299316406,-42.72674560546875,-12.348388671875
